ds,District,출처,월,전월_transport_cnt,전년동월_transport_cnt,전월_night_pop,전월_동일자치구행정동간이동인구수,전월_일최대인구수,전년_인명갇힘,전년_승강기사고,전월_서울외유입인구수,transport_cnt
2018-05-01,강남구,API,5,1508.0,1543.0,749100.8679115383,133339.75189615384,1049526.350946154,337,580,196616.7521730769,1660.0
2018-06-01,강남구,API,6,1660.0,1643.0,740797.242667742,127280.06521290322,1029229.0106064517,337,580,188246.48781612903,1673.0
2018-07-01,강남구,API,7,1673.0,1691.0,748014.6677400001,120738.49931,1045679.81666,337,580,185564.33091,1822.0
2018-08-01,강남구,API,8,1822.0,1584.0,757553.9002032258,123926.46448387096,1091580.4722935485,337,580,203945.09152580643,1743.0
2018-09-01,강남구,API,9,1743.0,1618.0,747578.2320096774,131861.26711935483,1068190.8632387097,337,580,198686.91048387095,1514.0
2018-10-01,강남구,API,10,1514.0,1459.0,724165.1680866666,123643.17483999999,987529.0913699999,337,580,172816.99793333333,1522.0
2018-11-01,강남구,API,11,1522.0,1514.0,748637.1418774194,123762.1744548387,1044345.8121354838,337,580,191440.0220580645,1510.0
2018-12-01,강남구,API,12,1510.0,1698.0,755748.2471566667,127575.77324333334,1078222.8909166667,337,580,211296.86786333335,1703.0
2019-01-01,강남구,API,1,1703.0,1585.0,753212.951432258,123728.85941935483,1048862.6647290322,268,467,194890.81946129035,1529.0
2019-02-01,강남구,API,2,1529.0,1366.0,762219.7483741936,130025.41873870968,1096711.289387097,268,467,215506.21413548387,1280.0
2019-03-01,강남구,API,3,1280.0,1486.0,719086.5057857143,124730.26075,1000438.1328464287,268,467,186260.18057142856,1523.0
2019-04-01,강남구,API,4,1523.0,1508.0,746952.4053032257,119502.25368387098,1043405.930083871,268,467,183594.40957741934,1509.0
2019-05-01,강남구,API,5,1509.0,1660.0,739791.43554,129735.76121,1041278.2144666667,268,467,197834.57543666667,1616.0
2019-06-01,강남구,API,6,1616.0,1673.0,716141.7300483871,119871.26678064516,1002433.4392806451,268,467,181404.37062258064,1565.0
2019-07-01,강남구,API,7,1565.0,1822.0,723122.7323866667,118600.11975999999,1009333.7211166668,268,467,174764.55008,1746.0
2019-08-01,강남구,API,8,1746.0,1743.0,730081.2749064517,113519.16801935484,1063726.3569741936,268,467,187139.25632903227,1694.0
2019-09-01,강남구,API,9,1694.0,1514.0,752444.4102580645,118816.06457096773,1063273.7544096773,268,467,185121.6136451613,1535.0
2019-10-01,강남구,API,10,1535.0,1522.0,734447.20066,122705.28468666667,1015321.1950533333,268,467,180754.20836,1670.0
2019-11-01,강남구,API,11,1670.0,1510.0,758958.2004903225,125888.1020032258,1097767.364383871,268,467,205303.70356935484,1609.0
2019-12-01,강남구,API,12,1609.0,1703.0,762213.2962933333,125041.82351,1092505.8225966666,268,467,206011.36794333335,1733.0
2020-01-01,강남구,API,1,1733.0,1529.0,766809.766167742,131233.57358387095,1090627.9946612904,226,434,212289.36496129032,1479.0
2020-02-01,강남구,API,2,1479.0,1280.0,749119.1653387097,129168.29720322581,1069665.385696774,226,434,206216.84293225806,1177.0
2020-03-01,강남구,API,3,1177.0,1523.0,764386.2760344828,130723.92268275861,1090369.1973793104,226,434,196533.98196206897,1095.0
2020-04-01,강남구,API,4,1095.0,1509.0,739463.0629419355,119091.78754516129,1009673.0519483871,226,434,164346.17406451612,1046.0
2020-05-01,강남구,API,5,1046.0,1616.0,739381.2871833333,126741.17504999999,1011391.5562233333,226,434,174372.93598333333,1177.0
2020-06-01,강남구,API,6,1177.0,1565.0,731259.7793290323,126689.45614193549,999435.2740387097,226,434,172856.4986,1268.0
2020-07-01,강남구,API,7,1268.0,1746.0,738804.8873033334,129317.17994666667,1043698.30793,226,434,189045.35691,1413.0
2020-08-01,강남구,API,8,1413.0,1694.0,751484.9047161291,127480.57128387096,1064176.5761903226,226,434,194110.07760967742,1222.0
2020-09-01,강남구,API,9,1222.0,1535.0,730105.5440774193,123050.35183548386,997442.1025064515,226,434,169692.82268709678,1087.0
2020-10-01,강남구,API,10,1087.0,1670.0,712952.8465533333,118273.73762,971993.4270633333,226,434,160414.98250333333,1179.0
2020-11-01,강남구,API,11,1179.0,1609.0,717322.0242161291,122725.2836032258,978448.8620322581,226,434,173867.25669032257,1204.0
2020-12-01,강남구,API,12,1204.0,1733.0,727006.0480933334,124032.81205000001,1016774.2248466667,226,434,184706.69526333333,1036.0
2021-01-01,강남구,API,1,1036.0,1479.0,698128.3182258063,111711.0175483871,954043.0284677419,204,286,153549.28471290323,1120.0
2021-02-01,강남구,API,2,1120.0,1177.0,699662.7139322581,116421.1974516129,961286.9687129032,204,286,162412.0390419355,1033.0
2021-03-01,강남구,API,3,1033.0,1095.0,702957.8711,121265.06452142856,978504.745825,204,286,174882.47490714284,1137.0
2021-04-01,강남구,API,4,1137.0,1046.0,725714.2860161291,121969.76813548387,1032963.1713290323,204,286,186676.38538709676,1239.0
2021-05-01,강남구,API,5,1239.0,1177.0,717586.8958299999,129118.86826333334,1024186.0119899999,204,286,191705.25308333334,1372.0
2021-06-01,강남구,API,6,1372.0,1268.0,709152.744248387,127270.0586419355,986772.4979096774,204,286,177328.72832258063,1501.0
2021-07-01,강남구,API,7,1501.0,1413.0,723045.9971866666,130509.17922666666,1034626.78229,204,286,193936.5544833333,1466.0
2021-08-01,강남구,API,8,1466.0,1222.0,705786.7976935484,122438.63934193549,992065.362732258,204,286,175572.08481612903,1460.0
2021-09-01,강남구,API,9,1460.0,1087.0,697430.610232258,120976.24479354838,972441.2022419354,204,286,169240.07380967744,1378.0
2021-10-01,강남구,API,10,1378.0,1179.0,690147.4978733334,120565.80539000001,950213.2525833334,204,286,165807.27398,1435.0
2021-11-01,강남구,API,11,1435.0,1204.0,702841.9527387096,121998.84099354838,971916.7017806451,204,286,172478.7939483871,1464.0
2021-12-01,강남구,API,12,1464.0,1036.0,726352.8905966667,125775.08303000001,1031735.3587133333,204,286,197911.53397666666,1369.0
2022-01-01,강남구,API,1,1369.0,1120.0,718100.5415870968,121575.33556129033,1015244.6499612903,258,313,185062.4948483871,1407.0
2022-02-01,강남구,API,2,1407.0,1033.0,707723.7081741936,123419.88531612903,1002179.9677290323,258,313,185615.73733870967,1295.0
2022-03-01,강남구,API,3,1295.0,1137.0,710148.5167357143,123061.0906892857,988258.6703892857,258,313,174106.40056428572,1496.0
2022-04-01,강남구,API,4,1496.0,1239.0,719002.6635806451,119884.1701548387,987287.2824741936,258,313,167156.20987096775,1435.0
2022-05-01,강남구,API,5,1435.0,1372.0,728385.2440233334,128262.81765333333,1019076.8313133332,258,313,189941.30310000002,1621.0
2022-06-01,강남구,API,6,1621.0,1501.0,745173.2774967742,128173.2027,1044975.7095032259,258,313,196813.83953870967,1496.0
2022-07-01,강남구,API,7,1496.0,1466.0,758607.1047666667,129486.94110333333,1071583.4589633334,258,313,200089.73482333336,1653.0
2022-08-01,강남구,API,8,1653.0,1460.0,746296.5920032258,123416.27464838709,1067991.5868935485,258,313,201013.62536774194,1650.0
2022-09-01,강남구,API,9,1650.0,1378.0,732833.1495290323,124969.88063870968,1043558.5597645161,258,313,193525.96808387095,1426.0
2022-10-01,강남구,API,10,1426.0,1435.0,723546.7029533333,122458.93773666667,1013748.1769433334,258,313,186846.91548333332,1465.0
2022-11-01,강남구,API,11,1465.0,1464.0,730642.5200193549,121134.64289999999,1015103.3668967743,258,313,185910.52379354837,1497.0
2022-12-01,강남구,API,12,1497.0,1369.0,739246.3759,124471.67424666668,1055825.2534966667,258,313,201547.55641666666,1556.0
2023-01-01,강남구,API,1,1556.0,1407.0,741246.4441096775,120599.74658709677,1045292.9870967743,253,447,195161.86634193547,1453.0
2023-02-01,강남구,API,2,1453.0,1295.0,721572.9413612903,116497.90484516129,1026867.8949967742,253,447,192264.9148483871,1190.0
2023-03-01,강남구,API,3,1190.0,1496.0,743767.6611607142,116806.14255,1087246.5903892857,253,447,212155.56558928572,1405.0
2023-04-01,강남구,API,4,1405.0,1435.0,743643.4621129032,115645.38028709678,1065322.897732258,253,447,197158.94686451615,1486.0
2023-05-01,강남구,API,5,1486.0,1621.0,739600.7050166667,122919.05153333333,1041164.1729966666,253,447,197171.03035333334,1644.0
2023-06-01,강남구,API,6,1644.0,1496.0,740224.2776935484,123625.12231290323,1033304.1388419354,253,447,190525.25807096774,1564.0
2023-07-01,강남구,API,7,1564.0,1653.0,747923.7504733333,125454.52476,1063977.73664,253,447,198919.16215333334,1745.0
2023-08-01,강남구,API,8,1745.0,1650.0,752782.3146741936,122546.46283548386,1080769.1311935484,253,447,201154.81307419355,1627.0
2023-09-01,강남구,API,9,1627.0,1426.0,743009.3879,121552.46433225805,1067458.373867742,253,447,197137.29483870967,1621.0
2023-10-01,강남구,API,10,1621.0,1465.0,736235.2405166667,118071.76890666666,1027248.5173733333,253,447,187800.42227666668,1519.0
2023-11-01,강남구,API,11,1519.0,1497.0,729243.7331419355,115978.07743870968,1012384.1297387098,253,447,182996.352,1457.0
2023-12-01,강남구,API,12,1457.0,1556.0,744948.01408,119323.74800333333,1068814.17741,253,447,207885.52580666667,1651.0
2024-01-01,강남구,API,1,1651.0,1453.0,745256.017348387,113064.3611032258,1040914.5703967742,136,428,196582.82256774194,1481.0
2024-02-01,강남구,API,2,1481.0,1190.0,739685.0917064516,110832.48557096774,1048439.5047516129,136,428,197878.1538967742,1261.0
2024-03-01,강남구,API,3,1261.0,1405.0,738488.449324138,116402.15165172414,1043477.4938172414,136,428,192461.32671724138,1233.0
2024-04-01,강남구,API,4,1233.0,1486.0,757290.0846677419,116585.03578064515,1055279.8216225808,136,428,189181.8078032258,1231.0
2024-05-01,강남구,API,5,1231.0,1644.0,757479.1679966667,126235.11939333333,1055569.91466,136,428,192392.70035,1286.0
2024-06-01,강남구,API,6,1286.0,1564.0,753653.3151258065,127228.36383548388,1039755.7071806452,136,428,184613.41278064516,1284.0
2024-07-01,강남구,API,7,1284.0,1745.0,758511.30679,130310.78457,1047744.3238866667,136,428,189872.8652,1322.0
2024-08-01,강남구,API,8,1322.0,1627.0,769411.7265709677,129237.33485483871,1103530.7912290322,136,428,205367.02419999999,1296.0
2024-09-01,강남구,API,9,1296.0,1621.0,762640.2940129032,131856.4752064516,1074232.0199129032,136,428,199897.2227451613,1114.0
2024-10-01,강남구,API,10,1114.0,1519.0,737327.4751466666,127742.14907666667,1004898.1934999999,136,428,180037.7567,1122.0
2024-11-01,강남구,API,11,1122.0,1457.0,754876.6266548387,128810.46356451613,1036546.9901935484,136,428,187478.5734967742,1226.0
2024-12-01,강남구,API,12,1226.0,1651.0,762295.1749666667,135297.03966666668,1064543.31603,136,428,204912.69311666666,1195.0
2025-01-01,강남구,API,1,1195.0,1481.0,758301.7434483871,131011.82913548387,1047466.404583871,103,356,196169.2745419355,1113.0
2025-02-01,강남구,API,2,1113.0,1261.0,736959.4535838709,129378.46511290323,1006843.6883806451,103,356,179710.2518096774,1004.0
2025-03-01,강남구,API,3,1004.0,1233.0,762824.5417214286,137099.81001071428,1090412.7180428572,103,356,202263.48106785715,1130.0
2025-04-01,강남구,API,4,1130.0,1231.0,760792.8804193548,130976.81893870968,1050411.3133451613,103,356,185517.74115161292,1126.0
2025-05-01,강남구,API,5,1126.0,1286.0,760958.2992666666,139608.31402999998,1066138.6549933334,103,356,199393.97691666667,1241.0
2025-06-01,강남구,API,6,1241.0,1284.0,745590.2590064516,130699.21274838709,1014950.6269387096,103,356,180063.4691419355,1211.0
2025-07-01,강남구,API,7,1211.0,1322.0,756650.6351,135018.52876000002,1039561.76197,103,356,184905.43604333332,1463.0
2025-08-01,강남구,API,8,1463.0,1296.0,771754.5403741936,135340.71262903226,1101056.3884741936,103,356,203817.29823870969,1256.0
2025-09-01,강남구,API,9,1256.0,1114.0,756026.2432032258,137020.5856516129,1052226.8417193547,103,356,190287.25474193547,1313.0
2025-10-01,강남구,API,10,1313.0,1122.0,765186.9714566667,138511.88111666666,1075920.0090233334,103,356,200902.91993,1275.0
2025-11-01,강남구,API,11,1275.0,1226.0,728796.2804225807,128423.24607096774,978545.1937419355,103,356,172376.4232064516,1289.0
2025-12-01,강남구,API,12,1289.0,1195.0,760568.2811866667,133243.79265333334,1049359.9271966666,103,356,191859.89701,1441.0
2018-05-01,강동구,API,5,1078.0,1184.0,516677.23038076924,141170.77120000002,531122.1581269231,301,356,47716.155900000005,1180.0
2018-06-01,강동구,API,6,1180.0,1207.0,515130.1141903226,135787.5798451613,533721.1500612904,301,356,46776.56646774193,1207.0
2018-07-01,강동구,API,7,1207.0,1283.0,519203.5822666667,125367.22561000001,532766.3286366666,301,356,46870.32570666667,1205.0
2018-08-01,강동구,API,8,1205.0,1223.0,518959.1901225806,126299.23554193549,532391.3773516129,301,356,48450.810525806446,1321.0
2018-09-01,강동구,API,9,1321.0,1194.0,513850.42957419355,135165.4015935484,527634.0857709678,301,356,47115.632970967745,1183.0
2018-10-01,강동구,API,10,1183.0,1233.0,512470.1658633333,127935.11432333334,527286.7380166666,301,356,47418.6202,1126.0
2018-11-01,강동구,API,11,1126.0,1099.0,516567.1680741936,130231.95467419355,530771.5002032259,301,356,46960.61440967742,1064.0
2018-12-01,강동구,API,12,1064.0,1269.0,517469.77169333334,141366.17742666666,530968.7894233334,301,356,50000.772280000005,1214.0
2019-01-01,강동구,API,1,1214.0,1257.0,522537.71079032257,137608.1029,534067.5185225806,171,359,49923.53536774193,1112.0
2019-02-01,강동구,API,2,1112.0,953.0,523840.1644419355,144927.5682451613,535541.2977064516,171,359,50667.62789677419,976.0
2019-03-01,강동구,API,3,976.0,1094.0,509000.172925,138592.8500392857,522661.3372678571,171,359,49434.80323214286,1074.0
2019-04-01,강동구,API,4,1074.0,1078.0,515609.71497741935,134553.71401935484,527349.9562645161,171,359,46464.958387096776,1104.0
2019-05-01,강동구,API,5,1104.0,1180.0,507120.96054,145298.09651,519710.32318666665,171,359,49309.17608,1163.0
2019-06-01,강동구,API,6,1163.0,1207.0,488976.51426774194,135046.62952903225,502095.3258032258,171,359,46350.22613225807,1135.0
2019-07-01,강동구,API,7,1135.0,1205.0,491301.01611666667,130569.50015333334,503779.22568000003,171,359,45457.39842333333,1226.0
2019-08-01,강동구,API,8,1226.0,1321.0,486989.1860967742,121864.09708387096,499052.1440612903,171,359,44776.82825806452,1312.0
2019-09-01,강동구,API,9,1312.0,1183.0,505734.19542580645,127285.82209032259,518152.57258387096,171,359,48170.96613870967,1146.0
2019-10-01,강동구,API,10,1146.0,1126.0,506586.45523,129805.48434333333,519884.6959033333,171,359,50131.97665,1176.0
2019-11-01,강동구,API,11,1176.0,1064.0,516130.0658274194,136238.7404967742,529011.00865,171,359,51526.80145967742,1153.0
2019-12-01,강동구,API,12,1153.0,1214.0,518854.08259,136446.02237,530690.0041799999,171,359,50609.14584,1197.0
2020-01-01,강동구,API,1,1197.0,1112.0,524454.5943225806,146787.43200967743,536433.4262,140,255,52694.22424516129,1118.0
2020-02-01,강동구,API,2,1118.0,976.0,528258.7815064517,147771.55353548386,541171.0480096774,140,255,53430.62071935484,906.0
2020-03-01,강동구,API,3,906.0,1074.0,541828.4049034483,150371.82022068964,551821.1634344828,140,255,47273.58925172414,844.0
2020-04-01,강동구,API,4,844.0,1104.0,545831.4543129032,150005.95354193548,555739.9814096774,140,255,42845.596687096775,875.0
2020-05-01,강동구,API,5,875.0,1163.0,544130.8920633333,154943.65007333332,555905.47507,140,255,45361.349213333335,973.0
2020-06-01,강동구,API,6,973.0,1135.0,539293.157132258,137762.69427419355,551815.9739032259,140,255,45490.399777419356,971.0
2020-07-01,강동구,API,7,971.0,1226.0,535490.2145866667,136760.70599,549059.2473666667,140,255,45418.18755333334,1121.0
2020-08-01,강동구,API,8,1121.0,1312.0,535385.8141354838,133048.9701967742,548749.3856258064,140,255,45466.9496483871,982.0
2020-09-01,강동구,API,9,982.0,1146.0,530112.1606741935,131246.4394580645,542333.7308516129,140,255,41912.79027419355,939.0
2020-10-01,강동구,API,10,939.0,1176.0,535149.0683366667,127996.61175333333,547531.54102,140,255,41912.54758333333,1010.0
2020-11-01,강동구,API,11,1010.0,1153.0,528321.397148387,128353.5782516129,542331.9961967742,140,255,45060.98192258064,956.0
2020-12-01,강동구,API,12,956.0,1197.0,528275.8017566666,127655.72315,541082.09887,140,255,44572.7478,883.0
2021-01-01,강동구,API,1,883.0,1118.0,532535.1298516128,122109.81537741935,541826.9245129032,76,153,40583.576112903225,863.0
2021-02-01,강동구,API,2,863.0,906.0,536073.6717935484,125204.23690322581,544777.1859096774,76,153,42586.47098709677,781.0
2021-03-01,강동구,API,3,781.0,844.0,532984.071075,126005.24971428572,543580.0367464286,76,153,45368.396875,962.0
2021-04-01,강동구,API,4,962.0,875.0,538220.0669935484,124486.35625806451,550581.8295999999,76,153,45986.77991935484,920.0
2021-05-01,강동구,API,5,920.0,973.0,532224.25204,130505.66812,544916.8514766666,76,153,47437.43739666666,1037.0
2021-06-01,강동구,API,6,1037.0,971.0,532358.8246193549,129272.25892580645,545772.4406580644,76,153,45907.476022580646,1079.0
2021-07-01,강동구,API,7,1079.0,1121.0,534785.7639,136030.29573333333,548442.98688,76,153,46716.76729333333,1110.0
2021-08-01,강동구,API,8,1110.0,982.0,533390.866716129,130782.94925806452,545747.4707129032,76,153,44721.20643870968,1108.0
2021-09-01,강동구,API,9,1108.0,939.0,532276.1324032258,127271.2836064516,544082.2231354838,76,153,43747.374567741936,1064.0
2021-10-01,강동구,API,10,1064.0,1010.0,532479.7053066667,149099.43337333333,545433.10751,76,153,45886.26789,1014.0
2021-11-01,강동구,API,11,1014.0,956.0,533686.0262290323,147757.03149999998,546637.3261516129,76,153,44982.646167741936,1082.0
2021-12-01,강동구,API,12,1082.0,883.0,534699.30881,149970.41990666665,547739.5702866666,76,153,48793.45239666667,995.0
2022-01-01,강동구,API,1,995.0,863.0,536513.4878870968,142701.36315806452,547959.6288967741,73,127,46217.97746451613,1021.0
2022-02-01,강동구,API,2,1021.0,781.0,536379.7002612903,142316.16433548386,547329.4695612903,73,127,46649.39028709678,1088.0
2022-03-01,강동구,API,3,1088.0,962.0,538111.8183321429,142974.73864642857,548985.6430928571,73,127,44629.97801785714,1208.0
2022-04-01,강동구,API,4,1208.0,920.0,536694.6912354839,142394.68208709676,547330.6913548387,73,127,42122.053432258064,1188.0
2022-05-01,강동구,API,5,1188.0,1037.0,529413.4885399999,145243.02150333335,543125.6048966667,73,127,46438.00354666667,1167.0
2022-06-01,강동구,API,6,1167.0,1079.0,533519.9301225806,145155.66421935486,549072.6879774194,73,127,48340.79269032258,1215.0
2022-07-01,강동구,API,7,1215.0,1110.0,542869.4711533333,150550.59440666667,557772.7892966666,73,127,48269.21577,1362.0
2022-08-01,강동구,API,8,1362.0,1108.0,530678.8691483871,144533.79797096772,545242.154383871,73,127,47362.75228064516,1388.0
2022-09-01,강동구,API,9,1388.0,1064.0,525198.9230774193,145197.42916451613,538836.3361096774,73,127,45072.48369354839,1215.0
2022-10-01,강동구,API,10,1215.0,1014.0,524907.3868,143435.01544000002,540395.60253,73,127,46938.17253333333,1279.0
2022-11-01,강동구,API,11,1279.0,1082.0,526497.0094806452,142876.82997419353,540901.5572516129,73,127,45254.45745161291,1276.0
2022-12-01,강동구,API,12,1276.0,995.0,529125.0680633333,144294.82189666666,542773.3851533333,73,127,47672.94883666666,1284.0
2023-01-01,강동구,API,1,1284.0,1021.0,533322.4754548387,141090.0461,546062.4277870967,142,215,48172.99997741936,1219.0
2023-02-01,강동구,API,2,1219.0,1088.0,532625.9951774194,136855.99582258065,545808.6857193549,142,215,48171.827087096775,1087.0
2023-03-01,강동구,API,3,1087.0,1208.0,536743.1357142858,134507.37147142857,549538.8461357143,142,215,48468.58978928572,1211.0
2023-04-01,강동구,API,4,1211.0,1188.0,533060.3698741936,128804.0073483871,546537.4567709677,142,215,46246.27890645161,1252.0
2023-05-01,강동구,API,5,1252.0,1167.0,531428.74107,134466.70042333333,545203.0539233333,142,215,48773.60148333334,1365.0
2023-06-01,강동구,API,6,1365.0,1215.0,525652.0736451612,133578.16015483873,540305.8545774193,142,215,47617.255916129034,1210.0
2023-07-01,강동구,API,7,1210.0,1362.0,527973.78947,134876.48865333333,542217.1377933334,142,215,48810.92662666667,1350.0
2023-08-01,강동구,API,8,1350.0,1388.0,530687.9090193548,130565.34828387098,544328.3489870967,142,215,48616.40678709677,1382.0
2023-09-01,강동구,API,9,1382.0,1215.0,526286.4412935483,128121.71917419355,539423.2792290323,142,215,46520.73916129032,1318.0
2023-10-01,강동구,API,10,1318.0,1279.0,526286.87059,126549.72368333333,540944.5155733334,142,215,48219.33259333333,1282.0
2023-11-01,강동구,API,11,1282.0,1276.0,524239.4362967742,125348.47961612903,537570.3443645161,142,215,46823.100987096775,1209.0
2023-12-01,강동구,API,12,1209.0,1284.0,531732.9592233333,127871.13278333333,546796.4101566667,142,215,52326.368050000005,1465.0
2024-01-01,강동구,API,1,1465.0,1219.0,540654.6452451613,124031.51798709677,557970.8008,59,256,53852.18115483871,1248.0
2024-02-01,강동구,API,2,1248.0,1087.0,544715.1645677419,124036.65090967742,564077.748516129,59,256,51789.005616129034,1074.0
2024-03-01,강동구,API,3,1074.0,1211.0,535631.7217689655,124379.92071724139,552261.9464068966,59,256,50829.371917241384,1085.0
2024-04-01,강동구,API,4,1085.0,1252.0,537497.3127419355,124770.69722580645,554891.7995129032,59,256,49040.446212903225,1094.0
2024-05-01,강동구,API,5,1094.0,1365.0,531627.9420766666,133392.15359333332,547127.5761666667,59,256,49342.88177666666,1140.0
2024-06-01,강동구,API,6,1140.0,1210.0,526231.433932258,134070.27121935485,540767.6588677419,59,256,47943.54422903226,1117.0
2024-07-01,강동구,API,7,1117.0,1350.0,529955.3949933334,138333.58115333333,544749.2407366667,59,256,50081.98174666667,1164.0
2024-08-01,강동구,API,8,1164.0,1382.0,532478.0021064517,134383.7121451613,546876.5601967742,59,256,50858.23753225806,1187.0
2024-09-01,강동구,API,9,1187.0,1318.0,533282.8399935483,134893.85567419353,549224.3003387096,59,256,52527.23914193548,1028.0
2024-10-01,강동구,API,10,1028.0,1282.0,526181.3245466667,134649.59753666667,541725.6422633333,59,256,51294.04819666666,1028.0
2024-11-01,강동구,API,11,1028.0,1209.0,531347.6150612903,134491.6067032258,544833.3979483871,59,256,50731.593,983.0
2024-12-01,강동구,API,12,983.0,1465.0,536049.17934,138414.04604666666,551356.3970199999,59,256,54352.31658333333,1104.0
2025-01-01,강동구,API,1,1104.0,1248.0,543954.0424032258,137547.67387096773,559089.6626290323,59,219,56037.457345161296,1074.0
2025-02-01,강동구,API,2,1074.0,1074.0,548166.1819516129,137274.29100645162,561916.8176548387,59,219,51667.08510967742,936.0
2025-03-01,강동구,API,3,936.0,1085.0,559677.3661607143,142571.2179892857,572979.1789714285,59,219,49578.64662857143,1087.0
2025-04-01,강동구,API,4,1087.0,1094.0,560089.3295387097,142171.05286451612,574697.0368032259,59,219,47590.66800645161,1036.0
2025-05-01,강동구,API,5,1036.0,1140.0,557873.9223233333,155343.78431333334,573414.2356533334,59,219,50163.51057333333,1100.0
2025-06-01,강동구,API,6,1100.0,1117.0,552831.5057,149035.26513225806,568994.368380645,59,219,48672.253793548385,1105.0
2025-07-01,강동구,API,7,1105.0,1164.0,558978.32958,153896.98940333334,574545.2377066667,59,219,48791.420013333336,1120.0
2025-08-01,강동구,API,8,1120.0,1187.0,559162.6188225807,152686.39301935484,574970.5384064516,59,219,49470.609422580645,1114.0
2025-09-01,강동구,API,9,1114.0,1028.0,555390.6405032257,154359.68773870968,570703.790367742,59,219,47861.06051612903,1101.0
2025-10-01,강동구,API,10,1101.0,1028.0,558089.6551866666,156049.33723333332,573905.7503533333,59,219,49455.61253666667,1148.0
2025-11-01,강동구,API,11,1148.0,983.0,548725.821216129,149925.44763225806,565424.6402258064,59,219,48523.25342903226,1123.0
2025-12-01,강동구,API,12,1123.0,1104.0,558191.2307833333,153430.73185666665,573808.8916033334,59,219,48387.2426,1139.0
2018-05-01,강북구,API,5,1053.0,1094.0,333709.2703153846,78999.04281153846,347949.80427307694,148,199,13531.270126923077,1247.0
2018-06-01,강북구,API,6,1247.0,1101.0,331119.09349999996,77705.03648387096,346676.74799999996,148,199,14040.25926451613,1158.0
2018-07-01,강북구,API,7,1158.0,1202.0,334504.91395333334,77663.34008333334,347982.1096,148,199,13131.786273333333,1234.0
2018-08-01,강북구,API,8,1234.0,1161.0,333395.3260903226,78534.22675806453,346829.4455580645,148,199,13352.18846451613,1298.0
2018-09-01,강북구,API,9,1298.0,1187.0,328835.76204838714,77159.73564193548,343171.1137516129,148,199,12973.448009677419,1105.0
2018-10-01,강북구,API,10,1105.0,1129.0,331807.1536733333,74933.97726,345400.6706566667,148,199,15300.218383333333,1099.0
2018-11-01,강북구,API,11,1099.0,1120.0,330258.68176129035,75472.65852903227,345231.2273580645,148,199,12849.0045,1057.0
2018-12-01,강북구,API,12,1057.0,1255.0,330721.16789333336,75822.72087333332,345944.8598033333,148,199,13703.510046666666,1165.0
2019-01-01,강북구,API,1,1165.0,1258.0,327583.2359483871,73280.8683483871,339197.0551548387,113,180,13597.244670967742,1027.0
2019-02-01,강북구,API,2,1027.0,997.0,327177.15575161285,77447.14693548388,338682.7514193548,113,180,13342.070322580645,1055.0
2019-03-01,강북구,API,3,1055.0,1038.0,325146.6706285714,75521.01251071428,336394.1308607143,113,180,15697.450364285714,1046.0
2019-04-01,강북구,API,4,1046.0,1053.0,327598.6996290323,70887.59199032259,339678.5870419355,113,180,13178.993148387097,1038.0
2019-05-01,강북구,API,5,1038.0,1247.0,321758.2565,77007.78369333333,335126.6078066667,113,180,13026.32533,1147.0
2019-06-01,강북구,API,6,1147.0,1158.0,312449.6941645161,69295.30278064516,325008.1262580645,113,180,12944.205593548386,1109.0
2019-07-01,강북구,API,7,1109.0,1234.0,310755.79995,113368.12492666667,322952.8475133333,113,180,12179.146326666667,1144.0
2019-08-01,강북구,API,8,1144.0,1298.0,305637.20227096777,104651.80813870968,317734.4852516129,113,180,11520.792919354839,1131.0
2019-09-01,강북구,API,9,1131.0,1105.0,319368.2634064516,108409.82113225806,332329.6292096774,113,180,12129.532967741936,1080.0
2019-10-01,강북구,API,10,1080.0,1099.0,325539.80609,118595.90322666666,338271.3047366667,113,180,14972.203539999999,1122.0
2019-11-01,강북구,API,11,1122.0,1057.0,326376.31925,121194.95045645161,340813.6589354839,113,180,12616.747251612902,1079.0
2019-12-01,강북구,API,12,1079.0,1165.0,327890.32177333336,119959.95787333333,341367.88987333333,113,180,13330.86467,1122.0
2020-01-01,강북구,API,1,1122.0,1027.0,331318.9583225807,127318.29669999999,343918.6137806452,108,100,14507.02535483871,1058.0
2020-02-01,강북구,API,2,1058.0,1055.0,331645.01567096775,127799.55802903225,343410.6147032258,108,100,15706.944532258065,865.0
2020-03-01,강북구,API,3,865.0,1046.0,333675.9010827586,128144.88461034483,344438.3115655172,108,100,12430.108703448277,756.0
2020-04-01,강북구,API,4,756.0,1038.0,332485.3653612903,125291.88897419354,342079.07828387094,108,100,11401.231022580645,812.0
2020-05-01,강북구,API,5,812.0,1147.0,329219.32578333333,126870.07433666666,339203.97915333335,108,100,12133.731913333333,838.0
2020-06-01,강북구,API,6,838.0,1109.0,325349.5009870968,124023.0796483871,335705.5141129032,108,100,13159.565077419355,843.0
2020-07-01,강북구,API,7,843.0,1144.0,321189.80521333334,122946.95383666667,332491.89965333336,108,100,12195.302090000001,894.0
2020-08-01,강북구,API,8,894.0,1131.0,319723.2911387097,120738.76845161291,331058.58955806453,108,100,12268.075141935484,894.0
2020-09-01,강북구,API,9,894.0,1080.0,318637.49911290326,121672.40008709677,328351.43224193546,108,100,11664.751735483871,859.0
2020-10-01,강북구,API,10,859.0,1122.0,321122.87559,122034.99701666666,331008.28546999994,108,100,12093.221469999999,985.0
2020-11-01,강북구,API,11,985.0,1079.0,319116.7513903226,121493.92683870967,329642.91262258065,108,100,13752.008570967742,911.0
2020-12-01,강북구,API,12,911.0,1122.0,317580.79488999996,122064.21682,328266.3452766667,108,100,12515.108546666666,842.0
2021-01-01,강북구,API,1,842.0,1058.0,319567.99555161287,121370.88366129031,328152.7197774194,92,63,11406.320703225805,915.0
2021-02-01,강북구,API,2,915.0,865.0,320378.3415322581,124136.0104516129,328707.8737806452,92,63,12070.678741935482,828.0
2021-03-01,강북구,API,3,828.0,756.0,318450.75778928574,122579.30911785715,327735.01254285715,92,63,13619.991899999999,872.0
2021-04-01,강북구,API,4,872.0,812.0,317192.3214451613,119340.11787419354,327925.15525806457,92,63,13255.57532903226,927.0
2021-05-01,강북구,API,5,927.0,838.0,313408.05449666665,122096.47184666667,324373.32971333334,92,63,12746.120906666667,996.0
2021-06-01,강북구,API,6,996.0,843.0,312719.27233548387,120002.62481612903,323297.96913870965,92,63,13038.10907419355,1157.0
2021-07-01,강북구,API,7,1157.0,894.0,313231.0559166667,121064.05814666668,324328.85921,92,63,12685.065786666668,1043.0
2021-08-01,강북구,API,8,1043.0,894.0,313436.9877709677,119820.6275548387,323514.84067096777,92,63,12260.389987096774,1071.0
2021-09-01,강북구,API,9,1071.0,859.0,312190.2595354839,120930.44892580646,321571.9918870968,92,63,12560.49287096774,1049.0
2021-10-01,강북구,API,10,1049.0,985.0,312512.7060266667,119689.43434666666,321869.87511666666,92,63,14318.333953333333,1098.0
2021-11-01,강북구,API,11,1098.0,911.0,310540.85647096776,119135.42812258065,319983.7285322581,92,63,12771.186854838708,970.0
2021-12-01,강북구,API,12,970.0,842.0,309388.26075333334,119723.80161,319579.18540666666,92,63,13442.753803333333,946.0
2022-01-01,강북구,API,1,946.0,915.0,309329.53102903225,118504.35401290323,318452.34700967744,129,82,12712.754616129032,1022.0
2022-02-01,강북구,API,2,1022.0,828.0,309907.5626,120585.02117419355,318706.48252258066,129,82,13908.610316129034,905.0
2022-03-01,강북구,API,3,905.0,872.0,312056.6172642857,121695.21899642856,320106.97906071425,129,82,13457.795846428573,1026.0
2022-04-01,강북구,API,4,1026.0,927.0,313034.42817741935,116632.97710322581,320950.5719516129,129,82,12842.280154838709,1024.0
2022-05-01,강북구,API,5,1024.0,996.0,304704.9507033333,117886.62883,313645.09057666664,129,82,13062.211733333334,1119.0
2022-06-01,강북구,API,6,1119.0,1157.0,308012.8948225806,116459.83635806451,317778.08630322583,129,82,14253.075206451615,1068.0
2022-07-01,강북구,API,7,1068.0,1043.0,310850.7422633333,117651.44732,321104.8756166667,129,82,13649.084253333334,1232.0
2022-08-01,강북구,API,8,1232.0,1071.0,303482.9956645161,113457.30400645161,313048.4278903226,129,82,13456.955748387096,1238.0
2022-09-01,강북구,API,9,1238.0,1049.0,300325.6506032258,113216.13571935483,309858.09210645163,129,82,13063.794387096774,1173.0
2022-10-01,강북구,API,10,1173.0,1098.0,302279.77707,110717.67294666666,312242.8506066667,129,82,14920.974446666667,1233.0
2022-11-01,강북구,API,11,1233.0,970.0,301713.19867741934,108907.17706129033,311718.47291290323,129,82,13126.986425806452,1182.0
2022-12-01,강북구,API,12,1182.0,946.0,301690.52168666665,110644.57331333334,311418.09547999996,129,82,13371.108806666665,1200.0
2023-01-01,강북구,API,1,1200.0,1022.0,303710.6074129032,110046.64858064517,312555.80062580644,101,212,13535.916648387096,1174.0
2023-02-01,강북구,API,2,1174.0,905.0,304101.1924064516,111042.79804516128,312752.0514967742,101,212,14883.135793548387,1013.0
2023-03-01,강북구,API,3,1013.0,1026.0,302276.9272428571,110700.31624642857,311874.74117500003,101,212,13990.844389285714,1173.0
2023-04-01,강북구,API,4,1173.0,1024.0,301565.40452903224,106811.07601290323,311387.16557741934,101,212,14221.662638709679,1142.0
2023-05-01,강북구,API,5,1142.0,1119.0,299791.06458666665,110965.14853333334,309751.51732,101,212,14124.797226666667,1229.0
2023-06-01,강북구,API,6,1229.0,1068.0,297316.8745129032,108567.32260322581,307452.4526677419,101,212,14058.199712903226,1122.0
2023-07-01,강북구,API,7,1122.0,1232.0,296305.81312666665,109490.72741333333,306198.7952666667,101,212,13440.648519999999,1294.0
2023-08-01,강북구,API,8,1294.0,1238.0,295771.1738774194,107591.34307096773,305015.1762516129,101,212,13746.578274193549,1321.0
2023-09-01,강북구,API,9,1321.0,1173.0,292971.4244193548,107750.90762580645,302885.60355806455,101,212,13231.65321935484,1267.0
2023-10-01,강북구,API,10,1267.0,1233.0,298040.4820166667,107092.22693333334,308464.95498999994,101,212,15671.072356666667,1220.0
2023-11-01,강북구,API,11,1220.0,1182.0,294457.1787548387,107732.81474516129,304241.3440354839,101,212,13882.250290322581,1085.0
2023-12-01,강북구,API,12,1085.0,1200.0,295044.4973,108453.14518333334,306556.1725433333,101,212,15744.490693333333,1258.0
2024-01-01,강북구,API,1,1258.0,1174.0,300487.1951935484,106035.94580967742,312135.65238064516,51,132,18491.04170967742,1210.0
2024-02-01,강북구,API,2,1210.0,1013.0,295788.6028580645,105626.51109999999,306279.72720322583,51,132,17411.860851612902,1023.0
2024-03-01,강북구,API,3,1023.0,1173.0,294302.6514896552,106199.6702137931,303701.7036310345,51,132,16806.36175862069,1015.0
2024-04-01,강북구,API,4,1015.0,1142.0,295946.0743419355,104009.54135483872,306263.11370000005,51,132,16123.12540967742,1025.0
2024-05-01,강북구,API,5,1025.0,1229.0,291921.5592666667,108776.43158666667,302581.1931133334,51,132,14299.890793333332,1110.0
2024-06-01,강북구,API,6,1110.0,1122.0,289093.04842258064,97219.89590645161,299113.76647096773,51,132,13578.448167741935,1051.0
2024-07-01,강북구,API,7,1051.0,1294.0,287030.52740666666,97171.71774666666,296591.68568,51,132,13647.902493333333,1099.0
2024-08-01,강북구,API,8,1099.0,1321.0,285351.1583677419,95543.76157096773,294582.0672290323,51,132,13431.69478064516,1140.0
2024-09-01,강북구,API,9,1140.0,1267.0,283521.96014516125,97283.2826451613,292963.67061612906,51,132,13655.03136451613,967.0
2024-10-01,강북구,API,10,967.0,1220.0,285348.11491,100754.41099333334,294909.6693633333,51,132,15511.438063333333,937.0
2024-11-01,강북구,API,11,937.0,1085.0,284524.6078774194,99491.88799354839,294368.02457096777,51,132,13218.362035483871,889.0
2024-12-01,강북구,API,12,889.0,1258.0,284368.87851666665,101384.91974,293836.0051566667,51,132,14017.301506666667,986.0
2025-01-01,강북구,API,1,986.0,1210.0,284402.25767419353,99497.92098387096,293721.9740290323,97,124,13871.926516129033,1056.0
2025-02-01,강북구,API,2,1056.0,1023.0,284015.384916129,98611.01004838709,291870.44538064516,97,124,14616.510029032257,862.0
2025-03-01,강북구,API,3,862.0,1015.0,283685.47568214283,99302.84482500001,292578.0003571428,97,124,12583.139689285714,947.0
2025-04-01,강북구,API,4,947.0,1025.0,284661.52991290326,95034.64181612903,293433.0965580645,97,124,13506.127548387098,893.0
2025-05-01,강북구,API,5,893.0,1110.0,281023.66765333334,101876.09727,290377.1110466666,97,124,12808.038406666667,986.0
2025-06-01,강북구,API,6,986.0,1051.0,278976.17931290326,98337.77701612902,288143.1031,97,124,12987.345619354839,998.0
2025-07-01,강북구,API,7,998.0,1099.0,278546.8587466667,101572.50614333333,287506.7587,97,124,12711.428683333334,998.0
2025-08-01,강북구,API,8,998.0,1140.0,275943.1286,98508.13608709678,285269.4030290322,97,124,12451.23649032258,1036.0
2025-09-01,강북구,API,9,1036.0,967.0,274264.16232258064,98941.9562548387,283324.8689225806,97,124,12765.618245161291,1037.0
2025-10-01,강북구,API,10,1037.0,937.0,276490.75975666667,98906.26948666667,286566.88047000003,97,124,13481.49302,1036.0
2025-11-01,강북구,API,11,1036.0,889.0,275591.6526032258,96765.89042580644,287044.55858387094,97,124,14136.688135483872,944.0
2025-12-01,강북구,API,12,944.0,986.0,275544.17644666665,97116.57421333334,284849.89115,97,124,13013.351823333333,1019.0
2018-05-01,강서구,API,5,1335.0,1367.0,585983.4318692307,151837.83142307692,602550.6627846154,286,407,63684.25446923077,1417.0
2018-06-01,강서구,API,6,1417.0,1367.0,583610.598216129,144074.96164838708,603204.9399258064,286,407,62441.88026774193,1404.0
2018-07-01,강서구,API,7,1404.0,1450.0,588090.0768366667,134248.87499333333,605448.42042,286,407,61053.576916666665,1578.0
2018-08-01,강서구,API,8,1578.0,1463.0,590667.284632258,133624.43972258063,606646.5422129033,286,407,63679.31548387097,1540.0
2018-09-01,강서구,API,9,1540.0,1342.0,584579.0648322582,140156.75576774194,601749.9690258064,286,407,63042.95642580646,1458.0
2018-10-01,강서구,API,10,1458.0,1268.0,581235.6712999999,131688.83933666666,598719.3527,286,407,61245.403013333336,1449.0
2018-11-01,강서구,API,11,1449.0,1321.0,588409.9970935483,132505.16632258066,606616.7099806451,286,407,63079.05600967742,1335.0
2018-12-01,강서구,API,12,1335.0,1491.0,589879.84689,135137.10580333334,607139.8305533334,286,407,68142.36502333333,1473.0
2019-01-01,강서구,API,1,1473.0,1548.0,595667.0539806451,133717.59969354837,609844.0214032258,243,364,64304.81545806451,1277.0
2019-02-01,강서구,API,2,1277.0,1325.0,598840.5428935484,138008.12314193547,612620.2433838709,243,364,66979.6712516129,1220.0
2019-03-01,강서구,API,3,1220.0,1290.0,581727.75885,132212.03118214285,596718.9777214286,243,364,67444.88613214286,1297.0
2019-04-01,강서구,API,4,1297.0,1335.0,588295.3757451613,126984.17598064516,601943.2452806452,243,364,61870.16917419355,1331.0
2019-05-01,강서구,API,5,1331.0,1417.0,575264.7790766667,135593.19306000002,589911.8181299999,243,364,64652.904493333335,1425.0
2019-06-01,강서구,API,6,1425.0,1404.0,556372.8625451614,125624.29690645162,571860.8759129032,243,364,60801.87698387097,1378.0
2019-07-01,강서구,API,7,1378.0,1578.0,559524.0901066667,123005.16502666665,573959.2099633333,243,364,58933.94641333333,1494.0
2019-08-01,강서구,API,8,1494.0,1540.0,556966.1582741935,113611.41168064516,570829.8388129033,243,364,58202.42580967742,1411.0
2019-09-01,강서구,API,9,1411.0,1458.0,560784.4809612903,115837.21667096774,575508.6217677419,243,364,60718.33407096774,1364.0
2019-10-01,강서구,API,10,1364.0,1449.0,562888.71775,116924.30327,577242.6160733333,243,364,64184.96307666667,1427.0
2019-11-01,강서구,API,11,1427.0,1335.0,573679.8092645161,120633.72522903226,587538.8568887097,243,364,65529.65334193548,1388.0
2019-12-01,강서구,API,12,1388.0,1473.0,581344.9496366667,119907.97611333334,595688.9137533333,243,364,66512.05717999999,1495.0
2020-01-01,강서구,API,1,1495.0,1277.0,582509.5053225806,128881.39359354839,595496.741232258,109,139,68522.16480967742,1362.0
2020-02-01,강서구,API,2,1362.0,1220.0,579171.8570741935,128453.04766774194,592246.0927677419,109,139,69424.35235806451,1104.0
2020-03-01,강서구,API,3,1104.0,1297.0,586595.9043275862,128063.9337,596765.9945482758,109,139,60551.49564137931,924.0
2020-04-01,강서구,API,4,924.0,1331.0,577426.628816129,125796.9692,585741.2657258065,109,139,53961.0190032258,1060.0
2020-05-01,강서구,API,5,1060.0,1425.0,570970.45892,128092.12534,580639.9966000001,109,139,57276.20415,1210.0
2020-06-01,강서구,API,6,1210.0,1378.0,565788.7396064516,124785.15282258064,575377.8702451613,109,139,58827.92481935484,1237.0
2020-07-01,강서구,API,7,1237.0,1494.0,565964.1919566666,123808.15557333334,576519.2155,109,139,60714.91169666666,1227.0
2020-08-01,강서구,API,8,1227.0,1411.0,566444.109416129,121708.54426451614,577363.9035193549,109,139,60641.26358709677,1208.0
2020-09-01,강서구,API,9,1208.0,1364.0,560656.3089741936,120035.78265483871,569472.9291193548,109,139,57427.61008387097,1095.0
2020-10-01,강서구,API,10,1095.0,1427.0,565571.5388300001,119747.59162666668,574313.2249166666,109,139,56923.50436,1171.0
2020-11-01,강서구,API,11,1171.0,1388.0,561564.321648387,121074.10282903226,571936.9808935483,109,139,62545.807487096776,1080.0
2020-12-01,강서구,API,12,1080.0,1495.0,564087.3437366667,120643.61259666667,574010.1579199999,109,139,64033.62511666667,996.0
2021-01-01,강서구,API,1,996.0,1362.0,565005.6701451613,115009.49204516129,571474.2023580645,88,107,55115.21228387097,1017.0
2021-02-01,강서구,API,2,1017.0,1104.0,566896.9430419354,119940.04441935483,572604.8476290323,88,107,57462.669780645156,1014.0
2021-03-01,강서구,API,3,1014.0,924.0,562472.5441500001,121073.94962142858,570826.0168571429,88,107,63141.725257142854,1085.0
2021-04-01,강서구,API,4,1085.0,1060.0,567280.058616129,118703.82335806452,576671.4231741936,88,107,64697.09755483871,1140.0
2021-05-01,강서구,API,5,1140.0,1210.0,560591.5669766667,125389.55323333334,570397.2813266667,88,107,66446.26817,1237.0
2021-06-01,강서구,API,6,1237.0,1237.0,559573.571332258,118592.07327741936,569414.4252935485,88,107,64164.26988387097,1311.0
2021-07-01,강서구,API,7,1311.0,1227.0,561607.7427733333,121969.83730333335,572076.4913199999,88,107,66711.83263666666,1389.0
2021-08-01,강서구,API,8,1389.0,1208.0,562226.7508774193,116779.25789354838,571277.8532,88,107,63101.74688709677,1305.0
2021-09-01,강서구,API,9,1305.0,1095.0,561248.1750935485,115234.55904193548,569230.2374,88,107,60778.53417741935,1299.0
2021-10-01,강서구,API,10,1299.0,1171.0,558470.53028,115892.09472666666,567715.3513133334,88,107,63362.966936666664,1307.0
2021-11-01,강서구,API,11,1307.0,1080.0,562888.6349096774,115102.95155806452,572196.1030161291,88,107,63750.728625806456,1139.0
2021-12-01,강서구,API,12,1139.0,996.0,564950.4068233334,117959.24780666667,574479.96249,88,107,69376.52761,1128.0
2022-01-01,강서구,API,1,1128.0,1017.0,565480.0013032258,114444.02122903227,573531.2860419354,86,143,65277.958954838716,1135.0
2022-02-01,강서구,API,2,1135.0,1014.0,563047.0649483871,112186.57388709678,570383.9970548387,86,143,66499.5471516129,1121.0
2022-03-01,강서구,API,3,1121.0,1085.0,566348.3171642857,112988.16096071429,573605.2433678572,86,143,63441.87124285714,1191.0
2022-04-01,강서구,API,4,1191.0,1140.0,566481.4642290323,108998.76737419356,573026.6273580645,86,143,59559.3696483871,1242.0
2022-05-01,강서구,API,5,1242.0,1237.0,557870.12343,116897.12442000001,566963.35116,86,143,66391.32196666667,1316.0
2022-06-01,강서구,API,6,1316.0,1311.0,565696.9349903227,115779.28379999999,576143.7403870968,86,143,70640.38069677418,1245.0
2022-07-01,강서구,API,7,1245.0,1389.0,574132.86213,115745.08242666668,584530.2396366667,86,143,71329.42792,1400.0
2022-08-01,강서구,API,8,1400.0,1305.0,557476.9443870968,109583.9285483871,567328.0898967743,86,143,67272.65148709678,1411.0
2022-09-01,강서구,API,9,1411.0,1299.0,554786.2766096775,109215.93852580646,563959.316251613,86,143,67124.05296774194,1307.0
2022-10-01,강서구,API,10,1307.0,1307.0,554779.5480033333,108682.28094666667,565479.95263,86,143,68567.00676,1325.0
2022-11-01,강서구,API,11,1325.0,1139.0,557480.4968612903,107408.45232258065,568218.3286096775,86,143,66956.28228387097,1318.0
2022-12-01,강서구,API,12,1318.0,1128.0,560565.4427499999,111281.93324333333,571198.9601366667,86,143,69950.49289333333,1320.0
2023-01-01,강서구,API,1,1320.0,1135.0,563616.2546258064,108740.33756774194,572980.8490612904,100,210,69128.29670967741,1291.0
2023-02-01,강서구,API,2,1291.0,1121.0,560276.243883871,107052.78118387097,569933.5275677419,100,210,70364.2574419355,1081.0
2023-03-01,강서구,API,3,1081.0,1191.0,566136.5768857143,103369.77225357143,575374.8000857143,100,210,72229.25051071428,1313.0
2023-04-01,강서구,API,4,1313.0,1242.0,561386.2672225806,97956.56978387097,571998.9095774193,100,210,67834.0206,1391.0
2023-05-01,강서구,API,5,1391.0,1316.0,561567.1881666667,104190.19589999999,572538.3208966666,100,210,70629.81243333334,1457.0
2023-06-01,강서구,API,6,1457.0,1245.0,555568.3326258064,103547.37800645162,568253.6435290322,100,210,69281.82376451613,1336.0
2023-07-01,강서구,API,7,1336.0,1400.0,556639.89512,103668.18976,568640.0838066668,100,210,70413.11199333334,1444.0
2023-08-01,강서구,API,8,1444.0,1411.0,561389.908732258,99157.23656451613,572643.638567742,100,210,71504.11626129033,1405.0
2023-09-01,강서구,API,9,1405.0,1307.0,556523.6192967742,95765.57910967742,567600.1440645161,100,210,70562.90983548386,1338.0
2023-10-01,강서구,API,10,1338.0,1325.0,555285.4840966667,95614.05395666667,568786.8382633333,100,210,71918.19385,1395.0
2023-11-01,강서구,API,11,1395.0,1318.0,554285.3097193548,94752.41354838709,567070.4355645162,100,210,70218.37301290322,1288.0
2023-12-01,강서구,API,12,1288.0,1320.0,560661.9667733334,97666.76346,574592.3840866666,100,210,77306.48753999999,1351.0
2024-01-01,강서구,API,1,1351.0,1291.0,569437.3422806452,94375.07658387098,585057.0198064516,78,229,78108.01627741936,1287.0
2024-02-01,강서구,API,2,1287.0,1081.0,565536.6204129033,91558.64813548386,582018.8587935484,78,229,75321.72882580645,1168.0
2024-03-01,강서구,API,3,1168.0,1313.0,561215.6367137932,94543.87543793103,575464.8123413794,78,229,75855.80704482758,1144.0
2024-04-01,강서구,API,4,1144.0,1391.0,561504.5890548386,91343.96280645161,576150.3762677419,78,229,72598.94194193548,1139.0
2024-05-01,강서구,API,5,1139.0,1457.0,554754.5853366667,100600.62009333333,569478.0164233333,78,229,73294.52493666667,1246.0
2024-06-01,강서구,API,6,1246.0,1336.0,551541.2949,101786.11861290323,565172.1934806452,78,229,70917.49875806452,1165.0
2024-07-01,강서구,API,7,1165.0,1444.0,555151.5030566667,104565.51078666667,569408.9063466667,78,229,73523.69469333332,1314.0
2024-08-01,강서구,API,8,1314.0,1405.0,559479.9401967742,102610.62325483872,573837.3772290322,78,229,75311.7579516129,1255.0
2024-09-01,강서구,API,9,1255.0,1338.0,556799.8926451612,102451.43489354839,572793.6527870968,78,229,75172.3012,1035.0
2024-10-01,강서구,API,10,1035.0,1395.0,546368.70348,100862.88189333332,560585.6804866666,78,229,72795.74098333334,1103.0
2024-11-01,강서구,API,11,1103.0,1288.0,553924.8500451612,99447.26169354838,566765.0788419355,78,229,71530.97200000001,1082.0
2024-12-01,강서구,API,12,1082.0,1351.0,557553.9549466666,102074.18289,570167.7089566666,78,229,77504.01052333335,1134.0
2025-01-01,강서구,API,1,1134.0,1287.0,559912.169316129,99390.01638387097,572349.7693096774,87,311,76997.97841290323,1186.0
2025-02-01,강서구,API,2,1186.0,1168.0,555208.2031387097,97832.99112903226,565521.6147548386,87,311,72205.8141419355,975.0
2025-03-01,강서구,API,3,975.0,1144.0,562598.9185571428,100823.32842142857,571723.2126535714,87,311,73600.80178571428,1162.0
2025-04-01,강서구,API,4,1162.0,1139.0,555926.3526451613,102265.07022580646,565284.3500677419,87,311,70579.14343870968,1139.0
2025-05-01,강서구,API,5,1139.0,1246.0,554217.8047366666,111569.87431333333,565228.80823,87,311,74529.45114,1225.0
2025-06-01,강서구,API,6,1225.0,1165.0,548149.3738870968,101665.7182548387,559516.6745193548,87,311,70789.21141612904,1247.0
2025-07-01,강서구,API,7,1247.0,1314.0,550649.9267233333,108470.27967,559804.1472533332,87,311,71093.48066666667,1280.0
2025-08-01,강서구,API,8,1280.0,1255.0,550292.9737193548,106983.89016129033,560222.1933645161,87,311,73919.07004516128,1294.0
2025-09-01,강서구,API,9,1294.0,1035.0,544796.3169064516,105393.16350645162,555205.8193129032,87,311,72034.98151935484,1211.0
2025-10-01,강서구,API,10,1211.0,1103.0,547309.6914966666,107431.01369666666,558128.1580966667,87,311,76294.81027,1270.0
2025-11-01,강서구,API,11,1270.0,1082.0,535080.7487064516,101070.3884483871,546200.8018709677,87,311,72890.77008709678,1206.0
2025-12-01,강서구,API,12,1206.0,1134.0,547537.1423833333,104134.31263666667,558964.8198966667,87,311,74204.31177666667,1261.0
2018-05-01,관악구,API,5,1245.0,1324.0,567065.0138423077,139659.23416153848,592225.0771192308,348,346,36270.95614615385,1393.0
2018-06-01,관악구,API,6,1393.0,1304.0,563684.4909516129,135096.04963548385,591563.2223580645,348,346,35535.1175,1356.0
2018-07-01,관악구,API,7,1356.0,1465.0,568646.4214466666,127414.57226,593538.7143566667,348,346,34730.611163333335,1475.0
2018-08-01,관악구,API,8,1475.0,1443.0,565414.1023806451,124617.01326451612,591084.1067451612,348,346,36298.494067741936,1559.0
2018-09-01,관악구,API,9,1559.0,1397.0,557682.0081225807,127714.86328709677,583978.1849806452,348,346,35392.55871290322,1390.0
2018-10-01,관악구,API,10,1390.0,1305.0,554855.8552533333,120473.92026333333,581459.8530066666,348,346,37929.64015666667,1408.0
2018-11-01,관악구,API,11,1408.0,1280.0,564526.345383871,125836.16517741936,590274.9672548388,348,346,35056.88142580645,1244.0
2018-12-01,관악구,API,12,1244.0,1482.0,561394.52549,128083.60978999999,587430.6251266667,348,346,36533.694840000004,1343.0
2019-01-01,관악구,API,1,1343.0,1452.0,566104.9458451612,124653.3074516129,588166.2755677418,272,313,37877.11690645161,1304.0
2019-02-01,관악구,API,2,1304.0,1155.0,569945.3379806452,129389.79954193547,591332.4400935484,272,313,40242.75986774194,1091.0
2019-03-01,관악구,API,3,1091.0,1369.0,547235.3924821428,122392.41870714286,569372.9991714286,272,313,41261.310225,1270.0
2019-04-01,관악구,API,4,1270.0,1245.0,563078.5071903226,117554.00551290324,583903.0443290323,272,313,39283.78564516129,1286.0
2019-05-01,관악구,API,5,1286.0,1393.0,553151.21988,129587.98373333334,575300.2389566667,272,313,37240.77497,1386.0
2019-06-01,관악구,API,6,1386.0,1356.0,534079.4473806451,120884.27748387096,556571.5789354839,272,313,34987.14538064516,1260.0
2019-07-01,관악구,API,7,1260.0,1475.0,535273.9346833334,116765.97079333334,557067.1463433333,272,313,33927.58052333333,1418.0
2019-08-01,관악구,API,8,1418.0,1559.0,528954.2960516129,107405.5396548387,551140.0256064517,272,313,33683.63491935484,1436.0
2019-09-01,관악구,API,9,1436.0,1390.0,533225.0824580645,110648.92163548387,554840.9093193549,272,313,34909.69699354839,1359.0
2019-10-01,관악구,API,10,1359.0,1408.0,531200.5990233333,113555.04743333333,552486.5713166667,272,313,38912.140269999996,1386.0
2019-11-01,관악구,API,11,1386.0,1244.0,543766.283966129,117910.59397419354,564875.6819290323,272,313,35035.27488387097,1302.0
2019-12-01,관악구,API,12,1302.0,1343.0,551326.6140966667,116202.60571,572678.3674833333,272,313,36584.5719,1331.0
2020-01-01,관악구,API,1,1331.0,1304.0,552292.2576612904,123031.39101612903,572263.9233032258,285,192,39104.047648387095,1357.0
2020-02-01,관악구,API,2,1357.0,1091.0,546575.4711548387,120578.4075483871,566711.1000870967,285,192,40729.83006774193,1062.0
2020-03-01,관악구,API,3,1062.0,1270.0,559432.1071,119948.32275862069,576012.9968172414,285,192,34447.32152068966,999.0
2020-04-01,관악구,API,4,999.0,1286.0,556423.0108903226,116070.61304193549,571454.2609870967,285,192,30442.147348387094,1016.0
2020-05-01,관악구,API,5,1016.0,1386.0,550519.8920066666,120263.65655,566843.9760066667,285,192,31978.05428,1175.0
2020-06-01,관악구,API,6,1175.0,1260.0,543082.3258709677,119276.8669032258,560152.9674677419,285,192,33678.39728387097,1162.0
2020-07-01,관악구,API,7,1162.0,1418.0,542637.7346966666,120292.01941333334,560902.9554433334,285,192,33003.99897666667,1305.0
2020-08-01,관악구,API,8,1305.0,1436.0,539201.8077806452,117387.58815806452,558309.7777741936,285,192,32492.97327419355,1186.0
2020-09-01,관악구,API,9,1186.0,1359.0,535999.406383871,115090.8478,552219.3617806451,285,192,31377.26123548387,1000.0
2020-10-01,관악구,API,10,1000.0,1386.0,538833.6264033333,114499.97061333334,554766.0743099999,285,192,31314.654053333332,1105.0
2020-11-01,관악구,API,11,1105.0,1302.0,530091.2175451614,115253.8146483871,547608.162867742,285,192,34461.043683870965,1129.0
2020-12-01,관악구,API,12,1129.0,1331.0,531428.0593966667,114556.75309333335,548201.3434,285,192,32970.88735,1000.0
2021-01-01,관악구,API,1,1000.0,1357.0,531193.0929870968,107933.08626451614,543529.2434096774,185,170,29391.1654483871,1021.0
2021-02-01,관악구,API,2,1021.0,1062.0,532156.0664612903,109674.68052903227,543990.7217935483,185,170,31811.78881935484,998.0
2021-03-01,관악구,API,3,998.0,999.0,524820.660875,110878.02827142857,540049.8874035714,185,170,34477.6336,1042.0
2021-04-01,관악구,API,4,1042.0,1016.0,533578.8706354839,109717.62436451613,550094.3871516129,185,170,36658.29872580645,1069.0
2021-05-01,관악구,API,5,1069.0,1175.0,529162.7511733334,116748.40721333332,546647.2500666666,185,170,33902.62665333333,1211.0
2021-06-01,관악구,API,6,1211.0,1162.0,527221.9933935484,113320.08019032258,544911.7184322581,185,170,33033.03656774194,1329.0
2021-07-01,관악구,API,7,1329.0,1305.0,525176.49142,113939.56323333333,543643.9003433333,185,170,33339.60135333333,1303.0
2021-08-01,관악구,API,8,1303.0,1186.0,518854.79192903225,107024.45046129033,535386.5131645161,185,170,31111.570125806455,1296.0
2021-09-01,관악구,API,9,1296.0,1000.0,511938.61888064514,103806.03696774194,527368.994367742,185,170,30824.023587096777,1237.0
2021-10-01,관악구,API,10,1237.0,1105.0,506422.1392333333,102233.79392666667,523179.8276933333,185,170,33760.250036666665,1230.0
2021-11-01,관악구,API,11,1230.0,1129.0,514249.7010258064,103226.28592903225,530801.3180451613,185,170,32472.660987096773,1172.0
2021-12-01,관악구,API,12,1172.0,1000.0,514859.78557,105483.06015333332,532489.5425233333,185,170,33978.242073333335,1115.0
2022-01-01,관악구,API,1,1115.0,1021.0,516784.23051290325,101348.63663225807,532683.5596129032,304,251,32601.079322580645,1235.0
2022-02-01,관악구,API,2,1235.0,998.0,514093.27526774193,98376.07370967742,528413.0486548387,304,251,34786.03930645161,1070.0
2022-03-01,관악구,API,3,1070.0,1042.0,518358.3296071429,99484.64827857143,532734.8639,304,251,34558.486964285716,1257.0
2022-04-01,관악구,API,4,1257.0,1069.0,527887.8998645161,98171.09923870968,543278.0766806451,304,251,34488.590812903225,1357.0
2022-05-01,관악구,API,5,1357.0,1211.0,523288.53438666667,103871.86868666667,543054.4856033333,304,251,33496.95559666667,1371.0
2022-06-01,관악구,API,6,1371.0,1329.0,527005.0398096774,102840.46628064517,547943.5496387098,304,251,35533.14050967742,1354.0
2022-07-01,관악구,API,7,1354.0,1303.0,532133.7224166667,101530.84082999999,552714.3596633333,304,251,34715.14936333333,1544.0
2022-08-01,관악구,API,8,1544.0,1296.0,515560.59056129033,95749.67513870967,535726.6059612903,304,251,34490.77785806452,1582.0
2022-09-01,관악구,API,9,1582.0,1237.0,509289.46159677417,94999.02138387096,527978.9730419355,304,251,34038.00270645161,1457.0
2022-10-01,관악구,API,10,1457.0,1230.0,508275.1175766667,93806.21420333332,529510.49226,304,251,37319.20710666667,1392.0
2022-11-01,관악구,API,11,1392.0,1172.0,513595.1003935484,94769.99962258064,533520.373767742,304,251,34145.33047419354,1402.0
2022-12-01,관악구,API,12,1402.0,1115.0,515342.6413233334,98130.31390333334,535440.7649933334,304,251,34528.841016666665,1567.0
2023-01-01,관악구,API,1,1567.0,1235.0,514866.9436967742,94363.63595161292,533804.784316129,214,375,34609.17595806452,1396.0
2023-02-01,관악구,API,2,1396.0,1070.0,505210.39552258066,90591.16838064516,524589.2215709677,214,375,36177.596070967746,1244.0
2023-03-01,관악구,API,3,1244.0,1257.0,514751.61911785713,86412.24157142857,534354.5797928572,214,375,36862.73214642857,1296.0
2023-04-01,관악구,API,4,1296.0,1357.0,521156.1727741935,84334.6598,541509.0481870967,214,375,37851.46694516129,1286.0
2023-05-01,관악구,API,5,1286.0,1371.0,518531.10502666666,91364.13087333334,538511.46575,214,375,35910.05326,1458.0
2023-06-01,관악구,API,6,1458.0,1354.0,513672.26000645163,92459.55693870968,534436.2369548387,214,375,34846.958580645165,1369.0
2023-07-01,관악구,API,7,1369.0,1544.0,512222.3428366667,92762.14399666667,532564.39541,214,375,34388.21051333333,1422.0
2023-08-01,관악구,API,8,1422.0,1582.0,509323.9229677419,87835.89828709679,529584.5001516129,214,375,34376.87946451613,1445.0
2023-09-01,관악구,API,9,1445.0,1457.0,502715.4749451613,85510.86655161291,522970.57630322577,214,375,33624.6599516129,1386.0
2023-10-01,관악구,API,10,1386.0,1392.0,504808.24445999996,84943.68488,526871.2828133333,214,375,37245.86167,1407.0
2023-11-01,관악구,API,11,1407.0,1402.0,504813.35658064514,86301.15963548387,525642.3581870968,214,375,33357.18962258064,1315.0
2023-12-01,관악구,API,12,1315.0,1567.0,511934.0048633333,87983.71408666667,533915.6032533334,214,375,37095.05139666667,1420.0
2024-01-01,관악구,API,1,1420.0,1396.0,517403.668416129,84677.57009677419,539688.3466096774,136,259,39214.81426774194,1276.0
2024-02-01,관악구,API,2,1276.0,1244.0,507089.04553225805,81442.59955806452,530108.7355645162,136,259,38071.51558064516,1132.0
2024-03-01,관악구,API,3,1132.0,1296.0,503187.0389758621,82597.85350689654,523557.4713551724,136,259,38694.094920689655,1192.0
2024-04-01,관악구,API,4,1192.0,1286.0,515356.96737096773,82790.45799032258,535144.9415419354,136,259,41277.91342258064,1083.0
2024-05-01,관악구,API,5,1083.0,1458.0,506887.65204666666,92936.29933000001,527522.44834,136,259,35164.25580666667,1124.0
2024-06-01,관악구,API,6,1124.0,1369.0,501739.19363548385,92712.56128064515,522219.08797096775,136,259,33846.463212903225,1153.0
2024-07-01,관악구,API,7,1153.0,1422.0,500820.66412666667,93648.19115666667,520849.80844,136,259,35360.201923333334,1190.0
2024-08-01,관악구,API,8,1190.0,1445.0,500508.76394516125,89071.19367096774,520365.8390322581,136,259,35487.3249516129,1214.0
2024-09-01,관악구,API,9,1214.0,1386.0,498520.31087741937,88095.14054193549,518739.83193225804,136,259,37722.35287419355,971.0
2024-10-01,관악구,API,10,971.0,1407.0,492191.88172999996,86959.04668,512943.59597,136,259,39018.28062666666,1004.0
2024-11-01,관악구,API,11,1004.0,1315.0,502224.5278322581,90330.54576774193,521225.48286451615,136,259,35522.98586774194,1008.0
2024-12-01,관악구,API,12,1008.0,1420.0,502121.02887,94515.19642,521747.5519866666,136,259,38334.418659999996,1037.0
2025-01-01,관악구,API,1,1037.0,1276.0,501320.7439258064,90437.58664516128,519649.3286516129,155,381,38378.52004516129,1088.0
2025-02-01,관악구,API,2,1088.0,1132.0,492366.5769580645,87566.5313483871,509900.02426774194,155,381,36880.97812580645,895.0
2025-03-01,관악구,API,3,895.0,1192.0,501762.9918571428,90069.658975,518953.3845714285,155,381,36279.93051428571,983.0
2025-04-01,관악구,API,4,983.0,1083.0,506863.74792580644,88441.92495806453,525280.993483871,155,381,38467.67528064516,974.0
2025-05-01,관악구,API,5,974.0,1124.0,503781.61383,98499.61266000001,523514.60085,155,381,36071.73908,1113.0
2025-06-01,관악구,API,6,1113.0,1153.0,498865.0810967742,93351.75497419355,519405.74577096774,155,381,34918.76533870967,1036.0
2025-07-01,관악구,API,7,1036.0,1190.0,502570.65694,95502.51951666667,522539.67972333333,155,381,34278.35431666667,1069.0
2025-08-01,관악구,API,8,1069.0,1214.0,501430.62287741934,92748.50322903226,521647.8435580645,155,381,35659.53796451613,1131.0
2025-09-01,관악구,API,9,1131.0,971.0,495220.003232258,91998.37941935484,515330.866083871,155,381,34934.0554,1086.0
2025-10-01,관악구,API,10,1086.0,1004.0,502787.4521666666,93979.03162666666,524018.6983633333,155,381,38123.41929333333,1028.0
2025-11-01,관악구,API,11,1028.0,1008.0,486611.68758709676,90326.47303225806,508533.4941225807,155,381,34861.92473870968,1086.0
2025-12-01,관악구,API,12,1086.0,1037.0,503377.0087833333,92137.22675666666,524244.09246,155,381,35565.23095,1098.0
2018-08-01,광진구,API,8,875.0,891.0,421918.8428483871,83417.02314193548,433566.7218903226,282,294,38854.44006129032,900.0
2018-09-01,광진구,API,9,900.0,883.0,419066.16058709676,88603.09248064515,432823.1922322581,282,294,39784.86380322581,792.0
2018-10-01,광진구,API,10,792.0,843.0,425080.49831,83746.91586666666,437978.08634,282,294,43214.76528666667,846.0
2018-11-01,광진구,API,11,846.0,773.0,430409.7504774194,87931.53797741936,443446.8020129032,282,294,40563.84389354839,804.0
2018-12-01,광진구,API,12,804.0,875.0,432744.91246333334,89352.48864333333,446193.51913333335,282,294,42784.38972,885.0
2019-01-01,광진구,API,1,885.0,870.0,433354.59479999996,85345.34526451613,444158.9517870968,202,176,41145.04178387097,774.0
2019-02-01,광진구,API,2,774.0,741.0,428166.85031935485,87746.52688064516,438713.71311290324,202,176,39941.73064516129,667.0
2019-03-01,광진구,API,3,667.0,809.0,411426.9015892857,84876.06711071428,423572.3454607143,202,176,40860.02981785714,763.0
2019-04-01,광진구,API,4,763.0,839.0,431778.6923,81373.03513548386,442724.9126032258,202,176,41463.312332258065,805.0
2019-05-01,광진구,API,5,805.0,842.0,426418.20750333334,93591.62639,438059.31566666666,202,176,41631.940279999995,854.0
2019-06-01,광진구,API,6,854.0,882.0,412884.90249999997,85191.8471516129,424910.801483871,202,176,39580.95190322581,827.0
2019-07-01,광진구,API,7,827.0,875.0,412480.7779166667,82344.93124333333,422942.55623333337,202,176,37158.69324,856.0
2019-08-01,광진구,API,8,856.0,900.0,399207.8096096774,74439.57377096775,409147.4140935484,202,176,33833.92332580645,843.0
2019-09-01,광진구,API,9,843.0,792.0,409201.7216096774,77488.13450967742,419566.4546451613,202,176,36270.27245483871,762.0
2019-10-01,광진구,API,10,762.0,846.0,414982.25752333336,78486.02441,426156.43157,202,176,40802.21424,882.0
2019-11-01,광진구,API,11,882.0,804.0,415217.69830483873,81143.11190322581,424458.0206806452,202,176,38025.813756451615,765.0
2019-12-01,광진구,API,12,765.0,885.0,417730.7375566667,76993.77169666668,427878.99802666664,202,176,39606.01745,809.0
2020-01-01,광진구,API,1,809.0,774.0,418585.2084903226,83169.24820645161,428499.48615483876,179,182,40678.28042258065,838.0
2020-02-01,광진구,API,2,838.0,667.0,406450.0578387097,80402.65951290322,417339.6727354839,179,182,38604.84581612903,617.0
2020-03-01,광진구,API,3,617.0,763.0,411790.2589586207,79368.42414827585,420101.3570413793,179,182,32071.820651724134,578.0
2020-04-01,광진구,API,4,578.0,805.0,408131.8116,77532.97489677419,415247.05700967746,179,182,27924.66351935484,622.0
2020-05-01,광진구,API,5,622.0,854.0,413708.01594,81650.20362666667,420657.77857,179,182,31131.77349666667,692.0
2020-06-01,광진구,API,6,692.0,827.0,410451.95206774195,81869.28960967742,418034.7540129032,179,182,33286.85710967742,679.0
2020-07-01,광진구,API,7,679.0,856.0,408050.2847066667,82092.09668333334,414926.6827933333,179,182,32058.77121,672.0
2020-08-01,광진구,API,8,672.0,843.0,406127.1541806452,80249.64056129033,413489.6021451613,179,182,32383.292725806452,647.0
2020-09-01,광진구,API,9,647.0,762.0,399678.5347387097,77122.29715483871,405911.3084903226,179,182,29845.459258064515,631.0
2020-10-01,광진구,API,10,631.0,882.0,402902.3043933333,76777.84089,408439.42875,179,182,29819.390823333335,702.0
2020-11-01,광진구,API,11,702.0,765.0,398353.4497741935,78646.3088516129,405296.1537548387,179,182,33651.55837741935,683.0
2020-12-01,광진구,API,12,683.0,809.0,398177.6755,78279.71147666666,403749.98707,179,182,32309.88434,611.0
2021-01-01,광진구,API,1,611.0,838.0,393503.9732967742,74475.5486,397314.6484580645,106,72,27477.303967741933,585.0
2021-02-01,광진구,API,2,585.0,617.0,392623.57258064515,76715.85905483871,396986.85632258066,106,72,29043.640067741937,579.0
2021-03-01,광진구,API,3,579.0,578.0,390407.58357142855,76863.12618571428,395552.4935964286,106,72,32328.633085714286,640.0
2021-04-01,광진구,API,4,640.0,622.0,396351.6001483871,76458.08865806452,401700.7264354839,106,72,34129.70966451613,687.0
2021-05-01,광진구,API,5,687.0,692.0,393792.1071733333,82049.20011666667,399034.75550666667,106,72,33544.30806333334,760.0
2021-06-01,광진구,API,6,760.0,679.0,391504.1370096774,79649.61244516128,397466.8578967742,106,72,33366.79765483871,800.0
2021-07-01,광진구,API,7,800.0,672.0,389161.89180333336,80583.15366333333,394942.00998,106,72,32516.18758,815.0
2021-08-01,광진구,API,8,815.0,647.0,384224.22151935485,77099.0618483871,389502.65394193545,106,72,29279.009283870968,796.0
2021-09-01,광진구,API,9,796.0,631.0,380397.0766806452,76600.70836129032,385864.46659677423,106,72,29581.25678387097,807.0
2021-10-01,광진구,API,10,807.0,702.0,380955.3810866667,76347.45729,386747.08741,106,72,32884.11949333333,796.0
2021-11-01,광진구,API,11,796.0,683.0,384162.79641612904,76691.76225483872,389562.86427741934,106,72,32015.810761290326,763.0
2021-12-01,광진구,API,12,763.0,611.0,387269.73282333335,77922.32567333334,393722.11564333335,106,72,34291.69439333333,770.0
2022-01-01,광진구,API,1,770.0,585.0,386800.61342903227,75075.46510967742,391672.94630645163,144,64,31712.50550967742,766.0
2022-02-01,광진구,API,2,766.0,579.0,384184.9895806451,75322.48633225806,389206.7019580645,144,64,32891.67380967742,771.0
2022-03-01,광진구,API,3,771.0,640.0,387146.79969285714,75757.06848571428,392406.43043214286,144,64,32089.996610714286,835.0
2022-04-01,광진구,API,4,835.0,687.0,397516.12249032257,74556.1549,402544.05538709677,144,64,33405.37417096774,866.0
2022-05-01,광진구,API,5,866.0,760.0,394103.39032999997,80437.17026333333,401661.0698733333,144,64,35659.17247333333,888.0
2022-06-01,광진구,API,6,888.0,800.0,398476.01930000004,79732.67173548386,406571.4799516129,144,64,37595.950158064516,843.0
2022-07-01,광진구,API,7,843.0,815.0,401463.2380633333,80010.02939000001,408649.6412333333,144,64,35110.09036333334,1029.0
2022-08-01,광진구,API,8,1029.0,796.0,387258.1009612903,74044.10050967742,393709.49473870965,144,64,33409.54389354839,1072.0
2022-09-01,광진구,API,9,1072.0,807.0,385480.3310064516,73304.96487419355,392884.52657419356,144,64,33266.560154838706,966.0
2022-10-01,광진구,API,10,966.0,796.0,391060.7349366667,73198.90558666666,399030.17418333335,144,64,38429.8381,969.0
2022-11-01,광진구,API,11,969.0,763.0,391171.66952580644,73003.93945161291,398424.20112580643,144,64,35568.804425806455,939.0
2022-12-01,광진구,API,12,939.0,770.0,392049.15353333333,74543.07034666667,399139.78816999996,144,64,35601.764123333334,1015.0
2023-01-01,광진구,API,1,1015.0,766.0,395057.4784483871,71874.02642580644,401598.51667096774,57,359,34766.11850967742,921.0
2023-02-01,광진구,API,2,921.0,771.0,386595.67925483873,68849.55452903226,394620.1854677419,57,359,34318.56340967742,772.0
2023-03-01,광진구,API,3,772.0,835.0,394452.9954321428,69207.66348928571,401799.76913571433,57,359,35959.98402142857,892.0
2023-04-01,광진구,API,4,892.0,866.0,402680.44612903224,67410.21639032257,409953.03754516126,57,359,39032.35903870968,993.0
2023-05-01,광진구,API,5,993.0,888.0,398144.22329999995,73977.90822333333,406845.65282,57,359,37528.196143333334,1028.0
2023-06-01,광진구,API,6,1028.0,843.0,394637.4593709677,73031.49763548387,403932.8545645161,57,359,36296.21296129032,929.0
2023-07-01,광진구,API,7,929.0,1029.0,394879.19709333335,73366.52080666667,402053.87807,57,359,34876.936493333335,1050.0
2023-08-01,광진구,API,8,1050.0,1072.0,386510.60343225807,70545.73978709677,392686.6762612903,57,359,33186.559306451614,1036.0
2023-09-01,광진구,API,9,1036.0,966.0,384813.2044935484,68431.81619999999,391707.80207419355,57,359,33089.05575806452,972.0
2023-10-01,광진구,API,10,972.0,969.0,393381.2413933333,67170.62499,401266.51934,57,359,38153.263750000006,976.0
2023-11-01,광진구,API,11,976.0,939.0,393756.3016225806,68852.3143064516,401674.86503548385,57,359,35491.47553225807,831.0
2023-12-01,광진구,API,12,831.0,1015.0,399088.0329833333,70500.60057333334,404592.03517999995,57,359,38341.63019333334,1024.0
2024-01-01,광진구,API,1,1024.0,921.0,404539.5463580645,68056.88722903226,411590.94703225803,87,144,39023.555409677414,911.0
2024-02-01,광진구,API,2,911.0,772.0,392303.9683322581,65119.42380322581,400322.38297419355,87,144,36350.848667741935,755.0
2024-03-01,광진구,API,3,755.0,892.0,383949.80797931034,66286.51739310345,391103.32954137935,87,144,36952.42879655172,679.0
2024-04-01,광진구,API,4,679.0,993.0,400791.43227096775,65020.82282580645,406765.2930419355,87,144,41447.91059677419,716.0
2024-05-01,광진구,API,5,716.0,1028.0,396946.80308,74662.85954333332,403290.56609,87,144,38054.426166666664,833.0
2024-06-01,광진구,API,6,833.0,929.0,393159.0103451613,70070.4805580645,400529.63863225805,87,144,37185.37501935483,795.0
2024-07-01,광진구,API,7,795.0,1050.0,392227.06992,71464.63015333333,399601.0250233334,87,144,36419.91383666667,770.0
2024-08-01,광진구,API,8,770.0,1036.0,381763.37386774196,66570.95240967741,386932.1360483871,87,144,33893.20009354838,834.0
2024-09-01,광진구,API,9,834.0,972.0,378319.03960645164,67058.1402516129,383613.42947096773,87,144,34911.62399677419,700.0
2024-10-01,광진구,API,10,700.0,976.0,382709.6547866667,68245.74923,390126.5201966667,87,144,38748.1087,669.0
2024-11-01,광진구,API,11,669.0,831.0,388525.51223870966,69492.28712580644,394513.294983871,87,144,37497.05717419354,624.0
2024-12-01,광진구,API,12,624.0,1024.0,389134.91706,71047.1727,393977.21679,87,144,39380.40517666667,699.0
2025-01-01,광진구,API,1,699.0,911.0,387010.43216774194,67971.26237741936,392200.3670548387,105,128,37625.67755806451,670.0
2025-02-01,광진구,API,2,670.0,755.0,371043.98710967746,64517.582270967745,376614.9171354839,105,128,33910.80134516129,599.0
2025-03-01,광진구,API,3,599.0,679.0,376695.14083571424,65481.08534285715,382109.5322642857,105,128,34579.05490357143,663.0
2025-04-01,광진구,API,4,663.0,716.0,388362.2652645161,65328.253332258064,394931.6337483871,105,128,39287.46611612903,704.0
2025-05-01,광진구,API,5,704.0,833.0,387892.20703,75830.97514666666,395085.02572000003,105,128,37317.97172666666,741.0
2025-06-01,광진구,API,6,741.0,795.0,382550.6721129032,68010.73678064517,391327.13091290323,105,128,36878.67983548387,796.0
2025-07-01,광진구,API,7,796.0,770.0,382290.78713333333,73750.71036333333,388401.9387266667,105,128,34438.18429333333,772.0
2025-08-01,광진구,API,8,772.0,834.0,372961.829,70953.04433225807,378609.56787096773,105,128,32925.37666129032,794.0
2025-09-01,광진구,API,9,794.0,700.0,369273.2262903226,70600.7807548387,376398.48131612904,105,128,33005.58020322581,812.0
2025-10-01,광진구,API,10,812.0,669.0,383415.6492666667,71590.97549333333,392241.96330999996,105,128,38435.31012333334,780.0
2025-11-01,광진구,API,11,780.0,624.0,372819.5031516129,69049.16870967743,382757.4596,105,128,35255.09522580645,720.0
2025-12-01,광진구,API,12,720.0,699.0,382078.79617,69934.37728666667,389436.84081666666,105,128,35997.988999999994,798.0
2023-02-01,구로구,API,2,1415.0,1144.0,431637.25148387096,73845.8380419355,438470.9511354839,97,204,64373.518567741936,1263.0
2023-03-01,구로구,API,3,1263.0,1260.0,432334.56344642857,70024.21673928571,439052.08826785715,97,204,64516.54490714286,1392.0
2023-04-01,구로구,API,4,1392.0,1295.0,427381.8748258065,64852.579277419354,434288.58915161295,97,204,62442.840283870966,1411.0
2023-05-01,구로구,API,5,1411.0,1439.0,425740.6492166667,67268.96739333334,433075.24885333335,97,204,64528.19002333333,1500.0
2023-06-01,구로구,API,6,1500.0,1287.0,424612.2905096774,68164.15046129032,432409.27929032256,97,204,62926.9545,1433.0
2023-07-01,구로구,API,7,1433.0,1528.0,426025.9876066667,67761.99623,434901.00186666666,97,204,63074.40161666667,1685.0
2023-08-01,구로구,API,8,1685.0,1587.0,426737.3677451613,65813.80031290323,435537.4343580645,97,204,61716.93115806452,1645.0
2023-09-01,구로구,API,9,1645.0,1465.0,421847.489483871,64463.879341935484,430628.8392451613,97,204,60869.82141290323,1516.0
2023-10-01,구로구,API,10,1516.0,1481.0,422341.71568333334,63627.76240666666,432305.5808666666,97,204,62841.60471,1482.0
2023-11-01,구로구,API,11,1482.0,1434.0,420397.7453870968,63568.88791612903,429573.6523096774,97,204,59301.93222580645,1465.0
2023-12-01,구로구,API,12,1465.0,1482.0,423552.11562,64690.21825666667,431884.6408,97,204,65458.59669666667,1562.0
2024-01-01,구로구,API,1,1562.0,1415.0,432806.48359677417,63759.44350967742,440788.44162903226,65,246,65478.41834193548,1443.0
2024-02-01,구로구,API,2,1443.0,1263.0,427151.24026774196,61949.021409677414,436066.90404193546,65,246,60678.738012903224,1263.0
2024-03-01,구로구,API,3,1263.0,1392.0,431296.1589551724,64058.5019137931,437367.14381379314,65,246,62732.61936551724,1197.0
2024-04-01,구로구,API,4,1197.0,1411.0,428787.0521129032,62476.205429032256,436961.22897419357,65,246,61472.94175483871,1288.0
2024-05-01,구로구,API,5,1288.0,1500.0,423413.1917233334,67906.39063666666,431178.5536766667,65,246,62686.089980000004,1267.0
2024-06-01,구로구,API,6,1267.0,1433.0,421177.46693548386,69191.89804838708,430456.677583871,65,246,60624.17379354839,1311.0
2024-07-01,구로구,API,7,1311.0,1685.0,421788.8841166666,70546.93859333334,429443.08899333334,65,246,63218.61815333333,1477.0
2024-08-01,구로구,API,8,1477.0,1645.0,425959.1750419355,69327.82828387097,434826.72173548385,65,246,63462.12563225807,1426.0
2024-09-01,구로구,API,9,1426.0,1516.0,422590.314683871,69950.3243483871,430034.9739580645,65,246,62650.175958064516,1160.0
2024-10-01,구로구,API,10,1160.0,1482.0,417444.5402766667,69546.33278,424485.35917666665,65,246,62704.26104,1108.0
2024-11-01,구로구,API,11,1108.0,1465.0,418733.4135709678,69012.18151290323,425800.74244193546,65,246,60503.15666129032,1165.0
2024-12-01,구로구,API,12,1165.0,1562.0,423943.99389333336,70952.38999000001,432121.50235666666,65,246,67243.31237666667,1208.0
2025-01-01,구로구,API,1,1208.0,1443.0,426671.7806870968,69723.03594516129,437712.01611935487,78,322,67917.01003548388,1208.0
2025-02-01,구로구,API,2,1208.0,1263.0,428267.9900516129,69597.61981612904,437773.4755225807,78,322,63742.989129032256,1026.0
2025-03-01,구로구,API,3,1026.0,1197.0,426138.75842142856,69704.298225,432043.01908571424,78,322,61385.26406071428,1107.0
2025-04-01,구로구,API,4,1107.0,1288.0,422306.11466129037,68203.11326129032,428343.66374516126,78,322,61728.28733870968,1087.0
2025-05-01,구로구,API,5,1087.0,1267.0,419625.9092433333,74730.27318,425582.89967333333,78,322,64958.83655,1194.0
2025-06-01,구로구,API,6,1194.0,1311.0,414542.2619483871,70226.97359677419,422938.84288709675,78,322,61592.32791935484,1128.0
2025-07-01,구로구,API,7,1128.0,1477.0,414763.6266,74672.58368,421938.87408000004,78,322,61977.129839999994,1260.0
2025-08-01,구로구,API,8,1260.0,1426.0,415246.82826451614,73888.84548709677,423227.6557258065,78,322,62076.73720967742,1276.0
2025-09-01,구로구,API,9,1276.0,1160.0,412119.5914645161,74409.14682580644,420123.52614838706,78,322,61165.718448387095,1295.0
2025-10-01,구로구,API,10,1295.0,1108.0,414712.43754666665,74952.55771333333,422479.0166433333,78,322,64488.629903333334,1269.0
2025-11-01,구로구,API,11,1269.0,1165.0,405545.379316129,71606.67528387097,413235.3838258065,78,322,60231.099200000004,1213.0
2025-12-01,구로구,API,12,1213.0,1208.0,409999.47939666663,72353.78082,417510.34481,78,322,62925.7532,1270.0
2023-02-01,금천구,API,2,556.0,431.0,229639.24117741935,39706.104238709675,260376.26545483872,119,251,54226.58014516129,519.0
2023-03-01,금천구,API,3,519.0,432.0,231191.39635357144,39093.86799642857,264492.4760785714,119,251,55042.82672857143,607.0
2023-04-01,금천구,API,4,607.0,512.0,226735.81550967743,35932.28758064516,258667.41932580643,119,251,51838.96306451613,626.0
2023-05-01,금천구,API,5,626.0,528.0,224565.06715333334,36064.9373,254496.72552333336,119,251,52979.963910000006,757.0
2023-06-01,금천구,API,6,757.0,583.0,223598.5324483871,35769.587896774196,252609.85210967742,119,251,51958.01887741936,647.0
2023-07-01,금천구,API,7,647.0,582.0,225468.93876666666,36989.20937333334,256485.82675666668,119,251,52469.40808333333,734.0
2023-08-01,금천구,API,8,734.0,706.0,226157.5906548387,35860.14283548387,257489.23991935485,119,251,51359.910654838706,772.0
2023-09-01,금천구,API,9,772.0,634.0,223154.60985161288,35876.488064516125,254454.31197419355,119,251,50969.704332258065,706.0
2023-10-01,금천구,API,10,706.0,579.0,221344.37770666665,34929.02729,249651.15946999998,119,251,50018.87632,659.0
2023-11-01,금천구,API,11,659.0,653.0,220098.93660645164,34585.0981483871,247129.4032,119,251,48196.668280645164,645.0
2023-12-01,금천구,API,12,645.0,635.0,223725.61634,34900.64227,256146.43936333334,119,251,55095.440896666674,692.0
2024-01-01,금천구,API,1,692.0,556.0,227118.10456774195,34134.25282903226,256122.57915806453,73,179,52276.33712258065,636.0
2024-02-01,금천구,API,2,636.0,519.0,227896.1591419355,33510.30678387097,258946.29132580647,73,179,52161.48515483871,541.0
2024-03-01,금천구,API,3,541.0,607.0,227833.4597862069,34556.390548275864,258846.89996551725,73,179,52682.12089310345,544.0
2024-04-01,금천구,API,4,544.0,626.0,226943.38506129032,33824.66641612903,255061.31398387096,73,179,49364.10715483871,560.0
2024-05-01,금천구,API,5,560.0,757.0,224777.06031333332,36886.463176666664,254387.51933,73,179,52420.31596666667,595.0
2024-06-01,금천구,API,6,595.0,647.0,223194.90172258063,38070.90736774194,251041.96128387097,73,179,50081.10600645161,620.0
2024-07-01,금천구,API,7,620.0,734.0,222712.63821333332,38338.08482333333,250283.24559333333,73,179,50941.32285333333,630.0
2024-08-01,금천구,API,8,630.0,772.0,227099.6761935484,37757.88220645161,261142.26054838707,73,179,55393.100616129035,669.0
2024-09-01,금천구,API,9,669.0,706.0,224678.93166451613,37704.52333870968,253330.98622258066,73,179,51981.623325806446,556.0
2024-10-01,금천구,API,10,556.0,659.0,220533.6102,36854.59247333333,245935.65806,73,179,49927.168139999994,533.0
2024-11-01,금천구,API,11,533.0,645.0,221413.90278709677,37129.80075483871,247820.15931935483,73,179,49510.240403225805,537.0
2024-12-01,금천구,API,12,537.0,692.0,222780.19926666666,37882.71327666667,251248.43764666666,73,179,53477.67838666667,600.0
2025-01-01,금천구,API,1,600.0,636.0,223313.47958064516,37325.065035483865,250593.15577096774,60,134,51819.71407096774,560.0
2025-02-01,금천구,API,2,560.0,541.0,223492.1446419355,37018.480606451616,249408.4969387097,60,134,49132.11915483871,532.0
2025-03-01,금천구,API,3,532.0,544.0,226637.83397857143,37933.9497,257405.87721785714,60,134,51873.816432142856,535.0
2025-04-01,금천구,API,4,535.0,560.0,222172.8031516129,37717.59177096774,248545.9426483871,60,134,48796.978125806454,525.0
2025-05-01,금천구,API,5,525.0,595.0,222171.17059000002,40897.048103333334,250665.15065666666,60,134,53579.78442,569.0
2025-06-01,금천구,API,6,569.0,620.0,218762.84958387096,39250.150735483876,243647.87638387096,60,134,47408.33807741936,551.0
2025-07-01,금천구,API,7,551.0,630.0,219735.94796,41331.64084666666,246756.86343333332,60,134,49347.37210666667,662.0
2025-08-01,금천구,API,8,662.0,669.0,220150.00378709676,40256.80806774194,252272.01111290322,60,134,51989.92094516129,605.0
2025-09-01,금천구,API,9,605.0,556.0,217258.4341,39601.221122580646,245107.57534516128,60,134,48411.515151612904,584.0
2025-10-01,금천구,API,10,584.0,533.0,217107.99343333335,39543.52423333333,247011.4118166667,60,134,52003.4279,575.0
2025-11-01,금천구,API,11,575.0,537.0,211363.70871935485,37408.33660322581,235172.70579354838,60,134,46929.87301612903,588.0
2025-12-01,금천구,API,12,588.0,600.0,215513.04325333334,38309.95634333333,241834.05966666667,60,134,49060.45815,643.0
2018-05-01,노원구,API,5,1455.0,1523.0,567941.4091384615,142836.92629615383,585009.8318730769,467,663,39330.920911538466,1532.0
2018-06-01,노원구,API,6,1532.0,1464.0,557352.0542258065,142970.8302612903,576657.8304419356,467,663,39538.44420645161,1598.0
2018-07-01,노원구,API,7,1598.0,1565.0,558908.68697,136355.21233666668,574979.0645733332,467,663,37272.310483333335,1564.0
2018-08-01,노원구,API,8,1564.0,1568.0,552728.4960483871,136337.14967096774,569551.7624580645,467,663,36804.286045161294,1617.0
2018-09-01,노원구,API,9,1617.0,1519.0,546448.9238193549,136932.93915483874,562550.306367742,467,663,36469.20830967742,1471.0
2018-10-01,노원구,API,10,1471.0,1507.0,556091.98827,128182.13349,571285.9840366667,467,663,43673.51901333334,1419.0
2018-11-01,노원구,API,11,1419.0,1422.0,558723.8714419354,129475.8718,573506.8751935484,467,663,38614.92324516129,1374.0
2018-12-01,노원구,API,12,1374.0,1626.0,559221.4914466667,130791.60795,575000.49451,467,663,41086.10922,1497.0
2019-01-01,노원구,API,1,1497.0,1748.0,560066.1664387097,127410.6798,572701.5524612903,235,464,39252.260993548385,1349.0
2019-02-01,노원구,API,2,1349.0,1354.0,556328.7558741936,133910.6050580645,569382.5510612903,235,464,38183.40914516129,1261.0
2019-03-01,노원구,API,3,1261.0,1449.0,544273.6443357143,129856.59300357143,557904.3162821429,235,464,40556.05013928572,1440.0
2019-04-01,노원구,API,4,1440.0,1455.0,559886.272583871,122930.44662903225,571026.1793161291,235,464,43061.6541483871,1449.0
2019-05-01,노원구,API,5,1449.0,1532.0,551493.5723133334,135652.67555333333,563748.5857966667,235,464,40604.8536,1496.0
2019-06-01,노원구,API,6,1496.0,1598.0,530518.0924645162,123355.30897741936,543366.3243387096,235,464,38760.166280645164,1479.0
2019-07-01,노원구,API,7,1479.0,1564.0,529518.1184833334,118769.56768000001,541897.9077233333,235,464,36178.887603333336,1532.0
2019-08-01,노원구,API,8,1532.0,1617.0,518055.60352258064,109317.92650967742,532355.2575709678,235,464,33519.08247096774,1530.0
2019-09-01,노원구,API,9,1530.0,1471.0,541009.4035677419,119591.29718064517,555615.667951613,235,464,35330.92149354839,1509.0
2019-10-01,노원구,API,10,1509.0,1419.0,553537.1404133333,127105.03072333333,568826.2973433334,235,464,43830.701329999996,1478.0
2019-11-01,노원구,API,11,1478.0,1374.0,559975.2072048386,126707.48075,575499.5699129032,235,464,39539.406701612905,1399.0
2019-12-01,노원구,API,12,1399.0,1497.0,562309.2449633334,124608.71482666668,577695.8300800001,235,464,40676.32249333333,1458.0
2020-01-01,노원구,API,1,1458.0,1349.0,565149.2208032259,130392.17052903226,580053.542667742,234,277,40863.618061290326,1445.0
2020-02-01,노원구,API,2,1445.0,1261.0,561592.7632387097,128534.71303548387,576883.2178096775,234,277,40832.428787096775,1160.0
2020-03-01,노원구,API,3,1160.0,1440.0,568569.3235724138,129007.12760344827,581069.3532965517,234,277,34138.21157241379,1048.0
2020-04-01,노원구,API,4,1048.0,1449.0,567108.9665032258,123061.62424193548,578935.6347935484,234,277,29841.656777419354,1042.0
2020-05-01,노원구,API,5,1042.0,1496.0,563962.11763,128011.18613333332,576785.2944233333,234,277,32116.128416666666,1092.0
2020-06-01,노원구,API,6,1092.0,1479.0,556950.2546451613,126921.84662903227,570393.6638225806,234,277,34389.9720483871,1112.0
2020-07-01,노원구,API,7,1112.0,1532.0,553222.7991633334,126392.19551,567364.3828466666,234,277,34874.49220666667,1241.0
2020-08-01,노원구,API,8,1241.0,1530.0,548274.5981516129,123775.38194516128,562816.6591516129,234,277,33687.69020645161,1170.0
2020-09-01,노원구,API,9,1170.0,1509.0,544495.8826032258,121344.96375483871,557776.2668548387,234,277,31730.978945161292,1042.0
2020-10-01,노원구,API,10,1042.0,1478.0,551075.9335633334,119365.45214333334,564652.2831266667,234,277,32184.26022333333,1185.0
2020-11-01,노원구,API,11,1185.0,1399.0,548324.8278483871,123603.4813516129,562207.0681774194,234,277,36794.467777419355,1084.0
2020-12-01,노원구,API,12,1084.0,1458.0,546403.6100666667,123226.95173333334,560107.2632899999,234,277,34614.37573666666,978.0
2021-01-01,노원구,API,1,978.0,1445.0,547283.6401161291,116219.25207096773,558096.0889806452,140,160,30147.386645161292,1031.0
2021-02-01,노원구,API,2,1031.0,1160.0,544441.9809999999,120442.89371290323,554993.5225741935,140,160,31032.70101935484,900.0
2021-03-01,노원구,API,3,900.0,1048.0,539912.4301714286,122131.027875,552150.5800642857,140,160,34634.720603571426,972.0
2021-04-01,노원구,API,4,972.0,1042.0,544736.878583871,120232.53887741936,557845.4103774194,140,160,36973.88920322581,1069.0
2021-05-01,노원구,API,5,1069.0,1092.0,540355.4010366666,127279.43722333334,553691.8589100001,140,160,34678.244763333336,1165.0
2021-06-01,노원구,API,6,1165.0,1112.0,537030.1952645162,122624.92200967742,550650.3117709678,140,160,34214.63236129032,1251.0
2021-07-01,노원구,API,7,1251.0,1241.0,535047.2539633333,124118.20106,548444.41937,140,160,34156.38107333333,1165.0
2021-08-01,노원구,API,8,1165.0,1170.0,528475.3787967742,117817.42030967741,541332.6387709677,140,160,31499.114283870967,1210.0
2021-09-01,노원구,API,9,1210.0,1042.0,525595.9221677419,116796.13695806451,537896.1619,140,160,31498.28405483871,1147.0
2021-10-01,노원구,API,10,1147.0,1185.0,528414.5991133334,117119.48375,541018.4026766666,140,160,36675.89842666667,1074.0
2021-11-01,노원구,API,11,1074.0,1084.0,528717.8152677419,116904.4297451613,541445.4029354838,140,160,33834.422238709674,1077.0
2021-12-01,노원구,API,12,1077.0,978.0,527982.2412166666,118285.24895666666,541316.9644933332,140,160,35252.08902333333,973.0
2022-01-01,노원구,API,1,973.0,1031.0,529965.7302,114650.19721290322,541793.5470419355,140,109,33984.39496129032,1120.0
2022-02-01,노원구,API,2,1120.0,900.0,525487.3151064516,111878.2329967742,536946.3339612903,140,109,34579.386600000005,1097.0
2022-03-01,노원구,API,3,1097.0,972.0,527722.5382071428,111648.88471428571,539244.6846964286,140,109,34458.759346428575,1192.0
2022-04-01,노원구,API,4,1192.0,1069.0,531385.0548741935,108009.76699999999,541980.639183871,140,109,36031.15570645161,1216.0
2022-05-01,노원구,API,5,1216.0,1165.0,525361.01087,114738.02523666667,538586.2663333333,140,109,35805.30347333333,1288.0
2022-06-01,노원구,API,6,1288.0,1251.0,529825.3635387097,114166.32128709678,545506.3469290322,140,109,37901.306670967744,1240.0
2022-07-01,노원구,API,7,1240.0,1165.0,533927.1123133333,114934.70197000001,549347.3642366666,140,109,35467.48849333333,1388.0
2022-08-01,노원구,API,8,1388.0,1210.0,516267.9538193548,109849.09997096776,530988.1695967742,140,109,33769.272848387096,1481.0
2022-09-01,노원구,API,9,1481.0,1147.0,508806.3144064516,108824.6776,522604.08469354844,140,109,32477.23181612903,1300.0
2022-10-01,노원구,API,10,1300.0,1074.0,514607.91926666663,106648.71421666667,529023.1059033333,140,109,40286.896259999994,1325.0
2022-11-01,노원구,API,11,1325.0,1077.0,515471.5139419355,104019.51068709679,529343.8318419355,140,109,35196.18802903226,1293.0
2022-12-01,노원구,API,12,1293.0,973.0,515669.3607,105614.69302666667,529229.5453733334,140,109,36706.799256666665,1407.0
2023-01-01,노원구,API,1,1407.0,1120.0,517067.4362967742,102975.13759354838,530024.7928451613,104,218,35094.864906451614,1302.0
2023-02-01,노원구,API,2,1302.0,1097.0,511292.2111,102049.74646451612,524626.558983871,104,218,35452.00305483871,1135.0
2023-03-01,노원구,API,3,1135.0,1192.0,514630.9313714286,103823.15668928572,527862.0646892857,104,218,37253.94266785714,1316.0
2023-04-01,노원구,API,4,1316.0,1216.0,517371.34653870965,100915.12666451612,530171.9311096774,104,218,40986.27136774194,1326.0
2023-05-01,노원구,API,5,1326.0,1288.0,512999.56054333335,107205.77539333333,526455.5719933334,104,218,37914.250356666664,1536.0
2023-06-01,노원구,API,6,1536.0,1240.0,508819.8922709677,103629.41214193548,523157.5082516129,104,218,37586.49168709678,1357.0
2023-07-01,노원구,API,7,1357.0,1388.0,505564.45538666664,104992.54816,519577.37683666666,104,218,35221.96343,1532.0
2023-08-01,노원구,API,8,1532.0,1481.0,502446.52413548384,101226.30168064515,516099.83107741934,104,218,34223.967348387094,1541.0
2023-09-01,노원구,API,9,1541.0,1300.0,498694.79033225804,102880.82739032258,512058.0341903226,104,218,33304.39274193549,1486.0
2023-10-01,노원구,API,10,1486.0,1325.0,507472.1643266667,103015.63041666667,522305.71002999996,104,218,40899.718759999996,1343.0
2023-11-01,노원구,API,11,1343.0,1293.0,505832.76176774193,103058.37862258065,519459.7484516129,104,218,35997.169535483874,1320.0
2023-12-01,노원구,API,12,1320.0,1407.0,511034.02683,104122.20539333332,527104.25552,104,218,40319.27459,1458.0
2024-01-01,노원구,API,1,1458.0,1302.0,517875.2286838709,100684.83624516129,536377.4852870968,66,191,41194.03315806452,1362.0
2024-02-01,노원구,API,2,1362.0,1135.0,506778.9981774193,97474.94611935485,523353.11480322585,66,191,38113.64762580645,1142.0
2024-03-01,노원구,API,3,1142.0,1316.0,503452.85717931035,99952.08612068965,516845.0869586207,66,191,39294.66505862069,1112.0
2024-04-01,노원구,API,4,1112.0,1326.0,509271.84367741935,99519.24809354838,522079.7853032258,66,191,43730.1026483871,1098.0
2024-05-01,노원구,API,5,1098.0,1536.0,503010.3765633333,107311.9805,517234.8208066666,66,191,38067.17822,1212.0
2024-06-01,노원구,API,6,1212.0,1357.0,497358.3337612903,92644.01929677419,511395.7783387097,66,191,36128.99912903226,1189.0
2024-07-01,노원구,API,7,1189.0,1532.0,493534.30238666665,93828.38176,507353.51559666666,66,191,34770.51979,1217.0
2024-08-01,노원구,API,8,1217.0,1541.0,489026.16253870964,89818.58063225808,502712.18393225805,66,191,33409.81036129032,1305.0
2024-09-01,노원구,API,9,1305.0,1486.0,481567.8335193548,92222.64395806452,495272.56060645165,66,191,33751.75522903226,1098.0
2024-10-01,노원구,API,10,1098.0,1343.0,486771.33939000004,98277.16856333334,501003.99636333337,66,191,40943.76747666667,1128.0
2024-11-01,노원구,API,11,1128.0,1320.0,490623.4009096774,98367.99767096774,503626.7894290323,66,191,36028.1279,1047.0
2024-12-01,노원구,API,12,1047.0,1458.0,489201.95486999996,99259.22568333334,502717.76522,66,191,38632.658363333336,1138.0
2025-01-01,노원구,API,1,1138.0,1362.0,487923.21715161286,95935.72267741936,501982.4546806452,71,156,36310.355154838704,1168.0
2025-02-01,노원구,API,2,1168.0,1142.0,485186.57261290326,93745.49406451613,497407.5138193549,71,156,35356.86790322581,960.0
2025-03-01,노원구,API,3,960.0,1112.0,488259.3197928571,95460.02426071429,500733.79355714284,71,156,33953.01705,1078.0
2025-04-01,노원구,API,4,1078.0,1098.0,491496.16240645165,91444.5989483871,503764.251916129,71,156,40626.62639354839,1031.0
2025-05-01,노원구,API,5,1031.0,1212.0,488111.36834,100403.86412999999,500845.0724033333,71,156,37244.16593,1169.0
2025-06-01,노원구,API,6,1169.0,1189.0,482397.55188387097,96185.27007419354,495730.36208064517,71,156,36135.50579032258,1127.0
2025-07-01,노원구,API,7,1127.0,1217.0,483077.52895,98876.79043666666,495805.93296,71,156,34884.78751,1186.0
2025-08-01,노원구,API,8,1186.0,1305.0,477324.31522580644,96353.6294516129,490672.8236580645,71,156,33507.77554516129,1185.0
2025-09-01,노원구,API,9,1185.0,1098.0,473681.26716129034,97736.29232580644,486293.54651612905,71,156,33431.59639677419,1197.0
2025-10-01,노원구,API,10,1197.0,1128.0,482177.59272333334,98444.70922,494959.49247999996,71,156,40460.00741333333,1174.0
2025-11-01,노원구,API,11,1174.0,1047.0,475298.33101935487,93574.12688709676,490100.0507903226,71,156,37363.18370967742,1200.0
2025-12-01,노원구,API,12,1200.0,1138.0,479352.17956666666,95039.42633666666,492672.00210333336,71,156,36453.51753333334,1233.0
2018-05-01,도봉구,API,5,927.0,1029.0,315897.8265192308,84326.26838846154,326285.7626346154,234,212,21620.60758076923,995.0
2018-06-01,도봉구,API,6,995.0,947.0,315828.6634580645,82889.57219354839,327205.33042580646,234,212,21594.621580645162,935.0
2018-07-01,도봉구,API,7,935.0,1038.0,318707.3683533333,82749.81146666667,329246.87677,234,212,20837.08815666667,969.0
2018-08-01,도봉구,API,8,969.0,1006.0,317368.4004967742,82028.58227096774,328138.9818903226,234,212,20937.047212903228,1074.0
2018-09-01,도봉구,API,9,1074.0,977.0,313167.83149677416,85017.62481935484,325153.40548709675,234,212,19902.28943548387,935.0
2018-10-01,도봉구,API,10,935.0,920.0,315456.6973,81276.00156,326078.3504666667,234,212,22804.23325,962.0
2018-11-01,도봉구,API,11,962.0,953.0,314899.90340645163,82041.80117096774,326907.57758387097,234,212,20294.66906451613,874.0
2018-12-01,도봉구,API,12,874.0,1030.0,314324.09399333334,82874.22139666667,326473.83308333333,234,212,21504.448026666665,989.0
2019-01-01,도봉구,API,1,989.0,1076.0,319136.07864516124,81160.64222903225,329435.3451548387,219,245,21460.347187096773,921.0
2019-02-01,도봉구,API,2,921.0,865.0,317940.6383258065,87553.31473870967,327620.37852258066,219,245,21199.16531935484,857.0
2019-03-01,도봉구,API,3,857.0,896.0,309672.7381214286,84811.5077,319276.9499285714,219,245,22455.963085714287,883.0
2019-04-01,도봉구,API,4,883.0,927.0,311222.78882258065,79776.62355483872,321357.22950645164,219,245,20084.719703225805,882.0
2019-05-01,도봉구,API,5,882.0,995.0,306447.0855333333,87043.66207333333,317458.1187966667,219,245,20601.7675,931.0
2019-06-01,도봉구,API,6,931.0,935.0,296742.4609612903,79763.06326774193,307427.5533806452,219,245,19889.187077419356,895.0
2019-07-01,도봉구,API,7,895.0,969.0,295857.81141333334,76977.29597666668,305806.0777466667,219,245,18962.651476666666,969.0
2019-08-01,도봉구,API,8,969.0,1074.0,289250.90468064515,70266.23787096774,298509.4109870967,219,245,17343.30948064516,988.0
2019-09-01,도봉구,API,9,988.0,935.0,291589.31082258065,73385.68101935483,300765.45586451615,219,245,18005.247661290323,876.0
2019-10-01,도봉구,API,10,876.0,962.0,289635.00080333336,73682.20536666666,297365.21409333334,219,245,21672.551776666667,926.0
2019-11-01,도봉구,API,11,926.0,874.0,291566.2239693549,73546.00332419355,300703.0930290322,219,245,19026.610503225806,864.0
2019-12-01,도봉구,API,12,864.0,989.0,296706.36502,71814.04644666666,305393.0525633333,219,245,19947.332739999998,922.0
2020-01-01,도봉구,API,1,922.0,921.0,298842.9617612903,78952.81696129033,306783.53657419357,191,270,21363.39473548387,895.0
2020-02-01,도봉구,API,2,895.0,857.0,299959.21715483867,78313.79478709678,307304.9594032258,191,270,22151.22132580645,674.0
2020-03-01,도봉구,API,3,674.0,883.0,301835.5487827586,76712.56368965517,308307.2365,191,270,17818.077151724137,658.0
2020-04-01,도봉구,API,4,658.0,882.0,301390.4793516129,74568.7666,307045.85362580646,191,270,15993.010712903226,672.0
2020-05-01,도봉구,API,5,672.0,931.0,298883.8248933333,77110.76944666666,305114.0509533333,191,270,17364.597856666667,763.0
2020-06-01,도봉구,API,6,763.0,895.0,297698.6945064516,76277.39632903226,304510.1131645161,191,270,18720.967396774195,769.0
2020-07-01,도봉구,API,7,769.0,969.0,297584.9352133333,77302.16935666667,304865.65317666664,191,270,18085.22614333333,862.0
2020-08-01,도봉구,API,8,862.0,988.0,295926.9740290323,74471.58393225807,303387.7031322581,191,270,18080.868832258064,843.0
2020-09-01,도봉구,API,9,843.0,876.0,294134.2881516129,74822.04755806451,300504.35847419355,191,270,16764.469051612905,769.0
2020-10-01,도봉구,API,10,769.0,926.0,297643.8931133334,74518.48663,303651.0469433333,191,270,17439.007456666666,826.0
2020-11-01,도봉구,API,11,826.0,864.0,292381.4820387097,74728.0024064516,298880.2273580645,191,270,19499.156374193546,754.0
2020-12-01,도봉구,API,12,754.0,922.0,289537.14153666666,74118.38202333334,296020.6381866667,191,270,18295.97373,635.0
2021-01-01,도봉구,API,1,635.0,895.0,295172.1053548387,70649.82323870967,300405.5750451613,98,154,16525.44343548387,719.0
2021-02-01,도봉구,API,2,719.0,674.0,295726.2357354839,72949.32714516128,300708.13292580645,98,154,16855.606067741937,680.0
2021-03-01,도봉구,API,3,680.0,658.0,294263.4051678571,73992.48229285715,299838.4092357143,98,154,18700.799121428572,744.0
2021-04-01,도봉구,API,4,744.0,672.0,292851.819216129,71529.89226451612,299591.9068064516,98,154,18011.573622580643,788.0
2021-05-01,도봉구,API,5,788.0,763.0,290641.70361333335,75463.84741,297544.5304233333,98,154,18220.535733333334,844.0
2021-06-01,도봉구,API,6,844.0,769.0,290562.0660290323,72651.59994193548,297144.1188935484,98,154,18502.742216129034,946.0
2021-07-01,도봉구,API,7,946.0,862.0,287394.6337566667,73130.70381666668,294773.57409999997,98,154,17951.24309,846.0
2021-08-01,도봉구,API,8,846.0,843.0,288552.8343612903,72319.44698709677,295326.45807096775,98,154,16931.0106516129,906.0
2021-09-01,도봉구,API,9,906.0,769.0,288356.24131935486,73882.09811290322,294489.8359225806,98,154,16584.477306451612,819.0
2021-10-01,도봉구,API,10,819.0,826.0,290627.8367366667,73936.63812666666,297254.4897533333,98,154,18984.193366666666,815.0
2021-11-01,도봉구,API,11,815.0,754.0,288820.2837451613,73290.64311612904,296204.05896451615,98,154,17658.923474193547,782.0
2021-12-01,도봉구,API,12,782.0,635.0,287487.86490000004,73841.20104,295245.38471666665,98,154,18618.21505,740.0
2022-01-01,도봉구,API,1,740.0,719.0,289710.17329677416,72039.41552580646,296419.4023129032,81,105,17571.679719354837,760.0
2022-02-01,도봉구,API,2,760.0,680.0,290912.1396516129,72430.33721935483,297173.3665,81,105,18733.13788064516,688.0
2022-03-01,도봉구,API,3,688.0,744.0,290683.8506928572,71961.8086,296769.5616214286,81,105,17736.98889642857,843.0
2022-04-01,도봉구,API,4,843.0,788.0,288909.1415612903,68405.29396129033,295305.52473225805,81,105,16800.84412903226,868.0
2022-05-01,도봉구,API,5,868.0,844.0,286464.95821,73030.98990333333,294665.61398333334,81,105,17733.63032,932.0
2022-06-01,도봉구,API,6,932.0,946.0,288747.0789548387,72410.29550967742,297851.6791451613,81,105,19050.44280645161,926.0
2022-07-01,도봉구,API,7,926.0,846.0,290936.9533633333,72963.08784,299513.59081666666,81,105,18246.083543333334,1023.0
2022-08-01,도봉구,API,8,1023.0,906.0,282468.88399999996,68490.43446451613,290509.2112935484,81,105,17591.33893870968,1072.0
2022-09-01,도봉구,API,9,1072.0,819.0,279240.63167419354,66941.59536129032,286838.67125161295,81,105,16712.017306451613,977.0
2022-10-01,도봉구,API,10,977.0,815.0,281188.80234999995,64944.246210000005,289222.0544466667,81,105,19567.427366666667,995.0
2022-11-01,도봉구,API,11,995.0,782.0,280061.0307451613,62634.77147096774,288170.9717064516,81,105,17858.092616129034,989.0
2022-12-01,도봉구,API,12,989.0,740.0,280199.1142866667,63726.360146666666,288597.39467666665,81,105,18162.686953333334,993.0
2023-01-01,도봉구,API,1,993.0,760.0,281934.00880645163,61998.71387096774,289878.380467742,69,145,17852.954564516127,941.0
2023-02-01,도봉구,API,2,941.0,688.0,282806.5732806452,62099.9410483871,290169.6218419355,69,145,19017.63471935484,870.0
2023-03-01,도봉구,API,3,870.0,843.0,280401.90022857144,61877.171671428565,288426.37713214284,69,145,17802.06167142857,963.0
2023-04-01,도봉구,API,4,963.0,868.0,279520.2826483871,59419.91709677419,287938.7333935484,69,145,18371.789874193546,1020.0
2023-05-01,도봉구,API,5,1020.0,932.0,278077.01074,62565.131563333336,286260.26378,69,145,18699.558166666666,1066.0
2023-06-01,도봉구,API,6,1066.0,926.0,275662.05829354835,60977.799154838714,283978.7402032258,69,145,18592.86424516129,1011.0
2023-07-01,도봉구,API,7,1011.0,1023.0,274845.81973333337,62173.58299,283114.03652333334,69,145,17971.444236666666,1063.0
2023-08-01,도봉구,API,8,1063.0,1072.0,274854.87024193554,59756.5922,282566.49379677424,69,145,17569.50648387097,1077.0
2023-09-01,도봉구,API,9,1077.0,977.0,272069.57371290325,60046.70030645162,279998.44429677416,69,145,16554.970041935485,995.0
2023-10-01,도봉구,API,10,995.0,995.0,275087.28571666667,59906.340696666666,283240.5129533333,69,145,19807.94222333333,1017.0
2023-11-01,도봉구,API,11,1017.0,989.0,273268.3556193548,60828.433080645154,281250.2386967742,69,145,18272.904838709677,922.0
2023-12-01,도봉구,API,12,922.0,993.0,275394.82393666665,61644.96933666666,285139.81347000005,69,145,20073.20879,981.0
2024-01-01,도봉구,API,1,981.0,941.0,281186.99827741936,60539.20918709677,292249.9336935484,44,132,21883.170980645158,960.0
2024-02-01,도봉구,API,2,960.0,870.0,278066.6994096774,58184.29592580645,288049.10252580646,44,132,20963.539796774192,806.0
2024-03-01,도봉구,API,3,806.0,963.0,277079.6263241379,60330.57134827586,285301.2737586207,44,132,20884.92965517241,793.0
2024-04-01,도봉구,API,4,793.0,1020.0,275868.10727419355,58956.579241935484,283574.09629032254,44,132,20228.56901612903,791.0
2024-05-01,도봉구,API,5,791.0,1066.0,271587.9611933333,62272.31589,279640.88502999995,44,132,18634.554196666668,882.0
2024-06-01,도봉구,API,6,882.0,1011.0,269775.2179032258,52910.9987967742,277694.14698387095,44,132,17714.85284516129,864.0
2024-07-01,도봉구,API,7,864.0,1063.0,269861.44939666666,54092.17848333333,277540.24042,44,132,17718.240583333336,864.0
2024-08-01,도봉구,API,8,864.0,1077.0,272416.35491935484,53168.18725483871,280128.16412903223,44,132,17465.16670322581,840.0
2024-09-01,도봉구,API,9,840.0,995.0,271971.97168064513,54102.92317419355,280503.5882419355,44,132,17211.716374193547,737.0
2024-10-01,도봉구,API,10,737.0,1017.0,273336.63856,58983.98757,281631.3323633333,44,132,19698.789893333334,699.0
2024-11-01,도봉구,API,11,699.0,922.0,272474.0378516129,58072.27636451613,280776.7274935484,44,132,17946.832958064515,695.0
2024-12-01,도봉구,API,12,695.0,981.0,271593.0393866667,58546.89099666666,279993.9292233333,44,132,18925.79708,780.0
2025-01-01,도봉구,API,1,780.0,960.0,272030.90612580645,55388.87906774194,280362.7458806451,43,90,18208.55932580645,831.0
2025-02-01,도봉구,API,2,831.0,806.0,275015.7407193549,54450.46378387097,282061.04646451614,43,90,18784.511812903227,647.0
2025-03-01,도봉구,API,3,647.0,793.0,275062.9780214286,55293.45567857143,283012.61726428574,43,90,16662.554642857143,755.0
2025-04-01,도봉구,API,4,755.0,791.0,274189.4890483871,52754.05543548387,281921.50375806453,43,90,17909.820012903227,694.0
2025-05-01,도봉구,API,5,694.0,882.0,271811.4098533333,57588.414463333334,279991.40815333335,43,90,17633.54321,755.0
2025-06-01,도봉구,API,6,755.0,864.0,270014.6685870968,54892.757703225805,278160.1894451613,43,90,17746.476596774195,773.0
2025-07-01,도봉구,API,7,773.0,864.0,270405.33953666664,57245.36990333333,278484.92798,43,90,17676.60050333333,876.0
2025-08-01,도봉구,API,8,876.0,840.0,268694.00947419356,55400.15983548387,277076.12341612903,43,90,16883.403183870967,817.0
2025-09-01,도봉구,API,9,817.0,737.0,266559.5138032258,54995.84191935484,274704.7821645161,43,90,16985.102864516128,817.0
2025-10-01,도봉구,API,10,817.0,699.0,268285.12932666665,56848.33404666666,277081.41976333334,43,90,18351.27216666667,822.0
2025-11-01,도봉구,API,11,822.0,695.0,267623.68646451615,53982.96405806452,277016.11432580644,43,90,18793.34710967742,734.0
2025-12-01,도봉구,API,12,734.0,780.0,267786.70240333333,54165.236593333335,276255.2442933333,43,90,17769.95407666667,820.0
2018-05-01,동대문구,API,5,1105.0,1219.0,415193.16894615383,90339.32706153845,422758.7916653846,222,365,37522.32681153846,1291.0
2018-06-01,동대문구,API,6,1291.0,1279.0,408801.6495774194,87776.55530967742,418396.5648548387,222,365,36800.84437096774,1253.0
2018-07-01,동대문구,API,7,1253.0,1276.0,407942.31389666663,87095.68821666666,415887.17515666666,222,365,35046.324106666674,1325.0
2018-08-01,동대문구,API,8,1325.0,1346.0,392513.38498064515,84193.46142580645,400292.0666225807,222,365,35172.189170967744,1276.0
2018-09-01,동대문구,API,9,1276.0,1202.0,389725.0882967742,83415.74750322581,397403.39696451614,222,365,35285.59693548387,1177.0
2018-10-01,동대문구,API,10,1177.0,1144.0,407149.35326,79640.35969,417717.5371133333,222,365,40397.461260000004,1164.0
2018-11-01,동대문구,API,11,1164.0,1119.0,413529.5896225807,83833.27728064515,422035.0478548387,222,365,36412.9075,1043.0
2018-12-01,동대문구,API,12,1043.0,1218.0,413870.0824766667,85695.58453000001,423509.6095266667,222,365,39229.50361666667,1242.0
2019-01-01,동대문구,API,1,1242.0,1258.0,409827.72963225807,81670.23898387096,417800.3638483871,188,340,36827.312667741935,1070.0
2019-02-01,동대문구,API,2,1070.0,1076.0,396378.28816129034,84554.18052580644,404109.45378387097,188,340,37829.59194838709,939.0
2019-03-01,동대문구,API,3,939.0,1156.0,382127.5906464286,79494.35285,390427.9847678571,188,340,38395.884874999996,1143.0
2019-04-01,동대문구,API,4,1143.0,1105.0,407989.6197322581,72860.12030967743,416893.8477,188,340,41386.46809354839,1126.0
2019-05-01,동대문구,API,5,1126.0,1291.0,403432.75128,86015.35054666667,410288.60945000005,188,340,37290.818686666666,1192.0
2019-06-01,동대문구,API,6,1192.0,1253.0,390856.64583870966,76757.60138387096,397531.9357612903,188,340,34619.798106451606,1115.0
2019-07-01,동대문구,API,7,1115.0,1325.0,388359.0271233333,73815.01224333333,395299.48454333335,188,340,32880.336143333334,1167.0
2019-08-01,동대문구,API,8,1167.0,1276.0,368750.37001612905,67281.00878387097,375881.42631290323,188,340,30876.649796774193,1249.0
2019-09-01,동대문구,API,9,1249.0,1177.0,379224.7920419355,70946.54480645161,386435.7294548387,188,340,32236.47400967742,1191.0
2019-10-01,동대문구,API,10,1191.0,1164.0,395469.50729,72376.93030666668,404085.06676333334,188,340,39081.679286666666,1156.0
2019-11-01,동대문구,API,11,1156.0,1043.0,399473.69879677414,77629.7747935484,406463.48112258065,188,340,35830.02915967742,1085.0
2019-12-01,동대문구,API,12,1085.0,1242.0,402463.11347333336,75300.08329,410508.6244166667,188,340,36385.53785333333,1119.0
2020-01-01,동대문구,API,1,1119.0,1070.0,401097.1222935484,79503.69308064516,408782.6157903226,158,222,37101.66753225806,1044.0
2020-02-01,동대문구,API,2,1044.0,939.0,383743.9828967742,75398.17078709678,390649.0247806452,158,222,36484.760341935485,823.0
2020-03-01,동대문구,API,3,823.0,1143.0,391694.4000310345,75261.37602758622,397624.89617931034,158,222,31025.70132413793,682.0
2020-04-01,동대문구,API,4,682.0,1126.0,389040.7975225806,73058.22081935484,393852.5761451613,158,222,26727.249109677417,756.0
2020-05-01,동대문구,API,5,756.0,1192.0,390213.11901666666,77812.63955666666,395978.5352733333,158,222,28623.813626666666,831.0
2020-06-01,동대문구,API,6,831.0,1115.0,387799.56798064517,77843.7659548387,393715.2267258064,158,222,29937.997406451614,896.0
2020-07-01,동대문구,API,7,896.0,1167.0,390064.8629966667,78413.26510666666,397103.0858933333,158,222,30624.934503333334,1007.0
2020-08-01,동대문구,API,8,1007.0,1249.0,384107.0544032258,76102.87572903225,391885.66038387094,158,222,29473.210196774195,918.0
2020-09-01,동대문구,API,9,918.0,1191.0,381364.92222580645,75149.73388387097,387500.68233870965,158,222,27324.62413548387,854.0
2020-10-01,동대문구,API,10,854.0,1156.0,386619.85553,74416.19812,392822.55905333336,158,222,29052.998773333333,863.0
2020-11-01,동대문구,API,11,863.0,1085.0,380078.5200645161,75605.13538709677,387026.3412903226,158,222,31737.28977096774,779.0
2020-12-01,동대문구,API,12,779.0,1119.0,379961.5979766667,76093.98417000001,386398.9323766667,158,222,30516.641353333333,739.0
2021-01-01,동대문구,API,1,739.0,1044.0,379907.61197741935,74733.7209967742,384532.0548903226,108,150,25875.95726451613,790.0
2021-02-01,동대문구,API,2,790.0,823.0,372863.17082903226,75549.05669354838,377165.4881483871,108,150,27108.64204516129,738.0
2021-03-01,동대문구,API,3,738.0,682.0,369664.7982357143,75273.31725357144,375047.3274857143,108,150,30557.792275000003,796.0
2021-04-01,동대문구,API,4,796.0,756.0,379644.19565806456,73421.49731612903,385784.3104451613,108,150,34565.32227741935,787.0
2021-05-01,동대문구,API,5,787.0,831.0,378510.19031000003,80784.02004,385004.4256733333,108,150,30256.331376666665,916.0
2021-06-01,동대문구,API,6,916.0,896.0,375335.04617096775,78031.59600322582,381664.3481806452,108,150,29205.706874193547,1029.0
2021-07-01,동대문구,API,7,1029.0,1007.0,374340.92211,78174.52994666666,381238.4813033333,108,150,29719.725326666667,1038.0
2021-08-01,동대문구,API,8,1038.0,918.0,364748.40547419357,72180.8701548387,370555.8320580645,108,150,27092.963370967744,985.0
2021-09-01,동대문구,API,9,985.0,854.0,366017.80230000004,71726.6326064516,371384.8851032258,108,150,27714.20267741936,973.0
2021-10-01,동대문구,API,10,973.0,863.0,372523.14668,70837.44936,379275.8212033333,108,150,31246.373770000002,859.0
2021-11-01,동대문구,API,11,859.0,779.0,372513.11151612905,71990.0480935484,379237.5701483871,108,150,29181.708806451614,901.0
2021-12-01,동대문구,API,12,901.0,739.0,374417.77144000004,74548.79842333333,382519.54096,108,150,31751.512143333333,810.0
2022-01-01,동대문구,API,1,810.0,790.0,374287.86087741936,71765.94235806451,381399.88088709675,96,100,29024.599496774194,944.0
2022-02-01,동대문구,API,2,944.0,738.0,366516.14412580646,71168.94648064517,372817.872,96,100,30216.53698064516,824.0
2022-03-01,동대문구,API,3,824.0,796.0,371836.9502642857,71264.44133571429,377593.0354214286,96,100,30189.535339285714,1002.0
2022-04-01,동대문구,API,4,1002.0,787.0,382584.29065161286,69137.70023548386,388000.19748064515,96,100,32878.73425806451,985.0
2022-05-01,동대문구,API,5,985.0,916.0,377602.3585866667,75949.93092,384638.93833333335,96,100,30464.254456666666,1064.0
2022-06-01,동대문구,API,6,1064.0,1029.0,383438.33378387097,75600.78151935483,390996.3316354839,96,100,32588.62749032258,979.0
2022-07-01,동대문구,API,7,979.0,1038.0,388331.81947333337,75979.78235333334,396328.4712566667,96,100,31261.24939333333,1101.0
2022-08-01,동대문구,API,8,1101.0,985.0,370508.8094741936,70662.97289354839,378510.5023774193,96,100,29900.700587096773,1198.0
2022-09-01,동대문구,API,9,1198.0,973.0,368711.9502516129,69919.16915806451,375369.2720935484,96,100,29935.3546,1122.0
2022-10-01,동대문구,API,10,1122.0,859.0,378644.3669466667,68588.93497999999,387052.50162,96,100,36423.15456666667,1115.0
2022-11-01,동대문구,API,11,1115.0,901.0,378559.892467742,68146.7498516129,386316.27352903225,96,100,31267.043851612903,1060.0
2022-12-01,동대문구,API,12,1060.0,810.0,382569.4438233333,70691.86276333334,390539.56697999995,96,100,32864.514416666665,1168.0
2023-01-01,동대문구,API,1,1168.0,944.0,385022.58265161293,68054.50228709678,392809.78629677417,103,183,31353.458867741938,1093.0
2023-02-01,동대문구,API,2,1093.0,824.0,366406.4913451613,65010.388151612904,373785.6933290323,103,183,31320.240512903223,945.0
2023-03-01,동대문구,API,3,945.0,1002.0,374361.58623571426,65169.67725,381157.51205,103,183,34740.06857142857,1065.0
2023-04-01,동대문구,API,4,1065.0,985.0,393326.29357096774,62828.93053548387,400819.9975548387,103,183,39493.393774193544,1124.0
2023-05-01,동대문구,API,5,1124.0,1064.0,388085.90749333333,72570.81308,395992.4842666667,103,183,33612.99188666666,1184.0
2023-06-01,동대문구,API,6,1184.0,979.0,385803.5025709678,70286.71416129032,393386.73192903225,103,183,32967.332638709675,1110.0
2023-07-01,동대문구,API,7,1110.0,1101.0,382528.52569,70005.95868,390696.08305333334,103,183,31791.29001,1235.0
2023-08-01,동대문구,API,8,1235.0,1198.0,362531.4895677419,64295.78736451613,370875.9694193548,103,183,30162.84505806452,1270.0
2023-09-01,동대문구,API,9,1270.0,1122.0,359550.03007741936,63907.22208387097,366992.1376967742,103,183,30081.231129032258,1159.0
2023-10-01,동대문구,API,10,1159.0,1115.0,380238.6546266666,63950.48672666667,389272.33150666667,103,183,36682.461906666664,1179.0
2023-11-01,동대문구,API,11,1179.0,1060.0,377744.22562580643,67982.13156129033,386023.6943870968,103,183,31452.25615483871,1040.0
2023-12-01,동대문구,API,12,1040.0,1168.0,385518.46019,69953.81570666666,394491.2244066667,103,183,35954.28983,1206.0
2024-01-01,동대문구,API,1,1206.0,1093.0,388436.4011580645,67554.58366451613,400241.7871258065,107,224,35846.91810967742,1100.0
2024-02-01,동대문구,API,2,1100.0,945.0,361915.0675903226,62029.07763870968,372572.92512258067,107,224,33138.054235483876,936.0
2024-03-01,동대문구,API,3,936.0,1065.0,355274.57342413795,62502.22225517242,363953.7215517242,107,224,34304.45576206897,907.0
2024-04-01,동대문구,API,4,907.0,1124.0,384013.9357096774,60669.16428387097,392255.0857096774,107,224,40861.13591290322,970.0
2024-05-01,동대문구,API,5,970.0,1184.0,379887.74199,72610.79525666666,388157.13469,107,224,33022.38247,994.0
2024-06-01,동대문구,API,6,994.0,1110.0,377285.399083871,61668.9397516129,384669.9073935484,107,224,31711.344012903228,994.0
2024-07-01,동대문구,API,7,994.0,1235.0,373134.9447033333,60446.4607,380921.19397,107,224,30729.02560666667,1021.0
2024-08-01,동대문구,API,8,1021.0,1270.0,357302.62599032256,56131.77536774194,364778.70653870964,107,224,30044.239806451613,1070.0
2024-09-01,동대문구,API,9,1070.0,1159.0,352322.5337258064,56023.08008709677,359683.68902903225,107,224,30460.292574193547,853.0
2024-10-01,동대문구,API,10,853.0,1179.0,366234.4342666667,59361.69267333333,374255.73471000005,107,224,36025.33164,891.0
2024-11-01,동대문구,API,11,891.0,1040.0,373153.7596580645,62691.67420645161,380773.70316774194,107,224,32451.90201935484,876.0
2024-12-01,동대문구,API,12,876.0,1206.0,373015.02258333337,65495.49578666667,381060.15625999996,107,224,34362.52692,920.0
2025-01-01,동대문구,API,1,920.0,1100.0,368630.72141935484,63015.25591935484,375955.6451354839,112,236,32865.84459677419,944.0
2025-02-01,동대문구,API,2,944.0,936.0,346432.48917741934,58002.49673225806,352353.5842677419,112,236,30680.88286451613,736.0
2025-03-01,동대문구,API,3,736.0,907.0,354883.8902678572,58157.385546428566,360396.92380357144,112,236,32675.956396428573,884.0
2025-04-01,동대문구,API,4,884.0,970.0,377127.2374225806,55490.74635483871,383380.57402903226,112,236,38052.916125806456,858.0
2025-05-01,동대문구,API,5,858.0,994.0,375935.19794000004,66708.90137666666,382595.70459333336,112,236,32857.08029666667,908.0
2025-06-01,동대문구,API,6,908.0,994.0,370916.6263419355,62553.29186774194,378637.08333548385,112,236,31323.732396774194,884.0
2025-07-01,동대문구,API,7,884.0,1021.0,370660.61202666664,64439.03614,378180.08830999996,112,236,30333.55370666667,1010.0
2025-08-01,동대문구,API,8,1010.0,1070.0,355837.5286612903,59722.69682580645,363522.58817096776,112,236,29257.306351612904,958.0
2025-09-01,동대문구,API,9,958.0,853.0,353143.29423870967,59318.008070967735,360493.0615516129,112,236,29381.224435483873,1023.0
2025-10-01,동대문구,API,10,1023.0,891.0,375639.15582,74763.54130333333,382204.25258000003,112,236,36750.37639333333,963.0
2025-11-01,동대문구,API,11,963.0,876.0,366234.68911290326,73380.63308709678,376208.1231677419,112,236,30358.370406451613,935.0
2025-12-01,동대문구,API,12,935.0,920.0,374996.82758000004,74326.36907666667,382616.29688333336,112,236,32193.173396666665,1027.0
2018-05-01,동작구,API,5,864.0,931.0,451619.7524384615,81185.94609615384,463598.2871653846,178,158,39009.788957692304,979.0
2018-06-01,동작구,API,6,979.0,936.0,447081.1296806451,78721.28567096774,461282.5469451613,178,158,37983.73250967742,915.0
2018-07-01,동작구,API,7,915.0,958.0,448539.3965466667,73175.07331333333,460955.00402,178,158,36260.62066666667,1002.0
2018-08-01,동작구,API,8,1002.0,978.0,442955.5514709677,73200.44325806451,456826.51386129035,178,158,36667.95834193548,1050.0
2018-09-01,동작구,API,9,1050.0,948.0,439809.1196580645,75876.86331612903,454228.0968903226,178,158,34931.75579032258,901.0
2018-10-01,동작구,API,10,901.0,893.0,444501.16603333334,73280.00446,456749.67016000004,178,158,40743.35653,894.0
2018-11-01,동작구,API,11,894.0,882.0,454056.06702258065,74673.04728064516,464641.3800645161,178,158,38176.69250967742,907.0
2018-12-01,동작구,API,12,907.0,1034.0,455203.24947,76476.25761,468237.51402,178,158,41090.912646666664,1006.0
2019-01-01,동작구,API,1,1006.0,1030.0,451712.7265064516,75471.55102580645,462038.08628387103,176,239,38074.801,904.0
2019-02-01,동작구,API,2,904.0,839.0,446841.32268064516,77701.10439032258,458276.20752580644,176,239,38936.44469354839,766.0
2019-03-01,동작구,API,3,766.0,814.0,432043.1243892857,74507.18354642857,444569.093375,176,239,38097.001150000004,807.0
2019-04-01,동작구,API,4,807.0,864.0,454692.03114193544,71745.0666,465234.3091387097,176,239,40879.74186774194,896.0
2019-05-01,동작구,API,5,896.0,979.0,446873.35499333334,79399.17246666667,457915.12587333337,176,239,37721.80383999999,927.0
2019-06-01,동작구,API,6,927.0,915.0,431032.0263612903,72972.27833548386,443217.9337580645,176,239,35375.20334838709,917.0
2019-07-01,동작구,API,7,917.0,1002.0,430140.6279033333,69820.62786666668,442624.67562666663,176,239,33110.770853333335,949.0
2019-08-01,동작구,API,8,949.0,1050.0,419145.74247096776,64073.84359677419,431582.01120967744,176,239,31799.140306451613,966.0
2019-09-01,동작구,API,9,966.0,901.0,428659.27995483874,66182.27472580645,441706.15476451616,176,239,32711.06168387097,939.0
2019-10-01,동작구,API,10,939.0,894.0,436411.10354333336,67881.72877,448475.46973333333,176,239,39523.39995,904.0
2019-11-01,동작구,API,11,904.0,907.0,446793.3208532258,71129.91140645162,456358.35034354834,176,239,37614.22395483871,882.0
2019-12-01,동작구,API,12,882.0,1006.0,452167.8028633333,70639.49526,462873.9164066667,176,239,38301.76521333333,918.0
2020-01-01,동작구,API,1,918.0,904.0,450876.8033096774,75102.45520000001,461524.7582064516,152,190,39452.30080967742,896.0
2020-02-01,동작구,API,2,896.0,766.0,438167.52181290323,73417.43136129032,449779.17486774194,152,190,39166.55132580645,682.0
2020-03-01,동작구,API,3,682.0,807.0,447592.9912413793,74500.09465862068,457074.28796551726,152,190,32234.4205,689.0
2020-04-01,동작구,API,4,689.0,896.0,445078.24507096777,73051.29296774193,454114.93801290327,152,190,27317.495245161288,671.0
2020-05-01,동작구,API,5,671.0,927.0,442360.08195333334,74499.08859666667,452147.32722000004,152,190,29211.491423333333,724.0
2020-06-01,동작구,API,6,724.0,917.0,435838.2265935484,71629.24780967741,446177.1050483871,152,190,31064.192148387097,779.0
2020-07-01,동작구,API,7,779.0,949.0,433414.2672066667,71040.58101000001,444795.032,152,190,31043.41295,852.0
2020-08-01,동작구,API,8,852.0,966.0,431453.4346516129,69069.94819032258,442850.83948387095,152,190,31310.696925806453,789.0
2020-09-01,동작구,API,9,789.0,939.0,424176.2782032258,68095.60118387097,434724.85970967746,152,190,27667.80022580645,617.0
2020-10-01,동작구,API,10,617.0,904.0,424214.40421999997,67776.38728666666,435113.05413,152,190,26834.556709999997,654.0
2020-11-01,동작구,API,11,654.0,882.0,419127.13361935486,67090.96146129032,430252.36396451615,152,190,30762.78611935484,563.0
2020-12-01,동작구,API,12,563.0,918.0,418882.56945,62142.79654,429553.14221333334,152,190,29888.22621333333,563.0
2021-01-01,동작구,API,1,563.0,896.0,415700.5390774194,59411.86597419354,424005.2786612903,104,133,24977.004967741934,596.0
2021-02-01,동작구,API,2,596.0,682.0,414762.7720096774,61540.16835483871,422569.2964096774,104,133,26514.594770967742,595.0
2021-03-01,동작구,API,3,595.0,689.0,411403.59069285716,62907.09063928572,421245.6952571428,104,133,29609.883475000002,597.0
2021-04-01,동작구,API,4,597.0,671.0,416577.6876451613,66537.75860322581,427082.7993903226,104,133,31542.445696774193,696.0
2021-05-01,동작구,API,5,696.0,724.0,413734.0855333333,73555.5376,424570.1485966667,104,133,30075.444583333334,726.0
2021-06-01,동작구,API,6,726.0,779.0,410718.36729032255,70645.01261612904,421811.9419129032,104,133,28931.916032258065,752.0
2021-07-01,동작구,API,7,752.0,852.0,409326.54470666667,71426.28609333333,420901.29025666666,104,133,29564.55659333333,688.0
2021-08-01,동작구,API,8,688.0,789.0,407678.7388096774,68898.02634193549,418257.24469354836,104,133,28075.638448387097,684.0
2021-09-01,동작구,API,9,684.0,617.0,406473.44846129033,68375.49539354838,416776.0659,104,133,27435.88138064516,670.0
2021-10-01,동작구,API,10,670.0,654.0,406681.2852566667,67142.69776666666,417247.87511333334,104,133,30214.05129,649.0
2021-11-01,동작구,API,11,649.0,563.0,408651.00721935485,66979.65513225806,419344.01392903225,104,133,28993.148148387096,696.0
2021-12-01,동작구,API,12,696.0,563.0,409159.87167666666,68536.0443,419454.7539633333,104,133,31560.736373333333,632.0
2022-01-01,동작구,API,1,632.0,596.0,411960.68720322585,66245.4518,421585.0011258065,90,115,29410.17273870968,762.0
2022-02-01,동작구,API,2,762.0,595.0,408363.2699225806,66062.29659032257,417660.5809483871,90,115,30855.023216129033,806.0
2022-03-01,동작구,API,3,806.0,597.0,411437.5570107143,66033.90971071429,420573.9739964286,90,115,29335.19355,812.0
2022-04-01,동작구,API,4,812.0,696.0,419240.1568290323,64044.74999032258,426635.85844838707,90,115,32059.25584516129,846.0
2022-05-01,동작구,API,5,846.0,726.0,415092.68841,66959.64803333333,424012.1889433333,90,115,30947.845726666666,815.0
2022-06-01,동작구,API,6,815.0,752.0,419382.5004516129,67076.47217741936,429946.4338,90,115,32615.574709677418,783.0
2022-07-01,동작구,API,7,783.0,688.0,422992.1991233333,66872.06048333333,433402.42784,90,115,31657.950946666664,879.0
2022-08-01,동작구,API,8,879.0,684.0,408509.4485064516,64402.31088387097,419282.125883871,90,115,30242.97850967742,969.0
2022-09-01,동작구,API,9,969.0,670.0,404161.00112258067,65268.52227741936,414188.8609419355,90,115,29431.215193548385,887.0
2022-10-01,동작구,API,10,887.0,649.0,410385.6674033333,64625.35298333333,420353.5488833334,90,115,36238.821110000004,917.0
2022-11-01,동작구,API,11,917.0,696.0,411507.15489999996,65732.51650967741,421521.9394483871,90,115,32085.468383870968,850.0
2022-12-01,동작구,API,12,850.0,632.0,415336.08406,66713.24293666666,424601.58506,90,115,33421.149373333334,972.0
2023-01-01,동작구,API,1,972.0,762.0,420139.44310645165,65029.79749354839,430623.60545483866,134,212,32159.973780645163,839.0
2023-02-01,동작구,API,2,839.0,806.0,409849.4809032258,62554.28905483871,421117.26362903224,134,212,32290.825796774196,732.0
2023-03-01,동작구,API,3,732.0,812.0,410724.8663642857,59488.26738928571,421384.61636428576,134,212,32690.195985714287,797.0
2023-04-01,동작구,API,4,797.0,846.0,417700.54283225804,56129.794093548386,428082.2491451613,134,212,37421.5993516129,915.0
2023-05-01,동작구,API,5,915.0,815.0,411864.4061166666,60329.01213333334,421560.27496333333,134,212,33680.29714,944.0
2023-06-01,동작구,API,6,944.0,783.0,410086.1112,60554.350877419354,421176.22727096773,134,212,32783.72796129032,842.0
2023-07-01,동작구,API,7,842.0,879.0,408185.23781,60867.590253333336,419344.7097933333,134,212,31180.474136666668,931.0
2023-08-01,동작구,API,8,931.0,969.0,401172.3749870968,56948.5723516129,412289.74332580646,134,212,30292.40620967742,953.0
2023-09-01,동작구,API,9,953.0,887.0,395792.77674193546,55659.66415483871,406569.8363419355,134,212,29228.078232258064,881.0
2023-10-01,동작구,API,10,881.0,917.0,399950.71531,55328.81907,410586.2788266667,134,212,35994.87782,875.0
2023-11-01,동작구,API,11,875.0,850.0,399305.7856483871,56021.3038483871,409815.9502064516,134,212,31016.217393548384,822.0
2023-12-01,동작구,API,12,822.0,972.0,404058.08747666667,56502.02196333333,414611.19268000004,134,212,34135.772436666666,904.0
2024-01-01,동작구,API,1,904.0,839.0,408311.74140967743,54502.44397419355,419611.60921290325,78,223,34627.94503225807,850.0
2024-02-01,동작구,API,2,850.0,732.0,396257.6749516129,52000.685683870965,410395.4983387097,78,223,32150.374177419355,734.0
2024-03-01,동작구,API,3,734.0,797.0,395181.13873793103,53265.845003448274,407697.70879310346,78,223,32210.335793103448,707.0
2024-04-01,동작구,API,4,707.0,915.0,412283.57211935485,53281.11813225807,424679.6702322581,78,223,37963.84456129032,733.0
2024-05-01,동작구,API,5,733.0,944.0,408218.4533733333,60843.13903666667,420013.8736733334,78,223,33222.38703666667,748.0
2024-06-01,동작구,API,6,748.0,842.0,405869.72969999997,61256.97971612903,416850.18017741933,78,223,32264.582041935486,765.0
2024-07-01,동작구,API,7,765.0,931.0,403551.11732666666,62145.37099666667,414806.75806333334,78,223,31895.36684,780.0
2024-08-01,동작구,API,8,780.0,953.0,397023.927583871,58414.790519354836,408272.05197096773,78,223,30615.881145161293,730.0
2024-09-01,동작구,API,9,730.0,881.0,394045.9613967742,57913.75414516129,406559.5780322581,78,223,31384.749112903228,640.0
2024-10-01,동작구,API,10,640.0,875.0,395700.80085666664,57323.91107666667,407467.63007666665,78,223,36426.47175333333,672.0
2024-11-01,동작구,API,11,672.0,822.0,402955.7271032258,59396.72837741936,413498.8515064516,78,223,32793.66633870968,652.0
2024-12-01,동작구,API,12,652.0,904.0,402294.34830333333,61100.77237333333,413243.39008333336,78,223,35370.00454,725.0
2025-01-01,동작구,API,1,725.0,850.0,401213.8604483871,58550.321954838706,411639.70057096775,65,270,35087.688390322575,676.0
2025-02-01,동작구,API,2,676.0,734.0,389540.7352387097,56562.29471935484,399149.8022064516,65,270,32397.234683870967,561.0
2025-03-01,동작구,API,3,561.0,707.0,395121.64048928575,58030.80797142857,403499.1504142857,65,270,31427.122235714287,612.0
2025-04-01,동작구,API,4,612.0,733.0,403047.24417419353,57690.49931612903,412034.5483903226,65,270,37706.51591935484,592.0
2025-05-01,동작구,API,5,592.0,748.0,401507.0284833333,65261.98401666667,410292.28256,65,270,34675.814626666666,620.0
2025-06-01,동작구,API,6,620.0,765.0,394942.6363935484,59585.67682903226,404799.7519322581,65,270,33452.85183870968,626.0
2025-07-01,동작구,API,7,626.0,780.0,395881.42997,63067.179860000004,405572.91522333334,65,270,31902.40999,687.0
2025-08-01,동작구,API,8,687.0,730.0,389219.14417419356,60991.674116129034,400114.88385483867,65,270,30121.854570967742,713.0
2025-09-01,동작구,API,9,713.0,640.0,384394.1430032258,61032.75176451613,395422.8127516129,65,270,29921.284377419357,717.0
2025-10-01,동작구,API,10,717.0,672.0,399191.9269933333,62669.29269333334,409295.87925666664,65,270,38574.70207,647.0
2025-11-01,동작구,API,11,647.0,652.0,385402.79709354835,60062.42637096774,395682.3792580645,65,270,33211.62237419355,732.0
2025-12-01,동작구,API,12,732.0,725.0,396149.17788000003,61532.347806666665,405678.87317,65,270,34287.075366666664,766.0
2018-05-01,마포구,API,5,1386.0,1479.0,500878.1614269231,87546.68426153847,555929.976,258,533,74626.23067692308,1590.0
2018-06-01,마포구,API,6,1590.0,1535.0,499577.9299903226,83329.36575806452,562354.9746129032,258,533,76075.45745483872,1561.0
2018-07-01,마포구,API,7,1561.0,1585.0,495303.05486,79688.48535666666,551483.1974599999,258,533,70565.52666,1576.0
2018-08-01,마포구,API,8,1576.0,1540.0,492757.82532580645,79416.42925483872,551238.046916129,258,533,74221.31727096775,1555.0
2018-09-01,마포구,API,9,1555.0,1440.0,494769.4209096774,82782.69810000001,553716.457816129,258,533,75167.05357741936,1499.0
2018-10-01,마포구,API,10,1499.0,1472.0,496047.92613,78327.71907,551644.36627,258,533,73379.95861333334,1446.0
2018-11-01,마포구,API,11,1446.0,1366.0,509040.7079129032,87164.65722258064,570164.8612129032,258,533,76574.93831612903,1349.0
2018-12-01,마포구,API,12,1349.0,1631.0,501740.2396166667,91032.37840999999,565433.3075566667,258,533,76465.73023,1560.0
2019-01-01,마포구,API,1,1560.0,1524.0,504536.52957741934,83532.4514483871,557980.9823129033,184,297,73354.88111290323,1261.0
2019-02-01,마포구,API,2,1261.0,1334.0,501589.03570967744,90937.35665806451,557426.5109096774,184,297,77590.60078709677,1183.0
2019-03-01,마포구,API,3,1183.0,1399.0,481451.21067500004,86156.26681785715,536356.2026321428,184,297,75379.28621428572,1322.0
2019-04-01,마포구,API,4,1322.0,1386.0,502715.5124709678,79851.19345806452,557363.1795096775,184,297,71482.47396129032,1357.0
2019-05-01,마포구,API,5,1357.0,1590.0,495509.2074733333,91680.71354,544356.93434,184,297,72644.76760333333,1482.0
2019-06-01,마포구,API,6,1482.0,1561.0,487651.39910645166,83834.54319032257,540633.5592516129,184,297,70212.05530967742,1448.0
2019-07-01,마포구,API,7,1448.0,1576.0,489188.7496,82719.96625333333,540216.11352,184,297,66426.82819333333,1500.0
2019-08-01,마포구,API,8,1500.0,1555.0,477704.69638387096,76881.31550645162,534044.4681645161,184,297,67743.13397419355,1585.0
2019-09-01,마포구,API,9,1585.0,1499.0,494486.5360451613,80705.73287096774,550105.031516129,184,297,71338.4965483871,1403.0
2019-10-01,마포구,API,10,1403.0,1446.0,497950.12817333336,83398.97627666667,551160.6514399999,184,297,73588.69574666666,1493.0
2019-11-01,마포구,API,11,1493.0,1349.0,506518.511666129,86986.51424032258,565830.0529854839,184,297,77716.61947903226,1352.0
2019-12-01,마포구,API,12,1352.0,1560.0,507254.69958,84941.22658,564945.8418966667,184,297,77348.46972333334,1480.0
2020-01-01,마포구,API,1,1480.0,1261.0,507925.0579387097,88270.42309032257,566585.0853032258,203,246,80081.53285806451,1294.0
2020-02-01,마포구,API,2,1294.0,1183.0,487477.1012935484,85631.85817741936,543223.7487258064,203,246,76717.2280967742,1113.0
2020-03-01,마포구,API,3,1113.0,1322.0,492384.17396551726,85964.40761034483,543712.8986655172,203,246,69297.27965517242,967.0
2020-04-01,마포구,API,4,967.0,1357.0,471707.6814483871,84796.49911612904,517371.82017741934,203,246,59623.40332258065,1023.0
2020-05-01,마포구,API,5,1023.0,1482.0,469467.95620666665,88765.45584,517679.10817,203,246,64128.45260333333,1106.0
2020-06-01,마포구,API,6,1106.0,1448.0,464021.32782580645,87475.08061290321,510304.7602967742,203,246,63186.5987483871,1099.0
2020-07-01,마포구,API,7,1099.0,1500.0,474220.1770466667,87666.76230333332,523290.5405666667,203,246,66579.54828333334,1271.0
2020-08-01,마포구,API,8,1271.0,1585.0,472926.6717741935,86417.23791612903,526126.9291354838,203,246,68685.42516129033,1213.0
2020-09-01,마포구,API,9,1213.0,1403.0,463319.332583871,85507.2218967742,507018.83818387095,203,246,61708.066687096776,1026.0
2020-10-01,마포구,API,10,1026.0,1493.0,461924.40208333335,84197.22939666666,505318.70399666665,203,246,59134.76663333333,1101.0
2020-11-01,마포구,API,11,1101.0,1352.0,460123.4032516129,85055.95958064515,506668.2112193549,203,246,66453.34455806452,1037.0
2020-12-01,마포구,API,12,1037.0,1480.0,460860.4370433333,84554.93583,506497.33238,203,246,65407.564803333335,881.0
2021-01-01,마포구,API,1,881.0,1294.0,447115.80948064517,81189.34632903227,486200.593416129,153,194,53225.25727096775,944.0
2021-02-01,마포구,API,2,944.0,1113.0,443440.074716129,83010.45386451614,486012.9020225807,153,194,56824.949925806446,920.0
2021-03-01,마포구,API,3,920.0,967.0,444995.71359999996,83877.23087142858,496636.7874678572,153,194,65155.722075,1040.0
2021-04-01,마포구,API,4,1040.0,1023.0,455447.9996774194,84029.10955806452,507357.88917419355,153,194,66828.98878709678,1101.0
2021-05-01,마포구,API,5,1101.0,1106.0,452231.87131666666,90296.85617,503517.17948333337,153,194,67760.75887333333,1192.0
2021-06-01,마포구,API,6,1192.0,1099.0,452008.51828387094,87625.1333,504033.2445129032,153,194,66463.94322258064,1378.0
2021-07-01,마포구,API,7,1378.0,1271.0,453837.30987666664,89867.13307666667,508587.3022033333,153,194,69574.41017,1232.0
2021-08-01,마포구,API,8,1232.0,1213.0,444759.7454096774,84552.9686,489072.728116129,153,194,61146.28053225807,1261.0
2021-09-01,마포구,API,9,1261.0,1026.0,441423.8107806451,84630.02789032258,491273.02048709674,153,194,62068.89067096774,1275.0
2021-10-01,마포구,API,10,1275.0,1101.0,437440.7151466666,82793.01634666667,488223.4802,153,194,63480.62386666667,1225.0
2021-11-01,마포구,API,11,1225.0,1037.0,442751.43307096773,81837.12378709677,496241.00431935483,153,194,64881.68192580645,1232.0
2021-12-01,마포구,API,12,1232.0,881.0,453871.39406666666,83769.09011666666,505703.60280000005,153,194,70866.26363666666,1084.0
2022-01-01,마포구,API,1,1084.0,944.0,450218.90520000004,75432.60636774193,503724.423316129,101,174,66973.26960967742,1103.0
2022-02-01,마포구,API,2,1103.0,920.0,439522.8614419355,75004.28956451612,498492.74605483876,101,174,68542.40452258065,1048.0
2022-03-01,마포구,API,3,1048.0,1040.0,442659.14536428574,75325.02293214285,497642.6726535714,101,174,64608.198467857146,1201.0
2022-04-01,마포구,API,4,1201.0,1101.0,450151.3649677419,73919.19614193548,501229.7333258065,101,174,62811.45086451613,1187.0
2022-05-01,마포구,API,5,1187.0,1192.0,455201.3703066667,78769.20524666666,507947.20534,101,174,69486.25809666667,1320.0
2022-06-01,마포구,API,6,1320.0,1378.0,468122.7958516129,78099.4328451613,523953.53381935484,101,174,74792.81787096773,1248.0
2022-07-01,마포구,API,7,1248.0,1232.0,475319.5701133333,79117.48752,531620.5986033333,101,174,72985.89075666666,1389.0
2022-08-01,마포구,API,8,1389.0,1261.0,464416.6931870968,74360.26817419354,521431.14480967744,101,174,72957.50726451614,1525.0
2022-09-01,마포구,API,9,1525.0,1275.0,458431.8845258064,74758.00907741935,514265.3685129032,101,174,72507.75385483871,1409.0
2022-10-01,마포구,API,10,1409.0,1225.0,462955.95427333337,76834.56613666666,519984.24977,101,174,73884.83576333334,1414.0
2022-11-01,마포구,API,11,1414.0,1232.0,467608.06435806456,75872.45892258066,524180.5115645161,101,174,72638.23464193549,1324.0
2022-12-01,마포구,API,12,1324.0,1084.0,467456.1736766667,77772.13235666667,523792.2771333333,101,174,73377.32960333333,1445.0
2023-01-01,마포구,API,1,1445.0,1103.0,470850.08313225803,74888.87532258064,529440.4996129032,111,234,73263.28841935484,1293.0
2023-02-01,마포구,API,2,1293.0,1048.0,457835.9065806452,73507.01509032259,515134.7601580645,111,234,72976.16513870968,1129.0
2023-03-01,마포구,API,3,1129.0,1201.0,470093.30231785716,75890.83523571429,536736.9019321429,111,234,81051.30645714285,1268.0
2023-04-01,마포구,API,4,1268.0,1187.0,476400.5626064516,73202.60853548387,537686.0237032258,111,234,75367.34848064516,1330.0
2023-05-01,마포구,API,5,1330.0,1320.0,471980.75115333335,79813.00880666666,529913.10059,111,234,75655.89356666667,1477.0
2023-06-01,마포구,API,6,1477.0,1248.0,467989.6605354839,77918.75283548387,525179.3102096774,111,234,73532.36028064515,1360.0
2023-07-01,마포구,API,7,1360.0,1389.0,469241.2529766666,78483.37395,528031.1424366666,111,234,74764.1223,1430.0
2023-08-01,마포구,API,8,1430.0,1525.0,465371.3389483871,74036.61116774194,528164.9879580645,111,234,75863.4127,1421.0
2023-09-01,마포구,API,9,1421.0,1409.0,456259.1051387097,72874.8832032258,514028.00101935485,111,234,72898.93269032257,1381.0
2023-10-01,마포구,API,10,1381.0,1414.0,460683.2742366667,71212.61469,516778.8324033333,111,234,74936.83700999999,1341.0
2023-11-01,마포구,API,11,1341.0,1324.0,463242.50731935486,72760.21329677419,524367.8793967742,111,234,74760.5846967742,1261.0
2023-12-01,마포구,API,12,1261.0,1445.0,470512.4023633333,73947.38356666667,529150.6911299999,111,234,78966.81842,1405.0
2024-01-01,마포구,API,1,1405.0,1293.0,477917.1849548387,71676.93849354838,536468.203416129,87,252,79963.57470322581,1213.0
2024-02-01,마포구,API,2,1213.0,1129.0,454545.5469,67480.69898709677,509538.4886967742,87,252,74943.17261935484,1081.0
2024-03-01,마포구,API,3,1081.0,1268.0,457505.6352896552,69969.63994137931,513748.56084827584,87,252,77329.68851724139,1053.0
2024-04-01,마포구,API,4,1053.0,1330.0,472777.9186451613,68123.17509677418,532516.2489903226,87,252,76505.03238064516,1045.0
2024-05-01,마포구,API,5,1045.0,1477.0,471887.42445,76282.76563333333,529216.4238,87,252,74619.21176,1122.0
2024-06-01,마포구,API,6,1122.0,1360.0,464863.957816129,69582.7558548387,525683.6996612904,87,252,73902.1947548387,1142.0
2024-07-01,마포구,API,7,1142.0,1430.0,463502.2557133333,70738.36457333334,522426.42913,87,252,72369.84653333334,1173.0
2024-08-01,마포구,API,8,1173.0,1421.0,450670.1285193548,67212.22039354838,514338.82907741936,87,252,74314.67115806452,1214.0
2024-09-01,마포구,API,9,1214.0,1381.0,442455.0552322581,66834.67742903225,505819.34990645165,87,252,75350.83448709677,940.0
2024-10-01,마포구,API,10,940.0,1341.0,442361.41138,68895.84791333333,503707.6315466667,87,252,74801.02676000001,972.0
2024-11-01,마포구,API,11,972.0,1261.0,454659.212483871,69253.3965483871,518353.4904419355,87,252,75749.45181290324,1010.0
2024-12-01,마포구,API,12,1010.0,1405.0,456260.8309,71983.49695,517978.2386033333,87,252,78887.47948,1058.0
2025-01-01,마포구,API,1,1058.0,1213.0,455105.15468064515,69432.0846,518505.4437741935,97,207,76712.12031935484,1078.0
2025-02-01,마포구,API,2,1078.0,1081.0,436975.6703096774,67472.7511967742,494464.7698516129,97,207,72039.06952903226,987.0
2025-03-01,마포구,API,3,987.0,1053.0,445614.7138464286,68722.82623928571,514592.59035714285,97,207,79462.897575,1033.0
2025-04-01,마포구,API,4,1033.0,1045.0,452725.36234193546,66842.96256129032,516017.2428935484,97,207,74391.91551290323,1051.0
2025-05-01,마포구,API,5,1051.0,1122.0,453840.26769999997,75575.84715,514339.21016,97,207,74818.44655333334,1088.0
2025-06-01,마포구,API,6,1088.0,1142.0,449830.17716129037,70784.90565161289,512676.19481612905,97,207,74818.95764516128,1117.0
2025-07-01,마포구,API,7,1117.0,1173.0,449200.1856566667,72978.04976666666,507131.52185333334,97,207,70923.67658,1109.0
2025-08-01,마포구,API,8,1109.0,1214.0,444044.57236774196,70881.35683225807,507281.1372,97,207,74195.94671935485,1109.0
2025-09-01,마포구,API,9,1109.0,940.0,441530.76912580646,72003.09131290323,504473.28112903226,97,207,74643.05163548386,1138.0
2025-10-01,마포구,API,10,1138.0,972.0,455114.82428,73308.80798666667,518931.9073133333,97,207,79743.49065333333,1101.0
2025-11-01,마포구,API,11,1101.0,1010.0,442991.8841354839,67977.11316774193,501807.0485806452,97,207,73712.70931935485,1067.0
2025-12-01,마포구,API,12,1067.0,1058.0,455461.99888666667,69305.24532,515179.72139666666,97,207,75033.06448333334,1169.0
2018-05-01,서대문구,API,5,967.0,983.0,408191.849173077,74024.8377,424705.32880769233,158,244,45531.039269230765,987.0
2018-06-01,서대문구,API,6,987.0,915.0,409551.184383871,72181.07072580645,431157.6780225806,158,244,46621.663451612905,1049.0
2018-07-01,서대문구,API,7,1049.0,974.0,417388.73299000005,71358.38150666667,438076.8323566666,158,244,45568.62796,1087.0
2018-08-01,서대문구,API,8,1087.0,1003.0,411528.86347741936,73705.97248387097,432929.53305483866,158,244,48333.395125806455,1080.0
2018-09-01,서대문구,API,9,1080.0,951.0,401157.70270645164,73001.45887741937,420023.47735161294,158,244,46053.53955483871,1012.0
2018-10-01,서대문구,API,10,1012.0,944.0,409665.25217,69461.85972666666,436188.4110266667,158,244,49795.80760666667,998.0
2018-11-01,서대문구,API,11,998.0,886.0,418749.05132258066,73010.54073870968,446611.6903387097,158,244,48680.43196774194,961.0
2018-12-01,서대문구,API,12,961.0,1014.0,417575.48775333335,75744.53366333334,450208.92944000004,158,244,50804.26607333333,1073.0
2019-01-01,서대문구,API,1,1073.0,1041.0,422562.7257516129,72903.23941935484,445735.713616129,174,186,47681.51717741935,964.0
2019-02-01,서대문구,API,2,964.0,885.0,412786.04648387094,76705.70881612904,429699.2821645161,174,186,48345.505138709676,877.0
2019-03-01,서대문구,API,3,877.0,971.0,398001.19597142853,73177.23041071428,415985.5531,174,186,47013.69266785715,970.0
2019-04-01,서대문구,API,4,970.0,967.0,419690.2872290323,68388.1419548387,446245.10428064514,174,186,52040.64923870967,978.0
2019-05-01,서대문구,API,5,978.0,987.0,414979.35621,79011.14884333333,443100.3601433334,174,186,49613.35680666667,1042.0
2019-06-01,서대문구,API,6,1042.0,1049.0,403691.98165806447,70137.84783548387,431405.59680967743,174,186,46472.49496129032,1009.0
2019-07-01,서대문구,API,7,1009.0,1087.0,397625.39341,67905.72921666667,418888.13104,174,186,42691.956556666664,1100.0
2019-08-01,서대문구,API,8,1100.0,1080.0,384700.3556709678,61843.700351612904,404455.27739354834,174,186,42397.27568387097,1062.0
2019-09-01,서대문구,API,9,1062.0,1012.0,392159.2710483871,62893.35363870968,411278.0836903226,174,186,43362.62567741935,1010.0
2019-10-01,서대문구,API,10,1010.0,998.0,403671.33918,65498.99900333334,432988.8442333333,174,186,50736.96684,990.0
2019-11-01,서대문구,API,11,990.0,961.0,412312.1396435484,68983.77389516128,445539.6805112903,174,186,50623.97323225807,969.0
2019-12-01,서대문구,API,12,969.0,1073.0,412016.26099000004,66939.31729333333,442459.3924566667,174,186,49437.03152333333,1031.0
2020-01-01,서대문구,API,1,1031.0,964.0,408589.41928387096,69586.4036516129,439287.80230322585,161,130,51064.7329451613,983.0
2020-02-01,서대문구,API,2,983.0,877.0,389249.03256774193,66062.99844516128,414557.0546483871,161,130,49163.60103548387,769.0
2020-03-01,서대문구,API,3,769.0,970.0,395261.2372793103,65093.78936551724,417983.5041896552,161,130,42955.0578862069,736.0
2020-04-01,서대문구,API,4,736.0,978.0,387570.2824064516,64418.82426129032,405665.0052451613,161,130,36627.62406129033,745.0
2020-05-01,서대문구,API,5,745.0,1042.0,383504.6578033333,66250.06265,401839.83345,161,130,38720.89193333333,827.0
2020-06-01,서대문구,API,6,827.0,1009.0,382229.3939193548,66364.65043870968,400037.10660967743,161,130,38915.969141935486,845.0
2020-07-01,서대문구,API,7,845.0,1100.0,382062.1080966667,66900.12813,403145.1743233333,161,130,40711.67964,873.0
2020-08-01,서대문구,API,8,873.0,1062.0,377676.0048032258,64202.60919032258,394327.61504838715,161,130,39457.68065806451,869.0
2020-09-01,서대문구,API,9,869.0,1010.0,373914.061667742,64735.87660645161,387041.64273870963,161,130,35722.58372903226,827.0
2020-10-01,서대문구,API,10,827.0,990.0,377659.0817333333,66358.94526333333,391712.9338033333,161,130,35425.128866666666,913.0
2020-11-01,서대문구,API,11,913.0,969.0,375683.7118612903,68731.94166129033,391625.0618903226,161,130,39119.78367096774,877.0
2020-12-01,서대문구,API,12,877.0,1031.0,378684.8563333333,69664.67155666667,394759.31534333335,161,130,39058.20222,797.0
2021-01-01,서대문구,API,1,797.0,983.0,379935.67918387096,69370.53083548386,393007.9543290323,119,75,33519.46774516129,835.0
2021-02-01,서대문구,API,2,835.0,769.0,374891.05666129035,72442.16341612903,387634.23148064513,119,75,35006.80807419355,712.0
2021-03-01,서대문구,API,3,712.0,736.0,372489.7290107143,72408.09255,387026.1972535714,119,75,38771.85683928571,829.0
2021-04-01,서대문구,API,4,829.0,745.0,380840.27939032257,70050.81673225807,398773.98823225807,119,75,42715.625132258065,837.0
2021-05-01,서대문구,API,5,837.0,827.0,377248.58596666664,75338.30004999999,395287.80676,119,75,39944.18439666667,965.0
2021-06-01,서대문구,API,6,965.0,845.0,374632.5988129032,73006.26033225805,391087.86072258063,119,75,38254.73293225807,990.0
2021-07-01,서대문구,API,7,990.0,873.0,376303.58229333337,73837.49063333333,394581.28886,119,75,40339.88933333333,938.0
2021-08-01,서대문구,API,8,938.0,869.0,366488.9824096774,70386.1042483871,381048.27836129034,119,75,36568.366112903226,1053.0
2021-09-01,서대문구,API,9,1053.0,827.0,368093.87821612903,68875.08582903225,381203.7911838709,119,75,35922.80172580645,1021.0
2021-10-01,서대문구,API,10,1021.0,913.0,370715.85001,68077.47671333334,385755.09564666665,119,75,38609.51410666667,991.0
2021-11-01,서대문구,API,11,991.0,877.0,374275.8687774193,68495.94015806452,389430.2298032258,119,75,37858.72892903226,959.0
2021-12-01,서대문구,API,12,959.0,797.0,376268.5945566667,71040.86228666667,394614.4506766667,119,75,41964.82144,948.0
2022-01-01,서대문구,API,1,948.0,835.0,371666.50104838714,70399.51324193549,388808.2681580645,60,59,38882.89817096775,938.0
2022-02-01,서대문구,API,2,938.0,712.0,364073.36126774194,67273.24091290323,379808.48749032256,60,59,39414.654867741934,908.0
2022-03-01,서대문구,API,3,908.0,829.0,371853.6276571429,67317.90952142856,387582.9468321428,60,59,38326.59229285714,1008.0
2022-04-01,서대문구,API,4,1008.0,837.0,380253.8360419355,64542.59971935484,397006.09413870965,60,59,40970.972254838714,1007.0
2022-05-01,서대문구,API,5,1007.0,965.0,377440.4228933333,69627.52300999999,397766.07087999996,60,59,41362.19169,1018.0
2022-06-01,서대문구,API,6,1018.0,990.0,384105.6061387097,68640.2691032258,407379.70826774195,60,59,44346.8165,996.0
2022-07-01,서대문구,API,7,996.0,938.0,386732.5011833333,69008.26643999999,408126.00090000004,60,59,42964.767400000004,1103.0
2022-08-01,서대문구,API,8,1103.0,1053.0,371392.0464290323,64554.8370032258,390190.6459129032,60,59,41468.93655483871,1147.0
2022-09-01,서대문구,API,9,1147.0,1021.0,374409.93479354837,65291.85352580645,393753.8623806451,60,59,42550.98361935484,1030.0
2022-10-01,서대문구,API,10,1030.0,991.0,381845.3167266667,62884.29804,410289.8570533333,60,59,48714.8985,1100.0
2022-11-01,서대문구,API,11,1100.0,959.0,381763.53257741936,62930.60361612903,406746.3535483871,60,59,43538.47171612903,1074.0
2022-12-01,서대문구,API,12,1074.0,948.0,386097.4809766667,64289.02093333333,414365.75679333333,60,59,46287.60371333334,1115.0
2023-01-01,서대문구,API,1,1115.0,938.0,387950.790767742,61574.768812903225,411168.4449548387,83,172,43488.775551612904,976.0
2023-02-01,서대문구,API,2,976.0,908.0,371508.3052612903,60191.718325806454,392312.9866903226,83,172,42893.90339677419,903.0
2023-03-01,서대문구,API,3,903.0,1008.0,377252.0949464286,60616.30140357143,401550.8834821429,83,172,47934.80435,1070.0
2023-04-01,서대문구,API,4,1070.0,1007.0,391077.61344838707,56867.09876774194,424280.4239064516,83,172,52435.03271935484,1040.0
2023-05-01,서대문구,API,5,1040.0,1018.0,387442.80267666664,64213.21456666666,418294.91089,83,172,46853.81498333334,1155.0
2023-06-01,서대문구,API,6,1155.0,996.0,384656.1803516129,62349.07072580645,415254.1540064516,83,172,45930.97501935484,1058.0
2023-07-01,서대문구,API,7,1058.0,1103.0,380154.60600666667,62193.84972333333,407182.24301000003,83,172,44813.20704666666,1138.0
2023-08-01,서대문구,API,8,1138.0,1147.0,367426.77510645165,58002.50205483871,391147.8208806452,83,172,43894.51249354839,1209.0
2023-09-01,서대문구,API,9,1209.0,1030.0,367138.8618032258,58955.262906451615,392391.37877096777,83,172,44237.67446129032,1060.0
2023-10-01,서대문구,API,10,1060.0,1100.0,382212.57522,59407.48398333333,416440.83305666666,83,172,50034.654866666664,1077.0
2023-11-01,서대문구,API,11,1077.0,1074.0,381741.2647419355,60746.07431290323,411196.0347967742,83,172,44877.40650322581,1066.0
2023-12-01,서대문구,API,12,1066.0,1115.0,391737.7442433333,62657.936963333326,427793.1919466667,83,172,52118.41132,1100.0
2024-01-01,서대문구,API,1,1100.0,976.0,393175.4700419355,60894.89585483871,422043.1162612903,90,232,48952.77120967742,1010.0
2024-02-01,서대문구,API,2,1010.0,903.0,370597.95318387094,57517.695751612904,402614.0673064516,90,232,47601.41618709678,853.0
2024-03-01,서대문구,API,3,853.0,1070.0,366581.3904310345,58488.41514827586,399147.0128068966,90,232,48526.729037931036,862.0
2024-04-01,서대문구,API,4,862.0,1040.0,385556.7309903226,55989.304796774195,425878.79063225805,90,232,53939.9498967742,881.0
2024-05-01,서대문구,API,5,881.0,1155.0,386322.60611666663,61555.58777333333,426158.30525333335,90,232,48653.70373,939.0
2024-06-01,서대문구,API,6,939.0,1058.0,383782.0861483871,53528.4876032258,420616.7142774194,90,232,46536.623822580645,911.0
2024-07-01,서대문구,API,7,911.0,1138.0,377095.36433333333,54834.36313333334,409092.29684,90,232,45354.3489,946.0
2024-08-01,서대문구,API,8,946.0,1209.0,369659.63162903226,51374.326006451614,403731.3842129032,90,232,47295.179087096774,956.0
2024-09-01,서대문구,API,9,956.0,1060.0,369918.4532483871,54143.01804193549,398802.7305387097,90,232,45639.347980645165,815.0
2024-10-01,서대문구,API,10,815.0,1077.0,376581.75736,56429.258923333335,413134.14368,90,232,49815.82479666667,817.0
2024-11-01,서대문구,API,11,817.0,1066.0,383826.2857967742,58219.14166451613,418141.49967096775,90,232,47037.67435483871,793.0
2024-12-01,서대문구,API,12,793.0,1100.0,384977.1685166667,59969.232156666665,420829.72132333333,90,232,49974.933880000004,837.0
2025-01-01,서대문구,API,1,837.0,1010.0,382313.0661548387,57788.94409677419,413785.0703483871,102,152,47629.22822903226,820.0
2025-02-01,서대문구,API,2,820.0,853.0,364213.54271290323,55206.04340967742,391691.96004516125,102,152,43892.27021935484,682.0
2025-03-01,서대문구,API,3,682.0,862.0,370316.52853214287,55087.938749999994,403926.41365714284,102,152,48557.140335714284,722.0
2025-04-01,서대문구,API,4,722.0,881.0,386115.02036774193,52369.23324516129,425469.01938709675,102,152,53497.97249677419,734.0
2025-05-01,서대문구,API,5,734.0,939.0,385415.43260999996,60500.95883,426306.32976,102,152,50197.18401,767.0
2025-06-01,서대문구,API,6,767.0,911.0,377409.12868064514,56891.316312903225,415091.66928387096,102,152,46896.99037741936,789.0
2025-07-01,서대문구,API,7,789.0,946.0,375718.26940333337,56591.74053666667,408512.2677566667,102,152,45907.93926666667,783.0
2025-08-01,서대문구,API,8,783.0,956.0,365109.543883871,53099.094106451616,399894.1680645161,102,152,47408.305770967745,811.0
2025-09-01,서대문구,API,9,811.0,815.0,360037.16783225804,53870.93670322581,391340.0884677419,102,152,45458.93162580645,797.0
2025-10-01,서대문구,API,10,797.0,817.0,379748.0264766666,56096.32488666666,425349.5582866667,102,152,55541.96190333333,772.0
2025-11-01,서대문구,API,11,772.0,793.0,369698.0812870968,54008.58436774193,404317.33868387097,102,152,45852.14599677419,794.0
2025-12-01,서대문구,API,12,794.0,837.0,381311.28725,54478.280986666665,419236.3375833333,102,152,49361.66400333333,861.0
2018-05-01,서초구,API,5,1253.0,1202.0,568779.4298653846,97032.81411538461,743523.5012653845,167,398,147468.8200153846,1393.0
2018-06-01,서초구,API,6,1393.0,1240.0,567663.7472064517,94277.52331935483,736684.6213548386,167,398,142606.38076129032,1312.0
2018-07-01,서초구,API,7,1312.0,1288.0,568644.0460166667,88194.39552666666,743159.4845233334,167,398,140165.98743,1425.0
2018-08-01,서초구,API,8,1425.0,1345.0,570802.4067741935,86737.77971935485,759801.9665032257,167,398,148730.01401612902,1429.0
2018-09-01,서초구,API,9,1429.0,1295.0,564473.3831483871,92374.67677096775,747150.0997387096,167,398,146108.1566064516,1159.0
2018-10-01,서초구,API,10,1159.0,1238.0,554881.3128733333,88311.49150666666,714098.0333533332,167,398,133292.53110333334,1246.0
2018-11-01,서초구,API,11,1246.0,1209.0,561021.3797193548,89846.71825161291,733173.2606225807,167,398,141539.78057096776,1210.0
2018-12-01,서초구,API,12,1210.0,1434.0,568932.3916366666,91919.96292333333,746767.3457066666,167,398,152672.81068666666,1403.0
2019-01-01,서초구,API,1,1403.0,1333.0,567508.9488032259,90017.924,737846.8495612902,121,350,143230.26683548387,1205.0
2019-02-01,서초구,API,2,1205.0,1175.0,569264.187016129,92510.19719354839,759076.5865709677,121,350,155219.3707967742,1040.0
2019-03-01,서초구,API,3,1040.0,1225.0,542854.2738857142,89057.35058928572,709334.13365,121,350,140507.2566392857,1108.0
2019-04-01,서초구,API,4,1108.0,1253.0,562845.6841580645,85405.03633225807,735160.1308354839,121,350,137854.66883225806,1123.0
2019-05-01,서초구,API,5,1123.0,1393.0,556642.54376,92589.17057333334,726686.65295,121,350,145872.67155,1272.0
2019-06-01,서초구,API,6,1272.0,1312.0,538189.0430967741,83955.78129354838,696567.312732258,121,350,133176.09958709677,1258.0
2019-07-01,서초구,API,7,1258.0,1425.0,539785.06362,84019.33970666668,696634.5013366666,121,350,128010.79407333332,1353.0
2019-08-01,서초구,API,8,1353.0,1429.0,538203.4684741936,78078.51307741935,715718.0998225807,121,350,131875.07024838708,1353.0
2019-09-01,서초구,API,9,1353.0,1159.0,564990.1879225806,83096.24188709677,736648.5526096774,121,350,137077.63410000002,1256.0
2019-10-01,서초구,API,10,1256.0,1246.0,558245.6986666666,86781.35506666667,718691.6658266668,121,350,137306.10621666667,1265.0
2019-11-01,서초구,API,11,1265.0,1210.0,565102.5823451612,87639.25276612904,749642.1954161291,121,350,148762.59120645162,1225.0
2019-12-01,서초구,API,12,1225.0,1403.0,560714.5570966668,86705.86556,736483.4840999999,121,350,146251.89208333334,1319.0
2020-01-01,서초구,API,1,1319.0,1205.0,559751.6592774194,89300.52919354838,731512.8964870968,89,260,148106.77130967742,1142.0
2020-02-01,서초구,API,2,1142.0,1040.0,545889.2278548387,87969.64354193548,713660.9421741936,89,260,143029.5557967742,961.0
2020-03-01,서초구,API,3,961.0,1108.0,552244.1589793104,88249.63420344827,714873.4148827585,89,260,130157.3815413793,793.0
2020-04-01,서초구,API,4,793.0,1123.0,538701.4792290323,85311.6059516129,673481.4606935484,89,260,108194.32717096774,770.0
2020-05-01,서초구,API,5,770.0,1272.0,539569.66791,89621.13937666666,683070.8004433333,89,260,119151.42785000001,863.0
2020-06-01,서초구,API,6,863.0,1258.0,537977.4904709677,88791.12911612903,685327.1046096773,89,260,122570.42146129032,906.0
2020-07-01,서초구,API,7,906.0,1353.0,545422.6223666667,90547.02045666667,706824.5200766666,89,260,130462.00323,1091.0
2020-08-01,서초구,API,8,1091.0,1353.0,544689.3359709678,89111.85351935485,708406.1412096774,89,260,131318.5520032258,1067.0
2020-09-01,서초구,API,9,1067.0,1256.0,528375.0572419355,86579.17176774194,666996.0379774193,89,260,113753.31532580646,936.0
2020-10-01,서초구,API,10,936.0,1265.0,525034.5646633334,85902.62091,664423.8431633334,89,260,110241.02094,1028.0
2020-11-01,서초구,API,11,1028.0,1225.0,524909.2322451613,87510.34242258065,664896.5154870967,89,260,120403.71712903226,904.0
2020-12-01,서초구,API,12,904.0,1319.0,531429.3718333333,87334.52699333333,687400.1510633334,89,260,127246.84519666666,819.0
2021-01-01,서초구,API,1,819.0,1142.0,518678.97877419356,82443.30885806451,657501.0352387097,77,181,105991.28843225806,904.0
2021-02-01,서초구,API,2,904.0,961.0,518604.5347645161,84573.18114516129,656526.6771483871,77,181,110234.86126774193,740.0
2021-03-01,서초구,API,3,740.0,793.0,515589.380925,85470.36852500001,660968.4402678572,77,181,119230.83031071429,904.0
2021-04-01,서초구,API,4,904.0,770.0,528439.7655483871,84518.28888709677,686698.7663741935,77,181,125206.6529967742,1012.0
2021-05-01,서초구,API,5,1012.0,863.0,526459.7390466667,89257.26218333333,683952.03437,77,181,129599.75546333333,990.0
2021-06-01,서초구,API,6,990.0,906.0,517531.3192451613,86298.35597741936,662634.2733677418,77,181,121089.31053225805,1132.0
2021-07-01,서초구,API,7,1132.0,1091.0,524358.5042733334,87923.96868333334,684761.2460766666,77,181,129846.94993999999,1124.0
2021-08-01,서초구,API,8,1124.0,1067.0,515171.74935806455,84930.58069032257,663784.0501483871,77,181,118220.08469032259,1096.0
2021-09-01,서초구,API,9,1096.0,936.0,509572.3182774193,84537.90480967742,651225.6661290323,77,181,113986.22062258064,1068.0
2021-10-01,서초구,API,10,1068.0,1028.0,505738.31047666667,84378.06205333333,642556.7592300001,77,181,112746.46432333333,1135.0
2021-11-01,서초구,API,11,1135.0,904.0,512673.4857548387,83227.1256967742,654375.2688935484,77,181,116829.94002258065,1099.0
2021-12-01,서초구,API,12,1099.0,819.0,524364.6665033333,85148.38262333332,684717.2383033334,77,181,131506.05562333332,1059.0
2022-01-01,서초구,API,1,1059.0,904.0,517952.960383871,81471.40797741935,676136.3157064515,53,168,123221.59021612903,990.0
2022-02-01,서초구,API,2,990.0,740.0,510314.19977096777,80953.8459548387,665431.7698225806,53,168,123623.39577419354,942.0
2022-03-01,서초구,API,3,942.0,904.0,512588.25610714284,81187.71673571428,658464.224175,53,168,115736.69750714286,1097.0
2022-04-01,서초구,API,4,1097.0,1012.0,512714.11238709674,78776.25423870968,654523.737316129,53,168,111140.28551290323,1134.0
2022-05-01,서초구,API,5,1134.0,990.0,519094.7620733333,83332.50817333334,674264.0535133333,53,168,128595.25043333332,1230.0
2022-06-01,서초구,API,6,1230.0,1132.0,528684.446348387,82674.42336129032,688022.7597612903,53,168,133369.86716451612,1232.0
2022-07-01,서초구,API,7,1232.0,1124.0,535181.21841,84068.30554666667,699284.8035833334,53,168,133841.77599,1424.0
2022-08-01,서초구,API,8,1424.0,1096.0,519793.74460967747,77864.6836419355,683673.6547322581,53,168,131468.27202903226,1430.0
2022-09-01,서초구,API,9,1430.0,1068.0,510911.8925870968,76870.7231580645,666348.1789516129,53,168,125978.33492903225,1287.0
2022-10-01,서초구,API,10,1287.0,1135.0,510535.81024333334,75975.52690666667,664666.73927,53,168,127177.97406,1278.0
2022-11-01,서초구,API,11,1278.0,1099.0,512681.55535806454,75906.37888387096,664207.6669290323,53,168,125608.53997741935,1320.0
2022-12-01,서초구,API,12,1320.0,1059.0,517160.35890333337,77663.18233333335,688741.53277,53,168,135529.04167666667,1366.0
2023-01-01,서초구,API,1,1366.0,990.0,517021.7156774193,71302.22726451613,685543.7139935484,139,188,130967.05549032259,1205.0
2023-02-01,서초구,API,2,1205.0,942.0,508669.86504516134,70024.65726774193,672117.953548387,139,188,128319.64374193549,1022.0
2023-03-01,서초구,API,3,1022.0,1097.0,522610.18669642863,71863.60363214285,705908.8517535714,139,188,141644.49598214286,1204.0
2023-04-01,서초구,API,4,1204.0,1134.0,522993.7282419355,70423.53339032258,698576.0111870967,139,188,133391.8577548387,1199.0
2023-05-01,서초구,API,5,1199.0,1230.0,519263.1674,75133.28338666666,683928.2270966667,139,188,134296.62365,1331.0
2023-06-01,서초구,API,6,1331.0,1232.0,509065.02289354836,74097.5225516129,670833.274667742,139,188,128657.95924193549,1306.0
2023-07-01,서초구,API,7,1306.0,1424.0,515971.64737333334,73508.27421,685059.1771033333,139,188,132771.6415,1356.0
2023-08-01,서초구,API,8,1356.0,1430.0,513714.40720967745,70525.74961612903,684333.8445967742,139,188,131762.20890967743,1373.0
2023-09-01,서초구,API,9,1373.0,1287.0,508594.0497645161,68906.63788064517,675483.1464322581,139,188,128492.14938387096,1305.0
2023-10-01,서초구,API,10,1305.0,1278.0,510701.8734066666,69015.03537333333,670714.0774666667,139,188,128328.89866666666,1204.0
2023-11-01,서초구,API,11,1204.0,1320.0,511014.27877741936,67832.9457,666178.895083871,139,188,125191.99052580645,1169.0
2023-12-01,서초구,API,12,1169.0,1366.0,523330.2867133334,70719.24006666667,702501.1620066667,139,188,141636.12559666668,1287.0
2024-01-01,서초구,API,1,1287.0,1205.0,522488.3853903226,67514.10612903225,692302.959016129,74,232,134704.9768516129,1204.0
2024-02-01,서초구,API,2,1204.0,1022.0,514699.71482903225,64511.06573870967,684838.9082419354,74,232,131956.33167419356,1004.0
2024-03-01,서초구,API,3,1004.0,1204.0,513469.71799310343,66728.67349310344,685072.6158275863,74,232,132080.35391034483,1010.0
2024-04-01,서초구,API,4,1010.0,1199.0,524240.3269322581,67828.63360967742,699544.9060451613,74,232,133044.33569354838,962.0
2024-05-01,서초구,API,5,962.0,1331.0,525718.2774833334,73293.65658,702406.5577433333,74,232,137634.29344333333,1007.0
2024-06-01,서초구,API,6,1007.0,1306.0,518929.36857096775,72433.08737741935,686157.6210806451,74,232,130889.65674838709,986.0
2024-07-01,서초구,API,7,986.0,1356.0,522370.28141,74461.19109666668,690385.7427433333,74,232,134095.73814,1058.0
2024-08-01,서초구,API,8,1058.0,1373.0,524126.9235935484,72113.09223870968,710237.5466774193,74,232,139938.8859967742,997.0
2024-09-01,서초구,API,9,997.0,1305.0,522086.39929354837,72255.52601290322,695116.5959774193,74,232,136598.26458387097,817.0
2024-10-01,서초구,API,10,817.0,1204.0,511632.74933333334,72383.62181333333,671815.4404466667,74,232,129545.73069666667,902.0
2024-11-01,서초구,API,11,902.0,1169.0,522915.3566548387,75440.5038,690907.361432258,74,232,134370.12352258066,963.0
2024-12-01,서초구,API,12,963.0,1287.0,526486.9301766667,78889.54031333333,708128.8645033333,74,232,145931.12759333334,976.0
2025-01-01,서초구,API,1,976.0,1204.0,524587.6184354839,74550.54907741936,708390.6754419354,80,221,143791.93732258063,911.0
2025-02-01,서초구,API,2,911.0,1004.0,508498.93937096774,72246.49860645161,672886.0995870968,80,221,129310.1597483871,860.0
2025-03-01,서초구,API,3,860.0,1010.0,523107.0515464285,75163.64059642857,713676.7519142857,80,221,142474.88166785715,864.0
2025-04-01,서초구,API,4,864.0,962.0,521817.7593870968,73360.76601290323,695126.5484064516,80,221,132086.67583870966,881.0
2025-05-01,서초구,API,5,881.0,1007.0,526836.7792366666,79837.79634333334,708451.1543333333,80,221,142472.27606333332,951.0
2025-06-01,서초구,API,6,951.0,986.0,519363.0588548387,75347.99711612903,685250.4930451614,80,221,131695.60398064516,939.0
2025-07-01,서초구,API,7,939.0,1058.0,524679.6125533334,77774.95958333333,694304.31185,80,221,132649.43187666667,1075.0
2025-08-01,서초구,API,8,1075.0,997.0,530428.5547580646,76312.56753870969,719771.8666612904,80,221,141336.49315806452,1064.0
2025-09-01,서초구,API,9,1064.0,817.0,524952.0959290323,76395.3307451613,695058.4663,80,221,133582.4347516129,1083.0
2025-10-01,서초구,API,10,1083.0,902.0,537296.1597766667,78994.12574,721136.8394866666,80,221,144006.02774,1057.0
2025-11-01,서초구,API,11,1057.0,963.0,512854.4995483871,74639.81313870968,665164.250716129,80,221,126353.9275,1102.0
2025-12-01,서초구,API,12,1102.0,976.0,536223.9034533334,77549.93168,710396.1134566667,80,221,138674.2142,1118.0
2018-08-01,성동구,API,8,974.0,852.0,355542.64259354834,67831.74833225805,376845.5470258065,165,233,37361.42454516129,955.0
2018-09-01,성동구,API,9,955.0,924.0,355165.8941129032,71381.9586935484,375813.7646935484,165,233,37381.13545806451,873.0
2018-10-01,성동구,API,10,873.0,846.0,358663.2690266667,68949.26921,378950.20791,165,233,38834.77251,906.0
2018-11-01,성동구,API,11,906.0,800.0,366492.4697903226,70453.84913870967,388715.8953129032,165,233,39478.46814193549,832.0
2018-12-01,성동구,API,12,832.0,924.0,370215.80511,73982.07052666666,394130.0558833333,165,233,42244.165843333336,899.0
2019-01-01,성동구,API,1,899.0,924.0,368410.4111870968,71727.38761612904,388433.27532580646,151,253,38972.884690322586,797.0
2019-02-01,성동구,API,2,797.0,784.0,363569.7951967742,75172.29199677419,384794.39329032257,151,253,39529.37529677419,717.0
2019-03-01,성동구,API,3,717.0,811.0,350543.76211428567,70880.33575,369779.27453571424,151,253,38582.50864642857,777.0
2019-04-01,성동구,API,4,777.0,794.0,365099.9285129032,65602.47196129031,386069.93499032257,151,253,39641.76049354838,822.0
2019-05-01,성동구,API,5,822.0,861.0,360502.53483,74371.70998333332,382855.07612333336,151,253,40579.03709,890.0
2019-06-01,성동구,API,6,890.0,934.0,348822.2711677419,64876.08441290323,370517.29236129037,151,253,38406.51597096774,899.0
2019-07-01,성동구,API,7,899.0,974.0,347428.9657933333,63104.03651333333,367555.20975333336,151,253,35684.168079999996,885.0
2019-08-01,성동구,API,8,885.0,955.0,341006.57732903224,59381.76531935484,362343.10242580646,151,253,34507.03212580645,871.0
2019-09-01,성동구,API,9,871.0,873.0,351523.71378064516,63572.37437741935,369496.44652258063,151,253,36197.81004193548,857.0
2019-10-01,성동구,API,10,857.0,906.0,359530.54115666664,65323.230593333334,381131.7099133333,151,253,40505.00827666667,861.0
2019-11-01,성동구,API,11,861.0,832.0,371141.00908225804,68427.76026935484,395243.48932903225,151,253,42234.29242096774,826.0
2019-12-01,성동구,API,12,826.0,899.0,373325.9962033333,67267.61586666667,398152.59451666666,151,253,42811.68199666667,843.0
2020-01-01,성동구,API,1,843.0,797.0,371615.2536483871,70808.1970483871,394870.9391354839,151,246,43049.01721290322,768.0
2020-02-01,성동구,API,2,768.0,717.0,360071.22543548385,69685.59956451612,381207.02762258064,151,246,41354.96927096774,644.0
2020-03-01,성동구,API,3,644.0,777.0,364522.7398827586,67662.02699655172,384078.5833827586,151,246,36706.559817241374,639.0
2020-04-01,성동구,API,4,639.0,822.0,362958.2606806452,66408.06197741936,383585.308116129,151,246,33253.69394193548,601.0
2020-05-01,성동구,API,5,601.0,890.0,356568.71823,66303.14625333334,378562.8216133333,151,246,35813.27744,697.0
2020-06-01,성동구,API,6,697.0,899.0,353634.18948709674,65242.55550645161,374318.8649516129,151,246,35717.772332258064,720.0
2020-07-01,성동구,API,7,720.0,885.0,354468.39877666667,65293.278783333335,377308.39521,151,246,38318.569676666666,744.0
2020-08-01,성동구,API,8,744.0,871.0,354943.1750612903,64237.66293548387,377019.6832451613,151,246,37113.56146129032,679.0
2020-09-01,성동구,API,9,679.0,857.0,349246.0028870968,64526.72809354839,368582.5440580645,151,246,33427.59539032258,597.0
2020-10-01,성동구,API,10,597.0,861.0,352899.2585666666,64577.77005000001,375035.1877733333,151,246,34095.57622333333,658.0
2020-11-01,성동구,API,11,658.0,826.0,346846.4004903226,63623.814893548384,369248.2748967742,151,246,36934.857512903225,557.0
2020-12-01,성동구,API,12,557.0,843.0,349406.7831966666,62193.99359,373697.62684,151,246,37094.45876666667,573.0
2021-01-01,성동구,API,1,573.0,768.0,347102.0044,59464.73578064516,369020.51530645165,92,90,31498.443612903226,594.0
2021-02-01,성동구,API,2,594.0,644.0,346789.0621580645,61188.97298387097,368993.10975161294,92,90,33408.563619354834,546.0
2021-03-01,성동구,API,3,546.0,639.0,344442.88855714287,60684.39246428572,369595.2217,92,90,37336.26723928571,577.0
2021-04-01,성동구,API,4,577.0,601.0,352366.5220483871,59924.25080645161,379378.2421645162,92,90,39563.06309032258,626.0
2021-05-01,성동구,API,5,626.0,697.0,350466.8143033333,65330.34121,380400.0591333333,92,90,40643.659940000005,714.0
2021-06-01,성동구,API,6,714.0,720.0,346853.24689999997,63469.81987096774,372655.6616612903,92,90,37830.9365,761.0
2021-07-01,성동구,API,7,761.0,744.0,350562.8697133333,64274.25016,378533.59142666665,92,90,39888.04148,727.0
2021-08-01,성동구,API,8,727.0,679.0,344609.4606548387,61823.227451612904,369586.8398580645,92,90,35492.57322258064,744.0
2021-09-01,성동구,API,9,744.0,597.0,345286.20943870966,61231.890596774196,369016.1636483871,92,90,35598.82381935484,677.0
2021-10-01,성동구,API,10,677.0,658.0,347506.9285366667,60243.16121333333,371805.1436633334,92,90,37951.158853333334,719.0
2021-11-01,성동구,API,11,719.0,557.0,349420.1652387097,59994.328909677424,374921.1290354839,92,90,38141.8492516129,697.0
2021-12-01,성동구,API,12,697.0,573.0,353073.33627666667,61653.66112333334,384736.94533333334,92,90,42527.36957,633.0
2022-01-01,성동구,API,1,633.0,594.0,353492.67107419355,59584.54042580645,384974.5016645161,117,90,39876.98861935484,668.0
2022-02-01,성동구,API,2,668.0,546.0,347323.2450612903,59885.958841935484,376001.05568064516,117,90,39772.91488709678,614.0
2022-03-01,성동구,API,3,614.0,577.0,347823.1059464286,59742.34595714286,375442.8833107143,117,90,37804.35012142857,648.0
2022-04-01,성동구,API,4,648.0,626.0,351596.4647516129,57705.150303225804,380983.10031935485,117,90,39045.41134193548,756.0
2022-05-01,성동구,API,5,756.0,714.0,348821.66362,62531.860100000005,384586.17633,117,90,43579.67186333333,855.0
2022-06-01,성동구,API,6,855.0,761.0,352983.8589516129,61479.9240032258,387998.8630483871,117,90,44530.92331290322,791.0
2022-07-01,성동구,API,7,791.0,727.0,355876.70931,61604.64135666667,387484.48140666663,117,90,42197.44618,895.0
2022-08-01,성동구,API,8,895.0,744.0,344392.2287645161,58025.383625806455,372729.5429193548,117,90,39889.96501935484,780.0
2022-09-01,성동구,API,9,780.0,677.0,342821.8646354839,58964.56803870968,370778.23536129034,117,90,39942.57028709677,768.0
2022-10-01,성동구,API,10,768.0,719.0,346388.79796999996,57887.79509666667,378267.73706333333,117,90,43858.19782666666,731.0
2022-11-01,성동구,API,11,731.0,697.0,347062.8466741935,57330.280948387095,379494.1541967742,117,90,42049.17934516129,754.0
2022-12-01,성동구,API,12,754.0,633.0,349749.53168666665,58136.321983333335,386943.7299766667,117,90,43880.8871,784.0
2023-01-01,성동구,API,1,784.0,668.0,350311.6334967742,56071.29709677419,384578.3833387097,98,173,41827.49215806452,727.0
2023-02-01,성동구,API,2,727.0,614.0,339833.03122580645,54018.4051483871,370218.87829354836,98,173,40728.25183548387,651.0
2023-03-01,성동구,API,3,651.0,648.0,345838.240175,53146.773689285714,380380.0853357143,98,173,44752.25008571429,736.0
2023-04-01,성동구,API,4,736.0,756.0,350505.9043935484,51047.10115806452,389084.08089032257,98,173,46266.500961290316,755.0
2023-05-01,성동구,API,5,755.0,855.0,346892.54276333336,56509.7786,386764.56214666663,98,173,46260.71755666667,831.0
2023-06-01,성동구,API,6,831.0,791.0,343986.65723225806,54970.31717096774,380411.83360967744,98,173,44048.03193225806,758.0
2023-07-01,성동구,API,7,758.0,895.0,343327.09690999996,55243.29278,377364.57964666665,98,173,42946.70563333333,848.0
2023-08-01,성동구,API,8,848.0,780.0,337544.8190387097,51102.564825806454,369065.37103870965,98,173,40804.95355483871,856.0
2023-09-01,성동구,API,9,856.0,768.0,336461.59288709675,50822.756019354834,366272.0476935484,98,173,40940.0019,776.0
2023-10-01,성동구,API,10,776.0,731.0,344255.50268,50437.11576333333,376052.9271533333,98,173,44152.980593333334,796.0
2023-11-01,성동구,API,11,796.0,754.0,342105.888316129,51569.224548387094,375345.85235161294,98,173,42039.328235483874,740.0
2023-12-01,성동구,API,12,740.0,784.0,348530.3735733333,52510.898246666664,383422.9635266667,98,173,46666.470166666666,831.0
2024-01-01,성동구,API,1,831.0,727.0,352390.7381741936,50840.78357419355,385336.24207419355,60,210,46580.03769354839,782.0
2024-02-01,성동구,API,2,782.0,651.0,342039.0969612903,48578.79541290322,369767.9606258065,60,210,43086.013235483864,631.0
2024-03-01,성동구,API,3,631.0,736.0,339414.29707586206,49770.7301862069,370432.04140344827,60,210,44807.82501034483,597.0
2024-04-01,성동구,API,4,597.0,755.0,350773.4288483871,48705.89870967742,385659.2905709677,60,210,48112.50532580646,567.0
2024-05-01,성동구,API,5,567.0,831.0,346080.1512833333,54741.29045333333,388317.39957,60,210,47200.117476666666,608.0
2024-06-01,성동구,API,6,608.0,758.0,341827.2930935484,51498.78107096774,378348.0316677419,60,210,43601.06656774194,613.0
2024-07-01,성동구,API,7,613.0,848.0,340810.6190366667,52657.064126666664,372926.2357933333,60,210,42602.758400000006,631.0
2024-08-01,성동구,API,8,631.0,856.0,336214.5702387097,49391.812745161296,367018.38953870966,60,210,41806.80093225807,600.0
2024-09-01,성동구,API,9,600.0,776.0,335611.4584483871,50093.40340967742,361876.51771290327,60,210,42455.46257096775,546.0
2024-10-01,성동구,API,10,546.0,796.0,337518.8239866666,51152.88632666667,367238.3664066667,60,210,44608.70694,546.0
2024-11-01,성동구,API,11,546.0,740.0,343382.5688451613,51557.78967419355,379306.4047612903,60,210,45577.35950645161,520.0
2024-12-01,성동구,API,12,520.0,831.0,344447.56177,53467.956066666666,380868.46369,60,210,47891.09975,582.0
2025-01-01,성동구,API,1,582.0,782.0,344445.9618548387,51369.19785483871,381045.4209870968,70,173,46413.856219354835,563.0
2025-02-01,성동구,API,2,563.0,631.0,333143.850916129,49464.10342903226,360590.6349193548,70,173,41094.01933548387,495.0
2025-03-01,성동구,API,3,495.0,597.0,340638.21238928573,50301.398264285715,375073.7291035714,70,173,44891.71875,543.0
2025-04-01,성동구,API,4,543.0,567.0,347863.02884516126,49542.400483870966,384049.00574516127,70,173,46711.57582580645,577.0
2025-05-01,성동구,API,5,577.0,608.0,349381.52070666663,57231.541639999996,390116.39652999997,70,173,47195.835960000004,586.0
2025-06-01,성동구,API,6,586.0,613.0,342521.68079354835,51793.10980645162,380962.0396677419,70,173,45473.02484516129,568.0
2025-07-01,성동구,API,7,568.0,631.0,344248.5884333333,55775.712263333335,378727.32630666666,70,173,43239.003006666666,638.0
2025-08-01,성동구,API,8,638.0,600.0,337630.89112580643,54154.933009677414,371834.3394354839,70,173,43380.572767741935,605.0
2025-09-01,성동구,API,9,605.0,546.0,333852.70933225803,54751.9452,365259.86636451614,70,173,43029.1096483871,646.0
2025-10-01,성동구,API,10,646.0,546.0,347237.32880333334,56134.68401333333,388287.3726466667,70,173,49082.10755,615.0
2025-11-01,성동구,API,11,615.0,520.0,338137.9937354839,54014.44735806452,373791.0110225807,70,173,44628.844425806456,649.0
2025-12-01,성동구,API,12,649.0,582.0,348963.99414,55145.652883333336,391603.22347666667,70,173,47969.19195666666,636.0
2018-05-01,성북구,API,5,1081.0,1154.0,487697.32276153844,99592.82936923076,501926.61859615386,197,271,28610.607200000002,1124.0
2018-06-01,성북구,API,6,1124.0,1129.0,482805.24537419353,96766.05290645162,499650.8054967742,197,271,29085.106458064518,1108.0
2018-07-01,성북구,API,7,1108.0,1177.0,478670.11608666665,94606.22714333334,492142.07901333336,197,271,25011.221573333332,1220.0
2018-08-01,성북구,API,8,1220.0,1137.0,464879.03030000004,93791.75399677419,480292.9929064516,197,271,23895.218264516127,1201.0
2018-09-01,성북구,API,9,1201.0,1163.0,459160.1153451613,92957.92432903226,474465.80736451613,197,271,24385.885470967743,1100.0
2018-10-01,성북구,API,10,1100.0,1064.0,472601.31608666666,89671.78583,485752.06443,197,271,32336.351493333335,1070.0
2018-11-01,성북구,API,11,1070.0,1153.0,479116.92883225804,93416.58625806452,492392.58702903223,197,271,27495.556648387097,1051.0
2018-12-01,성북구,API,12,1051.0,1257.0,480928.72991,94580.29793666667,494802.95083333337,197,271,28745.780359999997,1155.0
2019-01-01,성북구,API,1,1155.0,1208.0,483866.5393935484,90631.14705806453,495870.13290322584,118,162,27018.567738709677,1008.0
2019-02-01,성북구,API,2,1008.0,946.0,470237.07981612906,93180.27829032257,483551.73293225805,118,162,25169.813351612902,979.0
2019-03-01,성북구,API,3,979.0,1128.0,450070.2933392857,91758.86136428571,462621.7357321429,118,162,27350.551410714284,1020.0
2019-04-01,성북구,API,4,1020.0,1081.0,478031.26963225805,85556.78146774194,489716.6548935484,118,162,32855.08862580645,1087.0
2019-05-01,성북구,API,5,1087.0,1124.0,472166.23813666665,97266.35194666666,485245.67128333333,118,162,27419.596200000004,1163.0
2019-06-01,성북구,API,6,1163.0,1108.0,457373.0291774194,87254.10341935484,470364.8400548387,118,162,26600.63280967742,1095.0
2019-07-01,성북구,API,7,1095.0,1220.0,452666.0445233333,83852.58942,466053.67968666664,118,162,23807.37482,1144.0
2019-08-01,성북구,API,8,1144.0,1201.0,433846.24120967736,77302.3112,447911.3165,118,162,21219.97168387097,1138.0
2019-09-01,성북구,API,9,1138.0,1100.0,452765.2130516129,84604.29851612904,466085.5333645161,118,162,23458.531458064517,1072.0
2019-10-01,성북구,API,10,1072.0,1070.0,466671.1327666667,88760.69402000001,478103.6397733333,118,162,33345.041443333335,1126.0
2019-11-01,성북구,API,11,1126.0,1051.0,475001.17281612905,89966.39057419355,485481.216933871,118,162,28674.43567741935,1079.0
2019-12-01,성북구,API,12,1079.0,1155.0,477547.48334,86402.20840999999,489282.96484666667,118,162,27728.412013333334,1113.0
2020-01-01,성북구,API,1,1113.0,1008.0,478117.51152580645,90827.37403225807,489802.8909419355,106,147,27423.581522580647,1069.0
2020-02-01,성북구,API,2,1069.0,979.0,461061.4569516129,88527.0292516129,473006.912332258,106,147,26902.914658064514,820.0
2020-03-01,성북구,API,3,820.0,1020.0,466958.0321137931,87841.76476551723,476518.7189068966,106,147,22220.050448275862,700.0
2020-04-01,성북구,API,4,700.0,1087.0,470208.67202903226,87418.84817419354,478018.8746096774,106,147,20446.685303225804,757.0
2020-05-01,성북구,API,5,757.0,1163.0,467641.8197966667,91400.24130333333,476628.09372666664,106,147,21284.456283333337,862.0
2020-06-01,성북구,API,6,862.0,1095.0,465573.2071225807,90901.93549032259,475175.24209677416,106,147,23540.498270967742,879.0
2020-07-01,성북구,API,7,879.0,1144.0,465224.1417766667,91156.29304333334,475744.76119,106,147,23072.451123333336,941.0
2020-08-01,성북구,API,8,941.0,1138.0,458323.4533451613,89527.1676451613,469864.0783225806,106,147,21661.757916129034,896.0
2020-09-01,성북구,API,9,896.0,1072.0,453472.53198387095,88912.25225806452,463140.0773483871,106,147,19627.11558387097,781.0
2020-10-01,성북구,API,10,781.0,1126.0,462184.37562999997,89682.38743333334,470973.96535333333,106,147,21856.195726666665,802.0
2020-11-01,성북구,API,11,802.0,1079.0,455269.5021290322,90732.62306129033,465123.9742354839,106,147,24060.70973548387,791.0
2020-12-01,성북구,API,12,791.0,1113.0,456169.88400666666,91136.27218999999,465434.13522,106,147,22296.116423333333,737.0
2021-01-01,성북구,API,1,737.0,1069.0,458908.1638129032,87553.58200967741,464856.9041612903,92,131,19211.84823548387,774.0
2021-02-01,성북구,API,2,774.0,820.0,455691.0253096774,90076.05370645161,461815.8977645162,92,131,20633.952983870968,691.0
2021-03-01,성북구,API,3,691.0,700.0,453265.4609285714,89455.61721785714,461082.924575,92,131,23253.58195357143,749.0
2021-04-01,성북구,API,4,749.0,757.0,462366.07258387096,87257.45941612903,471949.43476451613,92,131,27286.86376451613,794.0
2021-05-01,성북구,API,5,794.0,862.0,457480.02629,93880.93849333333,466953.3580633334,92,131,22469.937386666665,926.0
2021-06-01,성북구,API,6,926.0,879.0,453786.26216451614,91308.76281612903,463186.84688387095,92,131,22085.527741935482,941.0
2021-07-01,성북구,API,7,941.0,941.0,451758.96063,92051.97055666667,461767.8237633333,92,131,21822.367746666667,904.0
2021-08-01,성북구,API,8,904.0,896.0,441727.6066,87983.76325806451,450483.81399999995,92,131,19905.26355483871,922.0
2021-09-01,성북구,API,9,922.0,781.0,438681.9824129032,85560.3098,446768.0422677419,92,131,20346.6714,911.0
2021-10-01,성북구,API,10,911.0,802.0,443241.0128233333,84799.016,452469.6020866667,92,131,24376.38172,932.0
2021-11-01,성북구,API,11,932.0,791.0,444284.87214838713,85084.19664838711,453497.61646774196,92,131,21879.839464516128,811.0
2021-12-01,성북구,API,12,811.0,737.0,444685.75510333333,86308.66057000001,454583.01421,92,131,23208.38779,814.0
2022-01-01,성북구,API,1,814.0,774.0,447866.40155161294,82859.29617096773,456725.4199580645,78,100,21230.191280645162,878.0
2022-02-01,성북구,API,2,878.0,691.0,439940.1118193548,83286.27961290322,448053.75878387096,78,100,22348.75444193548,780.0
2022-03-01,성북구,API,3,780.0,749.0,441241.43832142855,83370.23919642856,449138.28805000003,78,100,22849.88890357143,939.0
2022-04-01,성북구,API,4,939.0,794.0,442480.3095322581,80136.91731612902,450050.15346451616,78,100,27443.7686,885.0
2022-05-01,성북구,API,5,885.0,926.0,452584.2886766667,84713.51151666667,463026.8996833333,78,100,23852.395356666664,924.0
2022-06-01,성북구,API,6,924.0,941.0,459101.27252903226,86641.55532903226,471200.4683129032,78,100,26153.977003225806,909.0
2022-07-01,성북구,API,7,909.0,904.0,462802.0826133333,87306.47091999999,474973.78675666667,78,100,23037.721810000003,1060.0
2022-08-01,성북구,API,8,1060.0,922.0,442441.6382870968,81997.8363032258,454848.203983871,78,100,21393.687964516128,1091.0
2022-09-01,성북구,API,9,1091.0,911.0,440963.6001483871,82395.77257741935,452225.37287741934,78,100,21556.373119354837,1000.0
2022-10-01,성북구,API,10,1000.0,932.0,454165.02215333335,81923.63306333333,465746.41146000003,78,100,31567.10624333333,979.0
2022-11-01,성북구,API,11,979.0,811.0,453447.34872258065,80659.19615806451,464195.53881935484,78,100,25373.643232258062,978.0
2022-12-01,성북구,API,12,978.0,814.0,456063.97901666665,82553.1499,466216.98015,78,100,25869.308463333335,1045.0
2023-01-01,성북구,API,1,1045.0,878.0,457020.88002903224,79211.92823870968,467535.5166451613,84,143,23457.87390967742,946.0
2023-02-01,성북구,API,2,946.0,780.0,443085.0168322581,77607.99116451613,453614.8346580645,84,143,23951.10226129032,887.0
2023-03-01,성북구,API,3,887.0,939.0,448622.08904642856,79184.95032857142,458974.34045357147,84,143,25241.82741785714,973.0
2023-04-01,성북구,API,4,973.0,885.0,464694.96943548386,76638.68883548387,475171.49270967743,84,143,34305.82236451613,968.0
2023-05-01,성북구,API,5,968.0,924.0,460772.3540066667,85427.17846333333,471783.67917,84,143,27276.257863333332,1051.0
2023-06-01,성북구,API,6,1051.0,909.0,458502.8477870968,81760.89603548388,469501.81625806453,84,143,27731.81887096774,1023.0
2023-07-01,성북구,API,7,1023.0,1060.0,453789.25069666666,82406.59358333334,465566.17447333335,84,143,24602.667843333333,1074.0
2023-08-01,성북구,API,8,1074.0,1091.0,438777.53788709675,77714.87471612904,450857.25575483876,84,143,22696.840322580647,1060.0
2023-09-01,성북구,API,9,1060.0,1000.0,434535.05071290326,78220.95093548387,446594.8885548387,84,143,22315.484290322584,1058.0
2023-10-01,성북구,API,10,1058.0,979.0,451388.18902000005,79285.55852333334,463801.6448333334,84,143,31740.725433333333,1033.0
2023-11-01,성북구,API,11,1033.0,978.0,449880.60728709673,81732.46976129031,461595.0826935484,84,143,25681.126580645163,956.0
2023-12-01,성북구,API,12,956.0,1045.0,458453.82694,83350.90765333334,471176.01601333334,84,143,29465.29741,1086.0
2024-01-01,성북구,API,1,1086.0,946.0,460571.6633032258,81558.97798387097,474843.9124129032,109,167,29474.552980645163,1074.0
2024-02-01,성북구,API,2,1074.0,887.0,437457.4372967742,76453.54278064516,451528.123183871,109,167,26374.93706451613,887.0
2024-03-01,성북구,API,3,887.0,973.0,435483.00485517236,78140.6104724138,446100.76849310345,109,167,27905.445779310343,826.0
2024-04-01,성북구,API,4,826.0,968.0,457935.7205096774,76427.8535451613,468289.8200709677,109,167,36586.98271612903,916.0
2024-05-01,성북구,API,5,916.0,1051.0,455962.0899833333,84651.87115,468057.4579133333,109,167,26913.879433333335,940.0
2024-06-01,성북구,API,6,940.0,1023.0,450826.8704129032,71061.71341612903,461965.65247741935,109,167,26088.562848387097,894.0
2024-07-01,성북구,API,7,894.0,1074.0,445912.03749333334,70099.68867,457387.01591333334,109,167,24372.279973333334,949.0
2024-08-01,성북구,API,8,949.0,1060.0,433091.13183548383,67185.51515483871,444148.3831612903,109,167,23055.05661935484,925.0
2024-09-01,성북구,API,9,925.0,1058.0,426453.8234903226,68413.15412258064,437759.0177935484,109,167,23342.14869677419,829.0
2024-10-01,성북구,API,10,829.0,1033.0,440638.9810166667,76302.53135666667,451868.64861,109,167,32219.230256666666,780.0
2024-11-01,성북구,API,11,780.0,956.0,447953.87761612906,77004.10380322581,457956.2806451613,109,167,26514.417596774194,768.0
2024-12-01,성북구,API,12,768.0,1086.0,446811.65976333333,81247.13660333333,457465.7206933333,109,167,27469.566990000003,847.0
2025-01-01,성북구,API,1,847.0,1074.0,443715.97392580647,77632.7569516129,455066.8758290322,90,205,25484.105925806452,919.0
2025-02-01,성북구,API,2,919.0,887.0,429729.2917903226,74698.19182580645,439845.50395806454,90,205,23906.332887096774,815.0
2025-03-01,성북구,API,3,815.0,826.0,435223.9872071428,75703.03445357142,445048.0662285714,90,205,24766.25355357143,848.0
2025-04-01,성북구,API,4,848.0,916.0,454493.86776774196,72329.96509032258,464894.871383871,90,205,34268.776474193546,873.0
2025-05-01,성북구,API,5,873.0,940.0,454352.89785666665,84942.48728,465176.11624,90,205,27510.635576666667,900.0
2025-06-01,성북구,API,6,900.0,894.0,449108.6663580645,80128.0472064516,460053.78461290326,90,205,26987.652248387098,895.0
2025-07-01,성북구,API,7,895.0,949.0,449981.8549166667,80820.18811,461224.79636333336,90,205,24620.734066666668,913.0
2025-08-01,성북구,API,8,913.0,925.0,436268.25443870964,76855.99422258064,448572.54615161294,90,205,22605.626341935484,969.0
2025-09-01,성북구,API,9,969.0,829.0,433441.2167290322,78114.76620645162,445716.2672258064,90,205,23172.814438709676,984.0
2025-10-01,성북구,API,10,984.0,780.0,453321.98839666665,79753.98516,464102.7363866667,90,205,32659.166646666665,961.0
2025-11-01,성북구,API,11,961.0,768.0,445787.0237354839,74535.47275806451,462014.3258290323,90,205,26725.924258064515,923.0
2025-12-01,성북구,API,12,923.0,847.0,452644.64917666663,75368.05670999999,463512.53852,90,205,27028.07826,1022.0
2018-05-01,송파구,API,5,1441.0,1521.0,768960.479326923,183854.55054999999,794293.5277423076,236,369,112229.82241153847,1525.0
2018-06-01,송파구,API,6,1525.0,1525.0,765007.6878096773,176046.3642419355,798383.2209064516,236,369,112251.23389032258,1438.0
2018-07-01,송파구,API,7,1438.0,1623.0,775899.59357,167748.88611333334,803255.9025733334,236,369,105415.38573666666,1584.0
2018-08-01,송파구,API,8,1584.0,1586.0,775260.2977,170281.16176774193,802944.8624032257,236,369,111173.88366774193,1524.0
2018-09-01,송파구,API,9,1524.0,1516.0,770924.0175935484,181362.63785483871,806043.5561677419,236,369,115945.34037741934,1400.0
2018-10-01,송파구,API,10,1400.0,1416.0,760785.0983233334,174711.67392,791977.8209833334,236,369,107436.12702333332,1419.0
2018-11-01,송파구,API,11,1419.0,1341.0,774904.3535612903,171942.56358387097,807839.5771322581,236,369,114542.93586129033,1325.0
2018-12-01,송파구,API,12,1325.0,1627.0,778241.54227,177278.51420333332,804439.3989400001,236,369,118730.15142000001,1504.0
2019-01-01,송파구,API,1,1504.0,1614.0,783311.4189838709,176411.07423225805,814772.4906064516,202,372,117452.21934193549,1285.0
2019-02-01,송파구,API,2,1285.0,1354.0,788957.3868,182539.34412580644,817163.3068161291,202,372,121857.51337096775,1180.0
2019-03-01,송파구,API,3,1180.0,1398.0,767783.2341535714,177153.9990892857,800607.6838107143,202,372,118236.95084642856,1313.0
2019-04-01,송파구,API,4,1313.0,1441.0,786982.8959161291,169845.93962903225,807602.6280967742,202,372,104869.87910645161,1421.0
2019-05-01,송파구,API,5,1421.0,1525.0,782071.3977966666,184869.20792,808899.1828566666,202,372,117003.02588333334,1528.0
2019-06-01,송파구,API,6,1528.0,1438.0,756025.2959419354,171072.96061612904,786745.0356064516,202,372,110580.3452032258,1421.0
2019-07-01,송파구,API,7,1421.0,1584.0,756394.3582433333,164219.54226,782902.56875,202,372,102627.65529666668,1557.0
2019-08-01,송파구,API,8,1557.0,1524.0,754755.0309645161,154132.87290645164,783273.8651935484,202,372,103247.73116774193,1561.0
2019-09-01,송파구,API,9,1561.0,1400.0,791973.1119709677,164202.4281548387,821500.5683032258,202,372,108895.29717741936,1480.0
2019-10-01,송파구,API,10,1480.0,1419.0,784243.3994933333,170844.0521,808606.7054366667,202,372,109777.88850333334,1471.0
2019-11-01,송파구,API,11,1471.0,1325.0,796014.994532258,171889.63351774195,816581.8063016129,202,372,117183.33085,1445.0
2019-12-01,송파구,API,12,1445.0,1504.0,788442.0233566667,167886.54307,808660.4663600001,202,372,115866.92241666667,1458.0
2020-01-01,송파구,API,1,1458.0,1285.0,797439.9647193549,174515.22151935485,829124.6353451613,183,285,124987.16727096774,1468.0
2020-02-01,송파구,API,2,1468.0,1180.0,785210.3176548387,170909.8960935484,811564.8475258064,183,285,119308.37880645161,1149.0
2020-03-01,송파구,API,3,1149.0,1313.0,793380.5523034483,167402.48993793104,803347.8477724137,183,285,100525.34036206898,1165.0
2020-04-01,송파구,API,4,1165.0,1421.0,786568.2206774194,163822.67522580645,794585.5655064515,183,285,89023.53432258064,1137.0
2020-05-01,송파구,API,5,1137.0,1528.0,780664.1517533333,169943.77668333333,787389.3738066667,183,285,94495.25180666667,1200.0
2020-06-01,송파구,API,6,1200.0,1421.0,772290.7003774194,167416.7932903226,779439.7203870967,183,285,96937.45018709678,1290.0
2020-07-01,송파구,API,7,1290.0,1557.0,767496.9993033333,166323.84696000002,774503.4604366666,183,285,97410.93452666668,1392.0
2020-08-01,송파구,API,8,1392.0,1561.0,769917.4408935484,161990.5535967742,776903.8818064516,183,285,99100.55100645161,1174.0
2020-09-01,송파구,API,9,1174.0,1480.0,758664.042867742,159970.33495161292,768467.7925483871,183,285,91606.87013870968,1065.0
2020-10-01,송파구,API,10,1065.0,1471.0,761983.9849466666,158208.41391333332,769240.4016566667,183,285,88526.35481666666,1211.0
2020-11-01,송파구,API,11,1211.0,1445.0,752660.1712580646,160720.87827741934,762135.6347516129,183,285,96930.24862258064,1068.0
2020-12-01,송파구,API,12,1068.0,1458.0,758597.3699533333,160605.17841999998,768255.4960233333,183,285,100392.8291,961.0
2021-01-01,송파구,API,1,961.0,1468.0,758351.9336129032,151819.39138387094,766125.7972774194,151,225,86511.2798548387,1030.0
2021-02-01,송파구,API,2,1030.0,1149.0,761001.4743,156295.56217741937,770383.7201258064,151,225,90831.84017096774,1001.0
2021-03-01,송파구,API,3,1001.0,1165.0,751905.5879678571,159214.30895,763045.1044214285,151,225,98386.23901428572,1126.0
2021-04-01,송파구,API,4,1126.0,1137.0,760808.2945741935,156999.5406870968,771164.6519,151,225,99351.44134516129,1170.0
2021-05-01,송파구,API,5,1170.0,1200.0,751523.7981266666,165569.30911333335,760669.7507000001,151,225,102929.66760333332,1294.0
2021-06-01,송파구,API,6,1294.0,1290.0,747888.8181387098,161389.5525548387,758071.3397774195,151,225,100471.94152258064,1437.0
2021-07-01,송파구,API,7,1437.0,1392.0,755636.1665899999,166429.50779666664,765355.6310033334,151,225,103284.40562333332,1277.0
2021-08-01,송파구,API,8,1277.0,1174.0,748942.6074225806,158718.62296774195,758886.1353,151,225,95509.9799967742,1331.0
2021-09-01,송파구,API,9,1331.0,1065.0,744733.472183871,155417.4818935484,754756.3626064516,151,225,95222.61650967742,1299.0
2021-10-01,송파구,API,10,1299.0,1211.0,740366.1841933334,157251.21811333334,751962.68814,151,225,97393.38244666667,1294.0
2021-11-01,송파구,API,11,1294.0,1068.0,746398.6949,154960.17348387095,762709.6228419355,151,225,101287.81478709678,1286.0
2021-12-01,송파구,API,12,1286.0,961.0,755751.00662,156688.87635333333,774533.12134,151,225,110833.5818,1270.0
2022-01-01,송파구,API,1,1270.0,1030.0,754470.0669709677,150645.90117419354,774851.6838322581,148,189,104801.9214548387,1259.0
2022-02-01,송파구,API,2,1259.0,1001.0,749126.9998903227,150857.84866129034,766785.5291193548,148,189,105739.84256774193,1248.0
2022-03-01,송파구,API,3,1248.0,1126.0,754072.8767964285,150625.13663571427,770449.1098678571,148,189,99138.26831071428,1374.0
2022-04-01,송파구,API,4,1374.0,1170.0,756341.2726387096,146496.63852903227,767798.4076677419,148,189,92818.55062903227,1380.0
2022-05-01,송파구,API,5,1380.0,1294.0,757333.33662,157218.09437666665,785443.4937766666,148,189,112524.42780333334,1440.0
2022-06-01,송파구,API,6,1440.0,1437.0,767845.6970709678,156910.6063064516,792834.6511129033,148,189,115320.12555483871,1368.0
2022-07-01,송파구,API,7,1368.0,1277.0,776412.0231366666,157906.61279999997,801262.3195166667,148,189,113023.78061,1568.0
2022-08-01,송파구,API,8,1568.0,1331.0,759002.6677258065,150215.26937096773,786625.4069612904,148,189,112998.43555483871,1664.0
2022-09-01,송파구,API,9,1664.0,1299.0,749799.7352451612,149591.1942,775329.0371161291,148,189,110750.46631290323,1565.0
2022-10-01,송파구,API,10,1565.0,1294.0,746075.4514166667,149141.21647333333,773119.89018,148,189,112211.69983666667,1448.0
2022-11-01,송파구,API,11,1448.0,1286.0,751067.3018741936,147404.24291935485,785306.0603064516,148,189,116992.30411612903,1438.0
2022-12-01,송파구,API,12,1438.0,1270.0,749384.2542266666,149040.17105,769132.2319233333,148,189,113437.66623666667,1578.0
2023-01-01,송파구,API,1,1578.0,1259.0,755760.7063161291,146116.55603870968,792580.975016129,164,262,118326.41477419354,1429.0
2023-02-01,송파구,API,2,1429.0,1248.0,747016.0445483872,135171.47646451613,776155.9928225806,164,262,112893.52883548387,1303.0
2023-03-01,송파구,API,3,1303.0,1374.0,759488.2342785714,137583.14273214285,792540.7830392857,164,262,121794.60378928571,1426.0
2023-04-01,송파구,API,4,1426.0,1380.0,753469.3656419355,132961.97286774195,773010.1252709677,164,262,107764.76847741936,1506.0
2023-05-01,송파구,API,5,1506.0,1440.0,753718.6173233333,141574.41020333333,786757.4029733334,164,262,119007.37679,1685.0
2023-06-01,송파구,API,6,1685.0,1368.0,742022.1595290323,139556.13878709677,771004.9311612904,164,262,114029.4533967742,1618.0
2023-07-01,송파구,API,7,1618.0,1568.0,748750.4854700001,140512.37174333335,780194.8243000001,164,262,113708.77467666667,1676.0
2023-08-01,송파구,API,8,1676.0,1664.0,750265.5498516129,134043.25949032258,780334.4549096775,164,262,114764.5388064516,1724.0
2023-09-01,송파구,API,9,1724.0,1565.0,742759.6940258065,131247.45263548387,769834.2099451612,164,262,111200.33429032257,1575.0
2023-10-01,송파구,API,10,1575.0,1448.0,741064.70493,130426.82387,767823.2265533333,164,262,112250.42910000001,1588.0
2023-11-01,송파구,API,11,1588.0,1438.0,740551.3951419356,129237.58483870968,771040.6694387096,164,262,112439.72865161291,1478.0
2023-12-01,송파구,API,12,1478.0,1578.0,754242.6314666666,131518.53106666668,780213.7691933333,164,262,121660.55220333333,1602.0
2024-01-01,송파구,API,1,1602.0,1429.0,769141.6127709678,128632.5366967742,806453.200032258,130,338,128071.66312258065,1488.0
2024-02-01,송파구,API,2,1488.0,1303.0,766016.251967742,125752.59842258066,791479.6000935483,130,338,118764.57678709678,1259.0
2024-03-01,송파구,API,3,1259.0,1426.0,752972.2903241379,128124.75411724139,783085.3780241378,130,338,118252.62716551725,1217.0
2024-04-01,송파구,API,4,1217.0,1506.0,754849.1638645161,125521.8214967742,780996.4958935484,130,338,112026.2001032258,1212.0
2024-05-01,송파구,API,5,1212.0,1685.0,747690.17108,137500.18627333333,779886.6847433334,130,338,117915.37385666667,1257.0
2024-06-01,송파구,API,6,1257.0,1618.0,740184.7365645162,137248.87148709677,772801.3976774194,130,338,114647.26297096774,1242.0
2024-07-01,송파구,API,7,1242.0,1676.0,743051.7130433334,140000.5618833333,773667.9988966666,130,338,114649.44996000001,1276.0
2024-08-01,송파구,API,8,1276.0,1724.0,747722.4914774194,135329.5720483871,777961.9534290322,130,338,116158.80517096774,1196.0
2024-09-01,송파구,API,9,1196.0,1575.0,747827.7486193548,137742.29283548388,781293.857748387,130,338,119392.37481612903,1085.0
2024-10-01,송파구,API,10,1085.0,1588.0,728678.2054533333,136762.45873333333,759435.3408233334,130,338,114275.84192333333,1102.0
2024-11-01,송파구,API,11,1102.0,1478.0,737607.2684548387,134316.00293548388,764409.5307741936,130,338,116461.04796774194,1101.0
2024-12-01,송파구,API,12,1101.0,1602.0,743360.1555133333,138969.01154,767430.6488433334,130,338,122628.59652666668,1168.0
2025-01-01,송파구,API,1,1168.0,1488.0,744465.4189032258,135507.66352580645,783221.1316838709,92,342,124636.36392258064,1069.0
2025-02-01,송파구,API,2,1069.0,1259.0,729770.3600290322,131498.72071612903,760406.771767742,92,342,113312.81006774194,940.0
2025-03-01,송파구,API,3,940.0,1217.0,743469.0612,135392.83091785715,781579.4185714285,92,342,119638.3748,1082.0
2025-04-01,송파구,API,4,1082.0,1212.0,736671.4225548387,134931.96780967742,766900.9463935484,92,342,109421.32647096775,1151.0
2025-05-01,송파구,API,5,1151.0,1257.0,738394.61725,148384.91290999998,780573.6688499999,92,342,120075.56499000001,1197.0
2025-06-01,송파구,API,6,1197.0,1242.0,728212.4307935485,140817.33841612906,770277.9062225807,92,342,117821.79559354839,1177.0
2025-07-01,송파구,API,7,1177.0,1276.0,734855.4116966667,145000.99268,768322.7542766667,92,342,111316.59893000001,1235.0
2025-08-01,송파구,API,8,1235.0,1196.0,740336.276651613,142247.53962258063,779337.0455064516,92,342,117293.49754516128,1272.0
2025-09-01,송파구,API,9,1272.0,1085.0,736705.5639451613,142661.11567096776,775936.6005193548,92,342,114906.0173483871,1296.0
2025-10-01,송파구,API,10,1296.0,1102.0,739920.4881999999,145806.99157666665,767831.39488,92,342,115461.96472333332,1201.0
2025-11-01,송파구,API,11,1201.0,1101.0,721388.5714032258,137652.80382903226,752970.2667516129,92,342,113347.0129967742,1228.0
2025-12-01,송파구,API,12,1228.0,1168.0,739413.8263600001,142486.41089333332,772556.5249300001,92,342,117279.52803,1266.0
2018-05-01,양천구,API,5,1166.0,1215.0,430586.2732692308,106682.34381538461,446093.34002307686,200,439,31812.843834615385,1233.0
2018-06-01,양천구,API,6,1233.0,1235.0,422717.39184516127,103261.85418387096,438078.8871096774,200,439,31188.213483870968,1265.0
2018-07-01,양천구,API,7,1265.0,1360.0,428275.1999633333,96414.94806333333,441514.75929,200,439,30843.996326666667,1401.0
2018-08-01,양천구,API,8,1401.0,1335.0,427265.4761322581,96480.53419677418,441880.53063225804,200,439,32276.10146129032,1445.0
2018-09-01,양천구,API,9,1445.0,1284.0,420634.4954967742,102005.6127,434461.9806387097,200,439,30697.437822580647,1292.0
2018-10-01,양천구,API,10,1292.0,1295.0,421058.82205666666,97585.9627,433341.96754,200,439,31327.99574,1218.0
2018-11-01,양천구,API,11,1218.0,1081.0,422090.475,98621.78497741936,434077.24944193545,200,439,29831.149390322582,1145.0
2018-12-01,양천구,API,12,1145.0,1304.0,422643.99801000004,101205.36024333333,434220.11134666664,200,439,32682.968993333336,1358.0
2019-01-01,양천구,API,1,1358.0,1238.0,423840.06085806456,100130.55408709678,434561.89382580644,91,351,31993.831277419355,1229.0
2019-02-01,양천구,API,2,1229.0,1060.0,429863.30613870965,104357.4543516129,439857.3868612903,91,351,33826.35135483871,1029.0
2019-03-01,양천구,API,3,1029.0,1130.0,419322.861,100431.871225,430594.00711071433,91,351,33890.988789285715,1145.0
2019-04-01,양천구,API,4,1145.0,1166.0,424244.7723709677,96160.59614838709,434791.16342580644,91,351,28553.08995483871,1130.0
2019-05-01,양천구,API,5,1130.0,1233.0,416261.67646,103734.95213333333,427656.7963733334,91,351,30743.271403333336,1251.0
2019-06-01,양천구,API,6,1251.0,1265.0,401481.90942903224,94966.52261290322,413252.13910645165,91,351,28884.93260967742,1174.0
2019-07-01,양천구,API,7,1174.0,1401.0,404834.7264866667,92303.34933333333,415855.9174766667,91,351,28446.226153333333,1339.0
2019-08-01,양천구,API,8,1339.0,1445.0,402152.0787870967,84540.41812258065,413145.1759612903,91,351,28185.872338709676,1317.0
2019-09-01,양천구,API,9,1317.0,1292.0,416711.9093741936,89089.73311935485,427595.8495709677,91,351,29558.29026129032,1244.0
2019-10-01,양천구,API,10,1244.0,1218.0,416223.80245666666,93538.88915666666,427202.0137933333,91,351,31717.716163333334,1246.0
2019-11-01,양천구,API,11,1246.0,1145.0,418973.8738596774,94969.11565,430270.2639241935,91,351,30121.775901612906,1182.0
2019-12-01,양천구,API,12,1182.0,1358.0,420572.86216,92445.77728333333,431522.4196833333,91,351,31239.21241,1307.0
2020-01-01,양천구,API,1,1307.0,1229.0,424505.5888419355,95448.29423870968,434907.2755064516,92,229,33293.77071290323,1224.0
2020-02-01,양천구,API,2,1224.0,1029.0,426249.16316451615,95764.27626451613,436273.0662,92,229,35548.622070967744,996.0
2020-03-01,양천구,API,3,996.0,1145.0,433757.90268275863,96624.91696896552,441044.39353448275,92,229,30684.520520689657,983.0
2020-04-01,양천구,API,4,983.0,1130.0,432685.1496419355,94703.28096451613,439609.645583871,92,229,28064.617203225807,948.0
2020-05-01,양천구,API,5,948.0,1251.0,431117.26487333333,98370.46662333333,438823.63368666667,92,229,29671.014106666666,1068.0
2020-06-01,양천구,API,6,1068.0,1174.0,424793.93427741935,96341.54283870968,433076.23244838713,92,229,30139.20207419355,1048.0
2020-07-01,양천구,API,7,1048.0,1339.0,420866.38300000003,95195.41910666667,430251.0382566667,92,229,29535.88188333333,1055.0
2020-08-01,양천구,API,8,1055.0,1317.0,418845.02603548387,93422.62705806452,427803.6115967742,92,229,29856.62394516129,1065.0
2020-09-01,양천구,API,9,1065.0,1244.0,411926.5079322581,90087.37576774193,419705.5114064516,92,229,28049.141493548388,970.0
2020-10-01,양천구,API,10,970.0,1246.0,414481.09580999997,84000.40039666666,422200.26620666665,92,229,27736.537360000002,1052.0
2020-11-01,양천구,API,11,1052.0,1182.0,409912.5823387097,81972.63524516129,417791.2122193549,92,229,29779.892390322584,963.0
2020-12-01,양천구,API,12,963.0,1307.0,409087.22784,81538.14349666666,416379.82053666667,92,229,29704.694843333335,910.0
2021-01-01,양천구,API,1,910.0,1224.0,412088.9621774194,77185.24355806451,418025.6786129032,53,147,27034.566335483873,915.0
2021-02-01,양천구,API,2,915.0,996.0,413501.91426129034,80505.87763870967,419083.12406451616,53,147,28405.172799999997,833.0
2021-03-01,양천구,API,3,833.0,983.0,413320.99095357145,81805.91850714285,419920.10636785714,53,147,30619.493478571425,983.0
2021-04-01,양천구,API,4,983.0,948.0,412333.56210000004,77390.02447741936,419777.4620032258,53,147,28611.740796774193,995.0
2021-05-01,양천구,API,5,995.0,1068.0,407247.26800333336,80727.57777,416357.9369833333,53,147,29495.16430333333,1140.0
2021-06-01,양천구,API,6,1140.0,1048.0,405802.8515451613,72979.07785806451,415145.696816129,53,147,28967.867461290323,1272.0
2021-07-01,양천구,API,7,1272.0,1055.0,406521.35742,74263.43911666666,415427.7775066666,53,147,29297.168943333334,1303.0
2021-08-01,양천구,API,8,1303.0,1065.0,403193.5477419355,70994.09838709676,411710.56317419355,53,147,28064.09341935484,1222.0
2021-09-01,양천구,API,9,1222.0,970.0,399624.05866774195,71601.28438064516,407930.3680129032,53,147,26910.609051612904,1248.0
2021-10-01,양천구,API,10,1248.0,1052.0,398433.5341533333,70515.12551333333,407723.2184033334,53,147,28480.34179,1110.0
2021-11-01,양천구,API,11,1110.0,963.0,398170.96125806455,69094.04882903225,407782.13833548385,53,147,27050.36599354839,1083.0
2021-12-01,양천구,API,12,1083.0,910.0,397764.37251333334,70937.64049333334,407615.87883,53,147,28835.09329,1121.0
2022-01-01,양천구,API,1,1121.0,915.0,399655.66501612903,68029.08503225807,408291.91110645165,49,130,28026.37685483871,1177.0
2022-02-01,양천구,API,2,1177.0,833.0,401429.7983903226,68627.3904548387,409650.6914967742,49,130,29597.10986451613,1219.0
2022-03-01,양천구,API,3,1219.0,983.0,402012.6377642857,68877.05706428572,410156.0778964286,49,130,27880.879671428575,1347.0
2022-04-01,양천구,API,4,1347.0,995.0,398511.7860516129,65245.45752258065,406193.2941032258,49,130,24626.6278,1254.0
2022-05-01,양천구,API,5,1254.0,1140.0,396328.71356999996,71124.23035666667,405737.75036666665,49,130,27319.405143333333,1285.0
2022-06-01,양천구,API,6,1285.0,1272.0,398835.4586483871,71513.08801290322,409617.4615870968,49,130,28045.799148387094,1196.0
2022-07-01,양천구,API,7,1196.0,1303.0,405249.58867666667,72893.07598333334,415589.46865666664,49,130,27979.31983333333,1404.0
2022-08-01,양천구,API,8,1404.0,1222.0,392691.3763903226,69163.47349354839,402239.04430967744,49,130,27493.022780645162,1458.0
2022-09-01,양천구,API,9,1458.0,1248.0,385764.13217096776,70121.59005483871,394778.1021870968,49,130,25997.777103225806,1256.0
2022-10-01,양천구,API,10,1256.0,1110.0,381989.77807999996,68050.32016333334,391832.87813,49,130,26532.45705,1301.0
2022-11-01,양천구,API,11,1301.0,1083.0,382185.55653548386,65711.11372580646,391783.4334612903,49,130,25027.84056451613,1333.0
2022-12-01,양천구,API,12,1333.0,1121.0,382863.9787166667,71552.50365666667,391625.78639333334,49,130,26049.500466666665,1338.0
2023-01-01,양천구,API,1,1338.0,1177.0,386236.120283871,68382.74557419356,394767.9569548387,75,157,26400.554825806452,1249.0
2023-02-01,양천구,API,2,1249.0,1219.0,387823.64211935486,67302.12095806452,396010.064916129,75,157,28516.631825806453,1055.0
2023-03-01,양천구,API,3,1055.0,1347.0,388755.6651785714,65448.70816428571,397142.15413214284,75,157,26583.407907142857,1129.0
2023-04-01,양천구,API,4,1129.0,1254.0,385318.72407096776,61943.63016129032,393470.2661870968,75,157,24989.529032258066,1213.0
2023-05-01,양천구,API,5,1213.0,1285.0,382168.97049000004,66543.85827333333,390719.30698666663,75,157,26853.85698,1289.0
2023-06-01,양천구,API,6,1289.0,1196.0,380045.67270000005,67023.89573225807,389594.2008548387,75,157,26326.3867,1243.0
2023-07-01,양천구,API,7,1243.0,1404.0,386333.15597666666,67750.36786666667,395283.74860333337,75,157,26911.336623333333,1441.0
2023-08-01,양천구,API,8,1441.0,1458.0,385295.3543451613,64637.776277419354,394306.6455483871,75,157,27250.995045161293,1429.0
2023-09-01,양천구,API,9,1429.0,1256.0,382446.369216129,65466.93364516129,390537.8538774194,75,157,25911.49889354839,1292.0
2023-10-01,양천구,API,10,1292.0,1301.0,384430.93297333334,65356.31741,393844.1948366667,75,157,27587.44295,1281.0
2023-11-01,양천구,API,11,1281.0,1333.0,382821.39017096773,64454.26070645161,391587.8845258064,75,157,25558.974887096774,1172.0
2023-12-01,양천구,API,12,1172.0,1338.0,386176.29349666665,65958.95975333333,396043.7599633334,75,157,28090.049703333334,1281.0
2024-01-01,양천구,API,1,1281.0,1249.0,390641.445383871,63367.8683516129,401479.22758387093,27,209,29793.45460967742,1216.0
2024-02-01,양천구,API,2,1216.0,1055.0,391157.70204193547,62400.36045806452,403197.1942129032,27,209,28810.980061290324,1041.0
2024-03-01,양천구,API,3,1041.0,1129.0,391705.2909275862,63978.78483448276,402641.5662413793,27,209,28913.392137931034,1022.0
2024-04-01,양천구,API,4,1022.0,1213.0,391165.86065483873,62454.57799677419,402315.28802903224,27,209,26271.899574193547,1013.0
2024-05-01,양천구,API,5,1013.0,1289.0,385658.37149666663,69591.21344666666,396404.81196666666,27,209,25905.37846666667,1066.0
2024-06-01,양천구,API,6,1066.0,1243.0,381164.9632258064,70886.51617741935,391304.41507096775,27,209,24959.61648064516,1160.0
2024-07-01,양천구,API,7,1160.0,1441.0,383422.72391666664,72716.01727,392848.0322,27,209,26646.746276666665,1293.0
2024-08-01,양천구,API,8,1293.0,1429.0,384078.78174838715,70346.71490645161,393145.0780967742,27,209,27221.736183870966,1236.0
2024-09-01,양천구,API,9,1236.0,1292.0,383974.35604516126,71121.46642258065,393559.72272258066,27,209,27497.861203225806,1030.0
2024-10-01,양천구,API,10,1030.0,1281.0,380073.9103766667,70934.46647333333,389607.9105033333,27,209,27231.67772666667,1044.0
2024-11-01,양천구,API,11,1044.0,1172.0,381355.6385645161,68676.82598064515,390514.4477677419,27,209,25566.297006451612,927.0
2024-12-01,양천구,API,12,927.0,1281.0,381385.66084333335,68521.23295666667,391407.9991033333,27,209,27726.62369666667,1125.0
2025-01-01,양천구,API,1,1125.0,1216.0,381674.29526129033,65314.73761290322,392056.9535741935,33,209,27855.206196774194,1074.0
2025-02-01,양천구,API,2,1074.0,1041.0,382537.3003032258,65639.11897741936,390688.5236,33,209,28255.22417096774,861.0
2025-03-01,양천구,API,3,861.0,1022.0,385318.7575678571,67583.03981785713,392908.117575,33,209,25517.718342857144,989.0
2025-04-01,양천구,API,4,989.0,1013.0,382032.43552903226,66662.84759032258,390103.5864354839,33,209,24581.504667741934,993.0
2025-05-01,양천구,API,5,993.0,1066.0,379057.8395066667,72939.78715,387647.90424999996,33,209,25013.349416666668,1089.0
2025-06-01,양천구,API,6,1089.0,1160.0,374497.80231935484,67188.94091290323,384013.95413548383,33,209,25055.97171935484,1013.0
2025-07-01,양천구,API,7,1013.0,1293.0,379906.70180999994,72132.66201,388646.0283,33,209,25192.555246666667,1178.0
2025-08-01,양천구,API,8,1178.0,1236.0,379443.3279129032,70362.5193451613,388417.6956612903,33,209,26090.759703225805,1207.0
2025-09-01,양천구,API,9,1207.0,1030.0,376918.2731290323,70921.20947419354,385082.44700000004,33,209,25410.36453548387,1177.0
2025-10-01,양천구,API,10,1177.0,1044.0,378009.13945666666,72321.72471666666,386180.4522333333,33,209,25644.18199333333,1169.0
2025-11-01,양천구,API,11,1169.0,927.0,371536.7497258064,67590.8947967742,380138.3253,33,209,27023.00303548387,1210.0
2025-12-01,양천구,API,12,1210.0,1125.0,378258.64889666665,68933.71374,387102.34486333333,33,209,25814.263903333333,1212.0
2018-05-01,영등포구,API,5,1259.0,1291.0,499071.07974615385,101575.0963,607916.04705,327,376,102117.31151538462,1359.0
2018-06-01,영등포구,API,6,1359.0,1219.0,492845.9888258065,97135.95647096774,592221.5192419356,327,376,95563.90272903226,1271.0
2018-07-01,영등포구,API,7,1271.0,1379.0,491893.7452366667,89920.94164666667,588170.7940066666,327,376,91445.24098,1393.0
2018-08-01,영등포구,API,8,1393.0,1282.0,498222.55883225804,88033.28141612903,606646.747083871,327,376,96944.60567419355,1496.0
2018-09-01,영등포구,API,9,1496.0,1312.0,491609.59940645157,95459.45886129033,597773.7319354839,327,376,95402.72866451612,1254.0
2018-10-01,영등포구,API,10,1254.0,1255.0,483892.8921033333,91280.73481000001,577989.93251,327,376,90825.97331666667,1232.0
2018-11-01,영등포구,API,11,1232.0,1182.0,491566.11011612904,90127.17927419355,599089.4752612903,327,376,97318.28466451613,1210.0
2018-12-01,영등포구,API,12,1210.0,1399.0,501279.49949666666,92795.13010666666,615679.4289200001,327,376,105245.19619333332,1326.0
2019-01-01,영등포구,API,1,1326.0,1378.0,494043.70601935487,87954.29326774193,601379.0727129031,292,511,97017.1979967742,1165.0
2019-02-01,영등포구,API,2,1165.0,1120.0,495337.9572225807,95029.17950322581,603436.0641032258,292,511,100693.65479032259,1001.0
2019-03-01,영등포구,API,3,1001.0,1198.0,480660.5528392857,93211.63434285714,576417.13815,292,511,94396.90925357143,1190.0
2019-04-01,영등포구,API,4,1190.0,1259.0,486794.49452258064,86395.68726129032,584106.0706612903,292,511,88884.15090645161,1230.0
2019-05-01,영등포구,API,5,1230.0,1359.0,483011.1957166667,94723.12653666666,588213.0604200001,292,511,99669.06570666666,1291.0
2019-06-01,영등포구,API,6,1291.0,1271.0,464978.28062903223,86460.05971612904,557875.9353677419,292,511,88131.34168387097,1254.0
2019-07-01,영등포구,API,7,1254.0,1393.0,461638.1271766667,84019.08895,552781.3249733333,292,511,84188.86104999999,1370.0
2019-08-01,영등포구,API,8,1370.0,1496.0,464758.2843354839,78665.2465483871,568507.4895193548,292,511,86499.0027,1312.0
2019-09-01,영등포구,API,9,1312.0,1254.0,486456.236967742,82894.14843225807,584726.4635483872,292,511,90004.6988548387,1281.0
2019-10-01,영등포구,API,10,1281.0,1232.0,478274.51614333334,86495.98875666667,572902.8319333333,292,511,92183.72952000001,1230.0
2019-11-01,영등포구,API,11,1230.0,1210.0,484450.0966145161,89410.68694193549,597516.5814032258,292,511,100220.15293064517,1140.0
2019-12-01,영등포구,API,12,1140.0,1326.0,477021.36926999997,86128.87559333333,582397.9325333333,292,511,98182.00178333333,1237.0
2020-01-01,영등포구,API,1,1237.0,1165.0,478534.1642548387,90279.22193870968,585752.3504806452,272,430,101401.71246129033,1178.0
2020-02-01,영등포구,API,2,1178.0,1001.0,475953.41932903224,89984.77207741936,577077.5257935484,272,430,96964.51640967742,889.0
2020-03-01,영등포구,API,3,889.0,1190.0,478439.5396724138,90134.67127241379,577236.7346344828,272,430,87951.85095517241,781.0
2020-04-01,영등포구,API,4,781.0,1230.0,468795.18439999997,89868.57389032257,556295.2392612904,272,430,76534.43624516128,898.0
2020-05-01,영등포구,API,5,898.0,1291.0,465630.50146,94442.81227666668,549797.1310766666,272,430,81259.47080333334,977.0
2020-06-01,영등포구,API,6,977.0,1254.0,462990.0461129032,90748.09942903226,547006.1592032259,272,430,82631.11499032257,906.0
2020-07-01,영등포구,API,7,906.0,1370.0,465951.9091366667,92171.83847333332,555644.70921,272,430,86178.90727333333,951.0
2020-08-01,영등포구,API,8,951.0,1312.0,472308.3298935484,89627.4180419355,564075.8487419354,272,430,86742.81112903226,877.0
2020-09-01,영등포구,API,9,877.0,1281.0,463398.96625161293,90231.9088483871,541370.4922838709,272,430,77718.63381290324,826.0
2020-10-01,영등포구,API,10,826.0,1230.0,462167.00535,91581.11797666666,540639.3206533333,272,430,75937.95480333334,919.0
2020-11-01,영등포구,API,11,919.0,1140.0,461882.1031225807,91978.17322580646,538909.2665903226,272,430,82412.71282903226,912.0
2020-12-01,영등포구,API,12,912.0,1237.0,463285.0612066667,92016.16803,547190.0365333332,272,430,85159.97245,804.0
2021-01-01,영등포구,API,1,804.0,1178.0,457240.6698322581,87957.02907096775,534784.5552129032,166,308,72482.28014516129,849.0
2021-02-01,영등포구,API,2,849.0,889.0,460801.9273483871,86038.60638387097,538832.1948193548,166,308,75264.73962258064,760.0
2021-03-01,영등포구,API,3,760.0,781.0,466883.0493392857,85996.87123214286,551781.5793607143,166,308,82766.15132142858,837.0
2021-04-01,영등포구,API,4,837.0,898.0,473898.60185806453,89544.74780645162,571803.137316129,166,308,88025.81098064515,919.0
2021-05-01,영등포구,API,5,919.0,977.0,471561.29971666663,98865.09023666667,565484.2104866666,166,308,90336.14199333334,1036.0
2021-06-01,영등포구,API,6,1036.0,906.0,468356.40240967745,96203.2734483871,554291.2595,166,308,85013.51663870968,1150.0
2021-07-01,영등포구,API,7,1150.0,951.0,473252.34446,97475.17229666667,565064.7649966667,166,308,90067.42803333333,1032.0
2021-08-01,영등포구,API,8,1032.0,877.0,467495.72937741934,95310.93998709678,545677.0558129032,166,308,78758.35508709677,1078.0
2021-09-01,영등포구,API,9,1078.0,826.0,465047.5931516129,94209.45165806451,542469.6677935484,166,308,77533.69349032258,1127.0
2021-10-01,영등포구,API,10,1127.0,919.0,466287.10417999997,92587.97309333333,543235.0743733334,166,308,79768.34663333333,1076.0
2021-11-01,영등포구,API,11,1076.0,912.0,471758.14380645164,92894.57420322581,548775.8458,166,308,80847.48576451612,1051.0
2021-12-01,영등포구,API,12,1051.0,804.0,479551.07866666664,94364.89029,570656.9223033334,166,308,91871.93478,961.0
2022-01-01,영등포구,API,1,961.0,849.0,478271.80287741934,91702.06753870969,570246.5847,172,337,86578.31686129032,1040.0
2022-02-01,영등포구,API,2,1040.0,760.0,476411.5476225806,92813.60437096775,566567.0899322581,172,337,87376.90529677419,1004.0
2022-03-01,영등포구,API,3,1004.0,837.0,477575.9425107143,94021.91443571428,561155.6873250001,172,337,81797.66932142856,1175.0
2022-04-01,영등포구,API,4,1175.0,919.0,478383.9516419355,90949.28007419355,557575.5046096775,172,337,77147.15988064517,1191.0
2022-05-01,영등포구,API,5,1191.0,1036.0,480408.93113000004,96791.91960666668,578365.1635066667,172,337,93796.6139,1248.0
2022-06-01,영등포구,API,6,1248.0,1150.0,488319.9082580645,94475.93155806452,583472.1767677419,172,337,96132.4202451613,1159.0
2022-07-01,영등포구,API,7,1159.0,1032.0,492618.0985966667,95199.52655666666,589957.1509333333,172,337,94492.55571333334,1259.0
2022-08-01,영등포구,API,8,1259.0,1078.0,485522.20605806453,90751.88153548387,583719.9270903225,172,337,93038.81345483872,1252.0
2022-09-01,영등포구,API,9,1252.0,1127.0,481596.93087096774,91120.03543548386,579365.8961096774,172,337,92371.23072580645,1173.0
2022-10-01,영등포구,API,10,1173.0,1076.0,478581.84613,89640.38874666666,569572.65782,172,337,92433.90039000001,1161.0
2022-11-01,영등포구,API,11,1161.0,1051.0,484575.98433225806,90320.25922580644,579571.0225580644,172,337,94361.76665483872,1138.0
2022-12-01,영등포구,API,12,1138.0,961.0,482410.76066333335,92482.64492333333,584162.8868033333,172,337,98834.50243333333,1314.0
2023-01-01,영등포구,API,1,1314.0,1040.0,483490.6584677419,90041.06815806452,590919.843,256,453,97154.80907419356,1122.0
2023-02-01,영등포구,API,2,1122.0,1004.0,482323.80540645163,83997.94502258065,579636.2755548387,256,453,93148.87573225806,1068.0
2023-03-01,영등포구,API,3,1068.0,1175.0,491107.52467142855,85453.96011428571,596011.5140678572,256,453,99369.18874642857,1227.0
2023-04-01,영등포구,API,4,1227.0,1191.0,486585.54609677417,78007.70597741936,584907.3050451613,256,453,92399.6292483871,1256.0
2023-05-01,영등포구,API,5,1256.0,1248.0,487464.44651000004,79163.38140666667,587031.9702966666,256,453,98187.49977666668,1207.0
2023-06-01,영등포구,API,6,1207.0,1159.0,478355.56377741933,81580.02471935484,570678.2315677418,256,453,91735.48569354838,1224.0
2023-07-01,영등포구,API,7,1224.0,1259.0,479948.32941,79525.77857666666,580208.1267466667,256,453,94204.06410333334,1340.0
2023-08-01,영등포구,API,8,1340.0,1252.0,484266.53691612906,76947.69032580646,587862.4657129033,256,453,94002.05487419355,1380.0
2023-09-01,영등포구,API,9,1380.0,1173.0,483375.0863,79028.52161290322,584776.0034806452,256,453,93788.1720483871,1279.0
2023-10-01,영등포구,API,10,1279.0,1161.0,485020.6557633334,78851.73375666667,582671.50591,256,453,95414.08339666667,1258.0
2023-11-01,영등포구,API,11,1258.0,1138.0,486493.7691032258,79566.26337096775,586102.925151613,256,453,95355.32333548386,1230.0
2023-12-01,영등포구,API,12,1230.0,1314.0,490589.95094,80834.92907,598427.1997966667,256,453,102883.07021333333,1322.0
2024-01-01,영등포구,API,1,1322.0,1122.0,497718.7991032258,78990.31547741935,607012.0125774193,130,409,102020.55148709677,1143.0
2024-02-01,영등포구,API,2,1143.0,1068.0,487329.16431935487,76008.36386129032,591009.7714741935,130,409,95190.60863870969,1025.0
2024-03-01,영등포구,API,3,1025.0,1227.0,489508.77540689654,79173.03925862069,593881.6773793104,130,409,96352.57005517241,1005.0
2024-04-01,영등포구,API,4,1005.0,1256.0,487566.62868064514,75521.15489032258,591560.5691064516,130,409,93679.55023870968,1042.0
2024-05-01,영등포구,API,5,1042.0,1207.0,485514.5756133333,82493.48342666666,592473.1222766667,130,409,97697.27472,1112.0
2024-06-01,영등포구,API,6,1112.0,1224.0,479454.1770096774,84180.96291290323,578011.8543258064,130,409,91821.02402903225,1102.0
2024-07-01,영등포구,API,7,1102.0,1340.0,480836.8279333333,85189.91667666666,583609.1873,130,409,96389.79903666668,1278.0
2024-08-01,영등포구,API,8,1278.0,1380.0,485955.2340193548,84387.21256774194,600006.4946290323,130,409,99209.49326774194,1248.0
2024-09-01,영등포구,API,9,1248.0,1279.0,484283.6648774193,85109.96106774193,589646.1191548386,130,409,98467.9029967742,957.0
2024-10-01,영등포구,API,10,957.0,1258.0,470473.3680233333,82863.74377666667,565105.1366300001,130,409,92807.57818666667,964.0
2024-11-01,영등포구,API,11,964.0,1230.0,482055.92368387093,83417.61429032258,590412.9998290322,130,409,99579.5587516129,934.0
2024-12-01,영등포구,API,12,934.0,1322.0,481438.75516999996,86397.99636,589581.0244,130,409,103188.00600666666,1058.0
2025-01-01,영등포구,API,1,1058.0,1143.0,483879.83068709675,83561.5345451613,615781.3741193549,135,350,111425.06501612904,1006.0
2025-02-01,영등포구,API,2,1006.0,1025.0,473358.629267742,82453.47178709679,570018.4547903226,135,350,91087.46619677418,889.0
2025-03-01,영등포구,API,3,889.0,1005.0,485202.234425,84504.808725,598186.0445642857,135,350,97255.48273214286,957.0
2025-04-01,영등포구,API,4,957.0,1042.0,479807.00581935485,83588.7987516129,582389.576716129,135,350,92543.64901290323,965.0
2025-05-01,영등포구,API,5,965.0,1112.0,482582.81696666667,92694.95029333333,588041.4278066666,135,350,98984.04412666666,1022.0
2025-06-01,영등포구,API,6,1022.0,1102.0,472859.58502258064,85577.64378709678,565500.3997774194,135,350,89991.75800645162,1015.0
2025-07-01,영등포구,API,7,1015.0,1278.0,476038.1119366667,92458.30861333334,570916.3879133334,135,350,89908.29819,1092.0
2025-08-01,영등포구,API,8,1092.0,1248.0,482684.71051935485,91162.49977096774,594682.4524258064,135,350,96645.09842580646,1110.0
2025-09-01,영등포구,API,9,1110.0,957.0,474298.294616129,91520.34312580645,574595.7584612903,135,350,91515.7742516129,1096.0
2025-10-01,영등포구,API,10,1096.0,964.0,479011.6147,92350.06808666667,589363.4745066667,135,350,99861.85893,1105.0
2025-11-01,영등포구,API,11,1105.0,934.0,464166.14648709673,89092.0396516129,552686.728883871,135,350,88502.83565806452,1007.0
2025-12-01,영등포구,API,12,1007.0,1058.0,478113.32558999996,91222.77821333334,577628.0164866667,135,350,94511.08491333334,1099.0
2018-05-01,용산구,API,5,770.0,856.0,314622.80186153844,54167.15427307692,369577.2145653846,163,357,58197.5701423077,845.0
2018-06-01,용산구,API,6,845.0,849.0,313769.08071290323,51465.453641935484,370362.67883548385,163,357,58018.82825483871,838.0
2018-07-01,용산구,API,7,838.0,836.0,310436.81625333335,47806.988789999996,363921.1244333333,163,357,55157.67125,905.0
2018-08-01,용산구,API,8,905.0,870.0,305878.99227096775,47686.238441935486,361004.55199999997,163,357,55639.64304516129,894.0
2018-09-01,용산구,API,9,894.0,915.0,302529.198016129,47817.407948387096,358068.9006516129,163,357,56076.265290322575,805.0
2018-10-01,용산구,API,10,805.0,824.0,302999.64507666667,45688.813616666666,355645.24382000003,163,357,55200.00174666666,818.0
2018-11-01,용산구,API,11,818.0,739.0,310317.98685806454,46808.76661290322,370319.95759999997,163,357,59103.858893548386,752.0
2018-12-01,용산구,API,12,752.0,898.0,305256.54698333336,48810.023446666666,367660.18073333334,163,357,59909.85841,834.0
2019-01-01,용산구,API,1,834.0,774.0,312593.04320967745,44441.71987419355,366316.22671290324,92,193,56633.38774516129,758.0
2019-02-01,용산구,API,2,758.0,668.0,310697.88319032255,49954.83450645161,363926.43333870964,92,193,57920.125596774196,663.0
2019-03-01,용산구,API,3,663.0,771.0,304048.9311857143,48317.56502857142,356031.833575,92,193,56831.14063214285,753.0
2019-04-01,용산구,API,4,753.0,770.0,310955.13025483873,45403.250712903224,362788.1699419355,92,193,54272.047538709674,709.0
2019-05-01,용산구,API,5,709.0,845.0,308195.06505000003,51356.27941333333,360220.65096,92,193,56867.799653333335,766.0
2019-06-01,용산구,API,6,766.0,838.0,304112.24253870966,46827.021467741935,355998.6779580645,92,193,54700.305896774196,777.0
2019-07-01,용산구,API,7,777.0,905.0,303944.55138666666,46567.868493333335,353132.7874833334,92,193,52571.92771333333,812.0
2019-08-01,용산구,API,8,812.0,894.0,298099.2601612903,42320.59172903226,349147.37786129036,92,193,51089.445616129036,828.0
2019-09-01,용산구,API,9,828.0,805.0,305092.44736774196,43324.32747419355,355006.2556580645,92,193,54441.49345806451,741.0
2019-10-01,용산구,API,10,741.0,818.0,304270.8120166667,44491.301499999994,351504.09771,92,193,55614.86539666667,766.0
2019-11-01,용산구,API,11,766.0,752.0,309577.3587967742,46546.63273064516,367295.89412580646,92,193,59083.50194838709,744.0
2019-12-01,용산구,API,12,744.0,834.0,311162.90243333334,44964.14266333333,363277.72820333333,92,193,57999.236216666664,861.0
2020-01-01,용산구,API,1,861.0,758.0,313165.7288580645,47961.964167741935,368107.04977096774,85,177,60460.94354193548,674.0
2020-02-01,용산구,API,2,674.0,663.0,308343.7583419355,47656.802161290325,358740.66168064513,85,177,57595.12979032258,563.0
2020-03-01,용산구,API,3,563.0,753.0,309262.7599724138,48608.36152413793,351360.67368275864,85,177,48129.96127586207,483.0
2020-04-01,용산구,API,4,483.0,709.0,298686.1919870968,47511.763683870966,333776.9993935484,85,177,39107.06573548387,487.0
2020-05-01,용산구,API,5,487.0,766.0,299691.65628,50332.87802,334516.2959233333,85,177,42578.67032666667,605.0
2020-06-01,용산구,API,6,605.0,777.0,295390.34639032255,51083.35935806452,330992.8757806452,85,177,43993.44402258065,582.0
2020-07-01,용산구,API,7,582.0,812.0,296899.20957999997,49818.35280666666,335599.3436233334,85,177,46248.4054,680.0
2020-08-01,용산구,API,8,680.0,828.0,295397.92497096775,49175.37296774193,334733.9386064516,85,177,46876.609919354836,592.0
2020-09-01,용산구,API,9,592.0,741.0,290235.87791290326,48049.18742258064,324316.54896129033,85,177,42250.621645161285,493.0
2020-10-01,용산구,API,10,493.0,766.0,288058.9280633333,48529.79603666666,321504.56348666665,85,177,39573.592090000006,538.0
2020-11-01,용산구,API,11,538.0,744.0,288135.1757677419,48334.414370967745,324765.4912451613,85,177,46154.46022903226,508.0
2020-12-01,용산구,API,12,508.0,861.0,289744.6782466667,48326.188976666665,327370.1356366667,85,177,46025.7151,486.0
2021-01-01,용산구,API,1,486.0,674.0,285145.1972580645,46740.13760645161,316761.0177870968,35,69,36588.66902580645,482.0
2021-02-01,용산구,API,2,482.0,563.0,283694.6189193548,47498.23864193548,315219.0606935484,35,69,38179.26982903226,481.0
2021-03-01,용산구,API,3,481.0,483.0,285283.24685357144,47984.100085714286,321260.1538607143,35,69,43837.82666785714,544.0
2021-04-01,용산구,API,4,544.0,487.0,292989.88557741937,47358.19262903226,330654.6940870968,35,69,45675.97586774194,566.0
2021-05-01,용산구,API,5,566.0,605.0,290763.45122,51782.626150000004,328964.47749666666,35,69,46812.48081,595.0
2021-06-01,용산구,API,6,595.0,582.0,288250.975867742,50632.68522258064,325827.4047419355,35,69,45559.35732903225,665.0
2021-07-01,용산구,API,7,665.0,680.0,290540.82581,50978.14473000001,329287.07623,35,69,48253.95467333333,563.0
2021-08-01,용산구,API,8,563.0,592.0,284317.7246096774,48341.230638709676,316798.50824193546,35,69,41817.98968064516,555.0
2021-09-01,용산구,API,9,555.0,493.0,284200.4203032258,47072.33690645161,317265.5356806452,35,69,42734.603325806456,540.0
2021-10-01,용산구,API,10,540.0,538.0,281868.0573666667,46238.90820333334,315177.77625,35,69,43647.00793,550.0
2021-11-01,용산구,API,11,550.0,508.0,285632.1287354839,46235.96097096774,321046.58213870967,35,69,45627.224799999996,510.0
2021-12-01,용산구,API,12,510.0,486.0,290757.5229433334,47123.03137333333,329219.73283,35,69,50543.17876,462.0
2022-01-01,용산구,API,1,462.0,482.0,289072.6095387097,45708.31209677419,326941.9743935484,60,143,46875.81581935484,569.0
2022-02-01,용산구,API,2,569.0,481.0,284078.06397741934,45203.89751935484,322326.4752580645,60,143,47177.89086774194,530.0
2022-03-01,용산구,API,3,530.0,544.0,284050.15910357144,46288.900792857145,319133.8336464286,60,143,43875.506982142855,646.0
2022-04-01,용산구,API,4,646.0,566.0,287237.23375161295,44925.88599032258,319296.8168290322,60,143,42131.93070322581,652.0
2022-05-01,용산구,API,5,652.0,595.0,291614.29758,47703.725326666674,328751.96583,60,143,49395.864010000005,757.0
2022-06-01,용산구,API,6,757.0,665.0,301214.3306483871,47189.818506451615,345111.44199354836,60,143,54914.63106451613,705.0
2022-07-01,용산구,API,7,705.0,563.0,301928.1184366666,47296.47911,346577.7480433333,60,143,54603.21305666667,770.0
2022-08-01,용산구,API,8,770.0,555.0,293079.1690290323,44173.52956774194,336210.2771709677,60,143,53192.50840322581,800.0
2022-09-01,용산구,API,9,800.0,540.0,290716.873916129,44172.40476774194,334084.23507096776,60,143,53625.28623548387,718.0
2022-10-01,용산구,API,10,718.0,550.0,292809.06891,44635.892680000004,331950.36173999996,60,143,52762.493383333334,740.0
2022-11-01,용산구,API,11,740.0,510.0,296586.6509903226,44436.12029354839,346972.69125806453,60,143,56125.62609354839,700.0
2022-12-01,용산구,API,12,700.0,462.0,288607.38517666666,43880.35339333334,335040.61962666665,60,143,53700.463696666666,807.0
2023-01-01,용산구,API,1,807.0,569.0,288418.93880967743,42113.854770967744,336036.2019548387,85,352,52713.67329032258,630.0
2023-02-01,용산구,API,2,630.0,530.0,283078.41926774196,40233.45260645162,328911.01461290324,85,352,51690.46141935484,544.0
2023-03-01,용산구,API,3,544.0,646.0,288991.95559642854,40124.278778571424,342317.80765,85,352,57883.86954642857,654.0
2023-04-01,용산구,API,4,654.0,652.0,289509.86186451616,38661.08572903226,339191.3030967742,85,352,54097.4073032258,681.0
2023-05-01,용산구,API,5,681.0,757.0,290839.07032666664,41674.37632333334,337870.36268333334,85,352,55191.553686666666,750.0
2023-06-01,용산구,API,6,750.0,705.0,288951.1557064516,41711.72346451613,338807.35060645157,85,352,54415.700461290326,743.0
2023-07-01,용산구,API,7,743.0,770.0,290216.5944333334,42043.799946666666,340065.7420433333,85,352,55343.65088333333,791.0
2023-08-01,용산구,API,8,791.0,800.0,287615.1137354839,39698.92311290323,337173.6854354839,85,352,54638.15235483871,798.0
2023-09-01,용산구,API,9,798.0,718.0,285844.9523419355,38456.31784516129,334605.45872580644,85,352,54572.2806,728.0
2023-10-01,용산구,API,10,728.0,740.0,289870.67124999996,38635.310293333336,335760.74711,85,352,55598.124926666664,728.0
2023-11-01,용산구,API,11,728.0,700.0,289126.34485806455,39610.124706451614,340458.47586451616,85,352,55002.71854193549,680.0
2023-12-01,용산구,API,12,680.0,807.0,291579.0048,39818.43028666666,338951.6432666667,85,352,57220.226189999994,734.0
2024-01-01,용산구,API,1,734.0,630.0,293639.2990580645,38079.056300000004,342242.2158935484,58,171,57272.10548064516,623.0
2024-02-01,용산구,API,2,623.0,544.0,282910.094183871,35859.586141935484,327647.7316967742,58,171,52546.40599032258,482.0
2024-03-01,용산구,API,3,482.0,654.0,282315.15122068964,37734.990099999995,330016.5724724138,58,171,53930.58789310345,503.0
2024-04-01,용산구,API,4,503.0,681.0,287136.9025129032,36555.58233225806,338053.89862258063,58,171,54843.13816451613,551.0
2024-05-01,용산구,API,5,551.0,750.0,283140.4659966667,39765.314419999995,332788.71184999996,58,171,54516.98837333333,586.0
2024-06-01,용산구,API,6,586.0,743.0,279181.52025806456,37449.14357419355,330203.5592580645,58,171,52821.2622,553.0
2024-07-01,용산구,API,7,553.0,791.0,278468.12744333333,38618.833743333336,328706.6171766667,58,171,54098.98933333333,613.0
2024-08-01,용산구,API,8,613.0,798.0,273999.42901290325,36248.80092580645,327675.6518548387,58,171,54517.23993225807,574.0
2024-09-01,용산구,API,9,574.0,728.0,272759.7602935484,36164.8663516129,326338.52902258065,58,171,56174.82057096775,460.0
2024-10-01,용산구,API,10,460.0,728.0,269925.64188666665,37099.03780666667,320792.4978866667,58,171,54725.64913666667,532.0
2024-11-01,용산구,API,11,532.0,680.0,277496.2207903226,37298.562506451606,339086.1714612903,58,171,58355.47678387097,507.0
2024-12-01,용산구,API,12,507.0,734.0,276685.1636766667,38422.231003333334,334070.25092333334,58,171,59564.33371666667,559.0
2025-01-01,용산구,API,1,559.0,623.0,275730.34740645165,36903.48623548387,334191.5762903226,48,125,58588.34153548387,502.0
2025-02-01,용산구,API,2,502.0,482.0,268023.8381580645,35709.327332258064,323272.34143870964,48,125,55727.657787096774,463.0
2025-03-01,용산구,API,3,463.0,503.0,272317.44103928574,36742.09930357143,332298.2607107143,48,125,57987.70643214286,489.0
2025-04-01,용산구,API,4,489.0,551.0,275313.58877096773,35980.100296774195,332840.3687064516,48,125,55657.027322580645,510.0
2025-05-01,용산구,API,5,510.0,586.0,273716.64133333333,40352.29518666666,329842.68663333333,48,125,56282.81387333334,563.0
2025-06-01,용산구,API,6,563.0,553.0,272387.1107548387,37054.43263225807,330987.9400032258,48,125,56263.492348387095,567.0
2025-07-01,용산구,API,7,567.0,613.0,273015.06346333335,39086.30927,328590.10886,48,125,55125.67567333333,614.0
2025-08-01,용산구,API,8,614.0,574.0,271033.85891612904,37004.8341516129,331012.0440483871,48,125,57808.21177096775,638.0
2025-09-01,용산구,API,9,638.0,460.0,271248.40676774195,37000.21430000001,332544.7446419355,48,125,60207.086922580645,642.0
2025-10-01,용산구,API,10,642.0,532.0,275866.72364000004,38526.80429666666,336372.3112066667,48,125,60673.75609666667,638.0
2025-11-01,용산구,API,11,638.0,507.0,267436.61702258064,37059.278438709676,323773.5263709678,48,125,57212.46127419355,621.0
2025-12-01,용산구,API,12,621.0,559.0,276116.09629333334,38356.176263333335,334117.1850633333,48,125,58704.96577,630.0
2018-05-01,은평구,API,5,1117.0,1131.0,489418.6593038461,124476.7761076923,510418.6952153846,267,276,32397.38424230769,1285.0
2018-06-01,은평구,API,6,1285.0,1179.0,485322.8436354839,122599.60614516129,508245.4703967742,267,276,32660.363993548388,1256.0
2018-07-01,은평구,API,7,1256.0,1229.0,489025.19968333334,124400.99970666667,509143.03811,267,276,31769.493863333333,1295.0
2018-08-01,은평구,API,8,1295.0,1248.0,486912.9667354839,119645.46548387097,507835.82311612903,267,276,32375.03793870968,1290.0
2018-09-01,은평구,API,9,1290.0,1219.0,480825.73112258065,119410.34569032257,502300.4604806452,267,276,31256.10853548387,1212.0
2018-10-01,은평구,API,10,1212.0,1116.0,484716.0889066666,115114.38181666666,504416.84448666667,267,276,33640.608316666665,1174.0
2018-11-01,은평구,API,11,1174.0,1138.0,485599.2977645161,115772.07250967743,506518.85882258066,267,276,31452.98281612903,1158.0
2018-12-01,은평구,API,12,1158.0,1312.0,486392.09178,116379.14203333334,506724.51495,267,276,33093.69603333333,1302.0
2019-01-01,은평구,API,1,1302.0,1331.0,486350.3262419354,115031.10914838708,504026.93847419356,233,216,32729.15169354839,1151.0
2019-02-01,은평구,API,2,1151.0,1068.0,487361.8565774193,119957.73216129033,505124.01987419353,233,216,32167.44240645161,996.0
2019-03-01,은평구,API,3,996.0,1158.0,477387.42478214286,116567.43254642856,494751.8835571428,233,216,33819.75767142857,1177.0
2019-04-01,은평구,API,4,1177.0,1117.0,485152.45998387097,110564.77258064516,502944.6829032258,233,216,30415.35389032258,1181.0
2019-05-01,은평구,API,5,1181.0,1285.0,478609.9526433333,119322.51987666666,497813.9932466667,233,216,31243.591846666666,1242.0
2019-06-01,은평구,API,6,1242.0,1256.0,463047.83142903226,104270.12504516129,481953.21681935486,233,216,29976.667961290324,1192.0
2019-07-01,은평구,API,7,1192.0,1295.0,463774.37514666666,100088.75975333333,482369.56371,233,216,29207.182793333333,1314.0
2019-08-01,은평구,API,8,1314.0,1290.0,457189.1911225806,97840.4045,476236.40877419355,233,216,28264.974322580645,1280.0
2019-09-01,은평구,API,9,1280.0,1212.0,469410.3154548387,104813.71252903224,488879.5295483871,233,216,29821.280316129032,1303.0
2019-10-01,은평구,API,10,1303.0,1174.0,471772.08918333333,108886.56525,490347.3490966667,233,216,33442.93821,1247.0
2019-11-01,은평구,API,11,1247.0,1158.0,472957.8094758064,109518.73076129032,493063.9894032258,233,216,31450.96845,1165.0
2019-12-01,은평구,API,12,1165.0,1302.0,480475.70938,108075.10359,500395.9891566666,233,216,31587.60833,1252.0
2020-01-01,은평구,API,1,1252.0,1151.0,484691.08576129033,114071.70357741935,503351.5575451613,166,166,33968.94475806452,1266.0
2020-02-01,은평구,API,2,1266.0,996.0,486843.3477774193,114131.05949677419,504816.8135870968,166,166,34715.189380645155,1019.0
2020-03-01,은평구,API,3,1019.0,1177.0,493863.1118448276,113648.74982068966,510092.5061793103,166,166,28887.83777586207,873.0
2020-04-01,은평구,API,4,873.0,1181.0,491498.6043129032,112000.36596774195,506433.08365483873,166,166,25063.193245161292,885.0
2020-05-01,은평구,API,5,885.0,1242.0,489102.9444133333,114825.33926666666,505224.5104833333,166,166,28254.778486666666,948.0
2020-06-01,은평구,API,6,948.0,1192.0,483669.19565806456,113836.89116129033,500247.2511741935,166,166,29820.514396774193,952.0
2020-07-01,은평구,API,7,952.0,1314.0,482271.7042066667,113561.43271333333,500608.66346,166,166,29595.538496666664,1053.0
2020-08-01,은평구,API,8,1053.0,1280.0,482577.18820000003,111648.2369483871,501624.7714935484,166,166,29343.462441935484,1130.0
2020-09-01,은평구,API,9,1130.0,1303.0,481651.34710322577,110056.71662258064,497990.58007741935,166,166,27405.871993548386,1006.0
2020-10-01,은평구,API,10,1006.0,1247.0,485679.14960666664,110048.38784666666,502211.08176000003,166,166,27336.65955666667,1050.0
2020-11-01,은평구,API,11,1050.0,1165.0,479696.54748387093,110762.39699354839,497624.9668032258,166,166,30272.389212903225,966.0
2020-12-01,은평구,API,12,966.0,1252.0,478817.64805,110814.27807333333,496614.64850333333,166,166,29316.16907,867.0
2021-01-01,은평구,API,1,867.0,1266.0,482503.8294193548,106899.25620967742,495724.46698064514,143,159,26694.098661290325,906.0
2021-02-01,은평구,API,2,906.0,1019.0,483941.4583483871,110118.34471612902,496383.53946451616,143,159,27336.50016451613,838.0
2021-03-01,은평구,API,3,838.0,873.0,477725.06051071425,110491.68992142857,492072.23547857144,143,159,29526.662092857143,937.0
2021-04-01,은평구,API,4,937.0,885.0,476105.40648709674,109045.68574193548,492782.90854838706,143,159,28688.295506451614,985.0
2021-05-01,은평구,API,5,985.0,948.0,470855.11593,113529.47487666667,488123.24488333333,143,159,29444.43121,1118.0
2021-06-01,은평구,API,6,1118.0,952.0,470166.6925064516,110796.6485032258,486930.8309096774,143,159,29630.691183870968,1228.0
2021-07-01,은평구,API,7,1228.0,1053.0,468972.33265666664,111996.91333333333,486376.33858000004,143,159,30002.136296666667,1140.0
2021-08-01,은평구,API,8,1140.0,1130.0,466254.46647096775,107087.76662580644,482030.49087419355,143,159,27920.842393548384,1160.0
2021-09-01,은평구,API,9,1160.0,1006.0,462063.7297064516,104060.33013225807,476419.9108677419,143,159,27218.953806451613,1091.0
2021-10-01,은평구,API,10,1091.0,1050.0,461305.52802333335,104212.18662666666,476614.9077833333,143,159,30180.689356666666,1051.0
2021-11-01,은평구,API,11,1051.0,966.0,461431.75901290326,103098.37816451614,477307.6807096774,143,159,28729.32395483871,1066.0
2021-12-01,은평구,API,12,1066.0,867.0,461089.1512266667,105410.98478,478233.00892666663,143,159,30368.21067333333,992.0
2022-01-01,은평구,API,1,992.0,906.0,468515.34508709674,98208.37843548387,483836.46793225803,113,119,29555.8869516129,1111.0
2022-02-01,은평구,API,2,1111.0,838.0,469459.78749677417,98615.28851935484,483735.8239645161,113,119,30539.584138709677,1072.0
2022-03-01,은평구,API,3,1072.0,937.0,472298.3805214286,98671.40812857143,486174.4375571428,113,119,29417.548378571428,1167.0
2022-04-01,은평구,API,4,1167.0,985.0,473064.25917096774,97092.4993,487125.28271935484,113,119,27828.1742,1148.0
2022-05-01,은평구,API,5,1148.0,1118.0,465372.22833333333,101812.0214,482456.22771666665,113,119,30004.348103333334,1187.0
2022-06-01,은평구,API,6,1187.0,1228.0,468011.23751935485,100932.18878064517,487379.46659032255,113,119,31297.60390322581,1184.0
2022-07-01,은평구,API,7,1184.0,1140.0,475626.08395,101742.89198999999,494584.35396,113,119,31462.08011,1342.0
2022-08-01,은평구,API,8,1342.0,1160.0,462143.4388516129,97122.34205806452,480054.5610451613,113,119,30429.037958064513,1444.0
2022-09-01,은평구,API,9,1444.0,1091.0,455550.5462967742,96308.95468387096,472610.43647741934,113,119,28565.650077419356,1252.0
2022-10-01,은평구,API,10,1252.0,1051.0,456728.93396,94803.49659000001,475055.83464,113,119,30920.047123333334,1332.0
2022-11-01,은평구,API,11,1332.0,1066.0,457196.0688,91957.14859677419,474842.8232290322,113,119,28982.282099999997,1192.0
2022-12-01,은평구,API,12,1192.0,992.0,456888.4088833333,94325.72447666667,474621.25072,113,119,29638.926393333335,1347.0
2023-01-01,은평구,API,1,1347.0,1111.0,459627.8358516129,91815.51258387096,475547.22112580645,63,152,30067.213138709678,1246.0
2023-02-01,은평구,API,2,1246.0,1072.0,458861.5582903226,91696.19429354838,474582.37700322585,63,152,31334.765416129034,979.0
2023-03-01,은평구,API,3,979.0,1167.0,459627.34717857145,93194.36378928572,476427.60521785717,63,152,30503.625003571426,1184.0
2023-04-01,은평구,API,4,1184.0,1148.0,456739.49560967745,89574.0595032258,473943.5957064516,63,152,29745.873535483872,1276.0
2023-05-01,은평구,API,5,1276.0,1187.0,453994.3406266667,94407.90610333333,471418.6394433333,63,152,30928.40958,1332.0
2023-06-01,은평구,API,6,1332.0,1184.0,450014.01697419357,90797.30188387095,468327.9730903226,63,152,30191.518129032258,1183.0
2023-07-01,은평구,API,7,1183.0,1342.0,450445.94652,92319.40913,468795.0508,63,152,29897.13179,1327.0
2023-08-01,은평구,API,8,1327.0,1444.0,452482.069383871,89561.20288064516,470458.00268387096,63,152,30356.87321290323,1332.0
2023-09-01,은평구,API,9,1332.0,1252.0,449464.29351935483,89399.3000483871,467720.40453225805,63,152,29215.679587096773,1287.0
2023-10-01,은평구,API,10,1287.0,1332.0,454281.00061000005,89550.94229666666,473899.6010833334,63,152,31972.24973,1221.0
2023-11-01,은평구,API,11,1221.0,1192.0,452948.5306483871,89576.08375806452,470906.7140935484,63,152,30256.910103225808,1181.0
2023-12-01,은평구,API,12,1181.0,1347.0,456963.4204,91036.96374333333,477075.21404666663,63,152,33014.33087666667,1330.0
2024-01-01,은평구,API,1,1330.0,1246.0,465724.8756032258,88802.79329032259,486759.8544032258,111,210,35651.02022580645,1215.0
2024-02-01,은평구,API,2,1215.0,979.0,458959.473883871,86383.10338387097,478887.17680645164,111,210,33389.54291935484,973.0
2024-03-01,은평구,API,3,973.0,1184.0,459968.49122068967,90244.36370689655,476806.31919310347,111,210,33842.833399999996,1010.0
2024-04-01,은평구,API,4,1010.0,1276.0,457990.85450967745,89088.04186129032,474861.0641967742,111,210,31939.758512903227,1053.0
2024-05-01,은평구,API,5,1053.0,1332.0,453087.6341266667,94191.79347333334,471879.32912,111,210,30331.914256666667,1068.0
2024-06-01,은평구,API,6,1068.0,1183.0,450684.2976096774,82978.43995483872,469034.8128870968,111,210,28966.251606451613,1132.0
2024-07-01,은평구,API,7,1132.0,1327.0,451862.77039666666,82934.89473,469829.01078,111,210,30530.988063333334,1133.0
2024-08-01,은평구,API,8,1133.0,1332.0,455592.45280645165,81743.72578387096,473637.80687741935,111,210,30575.40582580645,1171.0
2024-09-01,은평구,API,9,1171.0,1287.0,451856.0633612903,83723.7664032258,469650.82515806454,111,210,30773.725367741936,980.0
2024-10-01,은평구,API,10,980.0,1221.0,450325.3514666667,86709.61084333334,468600.36397,111,210,32455.951553333332,1010.0
2024-11-01,은평구,API,11,1010.0,1181.0,452884.97720645164,85256.47991612904,471116.4512193549,111,210,30588.916322580644,1002.0
2024-12-01,은평구,API,12,1002.0,1330.0,452761.97683,86642.29034,471185.8649666666,111,210,32064.943160000003,984.0
2025-01-01,은평구,API,1,984.0,1215.0,453811.93938709673,84741.59525483871,471412.95063870965,92,190,32390.83397419355,998.0
2025-02-01,은평구,API,2,998.0,973.0,456381.26770967746,83740.89777741936,472074.640116129,92,190,32357.71885483871,898.0
2025-03-01,은평구,API,3,898.0,1010.0,459341.008525,86038.28271428573,475853.500825,92,190,29751.64199642857,963.0
2025-04-01,은평구,API,4,963.0,1053.0,456128.51888064516,83506.55011290322,472993.44905161293,92,190,30077.08592903226,896.0
2025-05-01,은평구,API,5,896.0,1068.0,452197.67330666666,90057.87042666666,470216.97642,92,190,31119.942996666665,944.0
2025-06-01,은평구,API,6,944.0,1132.0,446680.9292645161,85525.20410322581,464882.3129483871,92,190,30696.826632258064,989.0
2025-07-01,은평구,API,7,989.0,1133.0,448765.46038,88495.24879666667,466404.02271666663,92,190,30584.894226666667,1056.0
2025-08-01,은평구,API,8,1056.0,1171.0,447634.41399032256,87135.56192580645,465663.1847548387,92,190,30583.08882903226,1105.0
2025-09-01,은평구,API,9,1105.0,980.0,444072.3224451613,87715.19623225807,461698.92367419356,92,190,30143.43359032258,1101.0
2025-10-01,은평구,API,10,1101.0,1010.0,444817.34592,88134.31773,463588.29127,92,190,30592.272413333336,1041.0
2025-11-01,은평구,API,11,1041.0,1002.0,440860.4359032258,82945.73701935484,461515.96512258064,92,190,31100.668999999998,1032.0
2025-12-01,은평구,API,12,1032.0,984.0,444694.5319333334,85032.84936666668,462828.37588999997,92,190,29780.67839,1070.0
2018-05-01,종로구,API,5,902.0,965.0,306203.80833846156,43392.72295384616,523693.89743846154,110,151,89902.41188076923,1015.0
2018-06-01,종로구,API,6,1015.0,971.0,303773.4093451613,42881.61322258064,527388.230583871,110,151,92738.2235516129,1010.0
2018-07-01,종로구,API,7,1010.0,1010.0,293428.77441333333,40064.81508666666,490746.4948366667,110,151,81870.20898666668,1102.0
2018-08-01,종로구,API,8,1102.0,974.0,281694.6852935484,39182.68438387097,461851.8428096774,110,151,77641.51642258064,1036.0
2018-09-01,종로구,API,9,1036.0,982.0,274517.3029451613,38876.28679032258,449744.6668451613,110,151,76619.70444193548,915.0
2018-10-01,종로구,API,10,915.0,959.0,284252.7804133333,36730.06943333334,472492.25131666666,110,151,81591.25751,918.0
2018-11-01,종로구,API,11,918.0,911.0,292347.0748612903,37824.99039032258,505584.0920096774,110,151,88718.6723,852.0
2018-12-01,종로구,API,12,852.0,1036.0,297589.42155,38467.09774333333,506835.0344066667,110,151,90292.07442333334,954.0
2019-01-01,종로구,API,1,954.0,1023.0,288338.5201354839,37812.58864193549,474580.1432580645,84,181,82164.05987741935,822.0
2019-02-01,종로구,API,2,822.0,841.0,275072.45638064516,38843.789364516124,466578.87772903225,84,181,86022.25580322581,745.0
2019-03-01,종로구,API,3,745.0,900.0,264764.42935,36645.9516,438818.93757857144,84,181,81209.29794285714,826.0
2019-04-01,종로구,API,4,826.0,902.0,284205.2417612903,34451.560348387095,475204.43977096776,84,181,80464.39072903227,833.0
2019-05-01,종로구,API,5,833.0,1015.0,284931.0392966667,39185.522286666666,481426.85903666663,84,181,84031.25421666667,942.0
2019-06-01,종로구,API,6,942.0,1010.0,279190.8990354839,36017.693151612904,470848.21242580644,84,181,81070.31960967742,904.0
2019-07-01,종로구,API,7,904.0,1102.0,274125.96169,34242.36361,443409.29176000005,84,181,71918.88048,953.0
2019-08-01,종로구,API,8,953.0,1036.0,265078.87650645163,30495.555648387097,438370.2714967742,84,181,69905.44904838709,948.0
2019-09-01,종로구,API,9,948.0,915.0,271966.4856870968,32075.32621935484,443618.3320580645,84,181,74600.75973225807,865.0
2019-10-01,종로구,API,10,865.0,918.0,279418.30425333336,33179.714256666666,459012.87303,84,181,79369.42283333333,961.0
2019-11-01,종로구,API,11,961.0,852.0,287421.0191629032,33558.344659677416,516572.96132903226,84,181,93255.5166967742,934.0
2019-12-01,종로구,API,12,934.0,954.0,286054.22361,32350.055996666666,490715.12798000005,84,181,87249.67480666666,912.0
2020-01-01,종로구,API,1,912.0,822.0,283396.9918677419,34291.64023225806,470727.1328516129,97,130,86051.59527096774,832.0
2020-02-01,종로구,API,2,832.0,745.0,262829.40341612906,33261.01487419355,435236.4142419355,97,130,79743.03116774194,629.0
2020-03-01,종로구,API,3,629.0,826.0,258894.41713793104,34336.185489655174,408632.36273103446,97,130,64458.04483448276,489.0
2020-04-01,종로구,API,4,489.0,833.0,243882.50976451611,33391.59871612903,366184.5269967742,97,130,51507.145987096774,575.0
2020-05-01,종로구,API,5,575.0,942.0,245209.47824,34910.85788333333,378167.09042,97,130,58268.22479666666,652.0
2020-06-01,종로구,API,6,652.0,904.0,246784.02038709677,35120.434941935484,384563.6928258065,97,130,61393.5806483871,721.0
2020-07-01,종로구,API,7,721.0,953.0,253677.12110666666,35429.73059666667,400021.1871033333,97,130,63790.67519,744.0
2020-08-01,종로구,API,8,744.0,948.0,255667.91562580646,34642.35719677419,407005.41178709676,97,130,66261.45606774194,690.0
2020-09-01,종로구,API,9,690.0,865.0,245814.90701290322,33636.17489032258,367454.83586774196,97,130,55976.15282903225,602.0
2020-10-01,종로구,API,10,602.0,961.0,244506.44218333333,33730.42597333333,367708.74499333336,97,130,53300.883389999995,665.0
2020-11-01,종로구,API,11,665.0,934.0,248566.68541290323,34485.74715161291,389207.1971258064,97,130,64190.56059032258,631.0
2020-12-01,종로구,API,12,631.0,912.0,250990.87192333335,35053.18999,398412.92274999997,97,130,64964.24698,547.0
2021-01-01,종로구,API,1,547.0,832.0,235111.19987741936,32825.2224,347955.43410645163,65,119,47877.04674516129,513.0
2021-02-01,종로구,API,2,513.0,629.0,230554.96872903226,33452.144661290324,343302.58132903225,65,119,49955.44779677419,576.0
2021-03-01,종로구,API,3,576.0,489.0,234832.93369642858,33656.73639285714,363817.93434642855,65,119,59339.940735714285,595.0
2021-04-01,종로구,API,4,595.0,575.0,247272.13674193548,33875.23040645161,393173.85987096775,65,119,64639.834977419356,667.0
2021-05-01,종로구,API,5,667.0,652.0,244970.02525,36313.120630000005,390679.12725333334,65,119,64260.557856666666,716.0
2021-06-01,종로구,API,6,716.0,721.0,243294.2726096774,35645.85046451613,380476.4054548387,65,119,61598.799506451614,814.0
2021-07-01,종로구,API,7,814.0,744.0,244733.31991333334,35828.692200000005,388653.4583033333,65,119,64825.407080000004,672.0
2021-08-01,종로구,API,8,672.0,690.0,236124.91067419355,32963.92397096774,359687.43348387093,65,119,55532.08960645161,716.0
2021-09-01,종로구,API,9,716.0,602.0,234618.85636451613,31876.105354838706,356139.155967742,65,119,54953.23982903225,742.0
2021-10-01,종로구,API,10,742.0,665.0,236461.67560333334,31540.12406,364144.3999266667,65,119,58424.064483333335,703.0
2021-11-01,종로구,API,11,703.0,631.0,239461.36893548386,31652.76241935484,376175.9263935484,65,119,61750.59105161291,703.0
2021-12-01,종로구,API,12,703.0,547.0,246901.44222666667,32885.12339,396851.6988333333,65,119,70326.09022,652.0
2022-01-01,종로구,API,1,652.0,513.0,240994.64258387097,30985.76781935484,373092.5336096774,69,114,60265.88092580645,637.0
2022-02-01,종로구,API,2,637.0,576.0,231623.1170967742,30535.932258064517,360949.4545548387,69,114,60542.96959354839,611.0
2022-03-01,종로구,API,3,611.0,595.0,237308.66563928573,30779.473842857144,360458.928925,69,114,58202.130417857144,742.0
2022-04-01,종로구,API,4,742.0,667.0,243221.44448387096,30092.9638516129,370845.3633064516,69,114,58387.43892903226,644.0
2022-05-01,종로구,API,5,644.0,716.0,249648.11169999998,32269.963573333334,399601.1012466667,69,114,68759.32112000001,732.0
2022-06-01,종로구,API,6,732.0,814.0,260443.4025870968,32714.985967741934,428511.3510129032,69,114,78306.62437741936,731.0
2022-07-01,종로구,API,7,731.0,672.0,259686.90888666667,32410.774646666665,420305.91751,69,114,76003.56680666665,865.0
2022-08-01,종로구,API,8,865.0,716.0,250707.08271612902,30359.00768064516,394964.0104516129,69,114,69288.65973225806,900.0
2022-09-01,종로구,API,9,900.0,742.0,249494.2600967742,29827.99012580645,391636.7797903226,69,114,69215.18969677419,805.0
2022-10-01,종로구,API,10,805.0,703.0,255374.31717000002,29742.25278,413741.33226,69,114,74797.00480666666,826.0
2022-11-01,종로구,API,11,826.0,703.0,257558.76104193548,29626.75103548387,435171.71786774194,69,114,81981.5003032258,808.0
2022-12-01,종로구,API,12,808.0,652.0,258774.02960333333,30804.83898,433615.84428,69,114,77995.64546666667,819.0
2023-01-01,종로구,API,1,819.0,637.0,257721.72681935484,29767.955477419353,409390.21935161285,60,388,70303.9632548387,746.0
2023-02-01,종로구,API,2,746.0,611.0,241274.67848387096,28553.106848387095,383102.16158387094,60,388,67906.80748064516,618.0
2023-03-01,종로구,API,3,618.0,742.0,252820.8088642857,29330.160810714286,421559.91771785717,60,388,80353.60521785714,687.0
2023-04-01,종로구,API,4,687.0,644.0,261780.37291290323,28928.608203225805,436830.3155419355,60,388,76716.88030322581,788.0
2023-05-01,종로구,API,5,788.0,732.0,260959.75299333333,31486.679333333333,431006.6950966667,60,388,76990.95162333334,880.0
2023-06-01,종로구,API,6,880.0,731.0,260973.78944193549,30583.791741935485,428694.57331935485,60,388,75731.10759677419,824.0
2023-07-01,종로구,API,7,824.0,865.0,257130.11679333335,30301.409516666667,413984.82943,60,388,71562.80045,845.0
2023-08-01,종로구,API,8,845.0,900.0,247902.93086451612,28371.25456451613,395356.87941935484,60,388,68582.57874193549,834.0
2023-09-01,종로구,API,9,834.0,805.0,246091.31137419355,28290.146841935482,391933.944283871,60,388,68164.75643548387,821.0
2023-10-01,종로구,API,10,821.0,826.0,257556.40267333333,28919.210343333332,416698.9335633333,60,388,74404.41043333334,760.0
2023-11-01,종로구,API,11,760.0,808.0,258298.55755483868,30269.32577419355,437262.756816129,60,388,79922.2964516129,717.0
2023-12-01,종로구,API,12,717.0,819.0,263579.25916333334,30673.82079,437170.6789766667,60,388,80292.70493666666,880.0
2024-01-01,종로구,API,1,880.0,746.0,264814.11741290323,29443.404367741936,420186.5186,79,125,76780.51518387097,765.0
2024-02-01,종로구,API,2,765.0,618.0,245878.46751935483,27496.50567096774,393092.02483548387,79,125,71407.37188709677,627.0
2024-03-01,종로구,API,3,627.0,687.0,241766.25970344828,27970.726720689654,396114.05526896555,79,125,73690.20003448275,619.0
2024-04-01,종로구,API,4,619.0,788.0,258351.82442903228,27631.95871935484,427748.9239806452,79,125,76604.2933,742.0
2024-05-01,종로구,API,5,742.0,880.0,258983.85299,30758.555103333332,432163.2685966667,79,125,75251.00083666667,700.0
2024-06-01,종로구,API,6,700.0,824.0,257672.3071580645,26680.02442903226,431103.72732580645,79,125,74804.13200322581,725.0
2024-07-01,종로구,API,7,725.0,845.0,254229.8446733333,26533.97425666667,409539.45003666665,79,125,71041.80843666666,723.0
2024-08-01,종로구,API,8,723.0,834.0,245490.83907741937,25125.72188064516,398602.36851612903,79,125,68640.97022580645,767.0
2024-09-01,종로구,API,9,767.0,821.0,241590.6689064516,24948.66071612903,384581.50802580646,79,125,68496.70613225807,581.0
2024-10-01,종로구,API,10,581.0,760.0,247023.85076666667,26344.00662,398236.12173333333,79,125,72542.26034666666,606.0
2024-11-01,종로구,API,11,606.0,717.0,255459.70142258063,27484.881687096775,437122.10882580647,79,125,81400.33201935483,607.0
2024-12-01,종로구,API,12,607.0,880.0,254582.42459666668,28465.77574,431284.38739,79,125,80554.72885,690.0
2025-01-01,종로구,API,1,690.0,765.0,251805.97784193547,27341.66838064516,410173.07752903225,42,93,74391.91500967742,562.0
2025-02-01,종로구,API,2,562.0,627.0,232252.09873870967,25560.197432258065,374433.80582580646,42,93,68299.14158064516,484.0
2025-03-01,종로구,API,3,484.0,619.0,240495.06585714288,26176.041135714284,405231.68571071426,42,93,75640.62324999999,611.0
2025-04-01,종로구,API,4,611.0,742.0,254167.5062096774,25583.053267741936,426452.010883871,42,93,78784.11899032257,601.0
2025-05-01,종로구,API,5,601.0,700.0,257258.96407666666,29175.45077,432679.41712,42,93,77870.91056666666,639.0
2025-06-01,종로구,API,6,639.0,725.0,251856.24991935483,27721.744783870967,429710.95498387096,42,93,79233.26477419355,637.0
2025-07-01,종로구,API,7,637.0,723.0,250777.0585233333,28411.728206666667,414993.69548,42,93,74594.34310333333,693.0
2025-08-01,종로구,API,8,693.0,767.0,241600.07591612905,26963.879687096774,396433.1628612903,42,93,70520.07178709676,664.0
2025-09-01,종로구,API,9,664.0,581.0,235489.31342258063,26474.216112903225,379180.17237096775,42,93,68071.86496451612,645.0
2025-10-01,종로구,API,10,645.0,606.0,249956.84201333334,27339.66258,417739.25031000003,42,93,76478.80515,660.0
2025-11-01,종로구,API,11,660.0,607.0,242143.6567483871,26187.44811612903,411333.51920000004,42,93,77420.1909516129,637.0
2025-12-01,종로구,API,12,637.0,690.0,251660.75431333334,26696.87298333333,433151.51091,42,93,80158.92870333332,671.0
2018-05-01,중구,API,5,891.0,861.0,304952.5791769231,35511.18318461539,542810.2304923077,130,432,95985.12091153846,954.0
2018-06-01,중구,API,6,954.0,872.0,298706.10297741933,35487.70152903226,533759.3553645161,130,432,94296.69594193548,924.0
2018-07-01,중구,API,7,924.0,881.0,284393.5380233333,33615.152949999996,510844.75893333333,130,432,87714.41215,997.0
2018-08-01,중구,API,8,997.0,930.0,292982.7111,32702.234851612906,518317.01217096776,130,432,88735.9537935484,995.0
2018-09-01,중구,API,9,995.0,938.0,290099.3665225806,32976.30175806452,507481.4335935484,130,432,87553.58160967742,902.0
2018-10-01,중구,API,10,902.0,848.0,289182.0421533333,31474.049783333332,498726.6832833334,130,432,84726.13011333333,876.0
2018-11-01,중구,API,11,876.0,815.0,305257.9994967742,33900.70435806452,538125.7775451613,130,432,93193.53699354839,789.0
2018-12-01,중구,API,12,789.0,961.0,313118.54594,35221.792219999996,553186.0334966666,130,432,99641.12131,850.0
2019-01-01,중구,API,1,850.0,952.0,299679.95096129033,32261.515119354837,515457.97442580643,147,351,89260.80455806451,739.0
2019-02-01,중구,API,2,739.0,771.0,291322.7240129032,34230.426787096774,517177.9062870968,147,351,93922.03490967742,671.0
2019-03-01,중구,API,3,671.0,856.0,273739.1177892857,32844.22433571429,474057.46881785715,147,351,85532.83165,789.0
2019-04-01,중구,API,4,789.0,891.0,283870.8826290323,29244.04485483871,511620.60976774193,147,351,88236.70984193549,817.0
2019-05-01,중구,API,5,817.0,954.0,290049.09601000004,35038.08953333333,524321.4506333333,147,351,95524.70775,893.0
2019-06-01,중구,API,6,893.0,924.0,286428.98872258066,32196.48622903226,508265.51332258066,147,351,87736.3439,808.0
2019-07-01,중구,API,7,808.0,997.0,277402.81799666665,30707.587959999997,491504.70039666665,147,351,83146.05175333333,886.0
2019-08-01,중구,API,8,886.0,995.0,279912.6208,28113.135167741933,503025.5172,147,351,83364.54302258063,870.0
2019-09-01,중구,API,9,870.0,902.0,289615.69128387095,30299.049967741936,505142.94000967743,147,351,85691.97002258064,832.0
2019-10-01,중구,API,10,832.0,876.0,289878.77983666665,31183.416536666668,505469.79225666664,147,351,88397.21376,835.0
2019-11-01,중구,API,11,835.0,789.0,299588.0452612903,32845.17177903226,555970.5536080645,147,351,100470.10884032257,858.0
2019-12-01,중구,API,12,858.0,850.0,298753.76692666666,32692.435056666665,536756.07148,147,351,96273.37151333333,888.0
2020-01-01,중구,API,1,888.0,739.0,297119.6521548387,34733.79411612903,522079.8657354839,106,240,96342.61959999999,763.0
2020-02-01,중구,API,2,763.0,671.0,273047.0965096774,32581.289974193547,481522.730083871,106,240,87873.53101612904,568.0
2020-03-01,중구,API,3,568.0,789.0,254656.82287931035,32288.27948965517,442288.19553793105,106,240,75267.90474827586,437.0
2020-04-01,중구,API,4,437.0,817.0,212754.5417,31868.167841935487,379422.8960935484,106,240,62007.600348387095,494.0
2020-05-01,중구,API,5,494.0,893.0,211858.00175,33046.36922,381683.02464333334,106,240,66112.22185,619.0
2020-06-01,중구,API,6,619.0,808.0,212602.85892580645,32907.5700483871,382157.77828709676,106,240,67595.45803870968,600.0
2020-07-01,중구,API,7,600.0,886.0,219278.23277333332,33545.82553,406777.4195466667,106,240,72978.5393,655.0
2020-08-01,중구,API,8,655.0,870.0,221803.4583516129,32896.60302580645,411568.96590645163,106,240,73676.53941935484,631.0
2020-09-01,중구,API,9,631.0,832.0,213123.97960967742,32377.969996774194,367484.9540451613,106,240,62872.09667419355,524.0
2020-10-01,중구,API,10,524.0,835.0,213349.42734666666,31440.496933333336,374426.20892666664,106,240,62510.786753333334,577.0
2020-11-01,중구,API,11,577.0,858.0,214549.48265806452,32289.182267741933,381737.12566774193,106,240,68439.5176516129,565.0
2020-12-01,중구,API,12,565.0,888.0,219699.38165333334,32156.867256666665,399506.3536333333,106,240,72457.30365,530.0
2021-01-01,중구,API,1,530.0,763.0,206041.01710645162,30981.407729032257,358830.2002064516,55,101,58438.86507419355,539.0
2021-02-01,중구,API,2,539.0,568.0,201247.52017741936,31000.740329032258,351526.86319999996,55,101,58945.99044193548,476.0
2021-03-01,중구,API,3,476.0,437.0,206220.87124642855,31046.643760714283,366078.5528892857,55,101,65118.04284285714,547.0
2021-04-01,중구,API,4,547.0,494.0,217551.0372903226,30363.024770967742,397246.077932258,55,101,71124.94425483872,607.0
2021-05-01,중구,API,5,607.0,619.0,218435.40503,33291.53128333334,400761.7591466667,55,101,73197.27384,700.0
2021-06-01,중구,API,6,700.0,600.0,212591.8482354839,32069.475812903227,376497.69061935483,55,101,67331.43322580645,694.0
2021-07-01,중구,API,7,694.0,655.0,217665.78208333335,32355.339533333332,398574.2516633334,55,101,74321.49484333333,599.0
2021-08-01,중구,API,8,599.0,631.0,211337.75938064515,31454.45123870968,371339.92672903225,55,101,64597.999548387095,653.0
2021-09-01,중구,API,9,653.0,524.0,206024.74517419355,30843.936458064516,360375.9464612903,55,101,62693.25691612903,617.0
2021-10-01,중구,API,10,617.0,577.0,206825.01672,30050.048113333334,363338.81634,55,101,64411.14362333333,650.0
2021-11-01,중구,API,11,650.0,565.0,214280.16491290324,30700.1741,380052.4400258064,55,101,68613.19355483871,646.0
2021-12-01,중구,API,12,646.0,530.0,223293.84269666666,31734.763326666667,410761.95004666667,55,101,78961.53511999999,599.0
2022-01-01,중구,API,1,599.0,539.0,224547.17438709678,30407.40518064516,401089.2451,36,93,73447.0143483871,594.0
2022-02-01,중구,API,2,594.0,476.0,211167.40836451613,29963.994958064515,375463.59504838707,36,93,69277.0173032258,603.0
2022-03-01,중구,API,3,603.0,547.0,212701.92833928572,30327.945275000002,366667.2925,36,93,65630.36085,691.0
2022-04-01,중구,API,4,691.0,607.0,220117.00058387098,29260.58977096774,380965.25826451613,36,93,66945.32850967742,705.0
2022-05-01,중구,API,5,705.0,700.0,226367.05145,32011.431446666666,411766.06348333333,36,93,78805.09752333333,812.0
2022-06-01,중구,API,6,812.0,694.0,235687.48761612904,31884.71720967742,430213.18724516133,36,93,84068.44258064516,843.0
2022-07-01,중구,API,7,843.0,599.0,238646.50940666668,31520.26053666667,429770.9443066667,36,93,83462.34283,888.0
2022-08-01,중구,API,8,888.0,653.0,236182.17640645162,29375.88039677419,418192.77382580645,36,93,80301.87293548387,897.0
2022-09-01,중구,API,9,897.0,617.0,231649.9439032258,28753.022180645163,407525.15841290326,36,93,78914.52120645161,838.0
2022-10-01,중구,API,10,838.0,650.0,238209.20307333334,28245.613013333335,421939.6491,36,93,81840.66482666667,821.0
2022-11-01,중구,API,11,821.0,646.0,249086.28237419357,28689.826203225806,437226.2460032258,36,93,84089.5879967742,788.0
2022-12-01,중구,API,12,788.0,599.0,253145.16997333334,29377.48816,455254.2169766667,36,93,88511.51698333333,878.0
2023-01-01,중구,API,1,878.0,594.0,254376.9804870968,28361.914354838707,443260.46157419356,37,186,83675.13942258064,802.0
2023-02-01,중구,API,2,802.0,603.0,234863.74508709676,27108.918390322582,406448.66732258064,37,186,76307.70240967741,700.0
2023-03-01,중구,API,3,700.0,691.0,251941.31108214287,27211.394017857143,447119.10660714284,37,186,88291.82521071428,764.0
2023-04-01,중구,API,4,764.0,705.0,255930.72238064517,26659.661374193547,460428.1159354839,37,186,86623.12880967742,804.0
2023-05-01,중구,API,5,804.0,812.0,261656.15263666667,29991.40041,456062.9831633333,37,186,86359.53996666666,817.0
2023-06-01,중구,API,6,817.0,843.0,262909.6364935484,28863.213693548387,457122.30110000004,37,186,86399.23551612903,822.0
2023-07-01,중구,API,7,822.0,888.0,259027.8687533333,28575.985243333333,455349.0174966667,37,186,85613.81653333333,895.0
2023-08-01,중구,API,8,895.0,897.0,251315.49608387097,27110.22888064516,436426.7877806451,37,186,80881.98106129032,936.0
2023-09-01,중구,API,9,936.0,838.0,242642.09596774195,26396.837703225807,424509.00677419355,37,186,79652.97363870968,862.0
2023-10-01,중구,API,10,862.0,821.0,248846.71609666667,26153.80728333333,432927.8198233333,37,186,81979.90666000001,860.0
2023-11-01,중구,API,11,860.0,788.0,252511.60648064516,27512.259896774194,442495.2234451613,37,186,82753.00414838709,784.0
2023-12-01,중구,API,12,784.0,878.0,260834.95786666666,28303.44833,470343.5416266667,37,186,93092.88256999999,843.0
2024-01-01,중구,API,1,843.0,802.0,267466.8514612903,27698.406683870966,461194.70902903227,32,114,91063.93562258066,829.0
2024-02-01,중구,API,2,829.0,700.0,254961.37446774193,26196.28617096774,437028.75167419354,32,114,83252.33423548387,636.0
2024-03-01,중구,API,3,636.0,764.0,246569.8406586207,26070.904937931035,433863.3174758621,32,114,84318.44048275863,634.0
2024-04-01,중구,API,4,634.0,804.0,251885.8083096774,25082.394551612902,455877.0398032258,32,114,87326.73487419356,658.0
2024-05-01,중구,API,5,658.0,817.0,259923.93881666666,28824.19311,471082.2428333333,32,114,90279.70593333333,697.0
2024-06-01,중구,API,6,697.0,822.0,256046.12979677418,25894.37400967742,460142.87339677423,32,114,85668.47465483872,675.0
2024-07-01,중구,API,7,675.0,895.0,249285.80898333335,25177.916559999998,445826.8788833333,32,114,84943.60452333333,694.0
2024-08-01,중구,API,8,694.0,936.0,251103.1100129032,24127.69076451613,453952.721383871,32,114,85262.20758709678,659.0
2024-09-01,중구,API,9,659.0,862.0,241504.4295483871,24057.876377419354,426977.74141290324,32,114,82275.59974838709,605.0
2024-10-01,중구,API,10,605.0,860.0,239358.70047,24474.69875,421620.20387,32,114,81342.13054666667,628.0
2024-11-01,중구,API,11,628.0,784.0,253410.22046129033,25261.564264516128,464631.5832258065,32,114,91003.17830967743,616.0
2024-12-01,중구,API,12,616.0,843.0,254597.14625000002,26968.396729999997,468520.40849999996,32,114,94568.81866333334,643.0
2025-01-01,중구,API,1,643.0,829.0,253756.36772580646,25740.73666129032,454580.2583354839,32,160,90034.22552580645,635.0
2025-02-01,중구,API,2,635.0,636.0,236510.65169677418,24265.667783870966,406878.0793064516,32,160,77787.12896451613,581.0
2025-03-01,중구,API,3,581.0,634.0,246973.19265714285,24450.908750000002,447783.5392821428,32,160,88168.64296428571,636.0
2025-04-01,중구,API,4,636.0,658.0,247883.86898064517,23931.123251612902,450723.3505483871,32,160,87166.40583870967,655.0
2025-05-01,중구,API,5,655.0,697.0,253159.05424,27695.70797,461770.3342766667,32,160,90486.03427333334,707.0
2025-06-01,중구,API,6,707.0,675.0,246823.74514193548,26016.916712903225,439440.5141387097,32,160,83917.66939354838,709.0
2025-07-01,중구,API,7,709.0,694.0,242794.78019,25989.924543333334,433688.0643833333,32,160,82627.81051666666,772.0
2025-08-01,중구,API,8,772.0,659.0,245461.95793225805,24958.133867741933,441018.25242258067,32,160,83193.39251290323,729.0
2025-09-01,중구,API,9,729.0,605.0,235947.72036774195,24120.564451612903,417274.158932258,32,160,80684.9276935484,708.0
2025-10-01,중구,API,10,708.0,628.0,246013.8792,24215.058756666665,455633.83281333337,32,160,90902.70763333332,680.0
2025-11-01,중구,API,11,680.0,616.0,237864.5300516129,23530.89201935484,420955.6725548387,32,160,81597.18789354838,706.0
2025-12-01,중구,API,12,706.0,643.0,248241.78748333332,23963.502376666664,453268.7680433334,32,160,89229.71752666666,763.0
2018-05-01,중랑구,API,5,1223.0,1281.0,393584.90934230766,105805.01997307691,409886.31790384615,178,234,27156.85035,1403.0
2018-06-01,중랑구,API,6,1403.0,1271.0,390606.68861935486,105274.51921935483,407909.1650322581,178,234,27146.684390322578,1296.0
2018-07-01,중랑구,API,7,1296.0,1318.0,393098.9520666667,103106.00307,408985.73749333335,178,234,26107.064926666666,1409.0
2018-08-01,중랑구,API,8,1409.0,1323.0,393952.95582258067,103676.29574516129,409881.79814838705,178,234,26979.64166451613,1462.0
2018-09-01,중랑구,API,9,1462.0,1318.0,390862.8316064516,102943.66786774194,407442.3737516129,178,234,26217.584003225806,1325.0
2018-10-01,중랑구,API,10,1325.0,1264.0,393980.8078333333,99374.11046000001,409135.51897333335,178,234,28438.29222,1273.0
2018-11-01,중랑구,API,11,1273.0,1210.0,393420.4593548387,100295.07145483872,409824.5989580645,178,234,26033.535635483873,1214.0
2018-12-01,중랑구,API,12,1214.0,1425.0,392874.25182666664,100392.29664999999,409038.35035,178,234,27993.11924666667,1349.0
2019-01-01,중랑구,API,1,1349.0,1456.0,396695.07252580643,97766.93164193549,410531.864,152,163,28035.523358064514,1177.0
2019-02-01,중랑구,API,2,1177.0,1169.0,397771.3994,104117.90164838711,411518.2064645161,152,163,27578.771348387098,1025.0
2019-03-01,중랑구,API,3,1025.0,1231.0,390650.04115357145,100457.47610357143,403516.44565,152,163,29454.062560714287,1188.0
2019-04-01,중랑구,API,4,1188.0,1223.0,392310.8578967742,95007.94015483871,406252.10209999996,152,163,26191.61187419355,1257.0
2019-05-01,중랑구,API,5,1257.0,1403.0,385158.39847333333,101601.04534666667,400151.2343333333,152,163,27015.592859999997,1307.0
2019-06-01,중랑구,API,6,1307.0,1296.0,373134.16886451613,91571.22858064517,387166.6840387097,152,163,26112.03481935484,1248.0
2019-07-01,중랑구,API,7,1248.0,1409.0,371075.91963666666,87382.76759333332,385180.58573,152,163,25071.52587,1242.0
2019-08-01,중랑구,API,8,1242.0,1462.0,365743.0770451613,81893.05131935484,379883.7448451613,152,163,23706.267670967743,1269.0
2019-09-01,중랑구,API,9,1269.0,1325.0,381823.8570387097,87004.24329032257,396007.43416129035,152,163,25901.86267096774,1274.0
2019-10-01,중랑구,API,10,1274.0,1273.0,383844.0172933333,91198.58030666667,397214.02913,152,163,29442.284483333333,1219.0
2019-11-01,중랑구,API,11,1219.0,1214.0,378774.637883871,91353.10428225806,394243.506266129,152,163,26090.96621935484,1190.0
2019-12-01,중랑구,API,12,1190.0,1349.0,385443.5644966667,87928.36944666666,400173.52159,152,163,27264.67251333333,1237.0
2020-01-01,중랑구,API,1,1237.0,1177.0,386963.0140258065,94685.75437096774,400654.93996129034,153,192,28806.42447419355,1146.0
2020-02-01,중랑구,API,2,1146.0,1025.0,390949.480516129,94287.53388387097,404123.5102935484,153,192,29807.68061935484,933.0
2020-03-01,중랑구,API,3,933.0,1188.0,393908.80844137934,94279.22641034483,405826.96364482754,153,192,24749.089720689655,785.0
2020-04-01,중랑구,API,4,785.0,1257.0,392314.34649032255,92448.78451290322,403291.1156645161,153,192,21637.328593548387,956.0
2020-05-01,중랑구,API,5,956.0,1307.0,389787.6987066667,94876.26810666667,401658.42548,153,192,23102.04640666667,1004.0
2020-06-01,중랑구,API,6,1004.0,1248.0,385300.0800290323,94642.30557096774,397455.0434129032,153,192,24468.095941935484,1057.0
2020-07-01,중랑구,API,7,1057.0,1242.0,381391.7341833333,92291.52283666666,394851.73093333334,153,192,23747.834909999998,1041.0
2020-08-01,중랑구,API,8,1041.0,1269.0,379965.5520129032,91312.55733870967,393372.67859354836,153,192,24067.013241935485,978.0
2020-09-01,중랑구,API,9,978.0,1274.0,380800.10812903225,92260.33569354839,391893.50731935486,153,192,23338.03889032258,817.0
2020-10-01,중랑구,API,10,817.0,1219.0,386019.5710033334,92839.21014333333,397123.6530966667,153,192,23492.372866666665,951.0
2020-11-01,중랑구,API,11,951.0,1190.0,382304.3142,93854.57808064517,394577.50776451617,153,192,25633.498448387098,884.0
2020-12-01,중랑구,API,12,884.0,1237.0,381496.73552,94058.34937333333,394071.6499433333,153,192,25155.18416,888.0
2021-01-01,중랑구,API,1,888.0,1146.0,386038.1556451613,91025.92274516128,395643.31907096773,96,121,22336.768541935482,843.0
2021-02-01,중랑구,API,2,843.0,933.0,387036.9303548387,93824.02975806451,396209.42354193545,96,121,22857.621270967742,808.0
2021-03-01,중랑구,API,3,808.0,785.0,384605.1180214286,93793.93773571428,395191.0016928571,96,121,25249.006703571427,885.0
2021-04-01,중랑구,API,4,885.0,956.0,381043.2683516129,92031.78643548387,393513.7842,96,121,24286.109322580643,926.0
2021-05-01,중랑구,API,5,926.0,1004.0,377347.7617166667,96420.84676,390027.1689866667,96,121,25001.592703333336,991.0
2021-06-01,중랑구,API,6,991.0,1057.0,376614.6803677419,93900.7450064516,388475.8317387097,96,121,25142.333822580644,1048.0
2021-07-01,중랑구,API,7,1048.0,1041.0,375026.7476333333,96822.49709333334,387886.43849333335,96,121,24927.945596666665,972.0
2021-08-01,중랑구,API,8,972.0,978.0,374820.6511870968,94178.9443,386502.9484580645,96,121,23262.49166451613,988.0
2021-09-01,중랑구,API,9,988.0,817.0,372476.3684129032,93512.08557419354,383025.18357419356,96,121,22920.37514516129,936.0
2021-10-01,중랑구,API,10,936.0,951.0,373678.0944533333,92661.87030666666,384465.47536333336,96,121,25529.498333333333,944.0
2021-11-01,중랑구,API,11,944.0,884.0,373346.98847741936,91615.62426451613,384655.2807419355,96,121,24116.876638709677,908.0
2021-12-01,중랑구,API,12,908.0,888.0,372627.77861000004,93048.44801,384852.5396566667,96,121,25843.91289,846.0
2022-01-01,중랑구,API,1,846.0,843.0,375708.6430129032,90615.53974193548,386546.4848,67,81,24864.48283870968,937.0
2022-02-01,중랑구,API,2,937.0,808.0,377110.7261903226,89805.66707096774,387041.73555161286,67,81,25528.459306451612,920.0
2022-03-01,중랑구,API,3,920.0,885.0,379655.9173714286,90216.68378928571,389338.05390357145,67,81,24551.55465714286,1154.0
2022-04-01,중랑구,API,4,1154.0,926.0,378642.7788870968,87928.67091290322,389081.2218032258,67,81,22885.61207741935,1141.0
2022-05-01,중랑구,API,5,1141.0,991.0,374934.96386333334,91643.41738666667,388027.8528733334,67,81,24500.29292666667,1141.0
2022-06-01,중랑구,API,6,1141.0,1048.0,378990.7306387097,91039.75688387096,392662.0184129032,67,81,26415.997845161288,1066.0
2022-07-01,중랑구,API,7,1066.0,972.0,382041.1341966667,91151.56167,395983.24565666664,67,81,25276.805379999998,1290.0
2022-08-01,중랑구,API,8,1290.0,988.0,371829.2278806452,86264.98252580645,385060.2311419355,67,81,24462.22489677419,1373.0
2022-09-01,중랑구,API,9,1373.0,936.0,368278.6232645161,85935.86430967742,380960.21741290326,67,81,23657.681777419355,1236.0
2022-10-01,중랑구,API,10,1236.0,944.0,370239.39886666666,83622.9198,383174.37837,67,81,26152.69234,1195.0
2022-11-01,중랑구,API,11,1195.0,908.0,370279.0131516129,81538.71903548387,383029.9482129032,67,81,24339.693677419353,1144.0
2022-12-01,중랑구,API,12,1144.0,846.0,370615.19381,83902.10486,383697.4635633333,67,81,24957.211923333336,1218.0
2023-01-01,중랑구,API,1,1218.0,937.0,373663.1780387096,81699.66800967742,385764.027467742,94,164,25110.551748387094,1159.0
2023-02-01,중랑구,API,2,1159.0,920.0,375332.56644193555,81853.4270967742,386711.32037419354,94,164,26105.9133516129,1000.0
2023-03-01,중랑구,API,3,1000.0,1154.0,374963.6843571429,82864.50494642857,387292.0892071429,94,164,25513.371460714287,1164.0
2023-04-01,중랑구,API,4,1164.0,1141.0,371510.49673225806,79544.57417741936,384137.17323225806,94,164,25229.730187096775,1164.0
2023-05-01,중랑구,API,5,1164.0,1141.0,368924.1106833333,83412.3911,381912.56468,94,164,25721.123513333332,1244.0
2023-06-01,중랑구,API,6,1244.0,1066.0,367349.29638387094,81531.34090000001,380194.6546387097,94,164,26255.49164193548,1230.0
2023-07-01,중랑구,API,7,1230.0,1290.0,366328.60522666667,82858.60066,379884.9809533333,94,164,25158.99426,1340.0
2023-08-01,중랑구,API,8,1340.0,1373.0,368211.9696451613,80658.33629354839,380913.5004483871,94,164,24887.33742903226,1322.0
2023-09-01,중랑구,API,9,1322.0,1236.0,363036.28548064514,80803.88611935485,376213.84179032256,94,164,23640.41345483871,1229.0
2023-10-01,중랑구,API,10,1229.0,1195.0,366049.74937000003,79999.43266666666,379537.23144,94,164,26764.325363333333,1250.0
2023-11-01,중랑구,API,11,1250.0,1144.0,364578.1802064516,79754.56811935484,377699.48748387094,94,164,24651.273741935485,1124.0
2023-12-01,중랑구,API,12,1124.0,1218.0,366197.18533,80678.19149000001,381618.2390566667,94,164,27499.056226666667,1241.0
2024-01-01,중랑구,API,1,1241.0,1159.0,374104.5997419355,78699.5766064516,390587.9499064516,78,197,29565.95784516129,1155.0
2024-02-01,중랑구,API,2,1155.0,1000.0,370994.5158225806,76538.58026774193,386192.2877580645,78,197,27446.73321935484,1014.0
2024-03-01,중랑구,API,3,1014.0,1164.0,370358.6818896552,79344.4832,383411.49929999997,78,197,27943.301944827585,980.0
2024-04-01,중랑구,API,4,980.0,1164.0,368746.8465064516,78522.44753225807,382128.01381290326,78,197,26449.4301,981.0
2024-05-01,중랑구,API,5,981.0,1244.0,363911.9611633333,82518.58787333334,377944.64987333334,78,197,24755.164926666665,979.0
2024-06-01,중랑구,API,6,979.0,1230.0,361289.7167064516,72527.12886129033,374197.8225193548,78,197,24606.8312516129,969.0
2024-07-01,중랑구,API,7,969.0,1340.0,358965.62438666663,72530.27309666667,371927.6588766667,78,197,23869.988983333333,1000.0
2024-08-01,중랑구,API,8,1000.0,1322.0,358234.4071516129,71782.15969032257,370502.03374838707,78,197,23558.233112903225,967.0
2024-09-01,중랑구,API,9,967.0,1229.0,352044.5470870968,71828.51778709677,364421.79658387095,78,197,22636.85145483871,809.0
2024-10-01,중랑구,API,10,809.0,1250.0,353638.08143333334,76403.84125999999,365546.1321166667,78,197,25552.051706666665,801.0
2024-11-01,중랑구,API,11,801.0,1124.0,355469.11030322575,74410.58429032257,367523.1714354839,78,197,23553.5447,760.0
2024-12-01,중랑구,API,12,760.0,1241.0,355218.98121666664,76589.42687000001,367195.05728,78,197,24998.34431,830.0
2025-01-01,중랑구,API,1,830.0,1155.0,356776.92185806454,74494.80967741935,368483.50311935483,55,178,24881.364496774193,862.0
2025-02-01,중랑구,API,2,862.0,1014.0,359341.9202774193,73766.19322903226,369173.49368387094,55,178,24894.20533548387,760.0
2025-03-01,중랑구,API,3,760.0,980.0,360005.5104035715,75123.867525,370789.83682142856,55,178,22915.874764285716,848.0
2025-04-01,중랑구,API,4,848.0,981.0,357175.36696129036,71670.39018387097,368160.32927096775,55,178,23636.388016129033,878.0
2025-05-01,중랑구,API,5,878.0,979.0,353726.97238,77399.80488333333,365992.4672633333,55,178,23671.46915,936.0
2025-06-01,중랑구,API,6,936.0,969.0,352451.8755612903,74142.44337419355,364237.20966451615,55,178,23953.609738709678,921.0
2025-07-01,중랑구,API,7,921.0,1000.0,352825.44128333335,77694.94678666667,364609.7286866667,55,178,22983.40188,993.0
2025-08-01,중랑구,API,8,993.0,967.0,352227.4382032258,76803.62384193548,364492.7265806452,55,178,22562.544441935483,926.0
2025-09-01,중랑구,API,9,926.0,809.0,349795.7781451613,77533.89507096774,361583.9853645161,55,178,22699.9711,928.0
2025-10-01,중랑구,API,10,928.0,801.0,351965.4289333334,78109.14516333333,364404.59795666666,55,178,23923.315140000002,944.0
2025-11-01,중랑구,API,11,944.0,760.0,351214.77463225805,72713.44980967742,364570.37097096775,55,178,25231.407293548385,908.0
2025-12-01,중랑구,API,12,908.0,830.0,351780.38611333334,74495.79050999999,363742.28278999997,55,178,23538.61378,970.0
