ds,District,연도,월,전월_transport_cnt,전년동월_y,전년동월_transport_cnt,전월_total_pop,전월_내국인생활인구수,전월_장기체류외국인인구수,전월_단기체류외국인인구수,전월_일최대인구수,전월_일최소인구수,전월_day_pop,전월_night_pop,전월_일최대이동인구수,전월_서울외유입인구수,전월_동일자치구행정동간이동인구수,전월_자치구간이동인구수,전월_pop_diff,전년_건물사고,전년_교통사고,전년_기계사고,전년_기타/미상,전년_산악사고,전년_수난사고,전년_승강기사고,전년_안전조치,전년_위치추적,전년_인명갇힘,전년_자살추정,전년_잠금장치개방,전년_폭발사고,전년_화재,전년_총입원연인원,전년_서울내입원연인원,전년_서울외유출연인원,전년_유출률,전년_응급실입원연인원,전년_총처리연인원,전년_서울내환자연인원,전년_서울외유입연인원,전년_유입률,전년_응급실처리연인원,출처,transport_cnt
2017-01-01,강남구,2017,1,,,,,,,,,,,,,,,,,3,92,20,222,9,40,401,0,0,350,0,0,0,70,,,,,,,,,,,API,1472.0
2017-02-01,강남구,2017,2,1472.0,,,,,,,,,,,,,,,,3,92,20,222,9,40,401,0,0,350,0,0,0,70,,,,,,,,,,,API,1255.0
2017-03-01,강남구,2017,3,1255.0,,,,,,,,,,,,,,,,3,92,20,222,9,40,401,0,0,350,0,0,0,70,,,,,,,,,,,API,1438.0
2017-04-01,강남구,2017,4,1438.0,,,,,,,,,,,,,,,,3,92,20,222,9,40,401,0,0,350,0,0,0,70,,,,,,,,,,,API,1512.0
2017-05-01,강남구,2017,5,1512.0,,,,,,,,,,,,,,,,3,92,20,222,9,40,401,0,0,350,0,0,0,70,,,,,,,,,,,API,1543.0
2017-06-01,강남구,2017,6,1543.0,,,,,,,,,,,,,,,,3,92,20,222,9,40,401,0,0,350,0,0,0,70,,,,,,,,,,,API,1643.0
2017-07-01,강남구,2017,7,1643.0,,,,,,,,,,,,,,,,3,92,20,222,9,40,401,0,0,350,0,0,0,70,,,,,,,,,,,API,1691.0
2017-08-01,강남구,2017,8,1691.0,,,,,,,,,,,,,,,,3,92,20,222,9,40,401,0,0,350,0,0,0,70,,,,,,,,,,,API,1584.0
2017-09-01,강남구,2017,9,1584.0,,,,,,,,,,,,,,,,3,92,20,222,9,40,401,0,0,350,0,0,0,70,,,,,,,,,,,API,1618.0
2017-10-01,강남구,2017,10,1618.0,,,,,,,,,,,,,,,,3,92,20,222,9,40,401,0,0,350,0,0,0,70,,,,,,,,,,,API,1459.0
2017-11-01,강남구,2017,11,1459.0,,,,,,,,,,,,,,,,3,92,20,222,9,40,401,0,0,350,0,0,0,70,,,,,,,,,,,API,1514.0
2017-12-01,강남구,2017,12,1514.0,,,,,,,,,,,,,,,,3,92,20,222,9,40,401,0,0,350,0,0,0,70,,,,,,,,,,,API,1698.0
2018-01-01,강남구,2018,1,1698.0,2483.0,1472.0,,,,,,,,,,,,,,6,169,8,268,8,32,580,0,0,337,0,0,0,36,,,,,,,,,,,API,1585.0
2018-02-01,강남구,2018,2,1585.0,2105.0,1255.0,,,,,,,,,,,,,,6,169,8,268,8,32,580,0,0,337,0,0,0,36,,,,,,,,,,,API,1366.0
2018-03-01,강남구,2018,3,1366.0,2417.0,1438.0,,,,,,,,,,,,,,6,169,8,268,8,32,580,0,0,337,0,0,0,36,,,,,,,,,,,API,1486.0
2018-04-01,강남구,2018,4,1486.0,2550.0,1512.0,,,,,,,,,,,,,,6,169,8,268,8,32,580,0,0,337,0,0,0,36,,,,,,,,,,,API,1508.0
2018-05-01,강남구,2018,5,1508.0,2650.0,1543.0,858066.5640807692,817036.3880884616,21099.74638846154,19930.42961923077,1049526.350946154,685937.4424230768,1010618.5387307692,749100.8679115383,653647.9840115384,196616.7521730769,133339.75189615384,323691.4799423077,261517.67081923079,6,169,8,268,8,32,580,0,0,337,0,0,0,36,,,,,,,,,,,API,1660.0
2018-06-01,강남구,2018,6,1660.0,2773.0,1643.0,846701.2681935483,805368.1257548387,20771.92381612903,20561.21861935484,1029229.0106064517,680210.6829612902,992015.9888419355,740797.242667742,623595.2215580645,188246.48781612903,127280.06521290322,308068.66852903226,251218.74617419357,6,169,8,268,8,32,580,0,0,337,0,0,0,36,,,,,,,,,,,API,1673.0
2018-07-01,강남구,2018,7,1673.0,2963.0,1691.0,855382.4456666667,815268.1658366666,21182.554283333335,18931.725570000002,1045679.81666,686486.6557199999,1005697.3347433334,748014.6677400001,600353.00791,185564.33091,120738.49931,294050.17769000004,257682.6670033333,6,169,8,268,8,32,580,0,0,337,0,0,0,36,,,,,,,,,,,API,1822.0
2018-08-01,강남구,2018,8,1822.0,2727.0,1584.0,877646.7028322581,834267.3592290323,22302.81355483871,21076.530038709676,1091580.4722935485,690608.9910129033,1045776.6265483871,757553.9002032258,639512.3181806452,203945.09152580643,123926.46448387096,311640.76217096776,288222.72634516127,6,169,8,268,8,32,580,0,0,337,0,0,0,36,,,,,,,,,,,API,1743.0
2018-09-01,강남구,2018,9,1743.0,2755.0,1618.0,864336.7162645161,822891.0720451613,22196.516503225805,19249.127719354838,1068190.8632387097,685601.7235870968,1025316.6880096773,747578.2320096774,647877.5270451612,198686.91048387095,131861.26711935483,317329.3494419355,277738.456,6,169,8,268,8,32,580,0,0,337,0,0,0,36,,,,,,,,,,,API,1514.0
2018-10-01,강남구,2018,10,1514.0,2504.0,1459.0,818212.2730133333,778798.4199866666,20172.45037,19241.40267,987529.0913699999,665462.4754633333,949878.21991,724165.1680866666,572932.08624,172816.99793333333,123643.17483999999,276471.91346666665,225713.05182333334,6,169,8,268,8,32,580,0,0,337,0,0,0,36,,,,,,,,,,,API,1522.0
2018-11-01,강남구,2018,11,1522.0,2481.0,1514.0,857251.6860354838,815086.583251613,20739.52139032258,21425.581403225806,1044345.8121354838,686912.3320645161,1006977.0548225805,748637.1418774194,614462.3424548387,191440.0220580645,123762.1744548387,299260.1459419355,258339.9129451613,6,169,8,268,8,32,580,0,0,337,0,0,0,36,,,,,,,,,,,API,1510.0
2018-12-01,강남구,2018,12,1510.0,2830.0,1698.0,871978.04081,829232.3575166666,21149.51398666667,21596.16931,1078222.8909166667,688925.09052,1034699.7519166667,755748.2471566667,656558.84936,211296.86786333335,127575.77324333334,317686.20825333335,278951.50476,6,169,8,268,8,32,580,0,0,337,0,0,0,36,,,,,,,,,,,API,1703.0
2019-01-01,강남구,2019,1,1703.0,2740.0,1585.0,858440.0901096774,816053.8469870968,21652.867187096774,20733.375925806453,1048862.6647290322,689881.5569580646,1005758.0842645161,753212.951432258,611156.547751613,194890.81946129035,123728.85941935483,292536.86887096777,252545.13283225807,0,53,6,167,4,28,467,0,0,268,0,0,0,42,,,,,,,,,,,API,1529.0
2019-02-01,강남구,2019,2,1529.0,2406.0,1366.0,882023.0274774194,839806.2279645161,22946.83352580645,19269.966003225807,1096711.289387097,694059.4814870968,1049747.6182225808,762219.7483741936,670797.3460096775,215506.21413548387,130025.41873870968,325265.7131354839,287527.8698483871,0,53,6,167,4,28,467,0,0,268,0,0,0,42,,,,,,,,,,,API,1280.0
2019-03-01,강남구,2019,3,1280.0,2647.0,1486.0,818553.6957535715,780619.8186214286,22166.671807142855,15767.205339285714,1000438.1328464287,656136.9729428571,957807.7617107143,719086.5057857143,599382.0133250001,186260.18057142856,124730.26075,288391.57200357143,238721.255925,0,53,6,167,4,28,467,0,0,268,0,0,0,42,,,,,,,,,,,API,1523.0
2019-04-01,강남구,2019,4,1523.0,2576.0,1508.0,853372.7204032257,813693.3362193549,22372.96719032258,17306.41698064516,1043405.930083871,685371.073616129,1002361.1615290323,746952.4053032257,588801.5678677419,183594.40957741934,119502.25368387098,285704.90460645163,255408.7562258065,0,53,6,167,4,28,467,0,0,268,0,0,0,42,,,,,,,,,,,API,1509.0
2019-05-01,강남구,2019,5,1509.0,2765.0,1660.0,848924.44197,808913.9816533333,22543.386019999998,17467.074303333335,1041278.2144666667,677206.95305,1001710.6509833334,739791.43554,646093.6629700001,197834.57543666667,129735.76121,318523.3263233333,261919.21544333332,0,53,6,167,4,28,467,0,0,268,0,0,0,42,,,,,,,,,,,API,1616.0
2019-06-01,강남구,2019,6,1616.0,2831.0,1673.0,819731.4237419355,779189.6723419355,21641.81895483871,18899.93244516129,1002433.4392806451,656139.0620548388,964756.9949290322,716141.7300483871,586111.076983871,181404.37062258064,119871.26678064516,284835.4395806452,248615.26488064515,0,53,6,167,4,28,467,0,0,268,0,0,0,42,,,,,,,,,,,API,1565.0
2019-07-01,강남구,2019,7,1565.0,3213.0,1822.0,825761.9263533334,784684.07045,21880.304173333334,19197.551743333333,1009333.7211166668,664287.0862866666,969456.7979166667,723122.7323866667,566086.5728,174764.55008,118600.11975999999,272721.90296,246334.06552999996,0,53,6,167,4,28,467,0,0,268,0,0,0,42,,,,,,,,,,,API,1746.0
2019-08-01,강남구,2019,8,1746.0,3059.0,1743.0,849977.673167742,808712.3787935484,23106.01009032258,18159.28429354839,1063726.3569741936,663616.1919322581,1017832.6307322581,730081.2749064517,586488.6175903226,187139.25632903227,113519.16801935484,285830.19324193546,287751.35582580644,0,53,6,167,4,28,467,0,0,268,0,0,0,42,,,,,,,,,,,API,1694.0
2019-09-01,강남구,2019,9,1694.0,2522.0,1514.0,863811.588116129,822263.4811483871,23329.81948064516,18218.28748064516,1063273.7544096773,687399.1466612903,1019725.6371225805,752444.4102580645,592468.970316129,185121.6136451613,118816.06457096773,288531.29209999996,267281.22686451615,0,53,6,167,4,28,467,0,0,268,0,0,0,42,,,,,,,,,,,API,1535.0
2019-10-01,강남구,2019,10,1535.0,2587.0,1522.0,834951.98071,794565.4042233333,21708.94415666667,18677.63233666667,1015321.1950533333,672468.6136133333,975658.6727633333,734447.20066,588068.7316633334,180754.20836,122705.28468666667,284609.2386166667,241211.47210333336,0,53,6,167,4,28,467,0,0,268,0,0,0,42,,,,,,,,,,,API,1670.0
2019-11-01,강남구,2019,11,1670.0,2516.0,1510.0,883406.2082032259,836111.0154548388,23189.127914516128,24106.06480967742,1097767.364383871,687383.4828451612,1057633.418982258,758958.2004903225,654965.3465709678,205303.70356935484,125888.1020032258,323773.5409983871,298675.2184919355,0,53,6,167,4,28,467,0,0,268,0,0,0,42,,,,,,,,,,,API,1609.0
2019-12-01,강남구,2019,12,1609.0,2837.0,1703.0,880952.2457033334,837268.2839866667,22447.46727,21236.494466666667,1092505.8225966666,697285.9488333333,1047186.7748933334,762213.2962933333,643055.6722166667,206011.36794333335,125041.82351,312002.4807633333,284973.47860000003,0,53,6,167,4,28,467,0,0,268,0,0,0,42,,,,,,,,,,,API,1733.0
2020-01-01,강남구,2020,1,1733.0,2575.0,1529.0,882208.1168193548,838621.6734290322,22461.380435483872,21125.062977419355,1090627.9946612904,699816.1155516129,1043765.8077419355,766809.766167742,663037.7436451613,212289.36496129032,131233.57358387095,319514.8051,276956.0415741935,0,29,1,174,8,71,434,0,0,226,0,0,0,7,1002129.0,582232.0,419897.0,0.419,,2201848.0,853651.0,1348197.0,0.6123,,API,1479.0
2020-02-01,강남구,2020,2,1479.0,2204.0,1280.0,862862.4038935484,823733.3627741935,22268.734203225806,16860.306929032256,1069665.385696774,682165.4451451612,1022102.9378741935,749119.1653387097,647116.9087032258,206216.84293225806,129168.29720322581,311731.76856774196,272983.7725354839,0,29,1,174,8,71,434,0,0,226,0,0,0,7,1002129.0,582232.0,419897.0,0.419,,2201848.0,853651.0,1348197.0,0.6123,,API,1177.0
2020-03-01,강남구,2020,3,1177.0,2500.0,1523.0,881777.3000931034,844520.5262275862,21773.724872413793,15483.049013793103,1090369.1973793104,701385.8184,1046124.7337896551,764386.2760344828,641748.596251724,196533.98196206897,130723.92268275861,314490.6916068966,281738.45775517245,0,29,1,174,8,71,434,0,0,226,0,0,0,7,1002129.0,582232.0,419897.0,0.419,,2201848.0,853651.0,1348197.0,0.6123,,API,1095.0
2020-04-01,강남구,2020,4,1095.0,2479.0,1509.0,836903.2031451613,806111.2717419354,19895.78046451613,10896.15093548387,1009673.0519483871,686715.9256354838,973319.3994193549,739463.0629419355,556747.2139677419,164346.17406451612,119091.78754516129,273309.2523580645,233856.3364774194,0,29,1,174,8,71,434,0,0,226,0,0,0,7,1002129.0,582232.0,419897.0,0.419,,2201848.0,853651.0,1348197.0,0.6123,,API,1046.0
2020-05-01,강남구,2020,5,1046.0,2717.0,1616.0,837914.78799,807983.7655466667,19793.891756666664,10137.13069,1011391.5562233333,684857.58814,975861.6891633333,739381.2871833333,586731.0515266667,174372.93598333333,126741.17504999999,285616.9404933333,236480.40198,0,29,1,174,8,71,434,0,0,226,0,0,0,7,1002129.0,582232.0,419897.0,0.419,,2201848.0,853651.0,1348197.0,0.6123,,API,1177.0
2020-06-01,강남구,2020,6,1177.0,2610.0,1565.0,828149.7786806452,799265.408816129,19907.475461290323,8976.894403225806,999435.2740387097,676526.7320806452,963795.7777806452,731259.7793290323,581012.253551613,172856.4986,126689.45614193549,281466.2988096774,232535.9984516129,0,29,1,174,8,71,434,0,0,226,0,0,0,7,1002129.0,582232.0,419897.0,0.419,,2201848.0,853651.0,1348197.0,0.6123,,API,1268.0
2020-07-01,강남구,2020,7,1268.0,2965.0,1746.0,849618.1967933333,821657.1942766666,20786.573633333333,7174.428866666666,1043698.30793,677442.1642233334,1004756.83004,738804.8873033334,628660.6734766667,189045.35691,129317.17994666667,310298.13662,265951.94273666665,0,29,1,174,8,71,434,0,0,226,0,0,0,7,1002129.0,582232.0,419897.0,0.419,,2201848.0,853651.0,1348197.0,0.6123,,API,1413.0
2020-08-01,강남구,2020,8,1413.0,2945.0,1694.0,865009.3934225807,834377.3238774193,21125.56106451613,9506.508503225807,1064176.5761903226,686461.7066516129,1023943.6776354839,751484.9047161291,635647.697567742,194110.07760967742,127480.57128387096,314057.04867419356,272458.77291935484,0,29,1,174,8,71,434,0,0,226,0,0,0,7,1002129.0,582232.0,419897.0,0.419,,2201848.0,853651.0,1348197.0,0.6123,,API,1222.0
2020-09-01,강남구,2020,9,1222.0,2654.0,1535.0,826552.5134806451,794765.5410774194,20255.348806451613,11531.623599999999,997442.1025064515,675967.886367742,961578.2706354839,730105.5440774193,570516.0411870967,169692.82268709678,123050.35183548386,277772.8666645161,231472.72655806452,0,29,1,174,8,71,434,0,0,226,0,0,0,7,1002129.0,582232.0,419897.0,0.419,,2201848.0,853651.0,1348197.0,0.6123,,API,1087.0
2020-10-01,강남구,2020,10,1087.0,2797.0,1670.0,806555.2294966667,778093.6713633334,19767.189046666666,8694.369086666666,971993.4270633333,662781.5313433333,937598.5656233333,712952.8465533333,548460.05553,160414.98250333333,118273.73762,269771.3354066667,224645.71907000002,0,29,1,174,8,71,434,0,0,226,0,0,0,7,1002129.0,582232.0,419897.0,0.419,,2201848.0,853651.0,1348197.0,0.6123,,API,1179.0
2020-11-01,강남구,2020,11,1179.0,2605.0,1609.0,811489.6183193548,784087.0200548387,19925.149132258062,7477.449141935484,978448.8620322581,661523.8375612904,943324.2500580646,717322.0242161291,575103.6330387098,173867.25669032257,122725.2836032258,278511.09274516127,226002.2258419355,0,29,1,174,8,71,434,0,0,226,0,0,0,7,1002129.0,582232.0,419897.0,0.419,,2201848.0,853651.0,1348197.0,0.6123,,API,1204.0
2020-12-01,강남구,2020,12,1204.0,2815.0,1733.0,832259.0002433334,805155.72849,20542.114573333336,6561.157173333334,1016774.2248466667,668999.10515,979613.1332666667,727006.0480933334,603806.3173633333,184706.69526333333,124032.81205000001,295066.81005000003,252607.08517333335,0,29,1,174,8,71,434,0,0,226,0,0,0,7,1002129.0,582232.0,419897.0,0.419,,2201848.0,853651.0,1348197.0,0.6123,,API,1036.0
2021-01-01,강남구,2021,1,1036.0,2397.0,1479.0,790193.7408354839,763508.9405225806,19241.64969032258,7443.150619354838,954043.0284677419,654949.3299903226,919085.3324774194,698128.3182258063,518105.711916129,153549.28471290323,111711.0175483871,252845.4096548387,220957.0142516129,0,33,0,154,13,76,286,0,0,204,0,0,0,43,991115.0,588825.0,402290.0,0.4059,,2112265.0,827508.0,1284757.0,0.6082,,API,1120.0
2021-02-01,강남구,2021,2,1120.0,2153.0,1177.0,793527.650832258,768545.0572774194,19063.559158064516,5919.034393548387,961286.9687129032,655450.424283871,924938.5624935484,699662.7139322581,539115.6781096774,162412.0390419355,116421.1974516129,260282.44161612904,225275.84856129033,0,33,0,154,13,76,286,0,0,204,0,0,0,43,991115.0,588825.0,402290.0,0.4059,,2112265.0,827508.0,1284757.0,0.6082,,API,1033.0
2021-03-01,강남구,2021,3,1033.0,2100.0,1095.0,801461.6919214285,775298.2491928572,19460.140982142857,6703.301764285715,978504.745825,650558.0830499999,939367.0410928571,702957.8711,573796.1826964285,174882.47490714284,121265.06452142856,277648.64326785714,236409.16999285715,0,33,0,154,13,76,286,0,0,204,0,0,0,43,991115.0,588825.0,402290.0,0.4059,,2112265.0,827508.0,1284757.0,0.6082,,API,1137.0
2021-04-01,강남구,2021,4,1137.0,1930.0,1046.0,836926.4784580646,810231.2718967743,20415.55427419355,6279.652287096774,1032963.1713290323,665764.8449806452,992623.5478612903,725714.2860161291,605473.7067354838,186676.38538709676,121969.76813548387,296827.5532129032,266909.2618451613,0,33,0,154,13,76,286,0,0,204,0,0,0,43,991115.0,588825.0,402290.0,0.4059,,2112265.0,827508.0,1284757.0,0.6082,,API,1239.0
2021-05-01,강남구,2021,5,1239.0,2275.0,1177.0,828750.08857,803243.9942099999,20480.90266,5025.191696666667,1024186.0119899999,658654.6756233333,984378.5584066666,717586.8958299999,633121.0216933334,191705.25308333334,129118.86826333334,312296.90034666663,266791.6625766667,0,33,0,154,13,76,286,0,0,204,0,0,0,43,991115.0,588825.0,402290.0,0.4059,,2112265.0,827508.0,1284757.0,0.6082,,API,1372.0
2021-06-01,강남구,2021,6,1372.0,2452.0,1268.0,809312.0577193548,784103.8257290322,19779.28958387097,5428.94240967742,986772.4979096774,653396.5220451613,949535.0965935484,709152.744248387,589350.2906419354,177328.72832258063,127270.0586419355,284751.5036774193,240382.3523451613,0,33,0,154,13,76,286,0,0,204,0,0,0,43,991115.0,588825.0,402290.0,0.4059,,2112265.0,827508.0,1284757.0,0.6082,,API,1501.0
2021-07-01,강남구,2021,7,1501.0,2627.0,1413.0,835716.63555,807640.3129666667,20633.278306666667,7443.04429,1034626.78229,663223.8548266666,993455.52929,723045.9971866666,634301.9296633333,193936.5544833333,130509.17922666666,309856.19595333334,270409.53210333333,0,33,0,154,13,76,286,0,0,204,0,0,0,43,991115.0,588825.0,402290.0,0.4059,,2112265.0,827508.0,1284757.0,0.6082,,API,1466.0
2021-08-01,강남구,2021,8,1466.0,2550.0,1222.0,808641.6506032258,781690.768216129,19791.123361290323,7159.759041935484,992065.362732258,653301.2723935484,952638.4447096774,705786.7976935484,579400.4462903226,175572.08481612903,122438.63934193549,281389.72213225806,246851.64701612905,0,33,0,154,13,76,286,0,0,204,0,0,0,43,991115.0,588825.0,402290.0,0.4059,,2112265.0,827508.0,1284757.0,0.6082,,API,1460.0
2021-09-01,강남구,2021,9,1460.0,2357.0,1087.0,795719.2384870969,769158.8128677419,19104.802980645163,7455.622629032258,972441.2022419354,647531.4880258065,933323.3180290322,697430.610232258,564312.3449451614,169240.07380967744,120976.24479354838,274096.0263419355,235892.7077967742,0,33,0,154,13,76,286,0,0,204,0,0,0,43,991115.0,588825.0,402290.0,0.4059,,2112265.0,827508.0,1284757.0,0.6082,,API,1378.0
2021-10-01,강남구,2021,10,1378.0,2453.0,1179.0,782926.6777100001,757475.65177,18600.505343333334,6850.520596666667,950213.2525833334,639915.19833,912817.5294799999,690147.4978733334,552390.5315466666,165807.27398,120565.80539000001,266017.45217666664,222670.0316066667,0,33,0,154,13,76,286,0,0,204,0,0,0,43,991115.0,588825.0,402290.0,0.4059,,2112265.0,827508.0,1284757.0,0.6082,,API,1435.0
2021-11-01,강남구,2021,11,1435.0,2289.0,1204.0,799479.6601096774,772594.9992870967,19027.338029032257,7857.322812903226,971916.7017806451,650740.5317870968,934772.4504290323,702841.9527387096,566791.6401709678,172478.7939483871,121998.84099354838,272314.00522903225,231930.49769032258,0,33,0,154,13,76,286,0,0,204,0,0,0,43,991115.0,588825.0,402290.0,0.4059,,2112265.0,827508.0,1284757.0,0.6082,,API,1464.0
2021-12-01,강남구,2021,12,1464.0,2038.0,1036.0,836540.79238,806499.2798266667,19804.983643333333,10236.528913333334,1031735.3587133333,665558.1340166667,990803.8548733334,726352.8905966667,630904.9669766667,197911.53397666666,125775.08303000001,307218.34997,264450.96427666664,0,33,0,154,13,76,286,0,0,204,0,0,0,43,991115.0,588825.0,402290.0,0.4059,,2112265.0,827508.0,1284757.0,0.6082,,API,1369.0
2022-01-01,강남구,2022,1,1369.0,2223.0,1120.0,825072.2090580645,797138.9294064516,19126.58884516129,8806.690806451612,1015244.6499612903,661819.8988709677,974832.543516129,718100.5415870968,595242.1223774193,185062.4948483871,121575.33556129033,288604.2919677419,256732.00192903224,0,51,4,246,18,144,313,0,0,258,0,0,0,51,1027077.0,625196.0,401881.0,0.3913,89369.0,2195633.0,863320.0,1332313.0,0.6068,233772.0,API,1407.0
2022-02-01,강남구,2022,2,1407.0,2114.0,1033.0,813482.9152645161,786969.1453548387,18856.187258064518,7657.582661290323,1002179.9677290323,653413.6686483872,961545.8051870967,707723.7081741936,593207.7549774194,185615.73733870967,123419.88531612903,284172.13232258067,253822.09701290325,0,51,4,246,18,144,313,0,0,258,0,0,0,51,1027077.0,625196.0,401881.0,0.3913,89369.0,2195633.0,863320.0,1332313.0,0.6068,233772.0,API,1295.0
2022-03-01,강남구,2022,3,1295.0,2463.0,1137.0,809263.3539535714,778636.3433999999,18628.536957142856,11998.473610714285,988258.6703892857,658232.7787857142,948024.1260714286,710148.5167357143,568903.0170464285,174106.40056428572,123061.0906892857,271735.5257928571,237875.60933571428,0,51,4,246,18,144,313,0,0,258,0,0,0,51,1027077.0,625196.0,401881.0,0.3913,89369.0,2195633.0,863320.0,1332313.0,0.6068,233772.0,API,1496.0
2022-04-01,강남구,2022,4,1496.0,2512.0,1239.0,815774.8093129032,787418.085167742,18683.221893548387,9673.502258064516,987287.2824741936,666227.0715161291,951255.8133580645,719002.6635806451,551347.4703709678,167156.20987096775,119884.1701548387,264307.09034516127,232253.14977741934,0,51,4,246,18,144,313,0,0,258,0,0,0,51,1027077.0,625196.0,401881.0,0.3913,89369.0,2195633.0,863320.0,1332313.0,0.6068,233772.0,API,1435.0
2022-05-01,강남구,2022,5,1435.0,2875.0,1372.0,833432.4203066666,802085.2031633334,19293.532393333335,12053.684736666668,1019076.8313133332,670139.62345,980498.4670966666,728385.2440233334,617272.9767233334,189941.30310000002,128262.81765333333,299068.85597,252113.22307333333,0,51,4,246,18,144,313,0,0,258,0,0,0,51,1027077.0,625196.0,401881.0,0.3913,89369.0,2195633.0,863320.0,1332313.0,0.6068,233772.0,API,1621.0
2022-06-01,강남구,2022,6,1621.0,3159.0,1501.0,853718.0181193548,818133.4937,19616.79337419355,15967.73104516129,1044975.7095032259,682434.9928516129,1005680.6549967743,745173.2774967742,628984.2481806452,196813.83953870967,128173.2027,303997.2059419355,260507.37750000003,0,51,4,246,18,144,313,0,0,258,0,0,0,51,1027077.0,625196.0,401881.0,0.3913,89369.0,2195633.0,863320.0,1332313.0,0.6068,233772.0,API,1496.0
2022-07-01,강남구,2022,7,1496.0,2913.0,1466.0,870905.93617,833873.0314033333,19734.417436666667,17298.487326666665,1071583.4589633334,696245.0555066667,1028124.3001566667,758607.1047666667,636911.76866,200089.73482333336,129486.94110333333,307335.0927333333,269517.19539,0,51,4,246,18,144,313,0,0,258,0,0,0,51,1027077.0,625196.0,401881.0,0.3913,89369.0,2195633.0,863320.0,1332313.0,0.6068,233772.0,API,1653.0
2022-08-01,강남구,2022,8,1653.0,2867.0,1460.0,861738.726783871,823399.738067742,20080.010519354837,18258.978203225804,1067991.5868935485,682957.2139806452,1023357.7154806452,746296.5920032258,625957.6289645161,201013.62536774194,123416.27464838709,301527.7289483871,277061.1234774194,0,51,4,246,18,144,313,0,0,258,0,0,0,51,1027077.0,625196.0,401881.0,0.3913,89369.0,2195633.0,863320.0,1332313.0,0.6068,233772.0,API,1650.0
2022-09-01,강남구,2022,9,1650.0,2822.0,1378.0,844638.407832258,807623.917383871,19686.571551612902,17327.91890967742,1043558.5597645161,671810.4970612903,1001165.7694580645,732833.1495290323,616359.7030290322,193525.96808387095,124969.88063870968,297863.8543064516,268332.6199290322,0,51,4,246,18,144,313,0,0,258,0,0,0,51,1027077.0,625196.0,401881.0,0.3913,89369.0,2195633.0,863320.0,1332313.0,0.6068,233772.0,API,1426.0
2022-10-01,강남구,2022,10,1426.0,2757.0,1435.0,827500.2501166667,791511.4960366667,19298.05201333333,16690.70207,1013748.1769433334,662811.5011433333,973035.21614,723546.7029533333,596437.3980333334,186846.91548333332,122458.93773666667,287131.5448133333,249488.51318666668,0,51,4,246,18,144,313,0,0,258,0,0,0,51,1027077.0,625196.0,401881.0,0.3913,89369.0,2195633.0,863320.0,1332313.0,0.6068,233772.0,API,1465.0
2022-11-01,강남구,2022,11,1465.0,2989.0,1464.0,832802.2085741935,793167.5174580646,19380.76799032258,20253.92314516129,1015103.3668967743,672918.8058645162,975825.7725741935,730642.5200193549,586023.2922516129,185910.52379354837,121134.64289999999,278978.12555806455,245183.25255483872,0,51,4,246,18,144,313,0,0,258,0,0,0,51,1027077.0,625196.0,401881.0,0.3913,89369.0,2195633.0,863320.0,1332313.0,0.6068,233772.0,API,1497.0
2022-12-01,강남구,2022,12,1497.0,3087.0,1369.0,854042.8565266667,814648.6779733334,19791.347983333333,19602.830576666667,1055825.2534966667,678117.9924266667,1014757.9294133334,739246.3759,632566.8290899999,201547.55641666666,124471.67424666668,306547.5984266667,275511.5535133334,0,51,4,246,18,144,313,0,0,258,0,0,0,51,1027077.0,625196.0,401881.0,0.3913,89369.0,2195633.0,863320.0,1332313.0,0.6068,233772.0,API,1556.0
2023-01-01,강남구,2023,1,1556.0,2716.0,1407.0,850301.8065548387,812252.9266032258,19436.02160967742,18612.85832903226,1045292.9870967743,680082.9319096775,1002979.3139677419,741246.4441096775,605605.2649354838,195161.86634193547,120599.74658709677,289843.6520064516,261732.8698580645,3,34,32,490,32,95,447,0,0,253,0,0,0,51,973430.0,583356.0,390074.0,0.4007,91093.0,2229049.0,872496.0,1356553.0,0.6086,234540.0,API,1453.0
2023-02-01,강남구,2023,2,1453.0,2813.0,1295.0,830725.547216129,796674.2235387096,18956.304777419355,15095.018919354838,1026867.8949967742,659726.2586129033,983539.1954322581,721572.9413612903,588787.0000387096,192264.9148483871,116497.90484516129,280024.1803451613,261966.25407096773,3,34,32,490,32,95,447,0,0,253,0,0,0,51,973430.0,583356.0,390074.0,0.4007,91093.0,2229049.0,872496.0,1356553.0,0.6086,234540.0,API,1190.0
2023-03-01,강남구,2023,3,1190.0,3839.0,1496.0,867282.6175785714,831518.8584785714,20090.3537,15673.405421428572,1087246.5903892857,677368.7876285714,1040203.5565857142,743767.6611607142,633565.9969142858,212155.56558928572,116806.14255,304604.28877499996,296435.89542499994,3,34,32,490,32,95,447,0,0,253,0,0,0,51,973430.0,583356.0,390074.0,0.4007,91093.0,2229049.0,872496.0,1356553.0,0.6086,234540.0,API,1405.0
2023-04-01,강남구,2023,4,1405.0,2998.0,1435.0,860094.0245290323,823731.9663935484,19234.414277419353,17127.643858064515,1065322.897732258,679972.3905967742,1023124.8118935485,743643.4621129032,601976.1516935484,197158.94686451615,115645.38028709678,289171.8245419355,279481.34978064516,3,34,32,490,32,95,447,0,0,253,0,0,0,51,973430.0,583356.0,390074.0,0.4007,91093.0,2229049.0,872496.0,1356553.0,0.6086,234540.0,API,1486.0
2023-05-01,강남구,2023,5,1486.0,3133.0,1621.0,848413.7277866666,809914.3356466667,18950.137016666664,19549.255110000002,1041164.1729966666,680761.44474,1000751.9596533333,739600.7050166667,611619.1368233333,197171.03035333334,122919.05153333333,291529.0549366667,261151.25463666668,3,34,32,490,32,95,447,0,0,253,0,0,0,51,973430.0,583356.0,390074.0,0.4007,91093.0,2229049.0,872496.0,1356553.0,0.6086,234540.0,API,1644.0
2023-06-01,강남구,2023,6,1644.0,3043.0,1496.0,846219.1728935485,807608.5493064517,18996.593683870968,19614.029899999998,1033304.1388419354,680952.8125290322,994612.0261774195,740224.2776935484,602162.2294193548,190525.25807096774,123625.12231290323,288011.8490354839,254387.74848387096,3,34,32,490,32,95,447,0,0,253,0,0,0,51,973430.0,583356.0,390074.0,0.4007,91093.0,2229049.0,872496.0,1356553.0,0.6086,234540.0,API,1564.0
2023-07-01,강남구,2023,7,1564.0,3557.0,1653.0,861426.53761,821974.7890933334,19473.144516666667,19978.60399666667,1063977.73664,686854.29764,1020330.4396033332,747923.7504733333,619737.4907733334,198919.16215333334,125454.52476,295363.80386000004,272406.68913,3,34,32,490,32,95,447,0,0,253,0,0,0,51,973430.0,583356.0,390074.0,0.4007,91093.0,2229049.0,872496.0,1356553.0,0.6086,234540.0,API,1745.0
2023-08-01,강남구,2023,8,1745.0,3581.0,1650.0,870302.3847806451,829881.5464096775,20233.041722580645,20187.79663548387,1080769.1311935484,690535.0424612904,1034830.4829354839,752782.3146741936,616049.3751000001,201154.81307419355,122546.46283548386,292348.09919032257,282048.1682612903,3,34,32,490,32,95,447,0,0,253,0,0,0,51,973430.0,583356.0,390074.0,0.4007,91093.0,2229049.0,872496.0,1356553.0,0.6086,234540.0,API,1627.0
2023-09-01,강남구,2023,9,1627.0,3006.0,1426.0,859329.1323645161,822474.1316,20347.523309677417,16507.477461290324,1067458.373867742,681564.0271870968,1022176.7746129032,743009.3879,611027.9010935484,197137.29483870967,121552.46433225805,292338.14192258066,279167.3867129032,3,34,32,490,32,95,447,0,0,253,0,0,0,51,973430.0,583356.0,390074.0,0.4007,91093.0,2229049.0,872496.0,1356553.0,0.6086,234540.0,API,1621.0
2023-10-01,강남구,2023,10,1621.0,2916.0,1465.0,840261.6314266666,803397.0563533333,19095.233803333333,17769.34128,1027248.5173733333,676904.0025866666,985898.57872,736235.2405166667,581182.9089233334,187800.42227666668,118071.76890666666,275310.71774,249663.33820333335,3,34,32,490,32,95,447,0,0,253,0,0,0,51,973430.0,583356.0,390074.0,0.4007,91093.0,2229049.0,872496.0,1356553.0,0.6086,234540.0,API,1519.0
2023-11-01,강남구,2023,11,1519.0,2987.0,1497.0,831074.9766322582,792780.5911548388,18915.097461290323,19379.288012903224,1012384.1297387098,673260.6957290323,973638.7175193548,729243.7331419355,564265.2416354838,182996.352,115978.07743870968,265290.8121967742,244394.98437741934,3,34,32,490,32,95,447,0,0,253,0,0,0,51,973430.0,583356.0,390074.0,0.4007,91093.0,2229049.0,872496.0,1356553.0,0.6086,234540.0,API,1457.0
2023-12-01,강남구,2023,12,1457.0,3282.0,1556.0,861396.0986966667,821373.48347,19289.75752,20732.85770666667,1068814.17741,684344.0344433334,1024423.41715,744948.01408,621362.2678066667,207885.52580666667,119323.74800333333,294152.9939966667,279475.40307,3,34,32,490,32,95,447,0,0,253,0,0,0,51,973430.0,583356.0,390074.0,0.4007,91093.0,2229049.0,872496.0,1356553.0,0.6086,234540.0,API,1651.0
2024-01-01,강남구,2024,1,1651.0,2835.0,1453.0,850402.7931645162,810223.4631,20676.752848387096,19502.57720645161,1040914.5703967742,687146.6055612903,997608.2792774193,745256.017348387,578295.3242935485,196582.82256774194,113064.3611032258,268648.14062258066,252352.26192903225,2,56,18,632,14,57,428,0,0,136,0,0,0,10,910056.0,551216.0,358840.0,0.3943,102319.0,2097070.0,815328.0,1281742.0,0.6112,248495.0,API,1481.0
2024-02-01,강남구,2024,2,1481.0,2452.0,1190.0,849827.3930290322,814365.9060548387,19511.175303225806,15950.311667741935,1048439.5047516129,677656.4432,1004026.6148838709,739685.0917064516,582612.5890548386,197878.1538967742,110832.48557096774,273901.9495870968,264341.5231774193,2,56,18,632,14,57,428,0,0,136,0,0,0,10,910056.0,551216.0,358840.0,0.3943,102319.0,2097070.0,815328.0,1281742.0,0.6112,248495.0,API,1261.0
2024-03-01,강남구,2024,3,1261.0,2842.0,1405.0,846271.7705620689,812009.5863275862,19272.66084137931,14989.523386206898,1043477.4938172414,678299.8915344827,997168.4202965518,738488.449324138,584980.0862103449,192461.32671724138,116402.15165172414,276116.6078413793,258679.97097241378,2,56,18,632,14,57,428,0,0,136,0,0,0,10,910056.0,551216.0,358840.0,0.3943,102319.0,2097070.0,815328.0,1281742.0,0.6112,248495.0,API,1233.0
2024-04-01,강남구,2024,4,1233.0,3020.0,1486.0,863914.8565419355,826818.3169354838,19001.454932258068,18095.08467419355,1055279.8216225808,700587.8467612903,1013189.537148387,757290.0846677419,575933.347351613,189181.8078032258,116585.03578064515,270166.50376774196,255899.45248064518,2,56,18,632,14,57,428,0,0,136,0,0,0,10,910056.0,551216.0,358840.0,0.3943,102319.0,2097070.0,815328.0,1281742.0,0.6112,248495.0,API,1231.0
2024-05-01,강남구,2024,5,1231.0,3314.0,1644.0,864842.06501,824744.9233333333,18905.918913333335,21191.222763333335,1055569.91466,700302.50102,1015150.1208366666,757479.1679966667,607969.4847899999,192392.70035,126235.11939333333,289341.6650466667,257670.95283999998,2,56,18,632,14,57,428,0,0,136,0,0,0,10,910056.0,551216.0,358840.0,0.3943,102319.0,2097070.0,815328.0,1281742.0,0.6112,248495.0,API,1286.0
2024-06-01,강남구,2024,6,1286.0,3141.0,1564.0,856536.9963354839,816933.0469354838,18695.690961290322,20908.25844516129,1039755.7071806452,696974.565167742,1000574.1500290323,753653.3151258065,587659.9484225806,184613.41278064516,127228.36383548388,275818.1718064516,246920.8349032258,2,56,18,632,14,57,428,0,0,136,0,0,0,10,910056.0,551216.0,358840.0,0.3943,102319.0,2097070.0,815328.0,1281742.0,0.6112,248495.0,API,1284.0
2024-07-01,강남구,2024,7,1284.0,3423.0,1745.0,861665.9016166667,822473.53998,18873.268556666666,20319.093093333337,1047744.3238866667,703452.9426266666,1006082.33439,758511.30679,596283.1736433334,189872.8652,130310.78457,276099.5238733333,247571.02760000003,2,56,18,632,14,57,428,0,0,136,0,0,0,10,910056.0,551216.0,358840.0,0.3943,102319.0,2097070.0,815328.0,1281742.0,0.6112,248495.0,API,1322.0
2024-08-01,강남구,2024,8,1322.0,3274.0,1627.0,889006.9335612904,850670.286583871,20328.57744516129,18008.069548387095,1103530.7912290322,708086.7238354839,1056440.2233580644,769411.7265709677,630430.0389741935,205367.02419999999,129237.33485483871,295825.67991935485,287028.4967870968,2,56,18,632,14,57,428,0,0,136,0,0,0,10,910056.0,551216.0,358840.0,0.3943,102319.0,2097070.0,815328.0,1281742.0,0.6112,248495.0,API,1296.0
2024-09-01,강남구,2024,9,1296.0,3150.0,1621.0,873674.120580645,836691.3342548388,20196.462806451615,16786.32351935484,1074232.0199129032,705130.9079193549,1029121.4777806451,762640.2940129032,616873.5692903225,199897.2227451613,131856.4752064516,285119.87133870966,266481.1837677419,2,56,18,632,14,57,428,0,0,136,0,0,0,10,910056.0,551216.0,358840.0,0.3943,102319.0,2097070.0,815328.0,1281742.0,0.6112,248495.0,API,1114.0
2024-10-01,강남구,2024,10,1114.0,2979.0,1519.0,832266.6078,797353.1904000001,18404.429040000003,16508.988376666668,1004898.1934999999,683082.2561866667,965181.3935199999,737327.4751466666,571936.5745033334,180037.7567,127742.14907666667,264156.66872666666,227853.91837333335,2,56,18,632,14,57,428,0,0,136,0,0,0,10,910056.0,551216.0,358840.0,0.3943,102319.0,2097070.0,815328.0,1281742.0,0.6112,248495.0,API,1122.0
2024-11-01,강남구,2024,11,1122.0,2731.0,1457.0,855766.9025064516,817281.4029838709,19081.275251612904,19404.22427096774,1036546.9901935484,700883.2651161291,997013.2886935484,754876.6266548387,587941.2573354839,187478.5734967742,128810.46356451613,271652.22027419356,242136.66203870968,2,56,18,632,14,57,428,0,0,136,0,0,0,10,910056.0,551216.0,358840.0,0.3943,102319.0,2097070.0,815328.0,1281742.0,0.6112,248495.0,API,1226.0
2024-12-01,강남구,2024,12,1226.0,3118.0,1651.0,870189.36036,831084.4994466666,19398.96849,19705.89242666667,1064543.31603,706935.0785399999,1021241.2198833333,762295.1749666667,633450.54187,204912.69311666666,135297.03966666668,293240.8090866667,258946.04491666667,2,56,18,632,14,57,428,0,0,136,0,0,0,10,910056.0,551216.0,358840.0,0.3943,102319.0,2097070.0,815328.0,1281742.0,0.6112,248495.0,API,1195.0
2025-01-01,강남구,2025,1,1195.0,2737.0,1481.0,860873.8869225807,821394.3616548388,19144.94882903226,20334.576438709675,1047466.404583871,701348.564467742,1004474.8878064516,758301.7434483871,601401.0863225806,196169.2745419355,131011.82913548387,274219.9826451613,246173.14435806448,0,38,0,80,10,36,356,29,155,103,82,19,0,43,905119.0,542607.0,362512.0,0.4005,89704.0,1848902.0,797318.0,1051584.0,0.5688,182554.0,API,1113.0
2025-02-01,강남구,2025,2,1113.0,2469.0,1261.0,832500.444483871,797552.6564258065,18729.449083870968,16218.339,1006843.6883806451,683603.5318903226,966257.8317387097,736959.4535838709,566129.0472225806,179710.2518096774,129378.46511290323,257040.33029999997,229298.3781548387,0,38,0,80,10,36,356,29,155,103,82,19,0,43,905119.0,542607.0,362512.0,0.4005,89704.0,1848902.0,797318.0,1051584.0,0.5688,182554.0,API,1004.0
2025-03-01,강남구,2025,3,1004.0,2716.0,1233.0,880241.4539607143,843870.2097142858,20081.61610357143,16289.628182142857,1090412.7180428572,703066.9876642858,1044625.1311178572,762824.5417214286,634574.6096464286,202263.48106785715,137099.81001071428,295211.31856785715,281800.5893964286,0,38,0,80,10,36,356,29,155,103,82,19,0,43,905119.0,542607.0,362512.0,0.4005,89704.0,1848902.0,797318.0,1051584.0,0.5688,182554.0,API,1130.0
2025-04-01,강남구,2025,4,1130.0,2731.0,1231.0,864993.9182612903,827053.870016129,19113.61959032258,18826.428661290323,1050411.3133451613,704373.532832258,1010875.3712516129,760792.8804193548,590849.4264225806,185517.74115161292,130976.81893870968,274354.86633225804,250082.49083225807,0,38,0,80,10,36,356,29,155,103,82,19,0,43,905119.0,542607.0,362512.0,0.4005,89704.0,1848902.0,797318.0,1051584.0,0.5688,182554.0,API,1126.0
2025-05-01,강남구,2025,5,1126.0,2882.0,1286.0,871024.9816433333,831645.7816266667,19271.78623,20107.413790000002,1066138.6549933334,703833.5040266666,1025118.3369633333,760958.2992666666,642402.46211,199393.97691666667,139608.31402999998,303400.17116333335,264160.03769666667,0,38,0,80,10,36,356,29,155,103,82,19,0,43,905119.0,542607.0,362512.0,0.4005,89704.0,1848902.0,797318.0,1051584.0,0.5688,182554.0,API,1241.0
2025-06-01,강남구,2025,6,1241.0,2941.0,1284.0,842222.8412935484,804936.1906774193,18664.391758064517,18622.258858064517,1014950.6269387096,692736.1174419356,977508.4564967742,745590.2590064516,579050.8575290323,180063.4691419355,130699.21274838709,268288.1756387097,231918.1974903226,0,38,0,80,10,36,356,29,155,103,82,19,0,43,905119.0,542607.0,362512.0,0.4005,89704.0,1848902.0,797318.0,1051584.0,0.5688,182554.0,API,1211.0
2025-07-01,강남구,2025,7,1211.0,3173.0,1322.0,858060.1113966666,820717.0706466666,19141.088216666667,18201.952549999998,1039561.76197,702664.9892866666,1000033.37822,756650.6351,598881.48512,184905.43604333332,135018.52876000002,278957.5203166667,243382.74312000003,0,38,0,80,10,36,356,29,155,103,82,19,0,43,905119.0,542607.0,362512.0,0.4005,89704.0,1848902.0,797318.0,1051584.0,0.5688,182554.0,API,1463.0
2025-08-01,강남구,2025,8,1463.0,3228.0,1296.0,890036.0131193548,851527.0578064516,20766.52631612903,17742.428958064516,1101056.3884741936,710142.4553387096,1055630.0749516129,771754.5403741936,643238.4535741935,203817.29823870969,135340.71262903226,304080.4427064516,283875.5345774194,0,38,0,80,10,36,356,29,155,103,82,19,0,43,905119.0,542607.0,362512.0,0.4005,89704.0,1848902.0,797318.0,1051584.0,0.5688,182554.0,API,1256.0
2025-09-01,강남구,2025,9,1256.0,2580.0,1114.0,862012.1996774194,825545.584083871,20139.119906451615,16327.495687096774,1052226.8417193547,699531.6031741935,1010392.5387483871,756026.2432032258,614096.849232258,190287.25474193547,137020.5856516129,286789.0088387097,254366.2955451613,0,38,0,80,10,36,356,29,155,103,82,19,0,43,905119.0,542607.0,362512.0,0.4005,89704.0,1848902.0,797318.0,1051584.0,0.5688,182554.0,API,1313.0
2025-10-01,강남구,2025,10,1313.0,2497.0,1122.0,877059.0508366667,839577.0166900001,19753.742879999998,17728.29126,1075920.0090233334,705458.93722,1033679.9619633333,765186.9714566667,643135.1797233333,200902.91993,138511.88111666666,303720.3786766667,268492.99050666665,0,38,0,80,10,36,356,29,155,103,82,19,0,43,905119.0,542607.0,362512.0,0.4005,89704.0,1848902.0,797318.0,1051584.0,0.5688,182554.0,API,1275.0
2025-11-01,강남구,2025,11,1275.0,2652.0,1226.0,818188.3150709678,780609.5900870968,18448.908387096777,19129.81660967742,978545.1937419355,677548.8531548387,943337.1635903226,728796.2804225807,557929.9978387096,172376.4232064516,128423.24607096774,257130.3285612903,214540.88316774194,0,38,0,80,10,36,356,29,155,103,82,19,0,43,905119.0,542607.0,362512.0,0.4005,89704.0,1848902.0,797318.0,1051584.0,0.5688,182554.0,API,1289.0
2025-12-01,강남구,2025,12,1289.0,2709.0,1195.0,864267.26252,824132.3393600001,19391.57893,20743.344246666664,1049359.9271966666,706262.5775866666,1009445.8364,760568.2811866667,607628.4813733333,191859.89701,133243.79265333334,282524.79170999996,248877.5552133333,0,38,0,80,10,36,356,29,155,103,82,19,0,43,905119.0,542607.0,362512.0,0.4005,89704.0,1848902.0,797318.0,1051584.0,0.5688,182554.0,API,1441.0
2017-01-01,강동구,2017,1,,,,,,,,,,,,,,,,,5,68,4,101,0,27,345,0,0,254,0,0,0,17,,,,,,,,,,,API,1085.0
2017-02-01,강동구,2017,2,1085.0,,,,,,,,,,,,,,,,5,68,4,101,0,27,345,0,0,254,0,0,0,17,,,,,,,,,,,API,945.0
2017-03-01,강동구,2017,3,945.0,,,,,,,,,,,,,,,,5,68,4,101,0,27,345,0,0,254,0,0,0,17,,,,,,,,,,,API,1015.0
2017-04-01,강동구,2017,4,1015.0,,,,,,,,,,,,,,,,5,68,4,101,0,27,345,0,0,254,0,0,0,17,,,,,,,,,,,API,1066.0
2017-05-01,강동구,2017,5,1066.0,,,,,,,,,,,,,,,,5,68,4,101,0,27,345,0,0,254,0,0,0,17,,,,,,,,,,,API,1184.0
2017-06-01,강동구,2017,6,1184.0,,,,,,,,,,,,,,,,5,68,4,101,0,27,345,0,0,254,0,0,0,17,,,,,,,,,,,API,1207.0
2017-07-01,강동구,2017,7,1207.0,,,,,,,,,,,,,,,,5,68,4,101,0,27,345,0,0,254,0,0,0,17,,,,,,,,,,,API,1283.0
2017-08-01,강동구,2017,8,1283.0,,,,,,,,,,,,,,,,5,68,4,101,0,27,345,0,0,254,0,0,0,17,,,,,,,,,,,API,1223.0
2017-09-01,강동구,2017,9,1223.0,,,,,,,,,,,,,,,,5,68,4,101,0,27,345,0,0,254,0,0,0,17,,,,,,,,,,,API,1194.0
2017-10-01,강동구,2017,10,1194.0,,,,,,,,,,,,,,,,5,68,4,101,0,27,345,0,0,254,0,0,0,17,,,,,,,,,,,API,1233.0
2017-11-01,강동구,2017,11,1233.0,,,,,,,,,,,,,,,,5,68,4,101,0,27,345,0,0,254,0,0,0,17,,,,,,,,,,,API,1099.0
2017-12-01,강동구,2017,12,1099.0,,,,,,,,,,,,,,,,5,68,4,101,0,27,345,0,0,254,0,0,0,17,,,,,,,,,,,API,1269.0
2018-01-01,강동구,2018,1,1269.0,1662.0,1085.0,,,,,,,,,,,,,,0,58,3,158,2,26,356,0,0,301,0,0,0,13,,,,,,,,,,,API,1257.0
2018-02-01,강동구,2018,2,1257.0,1492.0,945.0,,,,,,,,,,,,,,0,58,3,158,2,26,356,0,0,301,0,0,0,13,,,,,,,,,,,API,953.0
2018-03-01,강동구,2018,3,953.0,1612.0,1015.0,,,,,,,,,,,,,,0,58,3,158,2,26,356,0,0,301,0,0,0,13,,,,,,,,,,,API,1094.0
2018-04-01,강동구,2018,4,1094.0,1687.0,1066.0,,,,,,,,,,,,,,0,58,3,158,2,26,356,0,0,301,0,0,0,13,,,,,,,,,,,API,1078.0
2018-05-01,강동구,2018,5,1078.0,1848.0,1184.0,492872.7544384615,481461.8398653846,10183.282803846154,1227.6317846153847,531122.1581269231,448402.34560384613,459546.4881346154,516677.23038076924,239201.06196153845,47716.155900000005,141170.77120000002,50314.13486153846,-57130.74224615385,0,58,3,158,2,26,356,0,0,301,0,0,0,13,,,,,,,,,,,API,1180.0
2018-06-01,강동구,2018,6,1180.0,1872.0,1207.0,491738.4208451613,480481.73276774195,10200.333387096774,1056.3547,533721.1500612904,445413.5820419355,457416.9549451613,515130.1141903226,231510.8968935484,46776.56646774193,135787.5798451613,48946.75058064516,-57713.15924516129,0,58,3,158,2,26,356,0,0,301,0,0,0,13,,,,,,,,,,,API,1207.0
2018-07-01,강동구,2018,7,1207.0,1953.0,1283.0,497941.87784666667,486125.36803666665,10488.310836666667,1328.1989733333332,532766.3286366666,458093.34949666663,468175.4916566667,519203.5822666667,219072.84232666667,46870.32570666667,125367.22561000001,46835.29101,-51028.09061,0,58,3,158,2,26,356,0,0,301,0,0,0,13,,,,,,,,,,,API,1205.0
2018-08-01,강동구,2018,8,1205.0,1927.0,1223.0,498456.3323967742,486178.0871419355,10961.162406451613,1317.0828483870966,532391.3773516129,460752.7780935484,469752.33157741936,518959.1901225806,221928.0918612903,48450.810525806446,126299.23554193549,47178.04579354839,-49206.8585451613,0,58,3,158,2,26,356,0,0,301,0,0,0,13,,,,,,,,,,,API,1321.0
2018-09-01,강동구,2018,9,1321.0,1890.0,1194.0,494401.65647741937,482481.1409516129,10756.844658064516,1163.6708645161289,527634.0857709678,456506.484416129,465577.1684967742,513850.42957419355,230072.2047870968,47115.632970967745,135165.4015935484,47791.170222580644,-48273.26107741935,0,58,3,158,2,26,356,0,0,301,0,0,0,13,,,,,,,,,,,API,1183.0
2018-10-01,강동구,2018,10,1183.0,1835.0,1233.0,491711.94478333334,480414.57926666667,10232.499609999999,1064.8659033333333,527286.7380166666,452313.3619,462650.4352566667,512470.1658633333,221338.11038333332,47418.6202,127935.11432333334,45984.37586,-49819.73060666666,0,58,3,158,2,26,356,0,0,301,0,0,0,13,,,,,,,,,,,API,1126.0
2018-11-01,강동구,2018,11,1126.0,1654.0,1099.0,494860.7215741935,483336.5990064516,10411.28035483871,1112.842222580645,530771.5002032259,451527.2042645161,462870.5849903226,516567.1680741936,224574.68856774192,46960.61440967742,130231.95467419355,47382.11948387096,-53696.583083870966,0,58,3,158,2,26,356,0,0,301,0,0,0,13,,,,,,,,,,,API,1064.0
2018-12-01,강동구,2018,12,1064.0,1900.0,1269.0,494651.91497333336,483126.46421,10331.70428,1193.7464666666667,530968.7894233334,452261.37492000003,462706.91557,517469.77169333334,240083.05754333333,50000.772280000005,141366.17742666666,48716.10783666666,-54762.85612333333,0,58,3,158,2,26,356,0,0,301,0,0,0,13,,,,,,,,,,,API,1214.0
2019-01-01,강동구,2019,1,1214.0,1858.0,1257.0,504363.08350967744,492902.53938387096,10211.666806451613,1248.8773225806451,534067.5185225806,469570.33347741934,478918.6053419355,522537.71079032257,235100.5358967742,49923.53536774193,137608.1029,47568.89762903225,-43619.1054483871,0,53,5,129,5,39,359,0,0,171,0,0,0,25,,,,,,,,,,,API,1112.0
2019-02-01,강동구,2019,2,1112.0,1467.0,953.0,504287.4332548387,492212.44602258067,10763.541822580644,1311.4454225806453,535541.2977064516,467617.6038580645,476913.609583871,523840.1644419355,243918.91509677417,50667.62789677419,144927.5682451613,48323.71895483871,-46926.55485806451,0,53,5,129,5,39,359,0,0,171,0,0,0,25,,,,,,,,,,,API,976.0
2019-03-01,강동구,2019,3,976.0,1760.0,1094.0,491321.9096821429,479137.70285357145,10825.235907142856,1358.970932142857,522661.3372678571,457175.4418535714,466572.34114642855,509000.172925,234027.18401785713,49434.80323214286,138592.8500392857,45999.53074642857,-42427.831778571424,0,53,5,129,5,39,359,0,0,171,0,0,0,25,,,,,,,,,,,API,1074.0
2019-04-01,강동구,2019,4,1074.0,1665.0,1078.0,495515.53717419354,484207.50486774195,10097.08329032258,1210.949029032258,527349.9562645161,457813.13758064515,467383.6882483871,515609.71497741935,226203.17987419356,46464.958387096776,134553.71401935484,45184.50746774193,-48226.02672903226,0,53,5,129,5,39,359,0,0,171,0,0,0,25,,,,,,,,,,,API,1104.0
2019-05-01,강동구,2019,5,1104.0,1747.0,1180.0,485289.89111666667,474571.1117,9719.29429,999.4851266666667,519710.32318666665,444083.25118666666,454726.3939266667,507120.96054,244155.97354666665,49309.17608,145298.09651,49548.70095666666,-52394.56661333332,0,53,5,129,5,39,359,0,0,171,0,0,0,25,,,,,,,,,,,API,1163.0
2019-06-01,강동구,2019,6,1163.0,1786.0,1207.0,467931.9246451613,457478.3215645161,9242.125612903224,1211.477477419355,502095.3258032258,428408.8238451613,438469.4991709678,488976.51426774194,226993.75576774194,46350.22613225807,135046.62952903225,45596.90010645161,-50507.01509677419,0,53,5,129,5,39,359,0,0,171,0,0,0,25,,,,,,,,,,,API,1135.0
2019-07-01,강동구,2019,7,1135.0,1907.0,1205.0,472267.15529,461754.0105766666,9317.015210000001,1196.1295133333333,503779.22568000003,436667.3191233333,445619.7501333334,491301.01611666667,219435.59524333334,45457.39842333333,130569.50015333334,43408.69666666666,-45681.26598333334,0,53,5,129,5,39,359,0,0,171,0,0,0,25,,,,,,,,,,,API,1226.0
2019-08-01,강동구,2019,8,1226.0,1953.0,1321.0,468234.0052451613,457563.60692580644,9671.630138709677,998.7681935483871,499052.1440612903,434264.28863870964,441976.752067742,486989.1860967742,208926.97935161288,44776.82825806452,121864.09708387096,42286.05400967742,-45012.43402903225,0,53,5,129,5,39,359,0,0,171,0,0,0,25,,,,,,,,,,,API,1312.0
2019-09-01,강동구,2019,9,1312.0,1752.0,1183.0,486842.93656451616,475765.03723225807,10006.264380645162,1071.6349483870968,518152.57258387096,452013.0059064516,460395.1741548387,505734.19542580645,220228.04702903226,48170.96613870967,127285.82209032259,44771.258799999996,-45339.02127096774,0,53,5,129,5,39,359,0,0,171,0,0,0,25,,,,,,,,,,,API,1146.0
2019-10-01,강동구,2019,10,1146.0,1679.0,1126.0,487103.13045666664,476329.4957733333,9400.10939,1373.5253033333333,519884.6959033333,450423.67544666666,459826.47576666664,506586.45523,226784.18817,50131.97665,129805.48434333333,46846.72717666666,-46759.97946333333,0,53,5,129,5,39,359,0,0,171,0,0,0,25,,,,,,,,,,,API,1176.0
2019-11-01,강동구,2019,11,1176.0,1563.0,1064.0,493190.2875612903,481836.7179516129,9379.123570967742,1974.4460532258065,529011.00865,450202.43422096776,461074.59803870966,516130.0658274194,238332.45432741934,51526.80145967742,136238.7404967742,50566.91237096774,-55055.467788709684,0,53,5,129,5,39,359,0,0,171,0,0,0,25,,,,,,,,,,,API,1153.0
2019-12-01,강동구,2019,12,1153.0,1828.0,1214.0,496797.75695,486536.3273033333,9083.984883333333,1177.4447633333334,530690.0041799999,455324.20866,465918.90103999997,518854.08259,236499.30386333333,50609.14584,136446.02237,49444.13565333334,-52935.18155,0,53,5,129,5,39,359,0,0,171,0,0,0,25,,,,,,,,,,,API,1197.0
2020-01-01,강동구,2020,1,1197.0,1651.0,1112.0,504659.1751258064,494504.57586129033,8994.234883870968,1160.364370967742,536433.4262,467407.02914193546,476945.5882451613,524454.5943225806,249854.4195,52694.22424516129,146787.43200967743,50372.763245161295,-47509.00607741935,0,47,2,67,5,54,255,0,0,140,0,0,0,61,915412.0,637381.0,278031.0,0.3037,,1516483.0,879553.0,636930.0,0.42,,API,1118.0
2020-02-01,강동구,2020,2,1118.0,1421.0,976.0,508662.50686774193,497475.74160967744,9745.754203225808,1441.011070967742,541171.0480096774,471524.8550387097,481227.72237419354,528258.7815064517,250045.08276774193,53430.62071935484,147771.55353548386,48842.908512903225,-47031.059132258066,0,47,2,67,5,54,255,0,0,140,0,0,0,61,915412.0,637381.0,278031.0,0.3037,,1516483.0,879553.0,636930.0,0.42,,API,906.0
2020-03-01,강동구,2020,3,906.0,1661.0,1074.0,523004.0886689655,511395.9104551724,10010.567979310345,1597.6102482758622,551821.1634344828,488478.2094551724,496650.0459689655,541828.4049034483,245431.54106206895,47273.58925172414,150371.82022068964,47786.13158965517,-45178.35893448275,0,47,2,67,5,54,255,0,0,140,0,0,0,61,915412.0,637381.0,278031.0,0.3037,,1516483.0,879553.0,636930.0,0.42,,API,844.0
2020-04-01,강동구,2020,4,844.0,1705.0,1104.0,526964.2728193548,515649.59862580645,9853.9494,1460.7247967741935,555739.9814096774,491353.01903870964,500550.21874516126,545831.4543129032,238572.50575806454,42845.596687096775,150005.95354193548,45720.95552903226,-45281.23556774195,0,47,2,67,5,54,255,0,0,140,0,0,0,61,915412.0,637381.0,278031.0,0.3037,,1516483.0,879553.0,636930.0,0.42,,API,875.0
2020-05-01,강동구,2020,5,875.0,1774.0,1163.0,523764.69314999995,512862.7483533333,9461.58304,1440.36176,555905.47507,485344.85475666664,495252.0146666666,544130.8920633333,245887.19084999998,45361.349213333335,154943.65007333332,45582.191563333334,-48878.87739666666,0,47,2,67,5,54,255,0,0,140,0,0,0,61,915412.0,637381.0,278031.0,0.3037,,1516483.0,879553.0,636930.0,0.42,,API,973.0
2020-06-01,강동구,2020,6,973.0,1699.0,1135.0,519119.61719677417,508445.2056064516,9386.159141935483,1288.2524225806453,551815.9739032259,481491.92027096776,490876.6612580645,539293.157132258,228154.2915483871,45490.399777419356,137762.69427419355,44901.19749677419,-48416.49587419354,0,47,2,67,5,54,255,0,0,140,0,0,0,61,915412.0,637381.0,278031.0,0.3037,,1516483.0,879553.0,636930.0,0.42,,API,971.0
2020-07-01,강동구,2020,7,971.0,1888.0,1226.0,514059.72318666667,503305.63447666663,9260.056716666668,1494.0320033333335,549059.2473666667,475264.39678333333,484057.0352366667,535490.2145866667,228106.74740666666,45418.18755333334,136760.70599,45927.85386333334,-51433.17935,0,47,2,67,5,54,255,0,0,140,0,0,0,61,915412.0,637381.0,278031.0,0.3037,,1516483.0,879553.0,636930.0,0.42,,API,1121.0
2020-08-01,강동구,2020,8,1121.0,1995.0,1312.0,513948.26091935486,502088.96513870964,9231.11787096774,2628.17790967742,548749.3856258064,474803.3725677419,483935.6864129032,535385.8141354838,223415.4167032258,45466.9496483871,133048.9701967742,44899.496858064515,-51450.12772258065,0,47,2,67,5,54,255,0,0,140,0,0,0,61,915412.0,637381.0,278031.0,0.3037,,1516483.0,879553.0,636930.0,0.42,,API,982.0
2020-09-01,강동구,2020,9,982.0,1817.0,1146.0,511015.83654838713,499921.5561064516,9141.940229032258,1952.3402129032258,542333.7308516129,475761.11173548386,484280.9828032258,530112.1606741935,214047.79071290322,41912.79027419355,131246.4394580645,40888.56098064516,-45831.17787096773,0,47,2,67,5,54,255,0,0,140,0,0,0,61,915412.0,637381.0,278031.0,0.3037,,1516483.0,879553.0,636930.0,0.42,,API,939.0
2020-10-01,강동구,2020,10,939.0,1754.0,1176.0,515061.39462000004,502697.76172666665,9021.11161,3342.5212733333333,547531.54102,478656.03687,486938.6514033333,535149.0683366667,212018.44318333332,41912.54758333333,127996.61175333333,42109.283846666665,-48210.41693333334,0,47,2,67,5,54,255,0,0,140,0,0,0,61,915412.0,637381.0,278031.0,0.3037,,1516483.0,879553.0,636930.0,0.42,,API,1010.0
2020-11-01,강동구,2020,11,1010.0,1743.0,1153.0,506547.09414516133,496045.2325451613,8942.937358064517,1558.924235483871,542331.9961967742,465847.95252903225,476063.0699225807,528321.397148387,216990.98608064518,45060.98192258064,128353.5782516129,43576.425906451615,-52258.327225806446,0,47,2,67,5,54,255,0,0,140,0,0,0,61,915412.0,637381.0,278031.0,0.3037,,1516483.0,879553.0,636930.0,0.42,,API,956.0
2020-12-01,강동구,2020,12,956.0,1778.0,1197.0,506901.2955,496691.12981333333,8924.751916666666,1285.4137699999999,541082.09887,467636.49615,476976.98673999996,528275.8017566666,216651.30878,44572.7478,127655.72315,44422.83783,-51298.81501666667,0,47,2,67,5,54,255,0,0,140,0,0,0,61,915412.0,637381.0,278031.0,0.3037,,1516483.0,879553.0,636930.0,0.42,,API,883.0
2021-01-01,강동구,2021,1,883.0,1731.0,1118.0,514605.35497096775,504254.7062612903,8914.725735483871,1435.9229870967742,541826.9245129032,481079.56922580645,489503.6701580645,532535.1298516128,202723.15623225807,40583.576112903225,122109.81537741935,40029.76474193548,-43031.4596935484,0,26,3,66,5,34,153,0,0,76,0,0,0,11,920822.0,623794.0,297028.0,0.3226,,1371398.0,801660.0,569738.0,0.4154,,API,863.0
2021-02-01,강동구,2021,2,863.0,1438.0,906.0,518513.7799354839,508337.850916129,9086.987516129033,1088.9415161290322,544777.1859096774,485422.97482258064,493929.9313548387,536073.6717935484,208270.78833870968,42586.47098709677,125204.23690322581,40480.0804483871,-42143.740438709676,0,26,3,66,5,34,153,0,0,76,0,0,0,11,920822.0,623794.0,297028.0,0.3226,,1371398.0,801660.0,569738.0,0.4154,,API,781.0
2021-03-01,강동구,2021,3,781.0,1472.0,844.0,513499.7818928571,503131.0964071429,9030.131599999999,1338.5538857142856,543580.0367464286,476329.284825,486221.77703214285,532984.071075,214753.23579642858,45368.396875,126005.24971428572,43379.58920714286,-46762.294042857146,0,26,3,66,5,34,153,0,0,76,0,0,0,11,920822.0,623794.0,297028.0,0.3226,,1371398.0,801660.0,569738.0,0.4154,,API,962.0
2021-04-01,강동구,2021,4,962.0,1475.0,875.0,516656.0745806452,506571.4675096774,8900.03361935484,1184.5734483870967,550581.8295999999,477318.75552258064,486466.4852032258,538220.0669935484,215720.2154903226,45986.77991935484,124486.35625806451,45247.07931290323,-51753.58179032258,0,26,3,66,5,34,153,0,0,76,0,0,0,11,920822.0,623794.0,297028.0,0.3226,,1371398.0,801660.0,569738.0,0.4154,,API,920.0
2021-05-01,강동구,2021,5,920.0,1688.0,973.0,509674.84503333335,499986.97335333336,8684.411506666665,1003.4601666666666,544916.8514766666,468402.50141333335,478105.6752333333,532224.25204,224558.75372,47437.43739666666,130505.66812,46615.64820333334,-54118.57680666667,0,26,3,66,5,34,153,0,0,76,0,0,0,11,920822.0,623794.0,297028.0,0.3226,,1371398.0,801660.0,569738.0,0.4154,,API,1037.0
2021-06-01,강동구,2021,6,1037.0,1658.0,971.0,510937.75233870966,500947.51691612904,8693.049567741935,1297.1858806451614,545772.4406580644,471228.13988387096,480948.25116451614,532358.8246193549,218734.0441387097,45907.476022580646,129272.25892580645,43554.30919032258,-51410.573454838704,0,26,3,66,5,34,153,0,0,76,0,0,0,11,920822.0,623794.0,297028.0,0.3226,,1371398.0,801660.0,569738.0,0.4154,,API,1079.0
2021-07-01,강동구,2021,7,1079.0,1934.0,1121.0,512368.72021666664,502327.00208,8777.712876666666,1264.00527,548442.98688,472222.00764666667,480984.85905666667,534785.7639,227674.67102666668,46716.76729333333,136030.29573333333,44927.608,-53800.90484333333,0,26,3,66,5,34,153,0,0,76,0,0,0,11,920822.0,623794.0,297028.0,0.3226,,1371398.0,801660.0,569738.0,0.4154,,API,1110.0
2021-08-01,강동구,2021,8,1110.0,1874.0,982.0,513320.6679322581,503152.13461612904,8921.7122,1246.8211258064516,545747.4707129032,476919.29051935486,485222.38961612905,533390.866716129,218062.2781,44721.20643870968,130782.94925806452,42558.12240322581,-48168.47710000001,0,26,3,66,5,34,153,0,0,76,0,0,0,11,920822.0,623794.0,297028.0,0.3226,,1371398.0,801660.0,569738.0,0.4154,,API,1108.0
2021-09-01,강동구,2021,9,1108.0,1675.0,939.0,512310.49586774193,502018.06282580644,8978.80402580645,1313.6290193548389,544082.2231354838,475405.28604838706,484358.6046935484,532276.1324032258,212815.34998387098,43747.374567741936,127271.2836064516,41796.691809677424,-47917.52770967742,0,26,3,66,5,34,153,0,0,76,0,0,0,11,920822.0,623794.0,297028.0,0.3226,,1371398.0,801660.0,569738.0,0.4154,,API,1064.0
2021-10-01,강동구,2021,10,1064.0,1749.0,1010.0,512130.9155266667,501623.06536666665,9091.169456666667,1416.68072,545433.10751,474508.63134666666,483642.6098566667,532479.7053066667,238520.34290666666,45886.26789,149099.43337333333,43534.641643333336,-48837.09545,0,26,3,66,5,34,153,0,0,76,0,0,0,11,920822.0,623794.0,297028.0,0.3226,,1371398.0,801660.0,569738.0,0.4154,,API,1014.0
2021-11-01,강동구,2021,11,1014.0,1614.0,956.0,512248.94048064516,501930.00057419355,8974.215183870969,1344.724706451613,546637.3261516129,471942.8039451613,482237.0204290323,533686.0262290323,236368.4412935484,44982.646167741936,147757.03149999998,43628.76362580645,-51449.0058,0,26,3,66,5,34,153,0,0,76,0,0,0,11,920822.0,623794.0,297028.0,0.3226,,1371398.0,801660.0,569738.0,0.4154,,API,1082.0
2021-12-01,강동구,2021,12,1082.0,1563.0,883.0,512053.37657666666,501192.80157666665,8948.036903333334,1912.5381033333333,547739.5702866666,470275.66794,480349.07146,534699.30881,244179.8129,48793.45239666667,149970.41990666665,45415.94059666667,-54350.23734999999,0,26,3,66,5,34,153,0,0,76,0,0,0,11,920822.0,623794.0,297028.0,0.3226,,1371398.0,801660.0,569738.0,0.4154,,API,995.0
2022-01-01,강동구,2022,1,995.0,1542.0,863.0,515858.15108064516,505340.4779096774,8963.815312903225,1553.8578580645162,547959.6288967741,478222.71720645163,486940.6795612903,536513.4878870968,232615.5976,46217.97746451613,142701.36315806452,43696.256977419354,-49572.80832580645,0,16,1,55,0,26,127,0,0,73,0,0,0,9,1018452.0,705694.0,312758.0,0.3071,97254.0,1397831.0,843726.0,554105.0,0.3964,172022.0,API,1021.0
2022-02-01,강동구,2022,2,1021.0,1461.0,781.0,516060.16806451615,504288.432116129,9067.632106451612,2704.1038612903226,547329.4695612903,478178.6103548387,487612.82301935484,536379.7002612903,231159.33238709677,46649.39028709678,142316.16433548386,42193.77776451613,-48766.87724193549,0,16,1,55,0,26,127,0,0,73,0,0,0,9,1018452.0,705694.0,312758.0,0.3071,97254.0,1397831.0,843726.0,554105.0,0.3964,172022.0,API,1088.0
2022-03-01,강동구,2022,3,1088.0,1747.0,962.0,519149.595475,507314.7480964285,9097.860732142857,2736.986646428571,548985.6430928571,483705.7165107143,492602.4834678572,538111.8183321429,228599.01746428572,44629.97801785714,142974.73864642857,40994.300800000005,-45509.33486428571,0,16,1,55,0,26,127,0,0,73,0,0,0,9,1018452.0,705694.0,312758.0,0.3071,97254.0,1397831.0,843726.0,554105.0,0.3964,172022.0,API,1208.0
2022-04-01,강동구,2022,4,1208.0,1729.0,920.0,517634.4023451613,507385.9548741935,8941.703512903227,1306.7439387096774,547330.6913548387,482361.21671290323,490949.99787741934,536694.6912354839,225173.27100322582,42122.053432258064,142394.68208709676,40656.53548387097,-45744.69335806453,0,16,1,55,0,26,127,0,0,73,0,0,0,9,1018452.0,705694.0,312758.0,0.3071,97254.0,1397831.0,843726.0,554105.0,0.3964,172022.0,API,1188.0
2022-05-01,강동구,2022,5,1188.0,1910.0,1037.0,506624.70789666666,496289.8557833333,8677.04611,1657.8060366666666,543125.6048966667,464382.34903,474720.41502333333,529413.4885399999,236344.61733333333,46438.00354666667,145243.02150333335,44663.59228333333,-54693.07351666667,0,16,1,55,0,26,127,0,0,73,0,0,0,9,1018452.0,705694.0,312758.0,0.3071,97254.0,1397831.0,843726.0,554105.0,0.3964,172022.0,API,1167.0
2022-06-01,강동구,2022,6,1167.0,2002.0,1079.0,509836.32921612903,499610.2422096774,8495.95285483871,1730.1341645161292,549072.6879774194,466127.40022258065,476679.2879548387,533519.9301225806,238684.02928064516,48340.79269032258,145155.66421935486,45187.57237096775,-56840.64216774193,0,16,1,55,0,26,127,0,0,73,0,0,0,9,1018452.0,705694.0,312758.0,0.3071,97254.0,1397831.0,843726.0,554105.0,0.3964,172022.0,API,1215.0
2022-07-01,강동구,2022,7,1215.0,2013.0,1110.0,519924.86164333334,509417.0377966667,8417.653523333332,2090.170343333333,557772.7892966666,477626.36158666667,487802.40833,542869.4711533333,243791.41260666668,48269.21577,150550.59440666667,44971.60243,-55067.06282333333,0,16,1,55,0,26,127,0,0,73,0,0,0,9,1018452.0,705694.0,312758.0,0.3071,97254.0,1397831.0,843726.0,554105.0,0.3964,172022.0,API,1362.0
2022-08-01,강동구,2022,8,1362.0,2021.0,1108.0,508856.1938548387,498323.24958387093,8523.402864516129,2009.541422580645,545242.154383871,469466.4563516129,478304.44844838715,530678.8691483871,234225.18626451612,47362.75228064516,144533.79797096772,42328.636012903225,-52374.4207,0,16,1,55,0,26,127,0,0,73,0,0,0,9,1018452.0,705694.0,312758.0,0.3071,97254.0,1397831.0,843726.0,554105.0,0.3964,172022.0,API,1388.0
2022-09-01,강동구,2022,9,1388.0,2064.0,1064.0,503150.82951935485,493336.31474193546,8464.30740967742,1350.2073516129033,538836.3361096774,462993.471183871,472283.4985322581,525198.9230774193,231770.88711612902,45072.48369354839,145197.42916451613,41500.97425806452,-52915.42454516129,0,16,1,55,0,26,127,0,0,73,0,0,0,9,1018452.0,705694.0,312758.0,0.3071,97254.0,1397831.0,843726.0,554105.0,0.3964,172022.0,API,1215.0
2022-10-01,강동구,2022,10,1215.0,1923.0,1014.0,501846.62174333335,492189.91220666666,8315.188993333333,1341.5205433333333,540395.60253,459509.49316,469561.5506566667,524907.3868,232865.22918,46938.17253333333,143435.01544000002,42492.04120666666,-55345.836143333334,0,16,1,55,0,26,127,0,0,73,0,0,0,9,1018452.0,705694.0,312758.0,0.3071,97254.0,1397831.0,843726.0,554105.0,0.3964,172022.0,API,1279.0
2022-11-01,강동구,2022,11,1279.0,2104.0,1082.0,502787.8022806452,493010.69976129034,8426.046261290323,1351.0562548387097,540901.5572516129,458160.5639419355,469594.91223225807,526497.0094806452,229668.81837741935,45254.45745161291,142876.82997419353,41537.5309516129,-56902.097248387094,0,16,1,55,0,26,127,0,0,73,0,0,0,9,1018452.0,705694.0,312758.0,0.3071,97254.0,1397831.0,843726.0,554105.0,0.3964,172022.0,API,1276.0
2022-12-01,강동구,2022,12,1276.0,2014.0,995.0,504879.3331133333,494903.57727,8507.611840000001,1468.1440033333333,542773.3851533333,460439.2843633333,470935.30421,529125.0680633333,235560.73667333333,47672.94883666666,144294.82189666666,43592.96594,-58189.763853333345,0,16,1,55,0,26,127,0,0,73,0,0,0,9,1018452.0,705694.0,312758.0,0.3071,97254.0,1397831.0,843726.0,554105.0,0.3964,172022.0,API,1284.0
2023-01-01,강동구,2023,1,1284.0,1870.0,1021.0,512283.6385258064,502297.9960612903,8517.587703225805,1468.0547677419356,546062.4277870967,473883.0172483871,482829.26683870965,533322.4754548387,231612.30253548388,48172.99997741936,141090.0461,42349.25645806452,-50493.208616129035,2,19,15,254,15,48,215,0,0,142,0,0,0,12,959198.0,657397.0,301801.0,0.3146,98443.0,1434972.0,851369.0,583603.0,0.4067,189853.0,API,1219.0
2023-02-01,강동구,2023,2,1219.0,2078.0,1088.0,512328.8390870968,501917.9906645161,8877.693225806452,1533.1552161290322,545808.6857193549,474625.90877419355,483912.82057096774,532625.9951774194,225203.7927903226,48171.827087096775,136855.99582258065,40175.96988064516,-48713.174606451605,2,19,15,254,15,48,215,0,0,142,0,0,0,12,959198.0,657397.0,301801.0,0.3146,98443.0,1434972.0,851369.0,583603.0,0.4067,189853.0,API,1087.0
2023-03-01,강동구,2023,3,1087.0,2641.0,1208.0,514290.8626607143,503754.0611714286,9111.028264285715,1425.7732357142856,549538.8461357143,472805.6097571429,482857.6804107143,536743.1357142858,225186.20757857146,48468.58978928572,134507.37147142857,42210.24631785714,-53885.455303571434,2,19,15,254,15,48,215,0,0,142,0,0,0,12,959198.0,657397.0,301801.0,0.3146,98443.0,1434972.0,851369.0,583603.0,0.4067,189853.0,API,1211.0
2023-04-01,강동구,2023,4,1211.0,2171.0,1188.0,509442.4685645161,499435.9284387097,8812.128516129033,1194.4116322580646,546537.4567709677,466221.348732258,476377.40671612904,533060.3698741936,217221.17697419354,46246.27890645161,128804.0073483871,42170.89071935484,-56682.963158064515,2,19,15,254,15,48,215,0,0,142,0,0,0,12,959198.0,657397.0,301801.0,0.3146,98443.0,1434972.0,851369.0,583603.0,0.4067,189853.0,API,1252.0
2023-05-01,강동구,2023,5,1252.0,2003.0,1167.0,507519.71532666666,497422.12442,8832.15565,1265.43524,545203.0539233333,463196.7924433333,474047.07926666667,531428.74107,226680.7410766667,48773.60148333334,134466.70042333333,43440.439170000005,-57381.66180333333,2,19,15,254,15,48,215,0,0,142,0,0,0,12,959198.0,657397.0,301801.0,0.3146,98443.0,1434972.0,851369.0,583603.0,0.4067,189853.0,API,1365.0
2023-06-01,강동구,2023,6,1365.0,2089.0,1215.0,501876.7014419355,492094.0426419355,8682.95979032258,1099.6990096774193,540305.8545774193,458054.9961580645,468591.18038709677,525652.0736451612,223881.30728064515,47617.255916129034,133578.16015483873,42685.891209677415,-57060.89325806452,2,19,15,254,15,48,215,0,0,142,0,0,0,12,959198.0,657397.0,301801.0,0.3146,98443.0,1434972.0,851369.0,583603.0,0.4067,189853.0,API,1210.0
2023-07-01,강동구,2023,7,1210.0,2410.0,1362.0,505336.60570666665,495306.53371,8842.8028,1187.2692,542217.1377933334,464334.01040666667,473644.54843333334,527973.78947,226379.97441,48810.92662666667,134876.48865333333,42692.559129999994,-54329.241036666666,2,19,15,254,15,48,215,0,0,142,0,0,0,12,959198.0,657397.0,301801.0,0.3146,98443.0,1434972.0,851369.0,583603.0,0.4067,189853.0,API,1350.0
2023-08-01,강동구,2023,8,1350.0,2511.0,1388.0,509293.3679193549,498544.98771290324,9454.703577419354,1293.676658064516,544328.3489870967,470995.49743225804,479341.0103967742,530687.9090193548,220133.53881612903,48616.40678709677,130565.34828387098,40951.78374516129,-51346.898622580644,2,19,15,254,15,48,215,0,0,142,0,0,0,12,959198.0,657397.0,301801.0,0.3146,98443.0,1434972.0,851369.0,583603.0,0.4067,189853.0,API,1382.0
2023-09-01,강동구,2023,9,1382.0,2182.0,1215.0,504870.8161451613,494604.0247935484,9302.50314516129,964.2882096774193,539423.2792290323,466390.5083354839,474888.94094193546,526286.4412935483,215209.85752258066,46520.73916129032,128121.71917419355,40567.39918709678,-51397.500351612915,2,19,15,254,15,48,215,0,0,142,0,0,0,12,959198.0,657397.0,301801.0,0.3146,98443.0,1434972.0,851369.0,583603.0,0.4067,189853.0,API,1318.0
2023-10-01,강동구,2023,10,1318.0,2160.0,1279.0,504682.0614966667,494797.31025333336,8767.525053333335,1117.22619,540944.5155733334,465158.16517666663,474435.32878,526286.87059,216116.32914666666,48219.33259333333,126549.72368333333,41347.27287,-51851.541809999995,2,19,15,254,15,48,215,0,0,142,0,0,0,12,959198.0,657397.0,301801.0,0.3146,98443.0,1434972.0,851369.0,583603.0,0.4067,189853.0,API,1282.0
2023-11-01,강동구,2023,11,1282.0,2157.0,1276.0,501910.41038709675,492056.5636967742,8745.698587096775,1108.1481161290324,537570.3443645161,460102.75439677417,470649.77411935484,524239.4362967742,212573.3065516129,46823.100987096775,125348.47961612903,40401.725948387095,-53589.66217741935,2,19,15,254,15,48,215,0,0,142,0,0,0,12,959198.0,657397.0,301801.0,0.3146,98443.0,1434972.0,851369.0,583603.0,0.4067,189853.0,API,1209.0
2023-12-01,강동구,2023,12,1209.0,2293.0,1284.0,508451.1877866667,498447.27386333334,8931.191710000001,1072.7222233333334,546796.4101566667,466511.6469,475856.7077633333,531732.9592233333,224003.93386333334,52326.368050000005,127871.13278333333,43806.43303,-55876.25145999999,2,19,15,254,15,48,215,0,0,142,0,0,0,12,959198.0,657397.0,301801.0,0.3146,98443.0,1434972.0,851369.0,583603.0,0.4067,189853.0,API,1465.0
2024-01-01,강동구,2024,1,1465.0,2072.0,1219.0,519657.96737741935,508727.72173870966,9871.39224516129,1058.8533903225807,557970.8008,481216.4904387097,490262.6183483871,540654.6452451613,219982.46443225807,53852.18115483871,124031.51798709677,42098.765290322575,-50392.02689677418,1,33,21,270,9,10,256,0,0,59,0,0,0,18,893704.0,622172.0,271532.0,0.3038,110418.0,1456203.0,844799.0,611404.0,0.4199,233027.0,API,1248.0
2024-02-01,강동구,2024,2,1248.0,1891.0,1087.0,522620.9903258065,511718.5431935484,9897.382812903224,1005.0643032258064,564077.748516129,482410.0218516129,491689.1463870968,544715.1645677419,216283.86981612904,51789.005616129034,124036.65090967742,40458.21329032258,-53026.01818064515,1,33,21,270,9,10,256,0,0,59,0,0,0,18,893704.0,622172.0,271532.0,0.3038,110418.0,1456203.0,844799.0,611404.0,0.4199,233027.0,API,1074.0
2024-03-01,강동구,2024,3,1074.0,2149.0,1211.0,514453.80091379315,503838.29538965516,9557.607358620691,1057.8981896551725,552261.9464068966,474640.81303448277,484804.71170689655,535631.7217689655,216086.04745862068,50829.371917241384,124379.92071724139,40876.75482413793,-50827.010062068955,1,33,21,270,9,10,256,0,0,59,0,0,0,18,893704.0,622172.0,271532.0,0.3038,110418.0,1456203.0,844799.0,611404.0,0.4199,233027.0,API,1085.0
2024-04-01,강동구,2024,4,1085.0,2267.0,1252.0,514860.90431935486,504895.37079354835,9003.45120967742,962.0823193548387,554891.7995129032,473362.67656129034,483169.9325322581,537497.3127419355,215340.1030451613,49040.446212903225,124770.69722580645,41528.959606451615,-54327.38020967743,1,33,21,270,9,10,256,0,0,59,0,0,0,18,893704.0,622172.0,271532.0,0.3038,110418.0,1456203.0,844799.0,611404.0,0.4199,233027.0,API,1094.0
2024-05-01,강동구,2024,5,1094.0,2398.0,1365.0,507657.45691666665,497789.18977666664,8781.720446666666,1086.5467,547127.5761666667,463583.1834433333,474098.77769,531627.9420766666,226451.77905333333,49342.88177666666,133392.15359333332,43716.74368333333,-57529.16438666666,1,33,21,270,9,10,256,0,0,59,0,0,0,18,893704.0,622172.0,271532.0,0.3038,110418.0,1456203.0,844799.0,611404.0,0.4199,233027.0,API,1140.0
2024-06-01,강동구,2024,6,1140.0,2229.0,1210.0,503373.49036774196,493755.0489419355,8693.245938709679,925.1954903225807,540767.6588677419,461080.8098967742,471372.3693967742,526231.433932258,223841.17352258065,47943.54422903226,134070.27121935485,41827.35807419355,-54859.06453548387,1,33,21,270,9,10,256,0,0,59,0,0,0,18,893704.0,622172.0,271532.0,0.3038,110418.0,1456203.0,844799.0,611404.0,0.4199,233027.0,API,1117.0
2024-07-01,강동구,2024,7,1117.0,2484.0,1350.0,508619.72226,498721.71341666667,8826.913250000001,1071.0955966666668,544749.2407366667,469637.83066000004,478749.78041666665,529955.3949933334,230197.86133666665,50081.98174666667,138333.58115333333,41782.29843666667,-51205.61457666667,1,33,21,270,9,10,256,0,0,59,0,0,0,18,893704.0,622172.0,271532.0,0.3038,110418.0,1456203.0,844799.0,611404.0,0.4199,233027.0,API,1164.0
2024-08-01,강동구,2024,8,1164.0,2477.0,1382.0,511112.6613806452,500757.4862580646,9230.906867741936,1124.268270967742,546876.5601967742,472850.6131548387,481201.1843709678,532478.0021064517,227343.48151935483,50858.23753225806,134383.7121451613,42101.53184193549,-51276.81773548387,1,33,21,270,9,10,256,0,0,59,0,0,0,18,893704.0,622172.0,271532.0,0.3038,110418.0,1456203.0,844799.0,611404.0,0.4199,233027.0,API,1187.0
2024-09-01,강동구,2024,9,1187.0,2400.0,1318.0,512714.22568064515,502465.19275161286,9245.824148387097,1003.2087774193548,549224.3003387096,475604.12176451617,483918.1656483871,533282.8399935483,229756.3276032258,52527.23914193548,134893.85567419353,42335.23278709678,-49364.67434516128,1,33,21,270,9,10,256,0,0,59,0,0,0,18,893704.0,622172.0,271532.0,0.3038,110418.0,1456203.0,844799.0,611404.0,0.4199,233027.0,API,1028.0
2024-10-01,강동구,2024,10,1028.0,2231.0,1282.0,506036.8507933334,496413.3553666667,8669.657573333334,953.83786,541725.6422633333,469027.3523766667,477834.58754,526181.3245466667,228290.58806666668,51294.04819666666,134649.59753666667,42346.94233333333,-48346.73700666667,1,33,21,270,9,10,256,0,0,59,0,0,0,18,893704.0,622172.0,271532.0,0.3038,110418.0,1456203.0,844799.0,611404.0,0.4199,233027.0,API,1028.0
2024-11-01,강동구,2024,11,1028.0,2018.0,1209.0,509622.33321935486,499996.43643548386,8612.779129032258,1013.1176709677419,544833.3979483871,469308.79948064516,479206.9386483871,531347.6150612903,228665.14610967744,50731.593,134491.6067032258,43441.94640645161,-52140.67641290322,1,33,21,270,9,10,256,0,0,59,0,0,0,18,893704.0,622172.0,271532.0,0.3038,110418.0,1456203.0,844799.0,611404.0,0.4199,233027.0,API,983.0
2024-12-01,강동구,2024,12,983.0,2319.0,1465.0,513228.9940266667,503572.0237466667,8644.31927,1012.6510133333334,551356.3970199999,471274.0950233333,481280.7345833333,536049.17934,237941.99589666666,54352.31658333333,138414.04604666666,45175.633266666664,-54768.444756666664,1,33,21,270,9,10,256,0,0,59,0,0,0,18,893704.0,622172.0,271532.0,0.3038,110418.0,1456203.0,844799.0,611404.0,0.4199,233027.0,API,1104.0
2025-01-01,강동구,2025,1,1104.0,2081.0,1248.0,523979.8683548387,513988.271732258,8808.403332258064,1183.1933032258066,559089.6626290323,486136.0994516129,496016.0247,543954.0424032258,239381.96902580647,56037.457345161296,137547.67387096773,45796.83780967742,-47938.01770322581,0,13,0,38,0,31,219,7,54,59,80,16,0,60,862257.0,584536.0,277721.0,0.3221,92119.0,1341076.0,809802.0,531274.0,0.3962,173544.0,API,1074.0
2025-02-01,강동구,2025,2,1074.0,1803.0,1074.0,528009.5038709678,517676.75550967746,9124.324664516129,1208.4237096774193,561916.8176548387,490023.63402580644,499790.1545903226,548166.1819516129,231188.50833548387,51667.08510967742,137274.29100645162,42247.13221935484,-48376.02736129031,0,13,0,38,0,31,219,7,54,59,80,16,0,60,862257.0,584536.0,277721.0,0.3221,92119.0,1341076.0,809802.0,531274.0,0.3962,173544.0,API,936.0
2025-03-01,강동구,2025,3,936.0,2047.0,1085.0,536083.450425,525601.8085071428,9208.649128571427,1272.992785714286,572979.1789714285,492763.9893857143,503051.9684035714,559677.3661607143,235604.1526357143,49578.64662857143,142571.2179892857,43454.28801785714,-56625.39775714285,0,13,0,38,0,31,219,7,54,59,80,16,0,60,862257.0,584536.0,277721.0,0.3221,92119.0,1341076.0,809802.0,531274.0,0.3962,173544.0,API,1087.0
2025-04-01,강동구,2025,4,1087.0,2123.0,1094.0,534974.9039225806,525292.7826290323,8602.882577419354,1079.2387193548388,574697.0368032259,488837.99278387096,499814.7080483871,560089.3295387097,232274.01152258067,47590.66800645161,142171.05286451612,42512.29065161291,-60274.62149032258,0,13,0,38,0,31,219,7,54,59,80,16,0,60,862257.0,584536.0,277721.0,0.3221,92119.0,1341076.0,809802.0,531274.0,0.3962,173544.0,API,1036.0
2025-05-01,강동구,2025,5,1036.0,2223.0,1140.0,531160.9592133333,521565.2706466667,8501.369256666667,1094.3192966666668,573414.2356533334,482706.4249166667,493762.81084000005,557873.9223233333,250488.87731666668,50163.51057333333,155343.78431333334,44981.582429999995,-64111.111483333334,0,13,0,38,0,31,219,7,54,59,80,16,0,60,862257.0,584536.0,277721.0,0.3221,92119.0,1341076.0,809802.0,531274.0,0.3962,173544.0,API,1100.0
2025-06-01,강동구,2025,6,1100.0,2181.0,1117.0,527533.5048354839,517880.13741612906,8498.372116129032,1154.9953032258063,568994.368380645,480707.88713548385,492116.30361935485,552831.5057,240500.28617419355,48672.253793548385,149035.26513225806,42792.76724838709,-60715.20208064516,0,13,0,38,0,31,219,7,54,59,80,16,0,60,862257.0,584536.0,277721.0,0.3221,92119.0,1341076.0,809802.0,531274.0,0.3962,173544.0,API,1105.0
2025-07-01,강동구,2025,7,1105.0,2208.0,1164.0,534911.78843,525132.83579,8607.711216666667,1171.2414366666667,574545.2377066667,491500.67393333337,501218.63082333334,558978.32958,245967.7701866667,48791.420013333336,153896.98940333334,43279.36077,-57759.698756666665,0,13,0,38,0,31,219,7,54,59,80,16,0,60,862257.0,584536.0,277721.0,0.3221,92119.0,1341076.0,809802.0,531274.0,0.3962,173544.0,API,1120.0
2025-08-01,강동구,2025,8,1120.0,2403.0,1187.0,534098.8828096774,523948.4826870968,9066.043329032258,1084.356806451613,574970.5384064516,489717.3438548387,499009.6524,559162.6188225807,245351.4074451613,49470.609422580645,152686.39301935484,43194.40500322581,-60152.96642258064,0,13,0,38,0,31,219,7,54,59,80,16,0,60,862257.0,584536.0,277721.0,0.3221,92119.0,1341076.0,809802.0,531274.0,0.3962,173544.0,API,1114.0
2025-09-01,강동구,2025,9,1114.0,2064.0,1028.0,531804.0620967742,521490.21431290323,9136.688761290323,1177.1590322580646,570703.790367742,489042.234667742,498782.85233870964,555390.6405032257,243899.9123580645,47861.06051612903,154359.68773870968,41679.164103225805,-56607.78816451614,0,13,0,38,0,31,219,7,54,59,80,16,0,60,862257.0,584536.0,277721.0,0.3221,92119.0,1341076.0,809802.0,531274.0,0.3962,173544.0,API,1101.0
2025-10-01,강동구,2025,10,1101.0,1956.0,1028.0,531691.74406,521991.5760066667,8646.89026,1053.2777833333334,573905.7503533333,484470.32653333334,494734.66846,558089.6551866666,248898.93609333332,49455.61253666667,156049.33723333332,43393.98632333333,-63354.98672666666,0,13,0,38,0,31,219,7,54,59,80,16,0,60,862257.0,584536.0,277721.0,0.3221,92119.0,1341076.0,809802.0,531274.0,0.3962,173544.0,API,1148.0
2025-11-01,강동구,2025,11,1148.0,1933.0,983.0,523720.63229032257,513701.68187419354,8634.45394516129,1384.496483870968,565424.6402258064,477021.8016225807,488713.36780322576,548725.821216129,239134.49453548386,48523.25342903226,149925.44763225806,40685.79347419355,-60012.45341290323,0,13,0,38,0,31,219,7,54,59,80,16,0,60,862257.0,584536.0,277721.0,0.3221,92119.0,1341076.0,809802.0,531274.0,0.3962,173544.0,API,1123.0
2025-12-01,강동구,2025,12,1123.0,2069.0,1104.0,531773.59224,522080.31845666666,8574.18092,1119.0928833333335,573808.8916033334,482593.28863,494788.8982766667,558191.2307833333,243464.46211000002,48387.2426,153430.73185666665,41646.48765333334,-63402.332506666666,0,13,0,38,0,31,219,7,54,59,80,16,0,60,862257.0,584536.0,277721.0,0.3221,92119.0,1341076.0,809802.0,531274.0,0.3962,173544.0,API,1139.0
2017-01-01,강북구,2017,1,,,,,,,,,,,,,,,,,1,13,7,75,102,0,147,0,0,173,0,0,0,4,,,,,,,,,,,API,1033.0
2017-02-01,강북구,2017,2,1033.0,,,,,,,,,,,,,,,,1,13,7,75,102,0,147,0,0,173,0,0,0,4,,,,,,,,,,,API,895.0
2017-03-01,강북구,2017,3,895.0,,,,,,,,,,,,,,,,1,13,7,75,102,0,147,0,0,173,0,0,0,4,,,,,,,,,,,API,1047.0
2017-04-01,강북구,2017,4,1047.0,,,,,,,,,,,,,,,,1,13,7,75,102,0,147,0,0,173,0,0,0,4,,,,,,,,,,,API,996.0
2017-05-01,강북구,2017,5,996.0,,,,,,,,,,,,,,,,1,13,7,75,102,0,147,0,0,173,0,0,0,4,,,,,,,,,,,API,1094.0
2017-06-01,강북구,2017,6,1094.0,,,,,,,,,,,,,,,,1,13,7,75,102,0,147,0,0,173,0,0,0,4,,,,,,,,,,,API,1101.0
2017-07-01,강북구,2017,7,1101.0,,,,,,,,,,,,,,,,1,13,7,75,102,0,147,0,0,173,0,0,0,4,,,,,,,,,,,API,1202.0
2017-08-01,강북구,2017,8,1202.0,,,,,,,,,,,,,,,,1,13,7,75,102,0,147,0,0,173,0,0,0,4,,,,,,,,,,,API,1161.0
2017-09-01,강북구,2017,9,1161.0,,,,,,,,,,,,,,,,1,13,7,75,102,0,147,0,0,173,0,0,0,4,,,,,,,,,,,API,1187.0
2017-10-01,강북구,2017,10,1187.0,,,,,,,,,,,,,,,,1,13,7,75,102,0,147,0,0,173,0,0,0,4,,,,,,,,,,,API,1129.0
2017-11-01,강북구,2017,11,1129.0,,,,,,,,,,,,,,,,1,13,7,75,102,0,147,0,0,173,0,0,0,4,,,,,,,,,,,API,1120.0
2017-12-01,강북구,2017,12,1120.0,,,,,,,,,,,,,,,,1,13,7,75,102,0,147,0,0,173,0,0,0,4,,,,,,,,,,,API,1255.0
2018-01-01,강북구,2018,1,1255.0,1639.0,1033.0,,,,,,,,,,,,,,1,25,5,90,56,0,199,0,0,148,0,0,0,17,,,,,,,,,,,API,1258.0
2018-02-01,강북구,2018,2,1258.0,1363.0,895.0,,,,,,,,,,,,,,1,25,5,90,56,0,199,0,0,148,0,0,0,17,,,,,,,,,,,API,997.0
2018-03-01,강북구,2018,3,997.0,1600.0,1047.0,,,,,,,,,,,,,,1,25,5,90,56,0,199,0,0,148,0,0,0,17,,,,,,,,,,,API,1038.0
2018-04-01,강북구,2018,4,1038.0,1578.0,996.0,,,,,,,,,,,,,,1,25,5,90,56,0,199,0,0,148,0,0,0,17,,,,,,,,,,,API,1053.0
2018-05-01,강북구,2018,5,1053.0,1730.0,1094.0,313534.50271538465,307784.3508307692,4952.569303846154,797.582576923077,347949.80427307694,277416.48425,285289.8281,333709.2703153846,142643.1045846154,13531.270126923077,78999.04281153846,50112.79164615385,-48419.44221538462,1,25,5,90,56,0,199,0,0,148,0,0,0,17,,,,,,,,,,,API,1247.0
2018-06-01,강북구,2018,6,1247.0,1717.0,1101.0,312415.05979677424,306461.95323870966,5083.598419354839,869.5081354838709,346676.74799999996,277464.7167806452,285231.76681612903,331119.09349999996,141570.62131612905,14040.25926451613,77705.03648387096,49825.32556774194,-45887.32668387097,1,25,5,90,56,0,199,0,0,148,0,0,0,17,,,,,,,,,,,API,1158.0
2018-07-01,강북구,2018,7,1158.0,1871.0,1202.0,315417.42437666666,309459.89103,5143.450293333333,814.0830766666667,347982.1096,281503.42432,288694.93897666666,334504.91395333334,139056.40537333334,13131.786273333333,77663.34008333334,48261.27901666667,-45809.97497666666,1,25,5,90,56,0,199,0,0,148,0,0,0,17,,,,,,,,,,,API,1234.0
2018-08-01,강북구,2018,8,1234.0,1799.0,1161.0,314742.5434354839,308684.75192903227,5134.274041935484,923.5174741935484,346829.4455580645,281837.371616129,288628.64774838707,333395.3260903226,139582.62342580647,13352.18846451613,78534.22675806453,47696.20820322581,-44766.67834193548,1,25,5,90,56,0,199,0,0,148,0,0,0,17,,,,,,,,,,,API,1298.0
2018-09-01,강북구,2018,9,1298.0,1764.0,1187.0,311142.74087096774,304935.7897483871,5230.676074193549,976.2750322580646,343171.1137516129,278517.5609290323,285344.2058387097,328835.76204838714,137226.9738935484,12973.448009677419,77159.73564193548,47093.79024193549,-43491.556209677416,1,25,5,90,56,0,199,0,0,148,0,0,0,17,,,,,,,,,,,API,1105.0
2018-10-01,강북구,2018,10,1105.0,1730.0,1129.0,313541.16256,307320.28480666666,5341.069286666667,879.8084566666668,345400.6706566667,280384.54259666667,287968.7749866667,331807.1536733333,136625.21527333334,15300.218383333333,74933.97726,46391.01963,-43838.37868666668,1,25,5,90,56,0,199,0,0,148,0,0,0,17,,,,,,,,,,,API,1099.0
2018-11-01,강북구,2018,11,1099.0,1713.0,1120.0,311027.85585483874,304954.17476774193,5199.1964935483875,874.4846032258064,345231.2273580645,275197.1016967742,283076.16812903224,330258.68176129035,135063.45903870967,12849.0045,75472.65852903227,46741.79600967742,-47182.51363225807,1,25,5,90,56,0,199,0,0,148,0,0,0,17,,,,,,,,,,,API,1057.0
2018-12-01,강북구,2018,12,1057.0,1961.0,1255.0,310641.57221333333,304749.4236066667,5065.77982,826.3687766666667,345944.8598033333,275043.5045833333,282530.13824666664,330721.16789333336,137676.56451999999,13703.510046666666,75822.72087333332,48150.3336,-48191.02964666667,1,25,5,90,56,0,199,0,0,148,0,0,0,17,,,,,,,,,,,API,1165.0
2019-01-01,강북구,2019,1,1165.0,1904.0,1258.0,310881.9963741935,305012.88193870964,5115.25549032258,753.8589451612903,339197.0551548387,280688.0569645162,287500.26096129033,327583.2359483871,131936.33846774194,13597.244670967742,73280.8683483871,45058.2254483871,-40082.97498709678,0,15,1,67,80,0,180,0,0,113,0,0,0,12,,,,,,,,,,,API,1027.0
2019-02-01,강북구,2019,2,1027.0,1655.0,997.0,309620.78646451613,303675.2558032258,5077.125567741935,868.4050935483871,338682.7514193548,277838.0207806452,285041.86947096774,327177.15575161285,135960.8881419355,13342.070322580645,77447.14693548388,45171.67088387097,-42135.28628064515,0,15,1,67,80,0,180,0,0,113,0,0,0,12,,,,,,,,,,,API,1055.0
2019-03-01,강북구,2019,3,1055.0,1661.0,1038.0,309658.04958214285,303517.6238392857,5205.723146428571,934.702575,336394.1308607143,281477.6239464286,287973.98011071427,325146.6706285714,137170.805225,15697.450364285714,75521.01251071428,45952.34235,-37172.69051785714,0,15,1,67,80,0,180,0,0,113,0,0,0,12,,,,,,,,,,,API,1046.0
2019-04-01,강북구,2019,4,1046.0,1646.0,1053.0,309573.5426516129,303857.81240967737,5048.141816129032,667.5884258064516,339678.5870419355,276634.47613870964,284338.3228967742,327598.6996290323,127942.85762903227,13178.993148387097,70887.59199032259,43876.27249032258,-43260.37673225806,0,15,1,67,80,0,180,0,0,113,0,0,0,12,,,,,,,,,,,API,1038.0
2019-05-01,강북구,2019,5,1038.0,1940.0,1247.0,302848.09103,297091.77517333336,4921.414476666667,834.90138,335126.6078066667,268663.33428333333,276373.85937666666,321758.2565,138965.90268333335,13026.32533,77007.78369333333,48931.793659999996,-45384.397123333336,0,15,1,67,80,0,180,0,0,113,0,0,0,12,,,,,,,,,,,API,1147.0
2019-06-01,강북구,2019,6,1147.0,1846.0,1158.0,294542.9503129032,288902.7503387097,4854.7163580645165,785.4836258064516,325008.1262580645,262266.03487096773,269473.5089193548,312449.6941645161,127228.23652258064,12944.205593548386,69295.30278064516,44988.7281483871,-42976.18524516129,0,15,1,67,80,0,180,0,0,113,0,0,0,12,,,,,,,,,,,API,1109.0
2019-07-01,강북구,2019,7,1109.0,1941.0,1234.0,294121.2981133333,288379.11050333333,4881.532923333333,860.6547066666666,322952.8475133333,264000.7676533333,270832.99557333335,310755.79995,167942.36901,12179.146326666667,113368.12492666667,42395.09775666667,-39922.804376666674,0,15,1,67,80,0,180,0,0,113,0,0,0,12,,,,,,,,,,,API,1144.0
2019-08-01,강북구,2019,8,1144.0,2004.0,1298.0,288673.69236451614,282996.53112903226,4752.97204516129,924.1891870967742,317734.4852516129,258692.7258548387,264924.7784903226,305637.20227096777,155367.73232903227,11520.792919354839,104651.80813870968,39195.13127096774,-40712.42378064516,0,15,1,67,80,0,180,0,0,113,0,0,0,12,,,,,,,,,,,API,1131.0
2019-09-01,강북구,2019,9,1131.0,1730.0,1105.0,302081.7514064516,296390.1405935484,4995.613600000001,695.9972064516129,332329.6292096774,271318.8427354839,277880.6346064516,319368.2634064516,162724.73109032257,12129.532967741936,108409.82113225806,42185.37699032258,-41487.628800000006,0,15,1,67,80,0,180,0,0,113,0,0,0,12,,,,,,,,,,,API,1080.0
2019-10-01,강북구,2019,10,1080.0,1698.0,1099.0,308275.2013233333,302234.2728933333,5197.690453333333,843.23798,338271.3047366667,277080.71575333335,284104.75466333335,325539.80609,179187.67386,14972.203539999999,118595.90322666666,45619.56709333333,-41435.05142666666,0,15,1,67,80,0,180,0,0,113,0,0,0,12,,,,,,,,,,,API,1122.0
2019-11-01,강북구,2019,11,1122.0,1636.0,1057.0,306294.07886290323,300355.5068612903,5040.4398532258065,898.1321580645161,340813.6589354839,270795.7139951613,278178.942333871,326376.31925,180405.44992580646,12616.747251612902,121194.95045645161,46593.75221774194,-48197.37691612903,0,15,1,67,80,0,180,0,0,113,0,0,0,12,,,,,,,,,,,API,1079.0
2019-12-01,강북구,2019,12,1079.0,1834.0,1165.0,308819.06589666667,302863.0375433333,5131.428123333333,824.6002566666666,341367.88987333333,274755.04888666666,282119.30767333333,327890.32177333336,178492.12880333333,13330.86467,119959.95787333333,45201.30626,-45771.0141,0,15,1,67,80,0,180,0,0,113,0,0,0,12,,,,,,,,,,,API,1122.0
2020-01-01,강북구,2020,1,1122.0,1613.0,1027.0,314119.17438387097,308087.46223225805,5169.752096774194,861.9600677419355,343918.6137806452,283386.27966129035,290039.4769,331318.9583225807,189970.6417451613,14507.02535483871,127318.29669999999,48145.319690322576,-41279.48142258065,0,6,0,71,77,1,100,0,0,108,0,0,0,4,910537.0,692635.0,217902.0,0.2393,,514534.0,405141.0,109393.0,0.2126,,API,1058.0
2020-02-01,강북구,2020,2,1058.0,1548.0,1055.0,315351.1612451613,309211.4056516129,5121.378409677419,1018.377193548387,343410.6147032258,285892.53318064514,292539.76504838705,331645.01567096775,189978.2679,15706.944532258065,127799.55802903225,46471.76533870967,-39105.25062258065,0,6,0,71,77,1,100,0,0,108,0,0,0,4,910537.0,692635.0,217902.0,0.2393,,514534.0,405141.0,109393.0,0.2126,,API,865.0
2020-03-01,강북구,2020,3,865.0,1628.0,1046.0,318344.2374586207,312015.7781034483,5361.966110344828,966.4932344827587,344438.3115655172,291630.2851689655,296879.9083827586,333675.9010827586,185636.25787931035,12430.108703448277,128144.88461034483,45061.264565517246,-36795.992699999995,0,6,0,71,77,1,100,0,0,108,0,0,0,4,910537.0,692635.0,217902.0,0.2393,,514534.0,405141.0,109393.0,0.2126,,API,756.0
2020-04-01,강북구,2020,4,756.0,1551.0,1038.0,318757.89686774195,312440.8633967742,5446.117487096774,870.9159774193548,342079.07828387094,294391.55043225805,299539.4410032258,332485.3653612903,180078.65740967743,11401.231022580645,125291.88897419354,43385.53741290323,-32945.92435806451,0,6,0,71,77,1,100,0,0,108,0,0,0,4,910537.0,692635.0,217902.0,0.2393,,514534.0,405141.0,109393.0,0.2126,,API,812.0
2020-05-01,강북구,2020,5,812.0,1778.0,1147.0,315185.35419000004,309096.13997666666,5380.742696666667,708.4715166666666,339203.97915333335,290237.3991,295537.79398333334,329219.32578333333,184997.03953333333,12133.731913333333,126870.07433666666,45993.233283333335,-33681.53179999999,0,6,0,71,77,1,100,0,0,108,0,0,0,4,910537.0,692635.0,217902.0,0.2393,,514534.0,405141.0,109393.0,0.2126,,API,838.0
2020-06-01,강북구,2020,6,838.0,1682.0,1109.0,311448.1883354839,305334.76786774193,5358.892435483871,754.5280419354838,335705.5141129032,286677.07791935484,291986.35063548386,325349.5009870968,182798.41657096776,13159.565077419355,124023.0796483871,45615.77184516129,-33363.1503516129,0,6,0,71,77,1,100,0,0,108,0,0,0,4,910537.0,692635.0,217902.0,0.2393,,514534.0,405141.0,109393.0,0.2126,,API,843.0
2020-07-01,강북구,2020,7,843.0,1796.0,1144.0,305920.45683333336,299901.72564666666,5200.53623,818.19497,332491.89965333336,279380.7278033333,284543.36911666667,321189.80521333334,180693.20166333334,12195.302090000001,122946.95383666667,45550.94573666667,-36646.43609666668,0,6,0,71,77,1,100,0,0,108,0,0,0,4,910537.0,692635.0,217902.0,0.2393,,514534.0,405141.0,109393.0,0.2126,,API,894.0
2020-08-01,강북구,2020,8,894.0,1775.0,1131.0,304692.83448387095,298973.51767419354,5137.057493548386,582.2593258064517,331058.58955806453,278444.5351129032,283650.1952,319723.2911387097,177898.7027516129,12268.075141935484,120738.76845161291,44891.859158064515,-36073.09593870969,0,6,0,71,77,1,100,0,0,108,0,0,0,4,910537.0,692635.0,217902.0,0.2393,,514534.0,405141.0,109393.0,0.2126,,API,894.0
2020-09-01,강북구,2020,9,894.0,1730.0,1080.0,305521.1157870968,299689.5708322581,5192.280477419355,639.2644806451613,328351.43224193546,282215.5356,287158.1791193548,318637.49911290326,175999.78812903227,11664.751735483871,121672.40008709677,42662.63630645161,-31479.31999354839,0,6,0,71,77,1,100,0,0,108,0,0,0,4,910537.0,692635.0,217902.0,0.2393,,514534.0,405141.0,109393.0,0.2126,,API,859.0
2020-10-01,강북구,2020,10,859.0,1765.0,1122.0,307807.63705,301673.9596766667,5202.6150800000005,931.0622999999999,331008.28546999994,283979.46191666665,289166.30310666666,321122.87559,177973.22554333333,12093.221469999999,122034.99701666666,43845.00705666667,-31956.572483333337,0,6,0,71,77,1,100,0,0,108,0,0,0,4,910537.0,692635.0,217902.0,0.2393,,514534.0,405141.0,109393.0,0.2126,,API,985.0
2020-11-01,강북구,2020,11,985.0,1687.0,1079.0,304960.11327096773,299003.9460258064,5172.515141935484,783.6521064516129,329642.91262258065,279481.2435064516,285140.81991612905,319116.7513903226,181164.5608580645,13752.008570967742,121493.92683870967,45918.625448387094,-33975.931474193545,0,6,0,71,77,1,100,0,0,108,0,0,0,4,910537.0,692635.0,217902.0,0.2393,,514534.0,405141.0,109393.0,0.2126,,API,911.0
2020-12-01,강북구,2020,12,911.0,1726.0,1122.0,302933.8551666666,297184.10885666666,4988.664856666667,761.0814433333333,328266.3452766667,276878.24920333334,282428.13956,317580.79488999996,180085.13378333335,12515.108546666666,122064.21682,45505.80841666667,-35152.65533000001,0,6,0,71,77,1,100,0,0,108,0,0,0,4,910537.0,692635.0,217902.0,0.2393,,514534.0,405141.0,109393.0,0.2126,,API,842.0
2021-01-01,강북구,2021,1,842.0,1663.0,1058.0,307142.9929516129,301162.63852903224,5100.202906451614,880.1515064516129,328152.7197774194,284919.3330419355,289747.98928387096,319567.99555161287,174175.7380064516,11406.320703225805,121370.88366129031,41398.533641935486,-29820.006267741937,8,8,0,43,88,0,63,0,0,92,0,0,0,16,874078.0,661597.0,212481.0,0.2431,,535357.0,427991.0,107366.0,0.2006,,API,915.0
2021-02-01,강북구,2021,2,915.0,1449.0,865.0,308128.16722580645,302276.4615096774,5104.445803225806,747.2599193548386,328707.8737806452,285957.30308387097,290977.9232193548,320378.3415322581,177927.80203225807,12070.678741935482,124136.0104516129,41721.112838709676,-29400.41831290323,8,8,0,43,88,0,63,0,0,92,0,0,0,16,874078.0,661597.0,212481.0,0.2431,,535357.0,427991.0,107366.0,0.2006,,API,828.0
2021-03-01,강북구,2021,3,828.0,1351.0,756.0,305456.3508892857,299461.7764714286,5110.633421428572,883.941,327735.01254285715,281802.350525,287264.1812428571,318450.75778928574,180122.61548571428,13619.991899999999,122579.30911785715,43923.31446785714,-31186.57654642857,8,8,0,43,88,0,63,0,0,92,0,0,0,16,874078.0,661597.0,212481.0,0.2431,,535357.0,427991.0,107366.0,0.2006,,API,872.0
2021-04-01,강북구,2021,4,872.0,1451.0,812.0,302668.2931612903,296693.51248387096,5032.755025806452,942.0256612903225,327925.15525806457,276803.54031290323,282334.653567742,317192.3214451613,176640.26677741937,13255.57532903226,119340.11787419354,44044.57357419355,-34857.66787741935,8,8,0,43,88,0,63,0,0,92,0,0,0,16,874078.0,661597.0,212481.0,0.2431,,535357.0,427991.0,107366.0,0.2006,,API,927.0
2021-05-01,강북구,2021,5,927.0,1476.0,838.0,298411.48475,292829.19126,4952.818613333334,629.47489,324373.32971333334,271984.91485666664,277416.28715,313408.05449666665,181818.47123999998,12746.120906666667,122096.47184666667,46975.87848666667,-35991.76734666666,8,8,0,43,88,0,63,0,0,92,0,0,0,16,874078.0,661597.0,212481.0,0.2431,,535357.0,427991.0,107366.0,0.2006,,API,996.0
2021-06-01,강북구,2021,6,996.0,1536.0,843.0,298782.69816774194,293254.69772903225,4882.468029032258,645.5324193548388,323297.96913870965,273961.97502258065,279271.4943354839,312719.27233548387,178070.0732032258,13038.10907419355,120002.62481612903,45029.33931290322,-33447.778,8,8,0,43,88,0,63,0,0,92,0,0,0,16,874078.0,661597.0,212481.0,0.2431,,535357.0,427991.0,107366.0,0.2006,,API,1157.0
2021-07-01,강북구,2021,7,1157.0,1539.0,894.0,298319.27208666666,292694.2689966667,4813.82564,811.1774566666667,324328.85921,272480.23952,277442.77472333336,313231.0559166667,179450.29987000002,12685.065786666668,121064.05814666668,45701.17593666667,-35788.281193333336,8,8,0,43,88,0,63,0,0,92,0,0,0,16,874078.0,661597.0,212481.0,0.2431,,535357.0,427991.0,107366.0,0.2006,,API,1043.0
2021-08-01,강북구,2021,8,1043.0,1642.0,894.0,299882.08661612903,294132.04016774194,4889.199696774193,860.8467741935484,323514.84067096777,275901.8547096774,280905.2249935484,313436.9877709677,175619.10566451613,12260.389987096774,119820.6275548387,43538.088122580644,-32531.762777419346,8,8,0,43,88,0,63,0,0,92,0,0,0,16,874078.0,661597.0,212481.0,0.2431,,535357.0,427991.0,107366.0,0.2006,,API,1071.0
2021-09-01,강북구,2021,9,1071.0,1498.0,859.0,299130.4018774194,293509.2967387097,4953.379903225807,667.7252419354838,321571.9918870968,275920.8115225806,280846.6011451613,312190.2595354839,177435.65636774193,12560.49287096774,120930.44892580646,43944.71457096774,-31343.658390322587,8,8,0,43,88,0,63,0,0,92,0,0,0,16,874078.0,661597.0,212481.0,0.2431,,535357.0,427991.0,107366.0,0.2006,,API,1049.0
2021-10-01,강북구,2021,10,1049.0,1748.0,985.0,299804.1643266667,294082.50014,4872.068263333334,849.5959133333333,321869.87511666666,277200.61780999997,282012.2059466667,312512.7060266667,179983.56259000002,14318.333953333333,119689.43434666666,45975.79429,-30500.500080000005,8,8,0,43,88,0,63,0,0,92,0,0,0,16,874078.0,661597.0,212481.0,0.2431,,535357.0,427991.0,107366.0,0.2006,,API,1098.0
2021-11-01,강북구,2021,11,1098.0,1522.0,911.0,297138.75151290325,291516.3304322581,4768.07374516129,854.3473322580645,319983.7285322581,273131.3689193548,278375.80459032254,310540.85647096776,178274.15950322582,12771.186854838708,119135.42812258065,46367.54452580646,-32165.051880645162,8,8,0,43,88,0,63,0,0,92,0,0,0,16,874078.0,661597.0,212481.0,0.2431,,535357.0,427991.0,107366.0,0.2006,,API,970.0
2021-12-01,강북구,2021,12,970.0,1457.0,842.0,295160.81443333335,289638.13392,4751.229586666667,771.4509333333333,319579.18540666666,270246.90072333335,275242.38958333334,309388.26075333334,180874.10429666666,13442.753803333333,119723.80161,47707.54888333334,-34145.871170000006,8,8,0,43,88,0,63,0,0,92,0,0,0,16,874078.0,661597.0,212481.0,0.2431,,535357.0,427991.0,107366.0,0.2006,,API,946.0
2022-01-01,강북구,2022,1,946.0,1555.0,915.0,296147.8651064516,290691.99219354836,4737.608816129033,718.2640935483871,318452.34700967744,272882.79960967746,277693.5328032258,309329.53102903225,176723.92752580644,12712.754616129032,118504.35401290323,45506.818896774195,-31635.998225806445,1,14,1,74,129,3,82,0,0,129,0,0,0,7,926426.0,696709.0,229717.0,0.248,82209.0,543307.0,435977.0,107330.0,0.1975,39.0,API,1022.0
2022-02-01,강북구,2022,2,1022.0,1468.0,828.0,296944.5731645162,291527.3325516129,4737.612906451613,679.6277193548386,318706.48252258066,273686.8422870968,278796.38797419355,309907.5626,178728.7818451613,13908.610316129034,120585.02117419355,44235.15035483871,-31111.17462580645,1,14,1,74,129,3,82,0,0,129,0,0,0,7,926426.0,696709.0,229717.0,0.248,82209.0,543307.0,435977.0,107330.0,0.1975,39.0,API,905.0
2022-03-01,강북구,2022,3,905.0,1567.0,872.0,300164.53085000004,294104.35775,4783.8610607142855,1276.312042857143,320106.97906071425,278529.74722142855,283515.60988214286,312056.6172642857,180258.30968214286,13457.795846428573,121695.21899642856,45105.294839285714,-28541.007382142856,1,14,1,74,129,3,82,0,0,129,0,0,0,7,926426.0,696709.0,229717.0,0.248,82209.0,543307.0,435977.0,107330.0,0.1975,39.0,API,1026.0
2022-04-01,강북구,2022,4,1026.0,1548.0,927.0,300797.1812774193,294416.5931129032,4871.694325806452,1508.8938548387096,320950.5719516129,278487.5587580645,283665.03563225805,313034.42817741935,174222.3773548387,12842.280154838709,116632.97710322581,44747.1200967742,-29369.39254516128,1,14,1,74,129,3,82,0,0,129,0,0,0,7,926426.0,696709.0,229717.0,0.248,82209.0,543307.0,435977.0,107330.0,0.1975,39.0,API,1024.0
2022-05-01,강북구,2022,5,1024.0,1738.0,996.0,290933.7156533333,285245.86830666667,4754.8989833333335,932.9483733333333,313645.09057666664,266035.3384533333,271653.98658333335,304704.9507033333,178049.84971,13062.211733333334,117886.62883,47101.00914666666,-33050.96412,1,14,1,74,129,3,82,0,0,129,0,0,0,7,926426.0,696709.0,229717.0,0.248,82209.0,543307.0,435977.0,107330.0,0.1975,39.0,API,1119.0
2022-06-01,강북구,2022,6,1119.0,2043.0,1157.0,293744.8550774194,288043.5097709677,4786.9276193548385,914.4176838709677,317778.08630322583,268104.43307741935,273769.59943225805,308012.8948225806,178729.8413451613,14253.075206451615,116459.83635806451,48016.92978064516,-34243.29539032258,1,14,1,74,129,3,82,0,0,129,0,0,0,7,926426.0,696709.0,229717.0,0.248,82209.0,543307.0,435977.0,107330.0,0.1975,39.0,API,1068.0
2022-07-01,강북구,2022,7,1068.0,1762.0,1043.0,296822.1257833333,291133.2930366667,4854.228453333333,834.6043133333334,321104.8756166667,271874.18988,277182.06274,310850.7422633333,178996.76093333334,13649.084253333334,117651.44732,47696.22936,-33668.67952333334,1,14,1,74,129,3,82,0,0,129,0,0,0,7,926426.0,696709.0,229717.0,0.248,82209.0,543307.0,435977.0,107330.0,0.1975,39.0,API,1232.0
2022-08-01,강북구,2022,8,1232.0,1779.0,1071.0,290029.5061064516,284326.93740967737,4775.514351612904,927.0543580645161,313048.4278903226,266121.10406129033,271194.6207419355,303482.9956645161,171982.6938935484,13456.955748387096,113457.30400645161,45068.43413870968,-32288.37492258065,1,14,1,74,129,3,82,0,0,129,0,0,0,7,926426.0,696709.0,229717.0,0.248,82209.0,543307.0,435977.0,107330.0,0.1975,39.0,API,1238.0
2022-09-01,강북구,2022,9,1238.0,1873.0,1049.0,286842.53333225806,280914.6775870968,4902.686048387097,1025.1697,309858.09210645163,262818.60012258065,267966.1691548387,300325.6506032258,170091.5152516129,13063.794387096774,113216.13571935483,43811.58514516129,-32359.481448387098,1,14,1,74,129,3,82,0,0,129,0,0,0,7,926426.0,696709.0,229717.0,0.248,82209.0,543307.0,435977.0,107330.0,0.1975,39.0,API,1173.0
2022-10-01,강북구,2022,10,1173.0,1861.0,1098.0,288452.6132966667,282168.94944,5025.919726666666,1257.74412,312242.8506066667,263609.69229,269094.58398,302279.77707,170975.73326666665,14920.974446666667,110717.67294666666,45337.08587333334,-33185.19309,1,14,1,74,129,3,82,0,0,129,0,0,0,7,926426.0,696709.0,229717.0,0.248,82209.0,543307.0,435977.0,107330.0,0.1975,39.0,API,1233.0
2022-11-01,강북구,2022,11,1233.0,1847.0,970.0,287654.8986064516,281662.95824838715,5065.559022580645,926.3813548387096,311718.47291290323,262072.11757419354,267973.278516129,301713.19867741934,166582.77561612902,13126.986425806452,108907.17706129033,44548.612129032255,-33739.92016129032,1,14,1,74,129,3,82,0,0,129,0,0,0,7,926426.0,696709.0,229717.0,0.248,82209.0,543307.0,435977.0,107330.0,0.1975,39.0,API,1182.0
2022-12-01,강북구,2022,12,1182.0,1859.0,946.0,287144.20275,281103.8330066667,5144.415336666667,895.9544000000001,311418.09547999996,261045.33386666665,266779.3562433334,301690.52168666665,169489.10116,13371.108806666665,110644.57331333334,45473.41903999999,-34911.16544333334,1,14,1,74,129,3,82,0,0,129,0,0,0,7,926426.0,696709.0,229717.0,0.248,82209.0,543307.0,435977.0,107330.0,0.1975,39.0,API,1200.0
2023-01-01,강북구,2023,1,1200.0,1817.0,1022.0,290621.5565677419,284407.0066483871,5454.910241935484,759.6396806451613,312555.80062580644,266869.23321290326,272296.8853677419,303710.6074129032,167397.9213612903,13535.916648387096,110046.64858064517,43815.356132258064,-31413.722045161296,1,16,18,280,55,2,212,0,0,101,0,0,0,13,868731.0,652874.0,215857.0,0.2485,84536.0,482199.0,392134.0,90065.0,0.1868,0.0,API,1174.0
2023-02-01,강북구,2023,2,1174.0,1800.0,905.0,291612.14757419354,284931.956483871,5590.014422580645,1090.1766774193547,312752.0514967742,268772.57196774194,274127.4847903226,304101.1924064516,168343.65610967742,14883.135793548387,111042.79804516128,42417.72227096774,-29973.707616129035,1,16,18,280,55,2,212,0,0,101,0,0,0,13,868731.0,652874.0,215857.0,0.2485,84536.0,482199.0,392134.0,90065.0,0.1868,0.0,API,1013.0
2023-03-01,강북구,2023,3,1013.0,2230.0,1026.0,288347.6971857143,281985.11490357143,5522.960175,839.622125,311874.74117500003,262988.3825392857,268846.77515,302276.9272428571,167713.60444999998,13990.844389285714,110700.31624642857,43022.44381428572,-33430.15209285715,1,16,18,280,55,2,212,0,0,101,0,0,0,13,868731.0,652874.0,215857.0,0.2485,84536.0,482199.0,392134.0,90065.0,0.1868,0.0,API,1173.0
2023-04-01,강북구,2023,4,1173.0,1901.0,1024.0,287221.0023096774,280781.3721903226,5605.672864516128,833.9572774193548,311387.16557741934,261110.91436129034,267138.8392064516,301565.40452903224,164850.43902580644,14221.662638709679,106811.07601290323,43817.70037419355,-34426.56532258065,1,16,18,280,55,2,212,0,0,101,0,0,0,13,868731.0,652874.0,215857.0,0.2485,84536.0,482199.0,392134.0,90065.0,0.1868,0.0,API,1142.0
2023-05-01,강북구,2023,5,1142.0,1908.0,1119.0,285386.63437,279020.5466233333,5605.952323333333,760.13543,309751.51732,259232.80751666665,265220.43209666666,299791.06458666665,171145.71006,14124.797226666667,110965.14853333334,46055.7643,-34570.63249,1,16,18,280,55,2,212,0,0,101,0,0,0,13,868731.0,652874.0,215857.0,0.2485,84536.0,482199.0,392134.0,90065.0,0.1868,0.0,API,1229.0
2023-06-01,강북구,2023,6,1229.0,1799.0,1068.0,283270.09673548385,276992.67277096777,5513.668912903226,763.7550677419355,307452.4526677419,257634.88624193548,263604.60786129034,297316.8745129032,167488.47650645164,14058.199712903226,108567.32260322581,44862.95419032258,-33712.266651612896,1,16,18,280,55,2,212,0,0,101,0,0,0,13,868731.0,652874.0,215857.0,0.2485,84536.0,482199.0,392134.0,90065.0,0.1868,0.0,API,1122.0
2023-07-01,강북구,2023,7,1122.0,2046.0,1232.0,282523.5797266666,276113.30364666664,5553.9766666666665,856.2994233333334,306198.7952666667,257817.45888333334,263228.45298,296305.81312666665,167825.15212666665,13440.648519999999,109490.72741333333,44893.77619333333,-33077.360146666666,1,16,18,280,55,2,212,0,0,101,0,0,0,13,868731.0,652874.0,215857.0,0.2485,84536.0,482199.0,392134.0,90065.0,0.1868,0.0,API,1294.0
2023-08-01,강북구,2023,8,1294.0,2195.0,1238.0,282889.6693774194,276516.87356774195,5615.465222580645,757.3305870967743,305015.1762516129,259956.56917096773,264855.5630935484,295771.1738774194,163761.3344935484,13746.578274193549,107591.34307096773,42423.413148387095,-30915.61078387097,1,16,18,280,55,2,212,0,0,101,0,0,0,13,868731.0,652874.0,215857.0,0.2485,84536.0,482199.0,392134.0,90065.0,0.1868,0.0,API,1321.0
2023-09-01,강북구,2023,9,1321.0,1997.0,1173.0,279878.74966451613,273419.82612903224,5743.874374193549,715.0491677419354,302885.60355806455,256556.6164451613,261549.00501612906,292971.4244193548,163389.29804193546,13231.65321935484,107750.90762580645,42406.73719677419,-31422.419403225806,1,16,18,280,55,2,212,0,0,101,0,0,0,13,868731.0,652874.0,215857.0,0.2485,84536.0,482199.0,392134.0,90065.0,0.1868,0.0,API,1267.0
2023-10-01,강북구,2023,10,1267.0,1958.0,1233.0,284680.0082466667,277659.60016666667,6079.042463333333,941.3656333333333,308464.95498999994,260427.33483666665,265975.34500333335,298040.4820166667,166251.59116333333,15671.072356666667,107092.22693333334,43488.29187333333,-32065.137013333337,1,16,18,280,55,2,212,0,0,101,0,0,0,13,868731.0,652874.0,215857.0,0.2485,84536.0,482199.0,392134.0,90065.0,0.1868,0.0,API,1220.0
2023-11-01,강북구,2023,11,1220.0,1908.0,1182.0,280692.8096516129,273996.98157096776,5977.4627967741935,718.3652838709677,304241.3440354839,255742.80278064514,261422.69290645162,294457.1787548387,164764.21298709678,13882.250290322581,107732.81474516129,43149.147951612904,-33034.4858483871,1,16,18,280,55,2,212,0,0,101,0,0,0,13,868731.0,652874.0,215857.0,0.2485,84536.0,482199.0,392134.0,90065.0,0.1868,0.0,API,1085.0
2023-12-01,강북구,2023,12,1085.0,1982.0,1200.0,280149.7125966667,273411.5848633333,6070.0781799999995,668.0495533333334,306556.1725433333,253695.3219266667,259297.0140066667,295044.4973,168487.90364,15744.490693333333,108453.14518333334,44290.26776333333,-35747.48329333333,1,16,18,280,55,2,212,0,0,101,0,0,0,13,868731.0,652874.0,215857.0,0.2485,84536.0,482199.0,392134.0,90065.0,0.1868,0.0,API,1258.0
2024-01-01,강북구,2024,1,1258.0,1900.0,1174.0,287042.6727096774,279466.32644516125,6860.981577419355,715.3646967741936,312135.65238064516,262968.7785612903,268220.34123225807,300487.1951935484,167886.77917096773,18491.04170967742,106035.94580967742,43359.791651612904,-32266.853961290322,0,12,18,196,128,0,132,0,0,51,0,0,0,5,848852.0,648030.0,200822.0,0.2366,94292.0,473373.0,386310.0,87063.0,0.1839,9.0,API,1210.0
2024-02-01,강북구,2024,2,1210.0,1642.0,1013.0,282587.5769903226,275780.6452483871,6079.866251612903,727.0654870967742,306279.72720322583,258380.25646451613,264106.1407870968,295788.6028580645,163236.52354516127,17411.860851612902,105626.51109999999,40198.15159354839,-31682.462070967744,0,12,18,196,128,0,132,0,0,51,0,0,0,5,848852.0,648030.0,200822.0,0.2366,94292.0,473373.0,386310.0,87063.0,0.1839,9.0,API,1023.0
2024-03-01,강북구,2024,3,1023.0,1906.0,1173.0,281731.4376,275136.877462069,5798.92574137931,795.6344137931035,303701.7036310345,258350.32346206898,264131.7381586207,294302.6514896552,164539.80071379308,16806.36175862069,106199.6702137931,41533.76874137931,-30170.91333103448,0,12,18,196,128,0,132,0,0,51,0,0,0,5,848852.0,648030.0,200822.0,0.2366,94292.0,473373.0,386310.0,87063.0,0.1839,9.0,API,1015.0
2024-04-01,강북구,2024,4,1015.0,1885.0,1142.0,281961.65725483873,274940.52547419356,6243.798229032258,777.3335483870968,306263.11370000005,256305.4422387097,262383.47333225806,295946.0743419355,162528.65166774194,16123.12540967742,104009.54135483872,42395.984903225806,-33562.60100967742,0,12,18,196,128,0,132,0,0,51,0,0,0,5,848852.0,648030.0,200822.0,0.2366,94292.0,473373.0,386310.0,87063.0,0.1839,9.0,API,1025.0
2024-05-01,강북구,2024,5,1025.0,2082.0,1229.0,277404.7231,270565.21519666666,6171.706186666666,667.8017366666667,302581.1931133334,250867.19554000002,257081.15245666666,291921.5592666667,168298.80296,14299.890793333332,108776.43158666667,45222.480579999996,-34840.40681,0,12,18,196,128,0,132,0,0,51,0,0,0,5,848852.0,648030.0,200822.0,0.2366,94292.0,473373.0,386310.0,87063.0,0.1839,9.0,API,1110.0
2024-06-01,강북구,2024,6,1110.0,1865.0,1122.0,275345.08563548385,268498.8419774194,6202.003270967742,644.2403774193549,299113.76647096773,250219.93787096775,256097.93773225805,289093.04842258064,151248.0556548387,13578.448167741935,97219.89590645161,40449.711580645155,-32995.11069032258,0,12,18,196,128,0,132,0,0,51,0,0,0,5,848852.0,648030.0,200822.0,0.2366,94292.0,473373.0,386310.0,87063.0,0.1839,9.0,API,1051.0
2024-07-01,강북구,2024,7,1051.0,2135.0,1294.0,274171.50964,267267.62965666666,6261.57306,642.3069166666667,296591.68568,250905.86990999998,256168.88476,287030.52740666666,150876.04731333334,13647.902493333333,97171.71774666666,40056.42707333333,-30861.64264666667,0,12,18,196,128,0,132,0,0,51,0,0,0,5,848852.0,648030.0,200822.0,0.2366,94292.0,473373.0,386310.0,87063.0,0.1839,9.0,API,1099.0
2024-08-01,강북구,2024,8,1099.0,2138.0,1321.0,272063.9875774194,265586.7702548387,5839.03310967742,638.1842225806452,294582.0672290323,248130.32581612904,253461.94846129033,285351.1583677419,147435.99436129033,13431.69478064516,95543.76157096773,38460.53800967742,-31889.20990645161,0,12,18,196,128,0,132,0,0,51,0,0,0,5,848852.0,648030.0,200822.0,0.2366,94292.0,473373.0,386310.0,87063.0,0.1839,9.0,API,1140.0
2024-09-01,강북구,2024,9,1140.0,2079.0,1267.0,270494.72978064517,263963.90153548383,5874.631164516129,656.197064516129,292963.67061612906,247260.18502580645,252256.60725161288,283521.96014516125,149471.7497064516,13655.03136451613,97283.2826451613,38533.43569677419,-31265.35289354839,0,12,18,196,128,0,132,0,0,51,0,0,0,5,848852.0,648030.0,200822.0,0.2366,94292.0,473373.0,386310.0,87063.0,0.1839,9.0,API,967.0
2024-10-01,강북구,2024,10,967.0,1973.0,1220.0,272580.81040333334,265355.87550333334,6345.408583333334,879.5263233333334,294909.6693633333,249348.08892333333,254706.58411666667,285348.11491,157153.4082166667,15511.438063333333,100754.41099333334,40887.55916,-30641.530793333335,0,12,18,196,128,0,132,0,0,51,0,0,0,5,848852.0,648030.0,200822.0,0.2366,94292.0,473373.0,386310.0,87063.0,0.1839,9.0,API,937.0
2024-11-01,강북구,2024,11,937.0,1794.0,1085.0,270185.891616129,263228.5749,6219.6502838709675,737.666435483871,294368.02457096777,243779.29935483873,250111.6888451613,284524.6078774194,152657.49983225804,13218.362035483871,99491.88799354839,39947.2498032258,-34412.91903225806,0,12,18,196,128,0,132,0,0,51,0,0,0,5,848852.0,648030.0,200822.0,0.2366,94292.0,473373.0,386310.0,87063.0,0.1839,9.0,API,889.0
2024-12-01,강북구,2024,12,889.0,2049.0,1258.0,269944.36164666666,262995.32254666666,6200.371843333332,748.6672633333333,293836.0051566667,243534.47182333333,249750.03804666668,284368.87851666665,157032.26929000003,14017.301506666667,101384.91974,41630.048043333336,-34618.84047,0,12,18,196,128,0,132,0,0,51,0,0,0,5,848852.0,648030.0,200822.0,0.2366,94292.0,473373.0,386310.0,87063.0,0.1839,9.0,API,986.0
2025-01-01,강북구,2025,1,986.0,1891.0,1210.0,271490.5637,264494.0561483871,6198.794551612903,797.713,293721.9740290323,246726.5377032258,253414.1921516129,284402.25767419353,152947.63809032258,13871.926516129033,99497.92098387096,39577.790590322584,-30988.06552258064,0,20,0,51,158,1,124,4,101,97,26,8,0,6,823158.0,619442.0,203716.0,0.2475,78378.0,481554.0,407192.0,74362.0,0.1544,103.0,API,1056.0
2025-02-01,강북구,2025,2,1056.0,1728.0,1023.0,272376.6856645161,265835.5868774193,5762.902390322581,778.1964032258065,291870.44538064516,250413.88823870965,256082.50669032257,284015.384916129,150036.78887741934,14616.510029032257,98611.01004838709,36809.2688,-27932.878225806453,0,20,0,51,158,1,124,4,101,97,26,8,0,6,823158.0,619442.0,203716.0,0.2475,78378.0,481554.0,407192.0,74362.0,0.1544,103.0,API,862.0
2025-03-01,강북구,2025,3,862.0,1846.0,1015.0,270570.55411785713,264080.1344107143,5796.096621428572,694.3230928571429,292578.0003571428,246515.50126428573,252209.66393928573,283685.47568214283,149477.11425357143,12583.139689285714,99302.84482500001,37591.129739285716,-31475.81174285715,0,20,0,51,158,1,124,4,101,97,26,8,0,6,823158.0,619442.0,203716.0,0.2475,78378.0,481554.0,407192.0,74362.0,0.1544,103.0,API,947.0
2025-04-01,강북구,2025,4,947.0,1884.0,1025.0,271325.1381419355,264160.6994483871,6398.489561290323,765.9491387096774,293433.0965580645,246464.21757096774,252654.18967096775,284661.52991290326,146540.8143516129,13506.127548387098,95034.64181612903,38000.04498709677,-32007.340241935486,0,20,0,51,158,1,124,4,101,97,26,8,0,6,823158.0,619442.0,203716.0,0.2475,78378.0,481554.0,407192.0,74362.0,0.1544,103.0,API,893.0
2025-05-01,강북구,2025,5,893.0,1987.0,1110.0,266818.67978,259914.70929666667,6222.067736666667,681.9027466666666,290377.1110466666,240722.32677666665,246931.69677333333,281023.66765333334,156086.20182333334,12808.038406666667,101876.09727,41402.066146666664,-34091.97088000001,0,20,0,51,158,1,124,4,101,97,26,8,0,6,823158.0,619442.0,203716.0,0.2475,78378.0,481554.0,407192.0,74362.0,0.1544,103.0,API,986.0
2025-06-01,강북구,2025,6,986.0,1921.0,1051.0,265635.8378064516,258693.39951612902,6230.338280645162,712.0999935483871,288143.1031,240840.03774838708,246959.3597064516,278976.17931290326,150986.67210967743,12987.345619354839,98337.77701612902,39661.54947419355,-32016.81960645162,0,20,0,51,158,1,124,4,101,97,26,8,0,6,823158.0,619442.0,203716.0,0.2475,78378.0,481554.0,407192.0,74362.0,0.1544,103.0,API,998.0
2025-07-01,강북구,2025,7,998.0,2084.0,1099.0,265793.66907,258823.16109666665,6278.943903333333,691.5640766666667,287506.7587,242358.08732666666,247939.20353666664,278546.8587466667,154066.08116,12711.428683333334,101572.50614333333,39782.14633333333,-30607.655210000004,0,20,0,51,158,1,124,4,101,97,26,8,0,6,823158.0,619442.0,203716.0,0.2475,78378.0,481554.0,407192.0,74362.0,0.1544,103.0,API,998.0
2025-08-01,강북구,2025,8,998.0,2317.0,1140.0,262805.2798,256333.33736774194,5789.866180645161,682.0762419354838,285269.4030290322,239160.97197096774,244412.29148387097,275943.1286,149768.9674032258,12451.23649032258,98508.13608709678,38809.59482580645,-31530.83711612903,0,20,0,51,158,1,124,4,101,97,26,8,0,6,823158.0,619442.0,203716.0,0.2475,78378.0,481554.0,407192.0,74362.0,0.1544,103.0,API,1036.0
2025-09-01,강북구,2025,9,1036.0,1911.0,967.0,261909.8678,255342.33665161292,5856.642770967742,710.8883741935484,283324.8689225806,239396.52912258066,244613.85546451612,274264.16232258064,150146.30302580644,12765.618245161291,98941.9562548387,38438.72852580645,-29650.306858064516,0,20,0,51,158,1,124,4,101,97,26,8,0,6,823158.0,619442.0,203716.0,0.2475,78378.0,481554.0,407192.0,74362.0,0.1544,103.0,API,1037.0
2025-10-01,강북구,2025,10,1037.0,1799.0,937.0,262310.5305733333,255230.92071333333,6292.968523333333,786.64134,286566.88047000003,236512.25001333334,242458.20970666668,276490.75975666667,151990.02701666666,13481.49302,98906.26948666667,39602.26451,-34032.550050000005,0,20,0,51,158,1,124,4,101,97,26,8,0,6,823158.0,619442.0,203716.0,0.2475,78378.0,481554.0,407192.0,74362.0,0.1544,103.0,API,1036.0
2025-11-01,강북구,2025,11,1036.0,1767.0,889.0,262707.91009354836,255585.54857741937,6298.549819354839,823.8116838709677,287044.55858387094,239183.91346451614,244670.67058709677,275591.6526032258,149629.26037419357,14136.688135483872,96765.89042580644,38726.681812903225,-30920.982016129037,0,20,0,51,158,1,124,4,101,97,26,8,0,6,823158.0,619442.0,203716.0,0.2475,78378.0,481554.0,407192.0,74362.0,0.1544,103.0,API,944.0
2025-12-01,강북구,2025,12,944.0,1854.0,986.0,262368.8453966667,255133.47485,6373.51173,861.8588433333333,284849.89115,238252.20351,243923.38193666667,275544.17644666665,149784.67023333334,13013.351823333333,97116.57421333334,39654.74419666667,-31620.794510000003,0,20,0,51,158,1,124,4,101,97,26,8,0,6,823158.0,619442.0,203716.0,0.2475,78378.0,481554.0,407192.0,74362.0,0.1544,103.0,API,1019.0
2017-01-01,강서구,2017,1,,,,,,,,,,,,,,,,,7,126,7,111,4,47,430,0,0,268,0,0,0,63,,,,,,,,,,,API,1349.0
2017-02-01,강서구,2017,2,1349.0,,,,,,,,,,,,,,,,7,126,7,111,4,47,430,0,0,268,0,0,0,63,,,,,,,,,,,API,1121.0
2017-03-01,강서구,2017,3,1121.0,,,,,,,,,,,,,,,,7,126,7,111,4,47,430,0,0,268,0,0,0,63,,,,,,,,,,,API,1269.0
2017-04-01,강서구,2017,4,1269.0,,,,,,,,,,,,,,,,7,126,7,111,4,47,430,0,0,268,0,0,0,63,,,,,,,,,,,API,1320.0
2017-05-01,강서구,2017,5,1320.0,,,,,,,,,,,,,,,,7,126,7,111,4,47,430,0,0,268,0,0,0,63,,,,,,,,,,,API,1367.0
2017-06-01,강서구,2017,6,1367.0,,,,,,,,,,,,,,,,7,126,7,111,4,47,430,0,0,268,0,0,0,63,,,,,,,,,,,API,1367.0
2017-07-01,강서구,2017,7,1367.0,,,,,,,,,,,,,,,,7,126,7,111,4,47,430,0,0,268,0,0,0,63,,,,,,,,,,,API,1450.0
2017-08-01,강서구,2017,8,1450.0,,,,,,,,,,,,,,,,7,126,7,111,4,47,430,0,0,268,0,0,0,63,,,,,,,,,,,API,1463.0
2017-09-01,강서구,2017,9,1463.0,,,,,,,,,,,,,,,,7,126,7,111,4,47,430,0,0,268,0,0,0,63,,,,,,,,,,,API,1342.0
2017-10-01,강서구,2017,10,1342.0,,,,,,,,,,,,,,,,7,126,7,111,4,47,430,0,0,268,0,0,0,63,,,,,,,,,,,API,1268.0
2017-11-01,강서구,2017,11,1268.0,,,,,,,,,,,,,,,,7,126,7,111,4,47,430,0,0,268,0,0,0,63,,,,,,,,,,,API,1321.0
2017-12-01,강서구,2017,12,1321.0,,,,,,,,,,,,,,,,7,126,7,111,4,47,430,0,0,268,0,0,0,63,,,,,,,,,,,API,1491.0
2018-01-01,강서구,2018,1,1491.0,2058.0,1349.0,,,,,,,,,,,,,,0,97,4,116,6,21,407,0,0,286,0,0,0,27,,,,,,,,,,,API,1548.0
2018-02-01,강서구,2018,2,1548.0,1724.0,1121.0,,,,,,,,,,,,,,0,97,4,116,6,21,407,0,0,286,0,0,0,27,,,,,,,,,,,API,1325.0
2018-03-01,강서구,2018,3,1325.0,1931.0,1269.0,,,,,,,,,,,,,,0,97,4,116,6,21,407,0,0,286,0,0,0,27,,,,,,,,,,,API,1290.0
2018-04-01,강서구,2018,4,1290.0,2063.0,1320.0,,,,,,,,,,,,,,0,97,4,116,6,21,407,0,0,286,0,0,0,27,,,,,,,,,,,API,1335.0
2018-05-01,강서구,2018,5,1335.0,2145.0,1367.0,564115.69315,544716.6057538462,9685.841892307693,9713.245507692307,602550.6627846154,522819.00328846154,533500.8589615385,585983.4318692307,284403.6783769231,63684.25446923077,151837.83142307692,68881.59248461538,-52482.572907692316,0,97,4,116,6,21,407,0,0,286,0,0,0,27,,,,,,,,,,,API,1417.0
2018-06-01,강서구,2018,6,1417.0,2080.0,1367.0,562865.419883871,544646.4903483872,9738.823361290322,8480.106167741935,603204.9399258064,521161.2221129032,532016.7472806452,583610.598216129,274402.1445483871,62441.88026774193,144074.96164838708,67885.30263225807,-51593.85093548387,0,97,4,116,6,21,407,0,0,286,0,0,0,27,,,,,,,,,,,API,1404.0
2018-07-01,강서구,2018,7,1404.0,2200.0,1450.0,568186.20848,550112.3354033333,10147.203993333333,7926.669103333334,605448.42042,531084.1896966667,540320.7927933333,588090.0768366667,259822.76429333334,61053.576916666665,134248.87499333333,64520.31238333333,-47769.28404333335,0,97,4,116,6,21,407,0,0,286,0,0,0,27,,,,,,,,,,,API,1578.0
2018-08-01,강서구,2018,8,1578.0,2192.0,1463.0,571794.8503064516,551904.4275548387,10432.180512903225,9458.24224516129,606646.5422129033,537264.5336838709,545373.4422774194,590667.284632258,262572.7543516129,63679.31548387097,133624.43972258063,65268.999145161295,-45293.8423548387,0,97,4,116,6,21,407,0,0,286,0,0,0,27,,,,,,,,,,,API,1540.0
2018-09-01,강서구,2018,9,1540.0,2060.0,1342.0,567230.4767354839,547915.5937032258,10473.682874193548,8841.200174193547,601749.9690258064,533324.1899225807,541122.8609741936,584579.0648322582,269800.75108387094,63042.95642580646,140156.75576774194,66601.03889032258,-43456.203858064524,0,97,4,116,6,21,407,0,0,286,0,0,0,27,,,,,,,,,,,API,1458.0
2018-10-01,강서구,2018,10,1458.0,1976.0,1268.0,562318.6874533333,543689.5208966667,9928.009759999999,8701.156806666668,598719.3527,525456.75802,535834.91007,581235.6712999999,256014.46620333334,61245.403013333336,131688.83933666666,63080.22385333334,-45400.76123,0,97,4,116,6,21,407,0,0,286,0,0,0,27,,,,,,,,,,,API,1449.0
2018-11-01,강서구,2018,11,1449.0,2023.0,1321.0,568778.5404870968,549292.6385387097,9884.895796774194,9601.006145161291,606616.7099806451,529830.1445967742,539449.2010354839,588409.9970935483,259959.2800451613,63079.05600967742,132505.16632258066,64375.057712903224,-48960.796058064516,0,97,4,116,6,21,407,0,0,286,0,0,0,27,,,,,,,,,,,API,1335.0
2018-12-01,강서구,2018,12,1335.0,2302.0,1491.0,570202.0018133334,550421.1159533333,9941.392416666667,9839.49345,607139.8305533334,533545.9925566666,542653.0187333333,589879.84689,272090.1036066667,68142.36502333333,135137.10580333334,68810.63278,-47226.82815666668,0,97,4,116,6,21,407,0,0,286,0,0,0,27,,,,,,,,,,,API,1473.0
2019-01-01,강서구,2019,1,1473.0,2349.0,1548.0,578641.1921064516,559122.905716129,10320.352077419355,9197.934306451612,609844.0214032258,546505.6977580645,554804.9854870967,595667.0539806451,262628.02005483874,64304.81545806451,133717.59969354837,64605.60490322581,-40862.06849354839,0,72,3,116,3,19,364,0,0,243,0,0,0,25,,,,,,,,,,,API,1277.0
2019-02-01,강서구,2019,2,1277.0,2080.0,1325.0,581238.7700483871,560735.6722451613,10849.051370967742,9654.046441935483,612620.2433838709,548938.7044709676,556596.2880774193,598840.5428935484,271993.31676129036,66979.6712516129,138008.12314193547,67005.52236774194,-42244.25481612904,0,72,3,116,3,19,364,0,0,243,0,0,0,25,,,,,,,,,,,API,1220.0
2019-03-01,강서구,2019,3,1220.0,2088.0,1290.0,566962.5717178572,547043.3072892857,10977.708267857142,8941.556167857143,596718.9777214286,537922.9396142857,546291.3097428571,581727.75885,264751.90682857146,67444.88613214286,132212.03118214285,65094.98951428571,-35436.44910714285,0,72,3,116,3,19,364,0,0,243,0,0,0,25,,,,,,,,,,,API,1297.0
2019-04-01,강서구,2019,4,1297.0,2058.0,1335.0,570426.1770483871,552741.7454419355,10156.233003225807,7528.198638709677,601943.2452806452,537886.337316129,545409.2989032258,588295.3757451613,251988.19967096773,61870.16917419355,126984.17598064516,63133.85451612903,-42886.07684193547,0,72,3,116,3,19,364,0,0,243,0,0,0,25,,,,,,,,,,,API,1331.0
2019-05-01,강서구,2019,5,1331.0,2205.0,1417.0,556381.50579,538728.2892333333,9857.410456666667,7795.806113333334,589911.8181299999,521024.5372466667,529944.9232,575264.7790766667,268812.6863066667,64652.904493333335,135593.19306000002,68566.58875333333,-45319.85587666668,0,72,3,116,3,19,364,0,0,243,0,0,0,25,,,,,,,,,,,API,1425.0
2019-06-01,강서구,2019,6,1425.0,2153.0,1404.0,538419.4815612903,520669.24751612905,9523.288387096774,8226.945670967742,571860.8759129032,505421.9715032258,513284.74821935483,556372.8625451614,249661.7268,60801.87698387097,125624.29690645162,63235.55290967742,-43088.11432580646,0,72,3,116,3,19,364,0,0,243,0,0,0,25,,,,,,,,,,,API,1378.0
2019-07-01,강서구,2019,7,1378.0,2461.0,1578.0,543067.3278033334,525174.6638633333,9954.118856666666,7938.54509,573959.2099633333,512298.6354533333,520027.86059,559524.0901066667,242678.99787333334,58933.94641333333,123005.16502666665,60739.886433333326,-39496.22951666665,0,72,3,116,3,19,364,0,0,243,0,0,0,25,,,,,,,,,,,API,1494.0
2019-08-01,강서구,2019,8,1494.0,2352.0,1540.0,540638.8888225807,522061.3265193548,10540.660087096776,8036.902245161291,570829.8388129033,510731.05819677416,517780.71160967747,556966.1582741935,229697.79397741935,58202.42580967742,113611.41168064516,57883.95648709677,-39185.44666451614,0,72,3,116,3,19,364,0,0,243,0,0,0,25,,,,,,,,,,,API,1411.0
2019-09-01,강서구,2019,9,1411.0,2191.0,1458.0,544463.9517451612,526300.5669935484,10666.823458064517,7496.5613,575508.6217677419,514030.4124935484,521615.21085806447,560784.4809612903,236101.07682258065,60718.33407096774,115837.21667096774,59545.52608064516,-39169.27010322581,0,72,3,116,3,19,364,0,0,243,0,0,0,25,,,,,,,,,,,API,1364.0
2019-10-01,강서구,2019,10,1364.0,2155.0,1449.0,546511.2728466666,528372.45369,10249.117460000001,7889.701706666666,577242.6160733333,516650.53629333334,523582.85001,562888.71775,244121.3387366667,64184.96307666667,116924.30327,63012.07239,-39305.867739999994,0,72,3,116,3,19,364,0,0,243,0,0,0,25,,,,,,,,,,,API,1427.0
2019-11-01,강서구,2019,11,1427.0,1985.0,1335.0,554707.3310306452,536057.5000758065,10008.610851612904,8641.220082258063,587538.8568887097,520160.6481854839,528145.8614967741,573679.8092645161,252991.6402483871,65529.65334193548,120633.72522903226,66828.26167741936,-45533.947767741905,0,72,3,116,3,19,364,0,0,243,0,0,0,25,,,,,,,,,,,API,1388.0
2019-12-01,강서구,2019,12,1388.0,2227.0,1473.0,563845.9417799999,544353.7945399999,10030.382616666668,9461.76463,595688.9137533333,531633.59938,539347.33079,581344.9496366667,251917.22883333333,66512.05717999999,119907.97611333334,65497.19554,-41997.61884666667,0,72,3,116,3,19,364,0,0,243,0,0,0,25,,,,,,,,,,,API,1495.0
2020-01-01,강서구,2020,1,1495.0,2052.0,1277.0,566760.0574225807,547212.9112129032,10105.79666451613,9441.34955483871,595496.741232258,537357.1073193548,544710.8303709677,582509.5053225806,264614.0903870968,68522.16480967742,128881.39359354839,67210.53198387097,-37798.67495161291,0,34,3,74,1,26,139,0,0,109,0,0,0,6,1419243.0,895605.0,523638.0,0.369,,853664.0,615640.0,238024.0,0.2788,,API,1362.0
2020-02-01,강서구,2020,2,1362.0,1851.0,1220.0,564392.7935096774,544688.8788354839,10852.765216129032,8851.149461290323,592246.0927677419,537008.0649870968,543702.1045064516,579171.8570741935,263258.31558064517,69424.35235806451,128453.04766774194,65380.91555483871,-35469.75256774194,0,34,3,74,1,26,139,0,0,109,0,0,0,6,1419243.0,895605.0,523638.0,0.369,,853664.0,615640.0,238024.0,0.2788,,API,1104.0
2020-03-01,강서구,2020,3,1104.0,1972.0,1297.0,572199.9718275862,552687.463437931,10791.787103448276,8720.72128275862,596765.9945482758,545966.1246689655,552045.6663379311,586595.9043275862,251879.02998620688,60551.49564137931,128063.9337,63263.60064482759,-34550.23798965517,0,34,3,74,1,26,139,0,0,109,0,0,0,6,1419243.0,895605.0,523638.0,0.369,,853664.0,615640.0,238024.0,0.2788,,API,924.0
2020-04-01,강서구,2020,4,924.0,2026.0,1331.0,564437.5117258064,549883.9828709677,10424.830970967743,4128.697903225806,585741.2657258065,539481.349,546252.7478161291,577426.628816129,238822.14538064515,53961.0190032258,125796.9692,59064.15717741936,-31173.881000000012,0,34,3,74,1,26,139,0,0,109,0,0,0,6,1419243.0,895605.0,523638.0,0.369,,853664.0,615640.0,238024.0,0.2788,,API,1060.0
2020-05-01,강서구,2020,5,1060.0,2148.0,1425.0,557250.5134133333,544367.18911,10000.90706,2882.41725,580639.9966000001,531097.2268033333,538042.58971,570970.45892,247520.92089333333,57276.20415,128092.12534,62152.59140333333,-32927.869210000004,0,34,3,74,1,26,139,0,0,109,0,0,0,6,1419243.0,895605.0,523638.0,0.369,,853664.0,615640.0,238024.0,0.2788,,API,1210.0
2020-06-01,강서구,2020,6,1210.0,2060.0,1378.0,552863.1307290322,540395.954232258,9926.728687096775,2540.4478129032254,575377.8702451613,528690.7953096774,534767.2783193549,565788.7396064516,246446.79432258065,58827.92481935484,124785.15282258064,62833.716680645164,-31021.46128709678,0,34,3,74,1,26,139,0,0,109,0,0,0,6,1419243.0,895605.0,523638.0,0.369,,853664.0,615640.0,238024.0,0.2788,,API,1237.0
2020-07-01,강서구,2020,7,1237.0,2247.0,1494.0,552867.5598233334,538969.64749,9694.869876666666,4203.042456666667,576519.2155,529226.8080833333,534532.2748133333,565964.1919566666,250048.54840333335,60714.91169666666,123808.15557333334,65525.48113333333,-31431.91714333334,0,34,3,74,1,26,139,0,0,109,0,0,0,6,1419243.0,895605.0,523638.0,0.369,,853664.0,615640.0,238024.0,0.2788,,API,1227.0
2020-08-01,강서구,2020,8,1227.0,2182.0,1411.0,553098.233416129,539874.9366032259,9790.550351612903,3432.746451612903,577363.9035193549,528245.7163935484,534414.0070258065,566444.109416129,248078.76601612906,60641.26358709677,121708.54426451614,65728.95816451612,-32030.102390322572,0,34,3,74,1,26,139,0,0,109,0,0,0,6,1419243.0,895605.0,523638.0,0.369,,853664.0,615640.0,238024.0,0.2788,,API,1208.0
2020-09-01,강서구,2020,9,1208.0,2100.0,1364.0,549904.7726290323,537249.1265806452,9739.665041935483,2915.9810032258065,569472.9291193548,529371.8122903226,534852.6217645161,560656.3089741936,238367.71591290325,57427.61008387097,120035.78265483871,60904.323174193545,-25803.687209677417,0,34,3,74,1,26,139,0,0,109,0,0,0,6,1419243.0,895605.0,523638.0,0.369,,853664.0,615640.0,238024.0,0.2788,,API,1095.0
2020-10-01,강서구,2020,10,1095.0,2112.0,1427.0,554063.1784133333,541104.2483733334,9763.09312,3195.8369233333333,574313.2249166666,532213.9069766667,537951.4738333334,565571.5388300001,239072.90255333335,56923.50436,119747.59162666668,62401.806566666666,-27620.06499666667,0,34,3,74,1,26,139,0,0,109,0,0,0,6,1419243.0,895605.0,523638.0,0.369,,853664.0,615640.0,238024.0,0.2788,,API,1171.0
2020-11-01,강서구,2020,11,1171.0,2040.0,1388.0,549368.3259354838,535641.7973387097,9762.524293548388,3964.0043193548386,571936.9808935483,526129.446432258,532293.9319483871,561564.321648387,246797.74556129033,62545.807487096776,121074.10282903226,63177.83524516129,-29270.38969999998,0,34,3,74,1,26,139,0,0,109,0,0,0,6,1419243.0,895605.0,523638.0,0.369,,853664.0,615640.0,238024.0,0.2788,,API,1080.0
2020-12-01,강서구,2020,12,1080.0,2153.0,1495.0,552330.46462,538402.758,9835.571663333334,4092.1349800000003,574010.1579199999,530812.0042,535870.8338966666,564087.3437366667,248840.95343000002,64033.62511666667,120643.61259666667,64163.715716666666,-28216.509840000006,0,34,3,74,1,26,139,0,0,109,0,0,0,6,1419243.0,895605.0,523638.0,0.369,,853664.0,615640.0,238024.0,0.2788,,API,996.0
2021-01-01,강서구,2021,1,996.0,1998.0,1362.0,554743.1358774194,540795.7950290323,9930.564787096773,4016.77605483871,571474.2023580645,535573.0864,540375.5879129032,565005.6701451613,228219.92329032256,55115.21228387097,115009.49204516129,58095.218961290324,-24630.08223225806,0,18,0,46,5,27,107,0,0,88,0,0,0,2,1381596.0,898712.0,482884.0,0.3495,,904257.0,668630.0,235627.0,0.2606,,API,1017.0
2021-02-01,강서구,2021,2,1017.0,1701.0,1104.0,556917.4865225806,542863.2789935484,9933.288274193548,4120.919248387097,572604.8476290323,538050.4275580646,542946.2474032259,566896.9430419354,236357.3656903226,57462.669780645156,119940.04441935483,58954.651490322576,-23950.695638709672,0,18,0,46,5,27,107,0,0,88,0,0,0,2,1381596.0,898712.0,482884.0,0.3495,,904257.0,668630.0,235627.0,0.2606,,API,1014.0
2021-03-01,강서구,2021,3,1014.0,1562.0,924.0,551888.9456107143,538104.4905178571,9990.33580357143,3794.1193035714286,570826.0168571429,531246.011525,537071.9076535715,562472.5441500001,246604.50767857142,63141.725257142854,121073.94962142858,62388.8328,-25400.636496428575,0,18,0,46,5,27,107,0,0,88,0,0,0,2,1381596.0,898712.0,482884.0,0.3495,,904257.0,668630.0,235627.0,0.2606,,API,1085.0
2021-04-01,강서구,2021,4,1085.0,1707.0,1060.0,555691.6179774193,542371.6814387097,9908.459212903226,3411.477335483871,576671.4231741936,533835.2406612904,539467.8010741936,567280.058616129,247373.37859354838,64697.09755483871,118703.82335806452,63972.45768064516,-27812.25754193548,0,18,0,46,5,27,107,0,0,88,0,0,0,2,1381596.0,898712.0,482884.0,0.3495,,904257.0,668630.0,235627.0,0.2606,,API,1140.0
2021-05-01,강서구,2021,5,1140.0,1907.0,1210.0,548575.5376533333,535107.22155,9765.241626666666,3703.0744733333336,570397.2813266667,526147.3685366666,531753.0965966667,560591.5669766667,259250.61075666666,66446.26817,125389.55323333334,67414.78935333334,-28838.47038000001,0,18,0,46,5,27,107,0,0,88,0,0,0,2,1381596.0,898712.0,482884.0,0.3495,,904257.0,668630.0,235627.0,0.2606,,API,1237.0
2021-06-01,강서구,2021,6,1237.0,1931.0,1237.0,548491.3563322581,535154.0414774193,9545.274232258065,3792.040606451613,569414.4252935485,527333.9897580645,532976.2553451613,559573.571332258,245434.9180032258,64164.26988387097,118592.07327741936,62678.57484193548,-26597.31598709678,0,18,0,46,5,27,107,0,0,88,0,0,0,2,1381596.0,898712.0,482884.0,0.3495,,904257.0,668630.0,235627.0,0.2606,,API,1311.0
2021-07-01,강서구,2021,7,1311.0,2022.0,1227.0,550114.3235,537048.67609,9544.09188,3521.5555233333334,572076.4913199999,528545.0379066666,534023.5365066667,561607.7427733333,253262.07955,66711.83263666666,121969.83730333335,64580.40961,-27584.20626666668,0,18,0,46,5,27,107,0,0,88,0,0,0,2,1381596.0,898712.0,482884.0,0.3495,,904257.0,668630.0,235627.0,0.2606,,API,1389.0
2021-08-01,강서구,2021,8,1389.0,2083.0,1208.0,552745.0802258065,539499.3255451613,9665.574183870967,3580.180506451613,571277.8532,535187.3885806452,539470.7413258065,562226.7508774193,241691.81743225807,63101.74688709677,116779.25789354838,61810.8126516129,-22756.009551612893,0,18,0,46,5,27,107,0,0,88,0,0,0,2,1381596.0,898712.0,482884.0,0.3495,,904257.0,668630.0,235627.0,0.2606,,API,1305.0
2021-09-01,강서구,2021,9,1305.0,1799.0,1095.0,551278.7007612904,537850.8378354838,9559.349406451613,3868.5135322580645,569230.2374,532143.7162677419,537321.4366967742,561248.1750935485,237384.25947741937,60778.53417741935,115234.55904193548,61371.16625806452,-23926.738396774195,0,18,0,46,5,27,107,0,0,88,0,0,0,2,1381596.0,898712.0,482884.0,0.3495,,904257.0,668630.0,235627.0,0.2606,,API,1299.0
2021-10-01,강서구,2021,10,1299.0,1951.0,1171.0,548516.5979766666,535819.53628,9447.710373333333,3249.35135,567715.3513133334,529372.10998,534581.0927833333,558470.53028,241302.68308333334,63362.966936666664,115892.09472666666,62047.621419999996,-23889.437496666673,0,18,0,46,5,27,107,0,0,88,0,0,0,2,1381596.0,898712.0,482884.0,0.3495,,904257.0,668630.0,235627.0,0.2606,,API,1307.0
2021-11-01,강서구,2021,11,1307.0,1803.0,1080.0,552481.4158709678,539269.2470290322,9437.146651612902,3775.0221967741936,572196.1030161291,532218.005848387,537911.3092290323,562888.6349096774,241113.56721612904,63750.728625806456,115102.95155806452,62259.88703225806,-24977.325680645157,0,18,0,46,5,27,107,0,0,88,0,0,0,2,1381596.0,898712.0,482884.0,0.3495,,904257.0,668630.0,235627.0,0.2606,,API,1139.0
2021-12-01,강서구,2021,12,1139.0,1734.0,996.0,554588.3215466667,539343.9982,9222.885243333332,6021.438093333333,574479.96249,534239.4952033333,540081.40217,564950.4068233334,253328.12867666667,69376.52761,117959.24780666667,65992.35326,-24869.004653333344,0,18,0,46,5,27,107,0,0,88,0,0,0,2,1381596.0,898712.0,482884.0,0.3495,,904257.0,668630.0,235627.0,0.2606,,API,1128.0
2022-01-01,강서구,2022,1,1128.0,1812.0,1017.0,555991.6633548387,541945.0613451613,9227.909732258064,4818.692270967742,573531.2860419354,537358.3366677419,542707.9902387097,565480.0013032258,241648.37816774193,65277.958954838716,114444.02122903227,61926.397983870964,-22772.011064516122,0,10,2,48,10,24,143,0,0,86,0,0,0,11,1392943.0,905530.0,487413.0,0.3499,147034.0,1008630.0,739872.0,268758.0,0.2665,115301.0,API,1135.0
2022-02-01,강서구,2022,2,1135.0,1736.0,1014.0,553901.967932258,539310.1093193549,9287.206887096774,5304.651732258065,570383.9970548387,535176.3925322581,541098.8321258065,563047.0649483871,239393.59762580643,66499.5471516129,112186.57388709678,60707.476587096775,-21948.232822580652,0,10,2,48,10,24,143,0,0,86,0,0,0,11,1392943.0,905530.0,487413.0,0.3499,147034.0,1008630.0,739872.0,268758.0,0.2665,115301.0,API,1121.0
2022-03-01,강서구,2022,3,1121.0,1900.0,1085.0,557764.3258107143,542601.2769,9352.027203571428,5811.021710714286,573605.2433678572,539908.5799857143,545746.7379214286,566348.3171642857,235880.753475,63441.87124285714,112988.16096071429,59450.72127142857,-20601.579242857148,0,10,2,48,10,24,143,0,0,86,0,0,0,11,1392943.0,905530.0,487413.0,0.3499,147034.0,1008630.0,739872.0,268758.0,0.2665,115301.0,API,1191.0
2022-04-01,강서구,2022,4,1191.0,1935.0,1140.0,557235.1297129032,544382.3739419355,9130.309983870968,3722.445793548387,573026.6273580645,538643.3680387096,544290.2613709677,566481.4642290323,226601.02324838712,59559.3696483871,108998.76737419356,58042.886225806455,-22191.20285806451,0,10,2,48,10,24,143,0,0,86,0,0,0,11,1392943.0,905530.0,487413.0,0.3499,147034.0,1008630.0,739872.0,268758.0,0.2665,115301.0,API,1242.0
2022-05-01,강서구,2022,5,1242.0,2184.0,1237.0,546822.6061133334,534203.4775500001,9061.608686666666,3557.5198766666667,566963.35116,524467.6947633333,531356.0818833333,557870.12343,247531.76179,66391.32196666667,116897.12442000001,64243.31540333333,-26514.04154666667,0,10,2,48,10,24,143,0,0,86,0,0,0,11,1392943.0,905530.0,487413.0,0.3499,147034.0,1008630.0,739872.0,268758.0,0.2665,115301.0,API,1316.0
2022-06-01,강서구,2022,6,1316.0,2275.0,1311.0,554518.2727032258,541683.7488193548,9165.305170967744,3669.2187032258066,576143.7403870968,532334.9600870968,538868.1455032259,565696.9349903227,252556.03362258064,70640.38069677418,115779.28379999999,66136.36912580645,-26828.789487096783,0,10,2,48,10,24,143,0,0,86,0,0,0,11,1392943.0,905530.0,487413.0,0.3499,147034.0,1008630.0,739872.0,268758.0,0.2665,115301.0,API,1245.0
2022-07-01,강서구,2022,7,1245.0,2260.0,1389.0,563714.4050133333,550672.7489033333,9085.281976666667,3956.374146666667,584530.2396366667,542435.8832133333,549128.56508,574132.86213,252670.70570666666,71329.42792,115745.08242666668,65596.19536,-25004.29705000002,0,10,2,48,10,24,143,0,0,86,0,0,0,11,1392943.0,905530.0,487413.0,0.3499,147034.0,1008630.0,739872.0,268758.0,0.2665,115301.0,API,1400.0
2022-08-01,강서구,2022,8,1400.0,2204.0,1305.0,547713.7341193549,534211.3509967742,9075.739151612903,4426.643977419355,567328.0898967743,528603.6287290322,534045.2397580645,557476.9443870968,238623.24631290324,67272.65148709678,109583.9285483871,61766.666277419354,-23431.70462903227,0,10,2,48,10,24,143,0,0,86,0,0,0,11,1392943.0,905530.0,487413.0,0.3499,147034.0,1008630.0,739872.0,268758.0,0.2665,115301.0,API,1411.0
2022-09-01,강서구,2022,9,1411.0,2189.0,1299.0,545653.1935483871,532165.4379419355,9092.094532258065,4395.661087096774,563959.316251613,527355.364316129,532866.8772935484,554786.2766096775,240358.2044903226,67124.05296774194,109215.93852580646,64018.21299677419,-21919.399316129042,0,10,2,48,10,24,143,0,0,86,0,0,0,11,1392943.0,905530.0,487413.0,0.3499,147034.0,1008630.0,739872.0,268758.0,0.2665,115301.0,API,1307.0
2022-10-01,강서구,2022,10,1307.0,2250.0,1307.0,544774.26082,530836.0618766666,8920.375999999998,5017.82294,565479.95263,524620.92762,530766.8587666667,554779.5480033333,242421.9289933333,68567.00676,108682.28094666667,65172.641286666665,-24012.689236666658,0,10,2,48,10,24,143,0,0,86,0,0,0,11,1392943.0,905530.0,487413.0,0.3499,147034.0,1008630.0,739872.0,268758.0,0.2665,115301.0,API,1325.0
2022-11-01,강서구,2022,11,1325.0,2175.0,1139.0,546705.8023967742,532630.4929290323,8842.017980645162,5233.2915096774195,568218.3286096775,524873.7320419356,531621.2301774194,557480.4968612903,237391.5993967742,66956.28228387097,107408.45232258065,63026.86479032258,-25859.266683870963,0,10,2,48,10,24,143,0,0,86,0,0,0,11,1392943.0,905530.0,487413.0,0.3499,147034.0,1008630.0,739872.0,268758.0,0.2665,115301.0,API,1318.0
2022-12-01,강서구,2022,12,1318.0,2301.0,1128.0,549444.1418466667,534883.0905633334,8774.98955,5786.061753333333,571198.9601366667,528012.7030433334,533874.3206033333,560565.4427499999,249005.54398333334,69950.49289333333,111281.93324333333,67773.11784666666,-26691.12214666668,0,10,2,48,10,24,143,0,0,86,0,0,0,11,1392943.0,905530.0,487413.0,0.3499,147034.0,1008630.0,739872.0,268758.0,0.2665,115301.0,API,1320.0
2023-01-01,강서구,2023,1,1320.0,2107.0,1135.0,554697.9751580645,540176.0559741936,8815.896609677418,5706.022574193548,572980.8490612904,536620.9556096775,542212.3838903226,563616.2546258064,243373.8208451613,69128.29670967741,108740.33756774194,65505.186567741934,-21403.870735483866,1,18,15,273,15,18,210,0,0,100,0,0,0,12,1340230.0,865787.0,474443.0,0.354,156309.0,1075906.0,763236.0,312670.0,0.2906,133237.0,API,1291.0
2023-02-01,강서구,2023,2,1291.0,2230.0,1121.0,552501.3704129033,537401.544016129,9145.895638709677,5953.930764516129,569933.5275677419,536888.5780161291,541616.547551613,560276.243883871,240570.5325451613,70364.2574419355,107052.78118387097,63153.49391935484,-18659.696332258067,1,18,15,273,15,18,210,0,0,100,0,0,0,12,1340230.0,865787.0,474443.0,0.354,156309.0,1075906.0,763236.0,312670.0,0.2906,133237.0,API,1081.0
2023-03-01,강서구,2023,3,1081.0,2766.0,1191.0,557173.4771714286,542073.7402714286,9174.278410714285,5925.458492857143,575374.8000857143,538851.6212642858,544625.1375714286,566136.5768857143,240459.6144607143,72229.25051071428,103369.77225357143,64860.591696428564,-21511.439314285726,1,18,15,273,15,18,210,0,0,100,0,0,0,12,1340230.0,865787.0,474443.0,0.354,156309.0,1075906.0,763236.0,312670.0,0.2906,133237.0,API,1313.0
2023-04-01,강서구,2023,4,1313.0,2349.0,1242.0,550289.450383871,535660.2284064515,8764.771625806452,5864.450341935483,571998.9095774193,529085.611432258,534753.9068,561386.2672225806,229170.1524064516,67834.0206,97956.56978387097,63379.56202258064,-26632.360422580652,1,18,15,273,15,18,210,0,0,100,0,0,0,12,1340230.0,865787.0,474443.0,0.354,156309.0,1075906.0,763236.0,312670.0,0.2906,133237.0,API,1391.0
2023-05-01,강서구,2023,5,1391.0,2344.0,1316.0,550530.6954633334,532313.4854733333,8737.56976,9479.64025,572538.3208966666,528339.37675,535079.6056866667,561567.1881666667,240060.76344333336,70629.81243333334,104190.19589999999,65240.755110000006,-26487.582479999997,1,18,15,273,15,18,210,0,0,100,0,0,0,12,1340230.0,865787.0,474443.0,0.354,156309.0,1075906.0,763236.0,312670.0,0.2906,133237.0,API,1457.0
2023-06-01,강서구,2023,6,1457.0,2254.0,1245.0,545222.8347451614,527640.8075806452,8714.632490322581,8867.394677419354,568253.6435290322,524486.6394580646,530739.1377064516,555568.3326258064,237869.4274580645,69281.82376451613,103547.37800645162,65040.225687096776,-24829.194919354843,1,18,15,273,15,18,210,0,0,100,0,0,0,12,1340230.0,865787.0,474443.0,0.354,156309.0,1075906.0,763236.0,312670.0,0.2906,133237.0,API,1336.0
2023-07-01,강서구,2023,7,1336.0,2588.0,1400.0,546852.16812,528643.19796,8978.73483,9230.23532,568640.0838066668,527282.8306866667,533149.3503033334,556639.89512,239561.94543999998,70413.11199333334,103668.18976,65480.64368666666,-23490.544816666665,1,18,15,273,15,18,210,0,0,100,0,0,0,12,1340230.0,865787.0,474443.0,0.354,156309.0,1075906.0,763236.0,312670.0,0.2906,133237.0,API,1444.0
2023-08-01,강서구,2023,8,1444.0,2756.0,1411.0,554088.1971064516,535754.8578483871,9622.40724516129,8710.932016129032,572643.638567742,538423.9736677419,543865.8008387097,561389.908732258,235748.97536451614,71504.11626129033,99157.23656451613,65087.62253870968,-17524.107893548393,1,18,15,273,15,18,210,0,0,100,0,0,0,12,1340230.0,865787.0,474443.0,0.354,156309.0,1075906.0,763236.0,312670.0,0.2906,133237.0,API,1405.0
2023-09-01,강서구,2023,9,1405.0,2354.0,1307.0,548693.7924870967,531601.4149129032,9549.468151612904,7542.909429032258,567600.1440645161,531857.5774096774,537732.0349677419,556523.6192967742,231552.14896451612,70562.90983548386,95765.57910967742,65223.660019354844,-18791.58432903226,1,18,15,273,15,18,210,0,0,100,0,0,0,12,1340230.0,865787.0,474443.0,0.354,156309.0,1075906.0,763236.0,312670.0,0.2906,133237.0,API,1338.0
2023-10-01,강서구,2023,10,1338.0,2418.0,1325.0,546934.83832,530246.5493633333,9206.847233333334,7481.441726666667,568786.8382633333,528634.6570233334,535243.9342433333,555285.4840966667,233204.25576333332,71918.19385,95614.05395666667,65672.00795666667,-20041.54985333332,1,18,15,273,15,18,210,0,0,100,0,0,0,12,1340230.0,865787.0,474443.0,0.354,156309.0,1075906.0,763236.0,312670.0,0.2906,133237.0,API,1395.0
2023-11-01,강서구,2023,11,1395.0,2366.0,1318.0,546076.6818,528620.0613741935,9044.294854838708,8412.325583870968,567070.4355645162,528152.5216870968,534584.6027322582,554285.3097193548,229110.4858032258,70218.37301290322,94752.41354838709,64139.69924193549,-19700.706987096775,1,18,15,273,15,18,210,0,0,100,0,0,0,12,1340230.0,865787.0,474443.0,0.354,156309.0,1075906.0,763236.0,312670.0,0.2906,133237.0,API,1288.0
2023-12-01,강서구,2023,12,1288.0,2452.0,1320.0,552435.8851366666,535184.5503166667,9159.507746666666,8091.8270766666665,574592.3840866666,535564.2633633333,540919.3708466666,560661.9667733334,244037.23514666667,77306.48753999999,97666.76346,69063.98414666667,-19742.59592666667,1,18,15,273,15,18,210,0,0,100,0,0,0,12,1340230.0,865787.0,474443.0,0.354,156309.0,1075906.0,763236.0,312670.0,0.2906,133237.0,API,1351.0
2024-01-01,강서구,2024,1,1351.0,2340.0,1291.0,562814.8288612902,543730.1803322581,10462.321067741936,8622.327474193547,585057.0198064516,546755.3154354839,553543.3100935484,569437.3422806452,238674.43993548388,78108.01627741936,94375.07658387098,66191.34707419355,-15894.032187096767,0,53,18,202,10,21,229,0,0,78,0,0,0,13,1288919.0,861949.0,426970.0,0.3313,163020.0,1073953.0,759467.0,314486.0,0.2928,141166.0,API,1287.0
2024-02-01,강서구,2024,2,1287.0,1908.0,1081.0,558633.4580483872,542026.3964903227,9962.940603225805,6644.120970967742,582018.8587935484,541526.4635258064,548969.0307258065,565536.6204129033,230423.08585161288,75321.72882580645,91558.64813548386,63542.70889032258,-16567.589687096774,0,53,18,202,10,21,229,0,0,78,0,0,0,13,1288919.0,861949.0,426970.0,0.3313,163020.0,1073953.0,759467.0,314486.0,0.2928,141166.0,API,1168.0
2024-03-01,강서구,2024,3,1168.0,2325.0,1313.0,556063.2884689656,539095.5906896552,10102.620424137931,6865.077344827586,575464.8123413794,541341.7522068965,548850.0009034483,561215.6367137932,236153.90547586206,75855.80704482758,94543.87543793103,65754.22299310345,-12365.635810344818,0,53,18,202,10,21,229,0,0,78,0,0,0,13,1288919.0,861949.0,426970.0,0.3313,163020.0,1073953.0,759467.0,314486.0,0.2928,141166.0,API,1144.0
2024-04-01,강서구,2024,4,1144.0,2439.0,1391.0,553900.9240548387,537591.9790935484,9468.577406451614,6840.367558064517,576150.3762677419,536923.5613064516,543255.7930709678,561504.5890548386,228864.85751935485,72598.94194193548,91343.96280645161,64921.95277096774,-18248.79598387097,0,53,18,202,10,21,229,0,0,78,0,0,0,13,1288919.0,861949.0,426970.0,0.3313,163020.0,1073953.0,759467.0,314486.0,0.2928,141166.0,API,1139.0
2024-05-01,강서구,2024,5,1139.0,2594.0,1457.0,546421.8246133333,529593.7187766667,9168.606166666666,7659.499683333333,569478.0164233333,528105.5515966667,534755.9595933333,554754.5853366667,242654.39882000003,73294.52493666667,100600.62009333333,68759.25379,-19998.625743333327,0,53,18,202,10,21,229,0,0,78,0,0,0,13,1288919.0,861949.0,426970.0,0.3313,163020.0,1073953.0,759467.0,314486.0,0.2928,141166.0,API,1246.0
2024-06-01,강서구,2024,6,1246.0,2393.0,1336.0,544382.8498677419,527853.326967742,9142.376167741937,7387.146729032258,565172.1934806452,528118.6905935484,534361.0268451613,551541.2949,240387.4141387097,70917.49875806452,101786.11861290323,67683.79676774194,-17180.268054838707,0,53,18,202,10,21,229,0,0,78,0,0,0,13,1288919.0,861949.0,426970.0,0.3313,163020.0,1073953.0,759467.0,314486.0,0.2928,141166.0,API,1165.0
2024-07-01,강서구,2024,7,1165.0,2677.0,1444.0,548450.62465,531329.5472833333,9467.788213333331,7653.28915,569408.9063466667,531928.4616433333,539069.39489,555151.5030566667,246468.84315333332,73523.69469333332,104565.51078666667,68379.63767333333,-16082.108166666665,0,53,18,202,10,21,229,0,0,78,0,0,0,13,1288919.0,861949.0,426970.0,0.3313,163020.0,1073953.0,759467.0,314486.0,0.2928,141166.0,API,1314.0
2024-08-01,강서구,2024,8,1314.0,2564.0,1405.0,553660.5114419354,536173.857716129,9950.095596774194,7536.558129032258,573837.3772290322,538123.6251838709,545513.3111903225,559479.9401967742,246651.04124838708,75311.7579516129,102610.62325483872,68728.66004193548,-13966.629006451623,0,53,18,202,10,21,229,0,0,78,0,0,0,13,1288919.0,861949.0,426970.0,0.3313,163020.0,1073953.0,759467.0,314486.0,0.2928,141166.0,API,1255.0
2024-09-01,강서구,2024,9,1255.0,2403.0,1338.0,550550.5192999999,533988.8791483871,9959.364067741937,6602.276087096774,572793.6527870968,533602.3065935484,541801.3966322581,556799.8926451612,245247.34164838708,75172.3012,102451.43489354839,67623.60555483871,-14998.496012903235,0,53,18,202,10,21,229,0,0,78,0,0,0,13,1288919.0,861949.0,426970.0,0.3313,163020.0,1073953.0,759467.0,314486.0,0.2928,141166.0,API,1035.0
2024-10-01,강서구,2024,10,1035.0,2380.0,1395.0,539354.2964933333,523241.8431166667,9292.373886666666,6820.07951,560585.6804866666,522034.28559333336,529534.12671,546368.70348,239877.21304,72795.74098333334,100862.88189333332,66218.59016333333,-16834.576770000003,0,53,18,202,10,21,229,0,0,78,0,0,0,13,1288919.0,861949.0,426970.0,0.3313,163020.0,1073953.0,759467.0,314486.0,0.2928,141166.0,API,1103.0
2024-11-01,강서구,2024,11,1103.0,2212.0,1288.0,545197.3861354839,528279.8289483871,9122.908529032258,7794.648664516129,566765.0788419355,525782.7625290322,532978.9366548387,553924.8500451612,236944.16972258064,71530.97200000001,99447.26169354838,65965.93602903225,-20945.91339032258,0,53,18,202,10,21,229,0,0,78,0,0,0,13,1288919.0,861949.0,426970.0,0.3313,163020.0,1073953.0,759467.0,314486.0,0.2928,141166.0,API,1082.0
2024-12-01,강서구,2024,12,1082.0,2381.0,1351.0,549553.7547366667,532592.25173,9143.022203333332,7818.4807900000005,570167.7089566666,531420.1241633333,538353.4744466667,557553.9549466666,250331.19226333333,77504.01052333335,102074.18289,70752.99885,-19200.4805,0,53,18,202,10,21,229,0,0,78,0,0,0,13,1288919.0,861949.0,426970.0,0.3313,163020.0,1073953.0,759467.0,314486.0,0.2928,141166.0,API,1134.0
2025-01-01,강서구,2025,1,1134.0,2176.0,1287.0,554231.2148870968,536525.5373548387,9319.628638709677,8386.048896774193,572349.7693096774,538454.4986225807,546277.8786935484,559912.169316129,245308.71775161292,76997.97841290323,99390.01638387097,68920.72295483871,-13634.290622580642,0,39,0,52,9,9,311,11,94,87,104,30,0,20,1279919.0,854214.0,425705.0,0.3326,146812.0,1146108.0,804313.0,341795.0,0.2982,149544.0,API,1186.0
2025-02-01,강서구,2025,2,1186.0,1958.0,1168.0,550086.3228064516,533260.9662774194,9630.11085483871,7195.24569032258,565521.6147548386,536604.8641129032,542915.6903806451,555208.2031387097,234873.09372258064,72205.8141419355,97832.99112903226,64834.288451612905,-12292.51275806451,0,39,0,52,9,9,311,11,94,87,104,30,0,20,1279919.0,854214.0,425705.0,0.3326,146812.0,1146108.0,804313.0,341795.0,0.2982,149544.0,API,975.0
2025-03-01,강서구,2025,3,975.0,2093.0,1144.0,557223.6290678572,540065.7939214286,9609.745039285714,7548.090110714285,571723.2126535714,543516.7402535714,549698.223775,562598.9185571428,243063.96903214284,73600.80178571428,100823.32842142857,68639.838825,-12900.694782142873,0,39,0,52,9,9,311,11,94,87,104,30,0,20,1279919.0,854214.0,425705.0,0.3326,146812.0,1146108.0,804313.0,341795.0,0.2982,149544.0,API,1162.0
2025-04-01,강서구,2025,4,1162.0,2126.0,1139.0,549017.6244419356,532453.5700354839,9071.258167741935,7492.7962290322575,565284.3500677419,534499.482616129,539345.4049645162,555926.3526451613,239640.60184193548,70579.14343870968,102265.07022580646,66796.38817741936,-16580.947680645164,0,39,0,52,9,9,311,11,94,87,104,30,0,20,1279919.0,854214.0,425705.0,0.3326,146812.0,1146108.0,804313.0,341795.0,0.2982,149544.0,API,1139.0
2025-05-01,강서구,2025,5,1139.0,2365.0,1246.0,546389.9026,528869.8751233333,8972.59529,8547.4322,565228.80823,529910.4829733333,535430.83962,554217.8047366666,258778.80617333335,74529.45114,111569.87431333333,72679.48072,-18786.965116666644,0,39,0,52,9,9,311,11,94,87,104,30,0,20,1279919.0,854214.0,425705.0,0.3326,146812.0,1146108.0,804313.0,341795.0,0.2982,149544.0,API,1225.0
2025-06-01,강서구,2025,6,1225.0,2253.0,1165.0,540731.3623451613,524530.0706709677,8935.553119354838,7265.738574193549,559516.6745193548,524467.0630516129,530346.1461806452,548149.3738870968,239935.61236774194,70789.21141612904,101665.7182548387,67480.6826967742,-17803.227706451624,0,39,0,52,9,9,311,11,94,87,104,30,0,20,1279919.0,854214.0,425705.0,0.3326,146812.0,1146108.0,804313.0,341795.0,0.2982,149544.0,API,1247.0
2025-07-01,강서구,2025,7,1247.0,2439.0,1314.0,544392.8909966667,527276.6012666667,9200.507033333333,7915.782723333334,559804.1472533332,530995.7382533334,535633.04101,550649.9267233333,249389.75426333334,71093.48066666667,108470.27967,69825.99392666666,-15016.88571333333,0,39,0,52,9,9,311,11,94,87,104,30,0,20,1279919.0,854214.0,425705.0,0.3326,146812.0,1146108.0,804313.0,341795.0,0.2982,149544.0,API,1280.0
2025-08-01,강서구,2025,8,1280.0,2473.0,1255.0,545174.2819000001,527867.2908967742,9769.927374193549,7537.063616129032,560222.1933645161,532309.8694516129,538008.1133516128,550292.9737193548,252170.9641064516,73919.07004516128,106983.89016129033,71268.0039,-12284.860367741943,0,39,0,52,9,9,311,11,94,87,104,30,0,20,1279919.0,854214.0,425705.0,0.3326,146812.0,1146108.0,804313.0,341795.0,0.2982,149544.0,API,1294.0
2025-09-01,강서구,2025,9,1294.0,2058.0,1035.0,539970.0418,523475.1629451613,9822.817664516127,6672.061203225807,555205.8193129032,526416.0755483871,533213.2566612903,544796.3169064516,247364.75848387097,72034.98151935484,105393.16350645162,69936.61345806452,-11583.06024516129,0,39,0,52,9,9,311,11,94,87,104,30,0,20,1279919.0,854214.0,425705.0,0.3326,146812.0,1146108.0,804313.0,341795.0,0.2982,149544.0,API,1211.0
2025-10-01,강서구,2025,10,1211.0,2058.0,1103.0,541570.6497833333,524944.9768366667,9199.154983333334,7426.517963333333,558128.1580966667,527496.2512566666,533535.99138,547309.6914966666,257008.06998333335,76294.81027,107431.01369666666,73282.24601666667,-13773.700116666663,0,39,0,52,9,9,311,11,94,87,104,30,0,20,1279919.0,854214.0,425705.0,0.3326,146812.0,1146108.0,804313.0,341795.0,0.2982,149544.0,API,1270.0
2025-11-01,강서구,2025,11,1270.0,2050.0,1082.0,529516.3981516128,513469.42507419357,9082.494329032259,6964.478758064515,546200.8018709677,515620.1421225806,521726.3073806451,535080.7487064516,242060.80657096775,72890.77008709678,101070.3884483871,68099.64803548387,-13354.441325806465,0,39,0,52,9,9,311,11,94,87,104,30,0,20,1279919.0,854214.0,425705.0,0.3326,146812.0,1146108.0,804313.0,341795.0,0.2982,149544.0,API,1206.0
2025-12-01,강서구,2025,12,1206.0,2111.0,1134.0,541717.32883,524916.7676133333,9260.42662,7540.1345833333335,558964.8198966667,527322.5072033333,533569.58985,547537.1423833333,249294.79499999998,74204.31177666667,104134.31263666667,70956.17058666666,-13967.55253333333,0,39,0,52,9,9,311,11,94,87,104,30,0,20,1279919.0,854214.0,425705.0,0.3326,146812.0,1146108.0,804313.0,341795.0,0.2982,149544.0,API,1261.0
2017-01-01,관악구,2017,1,,,,,,,,,,,,,,,,,1,39,4,322,173,0,354,0,0,342,0,0,0,101,,,,,,,,,,,API,1313.0
2017-02-01,관악구,2017,2,1313.0,,,,,,,,,,,,,,,,1,39,4,322,173,0,354,0,0,342,0,0,0,101,,,,,,,,,,,API,1093.0
2017-03-01,관악구,2017,3,1093.0,,,,,,,,,,,,,,,,1,39,4,322,173,0,354,0,0,342,0,0,0,101,,,,,,,,,,,API,1231.0
2017-04-01,관악구,2017,4,1231.0,,,,,,,,,,,,,,,,1,39,4,322,173,0,354,0,0,342,0,0,0,101,,,,,,,,,,,API,1276.0
2017-05-01,관악구,2017,5,1276.0,,,,,,,,,,,,,,,,1,39,4,322,173,0,354,0,0,342,0,0,0,101,,,,,,,,,,,API,1324.0
2017-06-01,관악구,2017,6,1324.0,,,,,,,,,,,,,,,,1,39,4,322,173,0,354,0,0,342,0,0,0,101,,,,,,,,,,,API,1304.0
2017-07-01,관악구,2017,7,1304.0,,,,,,,,,,,,,,,,1,39,4,322,173,0,354,0,0,342,0,0,0,101,,,,,,,,,,,API,1465.0
2017-08-01,관악구,2017,8,1465.0,,,,,,,,,,,,,,,,1,39,4,322,173,0,354,0,0,342,0,0,0,101,,,,,,,,,,,API,1443.0
2017-09-01,관악구,2017,9,1443.0,,,,,,,,,,,,,,,,1,39,4,322,173,0,354,0,0,342,0,0,0,101,,,,,,,,,,,API,1397.0
2017-10-01,관악구,2017,10,1397.0,,,,,,,,,,,,,,,,1,39,4,322,173,0,354,0,0,342,0,0,0,101,,,,,,,,,,,API,1305.0
2017-11-01,관악구,2017,11,1305.0,,,,,,,,,,,,,,,,1,39,4,322,173,0,354,0,0,342,0,0,0,101,,,,,,,,,,,API,1280.0
2017-12-01,관악구,2017,12,1280.0,,,,,,,,,,,,,,,,1,39,4,322,173,0,354,0,0,342,0,0,0,101,,,,,,,,,,,API,1482.0
2018-01-01,관악구,2018,1,1482.0,1935.0,1313.0,,,,,,,,,,,,,,0,64,3,288,202,4,346,0,0,348,0,0,0,48,,,,,,,,,,,API,1452.0
2018-02-01,관악구,2018,2,1452.0,1645.0,1093.0,,,,,,,,,,,,,,0,64,3,288,202,4,346,0,0,348,0,0,0,48,,,,,,,,,,,API,1155.0
2018-03-01,관악구,2018,3,1155.0,1898.0,1231.0,,,,,,,,,,,,,,0,64,3,288,202,4,346,0,0,348,0,0,0,48,,,,,,,,,,,API,1369.0
2018-04-01,관악구,2018,4,1369.0,1977.0,1276.0,,,,,,,,,,,,,,0,64,3,288,202,4,346,0,0,348,0,0,0,48,,,,,,,,,,,API,1245.0
2018-05-01,관악구,2018,5,1245.0,1989.0,1324.0,528556.0409538462,504623.1473576923,21881.420265384615,2051.4733423076923,592225.0771192308,459407.9229846154,474643.4789307692,567065.0138423077,247022.22006153845,36270.95614615385,139659.23416153848,71092.02975384615,-92421.53491153846,0,64,3,288,202,4,346,0,0,348,0,0,0,48,,,,,,,,,,,API,1393.0
2018-06-01,관악구,2018,6,1393.0,2081.0,1304.0,526730.5124322581,502825.2215064516,21831.642525806452,2073.6484032258063,591563.2223580645,457396.6897548387,473317.93163225806,563684.4909516129,239505.0415064516,35535.1175,135096.04963548385,68873.87437096775,-90366.55931935484,0,64,3,288,202,4,346,0,0,348,0,0,0,48,,,,,,,,,,,API,1356.0
2018-07-01,관악구,2018,7,1356.0,2206.0,1465.0,531493.33202,507725.32400666666,21871.482913333333,1896.5251099999998,593538.7143566667,464922.5780433333,479479.00681666663,568646.4214466666,226137.43382666667,34730.611163333335,127414.57226,63992.25040333333,-89167.41462999998,0,64,3,288,202,4,346,0,0,348,0,0,0,48,,,,,,,,,,,API,1475.0
2018-08-01,관악구,2018,8,1475.0,2202.0,1443.0,527376.2811387096,502579.1254064516,22521.652654838712,2275.503051612903,591084.1067451612,460080.6688741935,474123.3313935484,565414.1023806451,223209.9406,36298.494067741936,124617.01326451612,62294.43326774194,-91290.77098709678,0,64,3,288,202,4,346,0,0,348,0,0,0,48,,,,,,,,,,,API,1559.0
2018-09-01,관악구,2018,9,1559.0,2158.0,1397.0,521340.9416548387,496579.8948129032,22554.18942903226,2206.857419354839,583978.1849806452,454298.79283870966,468747.036983871,557682.0081225807,226295.07284516128,35392.55871290322,127714.86328709677,63187.6508451613,-88934.97113870968,0,64,3,288,202,4,346,0,0,348,0,0,0,48,,,,,,,,,,,API,1390.0
2018-10-01,관악구,2018,10,1390.0,2064.0,1305.0,520228.30755666667,495691.05124,22141.591460000003,2395.6648733333336,581459.8530066666,456919.5319,471749.74079333333,554855.8552533333,222323.36152666667,37929.64015666667,120473.92026333333,63919.801106666666,-83106.11446000001,0,64,3,288,202,4,346,0,0,348,0,0,0,48,,,,,,,,,,,API,1408.0
2018-11-01,관악구,2018,11,1408.0,1956.0,1280.0,527463.4549516129,503357.54845161294,22032.168906451614,2073.7376,590274.9672548388,458150.4188290323,473808.0529451613,564526.345383871,224503.7962516129,35056.88142580645,125836.16517741936,63610.74964838709,-90718.29243870967,0,64,3,288,202,4,346,0,0,348,0,0,0,48,,,,,,,,,,,API,1244.0
2018-12-01,관악구,2018,12,1244.0,2222.0,1482.0,522533.9825866667,498888.69407666667,21769.512693333334,1875.7758233333334,587430.6251266667,452799.4185433333,468129.22252,561394.52549,230288.06873666667,36533.694840000004,128083.60978999999,65670.76410666667,-93265.30297,0,64,3,288,202,4,346,0,0,348,0,0,0,48,,,,,,,,,,,API,1343.0
2019-01-01,관악구,2019,1,1343.0,2246.0,1452.0,532431.5186967743,507406.4880516129,22851.53176451613,2173.4988903225803,588166.2755677418,471482.28531935485,485288.72070967744,566104.9458451612,226232.38388709674,37877.11690645161,124653.3074516129,63701.95952903226,-80816.22513548387,1,43,5,125,188,1,313,0,0,272,0,0,0,40,,,,,,,,,,,API,1304.0
2019-02-01,관악구,2019,2,1304.0,1924.0,1155.0,535075.536516129,508876.2962,23552.25106129032,2646.989264516129,591332.4400935484,472831.0556,486257.81447096774,569945.3379806452,236361.98603548386,40242.75986774194,129389.79954193547,66729.42662580646,-83687.52350967743,1,43,5,125,188,1,313,0,0,272,0,0,0,40,,,,,,,,,,,API,1091.0
2019-03-01,관악구,2019,3,1091.0,2136.0,1369.0,517432.47091785714,490825.0903785714,23766.867446428572,2840.513082142857,569372.9991714286,463219.3732535714,475708.38072142855,547235.3924821428,227965.59402857142,41261.310225,122392.41870714286,64311.86509642857,-71527.01176071427,1,43,5,125,188,1,313,0,0,272,0,0,0,40,,,,,,,,,,,API,1270.0
2019-04-01,관악구,2019,4,1270.0,1976.0,1245.0,529934.5958064516,505442.10785806447,22483.643154838708,2008.8448032258066,583903.0443290323,469771.4401774194,483533.11987096776,563078.5071903226,220353.5027,39283.78564516129,117554.00551290324,63515.71154193549,-79545.38731935482,1,43,5,125,188,1,313,0,0,272,0,0,0,40,,,,,,,,,,,API,1286.0
2019-05-01,관악구,2019,5,1286.0,2134.0,1393.0,517501.3104333334,493662.90363333334,21962.184383333333,1876.2224266666667,575300.2389566667,452960.5147666667,467591.4372066667,553151.21988,235677.69571,37240.77497,129587.98373333334,68848.93700666666,-85559.78267333333,1,43,5,125,188,1,313,0,0,272,0,0,0,40,,,,,,,,,,,API,1386.0
2019-06-01,관악구,2019,6,1386.0,2106.0,1356.0,500107.3052516129,476857.1228193548,21342.299648387096,1907.8828,556571.5789354839,438709.8516709677,452546.3062741936,534079.4473806451,219114.8497483871,34987.14538064516,120884.27748387096,63243.42688387097,-81533.14110645161,1,43,5,125,188,1,313,0,0,272,0,0,0,40,,,,,,,,,,,API,1260.0
2019-07-01,관악구,2019,7,1260.0,2238.0,1475.0,503062.77391999995,479840.71711333335,21470.77812,1751.2786899999999,557067.1463433333,444653.60496666667,457967.14889,535273.9346833334,210500.08658,33927.58052333333,116765.97079333334,59806.53526333333,-77306.78579333334,1,43,5,125,188,1,313,0,0,272,0,0,0,40,,,,,,,,,,,API,1418.0
2019-08-01,관악구,2019,8,1418.0,2463.0,1559.0,494985.2833548387,471123.83397419355,21792.141383870967,2069.3080032258063,551140.0256064517,434956.7948451613,447428.66558064515,528954.2960516129,197071.38412903226,33683.63491935484,107405.5396548387,55982.20955483871,-81525.63047096775,1,43,5,125,188,1,313,0,0,272,0,0,0,40,,,,,,,,,,,API,1436.0
2019-09-01,관악구,2019,9,1436.0,2200.0,1390.0,500681.23475161294,476634.5714129032,21979.495774193547,2067.167558064516,554840.9093193549,442401.86323225807,455119.8479580645,533225.0824580645,202816.5508516129,34909.69699354839,110648.92163548387,57257.93222258064,-78105.23449999998,1,43,5,125,188,1,313,0,0,272,0,0,0,40,,,,,,,,,,,API,1359.0
2019-10-01,관악구,2019,10,1359.0,2063.0,1408.0,500897.0857066667,477047.5118966667,21604.37123333333,2245.202576666667,552486.5713166667,445807.51773,458472.16706,531200.5990233333,215040.77333999999,38912.140269999996,113555.04743333333,62573.58563666666,-72728.43196333335,1,43,5,125,188,1,313,0,0,272,0,0,0,40,,,,,,,,,,,API,1386.0
2019-11-01,관악구,2019,11,1386.0,1915.0,1244.0,506548.0893322581,483099.6834016129,21429.728741935483,2018.6772129032258,564875.6819290323,439464.408533871,454442.61685,543766.283966129,217054.34693709677,35035.27488387097,117910.59397419354,64108.478079032255,-89323.66711612903,1,43,5,125,188,1,313,0,0,272,0,0,0,40,,,,,,,,,,,API,1302.0
2019-12-01,관악구,2019,12,1302.0,2095.0,1343.0,516169.34839,492633.78158999997,21636.86463,1898.70218,572678.3674833333,452669.96382,466949.1764033333,551326.6140966667,215552.99525333333,36584.5719,116202.60571,62765.817643333336,-84377.43769333333,1,43,5,125,188,1,313,0,0,272,0,0,0,40,,,,,,,,,,,API,1331.0
2020-01-01,관악구,2020,1,1331.0,1988.0,1304.0,519950.7362451613,495824.0553451613,22150.35301935484,1976.3278870967742,572263.9233032258,461244.8996741936,474672.6062548387,552292.2576612904,227770.70776451615,39104.047648387095,123031.39101612903,65635.2691,-77619.65140645161,0,32,0,114,164,4,192,0,0,285,0,0,0,32,1141886.0,804299.0,337587.0,0.2956,,524411.0,418800.0,105611.0,0.2014,,API,1357.0
2020-02-01,관악구,2020,2,1357.0,1764.0,1091.0,515473.01757741935,489684.1374548387,23052.83235483871,2736.0477709677416,566711.1000870967,458979.3972709678,471929.5825612903,546575.4711548387,223716.30448387098,40729.83006774193,120578.4075483871,62408.06686774194,-74645.88859354838,0,32,0,114,164,4,192,0,0,285,0,0,0,32,1141886.0,804299.0,337587.0,0.2956,,524411.0,418800.0,105611.0,0.2014,,API,1062.0
2020-03-01,관악구,2020,3,1062.0,2042.0,1270.0,528225.831462069,501372.66006551724,23609.691127586208,3243.480275862069,576012.9968172414,472469.3234034483,484537.0455586207,559432.1071,214159.87261379312,34447.32152068966,119948.32275862069,59764.22833448276,-74895.06154137931,0,32,0,114,164,4,192,0,0,285,0,0,0,32,1141886.0,804299.0,337587.0,0.2956,,524411.0,418800.0,105611.0,0.2014,,API,999.0
2020-04-01,관악구,2020,4,999.0,2009.0,1286.0,528352.3323870967,501372.296016129,23677.29895483871,3302.737412903226,571454.2609870967,477048.2485935484,489053.3824967742,556423.0108903226,202467.35781935486,30442.147348387094,116070.61304193549,55954.597429032256,-67369.62839354838,0,32,0,114,164,4,192,0,0,285,0,0,0,32,1141886.0,804299.0,337587.0,0.2956,,524411.0,418800.0,105611.0,0.2014,,API,1016.0
2020-05-01,관악구,2020,5,1016.0,2126.0,1386.0,521113.8742166667,494848.20753666665,23198.318649999997,3067.3480233333335,566843.9760066667,467006.81714,479945.44931,550519.8920066666,210388.49799333332,31978.05428,120263.65655,58146.787163333334,-70574.44269666667,0,32,0,114,164,4,192,0,0,285,0,0,0,32,1141886.0,804299.0,337587.0,0.2956,,524411.0,418800.0,105611.0,0.2014,,API,1175.0
2020-06-01,관악구,2020,6,1175.0,1994.0,1260.0,514221.2584096774,488781.2725516129,22876.17398064516,2563.811887096774,560152.9674677419,461436.5840225807,473815.76397419354,543082.3258709677,211429.8418387097,33678.39728387097,119276.8669032258,58474.577651612904,-69266.56189677419,0,32,0,114,164,4,192,0,0,285,0,0,0,32,1141886.0,804299.0,337587.0,0.2956,,524411.0,418800.0,105611.0,0.2014,,API,1162.0
2020-07-01,관악구,2020,7,1162.0,2230.0,1418.0,511332.0181866667,486308.0891933333,22360.2336,2663.69539,560902.9554433334,455443.25007,467504.01509666664,542637.7346966666,212918.53572,33003.99897666667,120292.01941333334,59622.517329999995,-75133.71959999998,0,32,0,114,164,4,192,0,0,285,0,0,0,32,1141886.0,804299.0,337587.0,0.2956,,524411.0,418800.0,105611.0,0.2014,,API,1305.0
2020-08-01,관악구,2020,8,1305.0,2198.0,1436.0,507624.54759032256,481889.53931612906,22106.68980645161,3628.318461290323,558309.7777741936,451040.84231290326,463416.3833129032,539201.8077806452,208217.2600193548,32492.97327419355,117387.58815806452,58336.69858709678,-75785.42446774196,0,32,0,114,164,4,192,0,0,285,0,0,0,32,1141886.0,804299.0,337587.0,0.2956,,524411.0,418800.0,105611.0,0.2014,,API,1186.0
2020-09-01,관악구,2020,9,1186.0,2079.0,1359.0,508866.59424516134,482337.07150322583,22389.976541935484,4139.546209677419,552219.3617806451,459914.1373322581,470880.65722580644,535999.406383871,203102.9206967742,31377.26123548387,115090.8478,56634.81166129032,-65118.749158064515,0,32,0,114,164,4,192,0,0,285,0,0,0,32,1141886.0,804299.0,337587.0,0.2956,,524411.0,418800.0,105611.0,0.2014,,API,1000.0
2020-10-01,관악구,2020,10,1000.0,2098.0,1386.0,511132.82539333333,486225.8844866667,22129.079163333336,2777.8617566666667,554766.0743099999,460727.9917266667,472351.70397000003,538833.6264033333,204181.51878333333,31314.654053333332,114499.97061333334,58366.89411666666,-66481.92243333333,0,32,0,114,164,4,192,0,0,285,0,0,0,32,1141886.0,804299.0,337587.0,0.2956,,524411.0,418800.0,105611.0,0.2014,,API,1105.0
2020-11-01,관악구,2020,11,1105.0,1967.0,1302.0,501121.6712870968,476625.25353548385,21584.01037419355,2912.407387096774,547608.162867742,447368.6155645161,460564.30653548386,530091.2175451614,208185.61298064515,34461.043683870965,115253.8146483871,58470.7546483871,-69526.91100967742,0,32,0,114,164,4,192,0,0,285,0,0,0,32,1141886.0,804299.0,337587.0,0.2956,,524411.0,418800.0,105611.0,0.2014,,API,1129.0
2020-12-01,관악구,2020,12,1129.0,1985.0,1331.0,501324.81513999996,477293.01277,21317.948673333332,2713.853713333333,548201.3434,446834.82304,459180.27319000004,531428.0593966667,205743.67137666667,32970.88735,114556.75309333335,58216.030933333335,-72247.78620666666,0,32,0,114,164,4,192,0,0,285,0,0,0,32,1141886.0,804299.0,337587.0,0.2956,,524411.0,418800.0,105611.0,0.2014,,API,1000.0
2021-01-01,관악구,2021,1,1000.0,1974.0,1357.0,505973.7091419355,481233.21754838707,21993.042387096775,2747.4492193548385,543529.2434096774,460182.53272580646,470666.57172903226,531193.0929870968,191226.9161935484,29391.1654483871,107933.08626451614,53902.664480645166,-60526.52125806451,0,27,1,87,214,10,170,0,0,185,0,0,0,8,1082872.0,768962.0,313910.0,0.2899,,490474.0,397272.0,93202.0,0.19,,API,1021.0
2021-02-01,관악구,2021,2,1021.0,1700.0,1062.0,507264.3255548387,482173.49170645163,22676.632461290323,2414.2013967741937,543990.7217935483,461480.99933870963,472415.8882903226,532156.0664612903,196222.8643612903,31811.78881935484,109674.68052903227,54736.395012903224,-59740.178170967745,0,27,1,87,214,10,170,0,0,185,0,0,0,8,1082872.0,768962.0,313910.0,0.2899,,490474.0,397272.0,93202.0,0.19,,API,998.0
2021-03-01,관악구,2021,3,998.0,1585.0,999.0,497853.8998928572,472378.8906392857,22400.540696428572,3074.4685535714284,540049.8874035714,447628.10975357145,460100.4344892857,524820.660875,202024.14183214286,34477.6336,110878.02827142857,56668.479960714285,-64720.2263857143,0,27,1,87,214,10,170,0,0,185,0,0,0,8,1082872.0,768962.0,313910.0,0.2899,,490474.0,397272.0,93202.0,0.19,,API,1042.0
2021-04-01,관악구,2021,4,1042.0,1643.0,1016.0,503223.0238064516,478839.892816129,21684.695303225806,2698.435693548387,550094.3871516129,447770.48761612904,460724.8382645161,533578.8706354839,205399.85648709678,36658.29872580645,109717.62436451613,59023.93339677419,-72854.03237096773,0,27,1,87,214,10,170,0,0,185,0,0,0,8,1082872.0,768962.0,313910.0,0.2899,,490474.0,397272.0,93202.0,0.19,,API,1069.0
2021-05-01,관악구,2021,5,1069.0,1932.0,1175.0,497989.9721366667,474672.8527933333,21064.138446666664,2252.9809,546647.2500666666,441035.72817,454348.0814833333,529162.7511733334,212806.20849333334,33902.62665333333,116748.40721333332,62155.17462666667,-74814.66969,0,27,1,87,214,10,170,0,0,185,0,0,0,8,1082872.0,768962.0,313910.0,0.2899,,490474.0,397272.0,93202.0,0.19,,API,1211.0
2021-06-01,관악구,2021,6,1211.0,1906.0,1162.0,498561.08106129034,474541.8475290322,21229.991283870968,2789.242241935484,544911.7184322581,445693.11224193545,458435.80376774195,527221.9933935484,205604.94794193548,33033.03656774194,113320.08019032258,59251.83118387097,-68786.18962580645,0,27,1,87,214,10,170,0,0,185,0,0,0,8,1082872.0,768962.0,313910.0,0.2899,,490474.0,397272.0,93202.0,0.19,,API,1329.0
2021-07-01,관악구,2021,7,1329.0,2100.0,1305.0,494354.85477333335,470883.69411333336,20764.616736666667,2706.5439199999996,543643.9003433333,438914.2521,451204.56345666666,525176.49142,207423.67959333333,33339.60135333333,113939.56323333333,60144.51500666667,-73971.92796333335,0,27,1,87,214,10,170,0,0,185,0,0,0,8,1082872.0,768962.0,313910.0,0.2899,,490474.0,397272.0,93202.0,0.19,,API,1303.0
2021-08-01,관악구,2021,8,1303.0,2078.0,1186.0,490832.7045967742,467068.4716967742,20898.407241935485,2865.825651612903,535386.5131645161,440474.2375032258,451601.78234516125,518854.79192903225,194307.88858064517,31111.570125806455,107024.45046129033,56171.86799354838,-67253.00958387097,0,27,1,87,214,10,170,0,0,185,0,0,0,8,1082872.0,768962.0,313910.0,0.2899,,490474.0,397272.0,93202.0,0.19,,API,1296.0
2021-09-01,관악구,2021,9,1296.0,1727.0,1000.0,485135.4525677419,462106.5374548387,20675.42570967742,2353.4893967741937,527368.994367742,436439.8520225806,447611.01971935487,511938.61888064514,189338.46152580646,30824.023587096777,103806.03696774194,54708.40097096774,-64327.599161290316,0,27,1,87,214,10,170,0,0,185,0,0,0,8,1082872.0,768962.0,313910.0,0.2899,,490474.0,397272.0,93202.0,0.19,,API,1237.0
2021-10-01,관악구,2021,10,1237.0,1861.0,1105.0,480050.89998333337,456639.76599333336,20553.980213333332,2857.1537766666665,523179.8276933333,431724.6387233333,443131.1650466667,506422.1392333333,191194.17193,33760.250036666665,102233.79392666667,55200.12796666667,-63290.97418666667,0,27,1,87,214,10,170,0,0,185,0,0,0,8,1082872.0,768962.0,313910.0,0.2899,,490474.0,397272.0,93202.0,0.19,,API,1230.0
2021-11-01,관악구,2021,11,1230.0,1775.0,1129.0,486279.153783871,463131.68306451617,20200.016774193547,2947.4539580645164,530801.3180451613,434451.77392580645,447120.38765806454,514249.7010258064,191027.73297419355,32472.660987096773,103226.28592903225,55328.786058064514,-67129.31336774194,0,27,1,87,214,10,170,0,0,185,0,0,0,8,1082872.0,768962.0,313910.0,0.2899,,490474.0,397272.0,93202.0,0.19,,API,1172.0
2021-12-01,관악구,2021,12,1172.0,1719.0,1000.0,484426.42937333335,460823.7609966667,20143.254039999996,3459.414313333333,532489.5425233333,429142.13901,441819.7306866667,514859.78557,197568.26317999998,33978.242073333335,105483.06015333332,58106.960953333335,-73040.05488333333,0,27,1,87,214,10,170,0,0,185,0,0,0,8,1082872.0,768962.0,313910.0,0.2899,,490474.0,397272.0,93202.0,0.19,,API,1115.0
2022-01-01,관악구,2022,1,1115.0,1792.0,1021.0,488306.53490645165,464697.62158064515,20423.812751612903,3185.1005806451612,532683.5596129032,436985.2107419355,448437.76105161285,516784.23051290325,190013.28947419356,32601.079322580645,101348.63663225807,56063.57351935484,-68346.46946129033,0,35,1,187,265,2,251,0,0,304,0,0,1,23,1145854.0,810276.0,335578.0,0.2929,124722.0,486624.0,393749.0,92875.0,0.1909,54729.0,API,1235.0
2022-02-01,관악구,2022,2,1235.0,1681.0,998.0,487023.18343870965,462712.008083871,20802.01097096774,3509.1644096774194,528413.0486548387,437383.94918064517,449125.05489354837,514093.27526774193,189489.35136451613,34786.03930645161,98376.07370967742,56327.2383483871,-64968.220374193545,0,35,1,187,265,2,251,0,0,304,0,0,1,23,1145854.0,810276.0,335578.0,0.2929,124722.0,486624.0,393749.0,92875.0,0.1909,54729.0,API,1070.0
2022-03-01,관악구,2022,3,1070.0,1784.0,1042.0,492936.2469321429,468474.05129285716,21101.42472142857,3360.7709142857143,532734.8639,446371.07394642854,457345.3311857143,518358.3296071429,190668.9074142857,34558.486964285716,99484.64827857143,56625.772171428565,-61012.998421428565,0,35,1,187,265,2,251,0,0,304,0,0,1,23,1145854.0,810276.0,335578.0,0.2929,124722.0,486624.0,393749.0,92875.0,0.1909,54729.0,API,1257.0
2022-04-01,관악구,2022,4,1257.0,1809.0,1069.0,501075.5946451613,477486.22173870966,20758.8596,2830.5133193548386,543278.0766806451,452076.5850935484,463538.3673580645,527887.8998645161,188936.52934838712,34488.590812903225,98171.09923870968,56276.8392967742,-64349.532506451615,0,35,1,187,265,2,251,0,0,304,0,0,1,23,1145854.0,810276.0,335578.0,0.2929,124722.0,486624.0,393749.0,92875.0,0.1909,54729.0,API,1357.0
2022-05-01,관악구,2022,5,1357.0,2084.0,1211.0,491747.4010233333,469117.4735533333,20125.316253333334,2504.6112033333334,543054.4856033333,433951.83416,447589.8143166667,523288.53438666667,197280.96578,33496.95559666667,103871.86868666667,59912.14149666667,-75698.72007,0,35,1,187,265,2,251,0,0,304,0,0,1,23,1145854.0,810276.0,335578.0,0.2929,124722.0,486624.0,393749.0,92875.0,0.1909,54729.0,API,1371.0
2022-06-01,관악구,2022,6,1371.0,2175.0,1329.0,494804.9337387097,472096.62160645163,20529.42600967742,2178.886129032258,547943.5496387098,436352.743616129,449724.7852322581,527005.0398096774,199324.1700677419,35533.14050967742,102840.46628064517,60950.56327741936,-77280.25457741936,0,35,1,187,265,2,251,0,0,304,0,0,1,23,1145854.0,810276.0,335578.0,0.2929,124722.0,486624.0,393749.0,92875.0,0.1909,54729.0,API,1354.0
2022-07-01,관악구,2022,7,1354.0,2244.0,1303.0,500385.9365666667,477162.05317,20652.140623333333,2571.7427633333336,552714.3596633333,442869.57687999995,455939.03638,532133.7224166667,197102.25749333334,34715.14936333333,101530.84082999999,60856.2673,-76194.68603666667,0,35,1,187,265,2,251,0,0,304,0,0,1,23,1145854.0,810276.0,335578.0,0.2929,124722.0,486624.0,393749.0,92875.0,0.1909,54729.0,API,1544.0
2022-08-01,관악구,2022,8,1544.0,2163.0,1296.0,484980.92,462319.4824709677,19945.99371935484,2715.4438161290323,535726.6059612903,430512.61170645163,442169.38122903224,515560.59056129033,187098.96102258065,34490.77785806452,95749.67513870967,56858.50802580645,-73391.20933225806,0,35,1,187,265,2,251,0,0,304,0,0,1,23,1145854.0,810276.0,335578.0,0.2929,124722.0,486624.0,393749.0,92875.0,0.1909,54729.0,API,1582.0
2022-09-01,관악구,2022,9,1582.0,2134.0,1237.0,479235.734732258,456750.38392903225,19839.81768387097,2645.5331258064516,527978.9730419355,425442.1084548387,437160.5171548387,509289.46159677417,185636.99747741935,34038.00270645161,94999.02138387096,56599.973387096776,-72128.94444193548,0,35,1,187,265,2,251,0,0,304,0,0,1,23,1145854.0,810276.0,335578.0,0.2929,124722.0,486624.0,393749.0,92875.0,0.1909,54729.0,API,1457.0
2022-10-01,관악구,2022,10,1457.0,2157.0,1230.0,478333.44641333335,455671.2523,19794.445826666666,2867.7483166666666,529510.49226,424080.1197033333,436415.1068133333,508275.1175766667,189904.79469333336,37319.20710666667,93806.21420333332,58779.37338333333,-71860.01076333334,0,35,1,187,265,2,251,0,0,304,0,0,1,23,1145854.0,810276.0,335578.0,0.2929,124722.0,486624.0,393749.0,92875.0,0.1909,54729.0,API,1392.0
2022-11-01,관악구,2022,11,1392.0,2075.0,1172.0,482792.15157419356,460663.1914,19606.325793548385,2522.6343935483874,533520.373767742,425837.39066451613,439668.0232419355,513595.1003935484,186277.55390645162,34145.33047419354,94769.99962258064,57362.223809677416,-73927.07715161289,0,35,1,187,265,2,251,0,0,304,0,0,1,23,1145854.0,810276.0,335578.0,0.2929,124722.0,486624.0,393749.0,92875.0,0.1909,54729.0,API,1402.0
2022-12-01,관악구,2022,12,1402.0,2121.0,1115.0,482056.74853333336,459839.74144666665,19625.607103333336,2591.4000066666663,535440.7649933334,422567.33884333336,435456.49865333334,515342.6413233334,192725.72251333334,34528.841016666665,98130.31390333334,60066.56759333333,-79886.14267,0,35,1,187,265,2,251,0,0,304,0,0,1,23,1145854.0,810276.0,335578.0,0.2929,124722.0,486624.0,393749.0,92875.0,0.1909,54729.0,API,1567.0
2023-01-01,관악구,2023,1,1567.0,2210.0,1235.0,484560.9430806452,461535.35934516124,20058.563451612907,2967.020293548387,533804.784316129,430252.05603870965,442132.54223225807,514866.9436967742,185966.40961290323,34609.17595806452,94363.63595161292,56993.59770322581,-72734.40146451614,3,32,34,433,176,4,375,0,0,214,0,0,0,37,1078891.0,765354.0,313537.0,0.2906,132133.0,473870.0,382745.0,91125.0,0.1923,50739.0,API,1396.0
2023-02-01,관악구,2023,2,1396.0,2128.0,1070.0,476882.69034193543,453931.841316129,20252.885677419355,2697.963351612903,524589.2215709677,425972.99836774194,437223.9031064516,505210.39552258066,181747.22602903226,36177.596070967746,90591.16838064516,54978.46157741936,-67986.49241612903,3,32,34,433,176,4,375,0,0,214,0,0,0,37,1078891.0,765354.0,313537.0,0.2906,132133.0,473870.0,382745.0,91125.0,0.1923,50739.0,API,1244.0
2023-03-01,관악구,2023,3,1244.0,2825.0,1257.0,482143.0142321428,459214.9353142857,20212.76325714286,2715.3156642857143,534354.5797928572,423553.8821071429,436490.96740714286,514751.61911785713,179104.80777500002,36862.73214642857,86412.24157142857,55829.834057142856,-78260.6517107143,3,32,34,433,176,4,375,0,0,214,0,0,0,37,1078891.0,765354.0,313537.0,0.2906,132133.0,473870.0,382745.0,91125.0,0.1923,50739.0,API,1296.0
2023-04-01,관악구,2023,4,1296.0,2523.0,1357.0,488150.81170645164,465313.47227419354,19926.750041935484,2910.589387096774,541509.0481870967,428086.2857548387,441943.30623870966,521156.1727741935,179504.9513548387,37851.46694516129,84334.6598,57318.82460967742,-79212.86653548386,3,32,34,433,176,4,375,0,0,214,0,0,0,37,1078891.0,765354.0,313537.0,0.2906,132133.0,473870.0,382745.0,91125.0,0.1923,50739.0,API,1286.0
2023-05-01,관악구,2023,5,1286.0,2447.0,1371.0,485748.59655,463400.84736,19866.71268,2481.0365066666664,538511.46575,425774.87959,439853.0846766667,518531.10502666666,185200.78811666666,35910.05326,91364.13087333334,57926.603983333334,-78678.02034999999,3,32,34,433,176,4,375,0,0,214,0,0,0,37,1078891.0,765354.0,313537.0,0.2906,132133.0,473870.0,382745.0,91125.0,0.1923,50739.0,API,1458.0
2023-06-01,관악구,2023,6,1458.0,2413.0,1354.0,481834.12116451614,459823.89647096774,19677.22753548387,2332.997177419355,534436.2369548387,424177.6918580645,437260.72681935487,513672.26000645163,184115.7106580645,34846.958580645165,92459.55693870968,56809.19513870968,-76411.53318709678,3,32,34,433,176,4,375,0,0,214,0,0,0,37,1078891.0,765354.0,313537.0,0.2906,132133.0,473870.0,382745.0,91125.0,0.1923,50739.0,API,1369.0
2023-07-01,관악구,2023,7,1369.0,2612.0,1544.0,479959.95597333333,457924.21759333333,19612.271246666667,2423.46714,532564.39541,421940.6633266667,434792.6143633333,512222.3428366667,182894.77810666666,34388.21051333333,92762.14399666667,55744.42359666667,-77429.72847333334,3,32,34,433,176,4,375,0,0,214,0,0,0,37,1078891.0,765354.0,313537.0,0.2906,132133.0,473870.0,382745.0,91125.0,0.1923,50739.0,API,1422.0
2023-08-01,관악구,2023,8,1422.0,2776.0,1582.0,477957.83225806453,455502.0265612903,20040.189887096774,2415.6157967741933,529584.5001516129,422040.36065161286,434045.3052548387,509323.9229677419,174617.22332258066,34376.87946451613,87835.89828709679,52404.445570967735,-75278.61771290323,3,32,34,433,176,4,375,0,0,214,0,0,0,37,1078891.0,765354.0,313537.0,0.2906,132133.0,473870.0,382745.0,91125.0,0.1923,50739.0,API,1445.0
2023-09-01,관악구,2023,9,1445.0,2479.0,1457.0,471065.4990322581,449038.83145483874,19853.75286451613,2172.914729032258,522970.57630322577,414661.9562451613,426755.5327419355,502715.4749451613,170667.44815483873,33624.6599516129,85510.86655161291,51531.9216516129,-75959.94220322582,3,32,34,433,176,4,375,0,0,214,0,0,0,37,1078891.0,765354.0,313537.0,0.2906,132133.0,473870.0,382745.0,91125.0,0.1923,50739.0,API,1386.0
2023-10-01,관악구,2023,10,1386.0,2416.0,1392.0,474305.08332000003,452686.04037,19516.584199999998,2102.45876,526871.2828133333,418724.78491,431600.65772666666,504808.24445999996,176183.00609666668,37245.86167,84943.68488,53993.45954666667,-73207.58673333333,3,32,34,433,176,4,375,0,0,214,0,0,0,37,1078891.0,765354.0,313537.0,0.2906,132133.0,473870.0,382745.0,91125.0,0.1923,50739.0,API,1407.0
2023-11-01,관악구,2023,11,1407.0,2316.0,1402.0,473497.1337483871,452010.5089612903,19443.869993548386,2042.7547774193547,525642.3581870968,415742.79869677423,429654.42178709677,504813.35658064514,172248.6301387097,33357.18962258064,86301.15963548387,52590.28088064516,-75158.93479354838,3,32,34,433,176,4,375,0,0,214,0,0,0,37,1078891.0,765354.0,313537.0,0.2906,132133.0,473870.0,382745.0,91125.0,0.1923,50739.0,API,1315.0
2023-12-01,관악구,2023,12,1315.0,2553.0,1567.0,478318.0099,457101.46263666666,19418.61766,1797.9296033333333,533915.6032533334,418277.8178866666,431255.6169766667,511934.0048633333,181315.38672666668,37095.05139666667,87983.71408666667,56236.621243333335,-80678.38788666666,3,32,34,433,176,4,375,0,0,214,0,0,0,37,1078891.0,765354.0,313537.0,0.2906,132133.0,473870.0,382745.0,91125.0,0.1923,50739.0,API,1420.0
2024-01-01,관악구,2024,1,1420.0,2328.0,1396.0,486899.7681645161,462898.08436451614,22042.27276129032,1959.4110387096775,539688.3466096774,431441.8017709678,444194.30781612906,517403.668416129,178023.04708064516,39214.81426774194,84677.57009677419,54130.66271612903,-73209.3606,0,38,11,601,244,0,259,0,0,136,0,0,0,128,1034770.0,748563.0,286207.0,0.2766,144984.0,429547.0,344575.0,84972.0,0.1978,54132.0,API,1276.0
2024-02-01,관악구,2024,2,1276.0,2100.0,1244.0,476843.90505806456,454858.7921612903,19986.578467741936,1998.5344387096775,530108.7355645162,420582.3392290323,434500.70838064514,507089.04553225805,170566.40351935485,38071.51558064516,81442.59955806452,51052.288380645165,-72588.33715161291,0,38,11,601,244,0,259,0,0,136,0,0,0,128,1034770.0,748563.0,286207.0,0.2766,144984.0,429547.0,344575.0,84972.0,0.1978,54132.0,API,1132.0
2024-03-01,관악구,2024,3,1132.0,2205.0,1296.0,473816.5360655172,451273.3830344827,20232.91946896552,2310.2335620689655,523557.4713551724,419951.6044413793,432697.8319862069,503187.0389758621,173943.46373793104,38694.094920689655,82597.85350689654,52651.515310344825,-70489.20698965517,0,38,11,601,244,0,259,0,0,136,0,0,0,128,1034770.0,748563.0,286207.0,0.2766,144984.0,429547.0,344575.0,84972.0,0.1978,54132.0,API,1192.0
2024-04-01,관악구,2024,4,1192.0,2306.0,1286.0,484851.1809516129,462896.1760483871,19912.408758064517,2042.5961451612902,535144.9415419354,428797.1029064516,442143.07998064515,515356.96737096773,178847.90011935483,41277.91342258064,82790.45799032258,54779.528706451616,-73213.88739032258,0,38,11,601,244,0,259,0,0,136,0,0,0,128,1034770.0,748563.0,286207.0,0.2766,144984.0,429547.0,344575.0,84972.0,0.1978,54132.0,API,1083.0
2024-05-01,관악구,2024,5,1083.0,2522.0,1458.0,474096.32485333335,452929.72822,19381.434569999998,1785.1620633333332,527522.44834,414237.07963,428188.46678666666,506887.65204666666,184906.90239333332,35164.25580666667,92936.29933000001,56806.34725666667,-78699.18526,0,38,11,601,244,0,259,0,0,136,0,0,0,128,1034770.0,748563.0,286207.0,0.2766,144984.0,429547.0,344575.0,84972.0,0.1978,54132.0,API,1124.0
2024-06-01,관악구,2024,6,1124.0,2346.0,1369.0,470610.3876870968,449391.9314258064,19159.437690322582,2059.018577419355,522219.08797096775,413627.6507774194,427030.0593580645,501739.19363548385,182158.80062580647,33846.463212903225,92712.56128064515,55599.77613225807,-74709.13427741935,0,38,11,601,244,0,259,0,0,136,0,0,0,128,1034770.0,748563.0,286207.0,0.2766,144984.0,429547.0,344575.0,84972.0,0.1978,54132.0,API,1153.0
2024-07-01,관악구,2024,7,1153.0,2558.0,1422.0,470623.88848,449366.61972666666,19103.360386666667,2153.9083633333335,520849.80844,415768.55874666665,428348.40256333334,500820.66412666667,184332.74612,35360.201923333334,93648.19115666667,55324.353039999995,-72472.26156333335,0,38,11,601,244,0,259,0,0,136,0,0,0,128,1034770.0,748563.0,286207.0,0.2766,144984.0,429547.0,344575.0,84972.0,0.1978,54132.0,API,1190.0
2024-08-01,관악구,2024,8,1190.0,2686.0,1445.0,468436.8193903226,446767.8126258065,19366.327787096772,2302.678977419355,520365.8390322581,411524.3027451613,423536.09700645163,500508.76394516125,178490.29450967742,35487.3249516129,89071.19367096774,53931.775887096774,-76972.66693870968,0,38,11,601,244,0,259,0,0,136,0,0,0,128,1034770.0,748563.0,286207.0,0.2766,144984.0,429547.0,344575.0,84972.0,0.1978,54132.0,API,1214.0
2024-09-01,관악구,2024,9,1214.0,2539.0,1386.0,468258.81807419355,446592.80277096777,19484.464012903227,2181.551283870968,518739.83193225804,414126.86069032253,425892.72815806454,498520.31087741937,180695.2180032258,37722.35287419355,88095.14054193549,54877.724587096774,-72627.58271935483,0,38,11,601,244,0,259,0,0,136,0,0,0,128,1034770.0,748563.0,286207.0,0.2766,144984.0,429547.0,344575.0,84972.0,0.1978,54132.0,API,971.0
2024-10-01,관악구,2024,10,971.0,2462.0,1407.0,464185.07440000004,442461.9559033333,19319.503113333332,2403.6153866666664,512943.59597,413100.1115366667,424975.54412,492191.88172999996,182432.36974,39018.28062666666,86959.04668,56455.042433333336,-67216.33761,0,38,11,601,244,0,259,0,0,136,0,0,0,128,1034770.0,748563.0,286207.0,0.2766,144984.0,429547.0,344575.0,84972.0,0.1978,54132.0,API,1004.0
2024-11-01,관악구,2024,11,1004.0,2130.0,1315.0,471192.2508645161,449656.71330967743,19171.856961290323,2363.6806064516127,521225.48286451615,414372.6488935484,427747.0631322581,502224.5278322581,182249.42416451612,35522.98586774194,90330.54576774193,56395.89252903226,-74477.4647,0,38,11,601,244,0,259,0,0,136,0,0,0,128,1034770.0,748563.0,286207.0,0.2766,144984.0,429547.0,344575.0,84972.0,0.1978,54132.0,API,1008.0
2024-12-01,관악구,2024,12,1008.0,2368.0,1420.0,470488.40268,449059.17403000005,19265.849306666663,2163.379343333333,521747.5519866666,413225.2601266667,426202.72602666664,502121.02887,191542.62685666667,38334.418659999996,94515.19642,58693.011776666666,-75918.30284333332,0,38,11,601,244,0,259,0,0,136,0,0,0,128,1034770.0,748563.0,286207.0,0.2766,144984.0,429547.0,344575.0,84972.0,0.1978,54132.0,API,1037.0
2025-01-01,관악구,2025,1,1037.0,2102.0,1276.0,472767.68499032257,450461.3026032258,19865.45745483871,2440.924929032258,519649.3286516129,419969.60729032254,432793.40249354835,501320.7439258064,185117.88731612902,38378.52004516129,90437.58664516128,56301.78062580645,-68527.34143225806,0,53,0,307,302,0,381,12,313,155,66,64,0,118,1008244.0,725890.0,282354.0,0.28,127426.0,453674.0,364430.0,89244.0,0.1967,62426.0,API,1088.0
2025-02-01,관악구,2025,2,1088.0,1880.0,1132.0,465929.62032903224,443233.1842129032,20330.290861290323,2366.1452645161294,509900.02426774194,417138.4785967742,428917.8810387097,492366.5769580645,177011.7352483871,36880.97812580645,87566.5313483871,52564.225774193554,-63448.69591935484,0,53,0,307,302,0,381,12,313,155,66,64,0,118,1008244.0,725890.0,282354.0,0.28,127426.0,453674.0,364430.0,89244.0,0.1967,62426.0,API,895.0
2025-03-01,관악구,2025,3,895.0,2040.0,1192.0,471218.86393214285,448596.11562500003,20287.02212857143,2335.726189285714,518953.3845714285,415885.30500357144,428457.08481785713,501762.9918571428,181095.4744892857,36279.93051428571,90069.658975,54745.885,-73305.90703928571,0,53,0,307,302,0,381,12,313,155,66,64,0,118,1008244.0,725890.0,282354.0,0.28,127426.0,453674.0,364430.0,89244.0,0.1967,62426.0,API,983.0
2025-04-01,관악구,2025,4,983.0,2004.0,1083.0,477175.45427419356,454793.6845064516,19998.16539032258,2383.604370967742,525280.993483871,422395.68849032256,435611.843183871,506863.74792580644,184449.12852580645,38467.67528064516,88441.92495806453,57539.52828709678,-71251.90474193548,0,53,0,307,302,0,381,12,313,155,66,64,0,118,1008244.0,725890.0,282354.0,0.28,127426.0,453674.0,364430.0,89244.0,0.1967,62426.0,API,974.0
2025-05-01,관악구,2025,5,974.0,2190.0,1124.0,471626.79029,450014.48897666665,19525.87442,2086.42691,523514.60085,413396.37497,426610.03735666664,503781.61383,195813.39092333333,36071.73908,98499.61266000001,61242.03918333333,-77171.57647333333,0,53,0,307,302,0,381,12,313,155,66,64,0,118,1008244.0,725890.0,282354.0,0.28,127426.0,453674.0,364430.0,89244.0,0.1967,62426.0,API,1113.0
2025-06-01,관악구,2025,6,1113.0,2249.0,1153.0,469038.67954516126,447595.245883871,19358.377667741937,2085.056006451613,519405.74577096774,413830.12543225806,427281.717383871,498865.0810967742,185254.0452903226,34918.76533870967,93351.75497419355,56983.52497741935,-71583.36371290323,0,53,0,307,302,0,381,12,313,155,66,64,0,118,1008244.0,725890.0,282354.0,0.28,127426.0,453674.0,364430.0,89244.0,0.1967,62426.0,API,1036.0
2025-07-01,관악구,2025,7,1036.0,2419.0,1190.0,472818.72580333333,450833.8329066666,19575.333013333333,2409.559893333333,522539.67972333333,418888.5308366667,431166.02222,502570.65694,187976.91564333334,34278.35431666667,95502.51951666667,58196.041809999995,-71404.63472,0,53,0,307,302,0,381,12,313,155,66,64,0,118,1008244.0,725890.0,282354.0,0.28,127426.0,453674.0,364430.0,89244.0,0.1967,62426.0,API,1069.0
2025-08-01,관악구,2025,8,1069.0,2524.0,1214.0,469962.1925774194,447621.40093548386,20036.430261290323,2304.361387096774,521647.8435580645,414039.8291419355,425906.39019032253,501430.62287741934,185687.43834193549,35659.53796451613,92748.50322903226,57279.39714838709,-75524.23268709677,0,53,0,307,302,0,381,12,313,155,66,64,0,118,1008244.0,725890.0,282354.0,0.28,127426.0,453674.0,364430.0,89244.0,0.1967,62426.0,API,1131.0
2025-09-01,관악구,2025,9,1131.0,2033.0,971.0,465606.12049032253,443369.0223193548,19897.545525806454,2339.552651612903,515330.866083871,412099.3880096774,424146.6846483871,495220.003232258,182679.26476451612,34934.0554,91998.37941935484,55746.82994516129,-71073.31858387096,0,53,0,307,302,0,381,12,313,155,66,64,0,118,1008244.0,725890.0,282354.0,0.28,127426.0,453674.0,364430.0,89244.0,0.1967,62426.0,API,1086.0
2025-10-01,관악구,2025,10,1086.0,2090.0,1004.0,470379.2639566667,448616.2695666666,19419.87222,2343.1221566666663,524018.6983633333,412033.63464666664,425007.80046,502787.4521666666,191652.46274666666,38123.41929333333,93979.03162666666,59550.01182666667,-77779.65170666667,0,53,0,307,302,0,381,12,313,155,66,64,0,118,1008244.0,725890.0,282354.0,0.28,127426.0,453674.0,364430.0,89244.0,0.1967,62426.0,API,1028.0
2025-11-01,관악구,2025,11,1028.0,2019.0,1008.0,458064.81616451615,436067.1725806451,19530.37488387097,2467.2687064516126,508533.4941225807,404909.42631290323,418099.19616774196,486611.68758709676,180970.9611903226,34861.92473870968,90326.47303225806,55782.56341935484,-68512.49141935485,0,53,0,307,302,0,381,12,313,155,66,64,0,118,1008244.0,725890.0,282354.0,0.28,127426.0,453674.0,364430.0,89244.0,0.1967,62426.0,API,1086.0
2025-12-01,관악구,2025,12,1086.0,2094.0,1037.0,471612.2475,449891.77283666667,19383.429653333333,2337.045003333333,524244.09246,413241.37101,427141.5817066666,503377.0087833333,186213.75437333333,35565.23095,92137.22675666666,58511.29666666666,-76235.42707666666,0,53,0,307,302,0,381,12,313,155,66,64,0,118,1008244.0,725890.0,282354.0,0.28,127426.0,453674.0,364430.0,89244.0,0.1967,62426.0,API,1098.0
2017-08-01,광진구,2017,8,,,,,,,,,,,,,,,,,0,111,8,142,44,41,265,0,0,240,0,0,0,75,,,,,,,,,,,API,891.0
2017-09-01,광진구,2017,9,891.0,,,,,,,,,,,,,,,,0,111,8,142,44,41,265,0,0,240,0,0,0,75,,,,,,,,,,,API,883.0
2017-10-01,광진구,2017,10,883.0,,,,,,,,,,,,,,,,0,111,8,142,44,41,265,0,0,240,0,0,0,75,,,,,,,,,,,API,843.0
2017-11-01,광진구,2017,11,843.0,,,,,,,,,,,,,,,,0,111,8,142,44,41,265,0,0,240,0,0,0,75,,,,,,,,,,,API,773.0
2017-12-01,광진구,2017,12,773.0,,,,,,,,,,,,,,,,0,111,8,142,44,41,265,0,0,240,0,0,0,75,,,,,,,,,,,API,875.0
2018-01-01,광진구,2018,1,875.0,,,,,,,,,,,,,,,,3,113,3,165,34,59,294,0,0,282,0,0,0,68,,,,,,,,,,,API,870.0
2018-02-01,광진구,2018,2,870.0,,,,,,,,,,,,,,,,3,113,3,165,34,59,294,0,0,282,0,0,0,68,,,,,,,,,,,API,741.0
2018-03-01,광진구,2018,3,741.0,,,,,,,,,,,,,,,,3,113,3,165,34,59,294,0,0,282,0,0,0,68,,,,,,,,,,,API,809.0
2018-04-01,광진구,2018,4,809.0,,,,,,,,,,,,,,,,3,113,3,165,34,59,294,0,0,282,0,0,0,68,,,,,,,,,,,API,839.0
2018-05-01,광진구,2018,5,839.0,,,421205.23313846154,395171.25760769227,23734.121038461537,2299.854503846154,444023.16116538463,397197.3009115384,405775.7156384615,432226.3170692307,221980.84134615384,43575.279661538465,96008.53030769232,82397.03137692307,-26450.60143076922,3,113,3,165,34,59,294,0,0,282,0,0,0,68,,,,,,,,,,,API,842.0
2018-06-01,광진구,2018,6,842.0,,,420698.3602935484,394492.9052225806,23858.4739,2346.9811677419357,446153.7778,396254.4262064516,406037.91620000004,430208.6668322581,216500.29200000002,42890.84241612903,92748.43005161292,80861.01953225807,-24170.750632258063,3,113,3,165,34,59,294,0,0,282,0,0,0,68,,,,,,,,,,,API,882.0
2018-07-01,광진구,2018,7,882.0,,,418788.92948000005,393078.4127733334,23390.432923333334,2320.083786666667,441796.67571000004,394829.30252666667,402504.36547333334,430420.76092333335,197876.89899666666,39941.01218,84691.20625666667,73244.68056,-27916.39545,3,113,3,165,34,59,294,0,0,282,0,0,0,68,,,,,,,,,,,API,875.0
2018-08-01,광진구,2018,8,875.0,1392.0,891.0,408386.6415,385144.9254483871,21005.328480645163,2236.387577419355,433566.7218903226,380706.66218387097,389441.5596129032,421918.8428483871,191520.58029032257,38854.44006129032,83417.02314193548,69249.11708709678,-32477.283235483872,3,113,3,165,34,59,294,0,0,282,0,0,0,68,,,,,,,,,,,API,900.0
2018-09-01,광진구,2018,9,900.0,1421.0,883.0,407942.3037774193,383641.09228387097,21543.43277419355,2757.778716129032,432823.1922322581,382472.23957741936,391029.5353967742,419066.16058709676,199717.05133548388,39784.86380322581,88603.09248064515,71329.0950516129,-28036.625190322582,3,113,3,165,34,59,294,0,0,282,0,0,0,68,,,,,,,,,,,API,792.0
2018-10-01,광진구,2018,10,792.0,1352.0,843.0,415392.9039466667,388672.3988233333,23785.10465,2935.40048,437978.08634,392226.25092333334,401830.27186,425080.49831,199879.81258,43214.76528666667,83746.91586666666,72918.13142666666,-23250.22645,3,113,3,165,34,59,294,0,0,282,0,0,0,68,,,,,,,,,,,API,846.0
2018-11-01,광진구,2018,11,846.0,1237.0,773.0,419501.6690516129,393565.3487354838,23712.6526516129,2223.6676451612902,443446.8020129032,394339.0760193548,402842.0784548387,430409.7504774194,202591.7886451613,40563.84389354839,87931.53797741936,74096.40677419354,-27567.672022580653,3,113,3,165,34,59,294,0,0,282,0,0,0,68,,,,,,,,,,,API,804.0
2018-12-01,광진구,2018,12,804.0,1419.0,875.0,420655.0672766667,394461.4797833333,23772.691833333334,2420.8956933333334,446193.51913333335,394463.51181666664,403729.28402666666,432744.91246333334,208212.38695333333,42784.38972,89352.48864333333,76075.50859,-29015.62843666667,3,113,3,165,34,59,294,0,0,282,0,0,0,68,,,,,,,,,,,API,885.0
2019-01-01,광진구,2019,1,885.0,1419.0,870.0,422799.67435161286,395545.5427806452,24620.70229677419,2633.4292612903228,444158.9517870968,399366.3801193549,408022.78572903224,433354.59479999996,198670.82310645163,41145.04178387097,85345.34526451613,72180.43605806452,-25331.809070967738,0,40,4,120,31,61,176,0,0,202,0,0,1,82,,,,,,,,,,,API,774.0
2019-02-01,광진구,2019,2,774.0,1266.0,741.0,414918.67213225807,390125.3969741935,22450.9934,2342.2817580645165,438713.71311290324,387552.308232258,396371.2226516129,428166.85031935485,199450.7679516129,39941.73064516129,87746.52688064516,71762.51042580645,-31795.627667741934,0,40,4,120,31,61,176,0,0,202,0,0,1,82,,,,,,,,,,,API,667.0
2019-03-01,광진구,2019,3,667.0,1327.0,809.0,401628.7019071429,377264.83093928575,21551.145014285714,2812.725957142857,423572.3454607143,379064.186725,387911.2223678571,411426.9015892857,194626.62320357142,40860.02981785714,84876.06711071428,68890.526275,-23515.679221428574,0,40,4,120,31,61,176,0,0,202,0,0,1,82,,,,,,,,,,,API,763.0
2019-04-01,광진구,2019,4,763.0,1353.0,839.0,421211.5476774194,393295.72392258066,25511.71926129032,2404.104509677419,442724.9126032258,397978.72773225803,406417.5452,431778.6923,190669.7468032258,41463.312332258065,81373.03513548386,67833.39933548387,-25361.147099999995,0,40,4,120,31,61,176,0,0,202,0,0,1,82,,,,,,,,,,,API,805.0
2019-05-01,광진구,2019,5,805.0,1402.0,842.0,415975.1547166667,388287.7385733333,25616.216923333333,2071.19921,438059.31566666666,391471.7210333333,401354.88081999996,426418.20750333334,213850.17973,41631.940279999995,93591.62639,78626.61305999999,-25063.32668333334,0,40,4,120,31,61,176,0,0,202,0,0,1,82,,,,,,,,,,,API,854.0
2019-06-01,광진구,2019,6,854.0,1386.0,882.0,402745.4603580645,375628.3042709677,25136.852041935483,1980.3040451612903,424910.801483871,379511.21801935486,388550.2413516129,412884.90249999997,196069.02155806453,39580.95190322581,85191.8471516129,71296.2225032258,-24334.661148387102,0,40,4,120,31,61,176,0,0,202,0,0,1,82,,,,,,,,,,,API,827.0
2019-07-01,광진구,2019,7,827.0,1457.0,875.0,402165.10077666666,374767.60132,25377.9846,2019.5148833333333,422942.55623333337,379929.1275466667,387723.15282333334,412480.7779166667,185460.38911333334,37158.69324,82344.93124333333,65956.76463,-24757.62509333334,0,40,4,120,31,61,176,0,0,202,0,0,1,82,,,,,,,,,,,API,856.0
2019-08-01,광진구,2019,8,856.0,1432.0,900.0,385685.3801967742,361033.47936129034,22521.384832258067,2130.516012903226,409147.4140935484,358039.75853225804,366753.97902258066,399207.8096096774,167689.8374903226,33833.92332580645,74439.57377096775,59416.34039354839,-32453.830587096774,0,40,4,120,31,61,176,0,0,202,0,0,1,82,,,,,,,,,,,API,843.0
2019-09-01,광진구,2019,9,843.0,1285.0,792.0,396839.44623548386,371690.5870064516,22930.32488387097,2218.534341935484,419566.4546451613,370740.5152870968,379532.2607096774,409201.7216096774,177256.67471290322,36270.27245483871,77488.13450967742,63498.267748387094,-29669.460900000002,0,40,4,120,31,61,176,0,0,202,0,0,1,82,,,,,,,,,,,API,762.0
2019-10-01,광진구,2019,10,762.0,1351.0,846.0,404549.86816,376217.4129,25188.712786666663,3143.742493333333,426156.43157,381395.73745333333,389944.5230666667,414982.25752333336,187596.90909333335,40802.21424,78486.02441,68308.67044333334,-25037.73445666666,0,40,4,120,31,61,176,0,0,202,0,0,1,82,,,,,,,,,,,API,882.0
2019-11-01,광진구,2019,11,882.0,1231.0,804.0,402292.1806419355,375557.41031935485,24341.724262903226,2393.0460419354836,424458.0206806452,375589.0652112903,384196.45587258064,415217.69830483873,190176.0539532258,38025.813756451615,81143.11190322581,71007.12829354838,-31021.242432258077,0,40,4,120,31,61,176,0,0,202,0,0,1,82,,,,,,,,,,,API,765.0
2019-12-01,광진구,2019,12,765.0,1347.0,885.0,406015.5811,380485.69159666664,23420.280130000003,2109.60938,427878.99802666664,381383.6792133333,389614.3620566667,417730.7375566667,188287.54614000002,39606.01745,76993.77169666668,71687.75699333333,-28116.3755,0,40,4,120,31,61,176,0,0,202,0,0,1,82,,,,,,,,,,,API,809.0
2020-01-01,광진구,2020,1,809.0,1186.0,774.0,407206.2865451613,381315.6977677419,23685.70065483871,2204.8881290322583,428499.48615483876,383518.8623387097,391275.795816129,418585.2084903226,196878.58020645162,40678.28042258065,83169.24820645161,73031.05157741936,-27309.412674193554,0,34,2,92,28,89,182,0,0,179,0,0,0,29,690755.0,504227.0,186528.0,0.27,,684649.0,488724.0,195925.0,0.2862,,API,838.0
2020-02-01,광진구,2020,2,838.0,1040.0,667.0,394147.19321935484,369838.8231290323,21819.02669354839,2489.3433903225805,417339.6727354839,368376.4419612903,376923.1827548387,406450.0578387097,186194.23817096773,38604.84581612903,80402.65951290322,67186.73284193549,-29526.875083870968,0,34,2,92,28,89,182,0,0,179,0,0,0,29,690755.0,504227.0,186528.0,0.27,,684649.0,488724.0,195925.0,0.2862,,API,617.0
2020-03-01,광진구,2020,3,617.0,1268.0,763.0,398599.8514103448,373150.36856206896,22051.295841379313,3398.1870137931032,420101.3570413793,372522.00669310347,380133.28084827587,411790.2589586207,173693.46267931035,32071.820651724134,79368.42414827585,62253.217879310345,-31656.978110344833,0,34,2,92,28,89,182,0,0,179,0,0,0,29,690755.0,504227.0,186528.0,0.27,,684649.0,488724.0,195925.0,0.2862,,API,578.0
2020-04-01,광진구,2020,4,578.0,1285.0,805.0,395917.5234419355,370428.0985354839,22149.0569,3340.368006451613,415247.05700967746,371282.3417806452,378817.52002580644,408131.8116,164292.8997967742,27924.66351935484,77532.97489677419,58835.26138064516,-29314.291574193547,0,34,2,92,28,89,182,0,0,179,0,0,0,29,690755.0,504227.0,186528.0,0.27,,684649.0,488724.0,195925.0,0.2862,,API,622.0
2020-05-01,광진구,2020,5,622.0,1355.0,854.0,400827.45546666667,375302.13793333335,22767.556103333332,2757.76144,420657.77857,374860.55676999997,382794.6708233334,413708.01594,177414.64337,31131.77349666667,81650.20362666667,64632.66624666667,-30913.345116666667,0,34,2,92,28,89,182,0,0,179,0,0,0,29,690755.0,504227.0,186528.0,0.27,,684649.0,488724.0,195925.0,0.2862,,API,692.0
2020-06-01,광진구,2020,6,692.0,1280.0,827.0,398424.53797096777,372726.67457741936,23074.257367741935,2623.606022580645,418034.7540129032,373627.12675483874,381586.1582193548,410451.95206774195,176588.99241935482,33286.85710967742,81869.28960967742,61432.8457,-28865.793848387093,0,34,2,92,28,89,182,0,0,179,0,0,0,29,690755.0,504227.0,186528.0,0.27,,684649.0,488724.0,195925.0,0.2862,,API,679.0
2020-07-01,광진구,2020,7,679.0,1295.0,856.0,394696.1583966667,369330.55598,22712.809833333336,2652.79259,414926.6827933333,368118.78562000004,376000.38155666663,408050.2847066667,176114.64485333333,32058.77121,82092.09668333334,61963.77696,-32049.903150000006,0,34,2,92,28,89,182,0,0,179,0,0,0,29,690755.0,504227.0,186528.0,0.27,,684649.0,488724.0,195925.0,0.2862,,API,672.0
2020-08-01,광진구,2020,8,672.0,1316.0,843.0,392393.41245161294,365797.5181806452,22424.17273870968,4171.721522580645,413489.6021451613,365284.47175483865,373166.17400967743,406127.1541806452,174260.19611612902,32383.292725806452,80249.64056129033,61627.26282903226,-32960.98017096774,0,34,2,92,28,89,182,0,0,179,0,0,0,29,690755.0,504227.0,186528.0,0.27,,684649.0,488724.0,195925.0,0.2862,,API,647.0
2020-09-01,광진구,2020,9,647.0,1284.0,762.0,387992.0641870968,361791.1251322581,22512.00573548387,3688.933316129032,405911.3084903226,364675.8543483871,371631.00542580645,399678.5347387097,164961.7961354839,29845.459258064515,77122.29715483871,57994.039722580645,-28047.529312903225,0,34,2,92,28,89,182,0,0,179,0,0,0,29,690755.0,504227.0,186528.0,0.27,,684649.0,488724.0,195925.0,0.2862,,API,631.0
2020-10-01,광진구,2020,10,631.0,1379.0,882.0,391270.4477966667,364260.32953,22126.420776666666,4883.697486666667,408439.42875,367964.64516333333,374985.8485533333,402902.3043933333,165055.72560666667,29819.390823333335,76777.84089,58458.49389333333,-27916.45584,0,34,2,92,28,89,182,0,0,179,0,0,0,29,690755.0,504227.0,186528.0,0.27,,684649.0,488724.0,195925.0,0.2862,,API,702.0
2020-11-01,광진구,2020,11,702.0,1202.0,765.0,387022.1727387097,362507.76951935486,21467.416674193548,3046.98654516129,405296.1537548387,364309.98098709673,371158.38487741933,398353.4497741935,174607.8458419355,33651.55837741935,78646.3088516129,62309.97861290322,-27195.064896774194,0,34,2,92,28,89,182,0,0,179,0,0,0,29,690755.0,504227.0,186528.0,0.27,,684649.0,488724.0,195925.0,0.2862,,API,683.0
2020-12-01,광진구,2020,12,683.0,1255.0,809.0,386284.69488333334,362395.8885266667,20837.67362,3051.1327499999998,403749.98707,362690.96482,369634.5220266667,398177.6755,172526.42945333335,32309.88434,78279.71147666666,61936.83363666667,-28543.153473333343,0,34,2,92,28,89,182,0,0,179,0,0,0,29,690755.0,504227.0,186528.0,0.27,,684649.0,488724.0,195925.0,0.2862,,API,611.0
2021-01-01,광진구,2021,1,611.0,1255.0,838.0,383588.2323645161,360871.4978709678,20552.225477419353,2164.5090096774193,397314.6484580645,363518.5370548387,369706.19506129035,393503.9732967742,157123.06747741933,27477.303967741933,74475.5486,55170.214909677416,-23797.778235483875,0,35,1,64,34,109,72,0,0,106,0,0,0,4,662616.0,487387.0,175229.0,0.2645,,644078.0,463868.0,180210.0,0.2798,,API,585.0
2021-02-01,광진구,2021,2,585.0,996.0,617.0,382873.16811612906,360337.4464612903,20513.89791612903,2021.8237258064516,396986.85632258066,362813.9989387097,369222.6018903226,392623.57258064515,162374.13828387097,29043.640067741937,76715.85905483871,56614.639161290324,-23400.970690322585,0,35,1,64,34,109,72,0,0,106,0,0,0,4,662616.0,487387.0,175229.0,0.2645,,644078.0,463868.0,180210.0,0.2798,,API,579.0
2021-03-01,광진구,2021,3,579.0,1030.0,578.0,380118.1279642857,356431.58775714284,20494.34528214286,3192.1949285714286,395552.4935964286,359587.85321071424,365712.89011785714,390407.58357142855,169018.67410357142,32328.633085714286,76863.12618571428,59826.91483214286,-24694.693453571435,0,35,1,64,34,109,72,0,0,106,0,0,0,4,662616.0,487387.0,175229.0,0.2645,,644078.0,463868.0,180210.0,0.2798,,API,640.0
2021-04-01,광진구,2021,4,640.0,1017.0,622.0,384738.5216129032,361269.6250451613,20377.15645483871,3091.7401258064515,401700.7264354839,361410.0379,368480.2116741935,396351.6001483871,171442.12718709678,34129.70966451613,76458.08865806452,60854.32886451613,-27871.388474193554,0,35,1,64,34,109,72,0,0,106,0,0,0,4,662616.0,487387.0,175229.0,0.2645,,644078.0,463868.0,180210.0,0.2798,,API,687.0
2021-05-01,광진구,2021,5,687.0,1170.0,692.0,382275.6543,359629.96037000004,20364.784436666665,2280.909493333333,399034.75550666667,358511.34931666666,366152.62029666663,393792.1071733333,181642.03052666664,33544.30806333334,82049.20011666667,66048.52234666666,-27639.48687666667,0,35,1,64,34,109,72,0,0,106,0,0,0,4,662616.0,487387.0,175229.0,0.2645,,644078.0,463868.0,180210.0,0.2798,,API,760.0
2021-06-01,광진구,2021,6,760.0,1116.0,679.0,381328.12697741936,358201.10286451614,20684.39912580645,2442.6249774193548,397466.8578967742,359487.9464580645,367081.7129290323,391504.1370096774,176250.21937096774,33366.79765483871,79649.61244516128,63233.809270967744,-24422.424080645163,0,35,1,64,34,109,72,0,0,106,0,0,0,4,662616.0,487387.0,175229.0,0.2645,,644078.0,463868.0,180210.0,0.2798,,API,800.0
2021-07-01,광진구,2021,7,800.0,1121.0,672.0,377447.23303,354722.1582433333,20323.229059999998,2401.8457399999998,394942.00998,353463.74009000004,361046.71073000005,389161.89180333336,176525.02593,32516.18758,80583.15366333333,63425.68468666667,-28115.18107333333,0,35,1,64,34,109,72,0,0,106,0,0,0,4,662616.0,487387.0,175229.0,0.2645,,644078.0,463868.0,180210.0,0.2798,,API,815.0
2021-08-01,광진구,2021,8,815.0,1168.0,647.0,372857.6928870968,349987.66051290324,20252.770732258065,2617.261629032258,389502.65394193545,349734.47879677423,356944.55280967744,384224.22151935485,164940.27053548387,29279.009283870968,77099.0618483871,58562.19940322581,-27279.66870967742,0,35,1,64,34,109,72,0,0,106,0,0,0,4,662616.0,487387.0,175229.0,0.2645,,644078.0,463868.0,180210.0,0.2798,,API,796.0
2021-09-01,광진구,2021,9,796.0,1126.0,631.0,369963.43057741935,346776.1089548387,20118.941912903225,3068.379706451613,385864.46659677423,348248.5475322581,355356.3260516129,380397.0766806452,162976.2394967742,29581.25678387097,76600.70836129032,56794.274351612905,-25040.750629032256,0,35,1,64,34,109,72,0,0,106,0,0,0,4,662616.0,487387.0,175229.0,0.2645,,644078.0,463868.0,180210.0,0.2798,,API,807.0
2021-10-01,광진구,2021,10,807.0,1235.0,702.0,371778.40587333334,348049.09572333336,20200.455243333334,3528.8549133333336,386747.08741,351603.48109,358930.6405766666,380955.3810866667,168736.54785,32884.11949333333,76347.45729,59504.971066666665,-22024.74051,0,35,1,64,34,109,72,0,0,106,0,0,0,4,662616.0,487387.0,175229.0,0.2645,,644078.0,463868.0,180210.0,0.2798,,API,796.0
2021-11-01,광진구,2021,11,796.0,1155.0,683.0,374383.8927612903,351614.96751290327,20106.65696451613,2662.268280645161,389562.86427741934,353286.5943548387,360693.4276451613,384162.79641612904,168381.05376129033,32015.810761290326,76691.76225483872,59673.48074516129,-23469.368770967747,0,35,1,64,34,109,72,0,0,106,0,0,0,4,662616.0,487387.0,175229.0,0.2645,,644078.0,463868.0,180210.0,0.2798,,API,763.0
2021-12-01,광진구,2021,12,763.0,1061.0,611.0,376075.35152333335,352454.79014666664,19873.481953333332,3747.0794233333336,393722.11564333335,352291.63961,360403.21769666666,387269.73282333335,175110.83981333335,34291.69439333333,77922.32567333334,62896.81974666667,-26866.51512666666,0,35,1,64,34,109,72,0,0,106,0,0,0,4,662616.0,487387.0,175229.0,0.2645,,644078.0,463868.0,180210.0,0.2798,,API,770.0
2022-01-01,광진구,2022,1,770.0,1098.0,585.0,376274.4712419355,352987.8080612903,20313.440041935486,2973.2231387096776,391672.94630645163,354470.4645225807,361537.87218387093,386800.61342903227,166046.05038709677,31712.50550967742,75075.46510967742,59258.07976774194,-25262.741245161287,0,23,4,120,78,152,64,0,0,144,0,0,1,21,707992.0,526595.0,181397.0,0.2562,72146.0,676466.0,496584.0,179882.0,0.2659,109490.0,API,766.0
2022-02-01,광진구,2022,2,766.0,1051.0,579.0,374092.6724774193,350825.3920032258,20604.144777419355,2663.1357032258065,389206.7019580645,352795.15642258065,359963.4285354839,384184.9895806451,166494.83666129032,32891.67380967742,75322.48633225806,58280.676519354834,-24221.561045161285,0,23,4,120,78,152,64,0,0,144,0,0,1,21,707992.0,526595.0,181397.0,0.2562,72146.0,676466.0,496584.0,179882.0,0.2659,109490.0,API,771.0
2022-03-01,광진구,2022,3,771.0,1114.0,640.0,377963.42715714284,354325.83052142855,20634.387542857145,3003.2090821428574,392406.43043214286,358478.5392214286,365106.7056214286,387146.79969285714,165424.2153,32089.996610714286,75757.06848571428,57577.15020357143,-22040.094071428575,0,23,4,120,78,152,64,0,0,144,0,0,1,21,707992.0,526595.0,181397.0,0.2562,72146.0,676466.0,496584.0,179882.0,0.2659,109490.0,API,835.0
2022-04-01,광진구,2022,4,835.0,1163.0,687.0,388532.58498064516,362891.01999999996,21044.70702903226,4596.857929032259,402544.05538709677,369819.2240516129,375955.6324548387,397516.12249032257,165387.92386129033,33405.37417096774,74556.1549,57426.39479032258,-21560.49003548387,0,23,4,120,78,152,64,0,0,144,0,0,1,21,707992.0,526595.0,181397.0,0.2562,72146.0,676466.0,496584.0,179882.0,0.2659,109490.0,API,866.0
2022-05-01,광진구,2022,5,866.0,1381.0,760.0,384473.47404,360768.3985266667,20957.645650000002,2747.42985,401661.0698733333,362572.7314666667,370991.59122,394103.39032999997,182170.47299666665,35659.17247333333,80437.17026333333,66074.13025999999,-23111.79911,0,23,4,120,78,152,64,0,0,144,0,0,1,21,707992.0,526595.0,181397.0,0.2562,72146.0,676466.0,496584.0,179882.0,0.2659,109490.0,API,888.0
2022-06-01,광진구,2022,6,888.0,1484.0,800.0,388863.70768064517,365004.0988935484,21226.49549032258,2633.1133032258067,406571.4799516129,366732.2015096774,375406.47142580646,398476.01930000004,184290.5143677419,37595.950158064516,79732.67173548386,66961.89247419355,-23069.54787419355,0,23,4,120,78,152,64,0,0,144,0,0,1,21,707992.0,526595.0,181397.0,0.2562,72146.0,676466.0,496584.0,179882.0,0.2659,109490.0,API,843.0
2022-07-01,광진구,2022,7,843.0,1394.0,815.0,390598.7148833333,366284.25329,21616.301,2698.1605733333336,408649.6412333333,367547.3961333333,375388.38241666666,401463.2380633333,179189.22054666665,35110.09036333334,80010.02939000001,64069.10079333334,-26074.855646666667,0,23,4,120,78,152,64,0,0,144,0,0,1,21,707992.0,526595.0,181397.0,0.2562,72146.0,676466.0,496584.0,179882.0,0.2659,109490.0,API,1029.0
2022-08-01,광진구,2022,8,1029.0,1343.0,796.0,375927.74689999997,352383.18876451615,20743.903312903225,2800.654835483871,393709.49473870965,352580.94233870966,360065.25120967743,387258.1009612903,167417.58078709678,33409.54389354839,74044.10050967742,59963.93638387097,-27192.8497516129,0,23,4,120,78,152,64,0,0,144,0,0,1,21,707992.0,526595.0,181397.0,0.2562,72146.0,676466.0,496584.0,179882.0,0.2659,109490.0,API,1072.0
2022-09-01,광진구,2022,9,1072.0,1418.0,807.0,374220.88301935483,349284.00456774194,20990.92865483871,3945.9497903225806,392884.52657419356,350942.17474193545,358457.6558290323,385480.3310064516,166072.6846483871,33266.560154838706,73304.96487419355,59501.15961935484,-27022.675177419354,0,23,4,120,78,152,64,0,0,144,0,0,1,21,707992.0,526595.0,181397.0,0.2562,72146.0,676466.0,496584.0,179882.0,0.2659,109490.0,API,966.0
2022-10-01,광진구,2022,10,966.0,1367.0,796.0,381428.7657433333,354371.1835433334,21985.651153333332,5071.931026666667,399030.17418333335,360141.20571999997,367944.0088666667,391060.7349366667,174265.89229,38429.8381,73198.90558666666,62637.14860333333,-23116.726069999997,0,23,4,120,78,152,64,0,0,144,0,0,1,21,707992.0,526595.0,181397.0,0.2562,72146.0,676466.0,496584.0,179882.0,0.2659,109490.0,API,969.0
2022-11-01,광진구,2022,11,969.0,1355.0,763.0,381216.43971935485,356320.8961354839,21958.762651612902,2936.780935483871,398424.20112580643,360101.5252516129,367279.1179903226,391171.66952580644,170118.95906451612,35568.804425806455,73003.93945161291,61546.21518709677,-23892.55153548387,0,23,4,120,78,152,64,0,0,144,0,0,1,21,707992.0,526595.0,181397.0,0.2562,72146.0,676466.0,496584.0,179882.0,0.2659,109490.0,API,939.0
2022-12-01,광진구,2022,12,939.0,1439.0,770.0,381256.0374,356595.8782466667,21905.950043333334,2754.20912,399139.78816999996,358481.28396666667,366145.67483,392049.15353333333,173807.03320333333,35601.764123333334,74543.07034666667,63662.19873333334,-25903.478703333338,0,23,4,120,78,152,64,0,0,144,0,0,1,21,707992.0,526595.0,181397.0,0.2562,72146.0,676466.0,496584.0,179882.0,0.2659,109490.0,API,1015.0
2023-01-01,광진구,2023,1,1015.0,1357.0,766.0,384721.92850322585,359094.3307774194,22556.275806451613,3071.3219354838707,401598.51667096774,363378.58770645165,370252.1585870968,395057.4784483871,166920.7137967742,34766.11850967742,71874.02642580644,60280.568861290325,-24805.319861290314,0,26,11,215,34,28,359,0,0,57,0,0,0,17,651316.0,471320.0,179996.0,0.2764,71477.0,619066.0,456047.0,163019.0,0.2633,85570.0,API,921.0
2023-02-01,광진구,2023,2,921.0,1394.0,771.0,375917.45416774193,351700.2198354839,21315.48685483871,2901.747487096774,394620.1854677419,353173.4401774194,360967.93903548387,386595.67925483873,159850.60752903225,34318.56340967742,68849.55452903226,56682.489590322584,-25627.740219354837,0,26,11,215,34,28,359,0,0,57,0,0,0,17,651316.0,471320.0,179996.0,0.2764,71477.0,619066.0,456047.0,163019.0,0.2633,85570.0,API,772.0
2023-03-01,광진구,2023,3,772.0,1688.0,835.0,382727.09748214285,357574.6537,21167.9261,3984.5176964285715,401799.76913571433,358633.4327464286,366310.8403321429,394452.9954321428,164646.64049642856,35959.98402142857,69207.66348928571,59478.992985714285,-28142.1551,0,26,11,215,34,28,359,0,0,57,0,0,0,17,651316.0,471320.0,179996.0,0.2764,71477.0,619066.0,456047.0,163019.0,0.2633,85570.0,API,892.0
2023-04-01,광진구,2023,4,892.0,1636.0,866.0,392460.9885806452,365204.907683871,22842.769951612903,4413.310929032257,409953.03754516126,370700.8212709677,378153.748,402680.44612903224,167987.9632,39032.35903870968,67410.21639032257,61545.38777096774,-24526.698129032255,0,26,11,215,34,28,359,0,0,57,0,0,0,17,651316.0,471320.0,179996.0,0.2764,71477.0,619066.0,456047.0,163019.0,0.2633,85570.0,API,993.0
2023-05-01,광진구,2023,5,993.0,1580.0,888.0,388359.17451333336,362993.9716033333,22786.96894,2578.234,406845.65282,366433.9448066667,374660.1062133333,398144.22329999995,176590.99169666666,37528.196143333334,73977.90822333333,65084.887330000005,-23484.117086666673,0,26,11,215,34,28,359,0,0,57,0,0,0,17,651316.0,471320.0,179996.0,0.2764,71477.0,619066.0,456047.0,163019.0,0.2633,85570.0,API,1028.0
2023-06-01,광진구,2023,6,1028.0,1485.0,843.0,384711.1474709677,359557.08288709674,22530.299712903226,2623.7648677419356,403932.8545645161,362987.64162903227,370814.3107967742,394637.4593709677,173153.79693548387,36296.21296129032,73031.49763548387,63826.086338709676,-23823.14857419355,0,26,11,215,34,28,359,0,0,57,0,0,0,17,651316.0,471320.0,179996.0,0.2764,71477.0,619066.0,456047.0,163019.0,0.2633,85570.0,API,929.0
2023-07-01,광진구,2023,7,929.0,1756.0,1029.0,384297.41849,359210.4978833333,22298.121726666668,2788.7988833333334,402053.87807,362116.08712333336,369482.92843333335,394879.19709333335,170040.34853000002,34876.936493333335,73366.52080666667,61796.891229999994,-25396.26866,0,26,11,215,34,28,359,0,0,57,0,0,0,17,651316.0,471320.0,179996.0,0.2764,71477.0,619066.0,456047.0,163019.0,0.2633,85570.0,API,1050.0
2023-08-01,광진구,2023,8,1050.0,1846.0,1072.0,374919.6823548387,352147.98724193545,20077.41212903226,2694.282983870968,392686.6762612903,351270.5854,358692.3928580645,386510.60343225807,160217.80304516127,33186.559306451614,70545.73978709677,56485.5039516129,-27818.21057419355,0,26,11,215,34,28,359,0,0,57,0,0,0,17,651316.0,471320.0,179996.0,0.2764,71477.0,619066.0,456047.0,163019.0,0.2633,85570.0,API,1036.0
2023-09-01,광진구,2023,9,1036.0,1689.0,966.0,373424.7419193549,350162.8376096774,20534.805764516128,2727.0985612903223,391707.80207419355,350090.5414064516,357480.8943516129,384813.2044935484,157864.95641612905,33089.05575806452,68431.81619999999,56344.08445806451,-27332.310141935493,0,26,11,215,34,28,359,0,0,57,0,0,0,17,651316.0,471320.0,179996.0,0.2764,71477.0,619066.0,456047.0,163019.0,0.2633,85570.0,API,972.0
2023-10-01,광진구,2023,10,972.0,1557.0,969.0,384056.6386166667,357793.15789333335,22780.098123333333,3483.3826166666668,401266.51934,363415.17011,371002.19472,393381.2413933333,164789.03397666666,38153.263750000006,67170.62499,59465.14523666667,-22379.046673333334,0,26,11,215,34,28,359,0,0,57,0,0,0,17,651316.0,471320.0,179996.0,0.2764,71477.0,619066.0,456047.0,163019.0,0.2633,85570.0,API,976.0
2023-11-01,광진구,2023,11,976.0,1607.0,939.0,384324.1648161291,358924.6204387097,22777.229380645163,2622.3150064516126,401674.86503548385,363665.2349870968,371119.17327741935,393756.3016225806,165484.92145806452,35491.47553225807,68852.3143064516,61141.13161935484,-22637.128345161294,0,26,11,215,34,28,359,0,0,57,0,0,0,17,651316.0,471320.0,179996.0,0.2764,71477.0,619066.0,456047.0,163019.0,0.2633,85570.0,API,831.0
2023-12-01,광진구,2023,12,831.0,1652.0,1015.0,388141.72563999996,362877.8432633334,22970.454626666666,2293.42776,404592.03517999995,365874.7050833333,372816.89536666666,399088.0329833333,171796.66247666668,38341.63019333334,70500.60057333334,62954.431710000004,-26271.13761666667,0,26,11,215,34,28,359,0,0,57,0,0,0,17,651316.0,471320.0,179996.0,0.2764,71477.0,619066.0,456047.0,163019.0,0.2633,85570.0,API,1024.0
2024-01-01,광진구,2024,1,1024.0,1511.0,921.0,394060.88591612905,366522.1415870968,25222.18957096774,2316.5547741935484,411590.94703225803,372804.14198064513,379390.76130645163,404539.5463580645,166925.51246129035,39023.555409677414,68056.88722903226,59845.06982258064,-25148.7850516129,0,35,9,200,50,41,144,0,0,87,0,0,0,16,630585.0,474421.0,156164.0,0.2476,80978.0,621183.0,453937.0,167246.0,0.2692,100882.0,API,911.0
2024-02-01,광진구,2024,2,911.0,1317.0,772.0,380590.1080387097,357767.275216129,20832.658022580647,1990.1748193548387,400322.38297419355,356291.4392870967,364190.7036419355,392303.9683322581,156717.9381032258,36350.848667741935,65119.42380322581,55247.66563225807,-28113.264690322583,0,35,9,200,50,41,144,0,0,87,0,0,0,16,630585.0,474421.0,156164.0,0.2476,80978.0,621183.0,453937.0,167246.0,0.2692,100882.0,API,755.0
2024-03-01,광진구,2024,3,755.0,1466.0,892.0,374000.33983793104,351256.15589310345,20159.08364827586,2585.1002931034486,391103.32954137935,352562.30345517246,360071.08442413795,383949.80797931034,160208.70835172414,36952.42879655172,66286.51739310345,56969.76216206896,-23878.723555172415,0,35,9,200,50,41,144,0,0,87,0,0,0,16,630585.0,474421.0,156164.0,0.2476,80978.0,621183.0,453937.0,167246.0,0.2692,100882.0,API,679.0
2024-04-01,광진구,2024,4,679.0,1653.0,993.0,392247.0235677419,366126.2309419355,23135.93375483871,2984.8588741935487,406765.2930419355,374398.0828645161,380284.8514,400791.43227096775,166532.24210645162,41447.91059677419,65020.82282580645,60063.50868387097,-20506.580870967748,0,35,9,200,50,41,144,0,0,87,0,0,0,16,630585.0,474421.0,156164.0,0.2476,80978.0,621183.0,453937.0,167246.0,0.2692,100882.0,API,716.0
2024-05-01,광진구,2024,5,716.0,1742.0,1028.0,387586.8714033334,362683.31710333336,22667.139683333335,2236.41461,403290.56609,367165.05534666666,374482.96706,396946.80308,178468.80567,38054.426166666664,74662.85954333332,65751.51996,-22463.83602,0,35,9,200,50,41,144,0,0,87,0,0,0,16,630585.0,474421.0,156164.0,0.2476,80978.0,621183.0,453937.0,167246.0,0.2692,100882.0,API,833.0
2024-06-01,광진구,2024,6,833.0,1534.0,929.0,385226.8740225806,360349.2133,22737.896941935483,2139.763777419355,400529.63863225805,366382.2794483871,374121.8831612903,393159.0103451613,169403.92541612903,37185.37501935483,70070.4805580645,62148.06983870968,-19037.127183870976,0,35,9,200,50,41,144,0,0,87,0,0,0,16,630585.0,474421.0,156164.0,0.2476,80978.0,621183.0,453937.0,167246.0,0.2692,100882.0,API,795.0
2024-07-01,광진구,2024,7,795.0,1782.0,1050.0,383693.35947333334,358919.3855466667,22570.918530000003,2203.05541,399601.0250233334,364600.9629433333,371746.16486666666,392227.06992,169152.74410333333,36419.91383666667,71464.63015333333,61268.20011333333,-20480.90505333333,0,35,9,200,50,41,144,0,0,87,0,0,0,16,630585.0,474421.0,156164.0,0.2476,80978.0,621183.0,453937.0,167246.0,0.2692,100882.0,API,770.0
2024-08-01,광진구,2024,8,770.0,1760.0,1036.0,370852.4937354839,348458.5918548387,19995.74165806452,2398.1602322580643,386932.1360483871,348720.52102580643,355577.2615645161,381763.37386774196,156949.35774193547,33893.20009354838,66570.95240967741,56485.20523870968,-26186.112303225807,0,35,9,200,50,41,144,0,0,87,0,0,0,16,630585.0,474421.0,156164.0,0.2476,80978.0,621183.0,453937.0,167246.0,0.2692,100882.0,API,834.0
2024-09-01,광진구,2024,9,834.0,1677.0,972.0,368051.4050806451,346172.35861612903,19711.727132258067,2167.3193225806453,383613.42947096773,346904.0981258064,353676.71671935485,378319.03960645164,158018.99888064517,34911.62399677419,67058.1402516129,56049.23463225806,-24642.322887096772,0,35,9,200,50,41,144,0,0,87,0,0,0,16,630585.0,474421.0,156164.0,0.2476,80978.0,621183.0,453937.0,167246.0,0.2692,100882.0,API,700.0
2024-10-01,광진구,2024,10,700.0,1593.0,976.0,374906.6123333333,349924.10672333336,22234.431816666667,2748.0737933333335,390126.5201966667,357701.7106133333,363982.35290666664,382709.6547866667,166590.13207999998,38748.1087,68245.74923,59596.27415,-18727.301880000003,0,35,9,200,50,41,144,0,0,87,0,0,0,16,630585.0,474421.0,156164.0,0.2476,80978.0,621183.0,453937.0,167246.0,0.2692,100882.0,API,669.0
2024-11-01,광진구,2024,11,669.0,1359.0,831.0,380823.53427096776,356515.00197419355,22254.22635806452,2054.3059451612903,394513.294983871,363735.5913612903,370040.7651225807,388525.51223870966,169614.29207096776,37497.05717419354,69492.28712580644,62624.947770967745,-18484.747116129034,0,35,9,200,50,41,144,0,0,87,0,0,0,16,630585.0,474421.0,156164.0,0.2476,80978.0,621183.0,453937.0,167246.0,0.2692,100882.0,API,624.0
2024-12-01,광진구,2024,12,624.0,1679.0,1024.0,380625.31201000005,356437.69479333336,22149.224933333335,2038.39228,393977.21679,362502.22445,368711.8649733334,389134.91706,176147.24707,39380.40517666667,71047.1727,65719.66919333333,-20423.05208666667,0,35,9,200,50,41,144,0,0,87,0,0,0,16,630585.0,474421.0,156164.0,0.2476,80978.0,621183.0,453937.0,167246.0,0.2692,100882.0,API,699.0
2025-01-01,광진구,2025,1,699.0,1425.0,911.0,379070.9868451613,354737.3612774194,22030.1714,2303.454158064516,392200.3670548387,361790.4378709677,367955.7634032258,387010.43216774194,167025.5115935484,37625.67755806451,67971.26237741936,61428.57165806452,-19054.668764516122,0,27,0,26,36,14,128,5,80,105,58,10,0,16,627209.0,464133.0,163076.0,0.26,75731.0,656827.0,480816.0,176011.0,0.268,101270.0,API,670.0
2025-02-01,광진구,2025,2,670.0,1228.0,755.0,362574.4815451613,341058.43720322585,19243.32789032258,2272.716464516129,376614.9171354839,344757.8158612903,350717.17378387094,371043.98710967746,153827.2078354839,33910.80134516129,64517.582270967745,55398.82421935484,-20326.813325806444,0,27,0,26,36,14,128,5,80,105,58,10,0,16,627209.0,464133.0,163076.0,0.26,75731.0,656827.0,480816.0,176011.0,0.268,101270.0,API,599.0
2025-03-01,광진구,2025,3,599.0,1339.0,679.0,367353.98647500004,346112.34353928576,18780.324950000002,2461.317992857143,382109.5322642857,347898.69568214286,354276.37038214284,376695.14083571424,158166.7318892857,34579.05490357143,65481.08534285715,58106.591642857136,-22418.770453571426,0,27,0,26,36,14,128,5,80,105,58,10,0,16,627209.0,464133.0,163076.0,0.26,75731.0,656827.0,480816.0,176011.0,0.268,101270.0,API,663.0
2025-04-01,광진구,2025,4,663.0,1350.0,716.0,381243.38846129033,356550.1986225806,21759.412383870967,2933.7774387096774,394931.6337483871,365585.1798516129,371276.9609419355,388362.2652645161,165458.3418129032,39287.46611612903,65328.253332258064,60842.62236451613,-17085.304322580636,0,27,0,26,36,14,128,5,80,105,58,10,0,16,627209.0,464133.0,163076.0,0.26,75731.0,656827.0,480816.0,176011.0,0.268,101270.0,API,704.0
2025-05-01,광진구,2025,5,704.0,1606.0,833.0,379891.33327,356151.3193833333,21661.516746666668,2078.49715,395085.02572000003,362297.22877999995,368690.11002333334,387892.20703,181937.13956333333,37317.97172666666,75830.97514666666,68788.19269,-19202.097006666667,0,27,0,26,36,14,128,5,80,105,58,10,0,16,627209.0,464133.0,163076.0,0.26,75731.0,656827.0,480816.0,176011.0,0.268,101270.0,API,741.0
2025-06-01,광진구,2025,6,741.0,1507.0,795.0,375434.0251,351916.1656032258,21400.83235483871,2117.0271516129033,391327.13091290323,358563.7560322581,365470.7192870968,382550.6721129032,168804.79164516128,36878.67983548387,68010.73678064517,63915.375029032264,-17079.952825806453,0,27,0,26,36,14,128,5,80,105,58,10,0,16,627209.0,464133.0,163076.0,0.26,75731.0,656827.0,480816.0,176011.0,0.268,101270.0,API,796.0
2025-07-01,광진구,2025,7,796.0,1497.0,770.0,374335.0466366667,351116.45101,21095.550379999997,2123.0452633333334,388401.9387266667,357340.08358000003,363197.0099233333,382290.78713333333,170952.91268,34438.18429333333,73750.71036333333,62764.01802333333,-19093.777210000007,0,27,0,26,36,14,128,5,80,105,58,10,0,16,627209.0,464133.0,163076.0,0.26,75731.0,656827.0,480816.0,176011.0,0.268,101270.0,API,772.0
2025-08-01,광진구,2025,8,772.0,1694.0,834.0,362412.00447096775,341798.0297903226,18466.620222580645,2147.3544741935484,378609.56787096773,340875.3997806452,347642.2501419355,372961.829,163561.5882032258,32925.37666129032,70953.04433225807,59683.16720967742,-25319.578858064517,0,27,0,26,36,14,128,5,80,105,58,10,0,16,627209.0,464133.0,163076.0,0.26,75731.0,656827.0,480816.0,176011.0,0.268,101270.0,API,794.0
2025-09-01,광진구,2025,9,794.0,1430.0,700.0,359995.6727645161,339405.85788064514,18147.451893548387,2442.3629935483873,376398.48131612904,340533.98109032254,347007.0978451613,369273.2262903226,162161.11276774193,33005.58020322581,70600.7807548387,58554.751809677415,-22266.128445161296,0,27,0,26,36,14,128,5,80,105,58,10,0,16,627209.0,464133.0,163076.0,0.26,75731.0,656827.0,480816.0,176011.0,0.268,101270.0,API,812.0
2025-10-01,광진구,2025,10,812.0,1391.0,669.0,374839.9929533333,351196.7152766667,20698.658996666665,2944.6186700000003,392241.96330999996,356376.05690333334,362834.07411000005,383415.6492666667,175101.27880666667,38435.31012333334,71590.97549333333,65074.99319,-20581.575156666666,0,27,0,26,36,14,128,5,80,105,58,10,0,16,627209.0,464133.0,163076.0,0.26,75731.0,656827.0,480816.0,176011.0,0.268,101270.0,API,780.0
2025-11-01,광진구,2025,11,780.0,1301.0,624.0,365033.9067967742,341842.8512322581,20569.03960967742,2622.0159645161293,382757.4596,347598.2534290323,354134.07190000004,372819.5031516129,165159.09226774194,35255.09522580645,69049.16870967743,60854.82833225807,-18685.431251612907,0,27,0,26,36,14,128,5,80,105,58,10,0,16,627209.0,464133.0,163076.0,0.26,75731.0,656827.0,480816.0,176011.0,0.268,101270.0,API,720.0
2025-12-01,광진구,2025,12,720.0,1483.0,699.0,374088.16008666664,350667.1930466667,20833.375653333333,2587.5913933333336,389436.84081666666,356325.8382966667,362901.2695766667,382078.79617,169897.50945666668,35997.988999999994,69934.37728666667,63965.14317,-19177.52659333333,0,27,0,26,36,14,128,5,80,105,58,10,0,16,627209.0,464133.0,163076.0,0.26,75731.0,656827.0,480816.0,176011.0,0.268,101270.0,API,798.0
2022-02-01,구로구,2022,2,,,,424576.06371935486,384720.0697580645,33549.000058064514,6306.993903225806,436461.69731612905,410529.7942225806,417289.32902258064,429780.8742193548,198539.63193870967,60948.4295516129,75138.27023548387,62452.9321516129,-12491.545196774201,1,8,0,54,3,0,193,0,0,73,0,0,0,7,1091918.0,715754.0,376164.0,0.3445,114891.0,1179486.0,829330.0,350156.0,0.2969,136054.0,API,1144.0
2022-03-01,구로구,2022,3,1144.0,,,423563.862875,386203.09725,33113.654871428575,4247.110767857143,435468.5035357143,409903.68961071427,416551.3019928572,428572.83495,194646.93815,58087.16974642857,76340.52868928571,60219.239714285715,-12021.53295714286,1,8,0,54,3,0,193,0,0,73,0,0,0,7,1091918.0,715754.0,376164.0,0.3445,114891.0,1179486.0,829330.0,350156.0,0.2969,136054.0,API,1260.0
2022-04-01,구로구,2022,4,1260.0,,,423091.0342064516,386217.62217419356,32062.624403225807,4810.787629032257,435014.71522580646,408734.1162290323,415518.0859935484,428500.2829096774,186904.06344516127,55020.05348064516,73483.0889516129,58400.92101290323,-12982.196916129029,1,8,0,54,3,0,193,0,0,73,0,0,0,7,1091918.0,715754.0,376164.0,0.3445,114891.0,1179486.0,829330.0,350156.0,0.2969,136054.0,API,1295.0
2022-05-01,구로구,2022,5,1295.0,,,418503.98202999996,381880.02866333333,31367.876863333335,5256.07651,433278.9816066667,400719.82705333334,408817.69945333333,425422.75530333334,203199.28384000002,61385.637819999996,77398.06458,64415.581439999994,-16605.05585,1,8,0,54,3,0,193,0,0,73,0,0,0,7,1091918.0,715754.0,376164.0,0.3445,114891.0,1179486.0,829330.0,350156.0,0.2969,136054.0,API,1439.0
2022-06-01,구로구,2022,6,1439.0,,,421402.1650290323,384078.8912129032,31045.131848387096,6278.141970967742,436491.246483871,402805.26023225806,411157.1925774194,428720.0025032258,204841.96908709678,63611.6678451613,76398.2467,64832.05454193548,-17562.809925806454,1,8,0,54,3,0,193,0,0,73,0,0,0,7,1091918.0,715754.0,376164.0,0.3445,114891.0,1179486.0,829330.0,350156.0,0.2969,136054.0,API,1287.0
2022-07-01,구로구,2022,7,1287.0,,,427158.5077533333,390712.0278666666,31723.081869999998,4723.3980366666665,442509.5244066667,410913.7706333333,418568.36242666666,433294.32583000005,206525.80422333334,64184.152233333334,76747.14553333333,65594.50645666667,-14725.963403333333,1,8,0,54,3,0,193,0,0,73,0,0,0,7,1091918.0,715754.0,376164.0,0.3445,114891.0,1179486.0,829330.0,350156.0,0.2969,136054.0,API,1528.0
2022-08-01,구로구,2022,8,1528.0,,,418250.2352677419,381615.1025225806,31493.18850967742,5141.944238709677,431685.6126548387,403054.20613548387,409656.0428064516,424388.9441709678,197402.8844354839,61835.76664516129,73684.32623548387,61882.79155483871,-14732.901364516127,1,8,0,54,3,0,193,0,0,73,0,0,0,7,1091918.0,715754.0,376164.0,0.3445,114891.0,1179486.0,829330.0,350156.0,0.2969,136054.0,API,1587.0
2022-09-01,구로구,2022,9,1587.0,,,414125.4692032258,377332.68952258065,31576.465141935485,5216.314554838709,429145.52222580643,397936.37253548385,405225.0456,420482.9146193548,195102.7923483871,60301.97528064516,73746.55669354838,61054.260374193545,-15257.869019354846,1,8,0,54,3,0,193,0,0,73,0,0,0,7,1091918.0,715754.0,376164.0,0.3445,114891.0,1179486.0,829330.0,350156.0,0.2969,136054.0,API,1465.0
2022-10-01,구로구,2022,10,1465.0,,,413288.53979,378147.49024,31155.838273333335,3985.2112733333333,427493.7835333334,396779.73096666666,404303.74221,419706.2523433333,198351.17851,63665.48939333333,73140.33808,61545.35103666667,-15402.510133333333,1,8,0,54,3,0,193,0,0,73,0,0,0,7,1091918.0,715754.0,376164.0,0.3445,114891.0,1179486.0,829330.0,350156.0,0.2969,136054.0,API,1481.0
2022-11-01,구로구,2022,11,1481.0,,,414579.019,378722.2631806452,30237.83018064516,5618.925651612903,431425.0671806451,395036.18707419356,403460.6613290323,422520.7030580645,193487.72738709676,61313.79123225807,72422.32409354839,59751.612061290325,-19060.04172903226,1,8,0,54,3,0,193,0,0,73,0,0,0,7,1091918.0,715754.0,376164.0,0.3445,114891.0,1179486.0,829330.0,350156.0,0.2969,136054.0,API,1434.0
2022-12-01,구로구,2022,12,1434.0,,,420367.0853833333,385142.53276,30132.198663333333,5092.3539599999995,436077.81732666667,403444.48139666667,411686.5879666667,426567.4406766667,208613.44410666666,66184.60708666667,76167.95018666667,66260.88683333334,-14880.852709999996,1,8,0,54,3,0,193,0,0,73,0,0,0,7,1091918.0,715754.0,376164.0,0.3445,114891.0,1179486.0,829330.0,350156.0,0.2969,136054.0,API,1482.0
2023-01-01,구로구,2023,1,1482.0,,,424140.6136387097,388387.9486290323,30857.60047096774,4895.064535483871,435413.35371612903,411416.17077419354,417888.38315806456,428606.49256129033,204456.78957419356,64768.90436451612,75236.82818709678,64451.057022580644,-10718.109403225806,1,17,15,269,14,2,204,0,0,97,0,0,0,12,1026630.0,674674.0,351956.0,0.3428,118042.0,1303105.0,914918.0,388187.0,0.2979,143607.0,API,1415.0
2023-02-01,구로구,2023,2,1415.0,2250.0,1144.0,427057.4621064516,388067.06301290327,33448.810648387094,5541.588435483871,438470.9511354839,414195.02069032256,420645.75695161294,431637.25148387096,199391.3753580645,64373.518567741936,73845.8380419355,61172.01874838709,-10991.494532258064,1,17,15,269,14,2,204,0,0,97,0,0,0,12,1026630.0,674674.0,351956.0,0.3428,118042.0,1303105.0,914918.0,388187.0,0.2979,143607.0,API,1263.0
2023-03-01,구로구,2023,3,1263.0,2924.0,1260.0,425860.4232607143,389152.063825,31731.60088214286,4976.758557142857,439052.08826785715,409215.2084821429,416796.6270035714,432334.56344642857,196591.53149642856,64516.54490714286,70024.21673928571,62050.76985,-15537.93644285714,1,17,15,269,14,2,204,0,0,97,0,0,0,12,1026630.0,674674.0,351956.0,0.3428,118042.0,1303105.0,914918.0,388187.0,0.2979,143607.0,API,1392.0
2023-04-01,구로구,2023,4,1392.0,2466.0,1295.0,420616.3250451613,386104.36065483873,29545.706493548387,4966.25790967742,434288.58915161295,403654.25517419353,411144.5553677419,427381.8748258065,187590.19986451612,62442.840283870966,64852.579277419354,60294.78030322581,-16237.319458064507,1,17,15,269,14,2,204,0,0,97,0,0,0,12,1026630.0,674674.0,351956.0,0.3428,118042.0,1303105.0,914918.0,388187.0,0.2979,143607.0,API,1411.0
2023-05-01,구로구,2023,5,1411.0,2505.0,1439.0,418383.55039333337,383261.72546000005,29824.46588,5297.359063333333,433075.24885333335,399966.12111,408083.61204,425740.6492166667,192962.87472999998,64528.19002333333,67268.96739333334,61165.717313333334,-17657.037176666665,1,17,15,269,14,2,204,0,0,97,0,0,0,12,1026630.0,674674.0,351956.0,0.3428,118042.0,1303105.0,914918.0,388187.0,0.2979,143607.0,API,1500.0
2023-06-01,구로구,2023,6,1500.0,2319.0,1287.0,417092.72127419355,382150.6578516129,30035.613416129032,4906.450006451612,432409.27929032256,398078.7070935484,406565.324332258,424612.2905096774,192537.33577096774,62926.9545,68164.15046129032,61446.23080967742,-18046.966177419363,1,17,15,269,14,2,204,0,0,97,0,0,0,12,1026630.0,674674.0,351956.0,0.3428,118042.0,1303105.0,914918.0,388187.0,0.2979,143607.0,API,1433.0
2023-07-01,구로구,2023,7,1433.0,2690.0,1528.0,418762.8001233333,383828.8630333334,30406.17149,4527.7656,434901.00186666666,400435.06017,408594.33764333336,426025.9876066667,192244.21373,63074.40161666667,67761.99623,61407.81588333334,-17431.64996333333,1,17,15,269,14,2,204,0,0,97,0,0,0,12,1026630.0,674674.0,351956.0,0.3428,118042.0,1303105.0,914918.0,388187.0,0.2979,143607.0,API,1685.0
2023-08-01,구로구,2023,8,1685.0,2877.0,1587.0,420921.0493903226,383445.52216774196,32805.682132258065,4669.845077419355,435537.4343580645,404919.5666419355,412778.2037096774,426737.3677451613,185705.13447096775,61716.93115806452,65813.80031290323,58174.403,-13959.164035483867,1,17,15,269,14,2,204,0,0,97,0,0,0,12,1026630.0,674674.0,351956.0,0.3428,118042.0,1303105.0,914918.0,388187.0,0.2979,143607.0,API,1645.0
2023-09-01,구로구,2023,9,1645.0,2559.0,1465.0,415924.0105806452,379612.2697709677,32835.77634516129,3475.9644516129033,430628.8392451613,400772.3847258065,407631.1401258065,421847.489483871,183964.81976451614,60869.82141290323,64463.879341935484,58631.119009677415,-14216.349358064517,1,17,15,269,14,2,204,0,0,97,0,0,0,12,1026630.0,674674.0,351956.0,0.3428,118042.0,1303105.0,914918.0,388187.0,0.2979,143607.0,API,1516.0
2023-10-01,구로구,2023,10,1516.0,2464.0,1481.0,415940.1059566667,380627.21934666665,31385.029540000003,3927.85707,432305.5808666666,399833.5917233333,406977.85237333336,422341.71568333334,184765.46310666666,62841.60471,63627.76240666666,58296.095989999994,-15363.863309999999,1,17,15,269,14,2,204,0,0,97,0,0,0,12,1026630.0,674674.0,351956.0,0.3428,118042.0,1303105.0,914918.0,388187.0,0.2979,143607.0,API,1482.0
2023-11-01,구로구,2023,11,1482.0,2431.0,1434.0,412541.60501935484,377520.9078774193,30902.39602580645,4118.301116129032,429573.6523096774,393466.1283741935,401543.00853225804,420397.7453870968,179082.3378354839,59301.93222580645,63568.88791612903,56211.51769354839,-18854.736854838702,1,17,15,269,14,2,204,0,0,97,0,0,0,12,1026630.0,674674.0,351956.0,0.3428,118042.0,1303105.0,914918.0,388187.0,0.2979,143607.0,API,1465.0
2023-12-01,구로구,2023,12,1465.0,2619.0,1482.0,417147.48438333336,383421.29376,30034.598576666667,3691.5920499999997,431884.6408,401037.67281,408181.0006766667,423552.11562,191232.49262666664,65458.59669666667,64690.21825666667,61083.67767333333,-15371.11494333333,1,17,15,269,14,2,204,0,0,97,0,0,0,12,1026630.0,674674.0,351956.0,0.3428,118042.0,1303105.0,914918.0,388187.0,0.2979,143607.0,API,1562.0
2024-01-01,구로구,2024,1,1562.0,2381.0,1415.0,426951.9046967742,389358.61441290326,34035.845945161294,3557.444329032258,440788.44162903226,412404.222816129,418755.4942354839,432806.48359677417,187183.88615806453,65478.41834193548,63759.44350967742,57946.02430645162,-14050.989361290322,1,20,11,169,2,1,246,0,0,65,0,0,0,21,1001240.0,687486.0,313754.0,0.3134,134805.0,1311855.0,928066.0,383789.0,0.2926,161168.0,API,1443.0
2024-02-01,구로구,2024,2,1443.0,2160.0,1263.0,420901.34484838706,384805.7522548387,32780.61951612903,3314.973087096774,436066.90404193546,404513.5334451613,412151.4912612903,427151.24026774196,179159.24388387095,60678.738012903224,61949.021409677414,56531.484461290325,-14999.74900645161,1,20,11,169,2,1,246,0,0,65,0,0,0,21,1001240.0,687486.0,313754.0,0.3134,134805.0,1311855.0,928066.0,383789.0,0.2926,161168.0,API,1263.0
2024-03-01,구로구,2024,3,1263.0,2350.0,1392.0,425250.9092275862,386339.6017655172,34827.60843103448,4083.6990310344827,437367.14381379314,410126.6372275862,416787.5596137931,431296.1589551724,184707.5666724138,62732.61936551724,64058.5019137931,57916.44539310345,-14508.599341379317,1,20,11,169,2,1,246,0,0,65,0,0,0,21,1001240.0,687486.0,313754.0,0.3134,134805.0,1311855.0,928066.0,383789.0,0.2926,161168.0,API,1197.0
2024-04-01,구로구,2024,4,1197.0,2394.0,1411.0,422699.8545451613,388644.613883871,30792.97150967742,3262.269138709677,436961.22897419357,406982.9396,414177.7779451613,428787.0521129032,181899.29102903226,61472.94175483871,62476.205429032256,57950.143845161285,-14609.274167741938,1,20,11,169,2,1,246,0,0,65,0,0,0,21,1001240.0,687486.0,313754.0,0.3134,134805.0,1311855.0,928066.0,383789.0,0.2926,161168.0,API,1288.0
2024-05-01,구로구,2024,5,1288.0,2617.0,1500.0,416413.5788166666,383166.9050466667,29983.236563333332,3263.4372366666666,431178.5536766667,398758.41057666665,406614.12076,423413.1917233334,192261.70144,62686.089980000004,67906.39063666666,61669.22082333334,-16799.07096333334,1,20,11,169,2,1,246,0,0,65,0,0,0,21,1001240.0,687486.0,313754.0,0.3134,134805.0,1311855.0,928066.0,383789.0,0.2926,161168.0,API,1267.0
2024-06-01,구로구,2024,6,1267.0,2434.0,1433.0,414101.72426774196,380060.2877548387,30283.333,3758.103509677419,430456.677583871,396175.3472935484,404195.68451935484,421177.46693548386,189396.01912258065,60624.17379354839,69191.89804838708,59579.94728064516,-16981.782416129034,1,20,11,169,2,1,246,0,0,65,0,0,0,21,1001240.0,687486.0,313754.0,0.3134,134805.0,1311855.0,928066.0,383789.0,0.2926,161168.0,API,1311.0
2024-07-01,구로구,2024,7,1311.0,2842.0,1685.0,415974.06809666666,382241.48582999996,30467.67931666667,3264.90297,429443.08899333334,400964.9314266667,407833.32569333335,421788.8841166666,194731.58281666666,63218.61815333333,70546.93859333334,60966.02607,-13955.55842333334,1,20,11,169,2,1,246,0,0,65,0,0,0,21,1001240.0,687486.0,313754.0,0.3134,134805.0,1311855.0,928066.0,383789.0,0.2926,161168.0,API,1477.0
2024-08-01,구로구,2024,8,1477.0,2763.0,1645.0,420777.34605483874,384706.153683871,32497.85362903226,3573.3387516129033,434826.72173548385,406050.7157580645,413522.7855225806,425959.1750419355,194197.26356774193,63462.12563225807,69327.82828387097,61407.30965161291,-12436.38951935484,1,20,11,169,2,1,246,0,0,65,0,0,0,21,1001240.0,687486.0,313754.0,0.3134,134805.0,1311855.0,928066.0,383789.0,0.2926,161168.0,API,1426.0
2024-09-01,구로구,2024,9,1426.0,2558.0,1516.0,416673.88947096776,381610.5717,32091.47032580645,2971.847458064516,430034.9739580645,401313.7750354839,408390.8941935484,422590.314683871,192438.65272580646,62650.175958064516,69950.3243483871,59838.15241935483,-14199.420490322587,1,20,11,169,2,1,246,0,0,65,0,0,0,21,1001240.0,687486.0,313754.0,0.3134,134805.0,1311855.0,928066.0,383789.0,0.2926,161168.0,API,1160.0
2024-10-01,구로구,2024,10,1160.0,2501.0,1482.0,411882.93624,377938.16340333334,30913.224133333333,3031.548693333333,424485.35917666665,397961.66929333337,404096.69060000003,417444.5402766667,191010.81562,62704.26104,69546.33278,58760.22180000001,-13347.849676666665,1,20,11,169,2,1,246,0,0,65,0,0,0,21,1001240.0,687486.0,313754.0,0.3134,134805.0,1311855.0,928066.0,383789.0,0.2926,161168.0,API,1108.0
2024-11-01,구로구,2024,11,1108.0,2352.0,1465.0,411528.25950322585,378628.59578387096,29800.77770967742,3098.8859903225807,425800.74244193546,395084.87628064514,401441.0437967742,418733.4135709678,187989.11390967743,60503.15666129032,69012.18151290323,58473.775735483876,-17292.369774193547,1,20,11,169,2,1,246,0,0,65,0,0,0,21,1001240.0,687486.0,313754.0,0.3134,134805.0,1311855.0,928066.0,383789.0,0.2926,161168.0,API,1165.0
2024-12-01,구로구,2024,12,1165.0,2540.0,1562.0,418220.38810333336,384845.29768666666,29767.435546666668,3607.65489,432121.50235666666,403411.0725366667,410207.33997000003,423943.99389333336,201744.07857333336,67243.31237666667,70952.38999000001,63548.37620666667,-13736.653923333328,1,20,11,169,2,1,246,0,0,65,0,0,0,21,1001240.0,687486.0,313754.0,0.3134,134805.0,1311855.0,928066.0,383789.0,0.2926,161168.0,API,1208.0
2025-01-01,구로구,2025,1,1208.0,2302.0,1443.0,422938.36468709673,389186.8399709678,30567.23858064516,3184.2861516129033,437712.01611935487,409966.92984516127,417711.58228709677,426671.7806870968,199617.93957419353,67917.01003548388,69723.03594516129,61977.89359354838,-8960.1984,0,31,0,33,3,1,322,15,92,78,40,14,0,13,999424.0,674066.0,325358.0,0.3255,125108.0,1297693.0,941052.0,356641.0,0.2748,143278.0,API,1208.0
2025-02-01,구로구,2025,2,1208.0,2112.0,1263.0,424438.3461419355,386475.3416225806,33765.25003548387,4197.754483870967,437773.4755225807,412038.4952483871,419076.8446451613,428267.9900516129,191525.70533225805,63742.989129032256,69597.61981612904,58185.096387096775,-9191.145406451611,0,31,0,33,3,1,322,15,92,78,40,14,0,13,999424.0,674066.0,325358.0,0.3255,125108.0,1297693.0,941052.0,356641.0,0.2748,143278.0,API,1026.0
2025-03-01,구로구,2025,3,1026.0,2117.0,1197.0,421121.87602142856,385096.53954285715,32851.858010714284,3173.4784857142854,432043.01908571424,408187.7736,414098.2406928571,426138.75842142856,191977.44678571427,61385.26406071428,69704.298225,60887.8845,-12040.517728571429,0,31,0,33,3,1,322,15,92,78,40,14,0,13,999424.0,674066.0,325358.0,0.3255,125108.0,1297693.0,941052.0,356641.0,0.2748,143278.0,API,1107.0
2025-04-01,구로구,2025,4,1107.0,2329.0,1288.0,417212.4238064516,384027.51498064515,30350.88518064516,2834.0236354838707,428343.66374516126,403934.1789258065,410081.25660322583,422306.11466129037,190458.49112258066,61728.28733870968,68203.11326129032,60527.09052258064,-12224.85805806452,0,31,0,33,3,1,322,15,92,78,40,14,0,13,999424.0,674066.0,325358.0,0.3255,125108.0,1297693.0,941052.0,356641.0,0.2748,143278.0,API,1087.0
2025-05-01,구로구,2025,5,1087.0,2308.0,1267.0,414014.59817,381608.46557666664,29390.80114333333,3015.3314466666666,425582.89967333333,398971.24137999996,406158.76264000003,419625.9092433333,205109.3777,64958.83655,74730.27318,65420.26797,-13467.146603333336,0,31,0,33,3,1,322,15,92,78,40,14,0,13,999424.0,674066.0,325358.0,0.3255,125108.0,1297693.0,941052.0,356641.0,0.2748,143278.0,API,1194.0
2025-06-01,구로구,2025,6,1194.0,2429.0,1311.0,408872.7802806452,376567.55198064516,29612.689177419357,2692.5391322580645,422938.84288709675,393710.3737258065,400935.5059580645,414542.2619483871,191457.91564838708,61592.32791935484,70226.97359677419,59638.614132258066,-13606.755990322581,0,31,0,33,3,1,322,15,92,78,40,14,0,13,999424.0,674066.0,325358.0,0.3255,125108.0,1297693.0,941052.0,356641.0,0.2748,143278.0,API,1128.0
2025-07-01,구로구,2025,7,1128.0,2593.0,1477.0,410219.48661666666,377749.32686000003,29674.883263333333,2795.2765,421938.87408000004,397530.21159,403857.6906266667,414763.6266,198996.34970333334,61977.129839999994,74672.58368,62346.636183333336,-10905.935973333331,0,31,0,33,3,1,322,15,92,78,40,14,0,13,999424.0,674066.0,325358.0,0.3255,125108.0,1297693.0,941052.0,356641.0,0.2748,143278.0,API,1260.0
2025-08-01,구로구,2025,8,1260.0,2664.0,1426.0,410386.326416129,375915.02847419353,31074.813487096777,3396.484448387097,423227.6557258065,396602.6898741935,403581.6238,415246.82826451614,198092.46901612903,62076.73720967742,73888.84548709677,62126.88631935484,-11665.204464516128,0,31,0,33,3,1,322,15,92,78,40,14,0,13,999424.0,674066.0,325358.0,0.3255,125108.0,1297693.0,941052.0,356641.0,0.2748,143278.0,API,1276.0
2025-09-01,구로구,2025,9,1276.0,2190.0,1160.0,407192.9130258064,373055.6711741935,31078.42309032258,3058.8187741935485,420123.52614838706,393376.5425580645,400295.56322903227,412119.5914645161,195788.18236451613,61165.718448387095,74409.14682580644,60213.31709032258,-11824.02823548388,0,31,0,33,3,1,322,15,92,78,40,14,0,13,999424.0,674066.0,325358.0,0.3255,125108.0,1297693.0,941052.0,356641.0,0.2748,143278.0,API,1295.0
2025-10-01,구로구,2025,10,1295.0,2157.0,1108.0,410125.08270333335,378128.27928666666,29278.051923333333,2718.7515166666667,422479.0166433333,397724.83808,403702.7859433333,414712.43754666665,203853.41246333334,64488.629903333334,74952.55771333333,64412.224846666664,-11009.651603333328,0,31,0,33,3,1,322,15,92,78,40,14,0,13,999424.0,674066.0,325358.0,0.3255,125108.0,1297693.0,941052.0,356641.0,0.2748,143278.0,API,1269.0
2025-11-01,구로구,2025,11,1269.0,2130.0,1165.0,400099.14412258065,366247.6506354839,30606.57251935484,3244.9209741935483,413235.3838258065,385848.64105806453,392474.4148612903,405545.379316129,189726.39432903225,60231.099200000004,71606.67528387097,57888.61984516129,-13070.964454838711,0,31,0,33,3,1,322,15,92,78,40,14,0,13,999424.0,674066.0,325358.0,0.3255,125108.0,1297693.0,941052.0,356641.0,0.2748,143278.0,API,1213.0
2025-12-01,구로구,2025,12,1213.0,2319.0,1208.0,405301.84392666665,372336.45737,29733.37674,3232.009806666667,417510.34481,392155.18176999997,398725.15424,409999.47939666663,196927.89704333333,62925.7532,72353.78082,61648.36302333334,-11274.325156666675,0,31,0,33,3,1,322,15,92,78,40,14,0,13,999424.0,674066.0,325358.0,0.3255,125108.0,1297693.0,941052.0,356641.0,0.2748,143278.0,API,1270.0
2022-02-01,금천구,2022,2,,,,240788.27797419357,220876.7132935484,17624.23276129032,2287.3319193548386,261854.94743870967,220924.1464580645,256943.70169032257,229248.6896096774,147558.99307419354,53596.91927419355,45569.00772580645,48393.06607419354,27695.012080645163,0,20,0,58,23,0,66,0,0,73,0,0,0,1,668275.0,472584.0,195691.0,0.2928,74036.0,442206.0,344165.0,98041.0,0.2217,31380.0,API,431.0
2022-03-01,금천구,2022,3,431.0,,,239688.46341071426,219856.45260714288,17536.364485714286,2295.646325,259096.99154285714,221016.15382142857,254487.4457607143,229117.76173571427,141526.30251785714,50336.32461785715,44925.509789285716,46264.46811071428,25369.684025,0,20,0,58,23,0,66,0,0,73,0,0,0,1,668275.0,472584.0,195691.0,0.2928,74036.0,442206.0,344165.0,98041.0,0.2217,31380.0,API,432.0
2022-04-01,금천구,2022,4,432.0,,,237066.60091935482,218446.97743548386,16845.62048064516,1774.0030032258064,255475.83735483873,219129.81738709676,251222.43684516128,226955.2895354839,135134.40629354838,47452.333667741936,43025.345487096776,44656.72713870968,24267.147309677417,0,20,0,58,23,0,66,0,0,73,0,0,0,1,668275.0,472584.0,195691.0,0.2928,74036.0,442206.0,344165.0,98041.0,0.2217,31380.0,API,512.0
2022-05-01,금천구,2022,5,512.0,,,236623.07222333332,218760.49230666665,16347.502896666667,1515.0770233333335,257203.5312,216868.99765333335,251523.47550333335,225979.92703,146904.1127633333,52901.61196333333,44188.391809999994,49814.10899,25543.548473333336,0,20,0,58,23,0,66,0,0,73,0,0,0,1,668275.0,472584.0,195691.0,0.2928,74036.0,442206.0,344165.0,98041.0,0.2217,31380.0,API,528.0
2022-06-01,금천구,2022,6,528.0,,,237933.20639032256,220118.83883548385,16111.501483870969,1702.866070967742,259092.1158129032,217873.7077064516,252796.4339935484,227316.6152483871,147619.88370322582,53584.31494516129,44149.40644516129,49886.16231290322,25479.818745161294,0,20,0,58,23,0,66,0,0,73,0,0,0,1,668275.0,472584.0,195691.0,0.2928,74036.0,442206.0,344165.0,98041.0,0.2217,31380.0,API,583.0
2022-07-01,금천구,2022,7,583.0,,,240470.61237666666,222271.1976,16370.88498,1828.52979,262391.7092766667,220275.36240666668,255919.24407,229435.87546333333,146966.03040333334,53703.93305666666,43198.34008333333,50063.75726333333,26483.368606666667,0,20,0,58,23,0,66,0,0,73,0,0,0,1,668275.0,472584.0,195691.0,0.2928,74036.0,442206.0,344165.0,98041.0,0.2217,31380.0,API,582.0
2022-08-01,금천구,2022,8,582.0,,,236805.00617419355,218173.31541935483,16427.772996774194,2203.9177548387097,257539.3977967742,217653.17200967742,251870.18996451612,226044.16061612903,141758.80367419354,52341.53480645161,41327.55727741936,48089.711590322586,25826.0293483871,0,20,0,58,23,0,66,0,0,73,0,0,0,1,668275.0,472584.0,195691.0,0.2928,74036.0,442206.0,344165.0,98041.0,0.2217,31380.0,API,706.0
2022-09-01,금천구,2022,9,706.0,,,234954.05620000002,216342.71930967743,16548.667606451614,2062.6692677419355,255607.97717419354,216305.52756774196,249655.22828387097,224453.21900967744,140943.7141483871,51560.8429516129,41750.12906451613,47632.74213225806,25202.00927419355,0,20,0,58,23,0,66,0,0,73,0,0,0,1,668275.0,472584.0,195691.0,0.2928,74036.0,442206.0,344165.0,98041.0,0.2217,31380.0,API,634.0
2022-10-01,금천구,2022,10,634.0,,,232544.80151666666,214603.53283666668,16356.62187,1584.6467966666667,252135.52922666667,214438.8556766667,246532.42839666668,222553.63947,139792.41597,52304.40363333333,41035.008343333335,46453.00399333333,23978.788926666668,0,20,0,58,23,0,66,0,0,73,0,0,0,1,668275.0,472584.0,195691.0,0.2928,74036.0,442206.0,344165.0,98041.0,0.2217,31380.0,API,579.0
2022-11-01,금천구,2022,11,579.0,,,232342.35707419354,213744.53292903226,16157.94879032258,2439.8753677419354,250613.97361290324,215770.6246451613,243872.21342258065,224106.7453967742,135115.3584612903,49792.710332258066,40725.82521935484,44596.822909677416,19765.46802580645,0,20,0,58,23,0,66,0,0,73,0,0,0,1,668275.0,472584.0,195691.0,0.2928,74036.0,442206.0,344165.0,98041.0,0.2217,31380.0,API,653.0
2022-12-01,금천구,2022,12,653.0,,,236054.98349,217771.88358666666,16005.608496666666,2277.4914166666663,256825.91955999998,217514.65648,251221.96288,225221.42677666666,145428.83623000002,54400.22632666666,41589.78448333334,49438.82542,26000.536103333336,0,20,0,58,23,0,66,0,0,73,0,0,0,1,668275.0,472584.0,195691.0,0.2928,74036.0,442206.0,344165.0,98041.0,0.2217,31380.0,API,635.0
2023-01-01,금천구,2023,1,635.0,,,237588.73993870968,219079.39819677421,16334.940735483871,2174.4009967741936,257447.8898612903,220812.80225806453,252582.72782258064,226878.7486,140785.84061935483,53146.52814193549,40413.833558064514,47225.478919354835,25703.97922258065,2,22,18,319,18,3,251,0,0,119,0,0,0,14,661014.0,451978.0,209036.0,0.3162,76722.0,415761.0,320408.0,95353.0,0.2293,32052.0,API,556.0
2023-02-01,금천구,2023,2,556.0,880.0,431.0,240312.57921612903,220263.95922903228,17614.68930645161,2433.9306903225806,260376.26545483872,223095.72669032257,255255.25248064514,229639.24117741935,139493.62568064514,54226.58014516129,39706.104238709675,45560.941296774196,25616.01130322581,2,22,18,319,18,3,251,0,0,119,0,0,0,14,661014.0,451978.0,209036.0,0.3162,76722.0,415761.0,320408.0,95353.0,0.2293,32052.0,API,519.0
2023-03-01,금천구,2023,3,519.0,1185.0,432.0,242600.05121785714,223072.8897607143,16962.02092857143,2565.140517857143,264492.4760785714,223509.085825,258572.16803928572,231191.39635357144,141430.0673392857,55042.82672857143,39093.86799642857,47293.37261428572,27380.771685714288,2,22,18,319,18,3,251,0,0,119,0,0,0,14,661014.0,451978.0,209036.0,0.3162,76722.0,415761.0,320408.0,95353.0,0.2293,32052.0,API,607.0
2023-04-01,금천구,2023,4,607.0,983.0,512.0,237728.3722,219637.84658387097,15908.219725806452,2182.3058870967743,258667.41932580643,219060.17271935483,253117.9515483871,226735.81550967743,133278.9106096774,51838.96306451613,35932.28758064516,45507.659964516126,26382.13603870968,2,22,18,319,18,3,251,0,0,119,0,0,0,14,661014.0,451978.0,209036.0,0.3162,76722.0,415761.0,320408.0,95353.0,0.2293,32052.0,API,626.0
2023-05-01,금천구,2023,5,626.0,984.0,528.0,234357.30826333334,215792.12537,15949.303080000002,2615.87981,254496.72552333336,216564.39300666665,248066.44583666665,224565.06715333334,134809.85794666669,52979.963910000006,36064.9373,45764.95673666667,23501.378683333336,2,22,18,319,18,3,251,0,0,119,0,0,0,14,661014.0,451978.0,209036.0,0.3162,76722.0,415761.0,320408.0,95353.0,0.2293,32052.0,API,757.0
2023-06-01,금천구,2023,6,757.0,996.0,583.0,233522.59482258066,215566.41972580645,15942.525774193547,2013.6493419354838,252609.85210967742,216505.00308064517,247416.2821516129,223598.5324483871,134185.18241935482,51958.01887741936,35769.587896774196,46457.57564516129,23817.749703225803,2,22,18,319,18,3,251,0,0,119,0,0,0,14,661014.0,451978.0,209036.0,0.3162,76722.0,415761.0,320408.0,95353.0,0.2293,32052.0,API,647.0
2023-07-01,금천구,2023,7,647.0,1160.0,582.0,235657.80797,217545.02732666666,16259.374063333333,1853.4065666666668,256485.82675666668,217530.29438666668,249922.22484666668,225468.93876666666,136513.63087666666,52469.40808333333,36989.20937333334,47055.013419999996,24453.28608,2,22,18,319,18,3,251,0,0,119,0,0,0,14,661014.0,451978.0,209036.0,0.3162,76722.0,415761.0,320408.0,95353.0,0.2293,32052.0,API,734.0
2023-08-01,금천구,2023,8,734.0,1426.0,706.0,236621.46548709678,217013.9560032258,17505.666064516132,2101.8434096774195,257489.23991935485,218386.26912903227,251270.89026129033,226157.5906548387,131958.53301612905,51359.910654838706,35860.14283548387,44738.47952580645,25113.29960645162,2,22,18,319,18,3,251,0,0,119,0,0,0,14,661014.0,451978.0,209036.0,0.3162,76722.0,415761.0,320408.0,95353.0,0.2293,32052.0,API,772.0
2023-09-01,금천구,2023,9,772.0,1207.0,634.0,233367.3317580645,214354.69663548388,17354.433229032256,1658.2018741935483,254454.31197419355,215061.80106129032,247665.1424129032,223154.60985161288,131717.3073419355,50969.704332258065,35876.488064516125,44871.114945161295,24510.532561290318,2,22,18,319,18,3,251,0,0,119,0,0,0,14,661014.0,451978.0,209036.0,0.3162,76722.0,415761.0,320408.0,95353.0,0.2293,32052.0,API,706.0
2023-10-01,금천구,2023,10,706.0,1094.0,579.0,230257.95803,212309.97943666668,16467.770866666666,1480.2077466666667,249651.15946999998,212514.51483666667,242736.97050333334,221344.37770666665,128271.13289333334,50018.87632,34929.02729,43323.229283333334,21392.592796666668,2,22,18,319,18,3,251,0,0,119,0,0,0,14,661014.0,451978.0,209036.0,0.3162,76722.0,415761.0,320408.0,95353.0,0.2293,32052.0,API,659.0
2023-11-01,금천구,2023,11,659.0,1173.0,653.0,228078.39080967742,210272.42498064516,16175.632448387098,1630.3333903225805,247129.4032,211042.2534032258,239249.6267,220098.93660645164,124775.19330967742,48196.668280645164,34585.0981483871,41993.42688064516,19150.690093548386,2,22,18,319,18,3,251,0,0,119,0,0,0,14,661014.0,451978.0,209036.0,0.3162,76722.0,415761.0,320408.0,95353.0,0.2293,32052.0,API,645.0
2023-12-01,금천구,2023,12,645.0,1229.0,635.0,234494.11610999997,216921.50440666667,15992.849493333333,1579.7621966666666,256146.43936333334,215998.83017333332,249570.01579333332,223725.61634,136466.46871333334,55095.440896666674,34900.64227,46470.385546666665,25844.399453333335,2,22,18,319,18,3,251,0,0,119,0,0,0,14,661014.0,451978.0,209036.0,0.3162,76722.0,415761.0,320408.0,95353.0,0.2293,32052.0,API,692.0
2024-01-01,금천구,2024,1,692.0,1050.0,556.0,236172.7679967742,216938.3874419355,17830.326841935486,1404.0537032258064,256122.57915806453,218965.88168709676,248849.29681290322,227118.10456774195,129491.28353870969,52276.33712258065,34134.25282903226,43080.69358709678,21731.19224516129,0,23,8,230,20,2,179,0,0,73,0,0,0,5,653012.0,452404.0,200608.0,0.3072,87945.0,417386.0,330057.0,87329.0,0.2092,35348.0,API,636.0
2024-02-01,금천구,2024,2,636.0,971.0,519.0,238123.28977419354,219639.91818709677,17149.924051612903,1333.447541935484,258946.29132580647,219259.18498064516,252441.27267096774,227896.1591419355,129565.8532064516,52161.48515483871,33510.30678387097,43894.061267741934,24545.113529032256,0,23,8,230,20,2,179,0,0,73,0,0,0,5,653012.0,452404.0,200608.0,0.3072,87945.0,417386.0,330057.0,87329.0,0.2092,35348.0,API,541.0
2024-03-01,금천구,2024,3,541.0,1098.0,607.0,238069.70086206897,218165.66350344828,18054.351568965518,1849.6857896551724,258846.89996551725,219606.10950344827,252400.4383724138,227833.4597862069,131071.9294275862,52682.12089310345,34556.390548275864,43833.41798620689,24566.978586206897,0,23,8,230,20,2,179,0,0,73,0,0,0,5,653012.0,452404.0,200608.0,0.3072,87945.0,417386.0,330057.0,87329.0,0.2092,35348.0,API,544.0
2024-04-01,금천구,2024,4,544.0,1163.0,626.0,235521.5647451613,218012.5217,16222.802225806452,1286.2407903225808,255061.31398387096,218188.24566774192,247531.0162967742,226943.38506129032,125336.97923548387,49364.10715483871,33824.66641612903,42148.20566451613,20587.631235483877,0,23,8,230,20,2,179,0,0,73,0,0,0,5,653012.0,452404.0,200608.0,0.3072,87945.0,417386.0,330057.0,87329.0,0.2092,35348.0,API,560.0
2024-05-01,금천구,2024,5,560.0,1341.0,757.0,233935.12337000002,216754.57008333332,15823.885896666667,1356.6673966666667,254387.51933,215993.57898999998,246756.41167666667,224777.06031333332,135083.52598333333,52420.31596666667,36886.463176666664,45776.74684,21979.35136333333,0,23,8,230,20,2,179,0,0,73,0,0,0,5,653012.0,452404.0,200608.0,0.3072,87945.0,417386.0,330057.0,87329.0,0.2092,35348.0,API,595.0
2024-06-01,금천구,2024,6,595.0,1145.0,647.0,231733.59533870968,214630.22932903224,15736.770406451613,1366.5956096774194,251041.96128387097,214924.10917419355,243687.76640967742,223194.90172258063,132444.2396967742,50081.10600645161,38070.90736774194,44292.226322580646,20492.86468709678,0,23,8,230,20,2,179,0,0,73,0,0,0,5,653012.0,452404.0,200608.0,0.3072,87945.0,417386.0,330057.0,87329.0,0.2092,35348.0,API,620.0
2024-07-01,금천구,2024,7,620.0,1265.0,734.0,231097.85331,213823.17566333333,15924.190869999999,1350.4867766666669,250283.24559333333,214593.98085666666,242837.15445666667,222712.63821333332,133254.04211333333,50941.32285333333,38338.08482333333,43974.63443666666,20124.516243333335,0,23,8,230,20,2,179,0,0,73,0,0,0,5,653012.0,452404.0,200608.0,0.3072,87945.0,417386.0,330057.0,87329.0,0.2092,35348.0,API,630.0
2024-08-01,금천구,2024,8,630.0,1350.0,772.0,238442.4369064516,219839.87931290324,17047.23424516129,1555.3233580645162,261142.26054838707,219436.04097419354,254322.30193548388,227099.6761935484,140178.73148709678,55393.100616129035,37757.88220645161,47027.748664516126,27222.625741935484,0,23,8,230,20,2,179,0,0,73,0,0,0,5,653012.0,452404.0,200608.0,0.3072,87945.0,417386.0,330057.0,87329.0,0.2092,35348.0,API,669.0
2024-09-01,금천구,2024,9,669.0,1192.0,706.0,233325.76889677419,215080.5078451613,16881.798158064517,1363.4629032258065,253330.98622258066,216811.40966129032,245431.34103225806,224678.93166451613,133741.56757419356,51981.623325806446,37704.52333870968,44055.42090967742,20752.409367741933,0,23,8,230,20,2,179,0,0,73,0,0,0,5,653012.0,452404.0,200608.0,0.3072,87945.0,417386.0,330057.0,87329.0,0.2092,35348.0,API,556.0
2024-10-01,금천구,2024,10,556.0,1101.0,659.0,228056.98249,210519.79362666665,16070.009076666667,1467.17977,245935.65806,212693.22909666665,238589.70369,220533.6102,128574.44777,49927.168139999994,36854.59247333333,41792.68715666667,18056.093490000003,0,23,8,230,20,2,179,0,0,73,0,0,0,5,653012.0,452404.0,200608.0,0.3072,87945.0,417386.0,330057.0,87329.0,0.2092,35348.0,API,533.0
2024-11-01,금천구,2024,11,533.0,1101.0,645.0,229143.53190645162,212130.24859032256,15494.494045161291,1518.7892580645162,247820.15931935483,213104.5064322581,239965.0127032258,221413.90278709677,129118.47958064516,49510.240403225805,37129.80075483871,42478.43842258065,18551.10991612903,0,23,8,230,20,2,179,0,0,73,0,0,0,5,653012.0,452404.0,200608.0,0.3072,87945.0,417386.0,330057.0,87329.0,0.2092,35348.0,API,537.0
2024-12-01,금천구,2024,12,537.0,1158.0,692.0,231500.47344666667,214496.14765333335,15513.218289999999,1491.1074999999998,251248.43764666666,215206.11211333334,243708.85729666665,222780.19926666666,137196.97138,53477.67838666667,37882.71327666667,45836.57971666667,20928.65803,0,23,8,230,20,2,179,0,0,73,0,0,0,5,653012.0,452404.0,200608.0,0.3072,87945.0,417386.0,330057.0,87329.0,0.2092,35348.0,API,600.0
2025-01-01,금천구,2025,1,600.0,1063.0,636.0,231806.42872580644,214625.4208516129,15851.478016129033,1329.5298451612903,250593.15577096774,216459.28343548387,243696.55752258067,223313.47958064516,132310.61528387095,51819.71407096774,37325.065035483865,43165.836177419354,20383.077941935484,0,33,0,12,17,1,134,6,70,60,28,6,0,28,635262.0,438461.0,196801.0,0.3098,79631.0,448187.0,361032.0,87155.0,0.1945,40976.0,API,560.0
2025-02-01,금천구,2025,2,560.0,970.0,541.0,231614.76416129034,212480.95176774194,17289.383687096775,1844.4287225806452,249408.4969387097,217500.03693225805,242986.43151935484,223492.1446419355,126644.06306774194,49132.11915483871,37018.480606451616,40493.46330645162,19494.286877419356,0,33,0,12,17,1,134,6,70,60,28,6,0,28,635262.0,438461.0,196801.0,0.3098,79631.0,448187.0,361032.0,87155.0,0.1945,40976.0,API,532.0
2025-03-01,금천구,2025,3,532.0,1007.0,544.0,236698.22055714283,218140.83354642856,16930.734739285715,1626.6522964285716,257405.87721785714,219849.28202142855,250782.76177500002,226637.83397857143,134618.0912392857,51873.816432142856,37933.9497,44810.32510714286,24144.927796428576,0,33,0,12,17,1,134,6,70,60,28,6,0,28,635262.0,438461.0,196801.0,0.3098,79631.0,448187.0,361032.0,87155.0,0.1945,40976.0,API,535.0
2025-04-01,금천구,2025,4,535.0,1028.0,560.0,230506.42647741936,213599.20503870968,15646.302280645163,1260.919158064516,248545.9426483871,215153.32126129034,242173.49912258063,222172.8031516129,128818.34051935484,48796.978125806454,37717.59177096774,42303.77062258064,20000.695970967743,0,33,0,12,17,1,134,6,70,60,28,6,0,28,635262.0,438461.0,196801.0,0.3098,79631.0,448187.0,361032.0,87155.0,0.1945,40976.0,API,525.0
2025-05-01,금천구,2025,5,525.0,1057.0,595.0,231312.38750666665,214665.28321,15267.056183333334,1380.0481133333335,250665.15065666666,215019.49784333335,244110.09119333333,222171.17059000002,142456.63414666665,53579.78442,40897.048103333334,47979.80162333333,21938.920603333336,0,33,0,12,17,1,134,6,70,60,28,6,0,28,635262.0,438461.0,196801.0,0.3098,79631.0,448187.0,361032.0,87155.0,0.1945,40976.0,API,569.0
2025-06-01,금천구,2025,6,569.0,1095.0,620.0,225960.95410645162,209591.6516064516,15143.828067741935,1225.4744548387098,243647.87638387096,210694.76861612903,236038.30047741934,218762.84958387096,128849.7404,47408.33807741936,39250.150735483876,42191.251587096776,17275.450893548386,0,33,0,12,17,1,134,6,70,60,28,6,0,28,635262.0,438461.0,196801.0,0.3098,79631.0,448187.0,361032.0,87155.0,0.1945,40976.0,API,551.0
2025-07-01,금천구,2025,7,551.0,1190.0,630.0,227715.8461333333,211056.29139,15340.78183,1318.7729266666668,246756.86343333332,212032.89840333335,238887.70360333333,219735.94796,134675.33730333333,49347.37210666667,41331.64084666666,43996.32435,19151.75564333333,0,33,0,12,17,1,134,6,70,60,28,6,0,28,635262.0,438461.0,196801.0,0.3098,79631.0,448187.0,361032.0,87155.0,0.1945,40976.0,API,662.0
2025-08-01,금천구,2025,8,662.0,1351.0,669.0,230509.3581548387,213030.60215806452,16029.857325806452,1448.898687096774,252272.01111290322,213221.93617419354,245012.45430967744,220150.00378709676,139189.99990322578,51989.92094516129,40256.80806774194,46943.27089032258,24862.45052258065,0,33,0,12,17,1,134,6,70,60,28,6,0,28,635262.0,438461.0,196801.0,0.3098,79631.0,448187.0,361032.0,87155.0,0.1945,40976.0,API,605.0
2025-09-01,금천구,2025,9,605.0,1052.0,556.0,225388.24338387098,207939.0634,16039.31603548387,1409.8639516129033,245107.57534516128,209789.18778064515,236769.976383871,217258.4341,131793.3014870968,48411.515151612904,39601.221122580646,43780.56521290323,19511.542283870964,0,33,0,12,17,1,134,6,70,60,28,6,0,28,635262.0,438461.0,196801.0,0.3098,79631.0,448187.0,361032.0,87155.0,0.1945,40976.0,API,584.0
2025-10-01,금천구,2025,10,584.0,1007.0,533.0,226566.08216666666,210315.3735233333,14864.92769,1385.7809566666667,247011.4118166667,210302.37525,239807.40636666666,217107.99343333335,138167.72696333335,52003.4279,39543.52423333333,46620.77483,22699.41293333333,0,33,0,12,17,1,134,6,70,60,28,6,0,28,635262.0,438461.0,196801.0,0.3098,79631.0,448187.0,361032.0,87155.0,0.1945,40976.0,API,575.0
2025-11-01,금천구,2025,11,575.0,1005.0,537.0,218289.01080000002,201480.52028064517,15302.326345161291,1506.1641677419354,235172.70579354838,204061.98011935485,227984.43368709675,211363.70871935485,125429.59624516129,46929.87301612903,37408.33660322581,41091.386625806444,16620.724967741935,0,33,0,12,17,1,134,6,70,60,28,6,0,28,635262.0,438461.0,196801.0,0.3098,79631.0,448187.0,361032.0,87155.0,0.1945,40976.0,API,588.0
2025-12-01,금천구,2025,12,588.0,1097.0,600.0,223425.23554,207243.89593,14716.003413333332,1465.3362233333332,241834.05966666667,207941.12578333335,234502.30476,215513.04325333334,130988.00505333333,49060.45815,38309.95634333333,43617.590560000004,18989.26150666667,0,33,0,12,17,1,134,6,70,60,28,6,0,28,635262.0,438461.0,196801.0,0.3098,79631.0,448187.0,361032.0,87155.0,0.1945,40976.0,API,643.0
2017-01-01,노원구,2017,1,,,,,,,,,,,,,,,,,1,104,7,233,123,11,557,0,0,514,0,0,0,33,,,,,,,,,,,API,1479.0
2017-02-01,노원구,2017,2,1479.0,,,,,,,,,,,,,,,,1,104,7,233,123,11,557,0,0,514,0,0,0,33,,,,,,,,,,,API,1183.0
2017-03-01,노원구,2017,3,1183.0,,,,,,,,,,,,,,,,1,104,7,233,123,11,557,0,0,514,0,0,0,33,,,,,,,,,,,API,1405.0
2017-04-01,노원구,2017,4,1405.0,,,,,,,,,,,,,,,,1,104,7,233,123,11,557,0,0,514,0,0,0,33,,,,,,,,,,,API,1436.0
2017-05-01,노원구,2017,5,1436.0,,,,,,,,,,,,,,,,1,104,7,233,123,11,557,0,0,514,0,0,0,33,,,,,,,,,,,API,1523.0
2017-06-01,노원구,2017,6,1523.0,,,,,,,,,,,,,,,,1,104,7,233,123,11,557,0,0,514,0,0,0,33,,,,,,,,,,,API,1464.0
2017-07-01,노원구,2017,7,1464.0,,,,,,,,,,,,,,,,1,104,7,233,123,11,557,0,0,514,0,0,0,33,,,,,,,,,,,API,1565.0
2017-08-01,노원구,2017,8,1565.0,,,,,,,,,,,,,,,,1,104,7,233,123,11,557,0,0,514,0,0,0,33,,,,,,,,,,,API,1568.0
2017-09-01,노원구,2017,9,1568.0,,,,,,,,,,,,,,,,1,104,7,233,123,11,557,0,0,514,0,0,0,33,,,,,,,,,,,API,1519.0
2017-10-01,노원구,2017,10,1519.0,,,,,,,,,,,,,,,,1,104,7,233,123,11,557,0,0,514,0,0,0,33,,,,,,,,,,,API,1507.0
2017-11-01,노원구,2017,11,1507.0,,,,,,,,,,,,,,,,1,104,7,233,123,11,557,0,0,514,0,0,0,33,,,,,,,,,,,API,1422.0
2017-12-01,노원구,2017,12,1422.0,,,,,,,,,,,,,,,,1,104,7,233,123,11,557,0,0,514,0,0,0,33,,,,,,,,,,,API,1626.0
2018-01-01,노원구,2018,1,1626.0,2170.0,1479.0,,,,,,,,,,,,,,1,108,4,274,77,5,663,0,0,467,0,0,0,85,,,,,,,,,,,API,1748.0
2018-02-01,노원구,2018,2,1748.0,1744.0,1183.0,,,,,,,,,,,,,,1,108,4,274,77,5,663,0,0,467,0,0,0,85,,,,,,,,,,,API,1354.0
2018-03-01,노원구,2018,3,1354.0,2068.0,1405.0,,,,,,,,,,,,,,1,108,4,274,77,5,663,0,0,467,0,0,0,85,,,,,,,,,,,API,1449.0
2018-04-01,노원구,2018,4,1449.0,2119.0,1436.0,,,,,,,,,,,,,,1,108,4,274,77,5,663,0,0,467,0,0,0,85,,,,,,,,,,,API,1455.0
2018-05-01,노원구,2018,5,1455.0,2211.0,1523.0,542736.2670576924,536820.9033807692,4986.6736,928.6900692307693,585009.8318730769,497666.88556538464,507449.06812692306,567941.4091384615,252418.08297307693,39330.920911538466,142836.92629615383,70250.23576538461,-60492.341011538454,1,108,4,274,77,5,663,0,0,467,0,0,0,85,,,,,,,,,,,API,1532.0
2018-06-01,노원구,2018,6,1532.0,2141.0,1464.0,534368.7158967742,528426.7203290323,5098.073238709678,843.9223258064516,576657.8304419356,490534.21493225807,500472.11370322586,557352.0542258065,251324.93122258064,39538.44420645161,142970.8302612903,68815.65675483871,-56879.940522580655,1,108,4,274,77,5,663,0,0,467,0,0,0,85,,,,,,,,,,,API,1598.0
2018-07-01,노원구,2018,7,1598.0,2329.0,1565.0,535636.59989,529824.3877266666,4852.95191,959.2602566666667,574979.0645733332,494293.49726333335,503055.67801,558908.68697,238461.26477333333,37272.310483333335,136355.21233666668,64833.74195333334,-55853.00896000001,1,108,4,274,77,5,663,0,0,467,0,0,0,85,,,,,,,,,,,API,1564.0
2018-08-01,노원구,2018,8,1564.0,2274.0,1568.0,527696.9902903226,521646.68186129036,4905.805329032259,1144.5030903225806,569551.7624580645,483880.1473451613,492652.8822,552728.4960483871,234350.8133387097,36804.286045161294,136337.14967096774,61209.37762258064,-60075.6138483871,1,108,4,274,77,5,663,0,0,467,0,0,0,85,,,,,,,,,,,API,1617.0
2018-09-01,노원구,2018,9,1617.0,2223.0,1519.0,524253.71657741937,518417.11633870966,4903.081780645161,933.518464516129,562550.306367742,483122.7395838709,491502.56714193546,546448.9238193549,235038.43505483872,36469.20830967742,136932.93915483874,61636.28759032258,-54946.35667741935,1,108,4,274,77,5,663,0,0,467,0,0,0,85,,,,,,,,,,,API,1471.0
2018-10-01,노원구,2018,10,1471.0,2239.0,1507.0,535225.8355133333,529296.1011933334,4892.293273333333,1037.4410733333332,571285.9840366667,497481.2381866667,506013.2216733333,556091.98827,237015.42196,43673.51901333334,128182.13349,65159.76945666667,-50078.76659666667,1,108,4,274,77,5,663,0,0,467,0,0,0,85,,,,,,,,,,,API,1419.0
2018-11-01,노원구,2018,11,1419.0,2082.0,1422.0,536786.8520419354,530887.3192741936,5095.051016129032,804.4817709677419,573506.8751935484,494407.1811967742,504325.72367096774,558723.8714419354,233854.00883870968,38614.92324516129,129475.8718,65763.21379354839,-54398.14777096774,1,108,4,274,77,5,663,0,0,467,0,0,0,85,,,,,,,,,,,API,1374.0
2018-12-01,노원구,2018,12,1374.0,2346.0,1626.0,535976.3154333333,529754.7225366667,5275.929736666667,945.6631600000001,575000.49451,494349.83593666664,503433.06903666665,559221.4914466667,239417.01208333333,41086.10922,130791.60795,67539.29491333333,-55788.42240999999,1,108,4,274,77,5,663,0,0,467,0,0,0,85,,,,,,,,,,,API,1497.0
2019-01-01,노원구,2019,1,1497.0,2455.0,1748.0,539463.3939967742,533256.7235548387,5276.351493548387,930.3189645161291,572701.5524612903,501708.3325387096,510619.5126096774,560066.1664387097,229246.1645580645,39252.260993548385,127410.6798,62583.22376451613,-49446.653829032264,0,82,3,126,93,11,464,0,0,235,0,0,0,40,,,,,,,,,,,API,1349.0
2019-02-01,노원구,2019,2,1349.0,1901.0,1354.0,533047.2507096775,526733.2918419355,5263.252606451612,1050.7062451612903,569382.5510612903,490892.60997419356,500453.1434483871,556328.7558741936,234004.50493548386,38183.40914516129,133910.6050580645,61910.49073225806,-55875.612425806445,0,82,3,126,93,11,464,0,0,235,0,0,0,40,,,,,,,,,,,API,1261.0
2019-03-01,노원구,2019,3,1261.0,2062.0,1449.0,524486.0500821428,518214.8755035714,5178.153707142857,1093.020882142857,557904.3162821429,487894.5868107143,496783.41816785716,544273.6443357143,231426.67591785712,40556.05013928572,129856.59300357143,61014.03277499999,-47490.22616785713,0,82,3,126,93,11,464,0,0,235,0,0,0,40,,,,,,,,,,,API,1440.0
2019-04-01,노원구,2019,4,1440.0,2053.0,1455.0,540061.4991741935,533508.3710064517,5562.395274193548,990.7328903225806,571026.1793161291,503922.98387096776,512306.8163806452,559886.272583871,229386.6746709677,43061.6541483871,122930.44662903225,63394.57389354839,-47579.4562032258,0,82,3,126,93,11,464,0,0,235,0,0,0,40,,,,,,,,,,,API,1449.0
2019-05-01,노원구,2019,5,1449.0,2186.0,1532.0,529692.61298,523176.93169,5685.540903333333,830.1403866666666,563748.5857966667,490093.27845,499171.26989999996,551493.5723133334,247150.40674,40604.8536,135652.67555333333,70892.87758666667,-52322.30241333334,0,82,3,126,93,11,464,0,0,235,0,0,0,40,,,,,,,,,,,API,1496.0
2019-06-01,노원구,2019,6,1496.0,2239.0,1598.0,509540.9963677419,502939.02278709674,5626.510187096775,975.4634,543366.3243387096,471219.8611032258,480173.06182580645,530518.0924645162,226205.2848548387,38760.166280645164,123355.30897741936,64089.80959677419,-50345.030638709664,0,82,3,126,93,11,464,0,0,235,0,0,0,40,,,,,,,,,,,API,1479.0
2019-07-01,노원구,2019,7,1479.0,2316.0,1564.0,509867.7568833333,503524.29194666666,5401.8973633333335,941.5675633333334,541897.9077233333,473978.4564233333,482357.25064333336,529518.1184833334,214330.5706,36178.887603333336,118769.56768000001,59382.11531666667,-47160.86784,0,82,3,126,93,11,464,0,0,235,0,0,0,40,,,,,,,,,,,API,1532.0
2019-08-01,노원구,2019,8,1532.0,2423.0,1617.0,495784.2181548387,489703.8171935484,5000.350983870968,1080.0499741935485,532355.2575709678,456251.5201064516,464604.2786645161,518055.60352258064,195425.94669354838,33519.08247096774,109317.92650967742,52588.93771290322,-53451.324858064516,0,82,3,126,93,11,464,0,0,235,0,0,0,40,,,,,,,,,,,API,1530.0
2019-09-01,노원구,2019,9,1530.0,2207.0,1471.0,518702.3919774194,512508.42229677417,5218.646561290322,975.3231290322581,555615.667951613,479065.3062322581,487472.57577096776,541009.4035677419,210107.74318064513,35330.92149354839,119591.29718064517,55185.52450645161,-53536.82779677418,0,82,3,126,93,11,464,0,0,235,0,0,0,40,,,,,,,,,,,API,1509.0
2019-10-01,노원구,2019,10,1509.0,2059.0,1419.0,532819.3536800001,526120.2366333333,5590.121116666666,1108.9959433333331,568826.2973433334,495900.6633833333,503814.45228666667,553537.1404133333,232879.11763999998,43830.701329999996,127105.03072333333,61943.38558666666,-49722.68812666666,0,82,3,126,93,11,464,0,0,235,0,0,0,40,,,,,,,,,,,API,1478.0
2019-11-01,노원구,2019,11,1478.0,1974.0,1374.0,535060.2785112903,528372.8399080645,5924.887967741935,762.550635483871,575499.5699129032,491076.31377741933,500179.3782951613,559975.2072048386,229499.07121774193,39539.406701612905,126707.48075,63252.18376612903,-59795.8289096774,0,82,3,126,93,11,464,0,0,235,0,0,0,40,,,,,,,,,,,API,1399.0
2019-12-01,노원구,2019,12,1399.0,2125.0,1497.0,539384.6365533334,532552.7597533333,5884.738759999999,947.1380533333333,577695.8300800001,498559.50237,507290.1848033333,562309.2449633334,226152.25107333335,40676.32249333333,124608.71482666668,60867.21375333333,-55019.06015999999,0,82,3,126,93,11,464,0,0,235,0,0,0,40,,,,,,,,,,,API,1458.0
2020-01-01,노원구,2020,1,1458.0,1954.0,1349.0,543126.2376483871,536563.7108612903,5512.314025806451,1050.2127677419355,580053.542667742,503686.5460580645,512294.0612419355,565149.2208032259,233816.28920645162,40863.618061290326,130392.17052903226,62560.50061612903,-52855.159561290326,0,39,2,123,78,4,277,0,0,234,0,0,0,43,1284432.0,856256.0,428176.0,0.3334,,1021288.0,732608.0,288680.0,0.2827,,API,1445.0
2020-02-01,노원구,2020,2,1445.0,1834.0,1261.0,539183.4734387096,532694.1267258065,5298.327641935484,1191.0190677419355,576883.2178096775,498414.2189580645,507810.4677354839,561592.7632387097,228331.04014838708,40832.428787096775,128534.71303548387,58963.898325806455,-53782.29550322581,0,39,2,123,78,4,277,0,0,234,0,0,0,43,1284432.0,856256.0,428176.0,0.3334,,1021288.0,732608.0,288680.0,0.2827,,API,1160.0
2020-03-01,노원구,2020,3,1160.0,2085.0,1440.0,546464.9490724138,539839.4772551723,5408.634227586206,1216.8376137931036,581069.3532965517,507102.2598172414,515518.8247862069,568569.3235724138,217430.11368965518,34138.21157241379,129007.12760344827,54284.774513793105,-53050.4987862069,0,39,2,123,78,4,277,0,0,234,0,0,0,43,1284432.0,856256.0,428176.0,0.3334,,1021288.0,732608.0,288680.0,0.2827,,API,1048.0
2020-04-01,노원구,2020,4,1048.0,2048.0,1449.0,545250.9242225806,538125.5851354839,5343.913483870968,1781.4256096774193,578935.6347935484,505792.4974516129,514649.6650322581,567108.9665032258,202835.22007096774,29841.656777419354,123061.62424193548,49931.939051612906,-52459.301470967745,0,39,2,123,78,4,277,0,0,234,0,0,0,43,1284432.0,856256.0,428176.0,0.3334,,1021288.0,732608.0,288680.0,0.2827,,API,1042.0
2020-05-01,노원구,2020,5,1042.0,2182.0,1496.0,541621.2132766667,534866.5076199999,5408.76641,1345.9392599999999,576785.2944233333,500920.16345666663,510343.9471666667,563962.11763,213727.93362,32116.128416666666,128011.18613333332,53600.61907,-53618.17046333331,0,39,2,123,78,4,277,0,0,234,0,0,0,43,1284432.0,856256.0,428176.0,0.3334,,1021288.0,732608.0,288680.0,0.2827,,API,1092.0
2020-06-01,노원구,2020,6,1092.0,2099.0,1479.0,535520.5980322581,529121.2102129032,5428.583877419354,970.8039354838709,570393.6638225806,496379.9357645161,505519.07877741934,556950.2546451613,215806.1031064516,34389.9720483871,126921.84662903227,54494.28442903226,-51431.17586774194,0,39,2,123,78,4,277,0,0,234,0,0,0,43,1284432.0,856256.0,428176.0,0.3334,,1021288.0,732608.0,288680.0,0.2827,,API,1112.0
2020-07-01,노원구,2020,7,1112.0,2226.0,1532.0,531075.91065,524464.3529233333,5419.767543333333,1191.7901966666666,567364.3828466666,492199.9714466667,500070.26674,553222.7991633334,217875.44769333335,34874.49220666667,126392.19551,56608.75997666667,-53152.53242333334,0,39,2,123,78,4,277,0,0,234,0,0,0,43,1284432.0,856256.0,428176.0,0.3334,,1021288.0,732608.0,288680.0,0.2827,,API,1241.0
2020-08-01,노원구,2020,8,1241.0,2236.0,1530.0,525933.9688870967,519700.41589999996,5306.926441935483,926.6265419354838,562816.6591516129,486471.49666451616,494657.0879064516,548274.5981516129,213247.75997419356,33687.69020645161,123775.38194516128,55784.68782258064,-53617.51024516129,0,39,2,123,78,4,277,0,0,234,0,0,0,43,1284432.0,856256.0,428176.0,0.3334,,1021288.0,732608.0,288680.0,0.2827,,API,1170.0
2020-09-01,노원구,2020,9,1170.0,2145.0,1509.0,524910.5199774194,518293.7415548387,5239.226283870968,1377.5521419354839,557776.2668548387,490134.8237516129,497491.01228709676,544495.8826032258,205273.8083096774,31730.978945161292,121344.96375483871,52197.86560967742,-47004.870316129025,0,39,2,123,78,4,277,0,0,234,0,0,0,43,1284432.0,856256.0,428176.0,0.3334,,1021288.0,732608.0,288680.0,0.2827,,API,1042.0
2020-10-01,노원구,2020,10,1042.0,2144.0,1478.0,529975.11361,523431.2104133333,5316.32772,1227.57549,564652.2831266667,492491.46031,500433.9656966666,551075.9335633334,203812.91808,32184.26022333333,119365.45214333334,52263.20571333334,-50641.96786666666,0,39,2,123,78,4,277,0,0,234,0,0,0,43,1284432.0,856256.0,428176.0,0.3334,,1021288.0,732608.0,288680.0,0.2827,,API,1185.0
2020-11-01,노원구,2020,11,1185.0,2019.0,1399.0,527490.4269354838,521086.5639612903,5362.655490322581,1041.2074741935485,562207.0681774194,489518.24734193546,498322.26564193546,548324.8278483871,217273.9725548387,36794.467777419355,123603.4813516129,56876.02342580645,-50002.562206451614,0,39,2,123,78,4,277,0,0,234,0,0,0,43,1284432.0,856256.0,428176.0,0.3334,,1021288.0,732608.0,288680.0,0.2827,,API,1084.0
2020-12-01,노원구,2020,12,1084.0,2068.0,1458.0,525454.4487766667,519203.78576,5270.655613333333,980.0074066666667,560107.2632899999,487767.0964133333,496125.6229633333,546403.6100666667,213960.51457333332,34614.37573666666,123226.95173333334,56119.18710333333,-50277.98710333334,0,39,2,123,78,4,277,0,0,234,0,0,0,43,1284432.0,856256.0,428176.0,0.3334,,1021288.0,732608.0,288680.0,0.2827,,API,978.0
2021-01-01,노원구,2021,1,978.0,2078.0,1445.0,528956.3267258065,522434.3127709678,5221.636625806452,1300.3773322580646,558096.0889806452,495739.9374709677,503298.0879935484,547283.6401161291,195774.8406612903,30147.386645161292,116219.25207096773,49408.20194516129,-43985.55212258065,0,29,0,67,122,3,160,0,0,140,0,0,1,53,1227244.0,829846.0,397398.0,0.3238,,934601.0,672508.0,262093.0,0.2804,,API,1031.0
2021-02-01,노원구,2021,2,1031.0,1859.0,1160.0,526353.2837,520403.38778064516,5097.124896774193,852.7710193548387,554993.5225741935,493377.87477419357,501029.10746774194,544441.9809999999,201071.41697419353,31032.70101935484,120442.89371290323,49595.82224193548,-43412.87353225806,0,29,0,67,122,3,160,0,0,140,0,0,1,53,1227244.0,829846.0,397398.0,0.3238,,934601.0,672508.0,262093.0,0.2804,,API,900.0
2021-03-01,노원구,2021,3,900.0,1781.0,1048.0,520482.14055,514716.3796857143,5025.8396,739.9212749999999,552150.5800642857,485015.25507857144,493279.7350892857,539912.4301714286,209270.291675,34634.720603571426,122131.027875,52504.54319642857,-46632.695082142855,0,29,0,67,122,3,160,0,0,140,0,0,1,53,1227244.0,829846.0,397398.0,0.3238,,934601.0,672508.0,262093.0,0.2804,,API,972.0
2021-04-01,노원구,2021,4,972.0,1680.0,1042.0,524110.7567419355,518021.56534516125,5157.650183870968,931.5412225806452,557845.4103774194,487334.548216129,495234.1861548387,544736.878583871,210960.18982580645,36973.88920322581,120232.53887741936,53753.76174516129,-49502.69242903224,0,29,0,67,122,3,160,0,0,140,0,0,1,53,1227244.0,829846.0,397398.0,0.3238,,934601.0,672508.0,262093.0,0.2804,,API,1069.0
2021-05-01,노원구,2021,5,1069.0,1857.0,1092.0,519253.26872666663,512963.2237,5283.897943333333,1006.1470800000001,553691.8589100001,481688.65329,489710.2834633334,540355.4010366666,219664.86034333333,34678.244763333336,127279.43722333334,57707.17835666667,-50645.11757333333,0,29,0,67,122,3,160,0,0,140,0,0,1,53,1227244.0,829846.0,397398.0,0.3238,,934601.0,672508.0,262093.0,0.2804,,API,1165.0
2021-06-01,노원구,2021,6,1165.0,1911.0,1112.0,517289.48085483874,510938.98167741933,5329.176503225806,1021.3226774193548,550650.3117709678,481566.7788935484,489652.48070322577,537030.1952645162,211577.50776451614,34214.63236129032,122624.92200967742,54737.95339354839,-47377.714561290326,0,29,0,67,122,3,160,0,0,140,0,0,1,53,1227244.0,829846.0,397398.0,0.3238,,934601.0,672508.0,262093.0,0.2804,,API,1251.0
2021-07-01,노원구,2021,7,1251.0,1879.0,1241.0,514232.82799,507629.41402,5280.590556666666,1322.8234066666666,548444.41937,477131.06274666666,485092.63162,535047.2539633333,213398.31711333335,34156.38107333333,124118.20106,55123.734979999994,-49954.62234333333,0,29,0,67,122,3,160,0,0,140,0,0,1,53,1227244.0,829846.0,397398.0,0.3238,,934601.0,672508.0,262093.0,0.2804,,API,1165.0
2021-08-01,노원구,2021,8,1165.0,2056.0,1170.0,508596.5115064516,502290.57995161286,5129.281761290323,1176.649806451613,541332.6387709677,473118.9761322581,480766.0972967742,528475.3787967742,200133.97267096775,31499.114283870967,117817.42030967741,50817.438077419356,-47709.2815,0,29,0,67,122,3,160,0,0,140,0,0,1,53,1227244.0,829846.0,397398.0,0.3238,,934601.0,672508.0,262093.0,0.2804,,API,1210.0
2021-09-01,노원구,2021,9,1210.0,1817.0,1042.0,506099.2405225806,499907.23962903226,5071.596738709678,1120.4041516129032,537896.1619,470747.61156451615,478803.88621290325,525595.9221677419,198722.00653870968,31498.28405483871,116796.13695806451,50427.585525806455,-46792.035954838706,0,29,0,67,122,3,160,0,0,140,0,0,1,53,1227244.0,829846.0,397398.0,0.3238,,934601.0,672508.0,262093.0,0.2804,,API,1147.0
2021-10-01,노원구,2021,10,1147.0,1934.0,1185.0,509434.65807,503042.70244,5184.158876666666,1207.7967533333333,541018.4026766666,475223.1480066666,482862.74063666665,528414.5991133334,207273.78812,36675.89842666667,117119.48375,53478.40594333333,-45551.858476666646,0,29,0,67,122,3,160,0,0,140,0,0,1,53,1227244.0,829846.0,397398.0,0.3238,,934601.0,672508.0,262093.0,0.2804,,API,1074.0
2021-11-01,노원구,2021,11,1074.0,1794.0,1084.0,509177.8234129032,502928.243,5343.15814516129,906.4222870967742,541445.4029354838,473061.8758516129,481821.8348419355,528717.8152677419,204263.58882580645,33834.422238709674,116904.4297451613,53524.73684193548,-46895.980425806454,0,29,0,67,122,3,160,0,0,140,0,0,1,53,1227244.0,829846.0,397398.0,0.3238,,934601.0,672508.0,262093.0,0.2804,,API,1077.0
2021-12-01,노원구,2021,12,1077.0,1674.0,978.0,506959.16338,500412.7706633333,5570.3528400000005,976.03988,541316.9644933332,469226.80537333334,477526.8544333333,527982.2412166666,208832.11905666668,35252.08902333333,118285.24895666666,55294.781076666666,-50455.38678333333,0,29,0,67,122,3,160,0,0,140,0,0,1,53,1227244.0,829846.0,397398.0,0.3238,,934601.0,672508.0,262093.0,0.2804,,API,973.0
2022-01-01,노원구,2022,1,973.0,1738.0,1031.0,510692.3183129032,504082.2820967742,5468.888838709678,1141.1473903225806,541793.5470419355,476230.01642903226,483709.54168064514,529965.7302,201222.1764129032,33984.39496129032,114650.19721290322,52587.58423870968,-46256.18851935484,0,16,2,70,137,1,109,0,0,140,0,0,0,24,1296460.0,881661.0,414799.0,0.3199,124879.0,939136.0,691702.0,247434.0,0.2635,148191.0,API,1120.0
2022-02-01,노원구,2022,2,1120.0,1585.0,900.0,506245.1637354839,499745.0827064516,5323.341212903226,1176.7398322580646,536946.3339612903,471023.1691935484,479306.1518193548,525487.3151064516,197451.96731935482,34579.386600000005,111878.2329967742,50994.34772258064,-46181.16328709676,0,16,2,70,137,1,109,0,0,140,0,0,0,24,1296460.0,881661.0,414799.0,0.3199,124879.0,939136.0,691702.0,247434.0,0.2635,148191.0,API,1097.0
2022-03-01,노원구,2022,3,1097.0,1668.0,972.0,509653.5070142857,503069.0176285714,5316.332953571428,1268.1564321428573,539244.6846964286,476681.8688464286,484356.8633392857,527722.5382071428,195927.4438285714,34458.759346428575,111648.88471428571,49819.79976785714,-43365.674867857146,0,16,2,70,137,1,109,0,0,140,0,0,0,24,1296460.0,881661.0,414799.0,0.3199,124879.0,939136.0,691702.0,247434.0,0.2635,148191.0,API,1192.0
2022-04-01,노원구,2022,4,1192.0,1815.0,1069.0,514731.853116129,508018.0794516129,5445.145819354839,1268.6278387096775,541980.639183871,484406.21111290326,491417.3706516129,531385.0548741935,195090.4784129032,36031.15570645161,108009.76699999999,51049.55570645161,-39967.68422258065,0,16,2,70,137,1,109,0,0,140,0,0,0,24,1296460.0,881661.0,414799.0,0.3199,124879.0,939136.0,691702.0,247434.0,0.2635,148191.0,API,1216.0
2022-05-01,노원구,2022,5,1216.0,2017.0,1165.0,506031.91022666666,499479.9933833333,5498.964606666666,1052.9522266666668,538586.2663333333,470959.58514000004,478971.1693333333,525361.01087,208032.96579666666,35805.30347333333,114738.02523666667,57489.63708666667,-46389.84153666668,0,16,2,70,137,1,109,0,0,140,0,0,0,24,1296460.0,881661.0,414799.0,0.3199,124879.0,939136.0,691702.0,247434.0,0.2635,148191.0,API,1288.0
2022-06-01,노원구,2022,6,1288.0,2146.0,1251.0,509389.3920064516,502437.00003870967,5741.436670967742,1210.9553129032258,545506.3469290322,473178.25900322583,480779.0318580645,529825.3635387097,210748.04510645164,37901.306670967744,114166.32128709678,58680.417148387096,-49046.33168064516,0,16,2,70,137,1,109,0,0,140,0,0,0,24,1296460.0,881661.0,414799.0,0.3199,124879.0,939136.0,691702.0,247434.0,0.2635,148191.0,API,1240.0
2022-07-01,노원구,2022,7,1240.0,2031.0,1165.0,512803.0785566667,506021.8423433333,5452.539353333333,1328.6968733333333,549347.3642366666,474277.61349666666,483229.4313033334,533927.1123133333,205615.91512333334,35467.48849333333,114934.70197000001,55213.72466,-50697.681009999986,0,16,2,70,137,1,109,0,0,140,0,0,0,24,1296460.0,881661.0,414799.0,0.3199,124879.0,939136.0,691702.0,247434.0,0.2635,148191.0,API,1388.0
2022-08-01,노원구,2022,8,1388.0,2025.0,1210.0,495306.84894516127,488849.5525064516,5206.040577419355,1251.2558548387096,530988.1695967742,457595.18621290324,465961.302116129,516267.9538193548,194035.5918548387,33769.272848387096,109849.09997096776,50417.219035483875,-50306.651703225805,0,16,2,70,137,1,109,0,0,140,0,0,0,24,1296460.0,881661.0,414799.0,0.3199,124879.0,939136.0,691702.0,247434.0,0.2635,148191.0,API,1481.0
2022-09-01,노원구,2022,9,1481.0,1965.0,1147.0,487785.7384032258,481432.69103870966,5121.78794516129,1231.2594193548387,522604.08469354844,449857.52059354837,458356.932016129,508806.3144064516,190367.4350096774,32477.23181612903,108824.6776,49065.52559354839,-50449.382390322586,0,16,2,70,137,1,109,0,0,140,0,0,0,24,1296460.0,881661.0,414799.0,0.3199,124879.0,939136.0,691702.0,247434.0,0.2635,148191.0,API,1300.0
2022-10-01,노원구,2022,10,1300.0,1899.0,1074.0,495219.69613,488355.78394000005,5421.786133333333,1442.1260499999999,529023.1059033333,460584.69244333333,468076.18372333335,514607.91926666663,201398.50388,40286.896259999994,106648.71421666667,54462.893403333335,-46531.735543333336,0,16,2,70,137,1,109,0,0,140,0,0,0,24,1296460.0,881661.0,414799.0,0.3199,124879.0,939136.0,691702.0,247434.0,0.2635,148191.0,API,1325.0
2022-11-01,노원구,2022,11,1325.0,1951.0,1077.0,495579.35163225804,489132.13763225806,5506.812329032258,940.4016709677419,529343.8318419355,458939.5648741935,467730.32440322585,515471.5139419355,191772.72233548388,35196.18802903226,104019.51068709679,52557.02361935484,-47741.189538709674,0,16,2,70,137,1,109,0,0,140,0,0,0,24,1296460.0,881661.0,414799.0,0.3199,124879.0,939136.0,691702.0,247434.0,0.2635,148191.0,API,1293.0
2022-12-01,노원구,2022,12,1293.0,1898.0,973.0,495298.66908333334,488930.76546,5567.4835766666665,800.4200400000001,529229.5453733334,458591.18604666664,466779.7008233333,515669.3607,196825.52977,36706.799256666665,105614.69302666667,54504.03748666667,-48889.659876666665,0,16,2,70,137,1,109,0,0,140,0,0,0,24,1296460.0,881661.0,414799.0,0.3199,124879.0,939136.0,691702.0,247434.0,0.2635,148191.0,API,1407.0
2023-01-01,노원구,2023,1,1407.0,2032.0,1120.0,497729.18067096773,491126.35561612906,5495.391538709677,1107.4335161290321,530024.7928451613,463060.4649483871,470655.6227967742,517067.4362967742,188557.13757096775,35094.864906451614,102975.13759354838,50487.13507096774,-46411.8135,1,22,17,275,67,2,218,0,0,104,0,0,0,13,1226780.0,835018.0,391762.0,0.3193,132849.0,912681.0,677189.0,235492.0,0.258,153906.0,API,1302.0
2023-02-01,노원구,2023,2,1302.0,2049.0,1097.0,491995.74777741934,485491.9997096774,5199.779919354838,1303.9681645161288,524626.558983871,456704.82341935486,464980.69914838707,511292.2111,185094.88516129032,35452.00305483871,102049.74646451612,47593.135641935485,-46311.511951612905,1,22,17,275,67,2,218,0,0,104,0,0,0,13,1226780.0,835018.0,391762.0,0.3193,132849.0,912681.0,677189.0,235492.0,0.258,153906.0,API,1135.0
2023-03-01,노원구,2023,3,1135.0,2472.0,1192.0,493488.02968214283,486993.7011,5294.972782142858,1199.3558071428572,527862.0646892857,454848.9170357143,463887.96733214287,514630.9313714286,190482.8516035714,37253.94266785714,103823.15668928572,49405.75224642857,-50742.96403928572,1,22,17,275,67,2,218,0,0,104,0,0,0,13,1226780.0,835018.0,391762.0,0.3193,132849.0,912681.0,677189.0,235492.0,0.258,153906.0,API,1316.0
2023-04-01,노원구,2023,4,1316.0,2141.0,1216.0,498191.83264193544,491461.42486774194,5612.550312903226,1117.8574677419356,530171.9311096774,463661.48717419355,471340.5132,517371.34653870965,195423.89902580643,40986.27136774194,100915.12666451612,53522.50099354839,-46030.833338709686,1,22,17,275,67,2,218,0,0,104,0,0,0,13,1226780.0,835018.0,391762.0,0.3193,132849.0,912681.0,677189.0,235492.0,0.258,153906.0,API,1326.0
2023-05-01,노원구,2023,5,1326.0,2157.0,1288.0,493423.15727333335,486956.85610000003,5700.032336666667,766.2688533333334,526455.5719933334,458230.44189666666,466016.19270333333,512999.56054333335,201175.00139,37914.250356666664,107205.77539333333,56054.97564,-46983.367840000006,1,22,17,275,67,2,218,0,0,104,0,0,0,13,1226780.0,835018.0,391762.0,0.3193,132849.0,912681.0,677189.0,235492.0,0.258,153906.0,API,1536.0
2023-06-01,노원구,2023,6,1536.0,2034.0,1240.0,489324.9336451613,482916.61753548385,5671.938925806452,736.3771741935484,523157.5082516129,454338.0200677419,462031.9915645161,508819.8922709677,196666.90748387098,37586.49168709678,103629.41214193548,55451.003654838714,-46787.90070645162,1,22,17,275,67,2,218,0,0,104,0,0,0,13,1226780.0,835018.0,391762.0,0.3193,132849.0,912681.0,677189.0,235492.0,0.258,153906.0,API,1357.0
2023-07-01,노원구,2023,7,1357.0,2242.0,1388.0,484995.9543333333,478971.90578666667,5261.475986666667,762.5725633333333,519577.37683666666,448045.0821033333,456200.05284666666,505564.45538666664,192529.32044333333,35221.96343,104992.54816,52314.808853333336,-49364.40254000001,1,22,17,275,67,2,218,0,0,104,0,0,0,13,1226780.0,835018.0,391762.0,0.3193,132849.0,912681.0,677189.0,235492.0,0.258,153906.0,API,1532.0
2023-08-01,노원구,2023,8,1532.0,2441.0,1481.0,482228.42728387093,476369.8774193548,5041.792380645162,816.7574870967742,516099.83107741934,445959.66242903227,453923.09169032256,502446.52413548384,183648.99988709678,34223.967348387094,101226.30168064515,48198.73085806452,-48523.43244516129,1,22,17,275,67,2,218,0,0,104,0,0,0,13,1226780.0,835018.0,391762.0,0.3193,132849.0,912681.0,677189.0,235492.0,0.258,153906.0,API,1541.0
2023-09-01,노원구,2023,9,1541.0,2213.0,1300.0,478359.67423225805,472533.11393548385,5023.3069387096775,803.2533580645162,512058.0341903226,441888.0118290322,449890.5116935484,498694.79033225804,184421.53118064516,33304.39274193549,102880.82739032258,48236.3110483871,-48804.27863870967,1,22,17,275,67,2,218,0,0,104,0,0,0,13,1226780.0,835018.0,391762.0,0.3193,132849.0,912681.0,677189.0,235492.0,0.258,153906.0,API,1486.0
2023-10-01,노원구,2023,10,1486.0,2110.0,1325.0,488754.24388333334,482538.83838666667,5332.415456666667,882.9900466666666,522305.71002999996,454861.5429233333,462549.1552733333,507472.1643266667,196973.50246666666,40899.718759999996,103015.63041666667,53058.15329,-44923.009053333335,1,22,17,275,67,2,218,0,0,104,0,0,0,13,1226780.0,835018.0,391762.0,0.3193,132849.0,912681.0,677189.0,235492.0,0.258,153906.0,API,1343.0
2023-11-01,노원구,2023,11,1343.0,2083.0,1293.0,486105.5840064516,479991.3647322581,5319.971519354839,794.2477612903226,519459.7484516129,449793.7482612903,458487.5351451613,505832.76176774193,190852.51080967742,35997.169535483874,103058.37862258065,51796.96265161291,-47345.22662258064,1,22,17,275,67,2,218,0,0,104,0,0,0,13,1226780.0,835018.0,391762.0,0.3193,132849.0,912681.0,677189.0,235492.0,0.258,153906.0,API,1320.0
2023-12-01,노원구,2023,12,1320.0,2336.0,1407.0,490249.58285,483881.83414,5628.686466666667,739.0622433333334,527104.25552,453739.13390333334,461151.36129333335,511034.02683,199520.68176666665,40319.27459,104122.20539333332,55079.20178333333,-49882.66553666666,1,22,17,275,67,2,218,0,0,104,0,0,0,13,1226780.0,835018.0,391762.0,0.3193,132849.0,912681.0,677189.0,235492.0,0.258,153906.0,API,1458.0
2024-01-01,노원구,2024,1,1458.0,2110.0,1302.0,497688.55908387096,490710.01441935485,6156.989703225807,821.5549838709677,536377.4852870968,461158.9343903226,469427.22168387094,517875.2286838709,192577.32481612902,41194.03315806452,100684.83624516129,50698.455412903226,-48448.007,2,18,13,149,125,1,191,0,0,66,0,0,0,13,1182247.0,829889.0,352358.0,0.298,149842.0,878244.0,653804.0,224440.0,0.2556,162875.0,API,1362.0
2024-02-01,노원구,2024,2,1362.0,1908.0,1135.0,486230.1025612903,480177.847216129,5302.541280645161,749.7140806451613,523353.11480322585,447674.2135064516,457461.6486967742,506778.9981774193,181412.07874193546,38113.64762580645,97474.94611935485,45823.4849967742,-49317.34948064516,2,18,13,149,125,1,191,0,0,66,0,0,0,13,1182247.0,829889.0,352358.0,0.298,149842.0,878244.0,653804.0,224440.0,0.2556,162875.0,API,1142.0
2024-03-01,노원구,2024,3,1142.0,2160.0,1316.0,483276.4653413793,477419.84544827585,5060.887137931035,795.732775862069,516845.0869586207,446273.43612413795,455029.51678965514,503452.85717931035,186566.6065862069,39294.66505862069,99952.08612068965,47319.855406896546,-48423.34038965518,2,18,13,149,125,1,191,0,0,66,0,0,0,13,1182247.0,829889.0,352358.0,0.298,149842.0,878244.0,653804.0,224440.0,0.2556,162875.0,API,1112.0
2024-04-01,노원구,2024,4,1112.0,2223.0,1326.0,490581.8217354839,484287.8912451613,5457.968741935483,835.9617677419354,522079.7853032258,456623.33853225806,464415.79101290327,509271.84367741935,194376.4935451613,43730.1026483871,99519.24809354838,51127.14280322581,-44856.05266451612,2,18,13,149,125,1,191,0,0,66,0,0,0,13,1182247.0,829889.0,352358.0,0.298,149842.0,878244.0,653804.0,224440.0,0.2556,162875.0,API,1098.0
2024-05-01,노원구,2024,5,1098.0,2413.0,1536.0,482740.79242333333,476650.6818933334,5455.896816666666,634.2137233333334,517234.8208066666,446315.6891533333,454363.37464666663,503010.3765633333,200596.22699333334,38067.17822,107311.9805,55217.06827333334,-48647.00191666667,2,18,13,149,125,1,191,0,0,66,0,0,0,13,1182247.0,829889.0,352358.0,0.298,149842.0,878244.0,653804.0,224440.0,0.2556,162875.0,API,1212.0
2024-06-01,노원구,2024,6,1212.0,2239.0,1357.0,478057.61794193543,472045.5535387097,5360.1013870967745,651.9630096774193,511395.7783387097,443228.29611935484,451036.6157838709,497358.3337612903,178700.07166129033,36128.99912903226,92644.01929677419,49927.05323548387,-46321.71797741936,2,18,13,149,125,1,191,0,0,66,0,0,0,13,1182247.0,829889.0,352358.0,0.298,149842.0,878244.0,653804.0,224440.0,0.2556,162875.0,API,1189.0
2024-07-01,노원구,2024,7,1189.0,2591.0,1532.0,474164.35986666667,468326.80088,5160.9492900000005,676.6096833333334,507353.51559666666,439216.21919,447046.4403333333,493534.30238666665,175660.43239,34770.51979,93828.38176,47061.53084,-46487.86205333334,2,18,13,149,125,1,191,0,0,66,0,0,0,13,1182247.0,829889.0,352358.0,0.298,149842.0,878244.0,653804.0,224440.0,0.2556,162875.0,API,1217.0
2024-08-01,노원구,2024,8,1217.0,2550.0,1541.0,467929.3805709678,462091.7843451613,4958.2010709677415,879.3951548387097,502712.18393225805,430051.03332903225,438393.88581935485,489026.16253870964,166986.00473548388,33409.81036129032,89818.58063225808,43757.613741935485,-50632.27671935484,2,18,13,149,125,1,191,0,0,66,0,0,0,13,1182247.0,829889.0,352358.0,0.298,149842.0,878244.0,653804.0,224440.0,0.2556,162875.0,API,1305.0
2024-09-01,노원구,2024,9,1305.0,2388.0,1486.0,462008.1407064516,456373.94745806453,4911.628096774193,722.5651580645161,495272.56060645165,427241.0317258065,434624.5707774194,481567.8335193548,169569.72806451615,33751.75522903226,92222.64395806452,43595.32887741936,-46943.262741935476,2,18,13,149,125,1,191,0,0,66,0,0,0,13,1182247.0,829889.0,352358.0,0.298,149842.0,878244.0,653804.0,224440.0,0.2556,162875.0,API,1098.0
2024-10-01,노원구,2024,10,1098.0,2172.0,1343.0,469351.93922999996,463297.83004000003,5167.65827,886.4509466666666,501003.99636333337,438144.29695333337,444964.77903,486771.33939000004,188964.85893333334,40943.76747666667,98277.16856333334,49743.922893333336,-41806.560359999996,2,18,13,149,125,1,191,0,0,66,0,0,0,13,1182247.0,829889.0,352358.0,0.298,149842.0,878244.0,653804.0,224440.0,0.2556,162875.0,API,1128.0
2024-11-01,노원구,2024,11,1128.0,2125.0,1320.0,471211.5687645161,465135.2478580645,5348.563032258065,727.7578870967742,503626.7894290323,435477.38792258064,444035.00378064514,490623.4009096774,183790.22554193548,36028.1279,98367.99767096774,49394.09997096774,-46588.39712903225,2,18,13,149,125,1,191,0,0,66,0,0,0,13,1182247.0,829889.0,352358.0,0.298,149842.0,878244.0,653804.0,224440.0,0.2556,162875.0,API,1047.0
2024-12-01,노원구,2024,12,1047.0,2395.0,1458.0,470121.10609333334,464130.18274333334,5349.1146966666665,641.8086633333334,502717.76522,436009.97955000005,443407.9178,489201.95486999996,190205.47869333334,38632.658363333336,99259.22568333334,52313.594646666665,-45794.03707,2,18,13,149,125,1,191,0,0,66,0,0,0,13,1182247.0,829889.0,352358.0,0.298,149842.0,878244.0,653804.0,224440.0,0.2556,162875.0,API,1138.0
2025-01-01,노원구,2025,1,1138.0,2268.0,1362.0,469941.5440741935,464000.75404516124,5205.768564516129,735.0214677419355,501982.4546806452,436264.3337580645,444767.2017612903,487923.21715161286,180381.85668064517,36310.355154838704,95935.72267741936,48135.7788483871,-43156.01539032259,0,10,0,88,109,0,156,6,138,71,20,12,0,3,1143619.0,788325.0,355294.0,0.3107,123299.0,803696.0,605344.0,198352.0,0.2468,117326.0,API,1168.0
2025-02-01,노원구,2025,2,1168.0,1918.0,1142.0,467875.5537903226,462001.85644193547,4998.339119354839,875.3582419354839,497407.5138193549,436137.1731903226,443640.12743870966,485186.57261290326,173582.78200322582,35356.86790322581,93745.49406451613,44480.42003548387,-41546.44517419355,0,10,0,88,109,0,156,6,138,71,20,12,0,3,1143619.0,788325.0,355294.0,0.3107,123299.0,803696.0,605344.0,198352.0,0.2468,117326.0,API,960.0
2025-03-01,노원구,2025,3,960.0,2106.0,1112.0,468330.4255107143,462477.59744999994,5060.974517857142,791.8535392857142,500733.79355714284,432215.39521071425,440429.97351428575,488259.3197928571,174426.13011785713,33953.01705,95460.02426071429,45013.088807142856,-47829.34627857143,0,10,0,88,109,0,156,6,138,71,20,12,0,3,1143619.0,788325.0,355294.0,0.3107,123299.0,803696.0,605344.0,198352.0,0.2468,117326.0,API,1078.0
2025-04-01,노원구,2025,4,1078.0,2071.0,1098.0,474176.7483,468170.34492580645,5300.471029032258,705.9323516129033,503764.251916129,442779.4627903226,449929.5685516129,491496.16240645165,180722.6115096774,40626.62639354839,91444.5989483871,48651.38616774193,-41566.59385483871,0,10,0,88,109,0,156,6,138,71,20,12,0,3,1143619.0,788325.0,355294.0,0.3107,123299.0,803696.0,605344.0,198352.0,0.2468,117326.0,API,1031.0
2025-05-01,노원구,2025,5,1031.0,2210.0,1212.0,469354.52214333334,463481.4319833333,5296.2277,576.8624466666666,500845.0724033333,436055.12983999995,443094.93743666663,488111.36834,191608.99771999998,37244.16593,100403.86412999999,53960.967659999995,-45016.430903333334,0,10,0,88,109,0,156,6,138,71,20,12,0,3,1143619.0,788325.0,355294.0,0.3107,123299.0,803696.0,605344.0,198352.0,0.2468,117326.0,API,1169.0
2025-06-01,노원구,2025,6,1169.0,2212.0,1189.0,464445.6970419355,458466.7487032258,5227.223838709678,751.7245032258065,495730.36208064517,431762.7909580645,439313.1002548387,482397.55188387097,183394.4935677419,36135.50579032258,96185.27007419354,51073.717703225804,-43084.45162903226,0,10,0,88,109,0,156,6,138,71,20,12,0,3,1143619.0,788325.0,355294.0,0.3107,123299.0,803696.0,605344.0,198352.0,0.2468,117326.0,API,1127.0
2025-07-01,노원구,2025,7,1127.0,2278.0,1217.0,465251.25324000005,459414.80456666666,5162.908666666667,673.5400133333334,495805.93296,433001.4865266666,440294.46727,483077.52895,183607.80529333334,34884.78751,98876.79043666666,49846.22734666667,-42783.061680000006,0,10,0,88,109,0,156,6,138,71,20,12,0,3,1143619.0,788325.0,355294.0,0.3107,123299.0,803696.0,605344.0,198352.0,0.2468,117326.0,API,1186.0
2025-08-01,노원구,2025,8,1186.0,2463.0,1305.0,457055.8478193548,451429.5738225806,4924.665629032258,701.6083838709677,490672.8236580645,420829.7869741935,428679.9934548387,477324.31522580644,176116.10371290322,33507.77554516129,96353.6294516129,46254.69871612903,-48644.32177096774,0,10,0,88,109,0,156,6,138,71,20,12,0,3,1143619.0,788325.0,355294.0,0.3107,123299.0,803696.0,605344.0,198352.0,0.2468,117326.0,API,1185.0
2025-09-01,노원구,2025,9,1185.0,2088.0,1098.0,455027.1897516129,449524.5009612903,4926.537196774193,576.1515967741935,486293.54651612905,421270.622583871,428911.4813548387,473681.26716129034,177418.48354193548,33431.59639677419,97736.29232580644,46250.59481935484,-44769.78580645162,0,10,0,88,109,0,156,6,138,71,20,12,0,3,1143619.0,788325.0,355294.0,0.3107,123299.0,803696.0,605344.0,198352.0,0.2468,117326.0,API,1197.0
2025-10-01,노원구,2025,10,1197.0,2108.0,1128.0,463790.56312666665,457829.9870233333,5262.247426666667,698.3286933333333,494959.49247999996,431244.3389433333,438048.7217,482177.59272333334,191821.07213000002,40460.00741333333,98444.70922,52916.35549666666,-44128.87102333332,0,10,0,88,109,0,156,6,138,71,20,12,0,3,1143619.0,788325.0,355294.0,0.3107,123299.0,803696.0,605344.0,198352.0,0.2468,117326.0,API,1174.0
2025-11-01,노원구,2025,11,1174.0,1876.0,1047.0,457763.1833612903,451802.05492258066,5181.227125806451,779.9013225806451,490100.0507903226,425755.8642903226,433213.9766774194,475298.33101935487,180078.3164419355,37363.18370967742,93574.12688709676,49141.00584516129,-42084.35434193549,0,10,0,88,109,0,156,6,138,71,20,12,0,3,1143619.0,788325.0,355294.0,0.3107,123299.0,803696.0,605344.0,198352.0,0.2468,117326.0,API,1200.0
2025-12-01,노원구,2025,12,1200.0,2042.0,1138.0,461244.4630733334,455410.61091333337,5232.97195,600.8802266666667,492672.00210333336,428251.48930333334,435893.65998999996,479352.17956666666,182182.85306333334,36453.51753333334,95039.42633666666,50689.90919333333,-43458.519576666666,0,10,0,88,109,0,156,6,138,71,20,12,0,3,1143619.0,788325.0,355294.0,0.3107,123299.0,803696.0,605344.0,198352.0,0.2468,117326.0,API,1233.0
2017-01-01,도봉구,2017,1,,,,,,,,,,,,,,,,,1,46,7,358,180,2,156,0,0,242,0,0,0,41,,,,,,,,,,,API,952.0
2017-02-01,도봉구,2017,2,952.0,,,,,,,,,,,,,,,,1,46,7,358,180,2,156,0,0,242,0,0,0,41,,,,,,,,,,,API,771.0
2017-03-01,도봉구,2017,3,771.0,,,,,,,,,,,,,,,,1,46,7,358,180,2,156,0,0,242,0,0,0,41,,,,,,,,,,,API,887.0
2017-04-01,도봉구,2017,4,887.0,,,,,,,,,,,,,,,,1,46,7,358,180,2,156,0,0,242,0,0,0,41,,,,,,,,,,,API,903.0
2017-05-01,도봉구,2017,5,903.0,,,,,,,,,,,,,,,,1,46,7,358,180,2,156,0,0,242,0,0,0,41,,,,,,,,,,,API,1029.0
2017-06-01,도봉구,2017,6,1029.0,,,,,,,,,,,,,,,,1,46,7,358,180,2,156,0,0,242,0,0,0,41,,,,,,,,,,,API,947.0
2017-07-01,도봉구,2017,7,947.0,,,,,,,,,,,,,,,,1,46,7,358,180,2,156,0,0,242,0,0,0,41,,,,,,,,,,,API,1038.0
2017-08-01,도봉구,2017,8,1038.0,,,,,,,,,,,,,,,,1,46,7,358,180,2,156,0,0,242,0,0,0,41,,,,,,,,,,,API,1006.0
2017-09-01,도봉구,2017,9,1006.0,,,,,,,,,,,,,,,,1,46,7,358,180,2,156,0,0,242,0,0,0,41,,,,,,,,,,,API,977.0
2017-10-01,도봉구,2017,10,977.0,,,,,,,,,,,,,,,,1,46,7,358,180,2,156,0,0,242,0,0,0,41,,,,,,,,,,,API,920.0
2017-11-01,도봉구,2017,11,920.0,,,,,,,,,,,,,,,,1,46,7,358,180,2,156,0,0,242,0,0,0,41,,,,,,,,,,,API,953.0
2017-12-01,도봉구,2017,12,953.0,,,,,,,,,,,,,,,,1,46,7,358,180,2,156,0,0,242,0,0,0,41,,,,,,,,,,,API,1030.0
2018-01-01,도봉구,2018,1,1030.0,1388.0,952.0,,,,,,,,,,,,,,2,59,0,367,201,3,212,0,0,234,0,0,0,46,,,,,,,,,,,API,1076.0
2018-02-01,도봉구,2018,2,1076.0,1129.0,771.0,,,,,,,,,,,,,,2,59,0,367,201,3,212,0,0,234,0,0,0,46,,,,,,,,,,,API,865.0
2018-03-01,도봉구,2018,3,865.0,1302.0,887.0,,,,,,,,,,,,,,2,59,0,367,201,3,212,0,0,234,0,0,0,46,,,,,,,,,,,API,896.0
2018-04-01,도봉구,2018,4,896.0,1366.0,903.0,,,,,,,,,,,,,,2,59,0,367,201,3,212,0,0,234,0,0,0,46,,,,,,,,,,,API,927.0
2018-05-01,도봉구,2018,5,927.0,1505.0,1029.0,299371.6302307692,295883.41710769234,2994.588357692308,493.6247730769231,326285.7626346154,267935.12887692306,276234.95543076925,315897.8265192308,152560.6449076923,21620.60758076923,84326.26838846154,46613.768938461544,-39662.87108846155,2,59,0,367,201,3,212,0,0,234,0,0,0,46,,,,,,,,,,,API,995.0
2018-06-01,도봉구,2018,6,995.0,1371.0,947.0,299781.5100967742,296276.31449677417,2953.3242870967742,551.8713322580645,327205.33042580646,267832.9555612903,276371.52242258063,315828.6634580645,151104.03088064515,21594.621580645162,82889.57219354839,46619.83710645161,-39457.14103548387,2,59,0,367,201,3,212,0,0,234,0,0,0,46,,,,,,,,,,,API,935.0
2018-07-01,도봉구,2018,7,935.0,1517.0,1038.0,302977.63035,299595.4291,2854.05399,528.1472633333334,329246.87677,273370.5308033333,280955.99715,318707.3683533333,148324.5617033333,20837.08815666667,82749.81146666667,44737.66208,-37751.371203333336,2,59,0,367,201,3,212,0,0,234,0,0,0,46,,,,,,,,,,,API,969.0
2018-08-01,도봉구,2018,8,969.0,1500.0,1006.0,301176.8347677419,297745.39188709675,2888.800841935484,542.6420322580644,328138.9818903226,270940.4354032258,278508.6427322581,317368.4004967742,147130.9555096774,20937.047212903228,82028.58227096774,44165.32602580645,-38859.75776451612,2,59,0,367,201,3,212,0,0,234,0,0,0,46,,,,,,,,,,,API,1074.0
2018-09-01,도봉구,2018,9,1074.0,1435.0,977.0,297396.90340645163,294085.8803419355,2820.3200741935484,490.70299677419354,325153.40548709675,266360.97239677416,274346.1477967742,313167.83149677416,148466.74411612903,19902.28943548387,85017.62481935484,43546.82986129032,-38821.683699999994,2,59,0,367,201,3,212,0,0,234,0,0,0,46,,,,,,,,,,,API,935.0
2018-10-01,도봉구,2018,10,935.0,1379.0,920.0,300612.65897,297296.46466999996,2777.6052166666664,538.58908,326078.3504666667,272188.02692333335,279831.0053133333,315456.6973,147974.44199000002,22804.23325,81276.00156,43894.207180000005,-35625.691986666665,2,59,0,367,201,3,212,0,0,234,0,0,0,46,,,,,,,,,,,API,962.0
2018-11-01,도봉구,2018,11,962.0,1337.0,953.0,298555.5467935484,295341.9439193549,2766.911906451613,446.6909741935484,326907.57758387097,266256.90480645164,274686.5606451613,314899.90340645163,145492.58426774194,20294.66906451613,82041.80117096774,43156.11403225806,-40213.34276129032,2,59,0,367,201,3,212,0,0,234,0,0,0,46,,,,,,,,,,,API,874.0
2018-12-01,도봉구,2018,12,874.0,1484.0,1030.0,297129.5345266667,293869.28031,2825.2015499999998,435.0526766666666,326473.83308333333,265362.5828166667,273057.1512833333,314324.09399333334,147881.91177,21504.448026666665,82874.22139666667,43503.242346666666,-41266.942709999996,2,59,0,367,201,3,212,0,0,234,0,0,0,46,,,,,,,,,,,API,989.0
2019-01-01,도봉구,2019,1,989.0,1576.0,1076.0,304172.28818064515,300595.0375967742,2977.1603387096775,600.0902548387097,329435.3451548387,275538.6805709677,283222.9815580645,319136.07864516124,145220.96217741934,21460.347187096773,81160.64222903225,42599.97276129032,-35913.09708709678,0,30,1,465,168,2,245,0,0,219,0,0,0,47,,,,,,,,,,,API,921.0
2019-02-01,도봉구,2019,2,921.0,1318.0,865.0,302500.84071290324,298934.9516548387,3005.043312903226,560.8457483870967,327620.37852258066,273190.8800064516,280885.1240709678,317940.6383258065,151710.2990612903,21199.16531935484,87553.31473870967,42957.819003225806,-37055.51425483871,0,30,1,465,168,2,245,0,0,219,0,0,0,47,,,,,,,,,,,API,857.0
2019-03-01,도봉구,2019,3,857.0,1355.0,896.0,296268.5845928571,292698.2225035714,3005.139503571428,565.2225642857143,319276.9499285714,270220.84926071425,277502.76964285714,309672.7381214286,148567.78950714288,22455.963085714287,84811.5077,41300.31872142857,-32169.96847857143,0,30,1,465,168,2,245,0,0,219,0,0,0,47,,,,,,,,,,,API,883.0
2019-04-01,도봉구,2019,4,883.0,1349.0,927.0,295687.3868451613,292316.95366129035,2933.7123741935484,436.7208225806451,321357.22950645164,266345.27302580647,273937.8241129032,311222.78882258065,139539.9190516129,20084.719703225805,79776.62355483872,39678.57579354839,-37284.96470967742,0,30,1,465,168,2,245,0,0,219,0,0,0,47,,,,,,,,,,,API,882.0
2019-05-01,도봉구,2019,5,882.0,1442.0,995.0,289996.87196,286682.8068966667,2864.516966666667,449.5481,317458.1187966667,259346.43447333333,266966.57296666666,306447.0855333333,151390.90940666667,20601.7675,87043.66207333333,43745.47983333333,-39480.51256666667,0,30,1,465,168,2,245,0,0,219,0,0,0,47,,,,,,,,,,,API,931.0
2019-06-01,도봉구,2019,6,931.0,1395.0,935.0,281085.9835516129,277715.64985806454,2832.508358064516,537.8253387096775,307427.5533806452,251722.05479032258,259166.9151967742,296742.4609612903,139812.78399677417,19889.187077419356,79763.06326774193,40160.5336516129,-37575.54576451613,0,30,1,465,168,2,245,0,0,219,0,0,0,47,,,,,,,,,,,API,895.0
2019-07-01,도봉구,2019,7,895.0,1456.0,969.0,281487.06095,278092.80121,2938.0673266666663,456.19241666666665,305806.0777466667,254292.74116666667,261368.01030999998,295857.81141333334,134471.76145,18962.651476666666,76977.29597666668,38531.81399666667,-34489.80110333333,0,30,1,465,168,2,245,0,0,219,0,0,0,47,,,,,,,,,,,API,969.0
2019-08-01,도봉구,2019,8,969.0,1624.0,1074.0,274396.5570483871,270866.36766129034,2962.144164516129,568.0452419354839,298509.4109870967,247101.93716451613,253600.47035806451,289250.90468064515,122565.32954193548,17343.30948064516,70266.23787096774,34955.782190322585,-35650.434322580644,0,30,1,465,168,2,245,0,0,219,0,0,0,47,,,,,,,,,,,API,988.0
2019-09-01,도봉구,2019,9,988.0,1488.0,935.0,277086.58507096773,273777.29259032256,2892.964693548387,416.32779999999997,300765.45586451615,249662.91545483872,256782.7690419355,291589.31082258065,127084.19678387097,18005.247661290323,73385.68101935483,35693.268103225804,-34806.541780645166,0,30,1,465,168,2,245,0,0,219,0,0,0,47,,,,,,,,,,,API,876.0
2019-10-01,도봉구,2019,10,876.0,1423.0,962.0,276671.33504333335,273260.82519,2934.1308266666665,476.37903,297365.21409333334,251810.4271666667,258522.20298333332,289635.00080333336,135623.74362666666,21672.551776666667,73682.20536666666,40268.986483333334,-31112.797819999992,0,30,1,465,168,2,245,0,0,219,0,0,0,47,,,,,,,,,,,API,926.0
2019-11-01,도봉구,2019,11,926.0,1219.0,874.0,275598.3442403226,272110.08521935483,3024.4728741935487,463.78612258064516,300703.0930290322,245929.7459983871,253243.31261935484,291566.2239693549,134810.8240387097,19026.610503225806,73546.00332419355,42238.21021129032,-38322.91135000001,0,30,1,465,168,2,245,0,0,219,0,0,0,47,,,,,,,,,,,API,864.0
2019-12-01,도봉구,2019,12,864.0,1440.0,989.0,282015.3772333333,278695.07188,2867.0234933333336,453.28186666666664,305393.0525633333,254292.59143,261447.99431333333,296706.36502,133000.36076333333,19947.332739999998,71814.04644666666,41238.98157666667,-35258.37070666668,0,30,1,465,168,2,245,0,0,219,0,0,0,47,,,,,,,,,,,API,922.0
2020-01-01,도봉구,2020,1,922.0,1346.0,921.0,285670.51288709673,282298.2988387097,2896.5025387096775,475.7115258064516,306783.53657419357,260236.25135806453,267229.08446451614,298842.9617612903,142637.81145483872,21363.39473548387,78952.81696129033,42321.59975806452,-31613.877296774193,0,522,2,299,103,1,270,0,0,191,0,0,0,89,816939.0,586689.0,230250.0,0.2818,,751182.0,622972.0,128210.0,0.1707,,API,895.0
2020-02-01,도봉구,2020,2,895.0,1208.0,857.0,287669.1352741936,284116.63728387095,2954.8035129032255,597.6944677419355,307304.9594032258,263620.6752903226,270463.0206483871,299959.21715483867,141974.38905806452,22151.22132580645,78313.79478709678,41509.37294516129,-29496.196506451615,0,522,2,299,103,1,270,0,0,191,0,0,0,89,816939.0,586689.0,230250.0,0.2818,,751182.0,622972.0,128210.0,0.1707,,API,674.0
2020-03-01,도봉구,2020,3,674.0,1359.0,883.0,289526.8059448276,285771.8471862069,3032.1164586206896,722.8422931034484,308307.2365,266420.42714827583,272294.56596896553,301835.5487827586,133950.60177586207,17818.077151724137,76712.56368965517,39419.960934482755,-29540.982813793093,0,522,2,299,103,1,270,0,0,191,0,0,0,89,816939.0,586689.0,230250.0,0.2818,,751182.0,622972.0,128210.0,0.1707,,API,658.0
2020-04-01,도봉구,2020,4,658.0,1328.0,882.0,290432.01707096776,286786.6902516129,3071.697770967742,573.6290451612904,307045.85362580646,269846.48913548386,275090.16989677417,301390.4793516129,129355.85237096774,15993.010712903226,74568.7666,38794.07505806451,-26300.309454838716,0,522,2,299,103,1,270,0,0,191,0,0,0,89,816939.0,586689.0,230250.0,0.2818,,751182.0,622972.0,128210.0,0.1707,,API,672.0
2020-05-01,도봉구,2020,5,672.0,1459.0,931.0,287576.51300000004,283982.4905633333,3044.5736433333336,549.44878,305114.0509533333,266283.94207666663,271746.27634,298883.8248933333,136016.94980666667,17364.597856666667,77110.76944666666,41541.58250333333,-27137.54855333333,0,522,2,299,103,1,270,0,0,191,0,0,0,89,816939.0,586689.0,230250.0,0.2818,,751182.0,622972.0,128210.0,0.1707,,API,763.0
2020-06-01,도봉구,2020,6,763.0,1342.0,895.0,286483.29143548384,282867.6933612903,3010.428838709677,605.1692548387097,304510.1131645161,265371.5237129032,270781.7271645161,297698.6945064516,137638.59754193548,18720.967396774195,76277.39632903226,42640.23381612903,-26916.967341935488,0,522,2,299,103,1,270,0,0,191,0,0,0,89,816939.0,586689.0,230250.0,0.2818,,751182.0,622972.0,128210.0,0.1707,,API,769.0
2020-07-01,도봉구,2020,7,769.0,1504.0,969.0,285170.47535333334,281454.25106,2966.1090266666665,750.1152833333333,304865.65317666664,262438.3661733333,267790.2315733333,297584.9352133333,138468.98374333335,18085.22614333333,77302.16935666667,43081.58824333334,-29794.703640000003,0,522,2,299,103,1,270,0,0,191,0,0,0,89,816939.0,586689.0,230250.0,0.2818,,751182.0,622972.0,128210.0,0.1707,,API,862.0
2020-08-01,도봉구,2020,8,862.0,1490.0,988.0,283548.02594516124,279945.0786548387,2893.9057838709678,709.0415161290323,303387.7031322581,260694.26367741937,266217.4986580645,295926.9740290323,134718.11777419355,18080.868832258064,74471.58393225807,42165.66500967742,-29709.475370967746,0,522,2,299,103,1,270,0,0,191,0,0,0,89,816939.0,586689.0,230250.0,0.2818,,751182.0,622972.0,128210.0,0.1707,,API,843.0
2020-09-01,도봉구,2020,9,843.0,1399.0,876.0,283251.81287419354,279637.4568096774,2822.345129032258,792.010941935484,300504.35847419355,262791.83811290324,268016.3474935484,294134.2881516129,131218.87199354838,16764.469051612905,74822.04755806451,39632.35538387096,-26117.940658064515,0,522,2,299,103,1,270,0,0,191,0,0,0,89,816939.0,586689.0,230250.0,0.2818,,751182.0,622972.0,128210.0,0.1707,,API,769.0
2020-10-01,도봉구,2020,10,769.0,1372.0,926.0,286671.03546,283322.12227666663,2916.0119,432.90127666666666,303651.0469433333,266171.28509333334,271309.03473666665,297643.8931133334,133327.52879666668,17439.007456666666,74518.48663,41370.03471,-26334.858376666667,0,522,2,299,103,1,270,0,0,191,0,0,0,89,816939.0,586689.0,230250.0,0.2818,,751182.0,622972.0,128210.0,0.1707,,API,826.0
2020-11-01,도봉구,2020,11,826.0,1321.0,864.0,281348.4560903226,278102.2802806452,2880.2613677419354,365.914435483871,298880.2273580645,260102.6970483871,265902.21975806454,292381.4820387097,137242.65533548387,19499.156374193546,74728.0024064516,43015.49655483871,-26479.262280645165,0,522,2,299,103,1,270,0,0,191,0,0,0,89,816939.0,586689.0,230250.0,0.2818,,751182.0,622972.0,128210.0,0.1707,,API,754.0
2020-12-01,도봉구,2020,12,754.0,1389.0,922.0,278132.86633333337,274728.68284666666,2792.6397866666666,611.54371,296020.6381866667,257069.93167666666,262166.88105333335,289537.14153666666,135011.44305,18295.97373,74118.38202333334,42597.08729666667,-27370.26048333333,0,522,2,299,103,1,270,0,0,191,0,0,0,89,816939.0,586689.0,230250.0,0.2818,,751182.0,622972.0,128210.0,0.1707,,API,635.0
2021-01-01,도봉구,2021,1,635.0,1293.0,895.0,284844.4818548387,281191.6150870968,2926.194164516129,726.6726096774194,300405.5750451613,265657.43479354837,270385.8089741936,295172.1053548387,126589.9805032258,16525.44343548387,70649.82323870967,39414.713829032255,-24786.296380645163,0,44,0,60,158,4,154,0,0,98,0,0,0,28,780430.0,565939.0,214491.0,0.2748,,681868.0,563647.0,118221.0,0.1734,,API,719.0
2021-02-01,도봉구,2021,2,719.0,1079.0,674.0,285590.46259354835,282048.39182258066,2956.084148387097,585.9866258064516,300708.13292580645,266836.9905225806,271400.3801903226,295726.2357354839,128941.55817096774,16855.606067741937,72949.32714516128,39136.624958064516,-24325.85554516129,0,44,0,60,158,4,154,0,0,98,0,0,0,28,780430.0,565939.0,214491.0,0.2748,,681868.0,563647.0,118221.0,0.1734,,API,680.0
2021-03-01,도봉구,2021,3,680.0,1108.0,658.0,283402.77693928574,279924.0640642857,2925.8377928571426,552.8750714285715,299838.4092357143,262828.0817607143,268197.89740714285,294263.4051678571,133465.57516785714,18700.799121428572,73992.48229285715,40772.29375357142,-26065.50776071428,0,44,0,60,158,4,154,0,0,98,0,0,0,28,780430.0,565939.0,214491.0,0.2748,,681868.0,563647.0,118221.0,0.1734,,API,744.0
2021-04-01,도봉구,2021,4,744.0,1103.0,672.0,280484.299316129,276870.91746774194,3055.149741935484,558.2321193548387,299591.9068064516,257852.14372580647,263169.7714387097,292851.819216129,130015.6146,18011.573622580643,71529.89226451612,40474.148712903225,-29682.04777741935,0,44,0,60,158,4,154,0,0,98,0,0,0,28,780430.0,565939.0,214491.0,0.2748,,681868.0,563647.0,118221.0,0.1734,,API,788.0
2021-05-01,도봉구,2021,5,788.0,1273.0,763.0,277741.37572,273988.60424333334,3118.6754333333333,634.0960433333333,297544.5304233333,253921.71359333335,259680.91666333334,290641.70361333335,136519.12311333333,18220.535733333334,75463.84741,42834.73997,-30960.786949999998,0,44,0,60,158,4,154,0,0,98,0,0,0,28,780430.0,565939.0,214491.0,0.2748,,681868.0,563647.0,118221.0,0.1734,,API,844.0
2021-06-01,도봉구,2021,6,844.0,1238.0,769.0,279011.4074064516,275323.2684709677,2984.0344548387097,704.1044774193548,297144.1188935484,257346.3776451613,262840.48532903224,290562.0660290323,133090.1281967742,18502.742216129034,72651.59994193548,41935.78603870967,-27721.5807,0,44,0,60,158,4,154,0,0,98,0,0,0,28,780430.0,565939.0,214491.0,0.2748,,681868.0,563647.0,118221.0,0.1734,,API,946.0
2021-07-01,도봉구,2021,7,946.0,1383.0,862.0,274866.86061333335,271224.60236333334,2974.274823333333,667.9834333333333,294773.57409999997,252158.72611666666,257327.97823333333,287394.6337566667,131858.96697333333,17951.24309,73130.70381666668,40777.020066666664,-30066.655523333335,0,44,0,60,158,4,154,0,0,98,0,0,0,28,780430.0,565939.0,214491.0,0.2748,,681868.0,563647.0,118221.0,0.1734,,API,846.0
2021-08-01,도봉구,2021,8,846.0,1515.0,843.0,276688.26673870964,273080.746667742,2925.7914645161286,681.7286032258064,295326.45807096775,254749.0517935484,260077.87207741936,288552.8343612903,127349.92997741935,16931.0106516129,72319.44698709677,38099.47233870968,-28474.962283870973,0,44,0,60,158,4,154,0,0,98,0,0,0,28,780430.0,565939.0,214491.0,0.2748,,681868.0,563647.0,118221.0,0.1734,,API,906.0
2021-09-01,도봉구,2021,9,906.0,1267.0,769.0,276546.9393967742,273160.2548258064,2856.728687096774,529.9558838709677,294489.8359225806,254065.65368064516,260013.9167064516,288356.24131935486,128685.72148064517,16584.477306451612,73882.09811290322,38219.146061290325,-28342.32461290322,0,44,0,60,158,4,154,0,0,98,0,0,0,28,780430.0,565939.0,214491.0,0.2748,,681868.0,563647.0,118221.0,0.1734,,API,819.0
2021-10-01,도봉구,2021,10,819.0,1333.0,826.0,279074.08896,275661.26576,2806.837226666667,605.9859866666667,297254.4897533333,257148.12822666668,262898.8420633333,290627.8367366667,133287.26114666666,18984.193366666666,73936.63812666666,40366.42965333334,-27728.994673333327,0,44,0,60,158,4,154,0,0,98,0,0,0,28,780430.0,565939.0,214491.0,0.2748,,681868.0,563647.0,118221.0,0.1734,,API,815.0
2021-11-01,도봉구,2021,11,815.0,1235.0,754.0,276272.6672032258,272827.3209516129,2764.347635483871,680.9986354838709,296204.05896451615,252401.22542258064,258706.0040483871,288820.2837451613,130111.38893870967,17658.923474193547,73290.64311612904,39161.82234838709,-30114.279696774196,0,44,0,60,158,4,154,0,0,98,0,0,0,28,780430.0,565939.0,214491.0,0.2748,,681868.0,563647.0,118221.0,0.1734,,API,782.0
2021-12-01,도봉구,2021,12,782.0,1106.0,635.0,274451.29066,271186.2201533333,2790.0391299999997,475.0313766666667,295245.38471666665,250090.83093000003,256200.08675333334,287487.86490000004,132819.48278999998,18618.21505,73841.20104,40360.066699999996,-31287.778146666664,0,44,0,60,158,4,154,0,0,98,0,0,0,28,780430.0,565939.0,214491.0,0.2748,,681868.0,563647.0,118221.0,0.1734,,API,740.0
2022-01-01,도봉구,2022,1,740.0,1173.0,719.0,277432.26791935484,274134.9238516129,2813.74114516129,483.60293548387097,296419.4023129032,254689.58006774192,260243.20042580646,289710.17329677416,128448.86894193549,17571.679719354837,72039.41552580646,38837.773696774195,-29466.972870967737,0,13,0,84,180,0,105,0,0,81,0,0,0,1,826775.0,603716.0,223059.0,0.2698,84187.0,662698.0,548153.0,114545.0,0.1728,52543.0,API,760.0
2022-02-01,도봉구,2022,2,760.0,1156.0,680.0,279105.72475161287,275404.80570322584,2833.8131,867.1059387096774,297173.3665,256915.42838064514,262576.7438741936,290912.1396516129,129459.78701290322,18733.13788064516,72430.33721935483,38296.31191290323,-28335.39577741936,0,13,0,84,180,0,105,0,0,81,0,0,0,1,826775.0,603716.0,223059.0,0.2698,84187.0,662698.0,548153.0,114545.0,0.1728,52543.0,API,688.0
2022-03-01,도봉구,2022,3,688.0,1285.0,744.0,279581.3316678571,275999.4443321429,2784.541314285714,797.3460321428572,296769.5616214286,258418.78126428573,264037.80503214285,290683.8506928572,127567.14912142858,17736.98889642857,71961.8086,37868.351625,-26646.045660714288,0,13,0,84,180,0,105,0,0,81,0,0,0,1,826775.0,603716.0,223059.0,0.2698,84187.0,662698.0,548153.0,114545.0,0.1728,52543.0,API,843.0
2022-04-01,도봉구,2022,4,843.0,1353.0,788.0,277678.30302903225,274242.5189032258,2747.3348322580646,688.4493,295305.52473225805,257069.96910000002,261955.12909354837,288909.1415612903,122408.11532580646,16800.84412903226,68405.29396129033,37201.97723548387,-26954.012467741934,0,13,0,84,180,0,105,0,0,81,0,0,0,1,826775.0,603716.0,223059.0,0.2698,84187.0,662698.0,548153.0,114545.0,0.1728,52543.0,API,868.0
2022-05-01,도봉구,2022,5,868.0,1492.0,844.0,273182.84282,269679.0046366667,2751.2878800000003,752.5503066666666,294665.61398333334,248634.43716333335,254587.88128666667,286464.95821,131193.77258333334,17733.63032,73030.98990333333,40429.15236,-31877.07692333333,0,13,0,84,180,0,105,0,0,81,0,0,0,1,826775.0,603716.0,223059.0,0.2698,84187.0,662698.0,548153.0,114545.0,0.1728,52543.0,API,932.0
2022-06-01,도봉구,2022,6,932.0,1524.0,946.0,275027.7218516129,271540.65272258065,2770.8838967741935,716.1852387096774,297851.6791451613,249480.7513612903,255820.62192903223,288747.0789548387,132263.7829516129,19050.44280645161,72410.29550967742,40803.044635483864,-32926.45702580645,0,13,0,84,180,0,105,0,0,81,0,0,0,1,826775.0,603716.0,223059.0,0.2698,84187.0,662698.0,548153.0,114545.0,0.1728,52543.0,API,926.0
2022-07-01,도봉구,2022,7,926.0,1412.0,846.0,277468.73151,273948.93821,2774.6514933333333,745.1418233333334,299513.59081666666,252383.78727666667,258613.22092666666,290936.9533633333,131001.7694,18246.083543333334,72963.08784,39792.59801666667,-32323.732436666676,0,13,0,84,180,0,105,0,0,81,0,0,0,1,826775.0,603716.0,223059.0,0.2698,84187.0,662698.0,548153.0,114545.0,0.1728,52543.0,API,1023.0
2022-08-01,도봉구,2022,8,1023.0,1457.0,906.0,269380.19287096773,265798.7799967742,2838.391558064516,743.0213161290324,290509.2112935484,245256.26227096774,251056.025283871,282468.88399999996,123198.77426129032,17591.33893870968,68490.43446451613,37117.000858064515,-31412.85871612903,0,13,0,84,180,0,105,0,0,81,0,0,0,1,826775.0,603716.0,223059.0,0.2698,84187.0,662698.0,548153.0,114545.0,0.1728,52543.0,API,1072.0
2022-09-01,도봉구,2022,9,1072.0,1372.0,819.0,266278.7220451613,262704.1631225807,2742.4761548387096,832.0827838709677,286838.67125161295,242139.54415806453,248132.04858064518,279240.63167419354,120076.03601935484,16712.017306451613,66941.59536129032,36422.4233516129,-31108.583093548386,0,13,0,84,180,0,105,0,0,81,0,0,0,1,826775.0,603716.0,223059.0,0.2698,84187.0,662698.0,548153.0,114545.0,0.1728,52543.0,API,977.0
2022-10-01,도봉구,2022,10,977.0,1359.0,815.0,268564.25881666667,265078.1968,2722.09184,763.97018,289222.0544466667,245063.88408666666,250889.89788666664,281188.80234999995,122588.96061666666,19567.427366666667,64944.246210000005,38077.287039999996,-30298.90446333333,0,13,0,84,180,0,105,0,0,81,0,0,0,1,826775.0,603716.0,223059.0,0.2698,84187.0,662698.0,548153.0,114545.0,0.1728,52543.0,API,995.0
2022-11-01,도봉구,2022,11,995.0,1394.0,782.0,267025.68797419354,263567.24452580645,2686.8824322580645,771.5610322580645,288170.9717064516,242224.6524548387,248776.2080967742,280061.0307451613,117109.56872903225,17858.092616129034,62634.77147096774,36616.70464193548,-31284.822648387097,0,13,0,84,180,0,105,0,0,81,0,0,0,1,826775.0,603716.0,223059.0,0.2698,84187.0,662698.0,548153.0,114545.0,0.1728,52543.0,API,989.0
2022-12-01,도봉구,2022,12,989.0,1369.0,740.0,266426.4941,263259.31914,2655.5106366666664,511.66429666666664,288597.39467666665,240939.86606666667,247144.82579333335,280199.1142866667,118882.58308666667,18162.686953333334,63726.360146666666,36993.53598666667,-33054.28849333333,0,13,0,84,180,0,105,0,0,81,0,0,0,1,826775.0,603716.0,223059.0,0.2698,84187.0,662698.0,548153.0,114545.0,0.1728,52543.0,API,993.0
2023-01-01,도봉구,2023,1,993.0,1333.0,760.0,269076.2884903226,265731.52154516126,2774.5623806451613,570.2045709677419,289878.380467742,244952.3589419355,251075.48008064518,281934.00880645163,114547.06082258064,17852.954564516127,61998.71387096774,34695.39238709678,-30858.528725806453,3,11,15,188,181,1,145,0,0,69,0,0,0,16,765682.0,563866.0,201816.0,0.2636,86343.0,620763.0,506565.0,114198.0,0.184,59353.0,API,941.0
2023-02-01,도봉구,2023,2,941.0,1209.0,688.0,270912.78538064513,267237.5101870968,2789.7251096774194,885.5500806451613,290169.6218419355,248189.94916774196,254261.48233870967,282806.5732806452,115272.5867483871,19017.63471935484,62099.9410483871,34155.010980645166,-28545.090941935483,3,11,15,188,181,1,145,0,0,69,0,0,0,16,765682.0,563866.0,201816.0,0.2636,86343.0,620763.0,506565.0,114198.0,0.184,59353.0,API,870.0
2023-03-01,도봉구,2023,3,870.0,1647.0,843.0,266683.44989642856,263360.5337964286,2730.0295928571427,592.8865107142857,288426.37713214284,241038.19138928573,247477.6194392857,280401.90022857144,113442.65931785713,17802.06167142857,61877.171671428565,33763.425975,-32924.28078928571,3,11,15,188,181,1,145,0,0,69,0,0,0,16,765682.0,563866.0,201816.0,0.2636,86343.0,620763.0,506565.0,114198.0,0.184,59353.0,API,963.0
2023-04-01,도봉구,2023,4,963.0,1542.0,868.0,265663.4713967742,262377.01687419356,2748.52544516129,537.9290677419355,287938.7333935484,240001.90589032255,246263.93565161288,279520.2826483871,113329.30870645161,18371.789874193546,59419.91709677419,35537.60173548387,-33256.3469967742,3,11,15,188,181,1,145,0,0,69,0,0,0,16,765682.0,563866.0,201816.0,0.2636,86343.0,620763.0,506565.0,114198.0,0.184,59353.0,API,1020.0
2023-05-01,도봉구,2023,5,1020.0,1561.0,932.0,264304.65084666666,261056.02002666667,2741.8013966666667,506.82942333333335,286260.26378,238627.8520733333,245023.34702333334,278077.01074,118374.62078666667,18699.558166666666,62565.131563333336,37109.93105666667,-33053.66371666667,3,11,15,188,181,1,145,0,0,69,0,0,0,16,765682.0,563866.0,201816.0,0.2636,86343.0,620763.0,506565.0,114198.0,0.184,59353.0,API,1066.0
2023-06-01,도봉구,2023,6,1066.0,1530.0,926.0,262094.19026129032,258907.7265451613,2704.749609677419,481.71410967741934,283978.7402032258,236921.94948387097,243099.17502258063,275662.05829354835,115481.68484516129,18592.86424516129,60977.799154838714,35911.021445161285,-32562.883270967744,3,11,15,188,181,1,145,0,0,69,0,0,0,16,765682.0,563866.0,201816.0,0.2636,86343.0,620763.0,506565.0,114198.0,0.184,59353.0,API,1011.0
2023-07-01,도봉구,2023,7,1011.0,1695.0,1023.0,261455.72571,258288.72598333334,2732.9380666666666,434.06166666666667,283114.03652333334,236704.25132333333,242709.59408666665,274845.81973333337,116050.62324999999,17971.444236666666,62173.58299,35905.59602333334,-32136.225646666666,3,11,15,188,181,1,145,0,0,69,0,0,0,16,765682.0,563866.0,201816.0,0.2636,86343.0,620763.0,506565.0,114198.0,0.184,59353.0,API,1063.0
2023-08-01,도봉구,2023,8,1063.0,1794.0,1072.0,262010.92351290322,258675.60246774193,2823.7587000000003,511.56235483870967,282566.49379677424,238245.7748451613,244029.3980903226,274854.87024193554,110895.53081935484,17569.50648387097,59756.5922,33569.43213548387,-30825.4721516129,3,11,15,188,181,1,145,0,0,69,0,0,0,16,765682.0,563866.0,201816.0,0.2636,86343.0,620763.0,506565.0,114198.0,0.184,59353.0,API,1077.0
2023-09-01,도봉구,2023,9,1077.0,1664.0,977.0,259030.4265032258,255573.76986129032,2772.0480451612907,684.6086096774194,279998.44429677416,234836.12912258063,240775.62042903225,272069.57371290325,109738.8488516129,16554.970041935485,60046.70030645162,33137.178503225805,-31293.95328387097,3,11,15,188,181,1,145,0,0,69,0,0,0,16,765682.0,563866.0,201816.0,0.2636,86343.0,620763.0,506565.0,114198.0,0.184,59353.0,API,995.0
2023-10-01,도봉구,2023,10,995.0,1529.0,995.0,262796.7859266667,259502.76878666665,2828.7257766666667,465.29136666666665,283240.5129533333,239880.22569333334,245590.08623666668,275087.28571666667,115386.93246999999,19807.94222333333,59906.340696666666,35672.649549999995,-29497.199480000003,3,11,15,188,181,1,145,0,0,69,0,0,0,16,765682.0,563866.0,201816.0,0.2636,86343.0,620763.0,506565.0,114198.0,0.184,59353.0,API,1017.0
2023-11-01,도봉구,2023,11,1017.0,1590.0,989.0,260269.95959354838,257065.64613870968,2789.9809161290323,414.3325419354839,281250.2386967742,235812.27923548387,242072.20516129033,273268.3556193548,113877.32574193549,18272.904838709677,60828.433080645154,34775.987822580646,-31196.150458064516,3,11,15,188,181,1,145,0,0,69,0,0,0,16,765682.0,563866.0,201816.0,0.2636,86343.0,620763.0,506565.0,114198.0,0.184,59353.0,API,922.0
2023-12-01,도봉구,2023,12,922.0,1630.0,993.0,261527.59542333332,258211.8317,2916.34744,399.41628000000003,285139.81347000005,236343.70069333335,242113.47550333335,275394.82393666665,117804.9922,20073.20879,61644.96933666666,36086.81407333333,-33281.34843333334,3,11,15,188,181,1,145,0,0,69,0,0,0,16,765682.0,563866.0,201816.0,0.2636,86343.0,620763.0,506565.0,114198.0,0.184,59353.0,API,981.0
2024-01-01,도봉구,2024,1,981.0,1570.0,941.0,268191.65706129035,264438.67727419356,3308.042983870968,444.9368161290323,292249.9336935484,244127.55477096775,249998.17936129033,281186.99827741936,117228.45234516129,21883.170980645158,60539.20918709677,34806.07217741936,-31188.818916129032,3,16,11,159,186,3,132,0,0,44,0,0,0,19,744811.0,560381.0,184430.0,0.2476,95293.0,652218.0,543276.0,108942.0,0.167,75563.0,API,960.0
2024-02-01,도봉구,2024,2,960.0,1345.0,870.0,265450.72611935483,261970.15981935486,3006.6259483870967,473.94035161290327,288049.10252580646,241676.99869354838,247788.36350322582,278066.6994096774,111540.8456967742,20963.539796774192,58184.29592580645,32393.00997419355,-30278.335906451615,3,16,11,159,186,3,132,0,0,44,0,0,0,19,744811.0,560381.0,184430.0,0.2476,95293.0,652218.0,543276.0,108942.0,0.167,75563.0,API,806.0
2024-03-01,도봉구,2024,3,806.0,1597.0,963.0,265125.1414896552,261898.48834482758,2803.128951724138,423.52420344827584,285301.2737586207,241877.14201724136,248388.86274482758,277079.6263241379,115349.64243793103,20884.92965517241,60330.57134827586,34134.14143448276,-28690.763579310347,3,16,11,159,186,3,132,0,0,44,0,0,0,19,744811.0,560381.0,184430.0,0.2476,95293.0,652218.0,543276.0,108942.0,0.167,75563.0,API,793.0
2024-04-01,도봉구,2024,4,793.0,1638.0,1020.0,263234.37637741934,259940.0194612903,2879.74835483871,414.6085580645161,283574.09629032254,239376.5918516129,245547.1531451613,275868.10727419355,114421.4288516129,20228.56901612903,58956.579241935484,35236.280593548385,-30320.954129032256,3,16,11,159,186,3,132,0,0,44,0,0,0,19,744811.0,560381.0,184430.0,0.2476,95293.0,652218.0,543276.0,108942.0,0.167,75563.0,API,791.0
2024-05-01,도봉구,2024,5,791.0,1681.0,1066.0,258189.53396666667,254987.8467566667,2827.4623033333332,374.22491,279640.88502999995,233346.33614666667,239431.7358633333,271587.9611933333,118583.10610666666,18634.554196666668,62272.31589,37676.23602,-32156.22533,3,16,11,159,186,3,132,0,0,44,0,0,0,19,744811.0,560381.0,184430.0,0.2476,95293.0,652218.0,543276.0,108942.0,0.167,75563.0,API,882.0
2024-06-01,도봉구,2024,6,882.0,1650.0,1011.0,256908.61356774194,253713.3852064516,2781.2489774193546,413.97939354838707,277694.14698387095,232852.35277419354,238895.3675,269775.2179032258,104635.43258064517,17714.85284516129,52910.9987967742,34009.580938709674,-30879.850403225802,3,16,11,159,186,3,132,0,0,44,0,0,0,19,744811.0,560381.0,184430.0,0.2476,95293.0,652218.0,543276.0,108942.0,0.167,75563.0,API,864.0
2024-07-01,도봉구,2024,7,864.0,1909.0,1063.0,257642.92499,254416.54057999997,2846.40329,379.98114333333336,277540.24042,234833.44357666664,240536.99083333332,269861.44939666666,105366.31528333334,17718.240583333336,54092.17848333333,33555.89621666667,-29324.458563333326,3,16,11,159,186,3,132,0,0,44,0,0,0,19,744811.0,560381.0,184430.0,0.2476,95293.0,652218.0,543276.0,108942.0,0.167,75563.0,API,864.0
2024-08-01,도봉구,2024,8,864.0,1806.0,1077.0,259354.31373548388,256043.05815806452,2853.099522580645,458.1560548387097,280128.16412903223,235419.9831935484,241067.4561,272416.35491935484,103490.45273548386,17465.16670322581,53168.18725483871,32857.098777419356,-31348.898819354843,3,16,11,159,186,3,132,0,0,44,0,0,0,19,744811.0,560381.0,184430.0,0.2476,95293.0,652218.0,543276.0,108942.0,0.167,75563.0,API,840.0
2024-09-01,도봉구,2024,9,840.0,1692.0,995.0,258751.35119354838,255530.50394838708,2820.0264516129037,400.82079032258065,280503.5882419355,234618.9996935484,240242.482516129,271971.97168064513,104382.55106774194,17211.716374193547,54102.92317419355,33067.91151935484,-31729.48916451613,3,16,11,159,186,3,132,0,0,44,0,0,0,19,744811.0,560381.0,184430.0,0.2476,95293.0,652218.0,543276.0,108942.0,0.167,75563.0,API,737.0
2024-10-01,도봉구,2024,10,737.0,1646.0,1017.0,260939.15654,257632.8876,2886.3718033333334,419.89713333333333,281631.3323633333,237847.34245333335,243582.68172000002,273336.63856,114143.27588666667,19698.789893333334,58983.98757,35460.49842333333,-29753.95684,3,16,11,159,186,3,132,0,0,44,0,0,0,19,744811.0,560381.0,184430.0,0.2476,95293.0,652218.0,543276.0,108942.0,0.167,75563.0,API,699.0
2024-11-01,도봉구,2024,11,699.0,1505.0,922.0,258829.79632580647,255515.45110967744,2919.9129451612903,394.43228387096775,280776.7274935484,233199.0606903226,239727.8581935484,272474.0378516129,110616.43866451613,17946.832958064515,58072.27636451613,34597.32934193548,-32746.179658064517,3,16,11,159,186,3,132,0,0,44,0,0,0,19,744811.0,560381.0,184430.0,0.2476,95293.0,652218.0,543276.0,108942.0,0.167,75563.0,API,695.0
2024-12-01,도봉구,2024,12,695.0,1628.0,981.0,257957.59177666667,254686.69736000002,2915.74489,355.1495233333333,279993.9292233333,232714.99167,238867.96510333335,271593.0393866667,113635.63517333333,18925.79708,58546.89099666666,36162.94709666667,-32725.07428333333,3,16,11,159,186,3,132,0,0,44,0,0,0,19,744811.0,560381.0,184430.0,0.2476,95293.0,652218.0,543276.0,108942.0,0.167,75563.0,API,780.0
2025-01-01,도봉구,2025,1,780.0,1552.0,960.0,259243.3209064516,255762.91517741937,3030.3346967741936,450.0710387096774,280362.7458806451,234725.89721935484,241340.70161612902,272030.90612580645,107503.43243225807,18208.55932580645,55388.87906774194,33905.99403870968,-30690.20450967742,0,22,0,33,185,0,90,6,39,43,19,16,0,2,747224.0,555912.0,191312.0,0.256,85213.0,676952.0,565437.0,111515.0,0.1647,74370.0,API,831.0
2025-02-01,도봉구,2025,2,831.0,1353.0,806.0,263898.5013,260364.75637741937,3053.0576193548386,480.68731612903224,282061.04646451614,242806.63622903227,248334.36611612904,275015.7407193549,106320.19558709678,18784.511812903227,54450.46378387097,33085.21999032258,-26681.374603225802,0,22,0,33,185,0,90,6,39,43,19,16,0,2,747224.0,555912.0,191312.0,0.256,85213.0,676952.0,565437.0,111515.0,0.1647,74370.0,API,647.0
2025-03-01,도봉구,2025,3,647.0,1412.0,793.0,261690.46842142855,258225.80293214283,3045.9301785714283,418.73529285714284,283012.61726428574,236956.695625,242968.95494999998,275062.9780214286,104751.02853214285,16662.554642857143,55293.45567857143,32795.01821071428,-32094.023071428575,0,22,0,33,185,0,90,6,39,43,19,16,0,2,747224.0,555912.0,191312.0,0.256,85213.0,676952.0,565437.0,111515.0,0.1647,74370.0,API,755.0
2025-04-01,도봉구,2025,4,755.0,1397.0,791.0,261044.91568387096,257507.64090645162,3087.4763580645163,449.7984322580645,281921.50375806453,236245.2950967742,242642.5129903226,274189.4890483871,104186.80651612903,17909.820012903227,52754.05543548387,33522.931067741934,-31546.976058064516,0,22,0,33,185,0,90,6,39,43,19,16,0,2,747224.0,555912.0,191312.0,0.256,85213.0,676952.0,565437.0,111515.0,0.1647,74370.0,API,694.0
2025-05-01,도봉구,2025,5,694.0,1547.0,882.0,257594.8491333333,254188.77692,3016.686346666667,389.38587,279991.40815333335,231353.37853666666,237691.6641333333,271811.4098533333,111770.65014,17633.54321,57588.414463333334,36548.69246666667,-34119.74571999999,0,22,0,33,185,0,90,6,39,43,19,16,0,2,747224.0,555912.0,191312.0,0.256,85213.0,676952.0,565437.0,111515.0,0.1647,74370.0,API,755.0
2025-06-01,도봉구,2025,6,755.0,1486.0,864.0,256861.14841935484,253452.01461935486,3015.7264193548385,393.4073774193548,278160.1894451613,231974.0466612903,238446.22018387096,270014.6685870968,107518.35416129032,17746.476596774195,54892.757703225805,34879.119861290324,-31568.448403225808,0,22,0,33,185,0,90,6,39,43,19,16,0,2,747224.0,555912.0,191312.0,0.256,85213.0,676952.0,565437.0,111515.0,0.1647,74370.0,API,773.0
2025-07-01,도봉구,2025,7,773.0,1594.0,864.0,257711.38552666668,254207.79563333333,3034.104623333333,469.48528,278484.92798,234135.86318333333,239939.84991,270405.33953666664,109468.11793666666,17676.60050333333,57245.36990333333,34546.14753,-30465.489626666662,0,22,0,33,185,0,90,6,39,43,19,16,0,2,747224.0,555912.0,191312.0,0.256,85213.0,676952.0,565437.0,111515.0,0.1647,74370.0,API,876.0
2025-08-01,도봉구,2025,8,876.0,1683.0,840.0,255244.28920645162,251834.86665161292,3026.9510064516126,382.4715516129032,277076.12341612903,230896.04411612902,236414.68081612902,268694.00947419356,104944.84459354838,16883.403183870967,55400.15983548387,32661.28157419355,-32279.328658064514,0,22,0,33,185,0,90,6,39,43,19,16,0,2,747224.0,555912.0,191312.0,0.256,85213.0,676952.0,565437.0,111515.0,0.1647,74370.0,API,817.0
2025-09-01,도봉구,2025,9,817.0,1431.0,737.0,254094.41192903224,250723.66016451613,2946.40224516129,424.3495419354839,274704.7821645161,231044.43315806452,236643.26933548387,266559.5138032258,104470.86358387097,16985.102864516128,54995.84191935484,32489.9188,-29916.244467741937,0,22,0,33,185,0,90,6,39,43,19,16,0,2,747224.0,555912.0,191312.0,0.256,85213.0,676952.0,565437.0,111515.0,0.1647,74370.0,API,817.0
2025-10-01,도봉구,2025,10,817.0,1368.0,699.0,254510.37441666666,251119.06553666666,2995.586303333333,395.7225866666667,277081.41976333334,229013.97879666666,235225.71755333335,268285.12932666665,109634.55325333333,18351.27216666667,56848.33404666666,34434.94704,-33059.41177333333,0,22,0,33,185,0,90,6,39,43,19,16,0,2,747224.0,555912.0,191312.0,0.256,85213.0,676952.0,565437.0,111515.0,0.1647,74370.0,API,822.0
2025-11-01,도봉구,2025,11,822.0,1254.0,695.0,254894.01110645162,251375.33035483872,3049.5133741935483,469.1673935483871,277016.11432580644,230697.78028387096,237072.4656032258,267623.68646451615,106150.48463225806,18793.34710967742,53982.96405806452,33374.17346451613,-30551.220861290327,0,22,0,33,185,0,90,6,39,43,19,16,0,2,747224.0,555912.0,191312.0,0.256,85213.0,676952.0,565437.0,111515.0,0.1647,74370.0,API,734.0
2025-12-01,도봉구,2025,12,734.0,1493.0,780.0,254594.52320333335,251072.43081,3077.7074566666665,444.3849266666667,276255.2442933333,229767.66165666666,236125.47233,267786.70240333333,105991.31564,17769.95407666667,54165.236593333335,34056.12497,-31661.23007333333,0,22,0,33,185,0,90,6,39,43,19,16,0,2,747224.0,555912.0,191312.0,0.256,85213.0,676952.0,565437.0,111515.0,0.1647,74370.0,API,820.0
2017-01-01,동대문구,2017,1,,,,,,,,,,,,,,,,,0,44,8,140,2,0,284,0,0,257,0,0,0,43,,,,,,,,,,,API,1133.0
2017-02-01,동대문구,2017,2,1133.0,,,,,,,,,,,,,,,,0,44,8,140,2,0,284,0,0,257,0,0,0,43,,,,,,,,,,,API,924.0
2017-03-01,동대문구,2017,3,924.0,,,,,,,,,,,,,,,,0,44,8,140,2,0,284,0,0,257,0,0,0,43,,,,,,,,,,,API,1082.0
2017-04-01,동대문구,2017,4,1082.0,,,,,,,,,,,,,,,,0,44,8,140,2,0,284,0,0,257,0,0,0,43,,,,,,,,,,,API,1088.0
2017-05-01,동대문구,2017,5,1088.0,,,,,,,,,,,,,,,,0,44,8,140,2,0,284,0,0,257,0,0,0,43,,,,,,,,,,,API,1219.0
2017-06-01,동대문구,2017,6,1219.0,,,,,,,,,,,,,,,,0,44,8,140,2,0,284,0,0,257,0,0,0,43,,,,,,,,,,,API,1279.0
2017-07-01,동대문구,2017,7,1279.0,,,,,,,,,,,,,,,,0,44,8,140,2,0,284,0,0,257,0,0,0,43,,,,,,,,,,,API,1276.0
2017-08-01,동대문구,2017,8,1276.0,,,,,,,,,,,,,,,,0,44,8,140,2,0,284,0,0,257,0,0,0,43,,,,,,,,,,,API,1346.0
2017-09-01,동대문구,2017,9,1346.0,,,,,,,,,,,,,,,,0,44,8,140,2,0,284,0,0,257,0,0,0,43,,,,,,,,,,,API,1202.0
2017-10-01,동대문구,2017,10,1202.0,,,,,,,,,,,,,,,,0,44,8,140,2,0,284,0,0,257,0,0,0,43,,,,,,,,,,,API,1144.0
2017-11-01,동대문구,2017,11,1144.0,,,,,,,,,,,,,,,,0,44,8,140,2,0,284,0,0,257,0,0,0,43,,,,,,,,,,,API,1119.0
2017-12-01,동대문구,2017,12,1119.0,,,,,,,,,,,,,,,,0,44,8,140,2,0,284,0,0,257,0,0,0,43,,,,,,,,,,,API,1218.0
2018-01-01,동대문구,2018,1,1218.0,1724.0,1133.0,,,,,,,,,,,,,,0,80,5,104,4,0,365,0,0,222,0,0,0,31,,,,,,,,,,,API,1258.0
2018-02-01,동대문구,2018,2,1258.0,1436.0,924.0,,,,,,,,,,,,,,0,80,5,104,4,0,365,0,0,222,0,0,0,31,,,,,,,,,,,API,1076.0
2018-03-01,동대문구,2018,3,1076.0,1770.0,1082.0,,,,,,,,,,,,,,0,80,5,104,4,0,365,0,0,222,0,0,0,31,,,,,,,,,,,API,1156.0
2018-04-01,동대문구,2018,4,1156.0,1743.0,1088.0,,,,,,,,,,,,,,0,80,5,104,4,0,365,0,0,222,0,0,0,31,,,,,,,,,,,API,1105.0
2018-05-01,동대문구,2018,5,1105.0,1942.0,1219.0,414345.8346346154,384336.9149115384,26371.939888461537,3636.9798115384615,422758.7916653846,404683.12513846153,413159.5666076923,415193.16894615383,228166.09085,37522.32681153846,90339.32706153845,100304.43697692307,-2033.6023384615435,0,80,5,104,4,0,365,0,0,222,0,0,0,31,,,,,,,,,,,API,1291.0
2018-06-01,동대문구,2018,6,1291.0,2053.0,1279.0,408923.86031290324,379606.8201483871,26110.604296774192,3206.4358806451614,418396.5648548387,398606.08781612903,407768.5915064516,408801.6495774194,221284.45435161292,36800.84437096774,87776.55530967742,96707.05467096774,-1033.0580709677438,0,80,5,104,4,0,365,0,0,222,0,0,0,31,,,,,,,,,,,API,1253.0
2018-07-01,동대문구,2018,7,1253.0,2038.0,1276.0,407178.3029633333,379025.76424333337,25080.23843,3072.300296666667,415887.17515666666,397050.27362666663,406108.6876633333,407942.31389666663,212796.67565000002,35046.324106666674,87095.68821666666,90654.66332666666,-1833.6262333333336,0,80,5,104,4,0,365,0,0,222,0,0,0,31,,,,,,,,,,,API,1325.0
2018-08-01,동대문구,2018,8,1325.0,2067.0,1346.0,390642.5736032258,366944.3446451613,20082.466616129033,3615.7623451612903,400292.0666225807,380669.3144516129,388023.4376709678,392513.38498064515,205833.72524838708,35172.189170967744,84193.46142580645,86468.0746516129,-4489.947309677418,0,80,5,104,4,0,365,0,0,222,0,0,0,31,,,,,,,,,,,API,1276.0
2018-09-01,동대문구,2018,9,1276.0,1959.0,1202.0,388528.6790483871,364268.7942612903,19889.97902580645,4369.905770967742,397403.39696451614,379596.7410870968,385623.52157741936,389725.0882967742,205725.24103870968,35285.59693548387,83415.74750322581,87023.89660000001,-4101.566719354836,0,80,5,104,4,0,365,0,0,222,0,0,0,31,,,,,,,,,,,API,1177.0
2018-10-01,동대문구,2018,10,1177.0,1859.0,1144.0,407719.72181333334,378116.6799033333,25079.27430666667,4523.767613333333,417717.5371133333,397305.0952366667,408518.23778666666,407149.35326,209452.6551433333,40397.461260000004,79640.35969,89414.83419333333,1368.8845266666651,0,80,5,104,4,0,365,0,0,222,0,0,0,31,,,,,,,,,,,API,1164.0
2018-11-01,동대문구,2018,11,1164.0,1686.0,1119.0,413838.9912032258,383990.66879354836,26105.12030967742,3743.2020967741937,422035.0478548387,404716.8070354839,412956.85882258066,413529.5896225807,213924.21410967744,36412.9075,83833.27728064515,93678.02932903226,-572.7308000000006,0,80,5,104,4,0,365,0,0,222,0,0,0,31,,,,,,,,,,,API,1043.0
2018-12-01,동대문구,2018,12,1043.0,1977.0,1218.0,414179.92637000006,384708.34901,25653.050706666665,3818.52665,423509.6095266667,404356.51623666665,414613.7078,413870.0824766667,221939.76661666666,39229.50361666667,85695.58453000001,97014.67847,743.6253233333351,0,80,5,104,4,0,365,0,0,222,0,0,0,31,,,,,,,,,,,API,1242.0
2019-01-01,동대문구,2019,1,1242.0,2034.0,1258.0,410605.50491935486,380697.2791451613,25842.070906451616,4066.1548741935485,417800.3638483871,401140.4696354839,411694.39032903226,409827.72963225807,207689.17631935485,36827.312667741935,81670.23898387096,89191.62466774193,1866.6606967741955,0,58,4,107,4,1,340,0,0,188,0,0,0,10,,,,,,,,,,,API,1070.0
2019-02-01,동대문구,2019,2,1070.0,1761.0,1076.0,396572.15911612904,371439.4367612903,21328.107032258064,3804.615329032258,404109.45378387097,387896.8873580645,396843.5784645161,396378.28816129034,213852.0826645161,37829.59194838709,84554.18052580644,91468.31019032259,465.2903032258093,0,58,4,107,4,1,340,0,0,188,0,0,0,10,,,,,,,,,,,API,939.0
2019-03-01,동대문구,2019,3,939.0,1880.0,1156.0,382543.4248642857,359177.0183071429,19345.85422857143,4020.5523214285713,390427.9847678571,373470.4734285714,383125.59278571425,382127.5906464286,203313.08057142858,38395.884874999996,79494.35285,85422.84284642858,998.0021392857141,0,58,4,107,4,1,340,0,0,188,0,0,0,10,,,,,,,,,,,API,1143.0
2019-04-01,동대문구,2019,4,1143.0,1798.0,1105.0,409290.3112258065,379783.4031709677,25723.653938709675,3783.2541225806453,416893.8477,401499.58212903223,411111.27929032256,407989.6197322581,199374.0156483871,41386.46809354839,72860.12030967743,85127.42724516129,3121.6595580645107,0,58,4,107,4,1,340,0,0,188,0,0,0,10,,,,,,,,,,,API,1126.0
2019-05-01,동대문구,2019,5,1126.0,1951.0,1291.0,403318.27713,374119.97812,25933.33644333333,3264.962566666667,410288.60945000005,395828.72515666665,403158.01334,403432.75128,220496.41025333334,37290.818686666666,86015.35054666667,97190.24102,-274.7379400000015,0,58,4,107,4,1,340,0,0,188,0,0,0,10,,,,,,,,,,,API,1192.0
2019-06-01,동대문구,2019,6,1192.0,1964.0,1253.0,390138.1041709677,361015.3137225807,25876.93701290323,3245.8534322580645,397531.9357612903,381992.7633258065,389132.1458419355,390856.64583870966,197955.30244516127,34619.798106451606,76757.60138387096,86577.9029548387,-1724.4999967741821,0,58,4,107,4,1,340,0,0,188,0,0,0,10,,,,,,,,,,,API,1115.0
2019-07-01,동대문구,2019,7,1115.0,2126.0,1325.0,387382.1482966666,358814.15479999996,25579.497483333333,2988.496013333333,395299.48454333335,378240.43714,386014.51793333335,388359.0271233333,186636.23240666665,32880.336143333334,73815.01224333333,79940.88402,-2344.509189999996,0,58,4,107,4,1,340,0,0,188,0,0,0,10,,,,,,,,,,,API,1167.0
2019-08-01,동대문구,2019,8,1167.0,2118.0,1276.0,366487.5961193548,342568.6124032258,20291.132132258062,3627.8515838709677,375881.42631290323,356812.05058387097,363319.71267096774,368750.37001612905,172110.68821290322,30876.649796774193,67281.00878387097,73953.02963225807,-5430.657345161287,0,58,4,107,4,1,340,0,0,188,0,0,0,10,,,,,,,,,,,API,1249.0
2019-09-01,동대문구,2019,9,1249.0,1869.0,1177.0,376538.0308709678,353421.12136129034,19330.155048387096,3786.754464516129,386435.7294548387,365424.7437548387,372776.5652516129,379224.7920419355,179249.90741290324,32236.47400967742,70946.54480645161,76066.8885967742,-6448.226790322577,0,58,4,107,4,1,340,0,0,188,0,0,0,10,,,,,,,,,,,API,1191.0
2019-10-01,동대문구,2019,10,1191.0,1849.0,1164.0,394805.20173666667,365164.43542666663,25323.199243333333,4317.567053333333,404085.06676333334,384155.6394066667,393875.17394666665,395469.50729,195832.48711000002,39081.679286666666,72376.93030666668,84373.87751666667,-1594.3333433333298,0,58,4,107,4,1,340,0,0,188,0,0,0,10,,,,,,,,,,,API,1156.0
2019-11-01,동대문구,2019,11,1156.0,1693.0,1043.0,398088.5184435484,368820.05703064514,25561.140448387097,3707.320964516129,406463.48112258065,387776.28015967744,396149.2659645161,399473.69879677414,204604.79668064517,35830.02915967742,77629.7747935484,91144.99272741935,-3324.4328322580604,0,58,4,107,4,1,340,0,0,188,0,0,0,10,,,,,,,,,,,API,1085.0
2019-12-01,동대문구,2019,12,1085.0,1953.0,1242.0,401514.94361666666,371739.89495333337,25751.468076666664,4023.5805866666665,410508.6244166667,390483.29213,400187.50581666664,402463.11347333336,198752.41147999998,36385.53785333333,75300.08329,87066.79033666666,-2275.6076566666734,0,58,4,107,4,1,340,0,0,188,0,0,0,10,,,,,,,,,,,API,1119.0
2020-01-01,동대문구,2020,1,1119.0,1702.0,1070.0,399992.17681290326,370279.5662225806,25720.04019354839,3992.570406451613,408782.6157903226,388690.2512967742,398445.2531419355,401097.1222935484,205259.81730645162,37101.66753225806,79503.69308064516,88654.45669354839,-2651.8691516129106,0,28,3,75,3,0,222,0,0,158,0,0,0,26,935118.0,690054.0,245064.0,0.2621,,1580636.0,1208757.0,371879.0,0.2353,,API,1044.0
2020-02-01,동대문구,2020,2,1044.0,1531.0,939.0,381587.7814258064,357586.52593225805,19868.001180645162,4133.254293548387,390649.0247806452,370984.53091290325,378569.0993709677,383743.9828967742,195176.24021612905,36484.760341935485,75398.17078709678,83293.30908709677,-5174.883525806449,0,28,3,75,3,0,222,0,0,158,0,0,0,26,935118.0,690054.0,245064.0,0.2621,,1580636.0,1208757.0,371879.0,0.2353,,API,823.0
2020-03-01,동대문구,2020,3,823.0,1829.0,1143.0,389359.19376896555,363235.5776655172,21302.077096551726,4821.539003448276,397624.89617931034,381115.52298965515,386089.90502068965,391694.4000310345,184445.0256137931,31025.70132413793,75261.37602758622,78157.94826206897,-5604.495010344829,0,28,3,75,3,0,222,0,0,158,0,0,0,26,935118.0,690054.0,245064.0,0.2621,,1580636.0,1208757.0,371879.0,0.2353,,API,682.0
2020-04-01,동대문구,2020,4,682.0,1804.0,1126.0,386170.000616129,358554.1134612903,22444.511906451615,5171.375267741935,393852.5761451613,378416.44912580645,382150.88496774196,389040.7975225806,171078.3279580645,26727.249109677417,73058.22081935484,71292.85802903226,-6889.912554838707,0,28,3,75,3,0,222,0,0,158,0,0,0,26,935118.0,690054.0,245064.0,0.2621,,1580636.0,1208757.0,371879.0,0.2353,,API,756.0
2020-05-01,동대문구,2020,5,756.0,1926.0,1192.0,386799.8954733333,358526.11234000005,24034.92857,4238.854563333333,395978.5352733333,377205.12949,382021.38253666664,390213.11901666666,182138.1996033333,28623.813626666666,77812.63955666666,75701.74642,-8191.736479999994,0,28,3,75,3,0,222,0,0,158,0,0,0,26,935118.0,690054.0,245064.0,0.2621,,1580636.0,1208757.0,371879.0,0.2353,,API,831.0
2020-06-01,동대문구,2020,6,831.0,1778.0,1115.0,384678.44312580646,357462.9427064516,24274.009612903224,2941.4908,393715.2267258064,374702.59585806454,380308.868316129,387799.56798064517,183889.48991935485,29937.997406451614,77843.7659548387,76107.72655806452,-7490.6996645161325,0,28,3,75,3,0,222,0,0,158,0,0,0,26,935118.0,690054.0,245064.0,0.2621,,1580636.0,1208757.0,371879.0,0.2353,,API,896.0
2020-07-01,동대문구,2020,7,896.0,1921.0,1167.0,387065.82355,359044.83736666664,24851.688693333334,3169.29747,397103.0858933333,377148.03175333334,382867.16832,390064.8629966667,188092.93439,30624.934503333334,78413.26510666666,79054.73478,-7197.69467666667,0,28,3,75,3,0,222,0,0,158,0,0,0,26,935118.0,690054.0,245064.0,0.2621,,1580636.0,1208757.0,371879.0,0.2353,,API,1007.0
2020-08-01,동대문구,2020,8,1007.0,1997.0,1249.0,380277.7948516129,353352.4213967742,23138.300867741935,3787.0726032258067,391885.66038387094,369001.2729967742,374916.8315032258,384107.0544032258,181945.3199483871,29473.210196774195,76102.87572903225,76369.23402258064,-9190.222899999999,0,28,3,75,3,0,222,0,0,158,0,0,0,26,935118.0,690054.0,245064.0,0.2621,,1580636.0,1208757.0,371879.0,0.2353,,API,918.0
2020-09-01,동대문구,2020,9,918.0,1902.0,1191.0,378344.1986935484,348573.0128096774,23017.11048387097,6754.075419354838,387500.68233870965,369880.52532580646,374115.18575161294,381364.92222580645,174528.4172451613,27324.62413548387,75149.73388387097,72054.05922580646,-7249.736474193546,0,28,3,75,3,0,222,0,0,158,0,0,0,26,935118.0,690054.0,245064.0,0.2621,,1580636.0,1208757.0,371879.0,0.2353,,API,854.0
2020-10-01,동대문구,2020,10,854.0,1775.0,1156.0,384940.97976666666,353552.8361366667,23037.26399,8350.879646666666,392822.55905333336,377130.66444333334,382590.5537033333,386619.85553,179626.16193,29052.998773333333,74416.19812,76156.96503666668,-4029.301826666668,0,28,3,75,3,0,222,0,0,158,0,0,0,26,935118.0,690054.0,245064.0,0.2621,,1580636.0,1208757.0,371879.0,0.2353,,API,863.0
2020-11-01,동대문구,2020,11,863.0,1734.0,1085.0,377580.40404193546,350557.00349354843,22484.9393,4538.461248387097,387026.3412903226,367911.579183871,374083.04163225804,380078.5200645161,185173.2149387097,31737.28977096774,75605.13538709677,77830.78978064517,-5995.478432258062,0,28,3,75,3,0,222,0,0,158,0,0,0,26,935118.0,690054.0,245064.0,0.2621,,1580636.0,1208757.0,371879.0,0.2353,,API,779.0
2020-12-01,동대문구,2020,12,779.0,1816.0,1119.0,378298.00219,352127.51214999997,22428.87717,3741.6128633333333,386398.9323766667,370336.3816466667,375968.96808,379961.5979766667,186024.85527,30516.641353333333,76093.98417000001,79414.22974666666,-3992.6298966666627,0,28,3,75,3,0,222,0,0,158,0,0,0,26,935118.0,690054.0,245064.0,0.2621,,1580636.0,1208757.0,371879.0,0.2353,,API,739.0
2021-01-01,동대문구,2021,1,739.0,1629.0,1044.0,378669.651316129,350589.63229032257,23081.282303225806,4998.736751612903,384532.0548903226,372534.2392451613,376936.50642903225,379907.61197741935,172738.20522903223,25875.95726451613,74733.7209967742,72128.52696774194,-2971.1055483870946,0,22,1,76,7,1,150,0,0,108,0,0,0,9,925391.0,689936.0,235455.0,0.2544,,1422647.0,1130028.0,292619.0,0.2057,,API,790.0
2021-02-01,동대문구,2021,2,790.0,1418.0,823.0,371142.33971612906,347009.7165225806,21446.202577419353,2686.420616129032,377165.4881483871,363995.26216774195,368733.1761548387,372863.17082903226,174901.43902258066,27108.64204516129,75549.05669354838,72243.74028387097,-4129.994674193544,0,22,1,76,7,1,150,0,0,108,0,0,0,9,925391.0,689936.0,235455.0,0.2544,,1422647.0,1130028.0,292619.0,0.2057,,API,738.0
2021-03-01,동대문구,2021,3,738.0,1281.0,682.0,367491.60354285716,342672.2351607143,21086.58825714286,3732.7801357142857,375047.3274857143,358439.8424142857,364449.13100714283,369664.7982357143,180548.37452142857,30557.792275000003,75273.31725357144,74717.26499285715,-5215.6672285714285,0,22,1,76,7,1,150,0,0,108,0,0,0,9,925391.0,689936.0,235455.0,0.2544,,1422647.0,1130028.0,292619.0,0.2057,,API,796.0
2021-04-01,동대문구,2021,4,796.0,1380.0,756.0,377339.8328225806,350685.2028322581,21937.594432258065,4717.0355709677415,385784.3104451613,368668.5262354839,374113.72487419355,379644.19565806456,184551.32652580645,34565.32227741935,73421.49731612903,76564.50693225807,-5530.4707838709655,0,22,1,76,7,1,150,0,0,108,0,0,0,9,925391.0,689936.0,235455.0,0.2544,,1422647.0,1130028.0,292619.0,0.2057,,API,787.0
2021-05-01,동대문구,2021,5,787.0,1556.0,831.0,375370.04989333334,348818.46674999996,22074.516059999998,4477.06708,385004.4256733333,365298.9842933333,370973.85329,378510.19031000003,191589.67448000002,30256.331376666665,80784.02004,80549.32306333333,-7536.337020000003,0,22,1,76,7,1,150,0,0,108,0,0,0,9,925391.0,689936.0,235455.0,0.2544,,1422647.0,1130028.0,292619.0,0.2057,,API,916.0
2021-06-01,동대문구,2021,6,916.0,1609.0,896.0,371817.9768096774,346445.29107419355,22266.749432258064,3105.9363193548384,381664.3481806452,360832.525383871,366894.07971290324,375335.04617096775,182426.2891387097,29205.706874193547,78031.59600322582,75188.98626129032,-8440.966458064513,0,22,1,76,7,1,150,0,0,108,0,0,0,9,925391.0,689936.0,235455.0,0.2544,,1422647.0,1130028.0,292619.0,0.2057,,API,1029.0
2021-07-01,동대문구,2021,7,1029.0,1741.0,1007.0,370953.90014,344544.5509533333,21993.849646666666,4415.499543333333,381238.4813033333,359805.84068333334,366212.06936,374340.92211,184277.17171666666,29719.725326666667,78174.52994666666,76382.91644333334,-8128.852750000001,0,22,1,76,7,1,150,0,0,108,0,0,0,9,925391.0,689936.0,235455.0,0.2544,,1422647.0,1130028.0,292619.0,0.2057,,API,1038.0
2021-08-01,동대문구,2021,8,1038.0,1793.0,918.0,361108.5152645162,337064.0794096774,21204.13536451613,2840.3004903225806,370555.8320580645,350661.63449354836,356012.6689580645,364748.40547419357,169851.35764193546,27092.963370967744,72180.8701548387,70577.52411612903,-8735.736516129034,0,22,1,76,7,1,150,0,0,108,0,0,0,9,925391.0,689936.0,235455.0,0.2544,,1422647.0,1130028.0,292619.0,0.2057,,API,985.0
2021-09-01,동대문구,2021,9,985.0,1703.0,854.0,362018.2579451613,334904.9404032258,21501.644667741937,5611.672870967742,371384.8851032258,351268.76998064516,356418.8958709677,366017.80230000004,168178.07919999998,27714.20267741936,71726.6326064516,68737.24391612904,-9598.906429032264,0,22,1,76,7,1,150,0,0,108,0,0,0,9,925391.0,689936.0,235455.0,0.2544,,1422647.0,1130028.0,292619.0,0.2057,,API,973.0
2021-10-01,동대문구,2021,10,973.0,1701.0,863.0,369428.63949333335,338459.22882,22215.59043,8753.820249999999,379275.8212033333,358154.1350066667,365096.32944000006,372523.14668,172521.20473333335,31246.373770000002,70837.44936,70437.38160333334,-7426.81724,0,22,1,76,7,1,150,0,0,108,0,0,0,9,925391.0,689936.0,235455.0,0.2544,,1422647.0,1130028.0,292619.0,0.2057,,API,859.0
2021-11-01,동대문구,2021,11,859.0,1560.0,779.0,369100.32861612906,341753.92411935487,22745.57614516129,4600.82835483871,379237.5701483871,356608.284,364322.4325645161,372513.11151612905,172720.83254838712,29181.708806451614,71990.0480935484,71549.0756483871,-8190.678951612905,0,22,1,76,7,1,150,0,0,108,0,0,0,9,925391.0,689936.0,235455.0,0.2544,,1422647.0,1130028.0,292619.0,0.2057,,API,901.0
2021-12-01,동대문구,2021,12,901.0,1417.0,739.0,371678.2596233333,344381.42585999996,23467.8569,3828.9768833333337,382519.54096,359367.15143333335,367842.9430833334,374417.77144000004,183449.28679666668,31751.512143333333,74548.79842333333,77148.97623,-6574.828356666669,0,22,1,76,7,1,150,0,0,108,0,0,0,9,925391.0,689936.0,235455.0,0.2544,,1422647.0,1130028.0,292619.0,0.2057,,API,810.0
2022-01-01,동대문구,2022,1,810.0,1512.0,790.0,371277.7775,343451.19205161295,24021.908267741936,3804.677170967742,381399.88088709675,358887.7694935484,367063.6607677419,374287.86087741936,173591.16082903225,29024.599496774194,71765.94235806451,72800.61897419355,-7224.200109677425,0,10,4,72,8,1,100,0,0,96,0,0,0,14,969877.0,737020.0,232857.0,0.2401,93822.0,1555312.0,1242204.0,313108.0,0.2013,140259.0,API,944.0
2022-02-01,동대문구,2022,2,944.0,1421.0,738.0,363389.08434838714,338278.3644451613,22653.195625806453,2457.524280645161,372817.872,351035.82323225803,359011.2006774193,366516.14412580646,173443.00077419356,30216.53698064516,71168.94648064517,72057.51731290323,-7504.943448387104,0,10,4,72,8,1,100,0,0,96,0,0,0,14,969877.0,737020.0,232857.0,0.2401,93822.0,1555312.0,1242204.0,313108.0,0.2013,140259.0,API,824.0
2022-03-01,동대문구,2022,3,824.0,1512.0,796.0,368926.46593214286,340537.46536071424,22946.964064285716,5442.0365,377593.0354214286,359145.66364642855,364851.7878785714,371836.9502642857,171534.52669642857,30189.535339285714,71264.44133571429,70080.55002142857,-6985.16238571429,0,10,4,72,8,1,100,0,0,96,0,0,0,14,969877.0,737020.0,232857.0,0.2401,93822.0,1555312.0,1242204.0,313108.0,0.2013,140259.0,API,1002.0
2022-04-01,동대문구,2022,4,1002.0,1481.0,787.0,380022.5211419355,349655.68273225805,24114.191141935484,6252.647287096774,388000.19748064515,370651.7164870968,376436.0438516129,382584.29065161286,172382.01802903228,32878.73425806451,69137.70023548386,70365.58353548388,-6148.246800000002,0,10,4,72,8,1,100,0,0,96,0,0,0,14,969877.0,737020.0,232857.0,0.2401,93822.0,1555312.0,1242204.0,313108.0,0.2013,140259.0,API,985.0
2022-05-01,동대문구,2022,5,985.0,1830.0,916.0,373746.54013333336,346014.56710333336,24498.97582666667,3232.9972199999997,384638.93833333335,361058.81113000005,368348.39431999996,377602.3585866667,182851.12284999999,30464.254456666666,75949.93092,76436.93747333334,-9253.964266666675,0,10,4,72,8,1,100,0,0,96,0,0,0,14,969877.0,737020.0,232857.0,0.2401,93822.0,1555312.0,1242204.0,313108.0,0.2013,140259.0,API,1064.0
2022-06-01,동대문구,2022,6,1064.0,1860.0,1029.0,379837.2507516129,350997.8361419355,25301.84768064516,3537.566929032258,390996.3316354839,367833.9548516129,374795.7345354839,383438.33378387097,186442.6302548387,32588.62749032258,75600.78151935483,78253.22124516129,-8642.599248387101,0,10,4,72,8,1,100,0,0,96,0,0,0,14,969877.0,737020.0,232857.0,0.2401,93822.0,1555312.0,1242204.0,313108.0,0.2013,140259.0,API,979.0
2022-07-01,동대문구,2022,7,979.0,1861.0,1038.0,385099.8966733333,354937.18670666666,26129.770656666667,4032.9393166666664,396328.4712566667,372746.2452333334,380575.20474333334,388331.81947333337,184749.08422333334,31261.24939333333,75979.78235333334,77508.05247666666,-7756.614730000001,0,10,4,72,8,1,100,0,0,96,0,0,0,14,969877.0,737020.0,232857.0,0.2401,93822.0,1555312.0,1242204.0,313108.0,0.2013,140259.0,API,1101.0
2022-08-01,동대문구,2022,8,1101.0,1657.0,985.0,366522.40166774194,338916.3749741935,24549.28389032258,3056.7428161290322,378510.5023774193,353215.85416129034,360941.43077096774,370508.8094741936,172502.79896774195,29900.700587096773,70662.97289354839,71939.12548709677,-9567.378703225811,0,10,4,72,8,1,100,0,0,96,0,0,0,14,969877.0,737020.0,232857.0,0.2401,93822.0,1555312.0,1242204.0,313108.0,0.2013,140259.0,API,1198.0
2022-09-01,동대문구,2022,9,1198.0,1729.0,973.0,364245.3660645161,332892.9040483871,24492.33144516129,6860.1305741935485,375369.2720935484,350881.0756290323,357992.1482,368711.9502516129,170010.76463548388,29935.3546,69919.16915806451,70156.24087741935,-10719.802051612907,0,10,4,72,8,1,100,0,0,96,0,0,0,14,969877.0,737020.0,232857.0,0.2401,93822.0,1555312.0,1242204.0,313108.0,0.2013,140259.0,API,1122.0
2022-10-01,동대문구,2022,10,1122.0,1592.0,859.0,375952.71173333336,342179.0997833333,25818.2875,7955.3244466666665,387052.50162,363509.48026333336,372184.39444666664,378644.3669466667,180111.04148666665,36423.15456666667,68588.93497999999,75098.95194,-6459.972500000002,0,10,4,72,8,1,100,0,0,96,0,0,0,14,969877.0,737020.0,232857.0,0.2401,93822.0,1555312.0,1242204.0,313108.0,0.2013,140259.0,API,1115.0
2022-11-01,동대문구,2022,11,1115.0,1611.0,901.0,375005.88040645164,344784.29999354837,26362.865596774194,3858.7148193548387,386316.27352903225,361518.96701935487,370030.2635354839,378559.892467742,173803.41757096775,31267.043851612903,68146.7498516129,74389.62386774193,-8529.628932258056,0,10,4,72,8,1,100,0,0,96,0,0,0,14,969877.0,737020.0,232857.0,0.2401,93822.0,1555312.0,1242204.0,313108.0,0.2013,140259.0,API,1060.0
2022-12-01,동대문구,2022,12,1060.0,1624.0,810.0,379474.80343,348980.7889,27280.99601,3213.018536666667,390539.56697999995,366263.08216,375142.30687000003,382569.4438233333,182176.79873666668,32864.514416666665,70691.86276333334,78620.42155666667,-7427.1369533333345,0,10,4,72,8,1,100,0,0,96,0,0,0,14,969877.0,737020.0,232857.0,0.2401,93822.0,1555312.0,1242204.0,313108.0,0.2013,140259.0,API,1168.0
2023-01-01,동대문구,2023,1,1168.0,1777.0,944.0,381955.73866774194,349498.27245483873,28451.655474193547,4005.8107354838708,392809.78629677417,368199.6017,377662.15709677414,385022.58265161293,173102.38628064518,31353.458867741938,68054.50228709678,73694.42512580646,-7360.425554838709,1,14,13,239,13,22,183,0,0,103,0,0,0,12,907865.0,676666.0,231199.0,0.2547,96372.0,1334374.0,1028459.0,305915.0,0.2293,141074.0,API,1093.0
2023-02-01,동대문구,2023,2,1093.0,1633.0,824.0,362844.3222,335573.0217870968,23837.68624516129,3433.6141677419355,373785.6933290323,349720.7967645161,357857.2854032258,366406.4913451613,165017.72376774193,31320.240512903223,65010.388151612904,68687.0951032258,-8549.20594193549,1,14,13,239,13,22,183,0,0,103,0,0,0,12,907865.0,676666.0,231199.0,0.2547,96372.0,1334374.0,1028459.0,305915.0,0.2293,141074.0,API,945.0
2023-03-01,동대문구,2023,3,945.0,2075.0,1002.0,371093.3462142857,341640.22595714283,24224.279185714287,5228.841071428571,381157.51205,358481.84616071434,366517.8101892857,374361.58623571426,172869.15470714285,34740.06857142857,65169.67725,72959.40888571428,-7843.776046428572,1,14,13,239,13,22,183,0,0,103,0,0,0,12,907865.0,676666.0,231199.0,0.2547,96372.0,1334374.0,1028459.0,305915.0,0.2293,141074.0,API,1065.0
2023-04-01,동대문구,2023,4,1065.0,1868.0,985.0,391189.77743225807,355743.3411709678,28616.579441935486,6829.856822580646,400819.9975548387,379215.4338709677,388198.6548419355,393326.29357096774,178168.05110645163,39493.393774193544,62828.93053548387,75845.7267967742,-5127.638729032261,1,14,13,239,13,22,183,0,0,103,0,0,0,12,907865.0,676666.0,231199.0,0.2547,96372.0,1334374.0,1028459.0,305915.0,0.2293,141074.0,API,1124.0
2023-05-01,동대문구,2023,5,1124.0,1932.0,1064.0,384604.05566666665,352641.97094333335,28820.479613333337,3141.605106666667,395992.4842666667,371197.4966633333,379729.4630966667,388085.90749333333,185472.41148333333,33612.99188666666,72570.81308,79288.60651666667,-8356.444396666664,1,14,13,239,13,22,183,0,0,103,0,0,0,12,907865.0,676666.0,231199.0,0.2547,96372.0,1334374.0,1028459.0,305915.0,0.2293,141074.0,API,1184.0
2023-06-01,동대문구,2023,6,1184.0,1786.0,979.0,382186.70231935487,350521.54563548387,28644.970593548387,3020.1860967741936,393386.73192903225,369525.4101870968,377123.1819516129,385803.5025709678,180835.83996774192,32967.332638709675,70286.71416129032,77581.79316774194,-8680.320619354836,1,14,13,239,13,22,183,0,0,103,0,0,0,12,907865.0,676666.0,231199.0,0.2547,96372.0,1334374.0,1028459.0,305915.0,0.2293,141074.0,API,1110.0
2023-07-01,동대문구,2023,7,1110.0,1929.0,1101.0,378704.33354333334,347765.9622333333,27331.141200000002,3607.230106666667,390696.08305333334,364140.69418333337,373350.46454,382528.52569,177684.70974333334,31791.29001,70005.95868,75887.46105333333,-9178.06115,1,14,13,239,13,22,183,0,0,103,0,0,0,12,907865.0,676666.0,231199.0,0.2547,96372.0,1334374.0,1028459.0,305915.0,0.2293,141074.0,API,1235.0
2023-08-01,동대문구,2023,8,1235.0,2111.0,1198.0,357614.3995935484,333647.8651064516,21087.302832258065,2879.2316548387093,370875.9694193548,342737.6811064516,350730.473616129,362531.4895677419,162649.1787516129,30162.84505806452,64295.78736451613,68190.54632903225,-11801.015951612908,1,14,13,239,13,22,183,0,0,103,0,0,0,12,907865.0,676666.0,231199.0,0.2547,96372.0,1334374.0,1028459.0,305915.0,0.2293,141074.0,API,1270.0
2023-09-01,동대문구,2023,9,1270.0,1981.0,1122.0,354435.8401870968,329810.563616129,21191.295283870968,3433.9813,366992.1376967742,340496.8936870968,347275.9743645161,359550.03007741936,161750.58557741935,30081.231129032258,63907.22208387097,67762.13236451613,-12274.05571290323,1,14,13,239,13,22,183,0,0,103,0,0,0,12,907865.0,676666.0,231199.0,0.2547,96372.0,1334374.0,1028459.0,305915.0,0.2293,141074.0,API,1159.0
2023-10-01,동대문구,2023,10,1159.0,1927.0,1115.0,377072.49670333334,345933.0756666667,26460.700166666666,4678.720883333333,389272.33150666667,363739.9341,372639.8756233333,380238.6546266666,173842.27333333335,36682.461906666664,63950.48672666667,73209.3247,-7598.7790033333295,1,14,13,239,13,22,183,0,0,103,0,0,0,12,907865.0,676666.0,231199.0,0.2547,96372.0,1334374.0,1028459.0,305915.0,0.2293,141074.0,API,1179.0
2023-11-01,동대문구,2023,11,1179.0,1854.0,1060.0,373638.7911129032,344505.3685548387,26546.670187096774,2586.752370967742,386023.6943870968,359730.6226225807,367891.1828096774,377744.22562580643,173000.07682580646,31452.25615483871,67982.13156129033,73565.68910967742,-9853.042816129031,1,14,13,239,13,22,183,0,0,103,0,0,0,12,907865.0,676666.0,231199.0,0.2547,96372.0,1334374.0,1028459.0,305915.0,0.2293,141074.0,API,1040.0
2023-12-01,동대문구,2023,12,1040.0,1998.0,1168.0,381726.4905833333,352032.10039000004,27195.147123333336,2499.243073333333,394491.2244066667,367766.12579333334,376417.7331566667,385518.46019,184632.1615033333,35954.28983,69953.81570666666,78724.05596666667,-9100.727033333325,1,14,13,239,13,22,183,0,0,103,0,0,0,12,907865.0,676666.0,231199.0,0.2547,96372.0,1334374.0,1028459.0,305915.0,0.2293,141074.0,API,1206.0
2024-01-01,동대문구,2024,1,1206.0,1903.0,1093.0,384481.3890451613,352823.53230967745,28706.818270967742,2951.038474193548,400241.7871258065,368573.40892580646,378944.3720774193,388436.4011580645,176873.37492258067,35846.91810967742,67554.58366451613,73471.87314838711,-9492.029080645163,1,17,17,212,10,1,224,0,0,107,0,0,0,10,873123.0,669912.0,203211.0,0.2327,111175.0,1334204.0,1024203.0,310001.0,0.2323,153913.0,API,1100.0
2024-02-01,동대문구,2024,2,1100.0,1681.0,945.0,357859.77872258064,336387.4901419355,19404.269503225805,2068.0190774193547,372572.92512258067,343052.53766774194,352182.3743354839,361915.0675903226,163294.36837741936,33138.054235483876,62029.07763870968,68127.23650322581,-9732.693254838714,1,17,17,212,10,1,224,0,0,107,0,0,0,10,873123.0,669912.0,203211.0,0.2327,111175.0,1334204.0,1024203.0,310001.0,0.2323,153913.0,API,936.0
2024-03-01,동대문구,2024,3,936.0,1906.0,1065.0,351880.3522413793,331149.7101103448,18128.15310344828,2602.4890310344827,363953.7215517242,339456.8315551724,347128.44258965517,355274.57342413795,166468.03957931037,34304.45576206897,62502.22225517242,69661.36156206897,-8146.130834482763,1,17,17,212,10,1,224,0,0,107,0,0,0,10,873123.0,669912.0,203211.0,0.2327,111175.0,1334204.0,1024203.0,310001.0,0.2323,153913.0,API,907.0
2024-04-01,동대문구,2024,4,907.0,1947.0,1124.0,381687.0128096774,352515.65468387096,25361.208141935484,3810.149977419355,392255.0857096774,369997.2806870968,378429.32076451613,384013.9357096774,175432.86978064515,40861.13591290322,60669.16428387097,73902.56958387097,-5584.614945161292,1,17,17,212,10,1,224,0,0,107,0,0,0,10,873123.0,669912.0,203211.0,0.2327,111175.0,1334204.0,1024203.0,310001.0,0.2323,153913.0,API,970.0
2024-05-01,동대문구,2024,5,970.0,2087.0,1184.0,376276.1041833333,348571.2710266666,25249.524976666667,2455.3081866666666,388157.13469,363697.80939666665,371219.81126,379887.74199,185823.94911666668,33022.38247,72610.79525666666,80190.77139,-8667.93073,1,17,17,212,10,1,224,0,0,107,0,0,0,10,873123.0,669912.0,203211.0,0.2327,111175.0,1334204.0,1024203.0,310001.0,0.2323,153913.0,API,994.0
2024-06-01,동대문구,2024,6,994.0,1937.0,1110.0,373820.36731935485,346393.253383871,24888.489241935484,2538.6247,384669.9073935484,362249.14392903226,368969.3228354839,377285.399083871,166775.02292903227,31711.344012903228,61668.9397516129,73394.73916451614,-8316.076248387102,1,17,17,212,10,1,224,0,0,107,0,0,0,10,873123.0,669912.0,203211.0,0.2327,111175.0,1334204.0,1024203.0,310001.0,0.2323,153913.0,API,994.0
2024-07-01,동대문구,2024,7,994.0,2173.0,1235.0,369537.96901,343123.7469033333,23959.509199999997,2454.7129,380921.19397,356614.13436333335,364502.2030366667,373134.9447033333,161785.08943000002,30729.02560666667,60446.4607,70609.60312333333,-8632.74166666667,1,17,17,212,10,1,224,0,0,107,0,0,0,10,873123.0,669912.0,203211.0,0.2327,111175.0,1334204.0,1024203.0,310001.0,0.2323,153913.0,API,1021.0
2024-08-01,동대문구,2024,8,1021.0,2265.0,1270.0,352684.2485967742,331148.6607967742,19058.23517419355,2477.352619354838,364778.70653870964,339027.09556774196,346218.52024516126,357302.62599032256,152163.98957741936,30044.239806451613,56131.77536774194,65987.9744032258,-11084.105745161287,1,17,17,212,10,1,224,0,0,107,0,0,0,10,873123.0,669912.0,203211.0,0.2327,111175.0,1334204.0,1024203.0,310001.0,0.2323,153913.0,API,1070.0
2024-09-01,동대문구,2024,9,1070.0,2049.0,1159.0,347643.37229032256,325964.49332258065,18609.36077419355,3069.5182032258062,359683.68902903225,334287.59286774194,341092.5463,352322.5337258064,150447.12265806453,30460.292574193547,56023.08008709677,63963.74999677419,-11229.987425806448,1,17,17,212,10,1,224,0,0,107,0,0,0,10,873123.0,669912.0,203211.0,0.2327,111175.0,1334204.0,1024203.0,310001.0,0.2323,153913.0,API,853.0
2024-10-01,동대문구,2024,10,853.0,1999.0,1179.0,363558.97940333333,336718.68641333334,23215.70924666667,3624.5837466666667,374255.73471000005,351148.6467766667,359813.34260000003,366234.4342666667,165961.24285666665,36025.33164,59361.69267333333,70574.21854333332,-6421.091666666669,1,17,17,212,10,1,224,0,0,107,0,0,0,10,873123.0,669912.0,203211.0,0.2327,111175.0,1334204.0,1024203.0,310001.0,0.2323,153913.0,API,891.0
2024-11-01,동대문구,2024,11,891.0,1782.0,1040.0,369728.3858774194,343197.1233032258,23595.15813548387,2936.10444516129,380773.70316774194,357288.89868387097,364932.8625967742,373153.7596580645,168704.9801935484,32451.90201935484,62691.67420645161,73561.40396774194,-8220.897061290325,1,17,17,212,10,1,224,0,0,107,0,0,0,10,873123.0,669912.0,203211.0,0.2327,111175.0,1334204.0,1024203.0,310001.0,0.2323,153913.0,API,876.0
2024-12-01,동대문구,2024,12,876.0,1957.0,1206.0,370111.35928000003,343287.2165133333,23801.837603333333,3022.305156666667,381060.15625999996,357201.6060466666,366046.2306633333,373015.02258333337,177915.72615,34362.52692,65495.49578666667,78057.70344333333,-6968.791920000004,1,17,17,212,10,1,224,0,0,107,0,0,0,10,873123.0,669912.0,203211.0,0.2327,111175.0,1334204.0,1024203.0,310001.0,0.2323,153913.0,API,920.0
2025-01-01,동대문구,2025,1,920.0,1780.0,1100.0,366285.71747741936,340021.5963516129,22945.98741612903,3318.1337258064514,375955.6451354839,353366.6585096774,363002.7119741936,368630.72141935484,168837.91218387097,32865.84459677419,63015.25591935484,72956.81166774193,-5628.009445161296,0,20,0,102,5,1,236,10,121,112,35,36,0,52,839482.0,643806.0,195676.0,0.2331,98627.0,1318540.0,1052636.0,265904.0,0.2017,147729.0,API,944.0
2025-02-01,동대문구,2025,2,944.0,1589.0,936.0,343569.43309677416,324290.46548709675,16883.666745161292,2395.3008677419357,352353.5842677419,332177.6723580645,339561.1545967742,346432.48917741934,154386.86367419356,30680.88286451613,58002.49673225806,65703.48407741936,-6871.334580645157,0,20,0,102,5,1,236,10,121,112,35,36,0,52,839482.0,643806.0,195676.0,0.2331,98627.0,1318540.0,1052636.0,265904.0,0.2017,147729.0,API,736.0
2025-03-01,동대문구,2025,3,736.0,1750.0,907.0,351827.5376071428,332162.81466785714,16912.240039285716,2752.482896428571,360396.92380357144,341018.81395,347548.6439,354883.8902678572,160525.61127857142,32675.956396428573,58157.385546428566,69692.26933571429,-7335.246367857141,0,20,0,102,5,1,236,10,121,112,35,36,0,52,839482.0,643806.0,195676.0,0.2331,98627.0,1318540.0,1052636.0,265904.0,0.2017,147729.0,API,884.0
2025-04-01,동대문구,2025,4,884.0,1781.0,970.0,375142.0229129032,348293.2994903226,22889.173199999997,3959.550193548387,383380.57402903226,365077.83282258065,372362.7225709677,377127.2374225806,165208.86247419356,38052.916125806456,55490.74635483871,71665.19999354839,-4764.514851612907,0,20,0,102,5,1,236,10,121,112,35,36,0,52,839482.0,643806.0,195676.0,0.2331,98627.0,1318540.0,1052636.0,265904.0,0.2017,147729.0,API,858.0
2025-05-01,동대문구,2025,5,858.0,1878.0,994.0,372700.49002666667,346779.9743666667,23188.123819999997,2732.3918366666667,382595.70459333336,360972.51855333336,368171.8989166666,375935.19794000004,179236.94341333336,32857.08029666667,66708.90137666666,79670.96174,-7763.299023333338,0,20,0,102,5,1,236,10,121,112,35,36,0,52,839482.0,643806.0,195676.0,0.2331,98627.0,1318540.0,1052636.0,265904.0,0.2017,147729.0,API,908.0
2025-06-01,동대문구,2025,6,908.0,1942.0,994.0,367256.2961870968,342341.1123870968,22553.311858064517,2361.87195483871,378637.08333548385,354337.2741870968,362131.8339838709,370916.6263419355,167315.72841612904,31323.732396774194,62553.29186774194,73438.7041516129,-8784.792358064507,0,20,0,102,5,1,236,10,121,112,35,36,0,52,839482.0,643806.0,195676.0,0.2331,98627.0,1318540.0,1052636.0,265904.0,0.2017,147729.0,API,884.0
2025-07-01,동대문구,2025,7,884.0,2038.0,1021.0,367008.66941333335,342317.10244333337,22003.07473333333,2688.4922500000002,378180.08830999996,354358.2498633333,361895.9497633333,370660.61202666664,167230.33685,30333.55370666667,64439.03614,72457.74700333334,-8764.662263333335,0,20,0,102,5,1,236,10,121,112,35,36,0,52,839482.0,643806.0,195676.0,0.2331,98627.0,1318540.0,1052636.0,265904.0,0.2017,147729.0,API,1010.0
2025-08-01,동대문구,2025,8,1010.0,2133.0,1070.0,350212.1952,330386.89068387094,17179.05645483871,2646.248070967742,363522.58817096776,335847.5867612903,342336.72835483873,355837.5286612903,157196.32527741938,29257.306351612904,59722.69682580645,68216.3221,-13500.800306451612,0,20,0,102,5,1,236,10,121,112,35,36,0,52,839482.0,643806.0,195676.0,0.2331,98627.0,1318540.0,1052636.0,265904.0,0.2017,147729.0,API,958.0
2025-09-01,동대문구,2025,9,958.0,1798.0,853.0,347620.24695161293,327629.7045451613,16961.958783870967,3028.5836258064514,360493.0615516129,333174.9167193548,339887.9807645161,353143.29423870967,155141.98566774194,29381.224435483873,59318.008070967735,66442.75316129033,-13255.313474193548,0,20,0,102,5,1,236,10,121,112,35,36,0,52,839482.0,643806.0,195676.0,0.2331,98627.0,1318540.0,1052636.0,265904.0,0.2017,147729.0,API,1023.0
2025-10-01,동대문구,2025,10,1023.0,1707.0,891.0,371508.6620433333,346132.40039,22038.323743333334,3337.9379,382204.25258000003,359020.13471,365725.97075000004,375639.15582,185376.9357966667,36750.37639333333,74763.54130333333,73863.0181,-9913.18507,0,20,0,102,5,1,236,10,121,112,35,36,0,52,839482.0,643806.0,195676.0,0.2331,98627.0,1318540.0,1052636.0,265904.0,0.2017,147729.0,API,963.0
2025-11-01,동대문구,2025,11,963.0,1696.0,876.0,360898.0639677419,336605.5697806452,21551.635522580644,2740.8586806451613,376208.1231677419,346620.64735483873,353426.7887774193,366234.68911290326,172500.8164419355,30358.370406451613,73380.63308709678,68761.8129483871,-12807.900335483877,0,20,0,102,5,1,236,10,121,112,35,36,0,52,839482.0,643806.0,195676.0,0.2331,98627.0,1318540.0,1052636.0,265904.0,0.2017,147729.0,API,935.0
2025-12-01,동대문구,2025,12,935.0,1798.0,920.0,370601.78095333336,345976.45952333335,22186.051919999998,2439.2695166666667,382616.29688333336,356957.71522,364448.7156966666,374996.82758000004,179202.51041333334,32193.173396666665,74326.36907666667,72682.96793999999,-10548.111883333333,0,20,0,102,5,1,236,10,121,112,35,36,0,52,839482.0,643806.0,195676.0,0.2331,98627.0,1318540.0,1052636.0,265904.0,0.2017,147729.0,API,1027.0
2017-01-01,동작구,2017,1,,,,,,,,,,,,,,,,,0,75,11,77,2,12,223,0,0,203,0,0,0,18,,,,,,,,,,,API,822.0
2017-02-01,동작구,2017,2,822.0,,,,,,,,,,,,,,,,0,75,11,77,2,12,223,0,0,203,0,0,0,18,,,,,,,,,,,API,781.0
2017-03-01,동작구,2017,3,781.0,,,,,,,,,,,,,,,,0,75,11,77,2,12,223,0,0,203,0,0,0,18,,,,,,,,,,,API,836.0
2017-04-01,동작구,2017,4,836.0,,,,,,,,,,,,,,,,0,75,11,77,2,12,223,0,0,203,0,0,0,18,,,,,,,,,,,API,840.0
2017-05-01,동작구,2017,5,840.0,,,,,,,,,,,,,,,,0,75,11,77,2,12,223,0,0,203,0,0,0,18,,,,,,,,,,,API,931.0
2017-06-01,동작구,2017,6,931.0,,,,,,,,,,,,,,,,0,75,11,77,2,12,223,0,0,203,0,0,0,18,,,,,,,,,,,API,936.0
2017-07-01,동작구,2017,7,936.0,,,,,,,,,,,,,,,,0,75,11,77,2,12,223,0,0,203,0,0,0,18,,,,,,,,,,,API,958.0
2017-08-01,동작구,2017,8,958.0,,,,,,,,,,,,,,,,0,75,11,77,2,12,223,0,0,203,0,0,0,18,,,,,,,,,,,API,978.0
2017-09-01,동작구,2017,9,978.0,,,,,,,,,,,,,,,,0,75,11,77,2,12,223,0,0,203,0,0,0,18,,,,,,,,,,,API,948.0
2017-10-01,동작구,2017,10,948.0,,,,,,,,,,,,,,,,0,75,11,77,2,12,223,0,0,203,0,0,0,18,,,,,,,,,,,API,893.0
2017-11-01,동작구,2017,11,893.0,,,,,,,,,,,,,,,,0,75,11,77,2,12,223,0,0,203,0,0,0,18,,,,,,,,,,,API,882.0
2017-12-01,동작구,2017,12,882.0,,,,,,,,,,,,,,,,0,75,11,77,2,12,223,0,0,203,0,0,0,18,,,,,,,,,,,API,1034.0
2018-01-01,동작구,2018,1,1034.0,1241.0,822.0,,,,,,,,,,,,,,0,90,7,88,3,28,158,0,0,178,0,0,0,39,,,,,,,,,,,API,1030.0
2018-02-01,동작구,2018,2,1030.0,1184.0,781.0,,,,,,,,,,,,,,0,90,7,88,3,28,158,0,0,178,0,0,0,39,,,,,,,,,,,API,839.0
2018-03-01,동작구,2018,3,839.0,1282.0,836.0,,,,,,,,,,,,,,0,90,7,88,3,28,158,0,0,178,0,0,0,39,,,,,,,,,,,API,814.0
2018-04-01,동작구,2018,4,814.0,1316.0,840.0,,,,,,,,,,,,,,0,90,7,88,3,28,158,0,0,178,0,0,0,39,,,,,,,,,,,API,864.0
2018-05-01,동작구,2018,5,864.0,1428.0,931.0,434117.5581153846,416305.096926923,16157.381334615386,1655.079873076923,463598.2871653846,401991.1289923077,409614.4860769231,451619.7524384615,204109.96945384613,39009.788957692304,81185.94609615384,83914.23439999999,-42005.266361538466,0,90,7,88,3,28,158,0,0,178,0,0,0,39,,,,,,,,,,,API,979.0
2018-06-01,동작구,2018,6,979.0,1428.0,936.0,430338.15747741936,412211.1076612903,16217.773858064515,1909.2759741935486,461282.5469451613,397008.3387387097,405506.56631612906,447081.1296806451,197251.79486129034,37983.73250967742,78721.28567096774,80546.77668064515,-41574.56336451612,0,90,7,88,3,28,158,0,0,178,0,0,0,39,,,,,,,,,,,API,915.0
2018-07-01,동작구,2018,7,915.0,1486.0,958.0,430853.74719333334,413966.75844666664,15188.48429,1698.5044633333334,460955.00402,397904.2239233333,406093.8381066667,448539.3965466667,183558.33535333336,36260.62066666667,73175.07331333333,74122.64137333333,-42445.55844,0,90,7,88,3,28,158,0,0,178,0,0,0,39,,,,,,,,,,,API,1002.0
2018-08-01,동작구,2018,8,1002.0,1535.0,978.0,423087.24822258065,407589.4331,13624.49050967742,1873.3246096774192,456826.51386129035,386683.9572967742,395271.6236709677,442955.5514709677,181038.87533870968,36667.95834193548,73200.44325806451,71170.47373870967,-47683.9278,0,90,7,88,3,28,158,0,0,178,0,0,0,39,,,,,,,,,,,API,1050.0
2018-09-01,동작구,2018,9,1050.0,1488.0,948.0,421369.8906451613,405739.78132903227,13651.947422580644,1978.161880645161,454228.0968903226,385380.075316129,394202.79974516126,439809.1196580645,184872.9575032258,34931.75579032258,75876.86331612903,74064.3383967742,-45606.31991290323,0,90,7,88,3,28,158,0,0,178,0,0,0,39,,,,,,,,,,,API,901.0
2018-10-01,동작구,2018,10,901.0,1399.0,893.0,428254.28978333337,410175.49724,15445.73231,2633.06025,456749.67016000004,397407.28311333334,405508.66305,444501.16603333334,188839.78054333333,40743.35653,73280.00446,74816.41955333334,-38992.50298333333,0,90,7,88,3,28,158,0,0,178,0,0,0,39,,,,,,,,,,,API,894.0
2018-11-01,동작구,2018,11,894.0,1309.0,882.0,437609.5096967742,419902.3305580645,16009.641916129032,1697.5372258064517,464641.3800645161,404715.2873451613,413166.67967096774,454056.06702258065,192285.47461290323,38176.69250967742,74673.04728064516,79435.73482258065,-40889.387351612895,0,90,7,88,3,28,158,0,0,178,0,0,0,39,,,,,,,,,,,API,907.0
2018-12-01,동작구,2018,12,907.0,1550.0,1034.0,438119.92866,419714.42024,16679.6003,1725.90812,468237.51402,404052.5062566667,414203.27954666666,455203.24947,200734.32269333335,41090.912646666664,76476.25761,83167.15243666667,-40999.96992333334,0,90,7,88,3,28,158,0,0,178,0,0,0,39,,,,,,,,,,,API,1006.0
2019-01-01,동작구,2019,1,1006.0,1581.0,1030.0,435937.9567032258,417673.95382903225,16241.29670967742,2022.7061612903226,462038.08628387103,406629.24570967746,413853.27896774194,451712.7265064516,189331.84131612902,38074.801,75471.55102580645,75785.48929032258,-37859.44753870968,1,26,3,77,3,28,239,0,0,176,0,0,0,14,,,,,,,,,,,API,904.0
2019-02-01,동작구,2019,2,904.0,1312.0,839.0,428400.39415806456,412284.1582322581,14361.2414,1754.9945483870968,458276.20752580644,394221.55663548387,402583.09424838715,446841.32268064516,191760.7292612903,38936.44469354839,77701.10439032258,75123.18017741936,-44258.22843225807,1,26,3,77,3,28,239,0,0,176,0,0,0,14,,,,,,,,,,,API,766.0
2019-03-01,동작구,2019,3,766.0,1259.0,814.0,415985.0151142857,399343.2253,14421.327235714285,2220.4625785714284,444569.093375,385617.2180178571,393503.6621464286,432043.1243892857,184534.2281107143,38097.001150000004,74507.18354642857,71930.04341428571,-38539.462242857146,1,26,3,77,3,28,239,0,0,176,0,0,0,14,,,,,,,,,,,API,807.0
2019-04-01,동작구,2019,4,807.0,1360.0,864.0,437870.5890548387,418294.69435161294,17557.23802580645,2018.656670967742,465234.3091387097,406346.08370967745,414320.5701225806,454692.03114193544,185322.3018451613,40879.74186774194,71745.0666,72697.49337741935,-40371.46101935484,1,26,3,77,3,28,239,0,0,176,0,0,0,14,,,,,,,,,,,API,896.0
2019-05-01,동작구,2019,5,896.0,1469.0,979.0,428482.8616633333,409058.19618,17878.322823333332,1546.3426666666667,457915.12587333337,394936.08875999996,402736.17102,446873.35499333334,198191.98518,37721.80383999999,79399.17246666667,81071.00887333333,-44137.18397333334,1,26,3,77,3,28,239,0,0,176,0,0,0,14,,,,,,,,,,,API,927.0
2019-06-01,동작구,2019,6,927.0,1441.0,915.0,412859.3464548387,393532.3539419355,17678.013722580643,1648.9787967741936,443217.9337580645,379216.4873806451,387417.59460645163,431032.0263612903,181915.04821290323,35375.20334838709,72972.27833548386,73567.56652903226,-43614.431754838704,1,26,3,77,3,28,239,0,0,176,0,0,0,14,,,,,,,,,,,API,917.0
2019-07-01,동작구,2019,7,917.0,1499.0,1002.0,412301.17270666664,393344.07234666665,17373.049489999998,1584.0508933333333,442624.67562666663,378995.8155533334,387325.93546666665,430140.6279033333,171515.19413333334,33110.770853333335,69820.62786666668,68583.79541333333,-42814.692436666664,1,26,3,77,3,28,239,0,0,176,0,0,0,14,,,,,,,,,,,API,949.0
2019-08-01,동작구,2019,8,949.0,1609.0,1050.0,399343.7430096774,382444.5960096774,15278.240006451613,1620.9070161290322,431582.01120967744,362838.09063548385,371620.9437774194,419145.74247096776,158762.37142258065,31799.140306451613,64073.84359677419,62889.387519354845,-47524.798693548386,1,26,3,77,3,28,239,0,0,176,0,0,0,14,,,,,,,,,,,API,966.0
2019-09-01,동작구,2019,9,966.0,1399.0,901.0,408960.4464,391859.02688064513,15211.139874193548,1890.2796483870968,441706.15476451616,372092.66628387093,381382.0794193548,428659.27995483874,165314.09586129032,32711.06168387097,66182.27472580645,66420.7594516129,-47277.20053548387,1,26,3,77,3,28,239,0,0,176,0,0,0,14,,,,,,,,,,,API,939.0
2019-10-01,동작구,2019,10,939.0,1306.0,894.0,418966.69127666665,400027.8147033333,16574.233573333335,2364.6429866666667,448475.46973333333,386250.65518,394544.51410333335,436411.10354333336,179736.36627,39523.39995,67881.72877,72331.23755,-41866.58944,1,26,3,77,3,28,239,0,0,176,0,0,0,14,,,,,,,,,,,API,904.0
2019-11-01,동작구,2019,11,904.0,1332.0,907.0,426797.5885935484,408163.2263096774,17022.64100483871,1611.721258064516,456358.35034354834,390051.35132258065,398803.56341774197,446793.3208532258,187003.40947741934,37614.22395483871,71129.91140645162,78259.27411612903,-47989.75743548387,1,26,3,77,3,28,239,0,0,176,0,0,0,14,,,,,,,,,,,API,882.0
2019-12-01,동작구,2019,12,882.0,1490.0,1006.0,433051.77831666666,413633.71629666665,17841.971706666667,1576.0903033333334,462873.9164066667,397259.1834266667,406289.3439566667,452167.8028633333,184657.36536666667,38301.76521333333,70639.49526,75716.10489333334,-45878.458906666674,1,26,3,77,3,28,239,0,0,176,0,0,0,14,,,,,,,,,,,API,918.0
2020-01-01,동작구,2020,1,918.0,1366.0,904.0,432939.76532903226,413480.2871870968,17627.376422580644,1832.101729032258,461524.7582064516,399508.8078419355,407827.91214838705,450876.8033096774,192765.36100645163,39452.30080967742,75102.45520000001,78210.6049967742,-43048.89116129032,0,23,4,67,13,66,190,0,0,152,0,0,0,9,870363.0,615490.0,254873.0,0.2928,,782269.0,596284.0,185985.0,0.2378,,API,896.0
2020-02-01,동작구,2020,2,896.0,1144.0,766.0,420240.29511935485,402474.13238709676,15716.46449032258,2049.6982612903225,449779.17486774194,386067.2929483871,395142.17776129034,438167.52181290323,184876.9018516129,39166.55132580645,73417.43136129032,72292.91916451613,-43025.344051612905,0,23,4,67,13,66,190,0,0,152,0,0,0,9,870363.0,615490.0,254873.0,0.2928,,782269.0,596284.0,185985.0,0.2378,,API,682.0
2020-03-01,동작구,2020,3,682.0,1286.0,807.0,429841.5825689655,410287.09753793105,16549.8151862069,3004.66984137931,457074.28796551726,397199.2377379311,404989.61044827587,447592.9912413793,175695.26678965517,32234.4205,74500.09465862068,68960.75163103448,-42603.38079310343,0,23,4,67,13,66,190,0,0,152,0,0,0,9,870363.0,615490.0,254873.0,0.2928,,782269.0,596284.0,185985.0,0.2378,,API,689.0
2020-04-01,동작구,2020,4,689.0,1362.0,896.0,428459.7085193548,408343.90443870967,16887.744738709676,3228.0593516129034,454114.93801290327,397528.90033548384,405193.7573580645,445078.24507096777,165046.7076387097,27317.495245161288,73051.29296774193,64677.91942580645,-39884.487712903225,0,23,4,67,13,66,190,0,0,152,0,0,0,9,870363.0,615490.0,254873.0,0.2928,,782269.0,596284.0,185985.0,0.2378,,API,671.0
2020-05-01,동작구,2020,5,671.0,1443.0,927.0,424786.5833033333,405807.40018,16584.600786666666,2394.582336666667,452147.32722000004,391664.80644,400183.68519333337,442360.08195333334,171554.59780333334,29211.491423333333,74499.08859666667,67844.01778333333,-42176.39676,0,23,4,67,13,66,190,0,0,152,0,0,0,9,870363.0,615490.0,254873.0,0.2928,,782269.0,596284.0,185985.0,0.2378,,API,724.0
2020-06-01,동작구,2020,6,724.0,1405.0,917.0,418847.25827419356,400164.97697741934,16473.81648064516,2208.464822580645,446177.1050483871,386878.33436774195,395059.90262903227,435838.2265935484,169585.423216129,31064.192148387097,71629.24780967741,66891.98325806452,-40778.32396451612,0,23,4,67,13,66,190,0,0,152,0,0,0,9,870363.0,615490.0,254873.0,0.2928,,782269.0,596284.0,185985.0,0.2378,,API,779.0
2020-07-01,동작구,2020,7,779.0,1486.0,949.0,414764.06739000004,396066.5416666667,16216.420436666667,2481.1053033333333,444795.032,380937.32725333335,388653.78767333337,433414.2672066667,169851.83828999999,31043.41295,71040.58101000001,67767.84433,-44760.47953333333,0,23,4,67,13,66,190,0,0,152,0,0,0,9,870363.0,615490.0,254873.0,0.2928,,782269.0,596284.0,185985.0,0.2378,,API,852.0
2020-08-01,동작구,2020,8,852.0,1476.0,966.0,412570.3375451613,392412.99594193546,15814.498906451614,4342.842709677419,442850.83948387095,377658.02522258065,386134.0016064516,431453.4346516129,167034.4199064516,31310.696925806453,69069.94819032258,66653.77479032258,-45319.43304516129,0,23,4,67,13,66,190,0,0,152,0,0,0,9,870363.0,615490.0,254873.0,0.2928,,782269.0,596284.0,185985.0,0.2378,,API,789.0
2020-09-01,동작구,2020,9,789.0,1440.0,939.0,407616.8981032258,388274.001883871,15259.618906451613,4083.2773096774195,434724.85970967746,376862.3313645161,384433.7659516129,424176.2782032258,158046.80216774193,27667.80022580645,68095.60118387097,62283.40075806452,-39742.51225161291,0,23,4,67,13,66,190,0,0,152,0,0,0,9,870363.0,615490.0,254873.0,0.2928,,782269.0,596284.0,185985.0,0.2378,,API,617.0
2020-10-01,동작구,2020,10,617.0,1388.0,904.0,406304.33189333335,387658.19081,14798.068943333334,3848.0721466666664,435113.05413,373412.6871033333,381230.23067,424214.40421999997,155854.84141333334,26834.556709999997,67776.38728666666,61243.89741666667,-42984.17355,0,23,4,67,13,66,190,0,0,152,0,0,0,9,870363.0,615490.0,254873.0,0.2928,,782269.0,596284.0,185985.0,0.2378,,API,654.0
2020-11-01,동작구,2020,11,654.0,1364.0,882.0,401127.76333548385,384119.8170967742,14499.186029032258,2508.760216129032,430252.36396451615,366761.83322258067,375928.6449483871,419127.13361935486,162535.8634580645,30762.78611935484,67090.96146129032,64682.11587741935,-43198.488670967745,0,23,4,67,13,66,190,0,0,152,0,0,0,9,870363.0,615490.0,254873.0,0.2928,,782269.0,596284.0,185985.0,0.2378,,API,563.0
2020-12-01,동작구,2020,12,563.0,1379.0,918.0,400867.1356,384502.78971000004,14312.7524,2051.5935,429553.14221333334,367449.2051466667,375645.52822,418882.56945,157003.62125999999,29888.22621333333,62142.79654,64972.59850666667,-43237.04123,0,23,4,67,13,66,190,0,0,152,0,0,0,9,870363.0,615490.0,254873.0,0.2928,,782269.0,596284.0,185985.0,0.2378,,API,563.0
2021-01-01,동작구,2021,1,563.0,1334.0,896.0,400393.5126451613,383490.75430322584,14366.816374193548,2535.9419806451615,424005.2786612903,372182.81233870966,378963.675667742,415700.5390774194,142576.40664516127,24977.004967741934,59411.86597419354,58187.5357032258,-36736.86340967742,0,22,1,48,18,85,133,0,0,104,0,0,0,2,839908.0,592292.0,247616.0,0.2948,,706679.0,547509.0,159170.0,0.2252,,API,596.0
2021-02-01,동작구,2021,2,596.0,1077.0,682.0,399617.5406064516,383889.0333225806,13964.518667741935,1763.9886193548386,422569.2964096774,371136.5155870968,378414.2166354839,414762.7720096774,147959.95960645162,26514.594770967742,61540.16835483871,59905.19648064516,-36348.555374193544,0,22,1,48,18,85,133,0,0,104,0,0,0,2,839908.0,592292.0,247616.0,0.2948,,706679.0,547509.0,159170.0,0.2252,,API,595.0
2021-03-01,동작구,2021,3,595.0,1106.0,689.0,395334.4608178571,378773.3123821429,13829.98500357143,2731.163414285714,421245.6952571428,365226.8369357143,372837.67897142854,411403.59069285716,156044.95818214284,29609.883475000002,62907.09063928572,63527.98406785714,-38565.91172142857,0,22,1,48,18,85,133,0,0,104,0,0,0,2,839908.0,592292.0,247616.0,0.2948,,706679.0,547509.0,159170.0,0.2252,,API,597.0
2021-04-01,동작구,2021,4,597.0,1068.0,671.0,398914.0406193548,381831.76311935484,13873.862393548387,3208.4151,427082.7993903226,366351.4606,374184.93477096775,416577.6876451613,162479.33211612902,31542.445696774193,66537.75860322581,64399.12781612903,-42392.752874193546,0,22,1,48,18,85,133,0,0,104,0,0,0,2,839908.0,592292.0,247616.0,0.2948,,706679.0,547509.0,159170.0,0.2252,,API,696.0
2021-05-01,동작구,2021,5,696.0,1169.0,724.0,395251.3345566666,379291.74703,13867.888743333333,2091.6987766666666,424570.1485966667,360908.33669333335,369375.48316666664,413734.0855333333,171552.45146,30075.444583333334,73555.5376,67921.46927666667,-44358.602366666666,0,22,1,48,18,85,133,0,0,104,0,0,0,2,839908.0,592292.0,247616.0,0.2948,,706679.0,547509.0,159170.0,0.2252,,API,726.0
2021-06-01,동작구,2021,6,726.0,1222.0,779.0,393153.858632258,377442.1570322581,13591.615887096776,2120.0857258064516,421811.9419129032,360296.8200129032,368563.5465032258,410718.36729032255,163931.8201064516,28931.916032258065,70645.01261612904,64354.891458064514,-42154.820787096774,0,22,1,48,18,85,133,0,0,104,0,0,0,2,839908.0,592292.0,247616.0,0.2948,,706679.0,547509.0,159170.0,0.2252,,API,752.0
2021-07-01,동작구,2021,7,752.0,1292.0,852.0,390710.1217666667,374745.93915999995,13275.367446666667,2688.8151666666668,420901.29025666666,356805.32658,364647.1296666667,409326.54470666667,165554.37519666666,29564.55659333333,71426.28609333333,64563.532510000005,-44679.41504,0,22,1,48,18,85,133,0,0,104,0,0,0,2,839908.0,592292.0,247616.0,0.2948,,706679.0,547509.0,159170.0,0.2252,,API,688.0
2021-08-01,동작구,2021,8,688.0,1302.0,789.0,390980.4637516129,375660.2764903226,13162.382558064517,2157.8047193548387,418257.24469354836,360552.88096451614,367602.8786774193,407678.7388096774,159036.91658064516,28075.638448387097,68898.02634193549,62063.25179032258,-40075.86013225807,0,22,1,48,18,85,133,0,0,104,0,0,0,2,839908.0,592292.0,247616.0,0.2948,,706679.0,547509.0,159170.0,0.2252,,API,684.0
2021-09-01,동작구,2021,9,684.0,1051.0,617.0,389942.6302516129,374208.7048451613,13219.354403225807,2514.571009677419,416776.0659,358958.5694580645,366799.48475161294,406473.44846129033,156716.24616451614,27435.88138064516,68375.49539354838,60904.86939032258,-39673.963709677424,0,22,1,48,18,85,133,0,0,104,0,0,0,2,839908.0,592292.0,247616.0,0.2948,,706679.0,547509.0,159170.0,0.2252,,API,670.0
2021-10-01,동작구,2021,10,670.0,1101.0,654.0,389968.7531133333,373603.44348333334,13300.278626666666,3065.0310099999997,417247.87511333334,358571.90332333336,366571.20812333334,406681.2852566667,159831.70009333332,30214.05129,67142.69776666666,62474.951036666665,-40110.07713333333,0,22,1,48,18,85,133,0,0,104,0,0,0,2,839908.0,592292.0,247616.0,0.2948,,706679.0,547509.0,159170.0,0.2252,,API,649.0
2021-11-01,동작구,2021,11,649.0,996.0,563.0,391380.5550290323,375794.90803548385,13296.0767,2289.570293548387,419344.01392903225,358446.5482419355,367201.922,408651.00721935485,159126.64326774195,28993.148148387096,66979.65513225806,63153.83998709678,-41449.08521935484,0,22,1,48,18,85,133,0,0,104,0,0,0,2,839908.0,592292.0,247616.0,0.2948,,706679.0,547509.0,159170.0,0.2252,,API,696.0
2021-12-01,동작구,2021,12,696.0,960.0,563.0,391207.55164,375536.1170166667,13318.756636666665,2352.6779833333335,419454.7539633333,357669.55803,366074.30357000005,409159.87167666666,166158.58300333333,31560.736373333333,68536.0443,66061.80233,-43085.56810666667,0,22,1,48,18,85,133,0,0,104,0,0,0,2,839908.0,592292.0,247616.0,0.2948,,706679.0,547509.0,159170.0,0.2252,,API,632.0
2022-01-01,동작구,2022,1,632.0,999.0,596.0,394658.6825516129,378304.0789645161,13509.163367741934,2845.4402387096775,421585.0011258065,362769.315016129,370435.8760580645,411960.68720322585,158469.78378064517,29410.17273870968,66245.4518,62814.159241935486,-41524.81114516129,0,11,0,60,8,76,115,0,0,90,0,0,0,13,869130.0,625104.0,244026.0,0.2808,86570.0,761982.0,601704.0,160278.0,0.2103,113381.0,API,762.0
2022-02-01,동작구,2022,2,762.0,1014.0,595.0,391617.41598064516,375751.6021935484,13385.195341935485,2480.618441935484,417660.5809483871,360121.64088064514,368173.22044838715,408363.2699225806,158253.12695806453,30855.023216129033,66062.29659032257,61335.8071516129,-40190.04947419355,0,11,0,60,8,76,115,0,0,90,0,0,0,13,869130.0,625104.0,244026.0,0.2808,86570.0,761982.0,601704.0,160278.0,0.2103,113381.0,API,806.0
2022-03-01,동작구,2022,3,806.0,1053.0,597.0,395868.4483321429,378835.97118214285,13411.203182142857,3621.2739857142856,420573.9739964286,366295.06151785713,374071.69619642856,411437.5570107143,156171.09183214285,29335.19355,66033.90971071429,60801.98857142857,-37365.86081428571,0,11,0,60,8,76,115,0,0,90,0,0,0,13,869130.0,625104.0,244026.0,0.2808,86570.0,761982.0,601704.0,160278.0,0.2103,113381.0,API,812.0
2022-04-01,동작구,2022,4,812.0,1156.0,696.0,404818.1586096774,386935.5389322581,13685.3729,4197.246783870967,426635.85844838707,376859.38642258063,384627.3611064516,419240.1568290323,157211.65530322582,32059.25584516129,64044.74999032258,61107.64946774193,-34612.79572258065,0,11,0,60,8,76,115,0,0,90,0,0,0,13,869130.0,625104.0,244026.0,0.2808,86570.0,761982.0,601704.0,160278.0,0.2103,113381.0,API,846.0
2022-05-01,동작구,2022,5,846.0,1269.0,726.0,397872.1080933333,381703.7132733333,13800.524303333334,2367.870516666667,424012.1889433333,364682.00611,373763.29563,415092.68841,164431.16723333334,30947.845726666666,66959.64803333333,66523.67347333333,-41329.392779999995,0,11,0,60,8,76,115,0,0,90,0,0,0,13,869130.0,625104.0,244026.0,0.2808,86570.0,761982.0,601704.0,160278.0,0.2103,113381.0,API,815.0
2022-06-01,동작구,2022,6,815.0,1273.0,752.0,400989.05516451615,384330.54442903225,14204.530329032259,2453.980412903226,429946.4338,365688.2603677419,375238.2317483871,419382.5004516129,166010.96087096774,32615.574709677418,67076.47217741936,66318.91398387097,-44144.2687032258,0,11,0,60,8,76,115,0,0,90,0,0,0,13,869130.0,625104.0,244026.0,0.2808,86570.0,761982.0,601704.0,160278.0,0.2103,113381.0,API,783.0
2022-07-01,동작구,2022,7,783.0,1219.0,688.0,404623.68584000005,387343.7214766667,14622.08356,2657.8808266666665,433402.42784,369349.8419,378907.76724,422992.1991233333,163098.1483,31657.950946666664,66872.06048333333,64568.13687,-44084.43188333333,0,11,0,60,8,76,115,0,0,90,0,0,0,13,869130.0,625104.0,244026.0,0.2808,86570.0,761982.0,601704.0,160278.0,0.2103,113381.0,API,879.0
2022-08-01,동작구,2022,8,879.0,1149.0,684.0,389742.14781935484,373353.5218419355,13942.321435483871,2446.3045677419354,419282.125883871,354543.6591483871,363467.9268870968,408509.4485064516,154583.13336774192,30242.97850967742,64402.31088387097,59937.84397419355,-45041.52161935484,0,11,0,60,8,76,115,0,0,90,0,0,0,13,869130.0,625104.0,244026.0,0.2808,86570.0,761982.0,601704.0,160278.0,0.2103,113381.0,API,969.0
2022-09-01,동작구,2022,9,969.0,1166.0,670.0,385610.8677193548,368371.01565161295,14034.677567741935,3205.174496774194,414188.8609419355,350564.38094193547,359640.6809580645,404161.00112258067,153512.43819032257,29431.215193548385,65268.52227741936,58812.70071935484,-44520.320164516124,0,11,0,60,8,76,115,0,0,90,0,0,0,13,869130.0,625104.0,244026.0,0.2808,86570.0,761982.0,601704.0,160278.0,0.2103,113381.0,API,887.0
2022-10-01,동작구,2022,10,887.0,1111.0,649.0,393924.70920333336,374467.65027,14912.610203333334,4544.448740000001,420353.5488833334,362668.3043166667,370879.36771333334,410385.6674033333,164569.01238333335,36238.821110000004,64625.35298333333,63704.83829,-39506.29969000001,0,11,0,60,8,76,115,0,0,90,0,0,0,13,869130.0,625104.0,244026.0,0.2808,86570.0,761982.0,601704.0,160278.0,0.2103,113381.0,API,917.0
2022-11-01,동작구,2022,11,917.0,1219.0,696.0,394193.88122903224,377227.6956516129,14836.313703225807,2129.8718709677423,421521.9394483871,360732.4446064516,369955.2981,411507.15489999996,161094.7745225806,32085.468383870968,65732.51650967741,63276.78962903226,-41551.8568,0,11,0,60,8,76,115,0,0,90,0,0,0,13,869130.0,625104.0,244026.0,0.2808,86570.0,761982.0,601704.0,160278.0,0.2103,113381.0,API,850.0
2022-12-01,동작구,2022,12,850.0,1240.0,632.0,397918.81971666665,380051.4525033334,15690.688443333334,2176.6787666666664,424601.58506,364986.1056633333,373534.64963666664,415336.08406,168366.99684666668,33421.149373333334,66713.24293666666,68232.60453666667,-41801.43442333333,0,11,0,60,8,76,115,0,0,90,0,0,0,13,869130.0,625104.0,244026.0,0.2808,86570.0,761982.0,601704.0,160278.0,0.2103,113381.0,API,972.0
2023-01-01,동작구,2023,1,972.0,1287.0,762.0,402928.23509032256,383925.1347806452,16569.973751612903,2433.12655483871,430623.60545483866,369947.95665806456,378832.5438709677,420139.44310645165,161947.71901612903,32159.973780645163,65029.79749354839,64757.94774193548,-41306.89923548388,1,16,15,279,50,99,212,0,0,134,0,0,0,12,812080.0,573772.0,238308.0,0.2935,95523.0,632676.0,489195.0,143481.0,0.2268,144601.0,API,839.0
2023-02-01,동작구,2023,2,839.0,1466.0,806.0,392772.87442258064,375940.61562580644,14564.266477419354,2267.992329032258,421117.26362903224,359609.6203193549,368865.6253612903,409849.4809032258,155317.1390129032,32290.825796774196,62554.28905483871,60472.02416129033,-40983.85554193548,1,16,15,279,50,99,212,0,0,134,0,0,0,12,812080.0,573772.0,238308.0,0.2935,95523.0,632676.0,489195.0,143481.0,0.2268,144601.0,API,732.0
2023-03-01,동작구,2023,3,732.0,1912.0,812.0,391629.6126464286,374881.00925714284,14231.874132142857,2516.7292714285713,421384.61636428576,355549.25905,364896.2574571428,410724.8663642857,152285.9513357143,32690.195985714287,59488.26738928571,60107.48796071429,-45828.608907142865,1,16,15,279,50,99,212,0,0,134,0,0,0,12,812080.0,573772.0,238308.0,0.2935,95523.0,632676.0,489195.0,143481.0,0.2268,144601.0,API,797.0
2023-04-01,동작구,2023,4,797.0,1511.0,846.0,400399.91616774193,381400.0905741936,15743.38579032258,3256.4398032258064,428082.2491451613,368281.8750419355,376179.0388322581,417700.54283225804,156275.99224193548,37421.5993516129,56129.794093548386,62724.5987967742,-41521.50399999999,1,16,15,279,50,99,212,0,0,134,0,0,0,12,812080.0,573772.0,238308.0,0.2935,95523.0,632676.0,489195.0,143481.0,0.2268,144601.0,API,915.0
2023-05-01,동작구,2023,5,915.0,1491.0,815.0,394572.9832633333,377188.24393666664,15432.848813333334,1951.8905200000002,421560.27496333333,362411.2123233333,370364.9912433333,411864.4061166666,159249.83695,33680.29714,60329.01213333334,65240.527676666665,-41499.414873333335,1,16,15,279,50,99,212,0,0,134,0,0,0,12,812080.0,573772.0,238308.0,0.2935,95523.0,632676.0,489195.0,143481.0,0.2268,144601.0,API,944.0
2023-06-01,동작구,2023,6,944.0,1422.0,783.0,392331.0569612903,375171.50946451613,15396.940587096775,1762.6069193548387,421176.22727096773,358967.211532258,367473.9810548387,410086.1112,157452.4118483871,32783.72796129032,60554.350877419354,64114.33300967742,-42612.13014516129,1,16,15,279,50,99,212,0,0,134,0,0,0,12,812080.0,573772.0,238308.0,0.2935,95523.0,632676.0,489195.0,143481.0,0.2268,144601.0,API,842.0
2023-07-01,동작구,2023,7,842.0,1549.0,879.0,389342.92839666666,372476.4946533333,14789.196213333335,2077.23753,419344.7097933333,354423.7098333333,362963.6952233333,408185.23781,152809.27377666667,31180.474136666668,60867.590253333336,60761.20938666667,-45221.54258666667,1,16,15,279,50,99,212,0,0,134,0,0,0,12,812080.0,573772.0,238308.0,0.2935,95523.0,632676.0,489195.0,143481.0,0.2268,144601.0,API,931.0
2023-08-01,동작구,2023,8,931.0,1828.0,969.0,381568.1107,366882.03562903224,12755.789474193549,1930.285606451613,412289.74332580646,345091.9871322581,354122.1407032258,401172.3749870968,142668.8697419355,30292.40620967742,56948.5723516129,55427.891180645165,-47050.234283870974,1,16,15,279,50,99,212,0,0,134,0,0,0,12,812080.0,573772.0,238308.0,0.2935,95523.0,632676.0,489195.0,143481.0,0.2268,144601.0,API,953.0
2023-09-01,동작구,2023,9,953.0,1564.0,887.0,376181.4222354838,361767.6505322581,12654.521948387097,1759.2497677419356,406569.8363419355,339513.74620000005,348725.52592580643,395792.77674193546,139052.75310645162,29228.078232258064,55659.66415483871,54165.01071935483,-47067.25081612904,1,16,15,279,50,99,212,0,0,134,0,0,0,12,812080.0,573772.0,238308.0,0.2935,95523.0,632676.0,489195.0,143481.0,0.2268,144601.0,API,881.0
2023-10-01,동작구,2023,10,881.0,1561.0,917.0,383770.39415999997,367339.05333666666,14128.182186666667,2303.1586333333335,410586.2788266667,353534.7386066666,361117.9445633333,399950.71531,150467.75458666668,35994.87782,55328.81907,59144.05769666667,-38832.770746666676,1,16,15,279,50,99,212,0,0,134,0,0,0,12,812080.0,573772.0,238308.0,0.2935,95523.0,632676.0,489195.0,143481.0,0.2268,144601.0,API,875.0
2023-11-01,동작구,2023,11,875.0,1481.0,850.0,381989.6200387097,366319.8568032258,14148.103461290322,1521.6597870967742,409815.9502064516,348843.6317580645,357746.9881870968,399305.7856483871,147121.53241935483,31016.217393548384,56021.3038483871,60084.01117741936,-41558.79746129033,1,16,15,279,50,99,212,0,0,134,0,0,0,12,812080.0,573772.0,238308.0,0.2935,95523.0,632676.0,489195.0,143481.0,0.2268,144601.0,API,822.0
2023-12-01,동작구,2023,12,822.0,1700.0,972.0,385649.6656666667,369499.01731333334,14515.528983333334,1635.1193600000001,414611.19268000004,351697.41125666664,359877.8751266666,404058.08747666667,153220.91213333333,34135.772436666666,56502.02196333333,62583.11773333333,-44180.21235000001,1,16,15,279,50,99,212,0,0,134,0,0,0,12,812080.0,573772.0,238308.0,0.2935,95523.0,632676.0,489195.0,143481.0,0.2268,144601.0,API,904.0
2024-01-01,동작구,2024,1,904.0,1437.0,839.0,390909.91774838715,373390.6627193548,15716.815925806452,1802.4391064516128,419611.60921290325,357956.0424612903,366547.3646322581,408311.74140967743,148293.1505548387,34627.94503225807,54502.44397419355,59162.7615483871,-41764.37677741935,0,8,5,245,11,49,223,0,0,78,0,0,0,36,779487.0,564113.0,215374.0,0.2763,103784.0,631490.0,488837.0,142653.0,0.2259,180211.0,API,850.0
2024-02-01,동작구,2024,2,850.0,1305.0,732.0,377654.5961354839,363820.27871290327,12450.46669032258,1383.8507290322582,410395.4983387097,341023.3077419355,351610.2857935484,396257.6749516129,137859.14116774194,32150.374177419355,52000.685683870965,53708.08130645162,-44647.389158064514,0,8,5,245,11,49,223,0,0,78,0,0,0,36,779487.0,564113.0,215374.0,0.2763,103784.0,631490.0,488837.0,142653.0,0.2259,180211.0,API,734.0
2024-03-01,동작구,2024,3,734.0,1391.0,797.0,376802.99628275866,362727.7277724138,12325.562306896552,1749.7062034482758,407697.70879310346,341288.3076586207,351073.5968137931,395181.13873793103,140985.6295413793,32210.335793103448,53265.845003448274,55509.44874482758,-44107.54192413793,0,8,5,245,11,49,223,0,0,78,0,0,0,36,779487.0,564113.0,215374.0,0.2763,103784.0,631490.0,488837.0,142653.0,0.2259,180211.0,API,707.0
2024-04-01,동작구,2024,4,707.0,1517.0,915.0,394915.02749999997,378245.54757419357,14619.516741935486,2049.9631903225804,424679.6702322581,362474.9886483871,370599.0650516129,412283.57211935485,151478.71938387098,37963.84456129032,53281.11813225807,60233.75669032258,-41684.50706774193,0,8,5,245,11,49,223,0,0,78,0,0,0,36,779487.0,564113.0,215374.0,0.2763,103784.0,631490.0,488837.0,142653.0,0.2259,180211.0,API,733.0
2024-05-01,동작구,2024,5,733.0,1643.0,944.0,389863.7539866667,373782.85011,14496.607406666668,1584.29648,420013.8736733334,356027.74692,364167.17485,408218.4533733333,159151.56455666668,33222.38703666667,60843.13903666667,65086.03848333333,-44051.27852333334,0,8,5,245,11,49,223,0,0,78,0,0,0,36,779487.0,564113.0,215374.0,0.2763,103784.0,631490.0,488837.0,142653.0,0.2259,180211.0,API,748.0
2024-06-01,동작구,2024,6,748.0,1501.0,842.0,388014.14762580645,371890.20265806455,14453.688199999999,1670.2567774193546,416850.18017741933,354237.03599032253,363016.3327322581,405869.72969999997,157019.4894483871,32264.582041935486,61256.97971612903,63497.92769032258,-42853.39696774194,0,8,5,245,11,49,223,0,0,78,0,0,0,36,779487.0,564113.0,215374.0,0.2763,103784.0,631490.0,488837.0,142653.0,0.2259,180211.0,API,765.0
2024-07-01,동작구,2024,7,765.0,1653.0,931.0,385564.91254,369963.68231666664,13983.284723333334,1617.9454966666667,414806.75806333334,351579.0098966667,360384.22583333333,403551.11732666666,154932.50416333333,31895.36684,62145.37099666667,60891.76632666667,-43166.891493333336,0,8,5,245,11,49,223,0,0,78,0,0,0,36,779487.0,564113.0,215374.0,0.2763,103784.0,631490.0,488837.0,142653.0,0.2259,180211.0,API,780.0
2024-08-01,동작구,2024,8,780.0,1649.0,953.0,376860.0450903226,362770.9298903226,12466.570535483872,1622.5446516129032,408272.05197096773,339261.4362,348630.6096129032,397023.927583871,146481.48697096773,30615.881145161293,58414.790519354836,57450.815306451615,-48393.31797096774,0,8,5,245,11,49,223,0,0,78,0,0,0,36,779487.0,564113.0,215374.0,0.2763,103784.0,631490.0,488837.0,142653.0,0.2259,180211.0,API,730.0
2024-09-01,동작구,2024,9,730.0,1616.0,881.0,374781.7600451613,360985.6321354839,12347.027138709676,1449.100777419355,406559.5780322581,338598.2540935484,347811.87817741936,394045.9613967742,146450.68043870968,31384.749112903228,57913.75414516129,57152.17718064516,-46234.08321935484,0,8,5,245,11,49,223,0,0,78,0,0,0,36,779487.0,564113.0,215374.0,0.2763,103784.0,631490.0,488837.0,142653.0,0.2259,180211.0,API,640.0
2024-10-01,동작구,2024,10,640.0,1478.0,875.0,379824.11713666667,364027.02864000003,13664.668673333334,2132.4198433333336,407467.63007666665,349890.71519,357596.7599266667,395700.80085666664,154535.86080666666,36426.47175333333,57323.91107666667,60785.47797666666,-38104.04093,0,8,5,245,11,49,223,0,0,78,0,0,0,36,779487.0,564113.0,215374.0,0.2763,103784.0,631490.0,488837.0,142653.0,0.2259,180211.0,API,672.0
2024-11-01,동작구,2024,11,672.0,1374.0,822.0,385277.94190967747,370036.9774322581,13690.060029032256,1550.9044451612904,413498.8515064516,351493.96535483876,360529.04263225803,402955.7271032258,155360.05341290322,32793.66633870968,59396.72837741936,63169.65869677419,-42426.684470967746,0,8,5,245,11,49,223,0,0,78,0,0,0,36,779487.0,564113.0,215374.0,0.2763,103784.0,631490.0,488837.0,142653.0,0.2259,180211.0,API,652.0
2024-12-01,동작구,2024,12,652.0,1516.0,904.0,384291.6240266666,369181.07199333335,13595.008996666667,1515.54303,413243.39008333336,350186.1390133333,359087.81003,402294.34830333333,161939.56437333336,35370.00454,61100.77237333333,65468.78746,-43206.53827333334,0,8,5,245,11,49,223,0,0,78,0,0,0,36,779487.0,564113.0,215374.0,0.2763,103784.0,631490.0,488837.0,142653.0,0.2259,180211.0,API,725.0
2025-01-01,동작구,2025,1,725.0,1387.0,850.0,384614.98053548386,369209.7927,13549.485570967741,1855.7022612903227,411639.70057096775,352204.8486129032,361376.5486483871,401213.8604483871,155567.9992967742,35087.688390322575,58550.321954838706,61929.988951612904,-39837.3118,0,30,0,79,13,37,270,4,110,65,115,19,0,55,754150.0,544026.0,210124.0,0.2786,92802.0,529405.0,406737.0,122668.0,0.2317,124230.0,API,676.0
2025-02-01,동작구,2025,2,676.0,1233.0,734.0,373752.84446451615,360038.51940322586,12183.916316129033,1530.408764516129,399149.8022064516,342383.85516774195,351649.7973741935,389540.7352387097,145267.6126612903,32397.234683870967,56562.29471935484,56308.083258064515,-37890.93786451613,0,30,0,79,13,37,270,4,110,65,115,19,0,55,754150.0,544026.0,210124.0,0.2786,92802.0,529405.0,406737.0,122668.0,0.2317,124230.0,API,561.0
2025-03-01,동작구,2025,3,561.0,1295.0,707.0,377140.7766892857,363391.9979857143,12142.399628571427,1606.3790785714284,403499.1504142857,342718.10040714283,351967.5673857143,395121.64048928575,148379.32907857143,31427.122235714287,58030.80797142857,58921.39887142857,-43154.073103571434,0,30,0,79,13,37,270,4,110,65,115,19,0,55,754150.0,544026.0,210124.0,0.2786,92802.0,529405.0,406737.0,122668.0,0.2317,124230.0,API,612.0
2025-04-01,동작구,2025,4,612.0,1375.0,733.0,387409.104916129,371897.34905483876,13669.982116129031,1841.7737806451614,412034.5483903226,357500.07308709674,365515.7099645161,403047.24417419353,156768.86571612902,37706.51591935484,57690.49931612903,61371.85048064516,-37531.534209677426,0,30,0,79,13,37,270,4,110,65,115,19,0,55,754150.0,544026.0,210124.0,0.2786,92802.0,529405.0,406737.0,122668.0,0.2317,124230.0,API,592.0
2025-05-01,동작구,2025,5,592.0,1426.0,748.0,384680.4935133333,369631.01791666663,13689.833093333333,1359.6425066666666,410292.28256,353154.29070333333,361123.34455,401507.0284833333,168731.49151,34675.814626666666,65261.98401666667,68793.69286666666,-40383.68393333334,0,30,0,79,13,37,270,4,110,65,115,19,0,55,754150.0,544026.0,210124.0,0.2786,92802.0,529405.0,406737.0,122668.0,0.2317,124230.0,API,620.0
2025-06-01,동작구,2025,6,620.0,1403.0,765.0,379286.42583870963,364522.68905483873,13348.35019032258,1415.3866064516128,404799.7519322581,349092.5976612903,357367.73109032254,394942.6363935484,157184.99403225808,33452.85183870968,59585.67682903226,64146.46536451612,-37574.9053032258,0,30,0,79,13,37,270,4,110,65,115,19,0,55,754150.0,544026.0,210124.0,0.2786,92802.0,529405.0,406737.0,122668.0,0.2317,124230.0,API,626.0
2025-07-01,동작구,2025,7,626.0,1513.0,780.0,379863.0944033333,365252.5632533334,13292.357179999999,1318.17398,405572.91522333334,349594.8124433333,357437.4246166666,395881.42997,158974.90984333336,31902.40999,63067.179860000004,64005.31999333333,-38444.005353333334,0,30,0,79,13,37,270,4,110,65,115,19,0,55,754150.0,544026.0,210124.0,0.2786,92802.0,529405.0,406737.0,122668.0,0.2317,124230.0,API,687.0
2025-08-01,동작구,2025,8,687.0,1654.0,730.0,370002.476116129,356556.2717483871,12073.093932258065,1373.1104612903225,400114.88385483867,333960.8557677419,343099.1408483871,389219.14417419356,151279.61636451614,30121.854570967742,60991.674116129034,60166.08767741935,-46120.00332580645,0,30,0,79,13,37,270,4,110,65,115,19,0,55,754150.0,544026.0,210124.0,0.2786,92802.0,529405.0,406737.0,122668.0,0.2317,124230.0,API,713.0
2025-09-01,동작구,2025,9,713.0,1310.0,640.0,366864.15289032256,353655.4005483871,11918.142712903225,1290.609641935484,395422.8127516129,333614.81861290324,342322.16675161285,384394.1430032258,149979.89105483872,29921.284377419357,61032.75176451613,59025.854912903225,-42071.9762516129,0,30,0,79,13,37,270,4,110,65,115,19,0,55,754150.0,544026.0,210124.0,0.2786,92802.0,529405.0,406737.0,122668.0,0.2317,124230.0,API,717.0
2025-10-01,동작구,2025,10,717.0,1316.0,672.0,382720.06953,367847.7002566667,13188.558403333333,1683.81088,409295.87925666664,351925.8109433333,359659.4690966667,399191.9269933333,168832.29612333333,38574.70207,62669.29269333334,67588.30136,-39532.45789666667,0,30,0,79,13,37,270,4,110,65,115,19,0,55,754150.0,544026.0,210124.0,0.2786,92802.0,529405.0,406737.0,122668.0,0.2317,124230.0,API,647.0
2025-11-01,동작구,2025,11,647.0,1225.0,652.0,370117.3469645161,355522.2591354839,13026.768848387097,1568.3189935483872,395682.3792580645,340178.2463516129,348717.71679032256,385402.79709354835,155300.30074193547,33211.62237419355,60062.42637096774,62026.2519967742,-36685.08030322582,0,30,0,79,13,37,270,4,110,65,115,19,0,55,754150.0,544026.0,210124.0,0.2786,92802.0,529405.0,406737.0,122668.0,0.2317,124230.0,API,732.0
2025-12-01,동작구,2025,12,732.0,1448.0,725.0,379531.98406,364913.57646,13230.92712,1387.4804666666666,405678.87317,347759.59276333335,356267.91272333334,396149.17788000003,160017.16726000002,34287.075366666664,61532.347806666665,64197.744086666666,-39881.26515666667,0,30,0,79,13,37,270,4,110,65,115,19,0,55,754150.0,544026.0,210124.0,0.2786,92802.0,529405.0,406737.0,122668.0,0.2317,124230.0,API,766.0
2017-01-01,마포구,2017,1,,,,,,,,,,,,,,,,,0,119,5,160,1,122,311,0,0,290,0,0,1,24,,,,,,,,,,,API,1404.0
2017-02-01,마포구,2017,2,1404.0,,,,,,,,,,,,,,,,0,119,5,160,1,122,311,0,0,290,0,0,1,24,,,,,,,,,,,API,1110.0
2017-03-01,마포구,2017,3,1110.0,,,,,,,,,,,,,,,,0,119,5,160,1,122,311,0,0,290,0,0,1,24,,,,,,,,,,,API,1351.0
2017-04-01,마포구,2017,4,1351.0,,,,,,,,,,,,,,,,0,119,5,160,1,122,311,0,0,290,0,0,1,24,,,,,,,,,,,API,1372.0
2017-05-01,마포구,2017,5,1372.0,,,,,,,,,,,,,,,,0,119,5,160,1,122,311,0,0,290,0,0,1,24,,,,,,,,,,,API,1479.0
2017-06-01,마포구,2017,6,1479.0,,,,,,,,,,,,,,,,0,119,5,160,1,122,311,0,0,290,0,0,1,24,,,,,,,,,,,API,1535.0
2017-07-01,마포구,2017,7,1535.0,,,,,,,,,,,,,,,,0,119,5,160,1,122,311,0,0,290,0,0,1,24,,,,,,,,,,,API,1585.0
2017-08-01,마포구,2017,8,1585.0,,,,,,,,,,,,,,,,0,119,5,160,1,122,311,0,0,290,0,0,1,24,,,,,,,,,,,API,1540.0
2017-09-01,마포구,2017,9,1540.0,,,,,,,,,,,,,,,,0,119,5,160,1,122,311,0,0,290,0,0,1,24,,,,,,,,,,,API,1440.0
2017-10-01,마포구,2017,10,1440.0,,,,,,,,,,,,,,,,0,119,5,160,1,122,311,0,0,290,0,0,1,24,,,,,,,,,,,API,1472.0
2017-11-01,마포구,2017,11,1472.0,,,,,,,,,,,,,,,,0,119,5,160,1,122,311,0,0,290,0,0,1,24,,,,,,,,,,,API,1366.0
2017-12-01,마포구,2017,12,1366.0,,,,,,,,,,,,,,,,0,119,5,160,1,122,311,0,0,290,0,0,1,24,,,,,,,,,,,API,1631.0
2018-01-01,마포구,2018,1,1631.0,2257.0,1404.0,,,,,,,,,,,,,,0,111,2,201,0,128,533,0,0,258,0,0,0,26,,,,,,,,,,,API,1524.0
2018-02-01,마포구,2018,2,1524.0,1868.0,1110.0,,,,,,,,,,,,,,0,111,2,201,0,128,533,0,0,258,0,0,0,26,,,,,,,,,,,API,1334.0
2018-03-01,마포구,2018,3,1334.0,2181.0,1351.0,,,,,,,,,,,,,,0,111,2,201,0,128,533,0,0,258,0,0,0,26,,,,,,,,,,,API,1399.0
2018-04-01,마포구,2018,4,1399.0,2202.0,1372.0,,,,,,,,,,,,,,0,111,2,201,0,128,533,0,0,258,0,0,0,26,,,,,,,,,,,API,1386.0
2018-05-01,마포구,2018,5,1386.0,2359.0,1479.0,515256.59599615383,476705.4302346154,22176.32784230769,16374.83791923077,555929.976,472556.87102692307,535386.4043961539,500878.1614269231,306920.67378461536,74626.23067692308,87546.68426153847,144747.75884615385,34508.24296923078,0,111,2,201,0,128,533,0,0,258,0,0,0,26,,,,,,,,,,,API,1590.0
2018-06-01,마포구,2018,6,1590.0,2461.0,1535.0,515530.691883871,476555.51451290323,21770.150667741935,17205.02671935484,562354.9746129032,469965.7774451613,536120.9336419355,499577.9299903226,301551.6159645162,76075.45745483872,83329.36575806452,142146.7927516129,36543.003651612904,0,111,2,201,0,128,533,0,0,258,0,0,0,26,,,,,,,,,,,API,1561.0
2018-07-01,마포구,2018,7,1561.0,2563.0,1585.0,509126.5617266667,472519.91954333335,21193.671433333333,15412.97076,551483.1974599999,467499.2692833334,528479.4713566668,495303.05486,282495.39116666664,70565.52666,79688.48535666666,132241.37915,33176.41649666668,0,111,2,201,0,128,533,0,0,258,0,0,0,26,,,,,,,,,,,API,1576.0
2018-08-01,마포구,2018,8,1576.0,2438.0,1540.0,508272.53102258063,472118.3937516129,19996.760929032258,16157.37635483871,551238.046916129,466038.41558709677,529993.1190193548,492757.82532580645,287667.0114193548,74221.31727096775,79416.42925483872,134029.2648935484,37235.29369354838,0,111,2,201,0,128,533,0,0,258,0,0,0,26,,,,,,,,,,,API,1555.0
2018-09-01,마포구,2018,9,1555.0,2367.0,1440.0,510982.4899967742,473124.4607032258,20914.392561290322,16943.636722580646,553716.457816129,470985.3438935484,532029.1240903225,494769.4209096774,297305.84965483873,75167.05357741936,82782.69810000001,139356.09797741935,37259.70318064517,0,111,2,201,0,128,533,0,0,258,0,0,0,26,,,,,,,,,,,API,1499.0
2018-10-01,마포구,2018,10,1499.0,2369.0,1472.0,509572.0474433333,470568.0700033333,22125.571896666668,16878.40557,551644.36627,470424.57857,528505.8173033333,496047.92613,285014.3499866667,73379.95861333334,78327.71907,133306.67230333333,32457.891173333333,0,111,2,201,0,128,533,0,0,258,0,0,0,26,,,,,,,,,,,API,1446.0
2018-11-01,마포구,2018,11,1446.0,2236.0,1366.0,527087.0134870968,484980.21338387096,22470.102422580643,19636.69769032258,570164.8612129032,484561.3347354839,550697.0315612903,509040.7079129032,306760.178816129,76574.93831612903,87164.65722258064,143020.58327741935,41656.32364838709,0,111,2,201,0,128,533,0,0,258,0,0,0,26,,,,,,,,,,,API,1349.0
2018-12-01,마포구,2018,12,1349.0,2603.0,1631.0,515546.3666133333,474389.914,21962.749073333332,19193.703540000002,565433.3075566667,468637.9851466667,534874.9444033334,501740.2396166667,309819.4597333333,76465.73023,91032.37840999999,142321.35109333333,33134.70478666666,0,111,2,201,0,128,533,0,0,258,0,0,0,26,,,,,,,,,,,API,1560.0
2019-01-01,마포구,2019,1,1560.0,2468.0,1524.0,517916.26689677424,475690.56645806454,22717.461638709676,19508.238806451616,557980.9823129033,481130.8747677419,536647.8991354839,504536.52957741934,287416.0579870968,73354.88111290323,83532.4514483871,130528.72542580645,32111.369558064507,0,48,2,135,0,142,297,0,0,184,0,0,0,12,,,,,,,,,,,API,1261.0
2019-02-01,마포구,2019,2,1261.0,2218.0,1334.0,517903.18922580645,476778.50573870965,21826.57932580645,19298.104158064514,557426.5109096774,478412.1782,540743.0041709677,501589.03570967744,308417.8718129032,77590.60078709677,90937.35665806451,139889.91436774193,39153.96846129033,0,48,2,135,0,142,297,0,0,184,0,0,0,12,,,,,,,,,,,API,1183.0
2019-03-01,마포구,2019,3,1183.0,2206.0,1399.0,496943.64326071425,459143.27204999997,21340.565392857145,16459.805803571428,536356.2026321428,458397.72372857144,518633.04886428575,481451.21067500004,292322.96492500004,75379.28621428572,86156.26681785715,130787.41189285714,37181.838189285714,0,48,2,135,0,142,297,0,0,184,0,0,0,12,,,,,,,,,,,API,1322.0
2019-04-01,마포구,2019,4,1322.0,2220.0,1386.0,517832.2598580645,476679.59177096776,24011.68690967742,17140.981187096775,557363.1795096775,479794.8960290323,538995.7062096774,502715.5124709678,277746.1787516129,71482.47396129032,79851.19345806452,126412.51133225806,36280.19373870967,0,48,2,135,0,142,297,0,0,184,0,0,0,12,,,,,,,,,,,API,1357.0
2019-05-01,마포구,2019,5,1357.0,2465.0,1590.0,510536.6854633333,468264.6008266667,23790.24269333333,18481.841963333332,544356.93434,474411.0374433333,531575.1546566667,495509.2074733333,306777.77816333337,72644.76760333333,91680.71354,142452.29702,36065.94718333333,0,48,2,135,0,142,297,0,0,184,0,0,0,12,,,,,,,,,,,API,1482.0
2019-06-01,마포구,2019,6,1482.0,2716.0,1561.0,502578.1694612903,460622.8842322581,23692.441203225804,18262.84402580645,540633.5592516129,464712.19229032256,523475.648,487651.39910645166,284970.77477419353,70212.05530967742,83834.54319032257,130924.17627419354,35824.24889354838,0,48,2,135,0,142,297,0,0,184,0,0,0,12,,,,,,,,,,,API,1448.0
2019-07-01,마포구,2019,7,1448.0,2777.0,1576.0,502247.95926,461004.11756333336,24604.788826666667,16639.05287666667,540216.11352,465901.29275,520530.8527766667,489188.7496,274103.22519666667,66426.82819333333,82719.96625333333,124956.43075,31342.10317666667,0,48,2,135,0,142,297,0,0,184,0,0,0,12,,,,,,,,,,,API,1500.0
2019-08-01,마포구,2019,8,1500.0,2596.0,1555.0,493460.7614516129,454977.70532903227,22166.661632258067,16316.394493548387,534044.4681645161,454753.9844419355,515519.2525580645,477704.69638387096,265135.532783871,67743.13397419355,76881.31550645162,120511.08330322581,37814.556174193545,0,48,2,135,0,142,297,0,0,184,0,0,0,12,,,,,,,,,,,API,1585.0
2019-09-01,마포구,2019,9,1585.0,2359.0,1499.0,509402.0745451613,470182.5909225807,22982.583712903226,16236.899912903225,550105.031516129,470958.4082064516,530283.8284387097,494486.5360451613,277665.54489677417,71338.4965483871,80705.73287096774,125621.31547741935,35797.292393548385,0,48,2,135,0,142,297,0,0,184,0,0,0,12,,,,,,,,,,,API,1403.0
2019-10-01,마포구,2019,10,1403.0,2306.0,1446.0,512458.7822933334,470138.10817333334,25197.653113333334,17123.02099,551160.6514399999,475139.89709,532770.8980466666,497950.12817333336,288164.91589666664,73588.69574666666,83398.97627666667,131177.24387333333,34820.76987333333,0,48,2,135,0,142,297,0,0,184,0,0,0,12,,,,,,,,,,,API,1493.0
2019-11-01,마포구,2019,11,1493.0,2152.0,1349.0,526124.4036241935,480225.6143467742,24877.926224193547,21020.863062903223,565830.0529854839,485822.2126354839,553572.6523854838,506518.511666129,310201.0525741935,77716.61947903226,86986.51424032258,145497.91885483873,47054.140719354844,0,48,2,135,0,142,297,0,0,184,0,0,0,12,,,,,,,,,,,API,1352.0
2019-12-01,마포구,2019,12,1352.0,2421.0,1560.0,524695.57813,478519.3203166667,24391.72008,21784.537733333334,564945.8418966667,483845.4628433333,549112.8081,507254.69958,302135.6908466667,77348.46972333334,84941.22658,139845.99454333333,41858.108519999994,0,48,2,135,0,142,297,0,0,184,0,0,0,12,,,,,,,,,,,API,1480.0
2020-01-01,마포구,2020,1,1480.0,2053.0,1261.0,524006.2726354839,478766.5673096774,24012.485470967742,21227.219848387096,566585.0853032258,483284.7200806452,546519.9731935484,507925.0579387097,311322.63736774196,80081.53285806451,88270.42309032257,142970.68141935483,38594.91525483871,0,74,5,194,3,242,246,0,0,203,0,0,0,18,748423.0,488717.0,259706.0,0.347,,151942.0,103781.0,48161.0,0.317,,API,1294.0
2020-02-01,마포구,2020,2,1294.0,1919.0,1183.0,503148.6319580645,462674.6074419355,21042.60230967742,19431.42221612903,543223.7487258064,464738.25016774196,525088.774883871,487477.1012935484,296953.469032258,76717.2280967742,85631.85817741936,134604.38275806452,37611.67359032258,0,74,5,194,3,242,246,0,0,203,0,0,0,18,748423.0,488717.0,259706.0,0.347,,151942.0,103781.0,48161.0,0.317,,API,1113.0
2020-03-01,마포구,2020,3,1113.0,2115.0,1322.0,508320.3476965517,469171.53390000004,21694.183255172415,17454.630531034483,543712.8986655172,474117.1563689655,530630.9909137931,492384.17396551726,285792.61708275863,69297.27965517242,85964.40761034483,130530.92981724137,38246.81694827586,0,74,5,194,3,242,246,0,0,203,0,0,0,18,748423.0,488717.0,259706.0,0.347,,151942.0,103781.0,48161.0,0.317,,API,967.0
2020-04-01,마포구,2020,4,967.0,2237.0,1357.0,486044.69413225807,458647.0347096774,20784.330583870968,6613.328835483871,517371.82017741934,456521.3261451613,506116.5119032258,471707.6814483871,263766.6509419355,59623.40332258065,84796.49911612904,119346.74850322581,34408.83045483871,0,74,5,194,3,242,246,0,0,203,0,0,0,18,748423.0,488717.0,259706.0,0.347,,151942.0,103781.0,48161.0,0.317,,API,1023.0
2020-05-01,마포구,2020,5,1023.0,2488.0,1482.0,483431.96081,458954.90602,21067.782133333334,3409.2726466666663,517679.10817,452847.8681866667,502981.56725666666,469467.95620666665,278727.59762333333,64128.45260333333,88765.45584,125833.68918,33513.61104999999,0,74,5,194,3,242,246,0,0,203,0,0,0,18,748423.0,488717.0,259706.0,0.347,,151942.0,103781.0,48161.0,0.317,,API,1106.0
2020-06-01,마포구,2020,6,1106.0,2300.0,1448.0,477526.67433548387,452945.78367419355,21239.575593548387,3341.315070967742,510304.7602967742,448323.55803225806,496434.1594741936,464021.32782580645,274365.5756096774,63186.5987483871,87475.08061290321,123703.8962483871,32412.8316483871,0,74,5,194,3,242,246,0,0,203,0,0,0,18,748423.0,488717.0,259706.0,0.347,,151942.0,103781.0,48161.0,0.317,,API,1099.0
2020-07-01,마포구,2020,7,1099.0,2492.0,1500.0,488947.07494333334,458107.75619,21395.104633333332,9444.214123333333,523290.5405666667,457118.47592,509564.73199666664,474220.1770466667,284198.40727333335,66579.54828333334,87666.76230333332,129952.09668666666,35344.55495,0,74,5,194,3,242,246,0,0,203,0,0,0,18,748423.0,488717.0,259706.0,0.347,,151942.0,103781.0,48161.0,0.317,,API,1271.0
2020-08-01,마포구,2020,8,1271.0,2588.0,1585.0,488308.1176,459522.9228258064,21311.652122580646,7473.542670967742,526126.9291354838,454395.962832258,509842.1417774193,472926.6717741935,286437.49033548386,68685.42516129033,86417.23791612903,131334.82725806453,36915.47000322581,0,74,5,194,3,242,246,0,0,203,0,0,0,18,748423.0,488717.0,259706.0,0.347,,151942.0,103781.0,48161.0,0.317,,API,1213.0
2020-09-01,마포구,2020,9,1213.0,2282.0,1403.0,476517.4833354839,448162.2133387097,21001.43757419355,7353.832403225806,507018.83818387095,448525.7143774194,494994.89438709675,463319.332583871,266795.64152903226,61708.066687096776,85507.2218967742,119580.3529451613,31675.561803225806,0,74,5,194,3,242,246,0,0,203,0,0,0,18,748423.0,488717.0,259706.0,0.347,,151942.0,103781.0,48161.0,0.317,,API,1026.0
2020-10-01,마포구,2020,10,1026.0,2385.0,1493.0,475710.40766333335,447718.3771733333,20766.04795666667,7225.982536666666,505318.70399666665,448617.8686066667,495010.8154733333,461924.40208333335,262993.33464333334,59134.76663333333,84197.22939666666,119661.33861333334,33086.41339000001,0,74,5,194,3,242,246,0,0,203,0,0,0,18,748423.0,488717.0,259706.0,0.347,,151942.0,103781.0,48161.0,0.317,,API,1101.0
2020-11-01,마포구,2020,11,1101.0,2176.0,1352.0,473218.43381935486,447532.6599419355,20516.173335483873,5169.600548387097,506668.2112193549,442674.56922580645,491551.47663548385,460123.4032516129,276969.25297419354,66453.34455806452,85055.95958064515,125459.94883548387,31428.073383870964,0,74,5,194,3,242,246,0,0,203,0,0,0,18,748423.0,488717.0,259706.0,0.347,,151942.0,103781.0,48161.0,0.317,,API,1037.0
2020-12-01,마포구,2020,12,1037.0,2306.0,1480.0,474791.51461666665,448336.12551,20146.6127,6308.77642,506497.33238,445400.74897,494295.02321333333,460860.4370433333,274732.23668,65407.564803333335,84554.93583,124769.73604666667,33434.58617,0,74,5,194,3,242,246,0,0,203,0,0,0,18,748423.0,488717.0,259706.0,0.347,,151942.0,103781.0,48161.0,0.317,,API,881.0
2021-01-01,마포구,2021,1,881.0,2060.0,1294.0,460814.05198064516,435034.6575419355,19715.95594516129,6063.438490322581,486200.593416129,438188.23518387094,479991.59147419356,447115.80948064517,242911.53683870967,53225.25727096775,81189.34632903227,108496.93323870968,32875.781993548386,0,60,1,166,2,264,194,0,0,153,0,0,0,17,750864.0,494308.0,256556.0,0.3417,,163442.0,121675.0,41767.0,0.2555,,API,944.0
2021-02-01,마포구,2021,2,944.0,1800.0,1113.0,457646.9682225807,434272.2869225807,18986.98807419355,4387.6932290322575,486012.9020225807,434185.21397096774,477536.61913225806,443440.074716129,251174.63527096776,56824.949925806446,83010.45386451614,111339.23148064516,34096.544416129036,0,60,1,166,2,264,194,0,0,153,0,0,0,17,750864.0,494308.0,256556.0,0.3417,,163442.0,121675.0,41767.0,0.2555,,API,920.0
2021-03-01,마포구,2021,3,920.0,1648.0,967.0,460807.14905,435064.11087499995,19218.671192857142,6524.366982142857,496636.7874678572,431996.04119285714,482943.1587035715,444995.71359999996,269563.75612142857,65155.722075,83877.23087142858,120530.80317500001,37947.44510357142,0,60,1,166,2,264,194,0,0,153,0,0,0,17,750864.0,494308.0,256556.0,0.3417,,163442.0,121675.0,41767.0,0.2555,,API,1040.0
2021-04-01,마포구,2021,4,1040.0,1720.0,1023.0,471460.5199193548,444982.19420322584,19526.077422580645,6952.248287096774,507357.88917419355,440854.7545548387,493878.0482580645,455447.9996774194,272529.4826451613,66828.98878709678,84029.10955806452,121671.3843,38430.04858064515,0,60,1,166,2,264,194,0,0,153,0,0,0,17,750864.0,494308.0,256556.0,0.3417,,163442.0,121675.0,41767.0,0.2555,,API,1101.0
2021-05-01,마포구,2021,5,1101.0,1898.0,1106.0,468100.5175633334,444240.46724,19479.03223333333,4381.018083333333,503517.17948333337,437903.48409000004,490316.6223033333,452231.87131666666,289516.8271466667,67760.75887333333,90296.85617,131459.21210333335,38084.750986666666,0,60,1,166,2,264,194,0,0,153,0,0,0,17,750864.0,494308.0,256556.0,0.3417,,163442.0,121675.0,41767.0,0.2555,,API,1192.0
2021-06-01,마포구,2021,6,1192.0,1930.0,1099.0,467264.7846709677,441764.45032580645,19524.80250322581,5975.5318548387095,504033.2445129032,437647.6039806452,488623.5576258064,452008.51828387094,279022.2118580645,66463.94322258064,87625.1333,124933.13533548388,36615.03934193548,0,60,1,166,2,264,194,0,0,153,0,0,0,17,750864.0,494308.0,256556.0,0.3417,,163442.0,121675.0,41767.0,0.2555,,API,1378.0
2021-07-01,마포구,2021,7,1378.0,2136.0,1271.0,470325.83067666664,445329.97622333333,19487.258683333333,5508.595766666666,508587.3022033333,438836.6799666667,493409.75979333336,453837.30987666664,289207.9958833333,69574.41017,89867.13307666667,129766.45263666665,39572.44991666666,0,60,1,166,2,264,194,0,0,153,0,0,0,17,750864.0,494308.0,256556.0,0.3417,,163442.0,121675.0,41767.0,0.2555,,API,1232.0
2021-08-01,마포구,2021,8,1232.0,2225.0,1213.0,459547.68275806453,435845.9256419355,18955.960458064517,4745.796664516129,489072.728116129,432945.3527580645,480250.79506451613,444759.7454096774,263312.28196129034,61146.28053225807,84552.9686,117613.03282903225,35491.04965483872,0,60,1,166,2,264,194,0,0,153,0,0,0,17,750864.0,494308.0,256556.0,0.3417,,163442.0,121675.0,41767.0,0.2555,,API,1261.0
2021-09-01,마포구,2021,9,1261.0,1797.0,1026.0,457453.97737096774,432017.47664193553,19030.509883870967,6405.990835483872,491273.02048709674,428853.38615483866,479896.21059354837,441423.8107806451,263411.2337548387,62068.89067096774,84630.02789032258,116712.31519354839,38472.39981290322,0,60,1,166,2,264,194,0,0,153,0,0,0,17,750864.0,494308.0,256556.0,0.3417,,163442.0,121675.0,41767.0,0.2555,,API,1275.0
2021-10-01,마포구,2021,10,1275.0,1985.0,1101.0,453004.9984133334,427785.71585333336,18972.897913333334,6246.38466,488223.4802,423518.26549,474794.99498,437440.7151466666,263162.48232333333,63480.62386666667,82793.01634666667,116888.84211,37354.279833333334,0,60,1,166,2,264,194,0,0,153,0,0,0,17,750864.0,494308.0,256556.0,0.3417,,163442.0,121675.0,41767.0,0.2555,,API,1225.0
2021-11-01,마포구,2021,11,1225.0,1784.0,1037.0,458931.68888064515,435132.11082258064,19078.18989032258,4721.388158064516,496241.00431935483,428700.0745580645,481584.0470096774,442751.43307096773,266632.50018064515,64881.68192580645,81837.12378709677,119913.69446774194,38832.61393870968,0,60,1,166,2,264,194,0,0,153,0,0,0,17,750864.0,494308.0,256556.0,0.3417,,163442.0,121675.0,41767.0,0.2555,,API,1232.0
2021-12-01,마포구,2021,12,1232.0,1540.0,881.0,469367.2616866667,443462.83705666667,19389.648483333334,6514.776150000001,505703.60280000005,437476.73363,491061.47638666665,453871.39406666666,282924.50437000004,70866.26363666666,83769.09011666666,128289.15061666668,37190.082319999994,0,60,1,166,2,264,194,0,0,153,0,0,0,17,750864.0,494308.0,256556.0,0.3417,,163442.0,121675.0,41767.0,0.2555,,API,1084.0
2022-01-01,마포구,2022,1,1084.0,1732.0,944.0,466890.0268193548,441435.24516129034,19394.261380645163,6060.520267741936,503724.423316129,435841.4360774194,490229.5970709677,450218.90520000004,263394.34402258066,66973.26960967742,75432.60636774193,120988.46804516128,40010.69187096775,0,30,0,109,5,312,174,0,0,101,0,0,0,10,783488.0,530099.0,253389.0,0.3234,79612.0,165348.0,128416.0,36932.0,0.2234,0.0,API,1103.0
2022-02-01,마포구,2022,2,1103.0,1669.0,920.0,457535.5653096774,434063.38910322584,18846.7992483871,4625.376951612903,498492.74605483876,424881.67511290323,482753.35072903224,439522.8614419355,263811.0595806452,68542.40452258065,75004.28956451612,120264.3654935484,43230.48928709678,0,30,0,109,5,312,174,0,0,101,0,0,0,10,783488.0,530099.0,253389.0,0.3234,79612.0,165348.0,128416.0,36932.0,0.2234,0.0,API,1048.0
2022-03-01,마포구,2022,3,1048.0,1905.0,1040.0,459305.1230285714,433440.81612857146,19049.466985714284,6814.839928571429,497642.6726535714,428704.983175,482609.491775,442659.14536428574,256042.04055714284,64608.198467857146,75325.02293214285,116108.81915714286,39950.346410714286,0,30,0,109,5,312,174,0,0,101,0,0,0,10,783488.0,530099.0,253389.0,0.3234,79612.0,165348.0,128416.0,36932.0,0.2234,0.0,API,1201.0
2022-04-01,마포구,2022,4,1201.0,1989.0,1101.0,465196.82822258066,439689.8492354839,19475.089051612904,6031.889938709677,501229.7333258065,435432.3310709677,486260.4768032258,450151.3649677419,249613.6944967742,62811.45086451613,73919.19614193548,112883.04749032258,36109.111835483876,0,30,0,109,5,312,174,0,0,101,0,0,0,10,783488.0,530099.0,253389.0,0.3234,79612.0,165348.0,128416.0,36932.0,0.2234,0.0,API,1187.0
2022-05-01,마포구,2022,5,1187.0,2197.0,1192.0,470402.0580233334,444317.8525166667,19738.352683333334,6345.852826666667,507947.20534,437948.3544633333,491683.02080666664,455201.3703066667,276922.09324333334,69486.25809666667,78769.20524666666,128666.6299,36481.6505,0,30,0,109,5,312,174,0,0,101,0,0,0,10,783488.0,530099.0,253389.0,0.3234,79612.0,165348.0,128416.0,36932.0,0.2234,0.0,API,1320.0
2022-06-01,마포구,2022,6,1320.0,2465.0,1378.0,483954.46745483874,454292.3208387097,20332.515122580648,9329.631512903225,523953.53381935484,449073.37302258064,506118.80771290325,468122.7958516129,285323.21477419353,74792.81787096773,78099.4328451613,132430.9640580645,37996.011861290324,0,30,0,109,5,312,174,0,0,101,0,0,0,10,783488.0,530099.0,253389.0,0.3234,79612.0,165348.0,128416.0,36932.0,0.2234,0.0,API,1248.0
2022-07-01,마포구,2022,7,1248.0,2302.0,1232.0,489830.46581333334,458659.7836033333,20681.203849999998,10489.47837,531620.5986033333,455055.7390966667,510145.7197866666,475319.5701133333,282299.71269333333,72985.89075666666,79117.48752,130196.33441666666,34826.14967333334,0,30,0,109,5,312,174,0,0,101,0,0,0,10,783488.0,530099.0,253389.0,0.3234,79612.0,165348.0,128416.0,36932.0,0.2234,0.0,API,1389.0
2022-08-01,마포구,2022,8,1389.0,2184.0,1261.0,480056.1464193549,448495.13596129033,19854.115380645162,11706.895080645161,521431.14480967744,444665.455,501951.3809548387,464416.6931870968,271952.6432548387,72957.50726451614,74360.26817419354,124634.86781612904,37534.68776774193,0,30,0,109,5,312,174,0,0,101,0,0,0,10,783488.0,530099.0,253389.0,0.3234,79612.0,165348.0,128416.0,36932.0,0.2234,0.0,API,1525.0
2022-09-01,마포구,2022,9,1525.0,2335.0,1275.0,474432.9017354839,442214.2820483871,19904.101051612903,12314.518641935483,514265.3685129032,439735.5966322581,496834.3258322581,458431.8845258064,271723.5318516129,72507.75385483871,74758.00907741935,124457.76891935484,38402.441306451605,0,30,0,109,5,312,174,0,0,101,0,0,0,10,783488.0,530099.0,253389.0,0.3234,79612.0,165348.0,128416.0,36932.0,0.2234,0.0,API,1409.0
2022-10-01,마포구,2022,10,1409.0,2281.0,1225.0,478792.55348666664,443440.4473866667,20574.63315,14777.472936666667,519984.24977,441721.03142666665,500963.79236666666,462955.95427333337,277133.1983666667,73884.83576333334,76834.56613666666,126413.79646666667,38007.83809333333,0,30,0,109,5,312,174,0,0,101,0,0,0,10,783488.0,530099.0,253389.0,0.3234,79612.0,165348.0,128416.0,36932.0,0.2234,0.0,API,1414.0
2022-11-01,마포구,2022,11,1414.0,2498.0,1232.0,483884.8028258065,446998.76129677414,20674.106748387097,16211.934767741936,524180.5115645161,446169.221332258,506672.2366677419,467608.06435806456,274615.44738709676,72638.23464193549,75872.45892258066,126104.75382258063,39064.17230967742,0,30,0,109,5,312,174,0,0,101,0,0,0,10,783488.0,530099.0,253389.0,0.3234,79612.0,165348.0,128416.0,36932.0,0.2234,0.0,API,1324.0
2022-12-01,마포구,2022,12,1324.0,2306.0,1084.0,484172.8041566667,447359.7463366667,20816.22378333333,15996.834036666667,523792.2771333333,446861.8866866667,507576.08684999996,467456.1736766667,282155.0680466667,73377.32960333333,77772.13235666667,131005.60608666667,40119.91317333332,0,30,0,109,5,312,174,0,0,101,0,0,0,10,783488.0,530099.0,253389.0,0.3234,79612.0,165348.0,128416.0,36932.0,0.2234,0.0,API,1445.0
2023-01-01,마포구,2023,1,1445.0,2071.0,1103.0,487812.1040967742,450614.1003096774,21274.534596774192,15923.4692,529440.4996129032,449057.21953548386,511558.9334612903,470850.08313225803,273525.7233870968,73263.28841935484,74888.87532258064,125373.5596451613,40708.850329032255,3,19,19,249,26,319,234,0,0,111,0,0,0,18,745359.0,491573.0,253786.0,0.3405,81215.0,165144.0,122608.0,42536.0,0.2576,0.0,API,1293.0
2023-02-01,마포구,2023,2,1293.0,2078.0,1048.0,474580.63880322577,441307.10908064514,19828.306177419356,13445.223551612904,515134.7601580645,437112.3050483871,498023.26394516125,457835.9065806452,266005.0802612903,72976.16513870968,73507.01509032259,119521.90003225807,40187.35736451613,3,19,19,249,26,319,234,0,0,111,0,0,0,18,745359.0,491573.0,253786.0,0.3405,81215.0,165144.0,122608.0,42536.0,0.2576,0.0,API,1129.0
2023-03-01,마포구,2023,3,1129.0,2842.0,1201.0,489657.9761678571,455281.04612857144,20198.831710714287,14178.098342857144,536736.9019321429,447414.43801785714,517048.5195678571,470093.30231785716,283435.6393535714,81051.30645714285,75890.83523571429,126493.49766071429,46955.21724999999,3,19,19,249,26,319,234,0,0,111,0,0,0,18,745359.0,491573.0,253786.0,0.3405,81215.0,165144.0,122608.0,42536.0,0.2576,0.0,API,1268.0
2023-04-01,마포구,2023,4,1268.0,2456.0,1187.0,493910.14051612903,455512.9858354839,21399.869851612904,16997.28481935484,537686.0237032258,454198.25901290326,518423.5496032258,476400.5626064516,270983.596383871,75367.34848064516,73202.60853548387,122413.63936774194,42022.98699677419,3,19,19,249,26,319,234,0,0,111,0,0,0,18,745359.0,491573.0,253786.0,0.3405,81215.0,165144.0,122608.0,42536.0,0.2576,0.0,API,1330.0
2023-05-01,마포구,2023,5,1330.0,2543.0,1320.0,488622.1019866666,450674.31144666666,21169.209743333333,16778.580786666666,529913.10059,450111.09367000003,511919.9931433333,471980.75115333335,285465.49677333335,75655.89356666667,79813.00880666666,129996.5944,39939.241989999995,3,19,19,249,26,319,234,0,0,111,0,0,0,18,745359.0,491573.0,253786.0,0.3405,81215.0,165144.0,122608.0,42536.0,0.2576,0.0,API,1477.0
2023-06-01,마포구,2023,6,1477.0,2322.0,1248.0,484504.5224645161,446941.9624225807,20902.60482580645,16659.95520967742,525179.3102096774,446666.7399483871,507625.3291548387,467989.6605354839,279027.9985451613,73532.36028064515,77918.75283548387,127576.88542903226,39635.66861935483,3,19,19,249,26,319,234,0,0,111,0,0,0,18,745359.0,491573.0,253786.0,0.3405,81215.0,165144.0,122608.0,42536.0,0.2576,0.0,API,1360.0
2023-07-01,마포구,2023,7,1360.0,2802.0,1389.0,486194.89477,448683.61499666667,20694.394966666667,16816.884796666665,528031.1424366666,448043.84256333334,509929.99327333336,469241.2529766666,281033.83103666664,74764.1223,78483.37395,127786.33478666666,40688.74029666666,3,19,19,249,26,319,234,0,0,111,0,0,0,18,745359.0,491573.0,253786.0,0.3405,81215.0,165144.0,122608.0,42536.0,0.2576,0.0,API,1430.0
2023-08-01,마포구,2023,8,1430.0,3020.0,1525.0,482222.5258806452,447419.7131354839,18792.752658064514,16010.060087096774,528164.9879580645,442649.10721935483,505814.1875870968,465371.3389483871,272120.18528387096,75863.4127,74036.61116774194,122220.16141612903,40442.84863870968,3,19,19,249,26,319,234,0,0,111,0,0,0,18,745359.0,491573.0,253786.0,0.3405,81215.0,165144.0,122608.0,42536.0,0.2576,0.0,API,1421.0
2023-09-01,마포구,2023,9,1421.0,2698.0,1409.0,472459.40630000003,438643.629383871,19006.41022580645,14809.366706451614,514028.00101935485,435242.50699677423,495139.82791935484,456259.1051387097,263919.8932483871,72898.93269032257,72874.8832032258,118146.07735483871,38880.72278064516,3,19,19,249,26,319,234,0,0,111,0,0,0,18,745359.0,491573.0,253786.0,0.3405,81215.0,165144.0,122608.0,42536.0,0.2576,0.0,API,1381.0
2023-10-01,마포구,2023,10,1381.0,2548.0,1414.0,476460.3897666667,439978.8792933334,20671.701573333336,15809.80891,516778.8324033333,437546.31831666664,498548.3515366667,460683.2742366667,265091.67342,74936.83700999999,71212.61469,118942.22172,37865.0773,3,19,19,249,26,319,234,0,0,111,0,0,0,18,745359.0,491573.0,253786.0,0.3405,81215.0,165144.0,122608.0,42536.0,0.2576,0.0,API,1341.0
2023-11-01,마포구,2023,11,1341.0,2488.0,1324.0,480384.79166451615,442269.0403709677,20465.03374516129,17650.717551612903,524367.8793967742,441252.3850935484,504383.9897322581,463242.50731935486,271412.54656774196,74760.5846967742,72760.21329677419,123891.74857419355,41141.48241290323,3,19,19,249,26,319,234,0,0,111,0,0,0,18,745359.0,491573.0,253786.0,0.3405,81215.0,165144.0,122608.0,42536.0,0.2576,0.0,API,1261.0
2023-12-01,마포구,2023,12,1261.0,2585.0,1445.0,487521.31114666665,448864.22915666667,20603.372396666666,18053.709593333337,529150.6911299999,450548.13036333333,511333.7834233333,470512.4023633333,280571.3014,78966.81842,73947.38356666667,127657.09941333333,40821.38106,3,19,19,249,26,319,234,0,0,111,0,0,0,18,745359.0,491573.0,253786.0,0.3405,81215.0,165144.0,122608.0,42536.0,0.2576,0.0,API,1405.0
2024-01-01,마포구,2024,1,1405.0,2403.0,1293.0,493812.71283548384,452542.1081935484,22388.774567741933,18881.830067741936,536468.203416129,456236.0551419355,516066.4518548387,477917.1849548387,273823.52969677415,79963.57470322581,71676.93849354838,122183.0165,38149.266899999995,0,31,15,684,5,213,252,0,0,87,0,0,0,24,695992.0,462448.0,233544.0,0.3356,86725.0,173581.0,128854.0,44727.0,0.2577,0.0,API,1213.0
2024-02-01,마포구,2024,2,1213.0,2204.0,1129.0,470219.2540903226,437432.9691548387,18103.93469032258,14682.35025483871,509538.4886967742,434156.247583871,492162.4441645161,454545.5469,255543.36776451612,74943.17261935484,67480.69898709677,113119.49615806452,37616.897264516134,0,31,15,684,5,213,252,0,0,87,0,0,0,24,695992.0,462448.0,233544.0,0.3356,86725.0,173581.0,128854.0,44727.0,0.2577,0.0,API,1081.0
2024-03-01,마포구,2024,3,1081.0,2421.0,1268.0,473237.82531034487,440239.23494137934,17818.81628275862,15179.774075862068,513748.56084827584,438001.8385724138,495262.8913310345,457505.6352896552,263498.8734931034,77329.68851724139,69969.63994137931,116199.54503448275,37757.25604137931,0,31,15,684,5,213,252,0,0,87,0,0,0,24,695992.0,462448.0,233544.0,0.3356,86725.0,173581.0,128854.0,44727.0,0.2577,0.0,API,1053.0
2024-04-01,마포구,2024,4,1053.0,2602.0,1330.0,488725.3732161291,451916.3789870968,19975.716512903226,16833.27772903226,532516.2489903226,453580.29588064516,511051.8096354839,472777.9186451613,259486.59296774195,76505.03238064516,68123.17509677418,114858.38549032257,38273.89099032258,0,31,15,684,5,213,252,0,0,87,0,0,0,24,695992.0,462448.0,233544.0,0.3356,86725.0,173581.0,128854.0,44727.0,0.2577,0.0,API,1045.0
2024-05-01,마포구,2024,5,1045.0,2842.0,1477.0,488017.96818666667,449021.61754,20071.05143,18925.29923333333,529216.4238,451921.12441,510600.72943666665,471887.42445,278741.17100333335,74619.21176,76282.76563333333,127839.19361,38713.30498666667,0,31,15,684,5,213,252,0,0,87,0,0,0,24,695992.0,462448.0,233544.0,0.3356,86725.0,173581.0,128854.0,44727.0,0.2577,0.0,API,1122.0
2024-06-01,마포구,2024,6,1122.0,2648.0,1360.0,482058.29755483876,444656.8715387097,19674.88335483871,17726.542667741935,525683.6996612904,443045.4308548387,506130.3731935484,464863.957816129,264694.05163225805,73902.1947548387,69582.7558548387,121209.10102258065,41266.415377419355,0,31,15,684,5,213,252,0,0,87,0,0,0,24,695992.0,462448.0,233544.0,0.3356,86725.0,173581.0,128854.0,44727.0,0.2577,0.0,API,1142.0
2024-07-01,마포구,2024,7,1142.0,2849.0,1430.0,478812.73859,442263.93082666665,19552.827616666666,16995.98014,522426.42913,441676.90617000003,500247.41463333333,463502.2557133333,263029.26957999996,72369.84653333334,70738.36457333334,119921.05847333332,36745.158919999994,0,31,15,684,5,213,252,0,0,87,0,0,0,24,695992.0,462448.0,233544.0,0.3356,86725.0,173581.0,128854.0,44727.0,0.2577,0.0,API,1173.0
2024-08-01,마포구,2024,8,1173.0,2869.0,1421.0,468506.68802580645,435611.3729709678,17262.32967096774,15632.9854,514338.82907741936,429814.89338709676,493477.87134193553,450670.1285193548,258819.73579677418,74314.67115806452,67212.22039354838,117292.8442451613,42807.74282258066,0,31,15,684,5,213,252,0,0,87,0,0,0,24,695992.0,462448.0,233544.0,0.3356,86725.0,173581.0,128854.0,44727.0,0.2577,0.0,API,1214.0
2024-09-01,마포구,2024,9,1214.0,2689.0,1381.0,459648.90756129037,428618.4727096774,17275.1176516129,13755.317216129033,505819.34990645165,420508.08323225804,483720.30084193544,442455.0552322581,258502.84095161292,75350.83448709677,66834.67742903225,116317.32903548387,41265.24560967742,0,31,15,684,5,213,252,0,0,87,0,0,0,24,695992.0,462448.0,233544.0,0.3356,86725.0,173581.0,128854.0,44727.0,0.2577,0.0,API,940.0
2024-10-01,마포구,2024,10,940.0,2521.0,1341.0,458861.24277333333,425721.96828666667,18796.368786666666,14342.905700000001,503707.6315466667,419147.1937633333,481961.00674,442361.41138,261635.45626666668,74801.02676000001,68895.84791333333,117938.58159333334,39599.59536,0,31,15,684,5,213,252,0,0,87,0,0,0,24,695992.0,462448.0,233544.0,0.3356,86725.0,173581.0,128854.0,44727.0,0.2577,0.0,API,972.0
2024-11-01,마포구,2024,11,972.0,2249.0,1261.0,473124.0642354839,436640.03595806455,19010.877858064516,17473.15041290323,518353.4904419355,433050.59517096775,498974.85665806447,454659.212483871,269427.3230806452,75749.45181290324,69253.3965483871,124424.47471935484,44315.64417419355,0,31,15,684,5,213,252,0,0,87,0,0,0,24,695992.0,462448.0,233544.0,0.3356,86725.0,173581.0,128854.0,44727.0,0.2577,0.0,API,1010.0
2024-12-01,마포구,2024,12,1010.0,2666.0,1405.0,474046.08838666667,438217.25277333334,19018.208909999998,16810.62671,517978.2386033333,435396.9996033333,498945.44886,456260.8309,279952.5149866667,78887.47948,71983.49695,129081.53855666667,42684.617959999996,0,31,15,684,5,213,252,0,0,87,0,0,0,24,695992.0,462448.0,233544.0,0.3356,86725.0,173581.0,128854.0,44727.0,0.2577,0.0,API,1058.0
2025-01-01,마포구,2025,1,1058.0,2239.0,1213.0,472584.90480645164,435877.4311774193,18676.3537,18031.11994516129,518505.4437741935,432403.0367096774,497056.555,455105.15468064515,268161.69537741935,76712.12031935484,69432.0846,122017.49045806452,41951.40031935485,0,19,0,70,11,42,207,5,90,97,480,22,0,8,693927.0,454098.0,239829.0,0.3456,78775.0,189080.0,142546.0,46534.0,0.2461,0.0,API,1078.0
2025-02-01,마포구,2025,2,1078.0,2027.0,1081.0,452865.6022193548,421210.77267741936,16608.90165483871,15045.927887096774,494464.7698516129,417656.06581612903,475111.5069032258,436975.6703096774,251430.2477096774,72039.06952903226,67472.7511967742,111918.42698387097,38135.83659354839,0,19,0,70,11,42,207,5,90,97,480,22,0,8,693927.0,454098.0,239829.0,0.3456,78775.0,189080.0,142546.0,46534.0,0.2461,0.0,API,987.0
2025-03-01,마포구,2025,3,987.0,2123.0,1053.0,465826.77175357146,435419.9189571428,16784.365885714284,13622.486910714286,514592.59035714285,424762.9287821428,494123.6528035714,445614.7138464286,268655.4623857143,79462.897575,68722.82623928571,120469.73857142858,48508.93895714286,0,19,0,70,11,42,207,5,90,97,480,22,0,8,693927.0,454098.0,239829.0,0.3456,78775.0,189080.0,142546.0,46534.0,0.2461,0.0,API,1033.0
2025-04-01,마포구,2025,4,1033.0,2223.0,1045.0,470961.0178580645,435658.08204516134,18738.26854516129,16564.667267741937,516017.2428935484,431490.5179,496490.93557096773,452725.36234193546,258181.97351612902,74391.91551290323,66842.96256129032,116947.09544193548,43765.57322903226,0,19,0,70,11,42,207,5,90,97,480,22,0,8,693927.0,454098.0,239829.0,0.3456,78775.0,189080.0,142546.0,46534.0,0.2461,0.0,API,1051.0
2025-05-01,마포구,2025,5,1051.0,2410.0,1122.0,471938.3682933334,435256.8479966667,18760.810136666663,17920.710146666668,514339.21016,433234.1002366667,497275.70910333336,453840.26769999997,280960.50997,74818.44655333334,75575.84715,130566.21626666667,43435.44140333333,0,19,0,70,11,42,207,5,90,97,480,22,0,8,693927.0,454098.0,239829.0,0.3456,78775.0,189080.0,142546.0,46534.0,0.2461,0.0,API,1088.0
2025-06-01,마포구,2025,6,1088.0,2489.0,1142.0,467523.69911935483,432994.8538419355,18431.68875483871,16097.156516129033,512676.19481612905,429009.98727419355,492294.6298419355,449830.17716129037,268600.8724935484,74818.95764516128,70784.90565161289,122997.00919677419,42464.45268064517,0,19,0,70,11,42,207,5,90,97,480,22,0,8,693927.0,454098.0,239829.0,0.3456,78775.0,189080.0,142546.0,46534.0,0.2461,0.0,API,1117.0
2025-07-01,마포구,2025,7,1117.0,2573.0,1173.0,465738.48714,431323.40978000005,18197.754826666667,16217.322533333332,507131.52185333334,429561.29688000004,488892.1092333334,449200.1856566667,265630.30048,70923.67658,72978.04976666666,121728.57413333333,39691.92357666667,0,19,0,70,11,42,207,5,90,97,480,22,0,8,693927.0,454098.0,239829.0,0.3456,78775.0,189080.0,142546.0,46534.0,0.2461,0.0,API,1109.0
2025-08-01,마포구,2025,8,1109.0,2735.0,1214.0,462074.49401290325,429973.544783871,16411.037393548388,15689.91183548387,507281.1372,423589.8479290323,487316.3842903226,444044.57236774196,266518.36131935485,74195.94671935485,70881.35683225807,121441.05776774194,43271.811922580644,0,19,0,70,11,42,207,5,90,97,480,22,0,8,693927.0,454098.0,239829.0,0.3456,78775.0,189080.0,142546.0,46534.0,0.2461,0.0,API,1109.0
2025-09-01,마포구,2025,9,1109.0,2335.0,940.0,458696.09788064513,427737.32933870965,16632.546212903228,14326.222312903225,504473.28112903226,420800.6904096774,482727.55810967745,441530.76912580646,265924.58809677424,74643.05163548386,72003.09131290323,119278.4451483871,41196.788983870974,0,19,0,70,11,42,207,5,90,97,480,22,0,8,693927.0,454098.0,239829.0,0.3456,78775.0,189080.0,142546.0,46534.0,0.2461,0.0,API,1138.0
2025-10-01,마포구,2025,10,1138.0,2226.0,972.0,473066.75191666663,439328.89232333336,18490.45034666667,15247.409253333335,518931.9073133333,434024.7574766667,498199.45063,455114.82428,279030.76768333337,79743.49065333333,73308.80798666667,125978.46904333333,43084.62634999999,0,19,0,70,11,42,207,5,90,97,480,22,0,8,693927.0,454098.0,239829.0,0.3456,78775.0,189080.0,142546.0,46534.0,0.2461,0.0,API,1101.0
2025-11-01,마포구,2025,11,1101.0,2165.0,1010.0,458691.08324838715,423087.03742258064,18048.587087096774,17555.458738709676,501807.0485806452,420966.0498290323,480669.96201612905,442991.8841354839,259148.10836774195,73712.70931935485,67977.11316774193,117458.28588064517,37678.07788064517,0,19,0,70,11,42,207,5,90,97,480,22,0,8,693927.0,454098.0,239829.0,0.3456,78775.0,189080.0,142546.0,46534.0,0.2461,0.0,API,1067.0
2025-12-01,마포구,2025,12,1067.0,2219.0,1058.0,472078.7703766667,435316.10148333333,18350.59933,18412.06956,515179.72139666666,434792.3532066667,495342.2504666667,455461.99888666667,266689.83984333335,75033.06448333334,69305.24532,122351.53004000001,39880.25157999999,0,19,0,70,11,42,207,5,90,97,480,22,0,8,693927.0,454098.0,239829.0,0.3456,78775.0,189080.0,142546.0,46534.0,0.2461,0.0,API,1169.0
2017-01-01,서대문구,2017,1,,,,,,,,,,,,,,,,,5,76,6,98,23,1,258,0,0,193,0,0,0,7,,,,,,,,,,,API,963.0
2017-02-01,서대문구,2017,2,963.0,,,,,,,,,,,,,,,,5,76,6,98,23,1,258,0,0,193,0,0,0,7,,,,,,,,,,,API,790.0
2017-03-01,서대문구,2017,3,790.0,,,,,,,,,,,,,,,,5,76,6,98,23,1,258,0,0,193,0,0,0,7,,,,,,,,,,,API,875.0
2017-04-01,서대문구,2017,4,875.0,,,,,,,,,,,,,,,,5,76,6,98,23,1,258,0,0,193,0,0,0,7,,,,,,,,,,,API,911.0
2017-05-01,서대문구,2017,5,911.0,,,,,,,,,,,,,,,,5,76,6,98,23,1,258,0,0,193,0,0,0,7,,,,,,,,,,,API,983.0
2017-06-01,서대문구,2017,6,983.0,,,,,,,,,,,,,,,,5,76,6,98,23,1,258,0,0,193,0,0,0,7,,,,,,,,,,,API,915.0
2017-07-01,서대문구,2017,7,915.0,,,,,,,,,,,,,,,,5,76,6,98,23,1,258,0,0,193,0,0,0,7,,,,,,,,,,,API,974.0
2017-08-01,서대문구,2017,8,974.0,,,,,,,,,,,,,,,,5,76,6,98,23,1,258,0,0,193,0,0,0,7,,,,,,,,,,,API,1003.0
2017-09-01,서대문구,2017,9,1003.0,,,,,,,,,,,,,,,,5,76,6,98,23,1,258,0,0,193,0,0,0,7,,,,,,,,,,,API,951.0
2017-10-01,서대문구,2017,10,951.0,,,,,,,,,,,,,,,,5,76,6,98,23,1,258,0,0,193,0,0,0,7,,,,,,,,,,,API,944.0
2017-11-01,서대문구,2017,11,944.0,,,,,,,,,,,,,,,,5,76,6,98,23,1,258,0,0,193,0,0,0,7,,,,,,,,,,,API,886.0
2017-12-01,서대문구,2017,12,886.0,,,,,,,,,,,,,,,,5,76,6,98,23,1,258,0,0,193,0,0,0,7,,,,,,,,,,,API,1014.0
2018-01-01,서대문구,2018,1,1014.0,1548.0,963.0,,,,,,,,,,,,,,0,62,2,107,21,1,244,0,0,158,0,0,0,35,,,,,,,,,,,API,1041.0
2018-02-01,서대문구,2018,2,1041.0,1320.0,790.0,,,,,,,,,,,,,,0,62,2,107,21,1,244,0,0,158,0,0,0,35,,,,,,,,,,,API,885.0
2018-03-01,서대문구,2018,3,885.0,1495.0,875.0,,,,,,,,,,,,,,0,62,2,107,21,1,244,0,0,158,0,0,0,35,,,,,,,,,,,API,971.0
2018-04-01,서대문구,2018,4,971.0,1553.0,911.0,,,,,,,,,,,,,,0,62,2,107,21,1,244,0,0,158,0,0,0,35,,,,,,,,,,,API,967.0
2018-05-01,서대문구,2018,5,967.0,1632.0,983.0,410564.5320423077,378377.44024230767,23156.940573076925,9030.15123076923,424705.32880769233,396677.07511153846,413886.2880769231,408191.849173077,231083.33316538463,45531.039269230765,74024.8377,111527.45619615384,5694.438903846147,0,62,2,107,21,1,244,0,0,158,0,0,0,35,,,,,,,,,,,API,987.0
2018-06-01,서대문구,2018,6,987.0,1592.0,915.0,413776.0273451613,381300.1032870968,22979.05358064516,9496.870487096774,431157.6780225806,396561.4112451613,418333.69897096773,409551.184383871,229939.39540322582,46621.663451612905,72181.07072580645,111136.66122580646,8782.514587096774,0,62,2,107,21,1,244,0,0,158,0,0,0,35,,,,,,,,,,,API,1049.0
2018-07-01,서대문구,2018,7,1049.0,1678.0,974.0,421748.93621,389617.04887999996,22066.98645,10064.900883333332,438076.8323566666,408148.78460333333,427853.22071,417388.73299000005,228692.28985666667,45568.62796,71358.38150666667,111765.28039,10464.487719999996,0,62,2,107,21,1,244,0,0,158,0,0,0,35,,,,,,,,,,,API,1087.0
2018-08-01,서대문구,2018,8,1087.0,1720.0,1003.0,417049.88379032264,385218.1798,20010.679,11821.024980645161,432929.53305483866,402698.3685967742,424779.3122354839,411528.86347741936,232339.4205064516,48333.395125806455,73705.97248387097,110300.0528967742,13250.448758064522,0,62,2,107,21,1,244,0,0,158,0,0,0,35,,,,,,,,,,,API,1080.0
2018-09-01,서대문구,2018,9,1080.0,1711.0,951.0,406349.0940129032,374572.6382774193,19417.928677419353,12358.52705483871,420023.47735161294,394201.97963225807,412355.0604451613,401157.70270645164,226085.71783548387,46053.53955483871,73001.45887741937,107030.71940322581,11197.35773870968,0,62,2,107,21,1,244,0,0,158,0,0,0,35,,,,,,,,,,,API,1012.0
2018-10-01,서대문구,2018,10,1012.0,1605.0,944.0,415787.4015833333,381224.43612666667,22126.990566666664,12435.974893333334,436188.4110266667,399229.67657,424358.4107666667,409665.25217,225484.57265666669,49795.80760666667,69461.85972666666,106226.90532333334,14693.158596666673,0,62,2,107,21,1,244,0,0,158,0,0,0,35,,,,,,,,,,,API,998.0
2018-11-01,서대문구,2018,11,998.0,1511.0,886.0,426939.8972451613,390471.93710000004,23191.563593548388,13276.396558064516,446611.6903387097,410051.0697322581,437092.31427741935,418749.05132258066,234366.93618064516,48680.43196774194,73010.54073870968,112675.96347419354,18343.26295483871,0,62,2,107,21,1,244,0,0,158,0,0,0,35,,,,,,,,,,,API,961.0
2018-12-01,서대문구,2018,12,961.0,1651.0,1014.0,424681.50379333337,389321.60867,23115.557426666666,12244.337693333333,450208.92944000004,402734.48565,434629.92627,417575.48775333335,243517.39028,50804.26607333333,75744.53366333334,116968.59054333334,17054.43851666666,0,62,2,107,21,1,244,0,0,158,0,0,0,35,,,,,,,,,,,API,1073.0
2019-01-01,서대문구,2019,1,1073.0,1753.0,1041.0,429350.54511612904,391179.7924645162,24570.517316129033,13600.235322580646,445735.713616129,416316.951516129,438853.49222258065,422562.7257516129,229281.88523870968,47681.51717741935,72903.23941935484,108697.12864193549,16290.766470967734,0,72,7,138,28,0,186,0,0,174,0,0,0,25,,,,,,,,,,,API,964.0
2019-02-01,서대문구,2019,2,964.0,1456.0,885.0,417449.48493870965,382246.57481290324,22589.608338709677,12613.30178064516,429699.2821645161,405784.39669032255,423978.2987516129,412786.04648387094,233541.03823225808,48345.505138709676,76705.70881612904,108489.82427741935,11192.252267741937,0,72,7,138,28,0,186,0,0,174,0,0,0,25,,,,,,,,,,,API,877.0
2019-03-01,서대문구,2019,3,877.0,1593.0,971.0,402206.13525,368539.43640357145,21749.0991,11917.599753571429,415985.5531,387585.99330000003,408093.0502714286,398001.19597142853,221717.63755,47013.69266785715,73177.23041071428,101526.71447142857,10091.854300000006,0,72,7,138,28,0,186,0,0,174,0,0,0,25,,,,,,,,,,,API,970.0
2019-04-01,서대문구,2019,4,970.0,1617.0,967.0,427383.0420032258,391979.7826612903,24652.748561290322,10750.510787096773,446245.10428064514,409447.74742258067,438152.8986838709,419690.2872290323,223072.75519999999,52040.64923870967,68388.1419548387,102643.96400645161,18462.6114548387,0,72,7,138,28,0,186,0,0,174,0,0,0,25,,,,,,,,,,,API,978.0
2019-05-01,서대문구,2019,5,978.0,1718.0,987.0,423090.84539333335,387301.7720933333,25431.96430666667,10357.109,443100.3601433334,404437.44752,434446.93026666663,414979.35621,245783.37881,49613.35680666667,79011.14884333333,117158.87316,19467.574056666675,0,72,7,138,28,0,186,0,0,174,0,0,0,25,,,,,,,,,,,API,1042.0
2019-06-01,서대문구,2019,6,1042.0,2123.0,1049.0,411049.3700774194,374317.9516387097,25885.588732258064,10845.829712903227,431405.59680967743,393297.53269354836,421349.71387741936,403691.98165806447,221928.75053225807,46472.49496129032,70137.84783548387,105318.40773548387,17657.732219354835,0,72,7,138,28,0,186,0,0,174,0,0,0,25,,,,,,,,,,,API,1009.0
2019-07-01,서대문구,2019,7,1009.0,2143.0,1087.0,403253.3375466667,367870.16063,25851.165763333334,9532.011170000002,418888.13104,389448.4656233333,411132.4593733333,397625.39341,207432.11922999998,42691.956556666664,67905.72921666667,96834.43345666668,13507.06596333334,0,72,7,138,28,0,186,0,0,174,0,0,0,25,,,,,,,,,,,API,1100.0
2019-08-01,서대문구,2019,8,1100.0,1941.0,1080.0,390467.3042193548,357422.80131290323,22919.23593548387,10125.266977419355,404455.27739354834,378390.2630806452,398541.03218064515,384700.3556709678,196051.02426451613,42397.27568387097,61843.700351612904,91810.04822903225,13840.676509677418,0,72,7,138,28,0,186,0,0,174,0,0,0,25,,,,,,,,,,,API,1062.0
2019-09-01,서대문구,2019,9,1062.0,1686.0,1012.0,397045.3060096774,363384.61966774194,22689.30557419355,10971.380770967742,411278.0836903226,385060.8014064516,403885.7549580645,392159.2710483871,200257.67857096775,43362.62567741935,62893.35363870968,94001.6992548387,11726.483909677427,0,72,7,138,28,0,186,0,0,174,0,0,0,25,,,,,,,,,,,API,1010.0
2019-10-01,서대문구,2019,10,1010.0,1644.0,998.0,411373.41732,374982.6981066667,25098.153206666666,11292.56602,432988.8442333333,394494.9267933333,422156.32673666667,403671.33918,220371.67510333334,50736.96684,65498.99900333334,104135.70925999999,18484.987556666674,0,72,7,138,28,0,186,0,0,174,0,0,0,25,,,,,,,,,,,API,990.0
2019-11-01,서대문구,2019,11,990.0,1573.0,961.0,422523.4278887097,385100.1040919355,25403.454533870965,12019.869235483871,445539.6805112903,404167.9552322581,436819.23137903225,412312.1396435484,235169.9572467742,50623.97323225807,68983.77389516128,115562.21011935484,24507.091735483868,0,72,7,138,28,0,186,0,0,174,0,0,0,25,,,,,,,,,,,API,969.0
2019-12-01,서대문구,2019,12,969.0,1719.0,1073.0,421179.58703999995,383843.6773,25157.5417,12178.36804,442459.3924566667,403962.1256166667,434008.24349666666,412016.26099000004,226009.98573666668,49437.03152333333,66939.31729333333,109633.63691999999,21991.98250666667,0,72,7,138,28,0,186,0,0,174,0,0,0,25,,,,,,,,,,,API,1031.0
2020-01-01,서대문구,2020,1,1031.0,1539.0,964.0,418144.3778967742,381959.87133548385,24588.92138387097,11595.585196774195,439287.80230322585,401519.9626580645,431521.3199903226,408589.41928387096,233264.80890645162,51064.7329451613,69586.4036516129,112613.67230967742,22931.90070645161,0,44,2,112,16,1,130,0,0,161,0,0,0,9,749418.0,495302.0,254116.0,0.3391,,1277614.0,673296.0,604318.0,0.473,,API,983.0
2020-02-01,서대문구,2020,2,983.0,1406.0,877.0,396517.9856,365849.89137741935,19952.538232258063,10715.556006451612,414557.0546483871,381615.1522903226,406694.51985483867,389249.03256774193,218700.5956612903,49163.60103548387,66062.99844516128,103473.99618064516,17445.487287096774,0,44,2,112,16,1,130,0,0,161,0,0,0,9,749418.0,495302.0,254116.0,0.3391,,1277614.0,673296.0,604318.0,0.473,,API,769.0
2020-03-01,서대문구,2020,3,769.0,1543.0,970.0,402319.17425172415,371245.3430758621,21943.329817241378,9130.501379310344,417983.5041896552,389948.23788620695,412200.2860241379,395261.2372793103,207872.9294586207,42955.0578862069,65093.78936551724,99824.08220689655,16939.04874482759,0,44,2,112,16,1,130,0,0,161,0,0,0,9,749418.0,495302.0,254116.0,0.3391,,1277614.0,673296.0,604318.0,0.473,,API,736.0
2020-04-01,서대문구,2020,4,736.0,1582.0,978.0,392519.92402903223,365912.1649645161,21234.220567741933,5373.538503225806,405665.0052451613,381130.56195483875,399449.422316129,387570.2824064516,191454.4028419355,36627.62406129033,64418.82426129032,90407.95451935484,11879.139909677418,0,44,2,112,16,1,130,0,0,161,0,0,0,9,749418.0,495302.0,254116.0,0.3391,,1277614.0,673296.0,604318.0,0.473,,API,745.0
2020-05-01,서대문구,2020,5,745.0,1737.0,1042.0,387970.3197966667,363897.32619333337,20903.335643333332,3169.6579599999995,401839.83345,375862.86447333335,394222.24658,383504.6578033333,199499.12414666667,38720.89193333333,66250.06265,94528.16956333333,10717.58877666667,0,44,2,112,16,1,130,0,0,161,0,0,0,9,749418.0,495302.0,254116.0,0.3391,,1277614.0,673296.0,604318.0,0.473,,API,827.0
2020-06-01,서대문구,2020,6,827.0,1611.0,1009.0,385977.1972516129,360712.6667967742,22282.75438064516,2981.776083870968,400037.10660967743,374672.15918387094,391224.12191935483,382229.3939193548,198704.4174354839,38915.969141935486,66364.65043870968,93423.79785483872,8994.727999999996,0,44,2,112,16,1,130,0,0,161,0,0,0,9,749418.0,495302.0,254116.0,0.3391,,1277614.0,673296.0,604318.0,0.473,,API,845.0
2020-07-01,서대문구,2020,7,845.0,1746.0,1100.0,387436.89406333334,361280.2413966667,21977.446359999998,4179.206316666667,403145.1743233333,375906.1058833333,394961.59440666664,382062.1080966667,205970.45120333333,40711.67964,66900.12813,98358.64343333333,12899.486310000006,0,44,2,112,16,1,130,0,0,161,0,0,0,9,749418.0,495302.0,254116.0,0.3391,,1277614.0,673296.0,604318.0,0.473,,API,873.0
2020-08-01,서대문구,2020,8,873.0,1737.0,1062.0,381337.7911032258,356041.4133290323,21104.727070967743,4191.650703225806,394327.61504838715,371005.49768387096,386464.29193548387,377676.0048032258,199135.1146483871,39457.68065806451,64202.60919032258,95474.8248,8788.287132258063,0,44,2,112,16,1,130,0,0,161,0,0,0,9,749418.0,495302.0,254116.0,0.3391,,1277614.0,673296.0,604318.0,0.473,,API,869.0
2020-09-01,서대문구,2020,9,869.0,1646.0,1010.0,376525.93932580645,350473.9763935484,20337.148654838707,5714.814274193548,387041.64273870963,367866.93021290324,380182.5680387097,373914.061667742,188574.1514,35722.58372903226,64735.87660645161,88115.69106451613,6268.506370967735,0,44,2,112,16,1,130,0,0,161,0,0,0,9,749418.0,495302.0,254116.0,0.3391,,1277614.0,673296.0,604318.0,0.473,,API,827.0
2020-10-01,서대문구,2020,10,827.0,1679.0,990.0,380083.8082466667,354662.34269,20144.677353333333,5276.788206666666,391712.9338033333,370126.11484999995,383478.4253666667,377659.0817333333,191105.15347666666,35425.128866666666,66358.94526333333,89321.07934666667,5819.3436333333375,0,44,2,112,16,1,130,0,0,161,0,0,0,9,749418.0,495302.0,254116.0,0.3391,,1277614.0,673296.0,604318.0,0.473,,API,913.0
2020-11-01,서대문구,2020,11,913.0,1541.0,969.0,378141.90127419354,354866.52472903224,19646.08458387097,3629.2919612903224,391625.0618903226,366580.982216129,381583.36643548385,375683.7118612903,200320.1808548387,39119.78367096774,68731.94166129033,92468.45552258064,5899.654574193549,0,44,2,112,16,1,130,0,0,161,0,0,0,9,749418.0,495302.0,254116.0,0.3391,,1277614.0,673296.0,604318.0,0.473,,API,877.0
2020-12-01,서대문구,2020,12,877.0,1629.0,1031.0,382120.53089666663,357096.71930666664,19708.241283333333,5315.57032,394759.31534333335,371903.4205866667,386930.4753133334,378684.8563333333,203285.38751,39058.20222,69664.67155666667,94562.51373333334,8245.618979999997,0,44,2,112,16,1,130,0,0,161,0,0,0,9,749418.0,495302.0,254116.0,0.3391,,1277614.0,673296.0,604318.0,0.473,,API,797.0
2021-01-01,서대문구,2021,1,797.0,1545.0,983.0,382954.41480967746,356604.71747096773,19887.15428387097,6462.543058064516,393007.9543290323,374639.1487387097,387180.6446903226,379935.67918387096,187274.4238,33519.46774516129,69370.53083548386,84384.42521935483,7244.965506451614,1,16,1,62,31,1,75,0,0,119,0,0,0,24,728555.0,497049.0,231506.0,0.3178,,1257611.0,658294.0,599317.0,0.4766,,API,835.0
2021-02-01,서대문구,2021,2,835.0,1326.0,769.0,377891.3787451613,354935.2756258065,19310.51444516129,3645.5886774193546,387634.23148064513,369691.66940967744,382091.8296451613,374891.05666129035,191827.23349032257,35006.80807419355,72442.16341612903,84378.262,7200.7729838709665,1,16,1,62,31,1,75,0,0,119,0,0,0,24,728555.0,497049.0,231506.0,0.3178,,1257611.0,658294.0,599317.0,0.4766,,API,712.0
2021-03-01,서대문구,2021,3,712.0,1280.0,736.0,375242.6579714286,351627.79894285713,18986.46471071429,4628.394325,387026.1972535714,365202.7190107143,379096.7585392857,372489.7290107143,199881.44188571427,38771.85683928571,72408.09255,88701.49249642857,6607.02952857143,1,16,1,62,31,1,75,0,0,119,0,0,0,24,728555.0,497049.0,231506.0,0.3178,,1257611.0,658294.0,599317.0,0.4766,,API,829.0
2021-04-01,서대문구,2021,4,829.0,1390.0,745.0,385003.89148064516,360381.79926774197,19373.825287096774,5248.266922580645,398773.98823225807,374176.8551870968,390832.94843870966,380840.27939032257,205578.11808064516,42715.625132258065,70050.81673225807,92811.67621612904,9992.669048387092,1,16,1,62,31,1,75,0,0,119,0,0,0,24,728555.0,497049.0,231506.0,0.3178,,1257611.0,658294.0,599317.0,0.4766,,API,837.0
2021-05-01,서대문구,2021,5,837.0,1514.0,827.0,381026.8712,358076.47606333334,19457.936616666666,3492.458506666667,395287.80676,369868.94105666666,386316.4705233333,377248.58596666664,214785.99313333334,39944.18439666667,75338.30004999999,99503.50868666667,9067.884556666662,1,16,1,62,31,1,75,0,0,119,0,0,0,24,728555.0,497049.0,231506.0,0.3178,,1257611.0,658294.0,599317.0,0.4766,,API,965.0
2021-06-01,서대문구,2021,6,965.0,1530.0,845.0,377371.4318967742,354651.86536774196,19273.330061290322,3446.23645483871,391087.86072258063,366005.8508,381205.79820322583,374632.5988129032,203914.41879032258,38254.73293225807,73006.26033225805,92653.42552580645,6573.19939032258,1,16,1,62,31,1,75,0,0,119,0,0,0,24,728555.0,497049.0,231506.0,0.3178,,1257611.0,658294.0,599317.0,0.4766,,API,990.0
2021-07-01,서대문구,2021,7,990.0,1500.0,873.0,380214.2390533333,357096.75132,18791.981783333333,4325.50595,394581.28886,369298.1214633333,385689.15852,376303.58229333337,211828.43516666666,40339.88933333333,73837.49063333333,97651.0552,9385.57622666667,1,16,1,62,31,1,75,0,0,119,0,0,0,24,728555.0,497049.0,231506.0,0.3178,,1257611.0,658294.0,599317.0,0.4766,,API,938.0
2021-08-01,서대문구,2021,8,938.0,1618.0,869.0,369418.6921,348871.4408870968,17622.924045161293,2924.327164516129,381048.27836129034,360363.54428709677,373520.2856387097,366488.9824096774,194666.78392580643,36568.366112903226,70386.1042483871,87712.31356451612,7031.303229032264,1,16,1,62,31,1,75,0,0,119,0,0,0,24,728555.0,497049.0,231506.0,0.3178,,1257611.0,658294.0,599317.0,0.4766,,API,1053.0
2021-09-01,서대문구,2021,9,1053.0,1357.0,827.0,369913.9393677419,346614.9361516129,17956.442412903223,5342.5608,381203.7911838709,361025.90397419356,372462.025,368093.87821612903,190466.09551935483,35922.80172580645,68875.08582903225,85668.20796451613,4368.146783870966,1,16,1,62,31,1,75,0,0,119,0,0,0,24,728555.0,497049.0,231506.0,0.3178,,1257611.0,658294.0,599317.0,0.4766,,API,1021.0
2021-10-01,서대문구,2021,10,1021.0,1575.0,913.0,372303.5521166667,348757.56809,18373.71586333333,5172.2681600000005,385755.09564666665,361459.71324,374526.33508333337,370715.85001,194025.89071333333,38609.51410666667,68077.47671333334,87338.89989333334,3810.4850733333287,1,16,1,62,31,1,75,0,0,119,0,0,0,24,728555.0,497049.0,231506.0,0.3178,,1257611.0,658294.0,599317.0,0.4766,,API,991.0
2021-11-01,서대문구,2021,11,991.0,1419.0,877.0,375833.0972387097,353315.4398774193,18287.582832258064,4230.074519354839,389430.2298032258,364646.1029064516,378013.2170483871,374275.8687774193,194525.7745548387,37858.72892903226,68495.94015806452,88171.10546774193,3737.3482709677455,1,16,1,62,31,1,75,0,0,119,0,0,0,24,728555.0,497049.0,231506.0,0.3178,,1257611.0,658294.0,599317.0,0.4766,,API,959.0
2021-12-01,서대문구,2021,12,959.0,1344.0,797.0,380138.9214966667,356759.1133966667,18678.692406666665,4701.115703333333,394614.4506766667,369035.1087733333,385557.3792266667,376268.5945566667,209678.75403,41964.82144,71040.86228666667,96673.07030333333,9288.78467,1,16,1,62,31,1,75,0,0,119,0,0,0,24,728555.0,497049.0,231506.0,0.3178,,1257611.0,658294.0,599317.0,0.4766,,API,948.0
2022-01-01,서대문구,2022,1,948.0,1366.0,835.0,375512.8355290323,352264.949432258,18729.463129032258,4518.422974193549,388808.2681580645,365711.19032580644,380897.70382903225,371666.50104838714,200169.73474193548,38882.89817096775,70399.51324193549,90887.32332903227,9231.202780645157,0,12,1,39,18,0,59,0,0,60,0,0,0,0,763632.0,527780.0,235852.0,0.3089,76809.0,1311953.0,690112.0,621841.0,0.474,224322.0,API,938.0
2022-02-01,서대문구,2022,2,938.0,1193.0,712.0,367199.5242806452,345748.54493548383,18222.179358064517,3228.799987096774,379808.48749032256,357347.2243483871,371576.152516129,364073.36126774194,195594.27709032258,39414.654867741934,67273.24091290323,88906.38130967742,7502.791248387098,0,12,1,39,18,0,59,0,0,60,0,0,0,0,763632.0,527780.0,235852.0,0.3089,76809.0,1311953.0,690112.0,621841.0,0.474,224322.0,API,908.0
2022-03-01,서대문구,2022,3,908.0,1414.0,829.0,375249.78239999997,348237.90487857145,18677.7999,8334.077610714286,387582.9468321428,365994.8575571429,380004.3990392857,371853.6276571429,193651.79619999998,38326.59229285714,67317.90952142856,88007.2943857143,8150.771382142858,0,12,1,39,18,0,59,0,0,60,0,0,0,0,763632.0,527780.0,235852.0,0.3089,76809.0,1311953.0,690112.0,621841.0,0.474,224322.0,API,1008.0
2022-04-01,서대문구,2022,4,1008.0,1467.0,837.0,384039.9252935484,358100.68481935485,19398.48732580645,6540.753158064516,397006.09413870965,374139.96357419353,389340.4502419355,380253.8360419355,192813.10257419356,40970.972254838714,64542.59971935484,87299.5306,9086.614199999998,0,12,1,39,18,0,59,0,0,60,0,0,0,0,763632.0,527780.0,235852.0,0.3089,76809.0,1311953.0,690112.0,621841.0,0.474,224322.0,API,1007.0
2022-05-01,서대문구,2022,5,1007.0,1679.0,965.0,381394.6922466667,356572.91843666666,19571.440593333333,5250.333226666667,397766.07087999996,368789.81769666664,386930.66933999996,377440.4228933333,209035.44716666668,41362.19169,69627.52300999999,98045.73246666667,9490.246446666662,0,12,1,39,18,0,59,0,0,60,0,0,0,0,763632.0,527780.0,235852.0,0.3089,76809.0,1311953.0,690112.0,621841.0,0.474,224322.0,API,1018.0
2022-06-01,서대문구,2022,6,1018.0,1777.0,990.0,388504.9321645161,361792.81387741934,20217.93771935484,6494.180570967742,407379.70826774195,373717.6398967742,394663.9886032258,384105.6061387097,213103.2296387097,44346.8165,68640.2691032258,100116.14403548387,10558.382464516131,0,12,1,39,18,0,59,0,0,60,0,0,0,0,763632.0,527780.0,235852.0,0.3089,76809.0,1311953.0,690112.0,621841.0,0.474,224322.0,API,996.0
2022-07-01,서대문구,2022,7,996.0,1715.0,938.0,390690.4123533333,362147.28691666666,20333.064276666668,8210.061169999999,408126.00090000004,376892.89314,396231.48798,386732.5011833333,209724.98547,42964.767400000004,69008.26643999999,97751.95163,9498.986796666666,0,12,1,39,18,0,59,0,0,60,0,0,0,0,763632.0,527780.0,235852.0,0.3089,76809.0,1311953.0,690112.0,621841.0,0.474,224322.0,API,1103.0
2022-08-01,서대문구,2022,8,1103.0,1775.0,1053.0,374363.13448709674,347286.3393064516,19084.320016129033,7992.475174193549,390190.6459129032,360858.3642322581,378522.6577548387,371392.0464290323,196801.87268064517,41468.93655483871,64554.8370032258,90778.09912258065,7130.6113258064515,0,12,1,39,18,0,59,0,0,60,0,0,0,0,763632.0,527780.0,235852.0,0.3089,76809.0,1311953.0,690112.0,621841.0,0.474,224322.0,API,1147.0
2022-09-01,서대문구,2022,9,1147.0,1849.0,1021.0,377594.3823064516,347516.5321225806,19943.900541935483,10133.949632258064,393753.8623806451,364450.16576451616,382052.6088129032,374409.93479354837,200055.54623548387,42550.98361935484,65291.85352580645,92212.70909032259,7642.6740193548385,0,12,1,39,18,0,59,0,0,60,0,0,0,0,763632.0,527780.0,235852.0,0.3089,76809.0,1311953.0,690112.0,621841.0,0.474,224322.0,API,1030.0
2022-10-01,서대문구,2022,10,1030.0,1776.0,991.0,387693.08145,354792.82312333334,20908.52722666667,11991.731116666666,410289.8570533333,370913.4375833333,395879.95205333334,381845.3167266667,209145.35526,48714.8985,62884.29804,97546.15871999999,14034.635326666674,0,12,1,39,18,0,59,0,0,60,0,0,0,0,763632.0,527780.0,235852.0,0.3089,76809.0,1311953.0,690112.0,621841.0,0.474,224322.0,API,1100.0
2022-11-01,서대문구,2022,11,1100.0,1873.0,959.0,386181.89187096775,355258.9089516129,20975.795125806453,9947.1878,406746.3535483871,369436.58768064517,392367.5948870968,381763.53257741936,200701.9828,43538.47171612903,62930.60361612903,94232.90746774194,10604.06230967742,0,12,1,39,18,0,59,0,0,60,0,0,0,0,763632.0,527780.0,235852.0,0.3089,76809.0,1311953.0,690112.0,621841.0,0.474,224322.0,API,1074.0
2022-12-01,서대문구,2022,12,1074.0,1851.0,948.0,392883.92327333335,360799.1305733333,22062.663569999997,10022.129126666667,414365.75679333333,376756.17277,402384.94251666666,386097.4809766667,213297.56582666666,46287.60371333334,64289.02093333333,102720.94118000001,16287.461539999998,0,12,1,39,18,0,59,0,0,60,0,0,0,0,763632.0,527780.0,235852.0,0.3089,76809.0,1311953.0,690112.0,621841.0,0.474,224322.0,API,1115.0
2023-01-01,서대문구,2023,1,1115.0,1656.0,938.0,392885.5755387097,359684.78041935485,22616.767958064516,10584.027167741935,411168.4449548387,377963.6848387097,399794.27421935485,387950.790767742,199912.67487096775,43488.775551612904,61574.768812903225,94849.13050645162,11843.483451612901,1,19,12,226,22,2,172,0,0,83,0,0,0,14,726301.0,505507.0,220794.0,0.304,80766.0,1326543.0,676859.0,649684.0,0.4898,224314.0,API,976.0
2023-02-01,서대문구,2023,2,976.0,1710.0,908.0,375347.8068387097,347153.75188709673,19297.537422580644,8896.517541935484,392312.9866903226,361610.0687225807,380723.1090516129,371508.3052612903,190223.75021612903,42893.90339677419,60191.718325806454,87138.12849354839,9214.803790322572,1,19,12,226,22,2,172,0,0,83,0,0,0,14,726301.0,505507.0,220794.0,0.304,80766.0,1326543.0,676859.0,649684.0,0.4898,224314.0,API,903.0
2023-03-01,서대문구,2023,3,903.0,2249.0,1008.0,382958.47656428575,352601.1475285714,19822.450835714288,10534.878210714287,401550.8834821429,368442.5915892857,390947.41083214286,377252.0949464286,201440.4067107143,47934.80435,60616.30140357143,92889.30095714286,13695.315885714286,1,19,12,226,22,2,172,0,0,83,0,0,0,14,726301.0,505507.0,220794.0,0.304,80766.0,1326543.0,676859.0,649684.0,0.4898,224314.0,API,1070.0
2023-04-01,서대문구,2023,4,1070.0,1766.0,1007.0,399485.6951193548,364078.0341129032,22691.80988064516,12715.851132258065,424280.4239064516,381495.7360064516,411257.00948387093,391077.61344838707,206608.26272903226,52435.03271935484,56867.09876774194,97306.13124193548,20179.396035483882,1,19,12,226,22,2,172,0,0,83,0,0,0,14,726301.0,505507.0,220794.0,0.304,80766.0,1326543.0,676859.0,649684.0,0.4898,224314.0,API,1040.0
2023-05-01,서대문구,2023,5,1040.0,1687.0,1018.0,394455.7274833333,360829.71112666663,22598.77243333333,11027.243916666666,418294.91089,376829.21941333334,404273.8222,387442.80267666664,213794.8872333333,46853.81498333334,64213.21456666666,102727.85768333334,16831.019523333332,1,19,12,226,22,2,172,0,0,83,0,0,0,14,726301.0,505507.0,220794.0,0.304,80766.0,1326543.0,676859.0,649684.0,0.4898,224314.0,API,1155.0
2023-06-01,서대문구,2023,6,1155.0,1573.0,996.0,391678.2925967742,358603.1719451613,22553.980248387095,10521.140419354839,415254.1540064516,374071.97419032257,401509.2497548387,384656.1803516129,208748.83722903224,45930.97501935484,62349.07072580645,100468.79148387097,16853.069403225803,1,19,12,226,22,2,172,0,0,83,0,0,0,14,726301.0,505507.0,220794.0,0.304,80766.0,1326543.0,676859.0,649684.0,0.4898,224314.0,API,1058.0
2023-07-01,서대문구,2023,7,1058.0,1896.0,1103.0,386379.00001666666,354458.59615,21455.155076666666,10465.248796666669,407182.24301000003,370732.8199033334,395093.1516433333,380154.60600666667,204281.44233,44813.20704666666,62193.84972333333,97274.38556000001,14938.545636666668,1,19,12,226,22,2,172,0,0,83,0,0,0,14,726301.0,505507.0,220794.0,0.304,80766.0,1326543.0,676859.0,649684.0,0.4898,224314.0,API,1138.0
2023-08-01,서대문구,2023,8,1138.0,2021.0,1147.0,372679.71475161286,344558.2715838709,17923.853312903226,10197.589874193549,391147.8208806452,358193.9979032258,380033.8302483871,367426.77510645165,191574.2833483871,43894.51249354839,58002.50205483871,89677.2688,12607.05514193549,1,19,12,226,22,2,172,0,0,83,0,0,0,14,726301.0,505507.0,220794.0,0.304,80766.0,1326543.0,676859.0,649684.0,0.4898,224314.0,API,1209.0
2023-09-01,서대문구,2023,9,1209.0,1808.0,1030.0,373086.40544516133,344670.87155806454,18501.605596774192,9913.928312903225,392391.37877096777,358384.8288935484,381412.96656451613,367138.8618032258,195406.20802580647,44237.67446129032,58955.262906451615,92213.27065806452,14274.104761290331,1,19,12,226,22,2,172,0,0,83,0,0,0,14,726301.0,505507.0,220794.0,0.304,80766.0,1326543.0,676859.0,649684.0,0.4898,224314.0,API,1060.0
2023-10-01,서대문구,2023,10,1060.0,1811.0,1100.0,390332.78866333334,357359.97193666664,21897.624466666664,11075.19227,416440.83305666666,370187.7618833333,401701.0875,382212.57522,207159.55637,50034.654866666664,59407.48398333333,97717.41751999999,19488.51227999999,1,19,12,226,22,2,172,0,0,83,0,0,0,14,726301.0,505507.0,220794.0,0.304,80766.0,1326543.0,676859.0,649684.0,0.4898,224314.0,API,1077.0
2023-11-01,서대문구,2023,11,1077.0,1724.0,1074.0,388222.22890322586,355594.9849870968,21833.96061935484,10793.28330967742,411196.0347967742,370194.26035483874,397295.57872903225,381741.2647419355,202406.99815806453,44877.40650322581,60746.07431290323,96783.51734193548,15554.313987096763,1,19,12,226,22,2,172,0,0,83,0,0,0,14,726301.0,505507.0,220794.0,0.304,80766.0,1326543.0,676859.0,649684.0,0.4898,224314.0,API,1066.0
2023-12-01,서대문구,2023,12,1066.0,1945.0,1115.0,401468.22045666666,367455.4812766667,22841.749209999998,11170.989973333333,427793.1919466667,381608.24597333337,415090.8872,391737.7442433333,221362.63263333336,52118.41132,62657.936963333326,106586.28435,23353.142956666663,1,19,12,226,22,2,172,0,0,83,0,0,0,14,726301.0,505507.0,220794.0,0.304,80766.0,1326543.0,676859.0,649684.0,0.4898,224314.0,API,1100.0
2024-01-01,서대문구,2024,1,1100.0,1723.0,976.0,399956.5124774194,364005.5464290323,24360.219770967742,11590.74628064516,422043.1162612903,381388.1196870968,409449.97188387095,393175.4700419355,206225.29289032257,48952.77120967742,60894.89585483871,96377.62582580645,16274.501841935484,0,16,7,170,32,9,232,0,0,90,0,0,0,20,692450.0,479341.0,213109.0,0.3078,92466.0,1273651.0,649868.0,623783.0,0.4898,256996.0,API,1010.0
2024-02-01,서대문구,2024,2,1010.0,1473.0,903.0,378387.87852258066,349670.32821612904,18423.546867741938,10294.003438709677,402614.0673064516,358687.5531354839,389293.7740096774,370597.95318387094,196002.2219516129,47601.41618709678,57517.695751612904,90883.11001290323,18695.820825806462,0,16,7,170,32,9,232,0,0,90,0,0,0,20,692450.0,479341.0,213109.0,0.3078,92466.0,1273651.0,649868.0,623783.0,0.4898,256996.0,API,853.0
2024-03-01,서대문구,2024,3,853.0,1717.0,1070.0,375375.5894689655,346878.7243413793,17702.887689655174,10793.977434482758,399147.0128068966,357845.40195172414,387687.4681275862,366581.3904310345,201613.92979310342,48526.729037931036,58488.41514827586,94598.78560689655,21106.07769655172,0,16,7,170,32,9,232,0,0,90,0,0,0,20,692450.0,479341.0,213109.0,0.3078,92466.0,1273651.0,649868.0,623783.0,0.4898,256996.0,API,862.0
2024-04-01,서대문구,2024,4,862.0,1783.0,1040.0,396908.36733548384,363221.55035161285,21864.65959032258,11822.1574,425878.79063225805,375902.7009290323,412800.65821290325,385556.7309903226,208157.89066129032,53939.9498967742,55989.304796774195,98228.63596774192,27243.92722258065,0,16,7,170,32,9,232,0,0,90,0,0,0,20,692450.0,479341.0,213109.0,0.3078,92466.0,1273651.0,649868.0,623783.0,0.4898,256996.0,API,881.0
2024-05-01,서대문구,2024,5,881.0,1975.0,1155.0,396788.1447866667,361866.28393,22316.12529333333,12605.735576666666,426158.30525333335,376022.08172,411439.89893666666,386322.60611666663,219179.82043333334,48653.70373,61555.58777333333,108970.52893,25117.29282,0,16,7,170,32,9,232,0,0,90,0,0,0,20,692450.0,479341.0,213109.0,0.3078,92466.0,1273651.0,649868.0,623783.0,0.4898,256996.0,API,939.0
2024-06-01,서대문구,2024,6,939.0,1792.0,1058.0,393061.8471903226,358637.36552903225,22210.303180645158,12214.178483870968,420616.7142774194,373564.5815967742,406053.51265806454,383782.0861483871,199845.66256451613,46536.623822580645,53528.4876032258,99780.55113870968,22271.426509677418,0,16,7,170,32,9,232,0,0,90,0,0,0,20,692450.0,479341.0,213109.0,0.3078,92466.0,1273651.0,649868.0,623783.0,0.4898,256996.0,API,911.0
2024-07-01,서대문구,2024,7,911.0,1917.0,1138.0,384785.5029533334,351575.23843333335,21201.66488333333,12008.59964,409092.29684,366426.7367966667,395551.69701666664,377095.36433333333,195212.53552666667,45354.3489,54834.36313333334,95023.82349333333,18456.332683333323,0,16,7,170,32,9,232,0,0,90,0,0,0,20,692450.0,479341.0,213109.0,0.3078,92466.0,1273651.0,649868.0,623783.0,0.4898,256996.0,API,946.0
2024-08-01,서대문구,2024,8,946.0,1989.0,1209.0,378813.29874193546,347998.7785032258,17907.188170967744,12907.332087096773,403731.3842129032,359980.9079516129,391628.4327516129,369659.63162903226,195361.67899999997,47295.179087096774,51374.326006451614,96692.17390645162,21968.801122580637,0,16,7,170,32,9,232,0,0,90,0,0,0,20,692450.0,479341.0,213109.0,0.3078,92466.0,1273651.0,649868.0,623783.0,0.4898,256996.0,API,956.0
2024-09-01,서대문구,2024,9,956.0,1785.0,1060.0,376525.9998,345468.59203225805,18068.37109032258,12989.036683870967,398802.7305387097,358270.0319741935,385776.5649903226,369918.4532483871,192984.76326774192,45639.347980645165,54143.01804193549,93202.3972451613,15858.11174193548,0,16,7,170,32,9,232,0,0,90,0,0,0,20,692450.0,479341.0,213109.0,0.3078,92466.0,1273651.0,649868.0,623783.0,0.4898,256996.0,API,815.0
2024-10-01,서대문구,2024,10,815.0,1772.0,1077.0,385103.42946,351549.8444666667,21042.518223333333,12511.066763333334,413134.14368,364469.6679966666,397033.77041,376581.75736,204714.90581333332,49815.82479666667,56429.258923333335,98469.82209333334,20452.01305,0,16,7,170,32,9,232,0,0,90,0,0,0,20,692450.0,479341.0,213109.0,0.3078,92466.0,1273651.0,649868.0,623783.0,0.4898,256996.0,API,817.0
2024-11-01,서대문구,2024,11,817.0,1668.0,1066.0,392413.7895709678,357982.9555,21658.066725806453,12772.76736451613,418141.49967096775,372297.9935806451,404436.29487419355,383826.2857967742,207195.4156451613,47037.67435483871,58219.14166451613,101938.59962580644,20610.009077419363,0,16,7,170,32,9,232,0,0,90,0,0,0,20,692450.0,479341.0,213109.0,0.3078,92466.0,1273651.0,649868.0,623783.0,0.4898,256996.0,API,793.0
2024-12-01,서대문구,2024,12,793.0,1848.0,1100.0,394392.3760733333,359319.69575,22075.628743333335,12997.05158,420829.72132333333,374888.17377,407573.66663666663,384977.1685166667,217839.25569333334,49974.933880000004,59969.232156666665,107895.08965666666,22596.498120000007,0,16,7,170,32,9,232,0,0,90,0,0,0,20,692450.0,479341.0,213109.0,0.3078,92466.0,1273651.0,649868.0,623783.0,0.4898,256996.0,API,837.0
2025-01-01,서대문구,2025,1,837.0,1597.0,1010.0,390660.1335774193,355238.88545483875,21199.48404516129,14221.764090322582,413785.0703483871,372287.1585935484,402346.02797096776,382313.0661548387,206043.73081935482,47629.22822903226,57788.94409677419,100625.5584935484,20032.96181612903,0,15,0,22,33,0,152,7,72,102,25,9,0,22,677376.0,466551.0,210825.0,0.3112,80258.0,1004422.0,539162.0,465260.0,0.4632,159247.0,API,820.0
2025-02-01,서대문구,2025,2,820.0,1446.0,853.0,370382.65081612905,339911.32973225805,17407.390638709676,13063.930441935485,391691.96004516125,354053.5166032258,379019.40216129035,364213.54271290323,188836.5315903226,43892.27021935484,55206.04340967742,89738.21796129033,14805.859448387097,0,15,0,22,33,0,152,7,72,102,25,9,0,22,677376.0,466551.0,210825.0,0.3112,80258.0,1004422.0,539162.0,465260.0,0.4632,159247.0,API,682.0
2025-03-01,서대문구,2025,3,682.0,1522.0,862.0,379842.5870071429,349688.42591071426,17373.58238928571,12780.578725,403926.41365714284,362424.2903464286,393179.068875,370316.52853214287,203072.30737142856,48557.140335714284,55087.938749999994,99427.22828571429,22862.54034285715,0,15,0,22,33,0,152,7,72,102,25,9,0,22,677376.0,466551.0,210825.0,0.3112,80258.0,1004422.0,539162.0,465260.0,0.4632,159247.0,API,722.0
2025-04-01,서대문구,2025,4,722.0,1587.0,881.0,396714.50120967743,361380.514283871,21270.373535483872,14063.613387096775,425469.01938709675,376725.3569451613,411553.7743967742,386115.02036774193,205651.3372451613,53497.97249677419,52369.23324516129,99784.1315032258,25438.754029032258,0,15,0,22,33,0,152,7,72,102,25,9,0,22,677376.0,466551.0,210825.0,0.3112,80258.0,1004422.0,539162.0,465260.0,0.4632,159247.0,API,734.0
2025-05-01,서대문구,2025,5,734.0,1741.0,939.0,396628.77795333334,361813.9021733334,21783.581553333333,13031.29423,426306.32976,375419.55527,412327.4614433333,385415.43260999996,223430.75667666664,50197.18401,60500.95883,112732.61383666666,26912.028833333334,0,15,0,22,33,0,152,7,72,102,25,9,0,22,677376.0,466551.0,210825.0,0.3112,80258.0,1004422.0,539162.0,465260.0,0.4632,159247.0,API,767.0
2025-06-01,서대문구,2025,6,767.0,1756.0,911.0,387064.18227096775,354568.2411096774,21082.41927096774,11413.5219,415091.66928387096,367970.2587741935,400581.2572967742,377409.12868064514,206644.53151935484,46896.99037741936,56891.316312903225,102856.22482903225,23172.128616129034,0,15,0,22,33,0,152,7,72,102,25,9,0,22,677376.0,466551.0,210825.0,0.3112,80258.0,1004422.0,539162.0,465260.0,0.4632,159247.0,API,789.0
2025-07-01,서대문구,2025,7,789.0,1779.0,946.0,384356.0502466667,352253.3498766667,20290.51976,11812.180633333333,408512.2677566667,367622.7328,396448.9434466667,375718.26940333337,204091.58988333333,45907.93926666667,56591.74053666667,101591.91008,20730.67404333333,0,15,0,22,33,0,152,7,72,102,25,9,0,22,677376.0,466551.0,210825.0,0.3112,80258.0,1004422.0,539162.0,465260.0,0.4632,159247.0,API,783.0
2025-08-01,서대문구,2025,8,783.0,1917.0,956.0,374676.1316548387,345862.5565225806,16741.92309032258,12071.652029032257,399894.1680645161,356841.49312580645,388069.3545193548,365109.543883871,201438.25764516127,47408.305770967745,53099.094106451616,100930.85776774194,22959.810635483875,0,15,0,22,33,0,152,7,72,102,25,9,0,22,677376.0,466551.0,210825.0,0.3112,80258.0,1004422.0,539162.0,465260.0,0.4632,159247.0,API,811.0
2025-09-01,서대문구,2025,9,811.0,1515.0,815.0,368187.4930225807,340148.24136129033,16555.56528709677,11483.68637096774,391340.0884677419,351926.10183870967,379597.9483258065,360037.16783225804,195347.89472903227,45458.93162580645,53870.93670322581,96018.02639999999,19560.780493548395,0,15,0,22,33,0,152,7,72,102,25,9,0,22,677376.0,466551.0,210825.0,0.3112,80258.0,1004422.0,539162.0,465260.0,0.4632,159247.0,API,797.0
2025-10-01,서대문구,2025,10,797.0,1538.0,817.0,392808.9318533334,360791.37426333333,20769.85151,11247.706083333333,425349.5582866667,371156.7086633333,411094.19940000004,379748.0264766666,221448.68589666666,55541.96190333333,56096.32488666666,109810.39910666666,31346.172923333335,0,15,0,22,33,0,152,7,72,102,25,9,0,22,677376.0,466551.0,210825.0,0.3112,80258.0,1004422.0,539162.0,465260.0,0.4632,159247.0,API,772.0
2025-11-01,서대문구,2025,11,772.0,1541.0,793.0,377934.26505483873,345513.6581225806,20406.698358064517,12013.908567741935,404317.33868387097,359240.046,389464.92232580646,369698.0812870968,196924.44253870967,45852.14599677419,54008.58436774193,97063.71217419354,19766.841038709677,0,15,0,22,33,0,152,7,72,102,25,9,0,22,677376.0,466551.0,210825.0,0.3112,80258.0,1004422.0,539162.0,465260.0,0.4632,159247.0,API,794.0
2025-12-01,서대문구,2025,12,794.0,1600.0,837.0,392125.74645333336,358410.67624666664,21287.650486666666,12427.41972,419236.3375833333,373934.9058233333,407265.9893433333,381311.28725,208823.84812666665,49361.66400333333,54478.280986666665,104983.90313666666,25954.702093333333,0,15,0,22,33,0,152,7,72,102,25,9,0,22,677376.0,466551.0,210825.0,0.3112,80258.0,1004422.0,539162.0,465260.0,0.4632,159247.0,API,861.0
2017-01-01,서초구,2017,1,,,,,,,,,,,,,,,,,1,90,14,129,38,30,339,0,0,140,0,0,0,58,,,,,,,,,,,API,1282.0
2017-02-01,서초구,2017,2,1282.0,,,,,,,,,,,,,,,,1,90,14,129,38,30,339,0,0,140,0,0,0,58,,,,,,,,,,,API,1025.0
2017-03-01,서초구,2017,3,1025.0,,,,,,,,,,,,,,,,1,90,14,129,38,30,339,0,0,140,0,0,0,58,,,,,,,,,,,API,1159.0
2017-04-01,서초구,2017,4,1159.0,,,,,,,,,,,,,,,,1,90,14,129,38,30,339,0,0,140,0,0,0,58,,,,,,,,,,,API,1192.0
2017-05-01,서초구,2017,5,1192.0,,,,,,,,,,,,,,,,1,90,14,129,38,30,339,0,0,140,0,0,0,58,,,,,,,,,,,API,1202.0
2017-06-01,서초구,2017,6,1202.0,,,,,,,,,,,,,,,,1,90,14,129,38,30,339,0,0,140,0,0,0,58,,,,,,,,,,,API,1240.0
2017-07-01,서초구,2017,7,1240.0,,,,,,,,,,,,,,,,1,90,14,129,38,30,339,0,0,140,0,0,0,58,,,,,,,,,,,API,1288.0
2017-08-01,서초구,2017,8,1288.0,,,,,,,,,,,,,,,,1,90,14,129,38,30,339,0,0,140,0,0,0,58,,,,,,,,,,,API,1345.0
2017-09-01,서초구,2017,9,1345.0,,,,,,,,,,,,,,,,1,90,14,129,38,30,339,0,0,140,0,0,0,58,,,,,,,,,,,API,1295.0
2017-10-01,서초구,2017,10,1295.0,,,,,,,,,,,,,,,,1,90,14,129,38,30,339,0,0,140,0,0,0,58,,,,,,,,,,,API,1238.0
2017-11-01,서초구,2017,11,1238.0,,,,,,,,,,,,,,,,1,90,14,129,38,30,339,0,0,140,0,0,0,58,,,,,,,,,,,API,1209.0
2017-12-01,서초구,2017,12,1209.0,,,,,,,,,,,,,,,,1,90,14,129,38,30,339,0,0,140,0,0,0,58,,,,,,,,,,,API,1434.0
2018-01-01,서초구,2018,1,1434.0,2106.0,1282.0,,,,,,,,,,,,,,0,85,5,126,33,30,398,0,0,167,0,0,0,48,,,,,,,,,,,API,1333.0
2018-02-01,서초구,2018,2,1333.0,1772.0,1025.0,,,,,,,,,,,,,,0,85,5,126,33,30,398,0,0,167,0,0,0,48,,,,,,,,,,,API,1175.0
2018-03-01,서초구,2018,3,1175.0,2065.0,1159.0,,,,,,,,,,,,,,0,85,5,126,33,30,398,0,0,167,0,0,0,48,,,,,,,,,,,API,1225.0
2018-04-01,서초구,2018,4,1225.0,1961.0,1192.0,,,,,,,,,,,,,,0,85,5,126,33,30,398,0,0,167,0,0,0,48,,,,,,,,,,,API,1253.0
2018-05-01,서초구,2018,5,1253.0,2051.0,1202.0,633192.0681,612372.61885,14540.743146153845,6278.706119230769,743523.5012653845,518356.6593730769,723369.761626923,568779.4298653846,467432.3699346154,147468.8200153846,97032.81411538461,222930.73580384615,154590.3317615385,0,85,5,126,33,30,398,0,0,167,0,0,0,48,,,,,,,,,,,API,1393.0
2018-06-01,서초구,2018,6,1393.0,2162.0,1240.0,630686.4379129033,609251.541667742,14570.322258064516,6864.573996774193,736684.6213548386,516061.089967742,716753.3753419355,567663.7472064517,452481.4198806452,142606.38076129032,94277.52331935483,215597.5158,149089.62813548386,0,85,5,126,33,30,398,0,0,167,0,0,0,48,,,,,,,,,,,API,1312.0
2018-07-01,서초구,2018,7,1312.0,2316.0,1288.0,632547.5752266666,611531.2318533334,14762.526810000001,6253.81656,743159.4845233334,519792.6458966667,722012.5161066666,568644.0460166667,432186.0790333333,140165.98743,88194.39552666666,203825.69607666665,153368.47009000002,0,85,5,126,33,30,398,0,0,167,0,0,0,48,,,,,,,,,,,API,1425.0
2018-08-01,서초구,2018,8,1425.0,2280.0,1345.0,640160.5129064516,618193.021132258,14957.619638709679,7009.872129032258,759801.9665032257,519168.1416483871,737261.8615290324,570802.4067741935,447077.25926774193,148730.01401612902,86737.77971935485,211609.46553225807,166459.4547548387,0,85,5,126,33,30,398,0,0,167,0,0,0,48,,,,,,,,,,,API,1429.0
2018-09-01,서초구,2018,9,1429.0,2273.0,1295.0,632154.2947387097,610146.2589516129,15224.190951612904,6783.844838709678,747150.0997387096,516706.4743967742,725032.9508806452,564473.3831483871,453136.6203935484,146108.1566064516,92374.67677096775,214653.78701612903,160559.56773225806,0,85,5,126,33,30,398,0,0,167,0,0,0,48,,,,,,,,,,,API,1159.0
2018-10-01,서초구,2018,10,1159.0,2005.0,1238.0,612502.78318,591758.6947133334,14285.014633333334,6459.073829999999,714098.0333533332,507911.3218766667,693172.8416166666,554881.3128733333,417599.69653,133292.53110333334,88311.49150666666,195995.67392,138291.52874333333,0,85,5,126,33,30,398,0,0,167,0,0,0,48,,,,,,,,,,,API,1246.0
2018-11-01,서초구,2018,11,1246.0,2099.0,1209.0,625218.2897322581,603980.426683871,14293.518887096774,6944.344167741936,733173.2606225807,514744.9148838709,713291.8608774194,561021.3797193548,435802.75937741937,141539.78057096776,89846.71825161291,204416.26055483872,152270.4811580645,0,85,5,126,33,30,398,0,0,167,0,0,0,48,,,,,,,,,,,API,1210.0
2018-12-01,서초구,2018,12,1210.0,2366.0,1434.0,634276.1620066667,612326.3670000001,14547.944389999999,7401.8506099999995,746767.3457066666,519476.14926333335,725757.4405333333,568932.3916366666,458952.15705333336,152672.81068666666,91919.96292333333,214359.38344333332,156825.04889666667,0,85,5,126,33,30,398,0,0,167,0,0,0,48,,,,,,,,,,,API,1403.0
2019-01-01,서초구,2019,1,1403.0,2286.0,1333.0,629370.9236483871,606414.1342967742,15746.835332258064,7209.954029032258,737846.8495612902,521215.46719032264,715977.6884483871,567508.9488032259,434139.1626612903,143230.26683548387,90017.924,200890.97182580645,148468.73964516132,0,76,1,115,28,13,350,0,0,121,0,0,0,41,,,,,,,,,,,API,1205.0
2019-02-01,서초구,2019,2,1205.0,1968.0,1175.0,638050.0555322581,613689.6378935485,17832.12681935484,6528.2908290322575,759076.5865709677,522760.0689709677,734350.2714548387,569264.187016129,464704.8305032258,155219.3707967742,92510.19719354839,216975.26251290325,165086.08443870966,0,76,1,115,28,13,350,0,0,121,0,0,0,41,,,,,,,,,,,API,1040.0
2019-03-01,서초구,2019,3,1040.0,2111.0,1225.0,602018.7718892858,579388.6998428571,17110.270160714288,5519.801889285714,709334.13365,498191.8334464286,684849.0690821428,542854.2738857142,426045.0182321429,140507.2566392857,89057.35058928572,196480.41100357144,141994.79519642857,0,76,1,115,28,13,350,0,0,121,0,0,0,41,,,,,,,,,,,API,1108.0
2019-04-01,서초구,2019,4,1108.0,2083.0,1253.0,625485.9134193548,602587.2818709678,17302.187351612905,5596.444219354838,735160.1308354839,518458.7413967742,713182.2343870967,562845.6841580645,417483.351,137854.66883225806,85405.03633225807,194223.64583548385,150336.55022903226,0,76,1,115,28,13,350,0,0,121,0,0,0,41,,,,,,,,,,,API,1123.0
2019-05-01,서초구,2019,5,1123.0,2279.0,1393.0,619496.5602133333,595848.1435866667,17695.867883333336,5952.548743333334,726686.65295,511878.77064,707492.1832566666,556642.54376,452589.78971333336,145872.67155,92589.17057333334,214127.94759,150849.63949666667,0,76,1,115,28,13,350,0,0,121,0,0,0,41,,,,,,,,,,,API,1272.0
2019-06-01,서초구,2019,6,1272.0,2216.0,1312.0,596364.4727129033,572928.9659032258,17240.932232258063,6194.57456451613,696567.312732258,494375.1272741935,677810.0741806452,538189.0430967741,409958.43511290324,133176.09958709677,83955.78129354838,192826.55423225806,139621.03108387097,0,76,1,115,28,13,350,0,0,121,0,0,0,41,,,,,,,,,,,API,1258.0
2019-07-01,서초구,2019,7,1258.0,2437.0,1425.0,596965.2151966667,573488.87098,17203.346576666667,6272.997619999999,696634.5013366666,498260.55534,677017.4273933334,539785.06362,394568.06481333333,128010.79407333332,84019.33970666668,182537.93103333333,137232.36377333335,0,76,1,115,28,13,350,0,0,121,0,0,0,41,,,,,,,,,,,API,1353.0
2019-08-01,서초구,2019,8,1353.0,2415.0,1429.0,603275.4421967742,581483.3429483871,15779.17084516129,6012.9284161290325,715718.0998225807,492809.1333516129,694376.2054129032,538203.4684741936,394880.11151935486,131875.07024838708,78078.51307741935,184926.52819354838,156172.73693870966,0,76,1,115,28,13,350,0,0,121,0,0,0,41,,,,,,,,,,,API,1353.0
2019-09-01,서초구,2019,9,1353.0,1962.0,1159.0,627476.1340838709,604024.2992967742,17603.693474193547,5848.1413096774195,736648.5526096774,519166.673383871,714956.458716129,564990.1879225806,411673.060516129,137077.63410000002,83096.24188709677,191499.18452903227,149966.2707935484,0,76,1,115,28,13,350,0,0,121,0,0,0,41,,,,,,,,,,,API,1256.0
2019-10-01,서초구,2019,10,1256.0,2087.0,1246.0,615622.2023733334,592411.3385300001,17170.580926666666,6040.282916666666,718691.6658266668,513057.39049,695949.3075566667,558245.6986666666,418402.7098866666,137306.10621666667,86781.35506666667,194315.2486033333,137703.60889,0,76,1,115,28,13,350,0,0,121,0,0,0,41,,,,,,,,,,,API,1265.0
2019-11-01,서초구,2019,11,1265.0,1966.0,1210.0,631374.3608290323,606627.2313451613,17494.888895161293,7252.2406,749642.1954161291,515363.270033871,724154.8507145161,565102.5823451612,449035.71062096773,148762.59120645162,87639.25276612904,212633.8666483871,159052.26836935486,0,76,1,115,28,13,350,0,0,121,0,0,0,41,,,,,,,,,,,API,1225.0
2019-12-01,서초구,2019,12,1225.0,2252.0,1403.0,625009.78787,600600.1051800001,17105.04259,7304.6401000000005,736483.4840999999,514941.5325466666,715023.1109566666,560714.5570966668,434623.13857333333,146251.89208333334,86705.86556,201665.38092999998,154308.55385999999,0,76,1,115,28,13,350,0,0,121,0,0,0,41,,,,,,,,,,,API,1319.0
2020-01-01,서초구,2020,1,1319.0,1981.0,1205.0,621832.8329903226,597409.3147032259,16807.796122580643,7615.722164516129,731512.8964870968,514513.4132096774,708746.4762032258,559751.6592774194,443087.64373548387,148106.77130967742,89300.52919354838,205680.34323225808,148994.81692580643,0,46,3,77,12,84,260,0,0,89,0,0,0,36,732300.0,468626.0,263674.0,0.3601,,1037770.0,502235.0,535535.0,0.516,,API,1142.0
2020-02-01,서초구,2020,2,1142.0,1726.0,1040.0,606239.5939032257,582464.2771870968,17495.584796774194,6279.731938709678,713660.9421741936,502671.3545580645,690730.1063774193,545889.2278548387,429472.0305741935,143029.5557967742,87969.64354193548,198472.83123548387,144840.87852258064,0,46,3,77,12,84,260,0,0,89,0,0,0,36,732300.0,468626.0,263674.0,0.3601,,1037770.0,502235.0,535535.0,0.516,,API,961.0
2020-03-01,서초구,2020,3,961.0,1869.0,1108.0,611528.9364931035,587790.6563310345,17623.270217241377,6115.009931034483,714873.4148827585,514189.67405172414,694527.6250172415,552244.1589793104,412188.9668758621,130157.3815413793,88249.63420344827,193781.95113103447,142283.46603793104,0,46,3,77,12,84,260,0,0,89,0,0,0,36,732300.0,468626.0,263674.0,0.3601,,1037770.0,502235.0,535535.0,0.516,,API,793.0
2020-04-01,서초구,2020,4,793.0,1984.0,1123.0,587952.3024903226,567560.6313225806,16169.750238709677,4221.920941935484,673481.4606935484,507686.69954516133,656903.4550580645,538701.4792290323,364836.8287387097,108194.32717096774,85311.6059516129,171330.89561612904,118201.97582903226,0,46,3,77,12,84,260,0,0,89,0,0,0,36,732300.0,468626.0,263674.0,0.3601,,1037770.0,502235.0,535535.0,0.516,,API,770.0
2020-05-01,서초구,2020,5,770.0,2108.0,1272.0,592046.0358266666,571529.4164933334,15788.517806666667,4728.101536666667,683070.8004433333,505298.94219666667,665512.9508999999,539569.66791,391625.26277,119151.42785000001,89621.13937666666,182852.69554333334,125943.28298999999,0,46,3,77,12,84,260,0,0,89,0,0,0,36,732300.0,468626.0,263674.0,0.3601,,1037770.0,502235.0,535535.0,0.516,,API,863.0
2020-06-01,서초구,2020,6,863.0,2066.0,1258.0,591616.8762290323,571231.2620870967,15695.563567741936,4690.050577419354,685327.1046096773,501478.5070322581,666712.0162774193,537977.4904709677,396523.67534838716,122570.42146129032,88791.12911612903,185162.12477096773,128734.52580645162,0,46,3,77,12,84,260,0,0,89,0,0,0,36,732300.0,468626.0,263674.0,0.3601,,1037770.0,502235.0,535535.0,0.516,,API,906.0
2020-07-01,서초구,2020,7,906.0,2296.0,1353.0,604700.9219666667,582533.4498533333,16500.667816666668,5666.804293333334,706824.5200766666,505096.32752666663,687690.5414033333,545422.6223666667,419818.3697733333,130462.00323,90547.02045666667,198809.34608666666,142267.91903666666,0,46,3,77,12,84,260,0,0,89,0,0,0,36,732300.0,468626.0,263674.0,0.3601,,1037770.0,502235.0,535535.0,0.516,,API,1091.0
2020-08-01,서초구,2020,8,1091.0,2243.0,1353.0,604576.003916129,583604.4420806452,15980.690870967743,4990.870964516129,708406.1412096774,503855.11721935484,688417.3390354839,544689.3359709678,418059.24003870966,131318.5520032258,89111.85351935485,197628.83451612905,143728.00306451612,0,46,3,77,12,84,260,0,0,89,0,0,0,36,732300.0,468626.0,263674.0,0.3601,,1037770.0,502235.0,535535.0,0.516,,API,1067.0
2020-09-01,서초구,2020,9,1067.0,2082.0,1256.0,578796.2622096774,558736.9210032258,13944.439622580645,6114.901593548388,666996.0379774193,495050.99212258065,649385.9491677419,528375.0572419355,376398.7688741936,113753.31532580646,86579.17176774194,176066.28178064516,121010.89192580646,0,46,3,77,12,84,260,0,0,89,0,0,0,36,732300.0,468626.0,263674.0,0.3601,,1037770.0,502235.0,535535.0,0.516,,API,936.0
2020-10-01,서초구,2020,10,936.0,2143.0,1265.0,575851.3832833334,558524.2717366667,13533.507810000001,3793.6037466666667,664423.8431633334,491373.66361,646994.92935,525034.5646633334,371427.98905,110241.02094,85902.62091,175284.34720000002,121960.36468666667,0,46,3,77,12,84,260,0,0,89,0,0,0,36,732300.0,468626.0,263674.0,0.3601,,1037770.0,502235.0,535535.0,0.516,,API,1028.0
2020-11-01,서초구,2020,11,1028.0,2063.0,1225.0,575940.0881290323,558610.9459645161,13720.139025806451,3609.0031193548384,664896.5154870967,489148.701732258,647383.2863774194,524909.2322451613,388822.64185483876,120403.71712903226,87510.34242258065,180908.58230322582,122474.05413225807,0,46,3,77,12,84,260,0,0,89,0,0,0,36,732300.0,468626.0,263674.0,0.3601,,1037770.0,502235.0,535535.0,0.516,,API,904.0
2020-12-01,서초구,2020,12,904.0,2164.0,1319.0,588737.2972833333,571076.8293433334,14096.398036666667,3564.0699099999997,687400.1510633334,493521.56978333334,668968.3929433334,531429.3718333333,405037.86316,127246.84519666666,87334.52699333333,190456.49097,137539.02111,0,46,3,77,12,84,260,0,0,89,0,0,0,36,732300.0,468626.0,263674.0,0.3601,,1037770.0,502235.0,535535.0,0.516,,API,819.0
2021-01-01,서초구,2021,1,819.0,1879.0,1142.0,569391.8550645161,552081.3791096774,13291.212732258065,4019.263222580645,657501.0352387097,488556.38896129036,640389.8818774193,518678.97877419356,354099.5354,105991.28843225806,82443.30885806451,165664.9381096774,121710.9031032258,0,24,1,90,27,98,181,0,0,77,0,0,0,16,717468.0,456071.0,261397.0,0.3643,,981779.0,470963.0,510816.0,0.5203,,API,904.0
2021-02-01,서초구,2021,2,904.0,1726.0,961.0,568682.7644225806,552528.1134612903,13252.497396774193,2902.153570967742,656526.6771483871,488638.2990903226,638792.2859354839,518604.5347645161,361791.8876387097,110234.86126774193,84573.18114516129,166983.84522580644,120187.75117096775,0,24,1,90,27,98,181,0,0,77,0,0,0,16,717468.0,456071.0,261397.0,0.3643,,981779.0,470963.0,510816.0,0.5203,,API,740.0
2021-03-01,서초구,2021,3,740.0,1543.0,793.0,568203.9969428572,551579.439025,13406.23952142857,3218.3183964285713,660968.4402678572,480808.4242107143,641864.4593607143,515589.380925,380473.87175,119230.83031071429,85470.36852500001,175772.6729142857,126275.07843571428,0,24,1,90,27,98,181,0,0,77,0,0,0,16,717468.0,456071.0,261397.0,0.3643,,981779.0,470963.0,510816.0,0.5203,,API,904.0
2021-04-01,서초구,2021,4,904.0,1469.0,770.0,586584.2326580646,569794.7754870967,13990.58140967742,2798.875764516129,686698.7663741935,490619.60579999996,667986.4866258064,528439.7655483871,396411.7181096774,125206.6529967742,84518.28888709677,186686.77622580645,139546.72107741932,0,24,1,90,27,98,181,0,0,77,0,0,0,16,717468.0,456071.0,261397.0,0.3643,,981779.0,470963.0,510816.0,0.5203,,API,1012.0
2021-05-01,서초구,2021,5,1012.0,1591.0,863.0,584530.8576366666,567930.3905333333,13976.299306666666,2624.1677966666666,683952.03437,488125.56705,665830.4236633333,526459.7390466667,416178.4268933333,129599.75546333333,89257.26218333333,197321.40924666668,139370.68461666667,0,24,1,90,27,98,181,0,0,77,0,0,0,16,717468.0,456071.0,261397.0,0.3643,,981779.0,470963.0,510816.0,0.5203,,API,990.0
2021-06-01,서초구,2021,6,990.0,1714.0,906.0,570963.9930419355,554888.9813774193,13414.809583870969,2660.2020806451615,662634.2733677418,480649.94282903225,645769.7363612903,517531.3192451613,388600.3336354838,121089.31053225805,86298.35597741936,181212.66712580645,128238.41711612901,0,24,1,90,27,98,181,0,0,77,0,0,0,16,717468.0,456071.0,261397.0,0.3643,,981779.0,470963.0,510816.0,0.5203,,API,1132.0
2021-07-01,서초구,2021,7,1132.0,1945.0,1091.0,583657.68722,566365.0033533333,13638.012233333335,3654.67166,684761.2460766666,485160.2366033333,666676.54338,524358.5042733334,411886.78521,129846.94993999999,87923.96868333334,194115.86658666667,142318.03910666666,0,24,1,90,27,98,181,0,0,77,0,0,0,16,717468.0,456071.0,261397.0,0.3643,,981779.0,470963.0,510816.0,0.5203,,API,1124.0
2021-08-01,서초구,2021,8,1124.0,1992.0,1067.0,569809.6596354839,553019.859167742,12985.79895483871,3804.0015193548384,663784.0501483871,479569.90019032254,646302.7340483872,515171.74935806455,382545.113383871,118220.08469032259,84930.58069032257,179394.4480032258,131130.9846903226,0,24,1,90,27,98,181,0,0,77,0,0,0,16,717468.0,456071.0,261397.0,0.3643,,981779.0,470963.0,510816.0,0.5203,,API,1096.0
2021-09-01,서초구,2021,9,1096.0,1752.0,936.0,561306.8645580645,544415.5878548387,12893.488048387097,3997.7886741935486,651225.6661290323,475944.3471483871,633735.229383871,509572.3182774193,372098.06893225806,113986.22062258064,84537.90480967742,173573.9435,124162.91110645162,0,24,1,90,27,98,181,0,0,77,0,0,0,16,717468.0,456071.0,261397.0,0.3643,,981779.0,470963.0,510816.0,0.5203,,API,1068.0
2021-10-01,서초구,2021,10,1068.0,1880.0,1028.0,555276.82209,538467.2012366666,12954.29812,3855.32275,642556.7592300001,471208.8220433333,624630.73838,505738.31047666667,367795.80445,112746.46432333333,84378.06205333333,170671.27807333332,118892.42790333332,0,24,1,90,27,98,181,0,0,77,0,0,0,16,717468.0,456071.0,261397.0,0.3643,,981779.0,470963.0,510816.0,0.5203,,API,1135.0
2021-11-01,서초구,2021,11,1135.0,1673.0,904.0,564581.7073419355,547241.4878451612,13223.00467419355,4117.21484516129,654375.2688935484,476703.76152580645,637253.2176,512673.4857548387,375061.56567419355,116829.94002258065,83227.1256967742,175004.4999548387,124579.7318451613,0,24,1,90,27,98,181,0,0,77,0,0,0,16,717468.0,456071.0,261397.0,0.3643,,981779.0,470963.0,510816.0,0.5203,,API,1099.0
2021-12-01,서초구,2021,12,1099.0,1499.0,819.0,583641.2685166667,564373.4369033333,13587.859176666667,5679.972423333334,684717.2383033334,484198.13650666666,666628.5113033333,524364.6665033333,410212.49715,131506.05562333332,85148.38262333332,193558.05890333332,142263.84480000002,0,24,1,90,27,98,181,0,0,77,0,0,0,16,717468.0,456071.0,261397.0,0.3643,,981779.0,470963.0,510816.0,0.5203,,API,1059.0
2022-01-01,서초구,2022,1,1059.0,1706.0,904.0,576062.3776935484,557937.8722064517,13224.648206451613,4899.857287096774,676136.3157064515,480222.9188548387,657415.561935484,517952.960383871,387496.65218709677,123221.59021612903,81471.40797741935,182803.6539935484,139462.6015516129,0,19,1,72,28,141,168,0,0,53,0,0,0,12,753504.0,486592.0,266912.0,0.3542,73447.0,1026438.0,493166.0,533272.0,0.5195,138739.0,API,990.0
2022-02-01,서초구,2022,2,990.0,1465.0,740.0,566961.0724193549,549586.9620129032,13086.19409032258,4287.916312903226,665431.7698225806,473540.48292903224,646266.694119355,510314.19977096777,383464.97185806447,123623.39577419354,80953.8459548387,178887.73012903225,135952.4943483871,0,19,1,72,28,141,168,0,0,53,0,0,0,12,753504.0,486592.0,266912.0,0.3542,73447.0,1026438.0,493166.0,533272.0,0.5195,138739.0,API,942.0
2022-03-01,서초구,2022,3,942.0,1715.0,904.0,565670.6782857144,545241.4280107144,12829.50612857143,7599.7441499999995,658464.224175,477381.3608678571,639986.0693357142,512588.25610714284,368678.57086785714,115736.69750714286,81187.71673571428,171754.156625,127397.81322857144,0,19,1,72,28,141,168,0,0,53,0,0,0,12,753504.0,486592.0,266912.0,0.3542,73447.0,1026438.0,493166.0,533272.0,0.5195,138739.0,API,1097.0
2022-04-01,서초구,2022,4,1097.0,1882.0,1012.0,564861.3993225807,547918.3688225807,12778.504487096776,4164.526022580645,654523.737316129,478618.2698516129,637867.6010225808,512714.11238709674,355830.40578709677,111140.28551290323,78776.25423870968,165913.86603548386,125153.48863548387,0,19,1,72,28,141,168,0,0,53,0,0,0,12,753504.0,486592.0,266912.0,0.3542,73447.0,1026438.0,493166.0,533272.0,0.5195,138739.0,API,1134.0
2022-05-01,서초구,2022,5,1134.0,1985.0,990.0,576782.8671166667,558472.2017933333,13107.161213333335,5203.504123333333,674264.0535133333,479233.33237666666,657546.2141766666,519094.7620733333,401815.49933,128595.25043333332,83332.50817333334,189887.74072333332,138451.45210333334,0,19,1,72,28,141,168,0,0,53,0,0,0,12,753504.0,486592.0,266912.0,0.3542,73447.0,1026438.0,493166.0,533272.0,0.5195,138739.0,API,1230.0
2022-06-01,서초구,2022,6,1230.0,2141.0,1132.0,587556.3535064517,568134.3999709677,13128.85404516129,6293.0995,688022.7597612903,486333.19907419354,669977.0235451612,528684.446348387,409092.24266774196,133369.86716451612,82674.42336129032,193047.9521419355,141292.5771967742,0,19,1,72,28,141,168,0,0,53,0,0,0,12,753504.0,486592.0,266912.0,0.3542,73447.0,1026438.0,493166.0,533272.0,0.5195,138739.0,API,1232.0
2022-07-01,서초구,2022,7,1232.0,2114.0,1124.0,595318.1563833334,575159.1422633334,13091.510223333335,7067.503906666667,699284.8035833334,493700.73456333333,679509.86954,535181.21841,410747.10446,133841.77599,84068.30554666667,192837.0229233333,144328.65113,0,19,1,72,28,141,168,0,0,53,0,0,0,12,753504.0,486592.0,266912.0,0.3542,73447.0,1026438.0,493166.0,533272.0,0.5195,138739.0,API,1424.0
2022-08-01,서초구,2022,8,1424.0,1906.0,1096.0,579724.8592677419,559785.3827709677,12673.488522580645,7265.987974193548,683673.6547322581,479510.7613483871,663628.4198032258,519793.74460967747,395067.97222903225,131468.27202903226,77864.6836419355,185735.0165580645,143834.67519354838,0,19,1,72,28,141,168,0,0,53,0,0,0,12,753504.0,486592.0,266912.0,0.3542,73447.0,1026438.0,493166.0,533272.0,0.5195,138739.0,API,1430.0
2022-09-01,서초구,2022,9,1430.0,1937.0,1068.0,568135.9361129032,548726.4247258065,12560.691103225807,6848.820290322581,666348.1789516129,471967.8267709677,648249.597048387,510911.8925870968,384282.6682935484,125978.33492903225,76870.7231580645,181433.61020645162,137337.70446129033,0,19,1,72,28,141,168,0,0,53,0,0,0,12,753504.0,486592.0,266912.0,0.3542,73447.0,1026438.0,493166.0,533272.0,0.5195,138739.0,API,1287.0
2022-10-01,서초구,2022,10,1287.0,2053.0,1135.0,566800.0397266666,547864.20746,12660.01298,6275.819293333333,664666.73927,469884.26049666665,645569.9609833334,510535.81024333334,385195.06807,127177.97406,75975.52690666667,182041.56710333333,135034.15074,0,19,1,72,28,141,168,0,0,53,0,0,0,12,753504.0,486592.0,266912.0,0.3542,73447.0,1026438.0,493166.0,533272.0,0.5195,138739.0,API,1278.0
2022-11-01,서초구,2022,11,1278.0,2083.0,1099.0,568003.9607645161,548519.0605548387,12703.052396774194,6781.847816129032,664207.6669290323,474892.3255612903,645455.3283193549,512681.55535806454,379861.1560516129,125608.53997741935,75906.37888387096,178346.2371903226,132773.77296129032,0,19,1,72,28,141,168,0,0,53,0,0,0,12,753504.0,486592.0,266912.0,0.3542,73447.0,1026438.0,493166.0,533272.0,0.5195,138739.0,API,1320.0
2022-12-01,서초구,2022,12,1320.0,2059.0,1059.0,580690.1921866667,561409.6080733333,12828.728023333333,6451.856083333333,688741.53277,474489.9964066667,669631.9587833334,517160.35890333337,407820.4091366667,135529.04167666667,77663.18233333335,194628.18512666665,152471.59988000002,0,19,1,72,28,141,168,0,0,53,0,0,0,12,753504.0,486592.0,266912.0,0.3542,73447.0,1026438.0,493166.0,533272.0,0.5195,138739.0,API,1366.0
2023-01-01,서초구,2023,1,1366.0,1892.0,990.0,578314.0165677419,559150.8431225806,12449.41785483871,6713.755606451613,685543.7139935484,475777.0578,664123.2378129032,517021.7156774193,386997.8129645161,130967.05549032259,71302.22726451613,184728.5302096774,147101.5221354839,3,18,18,239,33,88,188,0,0,139,0,0,0,16,701286.0,444517.0,256769.0,0.3661,75412.0,1018334.0,486349.0,531985.0,0.5224,135251.0,API,1205.0
2023-02-01,서초구,2023,2,1205.0,1967.0,942.0,567944.600883871,549073.2858451613,12575.896999999999,6295.418041935483,672117.953548387,469054.43079677416,650929.231067742,508669.86504516134,374668.8651483871,128319.64374193549,70024.65726774193,176324.56413870968,142259.36602258065,3,18,18,239,33,88,188,0,0,139,0,0,0,16,701286.0,444517.0,256769.0,0.3661,75412.0,1018334.0,486349.0,531985.0,0.5224,135251.0,API,1022.0
2023-03-01,서초구,2023,3,1022.0,2617.0,1097.0,589662.9454107143,570668.6726678571,13338.442910714284,5655.829846428571,705908.8517535714,479432.85724285716,683536.8076178571,522610.18669642863,402996.7900642857,141644.49598214286,71863.60363214285,189488.69045000002,160926.62092142855,3,18,18,239,33,88,188,0,0,139,0,0,0,16,701286.0,444517.0,256769.0,0.3661,75412.0,1018334.0,486349.0,531985.0,0.5224,135251.0,API,1204.0
2023-04-01,서초구,2023,4,1204.0,2302.0,1134.0,587648.7676419355,569114.8692225807,12979.910596774194,5553.987822580645,698576.0111870967,480840.5018645161,678165.8228161291,522993.7282419355,386698.04311612906,133391.8577548387,70423.53339032258,182882.65197096774,155172.09457419356,3,18,18,239,33,88,188,0,0,139,0,0,0,16,701286.0,444517.0,256769.0,0.3661,75412.0,1018334.0,486349.0,531985.0,0.5224,135251.0,API,1199.0
2023-05-01,서초구,2023,5,1199.0,2268.0,1230.0,579766.2360833333,560907.0778666666,12811.191833333334,6047.9664,683928.2270966667,478643.1196,664470.53226,519263.1674,395459.38547333336,134296.62365,75133.28338666666,186029.47843666666,145207.36486,3,18,18,239,33,88,188,0,0,139,0,0,0,16,701286.0,444517.0,256769.0,0.3661,75412.0,1018334.0,486349.0,531985.0,0.5224,135251.0,API,1331.0
2023-06-01,서초구,2023,6,1331.0,2330.0,1232.0,568173.9944129032,549883.3440967741,12691.010735483871,5599.639583870968,670833.274667742,465869.4921129032,650926.5545258065,509065.02289354836,384632.27181612904,128657.95924193549,74097.5225516129,181876.79002258065,141861.53163225806,3,18,18,239,33,88,188,0,0,139,0,0,0,16,701286.0,444517.0,256769.0,0.3661,75412.0,1018334.0,486349.0,531985.0,0.5224,135251.0,API,1306.0
2023-07-01,서초구,2023,7,1306.0,2693.0,1424.0,578058.04202,558850.3562299999,13055.915163333333,6151.7706333333335,685059.1771033333,473311.9854933333,664978.9945433333,515971.64737333334,393509.1667,132771.6415,73508.27421,187229.25099,149007.34717,3,18,18,239,33,88,188,0,0,139,0,0,0,16,701286.0,444517.0,256769.0,0.3661,75412.0,1018334.0,486349.0,531985.0,0.5224,135251.0,API,1356.0
2023-08-01,서초구,2023,8,1356.0,2712.0,1430.0,576041.1762709678,557033.1149935485,12970.873032258065,6037.188222580646,684333.8445967742,473181.7877451613,663298.6529290323,513714.40720967745,382429.79578387097,131762.20890967743,70525.74961612903,180141.8372580645,149584.24571935483,3,18,18,239,33,88,188,0,0,139,0,0,0,16,701286.0,444517.0,256769.0,0.3661,75412.0,1018334.0,486349.0,531985.0,0.5224,135251.0,API,1373.0
2023-09-01,서초구,2023,9,1373.0,2398.0,1287.0,569796.7668129032,551715.1189548387,12924.214341935483,5157.433522580645,675483.1464322581,468453.3335451613,655480.5706935484,508594.0497645161,375022.9954677419,128492.14938387096,68906.63788064517,177624.2082032258,146886.52092903224,3,18,18,239,33,88,188,0,0,139,0,0,0,16,701286.0,444517.0,256769.0,0.3661,75412.0,1018334.0,486349.0,531985.0,0.5224,135251.0,API,1305.0
2023-10-01,서초구,2023,10,1305.0,2316.0,1278.0,569069.7942133334,550420.43286,12903.767909999999,5745.59346,670714.0774666667,469251.05334,650784.88334,510701.8734066666,372069.66448,128328.89866666666,69015.03537333333,174725.73044,140083.00993333335,3,18,18,239,33,88,188,0,0,139,0,0,0,16,701286.0,444517.0,256769.0,0.3661,75412.0,1018334.0,486349.0,531985.0,0.5224,135251.0,API,1204.0
2023-11-01,서초구,2023,11,1204.0,2401.0,1320.0,568135.6115129032,548818.8496967742,12935.233170967742,6381.528658064516,666178.895083871,471012.95026129036,648105.4773419355,511014.27877741936,365195.0334677419,125191.99052580645,67832.9457,172170.09724193547,137091.19856451615,3,18,18,239,33,88,188,0,0,139,0,0,0,16,701286.0,444517.0,256769.0,0.3661,75412.0,1018334.0,486349.0,531985.0,0.5224,135251.0,API,1169.0
2023-12-01,서초구,2023,12,1169.0,2715.0,1366.0,589653.78951,569794.4667,13435.400889999999,6423.921923333333,702501.1620066667,478790.2862833334,682506.6934333333,523330.2867133334,401681.32144,141636.12559666668,70719.24006666667,189325.95577666667,159176.40671999997,3,18,18,239,33,88,188,0,0,139,0,0,0,16,701286.0,444517.0,256769.0,0.3661,75412.0,1018334.0,486349.0,531985.0,0.5224,135251.0,API,1287.0
2024-01-01,서초구,2024,1,1287.0,2239.0,1205.0,584407.8330548386,563182.0356032258,14375.8046,6849.992861290322,692302.959016129,480128.6961225807,671095.0597870968,522488.3853903226,376779.38522258063,134704.9768516129,67514.10612903225,174560.30224193548,148606.67439677418,1,32,13,397,37,62,232,0,0,74,0,0,0,18,666769.0,437034.0,229735.0,0.3445,81093.0,973301.0,469126.0,504175.0,0.518,149036.0,API,1204.0
2024-02-01,서초구,2024,2,1204.0,1988.0,1022.0,576518.3138387096,557154.7674903226,13590.722122580644,5772.824248387097,684838.9082419354,470265.2385096774,663064.3524580644,514699.71482903225,369123.19992580643,131956.33167419356,64511.06573870967,172655.8025129032,148364.63762903225,1,32,13,397,37,62,232,0,0,74,0,0,0,18,666769.0,437034.0,229735.0,0.3445,81093.0,973301.0,469126.0,504175.0,0.518,149036.0,API,1004.0
2024-03-01,서초구,2024,3,1004.0,2317.0,1204.0,575941.6963448275,556926.4819931035,13687.259165517242,5327.955189655173,685072.6158275863,470986.92882413795,663402.4660413794,513469.71799310343,375345.65691724134,132080.35391034483,66728.67349310344,176536.6295137931,149932.74804827588,1,32,13,397,37,62,232,0,0,74,0,0,0,18,666769.0,437034.0,229735.0,0.3445,81093.0,973301.0,469126.0,504175.0,0.518,149036.0,API,1010.0
2024-04-01,서초구,2024,4,1010.0,2326.0,1199.0,588205.9312129032,568431.4333709677,13646.193558064517,6128.304274193548,699544.9060451613,482136.1531064516,677757.7772064516,524240.3269322581,376875.73964516126,133044.33569354838,67828.63360967742,176002.77034193548,153517.45027419354,1,32,13,397,37,62,232,0,0,74,0,0,0,18,666769.0,437034.0,229735.0,0.3445,81093.0,973301.0,469126.0,504175.0,0.518,149036.0,API,962.0
2024-05-01,서초구,2024,5,962.0,2522.0,1331.0,591108.4853466668,570154.5576233334,13834.232373333334,7119.695343333334,702406.5577433333,480796.21289333334,682654.7763866667,525718.2774833334,402258.21169,137634.29344333333,73293.65658,191330.26166666666,156936.49890333333,1,32,13,397,37,62,232,0,0,74,0,0,0,18,666769.0,437034.0,229735.0,0.3445,81093.0,973301.0,469126.0,504175.0,0.518,149036.0,API,1007.0
2024-06-01,서초구,2024,6,1007.0,2558.0,1306.0,580459.9457,559967.7087709678,13599.755112903227,6892.481816129032,686157.6210806451,475414.12719354837,666602.7536870969,518929.36857096775,385078.70897096774,130889.65674838709,72433.08737741935,181755.96484516127,147673.38511612904,1,32,13,397,37,62,232,0,0,74,0,0,0,18,666769.0,437034.0,229735.0,0.3445,81093.0,973301.0,469126.0,504175.0,0.518,149036.0,API,986.0
2024-07-01,서초구,2024,7,986.0,2761.0,1356.0,583804.2327233333,563312.1524033333,13555.904483333334,6936.175843333333,690385.7427433333,479796.40014333336,669811.7645433334,522370.28141,390059.13471666665,134095.73814,74461.19109666668,181502.20548,147441.48313333333,1,32,13,397,37,62,232,0,0,74,0,0,0,18,666769.0,437034.0,229735.0,0.3445,81093.0,973301.0,469126.0,504175.0,0.518,149036.0,API,1058.0
2024-08-01,서초구,2024,8,1058.0,2715.0,1373.0,592133.9500451613,571693.7832064516,13731.503248387096,6708.663587096775,710237.5466774193,479942.38461612904,687343.7870935485,524126.9235935484,401478.2525451613,139938.8859967742,72113.09223870968,189426.27430967742,163216.8635,1,32,13,397,37,62,232,0,0,74,0,0,0,18,666769.0,437034.0,229735.0,0.3445,81093.0,973301.0,469126.0,504175.0,0.518,149036.0,API,997.0
2024-09-01,서초구,2024,9,997.0,2523.0,1305.0,585010.6983870968,565241.6643870968,13915.64843548387,5853.385593548387,695116.5959774193,479435.41433548386,673104.7171258065,522086.39929354837,391571.0948967742,136598.26458387097,72255.52601290322,182717.3043,151018.31783225804,1,32,13,397,37,62,232,0,0,74,0,0,0,18,666769.0,437034.0,229735.0,0.3445,81093.0,973301.0,469126.0,504175.0,0.518,149036.0,API,817.0
2024-10-01,서초구,2024,10,817.0,2385.0,1204.0,569428.92045,549468.6952133334,13307.640336666667,6652.584916666666,671815.4404466667,469210.46620666666,650343.56004,511632.74933333334,377425.05699666665,129545.73069666667,72383.62181333333,175495.70448666665,138710.81070666667,1,32,13,397,37,62,232,0,0,74,0,0,0,18,666769.0,437034.0,229735.0,0.3445,81093.0,973301.0,469126.0,504175.0,0.518,149036.0,API,902.0
2024-11-01,서초구,2024,11,902.0,2228.0,1169.0,584221.3955999999,562842.9330677419,13959.194651612903,7419.267880645161,690907.361432258,480345.5294096774,670049.850116129,522915.3566548387,391243.0552193548,134370.12352258066,75440.5038,181432.4278967742,147134.49346129032,1,32,13,397,37,62,232,0,0,74,0,0,0,18,666769.0,437034.0,229735.0,0.3445,81093.0,973301.0,469126.0,504175.0,0.518,149036.0,API,963.0
2024-12-01,서초구,2024,12,963.0,2515.0,1287.0,592545.4256433334,571285.4979466667,14155.924936666668,7104.00277,708128.8645033333,483132.5072533333,685027.3192966668,526486.9301766667,420652.86483000003,145931.12759333334,78889.54031333333,195832.19692333334,158540.38911999998,1,32,13,397,37,62,232,0,0,74,0,0,0,18,666769.0,437034.0,229735.0,0.3445,81093.0,973301.0,469126.0,504175.0,0.518,149036.0,API,976.0
2025-01-01,서초구,2025,1,976.0,2199.0,1204.0,590062.8667483871,568566.0411096774,13851.504612903225,7645.321032258064,708390.6754419354,480954.6888451613,681728.2144,524587.6184354839,404675.3327032258,143791.93732258063,74550.54907741936,186332.8463032258,157140.59596451613,0,45,0,82,38,82,221,9,95,80,133,17,0,20,657452.0,423749.0,233703.0,0.3555,68058.0,918978.0,461362.0,457616.0,0.498,107349.0,API,911.0
2025-02-01,서초구,2025,2,911.0,1994.0,1004.0,567324.7789258064,547077.092632258,13717.938151612903,6529.748138709677,672886.0995870968,470079.9852548387,649680.9543032259,508498.93937096774,372934.96179354837,129310.1597483871,72246.49860645161,171378.3034387097,141182.01493225805,0,45,0,82,38,82,221,9,95,80,133,17,0,20,657452.0,423749.0,233703.0,0.3555,68058.0,918978.0,461362.0,457616.0,0.498,107349.0,API,860.0
2025-03-01,서초구,2025,3,860.0,2007.0,1010.0,592215.6665785714,571516.93325,14729.266225,5969.467121428571,713676.7519142857,480791.6237892857,688967.7276321428,523107.0515464285,408524.01617142855,142474.88166785715,75163.64059642857,190885.49390714287,165860.67608571428,0,45,0,82,38,82,221,9,95,80,133,17,0,20,657452.0,423749.0,233703.0,0.3555,68058.0,918978.0,461362.0,457616.0,0.498,107349.0,API,864.0
2025-04-01,서초구,2025,4,864.0,2175.0,962.0,584748.6811548388,564312.4989258064,14116.185858064515,6319.9963677419355,695126.5484064516,481449.5413774194,672851.9716354839,521817.7593870968,385667.16837419354,132086.67583870966,73360.76601290323,180219.72652258063,151034.21224838708,0,45,0,82,38,82,221,9,95,80,133,17,0,20,657452.0,423749.0,233703.0,0.3555,68058.0,918978.0,461362.0,457616.0,0.498,107349.0,API,881.0
2025-05-01,서초구,2025,5,881.0,2293.0,1007.0,593561.55586,572131.9959866666,14365.840466666667,7063.719416666666,708451.1543333333,482585.0840566667,686976.2431466667,526836.7792366666,423185.0386166667,142472.27606333332,79837.79634333334,200874.96621,160139.46390999996,0,45,0,82,38,82,221,9,95,80,133,17,0,20,657452.0,423749.0,233703.0,0.3555,68058.0,918978.0,461362.0,457616.0,0.498,107349.0,API,951.0
2025-06-01,서초구,2025,6,951.0,2360.0,986.0,580096.0899129033,559335.0168064517,14124.676341935483,6636.3967612903225,685250.4930451614,476549.3871741935,665122.3334032258,519363.0588548387,389363.6190741935,131695.60398064516,75347.99711612903,182320.01797741934,145759.2745483871,0,45,0,82,38,82,221,9,95,80,133,17,0,20,657452.0,423749.0,233703.0,0.3555,68058.0,918978.0,461362.0,457616.0,0.498,107349.0,API,939.0
2025-07-01,서초구,2025,7,939.0,2625.0,1058.0,586612.9785466666,566074.6644100001,14261.561810000001,6276.75234,694304.31185,482261.35216666665,673319.6909500001,524679.6125533334,397137.15246333333,132649.43187666667,77774.95958333333,186712.76100333332,148640.07839666668,0,45,0,82,38,82,221,9,95,80,133,17,0,20,657452.0,423749.0,233703.0,0.3555,68058.0,918978.0,461362.0,457616.0,0.498,107349.0,API,1075.0
2025-08-01,서초구,2025,8,1075.0,2708.0,997.0,599561.0856161291,578598.9730806452,14501.480270967742,6460.6322709677415,719771.8666612904,485090.00402580644,696346.6288225807,530428.5547580646,415788.51630645164,141336.49315806452,76312.56753870969,198139.45560967742,165918.07406451614,0,45,0,82,38,82,221,9,95,80,133,17,0,20,657452.0,423749.0,233703.0,0.3555,68058.0,918978.0,461362.0,457616.0,0.498,107349.0,API,1064.0
2025-09-01,서초구,2025,9,1064.0,2053.0,817.0,586906.2341064516,566840.7535741935,14235.330851612904,5830.149683870967,695058.4663,483111.28390322585,673642.0275483872,524952.0959290323,397770.24257096776,133582.4347516129,76395.3307451613,187792.47707419356,148689.93161935481,0,45,0,82,38,82,221,9,95,80,133,17,0,20,657452.0,423749.0,233703.0,0.3555,68058.0,918978.0,461362.0,457616.0,0.498,107349.0,API,1083.0
2025-10-01,서초구,2025,10,1083.0,2118.0,902.0,604648.3152633333,583647.2975066666,14628.625493333333,6372.392263333333,721136.8394866666,492019.9955866666,698941.3329466667,537296.1597766667,423495.19914,144006.02774,78994.12574,200495.04566,161645.17317,0,45,0,82,38,82,221,9,95,80,133,17,0,20,657452.0,423749.0,233703.0,0.3555,68058.0,918978.0,461362.0,457616.0,0.498,107349.0,API,1057.0
2025-11-01,서초구,2025,11,1057.0,2145.0,963.0,568022.0337806452,547693.7947741935,13623.064435483871,6705.174561290323,665164.250716129,472772.8057129032,645256.5817096775,512854.4995483871,376496.69562580646,126353.9275,74639.81313870968,175502.95498709677,132402.08216129034,0,45,0,82,38,82,221,9,95,80,133,17,0,20,657452.0,423749.0,233703.0,0.3555,68058.0,918978.0,461362.0,457616.0,0.498,107349.0,API,1102.0
2025-12-01,서초구,2025,12,1102.0,2329.0,976.0,600157.8073766666,578656.9625533334,14402.627463333334,7098.2173533333325,710396.1134566667,493250.29495666665,689665.27284,536223.9034533334,407092.28486666665,138674.2142,77549.93168,190868.13898666666,153441.36938666663,0,45,0,82,38,82,221,9,95,80,133,17,0,20,657452.0,423749.0,233703.0,0.3555,68058.0,918978.0,461362.0,457616.0,0.498,107349.0,API,1118.0
2017-08-01,성동구,2017,8,,,,,,,,,,,,,,,,,1,309,8,80,0,69,182,0,0,144,0,0,2,60,,,,,,,,,,,API,852.0
2017-09-01,성동구,2017,9,852.0,,,,,,,,,,,,,,,,1,309,8,80,0,69,182,0,0,144,0,0,2,60,,,,,,,,,,,API,924.0
2017-10-01,성동구,2017,10,924.0,,,,,,,,,,,,,,,,1,309,8,80,0,69,182,0,0,144,0,0,2,60,,,,,,,,,,,API,846.0
2017-11-01,성동구,2017,11,846.0,,,,,,,,,,,,,,,,1,309,8,80,0,69,182,0,0,144,0,0,2,60,,,,,,,,,,,API,800.0
2017-12-01,성동구,2017,12,800.0,,,,,,,,,,,,,,,,1,309,8,80,0,69,182,0,0,144,0,0,2,60,,,,,,,,,,,API,924.0
2018-01-01,성동구,2018,1,924.0,,,,,,,,,,,,,,,,2,89,10,127,0,33,233,0,0,165,0,0,0,60,,,,,,,,,,,API,924.0
2018-02-01,성동구,2018,2,924.0,,,,,,,,,,,,,,,,2,89,10,127,0,33,233,0,0,165,0,0,0,60,,,,,,,,,,,API,784.0
2018-03-01,성동구,2018,3,784.0,,,,,,,,,,,,,,,,2,89,10,127,0,33,233,0,0,165,0,0,0,60,,,,,,,,,,,API,811.0
2018-04-01,성동구,2018,4,811.0,,,,,,,,,,,,,,,,2,89,10,127,0,33,233,0,0,165,0,0,0,60,,,,,,,,,,,API,794.0
2018-05-01,성동구,2018,5,794.0,,,371664.28217692306,353383.10871923075,16431.889061538463,1849.284396153846,388264.75333076925,354642.0082153846,380365.4296115385,365449.1768653846,225910.64033076924,40593.152507692306,77448.48496538462,107869.0028576923,14916.252746153845,2,89,10,127,0,33,233,0,0,165,0,0,0,60,,,,,,,,,,,API,861.0
2018-06-01,성동구,2018,6,861.0,,,369479.46003225807,351218.7724935484,16433.078309677418,1827.6092419354839,389265.1695,351098.0918741935,376669.40047096775,363468.7678032258,217179.66227741935,39871.210841935484,73096.91407096773,104211.53736451613,13200.632667741938,2,89,10,127,0,33,233,0,0,165,0,0,0,60,,,,,,,,,,,API,934.0
2018-07-01,성동구,2018,7,934.0,,,365900.85958,348201.7616733333,15983.508126666666,1715.5897766666667,381670.7191766667,351661.55494666664,373153.02802333335,360720.7392633333,201376.67294,37147.62005666667,67442.43659,96786.61629333333,12432.288759999998,2,89,10,127,0,33,233,0,0,165,0,0,0,60,,,,,,,,,,,API,974.0
2018-08-01,성동구,2018,8,974.0,1345.0,852.0,360303.9661709678,343857.7782580645,14395.920893548388,2050.267022580645,376845.5470258065,345938.9017322581,366969.81920645165,355542.64259354834,200941.9995451613,37361.42454516129,67831.74833225805,95748.82666774193,11427.17661290323,2,89,10,127,0,33,233,0,0,165,0,0,0,60,,,,,,,,,,,API,955.0
2018-09-01,성동구,2018,9,955.0,1481.0,924.0,359699.45384838706,343177.2038419355,14296.814583870968,2225.435419354839,375813.7646935484,346161.8162483871,364925.6018096774,355165.8941129032,205902.69733870967,37381.13545806451,71381.9586935484,97139.60318709677,9759.70769677419,2,89,10,127,0,33,233,0,0,165,0,0,0,60,,,,,,,,,,,API,873.0
2018-10-01,성동구,2018,10,873.0,1321.0,846.0,363038.13875,345019.8483633333,15785.698926666666,2232.59145,378950.20791,348201.84275333333,369162.9563566667,358663.2690266667,200991.63310333333,38834.77251,68949.26921,93207.59138333333,10499.687329999997,2,89,10,127,0,33,233,0,0,165,0,0,0,60,,,,,,,,,,,API,906.0
2018-11-01,성동구,2018,11,906.0,1246.0,800.0,373034.0322709677,355043.4651451613,16170.845506451613,1819.7216161290323,388715.8953129032,356894.9265129032,381026.1824064516,366492.4697903226,210196.3471419355,39478.46814193549,70453.84913870967,100264.02986129033,14533.712616129027,2,89,10,127,0,33,233,0,0,165,0,0,0,60,,,,,,,,,,,API,832.0
2018-12-01,성동구,2018,12,832.0,1432.0,924.0,376409.94215666666,357981.40691333334,16462.356303333334,1966.1789366666667,394130.0558833333,358473.64131,385081.7340266667,370215.80511,220305.23079666667,42244.165843333336,73982.07052666666,104078.99442666667,14865.92891666667,2,89,10,127,0,33,233,0,0,165,0,0,0,60,,,,,,,,,,,API,899.0
2019-01-01,성동구,2019,1,899.0,1464.0,924.0,373862.43474193546,354847.1768419355,16905.891232258065,2109.3666580645163,388433.27532580646,359250.54658064514,381495.267716129,368410.4111870968,206454.46596129032,38972.884690322586,71727.38761612904,95754.1936548387,13084.856529032251,0,56,7,96,0,29,253,0,0,151,0,0,0,12,,,,,,,,,,,API,797.0
2019-02-01,성동구,2019,2,797.0,1269.0,784.0,368712.5296870968,351205.48202903225,15558.763861290321,1948.2838096774194,384794.39329032257,354652.8159483871,375912.35795806453,363569.7951967742,213186.2540548387,39529.37529677419,75172.29199677419,98484.58676129032,12342.562761290323,0,56,7,96,0,29,253,0,0,151,0,0,0,12,,,,,,,,,,,API,717.0
2019-03-01,성동구,2019,3,717.0,1281.0,811.0,355086.23235,337428.283375,15678.560125,1979.388839285714,369779.27453571424,340209.1449214286,361445.6906785714,350543.76211428567,201109.90971428572,38582.50864642857,70880.33575,91647.06531785715,10901.928564285723,0,56,7,96,0,29,253,0,0,151,0,0,0,12,,,,,,,,,,,API,777.0
2019-04-01,성동구,2019,4,777.0,1236.0,794.0,370839.036383871,351282.56876129034,17629.031700000003,1927.4359290322582,386069.93499032257,355050.13849354844,378873.78742580645,365099.9285129032,196991.62597096775,39641.76049354838,65602.47196129031,91747.39351612903,13773.858912903232,0,56,7,96,0,29,253,0,0,151,0,0,0,12,,,,,,,,,,,API,822.0
2019-05-01,성동구,2019,5,822.0,1357.0,861.0,366881.1340533334,347555.10013000004,17640.711743333333,1685.3222133333334,382855.07612333336,349891.13350000005,375811.17298333335,360502.53483,220379.04902333335,40579.03709,74371.70998333332,105428.30195,15308.638153333337,0,56,7,96,0,29,253,0,0,151,0,0,0,12,,,,,,,,,,,API,890.0
2019-06-01,성동구,2019,6,890.0,1482.0,934.0,355082.99634193553,335756.37983870966,17622.205629032258,1704.4108870967743,370517.29236129037,338799.4708741936,363848.0115935484,348822.2711677419,199625.14560000002,38406.51597096774,64876.08441290323,96342.54521612903,15025.740425806453,0,56,7,96,0,29,253,0,0,151,0,0,0,12,,,,,,,,,,,API,899.0
2019-07-01,성동구,2019,7,899.0,1568.0,974.0,352802.47481333336,333640.7592666667,17336.215186666665,1825.5003533333334,367555.20975333336,338086.93278333335,360325.38743666664,347428.9657933333,187796.85547666668,35684.168079999996,63104.03651333333,89008.65088333334,12896.42164333333,0,56,7,96,0,29,253,0,0,151,0,0,0,12,,,,,,,,,,,API,885.0
2019-08-01,성동구,2019,8,885.0,1561.0,955.0,346067.1595032258,328210.9729741936,15925.669319354838,1930.5171967741935,362343.10242580646,331192.959716129,353151.97453225806,341006.57732903224,178479.98029677419,34507.03212580645,59381.76531935484,84591.1828516129,12145.39720322581,0,56,7,96,0,29,253,0,0,151,0,0,0,12,,,,,,,,,,,API,871.0
2019-09-01,성동구,2019,9,871.0,1410.0,873.0,355575.63306774193,339205.1380516129,14469.34234516129,1901.152664516129,369496.44652258063,341448.1161806452,361248.32006129035,351523.71378064516,186578.2883548387,36197.81004193548,63572.37437741935,86808.10393548387,9724.60628064516,0,56,7,96,0,29,253,0,0,151,0,0,0,12,,,,,,,,,,,API,857.0
2019-10-01,성동구,2019,10,857.0,1385.0,906.0,365277.10362,346127.06011666666,16959.508246666668,2190.5352799999996,381131.7099133333,348265.8073766667,373322.29107000004,359530.54115666664,200231.28219,40505.00827666667,65323.230593333334,94403.04332,13791.749913333337,0,56,7,96,0,29,253,0,0,151,0,0,0,12,,,,,,,,,,,API,861.0
2019-11-01,성동구,2019,11,861.0,1269.0,832.0,378752.68428387097,359206.0543467742,17567.953904838712,1978.6760451612904,395243.48932903225,361255.3379064516,389409.02958387096,371141.00908225804,220058.11347903224,42234.29242096774,68427.76026935484,109396.06078870967,18268.020501612897,0,56,7,96,0,29,253,0,0,151,0,0,0,12,,,,,,,,,,,API,826.0
2019-12-01,성동구,2019,12,826.0,1441.0,899.0,381296.0875266667,361525.78515,17899.71994,1870.5824566666668,398152.59451666666,363256.55526,392454.2154033333,373325.9962033333,213885.29799333334,42811.68199666667,67267.61586666667,103806.00013,19128.219199999992,0,56,7,96,0,29,253,0,0,151,0,0,0,12,,,,,,,,,,,API,843.0
2020-01-01,성동구,2020,1,843.0,1235.0,797.0,379292.1994290322,359107.5989967742,18024.616758064516,2159.9836806451613,394870.9391354839,361959.32268064516,390039.92354193545,371615.2536483871,219420.64619677418,43049.01721290322,70808.1970483871,105563.43193548388,18424.669893548384,0,50,1,102,0,46,246,0,0,151,0,0,0,15,682550.0,483641.0,198909.0,0.2914,,501678.0,352962.0,148716.0,0.2964,,API,768.0
2020-02-01,성동구,2020,2,768.0,1104.0,717.0,366248.5102354839,347761.1109741936,16497.98740967742,1989.411858064516,381207.02762258064,350834.04288387095,374896.70894516126,360071.22543548385,209963.65898709677,41354.96927096774,69685.59956451612,98923.09015161291,14825.48350967742,0,50,1,102,0,46,246,0,0,151,0,0,0,15,682550.0,483641.0,198909.0,0.2914,,501678.0,352962.0,148716.0,0.2964,,API,644.0
2020-03-01,성동구,2020,3,644.0,1241.0,777.0,371041.4011448276,352744.6466137931,15778.88917586207,2517.865351724138,384078.5833827586,356883.7995241379,380167.52691034484,364522.7398827586,200873.59974482757,36706.559817241374,67662.02699655172,96505.01293103448,15644.787027586211,0,50,1,102,0,46,246,0,0,151,0,0,0,15,682550.0,483641.0,198909.0,0.2914,,501678.0,352962.0,148716.0,0.2964,,API,639.0
2020-04-01,성동구,2020,4,639.0,1257.0,822.0,369598.80841935484,350905.6281870968,15408.580861290322,3284.5993677419356,383585.308116129,354043.2235451613,378895.57527741935,362958.2606806452,191793.28507741934,33253.69394193548,66408.06197741936,92131.52915806451,15937.314596774193,0,50,1,102,0,46,246,0,0,151,0,0,0,15,682550.0,483641.0,198909.0,0.2914,,501678.0,352962.0,148716.0,0.2964,,API,601.0
2020-05-01,성동구,2020,5,601.0,1408.0,890.0,363405.6104066667,345273.88698,15465.80595,2665.9174733333334,378562.8216133333,346428.8179166667,372977.25944666663,356568.71823,197483.51286000002,35813.27744,66303.14625333334,95367.08916666666,16408.541216666665,0,50,1,102,0,46,246,0,0,151,0,0,0,15,682550.0,483641.0,198909.0,0.2914,,501678.0,352962.0,148716.0,0.2964,,API,697.0
2020-06-01,성동구,2020,6,697.0,1392.0,899.0,359601.5839354839,341553.1907709677,15640.514190322581,2407.8789838709677,374318.8649516129,344035.7392,367955.9361709677,353634.18948709674,194430.91271290326,35717.772332258064,65242.55550645161,93470.58487419355,14321.746683870975,0,50,1,102,0,46,246,0,0,151,0,0,0,15,682550.0,483641.0,198909.0,0.2914,,501678.0,352962.0,148716.0,0.2964,,API,720.0
2020-07-01,성동구,2020,7,720.0,1445.0,885.0,361256.85261,342144.29015333334,16810.30657333333,2302.255896666667,377308.39521,344296.41419999994,370760.6879866666,354468.39877666667,201781.15095666665,38318.569676666666,65293.278783333335,98169.30249666666,16292.289209999999,0,50,1,102,0,46,246,0,0,151,0,0,0,15,682550.0,483641.0,198909.0,0.2914,,501678.0,352962.0,148716.0,0.2964,,API,744.0
2020-08-01,성동구,2020,8,744.0,1440.0,871.0,361546.73511290323,341335.4852806452,16343.523841935485,3867.7260096774194,377019.6832451613,345289.2585967742,370791.71922258066,354943.1750612903,198972.26693870968,37113.56146129032,64237.66293548387,97621.04254193549,15848.544161290327,0,50,1,102,0,46,246,0,0,151,0,0,0,15,682550.0,483641.0,198909.0,0.2914,,501678.0,352962.0,148716.0,0.2964,,API,679.0
2020-09-01,성동구,2020,9,679.0,1372.0,857.0,354951.6971935484,336111.73183548386,15409.262919354838,3430.7024258064516,368582.5440580645,340219.7574741935,362939.6691935484,349246.0028870968,187371.7654032258,33427.59539032258,64526.72809354839,89417.44191935484,13693.666306451612,0,50,1,102,0,46,246,0,0,151,0,0,0,15,682550.0,483641.0,198909.0,0.2914,,501678.0,352962.0,148716.0,0.2964,,API,597.0
2020-10-01,성동구,2020,10,597.0,1413.0,861.0,359691.47201666667,340823.7512666667,15139.75946,3727.961303333333,375035.1877733333,343005.3301933333,369200.57086333336,352899.2585666666,192181.05811333333,34095.57622333333,64577.77005000001,93507.71184,16301.312296666663,0,50,1,102,0,46,246,0,0,151,0,0,0,15,682550.0,483641.0,198909.0,0.2914,,501678.0,352962.0,148716.0,0.2964,,API,658.0
2020-11-01,성동구,2020,11,658.0,1241.0,826.0,353162.20086774195,335816.660183871,14937.018980645162,2408.5217032258065,369248.2748967742,336628.9328516129,362004.3213870968,346846.4004903226,195661.43497096773,36934.857512903225,63623.814893548384,95102.76256451613,15157.920896774194,0,50,1,102,0,46,246,0,0,151,0,0,0,15,682550.0,483641.0,198909.0,0.2914,,501678.0,352962.0,148716.0,0.2964,,API,557.0
2020-12-01,성동구,2020,12,557.0,1310.0,843.0,357116.0238266667,339963.4596933333,14957.309636666667,2195.254496666667,373697.62684,339656.0642866667,367908.9607233333,349406.7831966666,197052.26972666665,37094.45876666667,62193.99359,97763.81737,18502.177526666666,0,50,1,102,0,46,246,0,0,151,0,0,0,15,682550.0,483641.0,198909.0,0.2914,,501678.0,352962.0,148716.0,0.2964,,API,573.0
2021-01-01,성동구,2021,1,573.0,1212.0,768.0,354729.41121935484,337601.4297645161,14907.657261290322,2220.3242,369020.51530645165,338671.69491612905,365407.78078709677,347102.0044,178985.92853548386,31498.443612903226,59464.73578064516,88022.74914193548,18305.776387096765,0,18,2,67,1,63,90,0,0,92,0,0,0,27,653673.0,468060.0,185613.0,0.284,,476723.0,334385.0,142338.0,0.2986,,API,594.0
2021-02-01,성동구,2021,2,594.0,1095.0,644.0,354413.3769967742,337824.1919741935,14328.630954838709,2260.554087096774,368993.10975161294,338549.9128806452,365087.4177967742,346789.0621580645,184156.96958709677,33408.563619354834,61188.97298387097,89559.43298387097,18298.355638709672,0,18,2,67,1,63,90,0,0,92,0,0,0,27,653673.0,468060.0,185613.0,0.284,,476723.0,334385.0,142338.0,0.2986,,API,546.0
2021-03-01,성동구,2021,3,546.0,1196.0,639.0,352672.6900107143,335891.03544285713,14209.737646428572,2571.916932142857,369595.2217,334530.63505357143,364194.41207857145,344442.88855714287,193338.65156071426,37336.26723928571,60684.39246428572,95317.99185714286,19751.523521428575,0,18,2,67,1,63,90,0,0,92,0,0,0,27,653673.0,468060.0,185613.0,0.284,,476723.0,334385.0,142338.0,0.2986,,API,577.0
2021-04-01,성동구,2021,4,577.0,1052.0,601.0,361468.1099870968,343565.8680967742,14524.124987096773,3378.116922580645,379378.2421645162,342125.01672580646,374210.33313225803,352366.5220483871,199060.4474516129,39563.06309032258,59924.25080645161,99573.1335548387,21843.81108387097,0,18,2,67,1,63,90,0,0,92,0,0,0,27,653673.0,468060.0,185613.0,0.284,,476723.0,334385.0,142338.0,0.2986,,API,626.0
2021-05-01,성동구,2021,5,626.0,1241.0,697.0,360496.7894933333,343309.07262,14529.664656666666,2658.052236666667,380400.0591333333,339760.92403,374538.75478333334,350466.8143033333,213854.00166,40643.659940000005,65330.34121,107880.00051,24071.940479999997,0,18,2,67,1,63,90,0,0,92,0,0,0,27,653673.0,468060.0,185613.0,0.284,,476723.0,334385.0,142338.0,0.2986,,API,714.0
2021-06-01,성동구,2021,6,714.0,1276.0,720.0,355052.77992580645,338286.0802612903,14526.860951612902,2239.8387258064513,372655.6616612903,336768.1856354839,366532.1261935484,346853.24689999997,200401.18379677422,37830.9365,63469.81987096774,99100.42742580645,19678.879293548387,0,18,2,67,1,63,90,0,0,92,0,0,0,27,653673.0,468060.0,185613.0,0.284,,476723.0,334385.0,142338.0,0.2986,,API,761.0
2021-07-01,성동구,2021,7,761.0,1336.0,744.0,359828.24790666666,342528.4419466667,14697.486726666666,2602.3192533333336,378533.59142666665,340140.75482666667,372799.77737,350562.8697133333,209651.51149333332,39888.04148,64274.25016,105489.21985333334,22236.907656666674,0,18,2,67,1,63,90,0,0,92,0,0,0,27,653673.0,468060.0,185613.0,0.284,,476723.0,334385.0,142338.0,0.2986,,API,727.0
2021-08-01,성동구,2021,8,727.0,1369.0,679.0,353112.4621451613,336623.70785483875,14285.60393548387,2203.1503548387095,369586.8398580645,334867.9662580645,365016.66423225804,344609.4606548387,194341.55026451612,35492.57322258064,61823.227451612904,97025.74959032258,20407.203577419346,0,18,2,67,1,63,90,0,0,92,0,0,0,27,653673.0,468060.0,185613.0,0.284,,476723.0,334385.0,142338.0,0.2986,,API,744.0
2021-09-01,성동구,2021,9,744.0,1187.0,597.0,352942.91797741933,335555.15337741934,14447.945300000001,2939.8192967741934,369016.1636483871,335780.72491935483,363662.30991612904,345286.20943870966,192662.23521612902,35598.82381935484,61231.890596774196,95831.5208,18376.100477419353,0,18,2,67,1,63,90,0,0,92,0,0,0,27,653673.0,468060.0,185613.0,0.284,,476723.0,334385.0,142338.0,0.2986,,API,677.0
2021-10-01,성동구,2021,10,677.0,1222.0,658.0,355348.1169233333,336642.69986,14853.44996,3851.9671166666667,371805.1436633334,337873.1045,366325.7806666667,347506.9285366667,195307.9310266667,37951.158853333334,60243.16121333333,97113.61096,18818.852129999992,0,18,2,67,1,63,90,0,0,92,0,0,0,27,653673.0,468060.0,185613.0,0.284,,476723.0,334385.0,142338.0,0.2986,,API,719.0
2021-11-01,성동구,2021,11,719.0,1052.0,557.0,357638.4472064516,340069.0749451613,14986.968770967742,2582.4034935483874,374921.1290354839,339348.85595483874,369144.04199677415,349420.1652387097,196168.88632258063,38141.8492516129,59994.328909677424,98032.70816129031,19723.87675806451,0,18,2,67,1,63,90,0,0,92,0,0,0,27,653673.0,468060.0,185613.0,0.284,,476723.0,334385.0,142338.0,0.2986,,API,697.0
2021-12-01,성동구,2021,12,697.0,1020.0,573.0,364084.45254,344932.26402,15166.572566666668,3985.6159433333332,384736.94533333334,341935.8210766667,379500.01527000003,353073.33627666667,211862.25497333333,42527.36957,61653.66112333334,107681.22428,26426.678993333324,0,18,2,67,1,63,90,0,0,92,0,0,0,27,653673.0,468060.0,185613.0,0.284,,476723.0,334385.0,142338.0,0.2986,,API,633.0
2022-01-01,성동구,2022,1,633.0,1110.0,594.0,364678.1991129032,345864.4625870968,15644.99146451613,3168.745058064516,384974.5016645161,342305.2534741935,380337.93837096775,353492.67107419355,202835.0063935484,39876.98861935484,59584.54042580645,103373.4773483871,26845.2672967742,0,31,3,93,1,85,90,0,0,117,0,0,1,9,695798.0,506272.0,189526.0,0.2724,69960.0,527683.0,377038.0,150645.0,0.2855,98533.0,API,668.0
2022-02-01,성동구,2022,2,668.0,1071.0,546.0,357255.071316129,338780.0737451613,15172.797177419356,3302.2004032258064,376001.05568064516,336590.7938612903,371159.62807096774,347323.2450612903,198877.36389354838,39772.91488709678,59885.958841935484,99218.49016451613,23836.383009677425,0,31,3,93,1,85,90,0,0,117,0,0,1,9,695798.0,506272.0,189526.0,0.2724,69960.0,527683.0,377038.0,150645.0,0.2855,98533.0,API,614.0
2022-03-01,성동구,2022,3,614.0,1163.0,577.0,357539.2394321429,338541.5128357143,15149.630442857144,3848.0961500000003,375442.8833107143,337920.0915428572,371141.8263035714,347823.1059464286,194055.86522500002,37804.35012142857,59742.34595714286,96509.16914642857,23318.72035714285,0,31,3,93,1,85,90,0,0,117,0,0,1,9,695798.0,506272.0,189526.0,0.2724,69960.0,527683.0,377038.0,150645.0,0.2855,98533.0,API,648.0
2022-04-01,성동구,2022,4,648.0,1191.0,626.0,362219.8255580645,342091.7511483871,15607.239951612903,4520.83449032258,380983.10031935485,342492.02799032256,377092.5307032258,351596.4647516129,192355.15092580646,39045.41134193548,57705.150303225804,95604.58928064517,25496.065951612898,0,31,3,93,1,85,90,0,0,117,0,0,1,9,695798.0,506272.0,189526.0,0.2724,69960.0,527683.0,377038.0,150645.0,0.2855,98533.0,API,756.0
2022-05-01,성동구,2022,5,756.0,1337.0,714.0,360941.26588333334,341972.0597766667,15863.833193333332,3105.3729066666665,384586.17633,338007.36883,377908.7090466666,348821.66362,216269.46118,43579.67186333333,62531.860100000005,110157.92921666667,29087.04542666666,0,31,3,93,1,85,90,0,0,117,0,0,1,9,695798.0,506272.0,189526.0,0.2724,69960.0,527683.0,377038.0,150645.0,0.2855,98533.0,API,855.0
2022-06-01,성동구,2022,6,855.0,1336.0,761.0,364315.3453870968,345514.23715161294,16164.37955483871,2636.728683870968,387998.8630483871,340697.1743129032,380179.4263709677,352983.8589516129,214643.98237741936,44530.92331290322,61479.9240032258,108633.13506129032,27195.567419354837,0,31,3,93,1,85,90,0,0,117,0,0,1,9,695798.0,506272.0,189526.0,0.2724,69960.0,527683.0,377038.0,150645.0,0.2855,98533.0,API,791.0
2022-07-01,성동구,2022,7,791.0,1328.0,727.0,366402.7203966667,347313.76454,16359.445583333332,2729.5102666666667,387484.48140666663,344721.00595666666,381139.13592000003,355876.70931,210579.67731,42197.44618,61604.64135666667,106777.58977333334,25262.426610000002,0,31,3,93,1,85,90,0,0,117,0,0,1,9,695798.0,506272.0,189526.0,0.2724,69960.0,527683.0,377038.0,150645.0,0.2855,98533.0,API,895.0
2022-08-01,성동구,2022,8,895.0,1330.0,744.0,353684.5129096774,335526.2598451613,15504.863858064517,2653.3892225806453,372729.5429193548,334499.4019032258,366693.7107,344392.2287645161,197398.3849,39889.96501935484,58025.383625806455,99483.0362548387,22301.481935483876,0,31,3,93,1,85,90,0,0,117,0,0,1,9,695798.0,506272.0,189526.0,0.2724,69960.0,527683.0,377038.0,150645.0,0.2855,98533.0,API,780.0
2022-09-01,성동구,2022,9,780.0,1304.0,677.0,351872.5970677419,332657.2091258064,15622.529916129031,3592.858029032258,370778.23536129034,332964.1729516129,364543.6225032258,342821.8646354839,198139.2762548387,39942.57028709677,58964.56803870968,99232.13792903225,21721.757867741933,0,31,3,93,1,85,90,0,0,117,0,0,1,9,695798.0,506272.0,189526.0,0.2724,69960.0,527683.0,377038.0,150645.0,0.2855,98533.0,API,768.0
2022-10-01,성동구,2022,10,768.0,1312.0,719.0,356964.66662000003,336742.7722933333,16166.863913333333,4055.0304433333336,378267.73706333333,334898.7580433333,371770.88273333333,346388.79796999996,204329.31677333332,43858.19782666666,57887.79509666667,102583.32385,25382.08476333333,0,31,3,93,1,85,90,0,0,117,0,0,1,9,695798.0,506272.0,189526.0,0.2724,69960.0,527683.0,377038.0,150645.0,0.2855,98533.0,API,731.0
2022-11-01,성동구,2022,11,731.0,1360.0,697.0,357673.67048064515,338648.017883871,16320.946467741935,2704.706132258065,379494.1541967742,335897.2290580645,372528.82382903225,347062.8466741935,201026.71021935486,42049.17934516129,57330.280948387095,101647.24992580646,25465.97715483871,0,31,3,93,1,85,90,0,0,117,0,0,1,9,695798.0,506272.0,189526.0,0.2724,69960.0,527683.0,377038.0,150645.0,0.2855,98533.0,API,754.0
2022-12-01,성동구,2022,12,754.0,1346.0,633.0,362395.43910333334,342783.75273,16838.741036666666,2772.9453366666667,386943.7299766667,337886.78351333336,380099.7094866667,349749.53168666665,210771.70385333334,43880.8871,58136.321983333335,108754.49477,30350.177799999998,0,31,3,93,1,85,90,0,0,117,0,0,1,9,695798.0,506272.0,189526.0,0.2724,69960.0,527683.0,377038.0,150645.0,0.2855,98533.0,API,784.0
2023-01-01,성동구,2023,1,784.0,1304.0,668.0,362211.2865451613,341897.7624548387,17123.29326451613,3190.2308322580648,384578.3833387097,338435.2258032258,378870.8008161291,350311.6334967742,200254.04453548387,41827.49215806452,56071.29709677419,102355.25528064516,28559.167319354845,1,14,15,227,22,32,173,0,0,98,0,0,0,11,627498.0,455260.0,172238.0,0.2745,71346.0,497002.0,354131.0,142871.0,0.2875,98849.0,API,727.0
2023-02-01,성동구,2023,2,727.0,1283.0,614.0,350226.3019967742,332342.60859354836,15238.929348387097,2644.7640709677416,370218.87829354836,327375.5726677419,364776.8811064516,339833.03122580645,190203.53668387097,40728.25183548387,54018.4051483871,95456.87969999999,24943.849880645164,1,14,15,227,22,32,173,0,0,98,0,0,0,11,627498.0,455260.0,172238.0,0.2745,71346.0,497002.0,354131.0,142871.0,0.2875,98849.0,API,651.0
2023-03-01,성동구,2023,3,651.0,1485.0,648.0,357928.6939678571,339410.81144285714,15405.68017142857,3112.2023714285715,380380.0853357143,333598.0687178572,374855.3293142857,345838.240175,198462.96215,44752.25008571429,53146.773689285714,100563.938375,29017.089139285723,1,14,15,227,22,32,173,0,0,98,0,0,0,11,627498.0,455260.0,172238.0,0.2745,71346.0,497002.0,354131.0,142871.0,0.2875,98849.0,API,736.0
2023-04-01,성동구,2023,4,736.0,1426.0,756.0,364001.2462967742,343380.2057419355,16801.45324516129,3819.587332258064,389084.08089032257,337779.97077741934,382894.7249580645,350505.9043935484,198659.95826774192,46266.500961290316,51047.10115806452,101346.3561483871,32388.82056451613,1,14,15,227,22,32,173,0,0,98,0,0,0,11,627498.0,455260.0,172238.0,0.2745,71346.0,497002.0,354131.0,142871.0,0.2875,98849.0,API,755.0
2023-05-01,성동구,2023,5,755.0,1502.0,855.0,360286.25201666664,340799.3422633333,16597.713233333332,2889.1965066666667,386764.56214666663,334479.9313633333,379037.44496999995,346892.54276333336,210891.49861,46260.71755666667,56509.7786,108121.00245333332,32144.902206666666,1,14,15,227,22,32,173,0,0,98,0,0,0,11,627498.0,455260.0,172238.0,0.2745,71346.0,497002.0,354131.0,142871.0,0.2875,98849.0,API,831.0
2023-06-01,성동구,2023,6,831.0,1391.0,791.0,356113.16627096775,337293.4631483871,16184.181016129032,2635.5221096774194,380411.83360967744,331062.1311258064,373090.27892258065,343986.65723225806,203331.882716129,44048.03193225806,54970.31717096774,104313.53361290322,29103.621690322576,1,14,15,227,22,32,173,0,0,98,0,0,0,11,627498.0,455260.0,172238.0,0.2745,71346.0,497002.0,354131.0,142871.0,0.2875,98849.0,API,758.0
2023-07-01,성동구,2023,7,758.0,1616.0,895.0,355102.72098,336430.77032666665,15711.1208,2960.8298533333336,377364.57964666665,331571.60206666664,371588.5947,343327.09690999996,201015.44582,42946.70563333333,55243.29278,102825.44740666666,28261.497789999998,1,14,15,227,22,32,173,0,0,98,0,0,0,11,627498.0,455260.0,172238.0,0.2745,71346.0,497002.0,354131.0,142871.0,0.2875,98849.0,API,848.0
2023-08-01,성동구,2023,8,848.0,1454.0,780.0,347868.09931290324,330829.4462387097,13977.195506451611,3061.457570967742,369065.37103870965,326271.31705161295,362320.6916967742,337544.8190387097,187884.32707741935,40804.95355483871,51102.564825806454,95976.8086967742,24775.872658064513,1,14,15,227,22,32,173,0,0,98,0,0,0,11,627498.0,455260.0,172238.0,0.2745,71346.0,497002.0,354131.0,142871.0,0.2875,98849.0,API,856.0
2023-09-01,성동구,2023,9,856.0,1346.0,768.0,346058.6831548387,329361.10598064517,13904.734993548387,2792.842174193548,366272.0476935484,325497.523983871,359494.6095193548,336461.59288709675,186947.04448064516,40940.0019,50822.756019354834,95184.28656129033,23033.016632258063,1,14,15,227,22,32,173,0,0,98,0,0,0,11,627498.0,455260.0,172238.0,0.2745,71346.0,497002.0,354131.0,142871.0,0.2875,98849.0,API,776.0
2023-10-01,성동구,2023,10,776.0,1288.0,731.0,354887.74589666666,336408.73460666667,15488.02437,2990.986923333333,376052.9271533333,331818.77271666663,369772.88641,344255.50268,192627.92586666666,44152.980593333334,50437.11576333333,98037.82951000001,25517.383729999994,1,14,15,227,22,32,173,0,0,98,0,0,0,11,627498.0,455260.0,172238.0,0.2745,71346.0,497002.0,354131.0,142871.0,0.2875,98849.0,API,796.0
2023-11-01,성동구,2023,11,796.0,1302.0,754.0,352867.51892580645,334805.08179032255,15359.791812903226,2702.6453322580646,375345.85235161294,331222.6939096774,367933.8017870968,342105.888316129,192476.69996451613,42039.328235483874,51569.224548387094,98868.14718064516,25827.913470967753,1,14,15,227,22,32,173,0,0,98,0,0,0,11,627498.0,455260.0,172238.0,0.2745,71346.0,497002.0,354131.0,142871.0,0.2875,98849.0,API,740.0
2023-12-01,성동구,2023,12,740.0,1415.0,784.0,360422.95284333336,342308.61435333337,15397.262176666667,2717.076323333333,383422.9635266667,336177.3183466667,377072.5638366667,348530.3735733333,204727.08965666668,46666.470166666666,52510.898246666664,105549.72124333333,28542.190263333327,1,14,15,227,22,32,173,0,0,98,0,0,0,11,627498.0,455260.0,172238.0,0.2745,71346.0,497002.0,354131.0,142871.0,0.2875,98849.0,API,831.0
2024-01-01,성동구,2024,1,831.0,1249.0,727.0,363229.96246451617,343498.58326451614,16934.033503225804,2797.345706451613,385336.24207419355,338866.89279677416,378404.8764741936,352390.7381741936,196042.49835483872,46580.03769354839,50840.78357419355,98621.67708709677,26014.13829999999,2,41,14,138,0,27,210,0,0,60,0,0,0,9,592551.0,430510.0,162041.0,0.2735,78008.0,489507.0,347009.0,142498.0,0.2911,106592.0,API,782.0
2024-02-01,성동구,2024,2,782.0,1113.0,651.0,351456.3379806451,335339.8796806451,13794.847512903225,2321.6107774193547,369767.9606258065,327465.4174612904,364640.4753967742,342039.0969612903,184735.10471935483,43086.013235483864,48578.79541290322,93070.29607096774,22601.378435483868,2,41,14,138,0,27,210,0,0,60,0,0,0,9,592551.0,430510.0,162041.0,0.2735,78008.0,489507.0,347009.0,142498.0,0.2911,106592.0,API,631.0
2024-03-01,성동구,2024,3,631.0,1208.0,736.0,349710.77719655173,334061.6396586207,13174.717455172413,2474.4200862068965,370432.04140344827,327141.45475862065,364125.8493793103,339414.29707586206,190344.1421137931,44807.82501034483,49770.7301862069,95765.58691724138,24711.55230344828,2,41,14,138,0,27,210,0,0,60,0,0,0,9,592551.0,430510.0,162041.0,0.2735,78008.0,489507.0,347009.0,142498.0,0.2911,106592.0,API,597.0
2024-04-01,성동구,2024,4,597.0,1242.0,755.0,362637.6263225806,344352.78911935486,15323.639370967741,2961.1978451612904,385659.2905709677,338838.02942903223,379247.50281290326,350773.4288483871,194079.80322258064,48112.50532580646,48705.89870967742,97261.39918709677,28474.073964516137,2,41,14,138,0,27,210,0,0,60,0,0,0,9,592551.0,430510.0,162041.0,0.2735,78008.0,489507.0,347009.0,142498.0,0.2911,106592.0,API,567.0
2024-05-01,성동구,2024,5,567.0,1402.0,831.0,359790.27051999996,341246.9538666667,15442.536373333334,3100.780263333333,388317.39957,335116.8978066667,378984.4374666667,346080.1512833333,211992.73005333336,47200.117476666666,54741.29045333333,110051.32212333333,32904.286183333345,2,41,14,138,0,27,210,0,0,60,0,0,0,9,592551.0,430510.0,162041.0,0.2735,78008.0,489507.0,347009.0,142498.0,0.2911,106592.0,API,608.0
2024-06-01,성동구,2024,6,608.0,1319.0,758.0,353612.19902903226,335762.59062258067,14753.108651612903,3096.4997645161293,378348.0316677419,332554.13231290324,370111.06733870966,341827.2930935484,194393.13052258064,43601.06656774194,51498.78107096774,99293.28288387097,28283.774245161287,2,41,14,138,0,27,210,0,0,60,0,0,0,9,592551.0,430510.0,162041.0,0.2735,78008.0,489507.0,347009.0,142498.0,0.2911,106592.0,API,613.0
2024-07-01,성동구,2024,7,613.0,1491.0,848.0,351255.3528766667,333380.51412,14685.098443333332,3189.7403066666666,372926.2357933333,332140.6054966666,365877.9802366666,340810.6190366667,191759.94017666666,42602.758400000006,52657.064126666664,96500.11765,25067.361199999996,2,41,14,138,0,27,210,0,0,60,0,0,0,9,592551.0,430510.0,162041.0,0.2735,78008.0,489507.0,347009.0,142498.0,0.2911,106592.0,API,631.0
2024-08-01,성동구,2024,8,631.0,1474.0,856.0,346470.91147096775,330136.81680645165,13129.27182903226,3204.822829032258,367018.38953870966,327821.2863064516,360829.7892,336214.5702387097,185551.78998709677,41806.80093225807,49391.812745161296,94353.17630967742,24615.218961290317,2,41,14,138,0,27,210,0,0,60,0,0,0,9,592551.0,430510.0,162041.0,0.2735,78008.0,489507.0,347009.0,142498.0,0.2911,106592.0,API,600.0
2024-09-01,성동구,2024,9,600.0,1399.0,776.0,343947.6531645161,327831.3092870968,12866.654251612903,3249.689632258064,361876.51771290327,327409.6514903226,355618.3257774193,335611.4584483871,184547.82652903226,42455.46257096775,50093.40340967742,91998.96054838708,20006.867329032262,2,41,14,138,0,27,210,0,0,60,0,0,0,9,592551.0,430510.0,162041.0,0.2735,78008.0,489507.0,347009.0,142498.0,0.2911,106592.0,API,546.0
2024-10-01,성동구,2024,10,546.0,1337.0,796.0,347021.33082,328962.2454166667,14314.664796666668,3744.42062,367238.3664066667,328227.2281566666,360324.84041,337518.8239866666,189570.11548,44608.70694,51152.88632666667,93808.52221333333,22806.016423333338,2,41,14,138,0,27,210,0,0,60,0,0,0,9,592551.0,430510.0,162041.0,0.2735,78008.0,489507.0,347009.0,142498.0,0.2911,106592.0,API,546.0
2024-11-01,성동구,2024,11,546.0,1171.0,740.0,354751.83518709673,336392.11102258065,14553.20995483871,3806.514216129032,379306.4047612903,335688.67826129036,370668.80809032253,343382.5688451613,196358.0671516129,45577.35950645161,51557.78967419355,99222.91797096776,27286.239245161287,2,41,14,138,0,27,210,0,0,60,0,0,0,9,592551.0,430510.0,162041.0,0.2735,78008.0,489507.0,347009.0,142498.0,0.2911,106592.0,API,520.0
2024-12-01,성동구,2024,12,520.0,1376.0,831.0,356226.8598133333,337662.98288,14436.375576666667,4127.501363333333,380868.46369,335749.57493666664,372717.8770833333,344447.56177,206662.30104,47891.09975,53467.956066666666,105303.24522333333,28270.31531333333,2,41,14,138,0,27,210,0,0,60,0,0,0,9,592551.0,430510.0,162041.0,0.2735,78008.0,489507.0,347009.0,142498.0,0.2911,106592.0,API,582.0
2025-01-01,성동구,2025,1,582.0,1254.0,782.0,356198.74317741935,337412.39952903223,14351.045854838709,4435.297812903225,381045.4209870968,335591.2026129032,372652.63704193546,344445.9618548387,197262.22987096774,46413.856219354835,51369.19785483871,99479.17579677419,28206.675187096767,0,71,0,47,0,10,173,1,54,70,43,21,0,19,593015.0,435070.0,157945.0,0.2663,66754.0,444606.0,323252.0,121354.0,0.2729,82722.0,API,563.0
2025-02-01,성동구,2025,2,563.0,1097.0,631.0,342006.5618483871,325907.9468645161,12597.906806451612,3500.708164516129,360590.6349193548,325448.3255290322,354414.3571354839,333143.850916129,179621.11207741936,41094.01933548387,49464.10342903226,89062.98931290321,21270.50621935484,0,71,0,47,0,10,173,1,54,70,43,21,0,19,593015.0,435070.0,157945.0,0.2663,66754.0,444606.0,323252.0,121354.0,0.2729,82722.0,API,495.0
2025-03-01,성동구,2025,3,495.0,1164.0,597.0,351919.36505,335691.8080928571,12622.292285714286,3605.264685714286,375073.7291035714,332912.1206857143,367712.97878214286,340638.21238928573,192637.70311785716,44891.71875,50301.398264285715,97444.58610357143,27074.766392857153,0,71,0,47,0,10,173,1,54,70,43,21,0,19,593015.0,435070.0,157945.0,0.2663,66754.0,444606.0,323252.0,121354.0,0.2729,82722.0,API,543.0
2025-04-01,성동구,2025,4,543.0,1194.0,567.0,359448.59086129034,340970.7649870968,14267.119838709676,4210.706048387096,384049.00574516127,340196.92485806457,375668.37768709677,347863.02884516126,192886.1785967742,46711.57582580645,49542.400483870966,96632.20228709678,27805.34884193549,0,71,0,47,0,10,173,1,54,70,43,21,0,19,593015.0,435070.0,157945.0,0.2663,66754.0,444606.0,323252.0,121354.0,0.2729,82722.0,API,577.0
2025-05-01,성동구,2025,5,577.0,1314.0,608.0,362522.45337,343787.71910000005,14475.205976666668,4259.5283,390116.39652999997,341035.77350666665,380919.7590866667,349381.52070666663,216531.23765333332,47195.835960000004,57231.541639999996,112103.86005333332,31538.23838000001,0,71,0,47,0,10,173,1,54,70,43,21,0,19,593015.0,435070.0,157945.0,0.2663,66754.0,444606.0,323252.0,121354.0,0.2729,82722.0,API,586.0
2025-06-01,성동구,2025,6,586.0,1326.0,613.0,354285.78181612905,335885.5207709677,14098.734512903226,4301.526532258064,380962.0396677419,333894.6344967742,370755.5232516129,342521.68079354835,198139.12372580645,45473.02484516129,51793.10980645162,100872.98907419354,28233.84245806451,0,71,0,47,0,10,173,1,54,70,43,21,0,19,593015.0,435070.0,157945.0,0.2663,66754.0,444606.0,323252.0,121354.0,0.2729,82722.0,API,568.0
2025-07-01,성동구,2025,7,568.0,1371.0,631.0,355062.1835733334,336527.07792999997,14029.74932,4505.356336666667,378727.32630666666,336419.3494766667,370201.21678333334,344248.5884333333,200705.91397333334,43239.003006666666,55775.712263333335,101691.19870333333,25952.62835000001,0,71,0,47,0,10,173,1,54,70,43,21,0,19,593015.0,435070.0,157945.0,0.2663,66754.0,444606.0,323252.0,121354.0,0.2729,82722.0,API,638.0
2025-08-01,성동구,2025,8,638.0,1411.0,600.0,348541.13801935484,331674.33544838714,12525.467187096774,4341.335383870967,371834.3394354839,330092.94920322584,363815.4836806452,337630.89112580643,197286.42283548389,43380.572767741935,54154.933009677414,99750.91705806452,26184.592554838713,0,71,0,47,0,10,173,1,54,70,43,21,0,19,593015.0,435070.0,157945.0,0.2663,66754.0,444606.0,323252.0,121354.0,0.2729,82722.0,API,605.0
2025-09-01,성동구,2025,9,605.0,1171.0,546.0,343540.03414193547,327076.28093548387,12352.877574193548,4110.87565483871,365259.86636451614,326930.1011419355,357102.2888935484,333852.70933225803,194120.4200580645,43029.1096483871,54751.9452,96339.36520967742,23249.579561290328,0,71,0,47,0,10,173,1,54,70,43,21,0,19,593015.0,435070.0,157945.0,0.2663,66754.0,444606.0,323252.0,121354.0,0.2729,82722.0,API,646.0
2025-10-01,성동구,2025,10,646.0,1175.0,546.0,360477.9657333334,341549.40477,14189.542326666668,4739.018643333333,388287.3726466667,338736.12761333334,379014.85745333333,347237.32880333334,212898.66627666669,49082.10755,56134.68401333333,107681.87471333334,31777.528649999993,0,71,0,47,0,10,173,1,54,70,43,21,0,19,593015.0,435070.0,157945.0,0.2663,66754.0,444606.0,323252.0,121354.0,0.2729,82722.0,API,615.0
2025-11-01,성동구,2025,11,615.0,1087.0,520.0,348790.16426129034,329905.99533225805,13839.120496774194,5045.048441935483,373791.0110225807,328853.4803419355,363703.203,338137.9937354839,197414.55775483872,44628.844425806456,54014.44735806452,98771.26597096774,25565.209264516132,0,71,0,47,0,10,173,1,54,70,43,21,0,19,593015.0,435070.0,157945.0,0.2663,66754.0,444606.0,323252.0,121354.0,0.2729,82722.0,API,649.0
2025-12-01,성동구,2025,12,649.0,1179.0,582.0,362451.0455366667,342777.5149633333,14299.942543333334,5373.588036666667,391603.22347666667,340131.3849,381332.91749,348963.99414,208770.62054333332,47969.19195666666,55145.652883333336,105655.77570333333,32368.92335,0,71,0,47,0,10,173,1,54,70,43,21,0,19,593015.0,435070.0,157945.0,0.2663,66754.0,444606.0,323252.0,121354.0,0.2729,82722.0,API,636.0
2017-01-01,성북구,2017,1,,,,,,,,,,,,,,,,,0,44,6,141,22,0,189,0,0,191,0,0,0,29,,,,,,,,,,,API,1046.0
2017-02-01,성북구,2017,2,1046.0,,,,,,,,,,,,,,,,0,44,6,141,22,0,189,0,0,191,0,0,0,29,,,,,,,,,,,API,846.0
2017-03-01,성북구,2017,3,846.0,,,,,,,,,,,,,,,,0,44,6,141,22,0,189,0,0,191,0,0,0,29,,,,,,,,,,,API,1036.0
2017-04-01,성북구,2017,4,1036.0,,,,,,,,,,,,,,,,0,44,6,141,22,0,189,0,0,191,0,0,0,29,,,,,,,,,,,API,1121.0
2017-05-01,성북구,2017,5,1121.0,,,,,,,,,,,,,,,,0,44,6,141,22,0,189,0,0,191,0,0,0,29,,,,,,,,,,,API,1154.0
2017-06-01,성북구,2017,6,1154.0,,,,,,,,,,,,,,,,0,44,6,141,22,0,189,0,0,191,0,0,0,29,,,,,,,,,,,API,1129.0
2017-07-01,성북구,2017,7,1129.0,,,,,,,,,,,,,,,,0,44,6,141,22,0,189,0,0,191,0,0,0,29,,,,,,,,,,,API,1177.0
2017-08-01,성북구,2017,8,1177.0,,,,,,,,,,,,,,,,0,44,6,141,22,0,189,0,0,191,0,0,0,29,,,,,,,,,,,API,1137.0
2017-09-01,성북구,2017,9,1137.0,,,,,,,,,,,,,,,,0,44,6,141,22,0,189,0,0,191,0,0,0,29,,,,,,,,,,,API,1163.0
2017-10-01,성북구,2017,10,1163.0,,,,,,,,,,,,,,,,0,44,6,141,22,0,189,0,0,191,0,0,0,29,,,,,,,,,,,API,1064.0
2017-11-01,성북구,2017,11,1064.0,,,,,,,,,,,,,,,,0,44,6,141,22,0,189,0,0,191,0,0,0,29,,,,,,,,,,,API,1153.0
2017-12-01,성북구,2017,12,1153.0,,,,,,,,,,,,,,,,0,44,6,141,22,0,189,0,0,191,0,0,0,29,,,,,,,,,,,API,1257.0
2018-01-01,성북구,2018,1,1257.0,1711.0,1046.0,,,,,,,,,,,,,,0,81,3,117,28,0,271,0,0,197,0,0,0,20,,,,,,,,,,,API,1208.0
2018-02-01,성북구,2018,2,1208.0,1397.0,846.0,,,,,,,,,,,,,,0,81,3,117,28,0,271,0,0,197,0,0,0,20,,,,,,,,,,,API,946.0
2018-03-01,성북구,2018,3,946.0,1648.0,1036.0,,,,,,,,,,,,,,0,81,3,117,28,0,271,0,0,197,0,0,0,20,,,,,,,,,,,API,1128.0
2018-04-01,성북구,2018,4,1128.0,1756.0,1121.0,,,,,,,,,,,,,,0,81,3,117,28,0,271,0,0,197,0,0,0,20,,,,,,,,,,,API,1081.0
2018-05-01,성북구,2018,5,1081.0,1851.0,1154.0,471560.4510884615,450768.78315,18587.178807692308,2204.4891615384618,501926.61859615386,442463.1954769231,448968.8307307692,487697.32276153844,221844.2821653846,28610.607200000002,99592.82936923076,93640.84559615384,-38728.49203076923,0,81,3,117,28,0,271,0,0,197,0,0,0,20,,,,,,,,,,,API,1124.0
2018-06-01,성북구,2018,6,1124.0,1811.0,1129.0,468059.64426451613,447806.4736387097,18299.2410483871,1953.9295838709677,499650.8054967742,438881.79222903226,445922.5104354839,482805.24537419353,216954.68881290322,29085.106458064518,96766.05290645162,91103.5294483871,-36882.73493870967,0,81,3,117,28,0,271,0,0,197,0,0,0,20,,,,,,,,,,,API,1108.0
2018-07-01,성북구,2018,7,1108.0,1918.0,1177.0,461958.41298333334,442707.30265,16980.69679,2270.413556666667,492142.07901333336,431654.93359,438562.02864333335,478670.11608666665,201477.07403999998,25011.221573333332,94606.22714333334,81859.62532333333,-40108.08744333333,0,81,3,117,28,0,271,0,0,197,0,0,0,20,,,,,,,,,,,API,1220.0
2018-08-01,성북구,2018,8,1220.0,1893.0,1137.0,445474.29491612903,429005.1655032258,13904.632374193547,2564.497048387097,480292.9929064516,410830.5847064516,418307.665383871,464879.03030000004,193450.60290645162,23895.218264516127,93791.75399677419,75763.63064516129,-46571.36491612902,0,81,3,117,28,0,271,0,0,197,0,0,0,20,,,,,,,,,,,API,1201.0
2018-09-01,성북구,2018,9,1201.0,1931.0,1163.0,441445.96041935484,424907.67866774194,13589.384806451613,2948.896964516129,474465.80736451613,407702.9315806452,415246.08536774194,459160.1153451613,192841.19092258066,24385.885470967743,92957.92432903226,75497.38112258064,-43914.029977419355,0,81,3,117,28,0,271,0,0,197,0,0,0,20,,,,,,,,,,,API,1100.0
2018-10-01,성북구,2018,10,1100.0,1712.0,1064.0,457609.73035666667,438144.8515,16538.03133,2926.84753,485752.06443,429324.55387666664,436621.51035,472601.31608666666,201144.98137999998,32336.351493333335,89671.78583,79136.84405666667,-35979.80573666666,0,81,3,117,28,0,271,0,0,197,0,0,0,20,,,,,,,,,,,API,1070.0
2018-11-01,성북구,2018,11,1070.0,1809.0,1153.0,463990.3376645161,444949.87793225807,17038.486912903227,2001.972841935484,492392.58702903223,433834.11112258065,441312.84821290325,479116.92883225804,205514.29225806452,27495.556648387097,93416.58625806452,84602.14935161291,-37804.08061935483,0,81,3,117,28,0,271,0,0,197,0,0,0,20,,,,,,,,,,,API,1051.0
2018-12-01,성북구,2018,12,1051.0,2062.0,1257.0,464868.28662,445547.84977000003,17265.749576666665,2054.6872633333332,494802.95083333337,435783.3566366667,442383.66598,480928.72991,210508.80395666664,28745.780359999997,94580.29793666667,87182.72566,-38545.06393,0,81,3,117,28,0,271,0,0,197,0,0,0,20,,,,,,,,,,,API,1155.0
2019-01-01,성북구,2019,1,1155.0,1992.0,1208.0,468509.59206451615,448939.12602258066,16799.98005483871,2770.4859967741936,495870.13290322584,439662.9614645162,447009.8658032258,483866.5393935484,198441.5932032258,27018.567738709677,90631.14705806453,80791.87840645161,-36856.67359032258,0,34,3,62,27,1,162,0,0,118,0,0,0,6,,,,,,,,,,,API,1008.0
2019-02-01,성북구,2019,2,1008.0,1622.0,946.0,452058.411116129,436432.02352580643,13236.3253,2390.062306451613,483551.73293225805,418342.1240483871,426608.2749419355,470237.07981612906,195913.12998064517,25169.813351612902,93180.27829032257,77563.03833870968,-43628.804874193556,0,34,3,62,27,1,162,0,0,118,0,0,0,6,,,,,,,,,,,API,979.0
2019-03-01,성북구,2019,3,979.0,1849.0,1128.0,434640.50349285715,419984.6524357143,12179.7001,2476.1509571428574,462621.7357321429,404607.2916535715,413038.79772857146,450070.2933392857,191714.48729999998,27350.551410714284,91758.86136428571,72605.074525,-37031.495610714286,0,34,3,62,27,1,162,0,0,118,0,0,0,6,,,,,,,,,,,API,1020.0
2019-04-01,성북구,2019,4,1020.0,1737.0,1081.0,463701.6523419355,444159.2294516129,16835.65009032258,2706.772787096774,489716.6548935484,436985.1096483871,443640.18812580645,478031.26963225805,194968.77727096775,32855.08862580645,85556.78146774194,76556.90717741936,-34391.081506451614,0,34,3,62,27,1,162,0,0,118,0,0,0,6,,,,,,,,,,,API,1087.0
2019-05-01,성북구,2019,5,1087.0,1874.0,1124.0,456047.4919733333,437232.23051333334,16838.70846,1976.553,485245.67128333333,426677.57276666665,433481.24735333334,472166.23813666665,213104.45081666668,27419.596200000004,97266.35194666666,88418.50267,-38684.99078333333,0,34,3,62,27,1,162,0,0,118,0,0,0,6,,,,,,,,,,,API,1163.0
2019-06-01,성북구,2019,6,1163.0,1788.0,1108.0,442398.9042612903,423447.80158064514,16913.471977419355,2037.630719354839,470364.8400548387,415183.5880516129,421435.12940967747,457373.0291774194,194026.52688064516,26600.63280967742,87254.10341935484,80171.7906516129,-35937.89976774193,0,34,3,62,27,1,162,0,0,118,0,0,0,6,,,,,,,,,,,API,1095.0
2019-07-01,성북구,2019,7,1095.0,2006.0,1220.0,436878.2211566667,418334.5910666667,16372.45942,2171.170686666667,466053.67968666664,408005.62602,414775.2684633333,452666.0445233333,179365.62752666665,23807.37482,83852.58942,71705.66328666666,-37890.77606,0,34,3,62,27,1,162,0,0,118,0,0,0,6,,,,,,,,,,,API,1144.0
2019-08-01,성북구,2019,8,1144.0,1927.0,1201.0,415621.3382,400317.1876419355,12926.08120967742,2378.06934516129,447911.3165,382909.22257419355,390106.47397419356,433846.24120967736,161461.95240645163,21219.97168387097,77302.3112,62939.66952258065,-43739.76723548387,0,34,3,62,27,1,162,0,0,118,0,0,0,6,,,,,,,,,,,API,1138.0
2019-09-01,성북구,2019,9,1138.0,1749.0,1100.0,434533.0092903226,419142.95910322585,12776.231951612905,2613.8182483870964,466085.5333645161,400972.39706774196,409007.9240516129,452765.2130516129,174499.90207419355,23458.531458064517,84604.29851612904,66437.0721,-43757.289000000004,0,34,3,62,27,1,162,0,0,118,0,0,0,6,,,,,,,,,,,API,1072.0
2019-10-01,성북구,2019,10,1072.0,1620.0,1070.0,452771.93176666665,433662.3141466667,16229.327833333335,2880.289773333333,478103.6397733333,427201.23357,433313.05037333333,466671.1327666667,199776.21454333334,33345.041443333335,88760.69402000001,77670.47907999999,-33358.08239333334,0,34,3,62,27,1,162,0,0,118,0,0,0,6,,,,,,,,,,,API,1126.0
2019-11-01,성북구,2019,11,1126.0,1654.0,1051.0,458894.2695483871,439927.47469354834,16559.618487096774,2407.176364516129,485481.216933871,429552.37508064514,436344.60499677423,475001.17281612905,203454.49478870968,28674.43567741935,89966.39057419355,84813.66853709676,-38656.56781935483,0,34,3,62,27,1,162,0,0,118,0,0,0,6,,,,,,,,,,,API,1079.0
2019-12-01,성북구,2019,12,1079.0,1847.0,1155.0,461533.94953,441908.03145,17206.873033333333,2419.0450466666666,489282.96484666667,432198.7070666666,439115.00219666667,477547.48334,195009.31495333332,27728.412013333334,86402.20840999999,80878.69453,-38432.48114333334,0,34,3,62,27,1,162,0,0,118,0,0,0,6,,,,,,,,,,,API,1113.0
2020-01-01,성북구,2020,1,1113.0,1596.0,1008.0,461709.56980322575,441940.22345806455,16985.80468064516,2783.5416548387097,489802.8909419355,431018.3382580645,438738.4513870968,478117.51152580645,199333.76477741936,27423.581522580647,90827.37403225807,81082.80922258065,-39379.06013870967,0,17,4,78,20,2,147,0,0,106,0,0,0,19,1000671.0,734883.0,265788.0,0.2656,,1011902.0,797930.0,213972.0,0.2115,,API,1069.0
2020-02-01,성북구,2020,2,1069.0,1446.0,979.0,443642.13299677416,427542.52181612904,13336.645854838709,2762.965341935484,473006.912332258,410914.44121612905,419255.07947419357,461061.4569516129,186893.57087096773,26902.914658064514,88527.0292516129,71463.62696129033,-41806.37747741936,0,17,4,78,20,2,147,0,0,106,0,0,0,19,1000671.0,734883.0,265788.0,0.2656,,1011902.0,797930.0,213972.0,0.2115,,API,820.0
2020-03-01,성북구,2020,3,820.0,1626.0,1020.0,450710.36358965514,433599.96633103443,13981.869993103448,3128.527244827586,476518.7189068966,420823.66658965516,427963.6276448276,466958.0321137931,178698.16827931034,22220.050448275862,87841.76476551723,68636.35306551724,-38994.40446896551,0,17,4,78,20,2,147,0,0,106,0,0,0,19,1000671.0,734883.0,265788.0,0.2656,,1011902.0,797930.0,213972.0,0.2115,,API,700.0
2020-04-01,성북구,2020,4,700.0,1635.0,1087.0,455347.1090064516,436487.6556258065,15007.706638709678,3851.746735483871,478018.8746096774,426936.25096451613,434540.92077741935,470208.67202903226,173036.95986451613,20446.685303225804,87418.84817419354,65171.42638709677,-35667.7512516129,0,17,4,78,20,2,147,0,0,106,0,0,0,19,1000671.0,734883.0,265788.0,0.2656,,1011902.0,797930.0,213972.0,0.2115,,API,757.0
2020-05-01,성북구,2020,5,757.0,1783.0,1163.0,451910.41041666665,433289.25603666663,15667.581456666667,2953.572913333333,476628.09372666664,421702.9213,429886.43726,467641.8197966667,181425.67333333334,21284.456283333337,91400.24130333333,68740.97574666666,-37755.38253666667,0,17,4,78,20,2,147,0,0,106,0,0,0,19,1000671.0,734883.0,265788.0,0.2656,,1011902.0,797930.0,213972.0,0.2115,,API,862.0
2020-06-01,성북구,2020,6,862.0,1722.0,1095.0,449888.8910451613,431647.57718064514,16039.449403225806,2201.864461290322,475175.24209677416,419592.47195806453,427930.8485419355,465573.2071225807,184452.07040645162,23540.498270967742,90901.93549032259,70009.63664516128,-37642.35858064517,0,17,4,78,20,2,147,0,0,106,0,0,0,19,1000671.0,734883.0,265788.0,0.2656,,1011902.0,797930.0,213972.0,0.2115,,API,879.0
2020-07-01,성북구,2020,7,879.0,1780.0,1144.0,448730.0595833333,430105.3705866666,16239.7341,2384.95491,475744.76119,418673.03716666665,425638.3445266666,465224.1417766667,187020.20382,23072.451123333336,91156.29304333334,72791.45965333332,-39585.797249999996,0,17,4,78,20,2,147,0,0,106,0,0,0,19,1000671.0,734883.0,265788.0,0.2656,,1011902.0,797930.0,213972.0,0.2115,,API,941.0
2020-08-01,성북구,2020,8,941.0,1794.0,1138.0,440633.1441193548,422619.5671806451,15831.187990322582,2182.388951612903,469864.0783225806,408027.06228709675,415866.7112193548,458323.4533451613,180389.48695806452,21661.757916129034,89527.1676451613,69200.5613967742,-42456.74212580646,0,17,4,78,20,2,147,0,0,106,0,0,0,19,1000671.0,734883.0,265788.0,0.2656,,1011902.0,797930.0,213972.0,0.2115,,API,896.0
2020-09-01,성북구,2020,9,896.0,1723.0,1072.0,437750.70461612905,418019.9534677419,15600.481332258065,4130.269825806452,463140.0773483871,408409.6318935484,415740.1462935484,453472.53198387095,171187.94658387097,19627.11558387097,88912.25225806452,62648.57874193549,-37732.38569032259,0,17,4,78,20,2,147,0,0,106,0,0,0,19,1000671.0,734883.0,265788.0,0.2656,,1011902.0,797930.0,213972.0,0.2115,,API,781.0
2020-10-01,성북구,2020,10,781.0,1782.0,1126.0,446747.30582,426579.6821733333,15802.099956666667,4365.523706666667,470973.96535333333,418182.24172,425135.40808666666,462184.37562999997,177609.58388,21856.195726666665,89682.38743333334,66071.00072,-37048.96754333333,0,17,4,78,20,2,147,0,0,106,0,0,0,19,1000671.0,734883.0,265788.0,0.2656,,1011902.0,797930.0,213972.0,0.2115,,API,802.0
2020-11-01,성북구,2020,11,802.0,1693.0,1079.0,439026.03666451614,421287.5053580645,15408.62018064516,2329.911129032258,465123.9742354839,407621.780967742,416285.18498709676,455269.5021290322,184485.5019935484,24060.70973548387,90732.62306129033,69692.1691967742,-38984.317141935484,0,17,4,78,20,2,147,0,0,106,0,0,0,19,1000671.0,734883.0,265788.0,0.2656,,1011902.0,797930.0,213972.0,0.2115,,API,791.0
2020-12-01,성북구,2020,12,791.0,1681.0,1113.0,440085.9448633333,421696.30529333337,15493.875343333335,2895.764236666667,465434.13522,409806.56923333334,417568.4300666667,456169.88400666666,184116.76302666668,22296.116423333333,91136.27218999999,70684.37441333334,-38601.45394,0,17,4,78,20,2,147,0,0,106,0,0,0,19,1000671.0,734883.0,265788.0,0.2656,,1011902.0,797930.0,213972.0,0.2115,,API,737.0
2021-01-01,성북구,2021,1,737.0,1611.0,1069.0,445418.15137419355,426207.500783871,15498.541916129032,3712.1086903225805,464856.9041612903,419631.48421290325,426532.1339580645,458908.1638129032,170712.0114483871,19211.84823548387,87553.58200967741,63946.5812032258,-32376.029854838707,0,23,1,53,19,2,131,0,0,92,0,0,0,2,970834.0,710054.0,260780.0,0.2686,,985919.0,791683.0,194236.0,0.197,,API,774.0
2021-02-01,성북구,2021,2,774.0,1401.0,820.0,442329.8876935484,425835.65004838706,14330.777638709678,2163.4600161290323,461815.8977645162,416196.0214838709,423624.29501612904,455691.0253096774,175578.50588064516,20633.952983870968,90076.05370645161,64868.49919032258,-32066.730293548382,0,23,1,53,19,2,131,0,0,92,0,0,0,2,970834.0,710054.0,260780.0,0.2686,,985919.0,791683.0,194236.0,0.197,,API,691.0
2021-03-01,성북구,2021,3,691.0,1263.0,700.0,438007.89603214286,420279.2642357143,14047.133014285715,3681.498803571428,461082.924575,408011.2535857143,416647.3051928571,453265.4609285714,180154.85644285713,23253.58195357143,89455.61721785714,67445.65727142857,-36618.15573571429,0,23,1,53,19,2,131,0,0,92,0,0,0,2,970834.0,710054.0,260780.0,0.2686,,985919.0,791683.0,194236.0,0.197,,API,749.0
2021-04-01,성북구,2021,4,749.0,1356.0,757.0,445766.8841483871,426432.5940064516,14880.171306451613,4454.118851612903,471949.43476451613,414413.76241290325,422528.0203548387,462366.07258387096,183707.4354,27286.86376451613,87257.45941612903,69163.11221935485,-39838.05222903226,0,23,1,53,19,2,131,0,0,92,0,0,0,2,970834.0,710054.0,260780.0,0.2686,,985919.0,791683.0,194236.0,0.197,,API,794.0
2021-05-01,성북구,2021,5,794.0,1583.0,862.0,440312.49287666666,422551.12873,14908.026783333333,2853.33736,466953.3580633334,407807.8742833333,416277.9461,457480.02629,190094.32129,22469.937386666665,93880.93849333333,73743.44541,-41202.08019,0,23,1,53,19,2,131,0,0,92,0,0,0,2,970834.0,710054.0,260780.0,0.2686,,985919.0,791683.0,194236.0,0.197,,API,926.0
2021-06-01,성북구,2021,6,926.0,1628.0,879.0,437655.18221935484,420124.43510645156,14877.361316129032,2653.3858096774193,463186.84688387095,406767.19617741933,415071.6703032258,453786.26216451614,183271.7890451613,22085.527741935482,91308.76281612903,69877.49848709677,-38714.591861290326,0,23,1,53,19,2,131,0,0,92,0,0,0,2,970834.0,710054.0,260780.0,0.2686,,985919.0,791683.0,194236.0,0.197,,API,941.0
2021-07-01,성북구,2021,7,941.0,1619.0,941.0,434647.05735666666,417642.18791,14618.787473333334,2386.081976666667,461767.8237633333,403065.2888633333,410690.3927866667,451758.96063,184985.45819,21822.367746666667,92051.97055666667,71111.11988666667,-41068.56784333333,0,23,1,53,19,2,131,0,0,92,0,0,0,2,970834.0,710054.0,260780.0,0.2686,,985919.0,791683.0,194236.0,0.197,,API,904.0
2021-08-01,성북구,2021,8,904.0,1645.0,896.0,426102.5745451613,409875.93476451613,13834.608135483872,2392.0316548387095,450483.81399999995,397318.63613870967,404227.52965483867,441727.6066,172481.14602258065,19905.26355483871,87983.76325806451,64592.11920967742,-37500.07694516128,0,23,1,53,19,2,131,0,0,92,0,0,0,2,970834.0,710054.0,260780.0,0.2686,,985919.0,791683.0,194236.0,0.197,,API,922.0
2021-09-01,성북구,2021,9,922.0,1351.0,781.0,422818.9771129032,404747.15172258066,13669.52825483871,4402.2971419354835,446768.0422677419,392806.1990645161,400610.7696967742,438681.9824129032,167895.35610967744,20346.6714,85560.3098,61988.37490967742,-38071.212716129034,0,23,1,53,19,2,131,0,0,92,0,0,0,2,970834.0,710054.0,260780.0,0.2686,,985919.0,791683.0,194236.0,0.197,,API,911.0
2021-10-01,성북구,2021,10,911.0,1451.0,802.0,427466.46255,408558.52464333334,14125.756066666665,4782.18184,452469.6020866667,397338.07400666666,405382.0921666667,443241.0128233333,173211.37951666667,24376.38172,84799.016,64035.98179666667,-37858.920656666654,0,23,1,53,19,2,131,0,0,92,0,0,0,2,970834.0,710054.0,260780.0,0.2686,,985919.0,791683.0,194236.0,0.197,,API,932.0
2021-11-01,성북구,2021,11,932.0,1371.0,791.0,427842.3674935484,410450.7076677419,14345.576241935483,3046.0836,453497.61646774196,395891.0741032258,404822.86097741936,444284.87214838713,171338.37308387097,21879.839464516128,85084.19664838711,64374.33697096774,-39462.011170967744,0,23,1,53,19,2,131,0,0,92,0,0,0,2,970834.0,710054.0,260780.0,0.2686,,985919.0,791683.0,194236.0,0.197,,API,811.0
2021-12-01,성북구,2021,12,811.0,1294.0,737.0,427986.04852333333,410811.45483666664,14933.38665,2241.2070366666667,454583.01421,396148.79588,404606.45931,444685.75510333333,178441.46498000002,23208.38779,86308.66057000001,68924.41662,-40079.29579333333,0,23,1,53,19,2,131,0,0,92,0,0,0,2,970834.0,710054.0,260780.0,0.2686,,985919.0,791683.0,194236.0,0.197,,API,814.0
2022-01-01,성북구,2022,1,814.0,1447.0,774.0,431648.3129612903,413596.29492580646,14941.942177419356,3110.075848387097,456725.4199580645,401118.3502064516,408942.98892903223,447866.40155161294,168931.55445806452,21230.191280645162,82859.29617096773,64842.06700645161,-38923.41262258065,2,11,1,60,23,1,100,0,0,78,0,0,0,40,997998.0,747132.0,250866.0,0.2514,94118.0,1001140.0,805797.0,195343.0,0.1951,97878.0,API,878.0
2022-02-01,성북구,2022,2,878.0,1311.0,691.0,423890.16642258066,407693.98783870967,14012.834964516129,2183.3436258064517,448053.75878387096,393034.8725516129,401420.2428935484,439940.1118193548,169109.91667419355,22348.75444193548,83286.27961290322,63474.88261935484,-38519.86892580645,2,11,1,60,23,1,100,0,0,78,0,0,0,40,997998.0,747132.0,250866.0,0.2514,94118.0,1001140.0,805797.0,195343.0,0.1951,97878.0,API,780.0
2022-03-01,성북구,2022,3,780.0,1342.0,749.0,426673.5994035714,409202.31364999997,13936.948696428572,3534.337075,449138.28805000003,398698.00895357144,406278.6249,441241.43832142855,169538.5505392857,22849.88890357143,83370.23919642856,63318.422439285714,-34962.81342142857,2,11,1,60,23,1,100,0,0,78,0,0,0,40,997998.0,747132.0,250866.0,0.2514,94118.0,1001140.0,805797.0,195343.0,0.1951,97878.0,API,939.0
2022-04-01,성북구,2022,4,939.0,1448.0,794.0,428904.6609032258,410743.4994064516,14272.375967741935,3888.7855483870967,450050.15346451616,402687.21867419354,409898.7528354839,442480.3095322581,171546.0780451613,27443.7686,80136.91731612902,63965.392129032254,-32581.55669677419,2,11,1,60,23,1,100,0,0,78,0,0,0,40,997998.0,747132.0,250866.0,0.2514,94118.0,1001140.0,805797.0,195343.0,0.1951,97878.0,API,885.0
2022-05-01,성북구,2022,5,885.0,1612.0,926.0,435465.83873333334,418241.91976,15004.7672,2219.1517766666666,463026.8996833333,402333.71885666664,411500.00882,452584.2886766667,182788.93789333335,23852.395356666664,84713.51151666667,74223.03102000001,-41084.27985666667,2,11,1,60,23,1,100,0,0,78,0,0,0,40,997998.0,747132.0,250866.0,0.2514,94118.0,1001140.0,805797.0,195343.0,0.1951,97878.0,API,924.0
2022-06-01,성북구,2022,6,924.0,1684.0,941.0,441667.8836419355,423488.9254290323,15629.056222580646,2549.9020064516126,471200.4683129032,408482.11695483874,417261.13919354836,459101.27252903226,189226.14458064517,26153.977003225806,86641.55532903226,76430.6122483871,-41840.13333548387,2,11,1,60,23,1,100,0,0,78,0,0,0,40,997998.0,747132.0,250866.0,0.2514,94118.0,1001140.0,805797.0,195343.0,0.1951,97878.0,API,909.0
2022-07-01,성북구,2022,7,909.0,1611.0,904.0,444262.90957333334,425156.05342,15596.90808,3509.9480666666664,474973.78675666667,408833.87499000004,418308.06731666665,462802.0826133333,181955.44082000002,23037.721810000003,87306.47091999999,71611.24809,-44494.015296666665,2,11,1,60,23,1,100,0,0,78,0,0,0,40,997998.0,747132.0,250866.0,0.2514,94118.0,1001140.0,805797.0,195343.0,0.1951,97878.0,API,1060.0
2022-08-01,성북구,2022,8,1060.0,1567.0,922.0,423267.29480645165,406469.37753870967,14282.694025806451,2515.2232419354837,454848.203983871,387294.3383645161,396423.21393548383,442441.6382870968,168096.6818483871,21393.687964516128,81997.8363032258,64705.15758064516,-46018.4243516129,2,11,1,60,23,1,100,0,0,78,0,0,0,40,997998.0,747132.0,250866.0,0.2514,94118.0,1001140.0,805797.0,195343.0,0.1951,97878.0,API,1091.0
2022-09-01,성북구,2022,9,1091.0,1569.0,911.0,422073.4468064516,403162.4801870968,14274.702948387096,4636.263677419355,452225.37287741934,386537.7569516129,395627.2321548387,440963.6001483871,167562.25320967744,21556.373119354837,82395.77257741935,63610.107512903225,-45336.36799354839,2,11,1,60,23,1,100,0,0,78,0,0,0,40,997998.0,747132.0,250866.0,0.2514,94118.0,1001140.0,805797.0,195343.0,0.1951,97878.0,API,1000.0
2022-10-01,성북구,2022,10,1000.0,1601.0,932.0,438380.84759666666,417189.87557000003,15308.63324,5882.338803333333,465746.41146000003,408882.78689333337,416283.00319333334,454165.02215333335,185585.97166333333,31567.10624333333,81923.63306333333,72095.23235666666,-37882.018959999994,2,11,1,60,23,1,100,0,0,78,0,0,0,40,997998.0,747132.0,250866.0,0.2514,94118.0,1001140.0,805797.0,195343.0,0.1951,97878.0,API,979.0
2022-11-01,성북구,2022,11,979.0,1503.0,811.0,436565.23642903223,418085.9557258064,15641.54000967742,2837.7407096774195,464195.53881935484,403657.4187612903,412930.2792483871,453447.34872258065,176779.84362580645,25373.643232258062,80659.19615806451,70747.00423548387,-40517.06947419355,2,11,1,60,23,1,100,0,0,78,0,0,0,40,997998.0,747132.0,250866.0,0.2514,94118.0,1001140.0,805797.0,195343.0,0.1951,97878.0,API,978.0
2022-12-01,성북구,2022,12,978.0,1613.0,814.0,439368.16761,420428.29567,16501.62495,2438.2469866666665,466216.98015,408166.9423333333,415994.0316466667,456063.97901666665,183774.71647333333,25869.308463333335,82553.1499,75352.25811000001,-40069.94737,2,11,1,60,23,1,100,0,0,78,0,0,0,40,997998.0,747132.0,250866.0,0.2514,94118.0,1001140.0,805797.0,195343.0,0.1951,97878.0,API,1045.0
2023-01-01,성북구,2023,1,1045.0,1550.0,878.0,440150.06316774193,420063.35125483875,16919.009390322582,3167.7025451612903,467535.5166451613,408421.0561612903,416530.91957419354,457020.88002903224,170695.04693548387,23457.87390967742,79211.92823870968,68025.24478709677,-40489.960454838714,1,13,12,205,28,1,143,0,0,84,0,0,0,11,967439.0,722479.0,244960.0,0.2532,99642.0,940801.0,750896.0,189905.0,0.2019,105442.0,API,946.0
2023-02-01,성북구,2023,2,946.0,1558.0,780.0,426405.94018064515,409453.1329322581,14276.69807419355,2676.1091741935484,453614.8346580645,394189.0294225807,403055.2328903226,443085.0168322581,163541.1517645161,23951.10226129032,77607.99116451613,61982.05833870968,-40029.78394193549,1,13,12,205,28,1,143,0,0,84,0,0,0,11,967439.0,722479.0,244960.0,0.2532,99642.0,940801.0,750896.0,189905.0,0.2019,105442.0,API,887.0
2023-03-01,성북구,2023,3,887.0,2020.0,939.0,430060.81693928567,411904.3086892857,14719.3114,3437.1968464285715,458974.34045357147,394808.5501535715,404075.0359714286,448622.08904642856,168601.21535357143,25241.82741785714,79184.95032857142,64174.437607142856,-44547.053075,1,13,12,205,28,1,143,0,0,84,0,0,0,11,967439.0,722479.0,244960.0,0.2532,99642.0,940801.0,750896.0,189905.0,0.2019,105442.0,API,973.0
2023-04-01,성북구,2023,4,973.0,1707.0,885.0,448632.1220580645,426958.69784516125,17329.25725483871,4344.166945161291,475171.49270967743,418058.25613225804,426144.13573225803,464694.96943548386,182266.16051935483,34305.82236451613,76638.68883548387,71321.64931935484,-38550.833703225806,1,13,12,205,28,1,143,0,0,84,0,0,0,11,967439.0,722479.0,244960.0,0.2532,99642.0,940801.0,750896.0,189905.0,0.2019,105442.0,API,968.0
2023-05-01,성북구,2023,5,968.0,1602.0,924.0,443856.8041333333,424464.50902,17458.625340000002,1933.6697766666666,471783.67917,411707.5708433333,420175.0342933333,460772.3540066667,189316.87662000002,27276.257863333332,85427.17846333333,76613.44029333333,-40597.31971333334,1,13,12,205,28,1,143,0,0,84,0,0,0,11,967439.0,722479.0,244960.0,0.2532,99642.0,940801.0,750896.0,189905.0,0.2019,105442.0,API,1051.0
2023-06-01,성북구,2023,6,1051.0,1553.0,909.0,442747.812183871,422913.77892903227,17558.865948387094,2275.1673096774193,469501.81625806453,413135.6224387097,420690.76236451615,458502.8477870968,185529.80031612903,27731.81887096774,81760.89603548388,76037.08540967743,-37812.08542258064,1,13,12,205,28,1,143,0,0,84,0,0,0,11,967439.0,722479.0,244960.0,0.2532,99642.0,940801.0,750896.0,189905.0,0.2019,105442.0,API,1023.0
2023-07-01,성북구,2023,7,1023.0,1824.0,1060.0,435905.05153666664,416779.65705,16566.499966666666,2558.8945166666667,465566.17447333335,402662.98491,410867.17273,453789.25069666666,178112.53748666667,24602.667843333333,82406.59358333334,71103.27606,-42922.077966666664,1,13,12,205,28,1,143,0,0,84,0,0,0,11,967439.0,722479.0,244960.0,0.2532,99642.0,940801.0,750896.0,189905.0,0.2019,105442.0,API,1074.0
2023-08-01,성북구,2023,8,1074.0,1998.0,1091.0,419957.92550967744,404224.8845967742,13567.250038709677,2165.790893548387,450857.25575483876,384677.58201935486,393610.4682,438777.53788709675,162567.44506451613,22696.840322580647,77714.87471612904,62155.73002580645,-45167.06968709678,1,13,12,205,28,1,143,0,0,84,0,0,0,11,967439.0,722479.0,244960.0,0.2532,99642.0,940801.0,750896.0,189905.0,0.2019,105442.0,API,1060.0
2023-09-01,성북구,2023,9,1060.0,1745.0,1000.0,415167.25053225807,399297.8200870968,13342.623322580645,2526.807106451613,446594.8885548387,378945.6626806451,388052.3302741935,434535.05071290326,161327.25182580645,22315.484290322584,78220.95093548387,60790.8166,-46482.72043870968,1,13,12,205,28,1,143,0,0,84,0,0,0,11,967439.0,722479.0,244960.0,0.2532,99642.0,940801.0,750896.0,189905.0,0.2019,105442.0,API,1058.0
2023-10-01,성북구,2023,10,1058.0,1703.0,979.0,435206.5901733333,415689.9973966667,16085.006206666667,3431.5865733333335,463801.6448333334,404674.0522133334,412552.35179,451388.18902000005,179709.84192,31740.725433333333,79285.55852333334,68683.55796333334,-38835.83723,1,13,12,205,28,1,143,0,0,84,0,0,0,11,967439.0,722479.0,244960.0,0.2532,99642.0,940801.0,750896.0,189905.0,0.2019,105442.0,API,1033.0
2023-11-01,성북구,2023,11,1033.0,1702.0,978.0,433068.7243709677,415036.85967096774,16342.353593548387,1689.5111161290322,461595.0826935484,400398.73651290324,409532.08828709676,449880.60728709673,176832.6355870968,25681.126580645163,81732.46976129031,69419.03924516129,-40348.51900000001,1,13,12,205,28,1,143,0,0,84,0,0,0,11,967439.0,722479.0,244960.0,0.2532,99642.0,940801.0,750896.0,189905.0,0.2019,105442.0,API,956.0
2023-12-01,성북구,2023,12,956.0,1794.0,1045.0,441576.38127333333,422459.0987833334,17336.482016666665,1780.8004533333333,471176.01601333334,410279.02153333335,417947.95733,458453.82694,188343.62625666667,29465.29741,83350.90765333334,75527.42119333333,-40505.86961,1,13,12,205,28,1,143,0,0,84,0,0,0,11,967439.0,722479.0,244960.0,0.2532,99642.0,940801.0,750896.0,189905.0,0.2019,105442.0,API,1086.0
2024-01-01,성북구,2024,1,1086.0,1614.0,946.0,443226.1905548387,422634.5187548387,18277.430332258067,2314.241470967742,474843.9124129032,409886.5438580645,418942.5286903226,460571.6633032258,178501.15282903227,29474.552980645163,81558.97798387097,67467.62186451613,-41629.134612903224,2,19,13,242,22,0,167,0,0,109,0,0,0,10,930240.0,716937.0,213303.0,0.2293,113433.0,1002179.0,796291.0,205888.0,0.2054,126882.0,API,1074.0
2024-02-01,성북구,2024,2,1074.0,1497.0,887.0,419987.36161290325,405131.9483709677,12891.601316129032,1963.8119322580646,451528.123183871,384915.3937290323,395529.2556580645,437457.4372967742,161904.52708387095,26374.93706451613,76453.54278064516,59076.047238709674,-41928.18163870968,2,19,13,242,22,0,167,0,0,109,0,0,0,10,930240.0,716937.0,213303.0,0.2293,113433.0,1002179.0,796291.0,205888.0,0.2054,126882.0,API,887.0
2024-03-01,성북구,2024,3,887.0,1726.0,973.0,418365.62775172415,404079.2734724138,12255.072475862069,2031.2818137931033,446100.76849310345,384822.2440586207,394401.29982068966,435483.00485517236,167279.3446275862,27905.445779310343,78140.6104724138,61233.288375862074,-41081.70503448276,2,19,13,242,22,0,167,0,0,109,0,0,0,10,930240.0,716937.0,213303.0,0.2293,113433.0,1002179.0,796291.0,205888.0,0.2054,126882.0,API,826.0
2024-04-01,성북구,2024,4,826.0,1705.0,968.0,442513.9792935484,423453.3686096774,16352.188022580645,2708.4226612903226,468289.8200709677,412524.9488193548,420923.5415967742,457935.7205096774,180537.8126870968,36586.98271612903,76427.8535451613,67522.97642580645,-37012.178912903226,2,19,13,242,22,0,167,0,0,109,0,0,0,10,930240.0,716937.0,213303.0,0.2293,113433.0,1002179.0,796291.0,205888.0,0.2054,126882.0,API,916.0
2024-05-01,성북구,2024,5,916.0,1843.0,1051.0,438510.2874066666,420443.64706000005,16450.050306666664,1616.59005,468057.4579133333,405578.07804,414077.7637866667,455962.0899833333,188107.45696,26913.879433333335,84651.87115,76541.70637666667,-41884.32619666667,2,19,13,242,22,0,167,0,0,109,0,0,0,10,930240.0,716937.0,213303.0,0.2293,113433.0,1002179.0,796291.0,205888.0,0.2054,126882.0,API,940.0
2024-06-01,성북구,2024,6,940.0,1793.0,1023.0,434632.2104709677,416636.84957419353,16407.747751612904,1587.613158064516,461965.65247741935,404088.52702903224,411959.6865387097,450826.8704129032,167176.66957419354,26088.562848387097,71061.71341612903,70026.39330967743,-38867.18387419355,2,19,13,242,22,0,167,0,0,109,0,0,0,10,930240.0,716937.0,213303.0,0.2293,113433.0,1002179.0,796291.0,205888.0,0.2054,126882.0,API,894.0
2024-07-01,성북구,2024,7,894.0,1977.0,1074.0,428535.6472066667,411413.93365666666,15248.329196666666,1873.3843633333333,457387.01591333334,395498.16362,404208.7007966667,445912.03749333334,158960.55798333333,24372.279973333334,70099.68867,64488.58934,-41703.336696666665,2,19,13,242,22,0,167,0,0,109,0,0,0,10,930240.0,716937.0,213303.0,0.2293,113433.0,1002179.0,796291.0,205888.0,0.2054,126882.0,API,949.0
2024-08-01,성북구,2024,8,949.0,1979.0,1060.0,413947.471332258,399369.7608612903,12519.43674516129,2058.2737129032257,444148.3831612903,377844.4371967742,387146.34663870966,433091.13183548383,149057.77421612904,23055.05661935484,67185.51515483871,58817.202441935486,-45944.78519677419,2,19,13,242,22,0,167,0,0,109,0,0,0,10,930240.0,716937.0,213303.0,0.2293,113433.0,1002179.0,796291.0,205888.0,0.2054,126882.0,API,925.0
2024-09-01,성북구,2024,9,925.0,1826.0,1058.0,407870.7860548387,393693.53076774196,12085.992522580646,2091.262764516129,437759.0177935484,372472.2240354839,381854.53364516125,426453.8234903226,149127.15691935483,23342.14869677419,68413.15412258064,57371.854100000004,-44599.28984516129,2,19,13,242,22,0,167,0,0,109,0,0,0,10,930240.0,716937.0,213303.0,0.2293,113433.0,1002179.0,796291.0,205888.0,0.2054,126882.0,API,829.0
2024-10-01,성북구,2024,10,829.0,1769.0,1033.0,425355.26665,407485.98261999997,15054.661843333333,2814.62219,451868.64861,395668.0186666667,403958.06654333335,440638.9810166667,174162.20401333334,32219.230256666666,76302.53135666667,65640.4424,-36680.91447333333,2,19,13,242,22,0,167,0,0,109,0,0,0,10,930240.0,716937.0,213303.0,0.2293,113433.0,1002179.0,796291.0,205888.0,0.2054,126882.0,API,780.0
2024-11-01,성북구,2024,11,780.0,1616.0,956.0,431263.91349999997,414162.968516129,15464.229170967743,1636.7158129032257,457956.2806451613,399186.9966709677,407897.9637451613,447953.87761612906,172417.10078387096,26514.417596774194,77004.10380322581,68898.57938387097,-40055.913870967735,2,19,13,242,22,0,167,0,0,109,0,0,0,10,930240.0,716937.0,213303.0,0.2293,113433.0,1002179.0,796291.0,205888.0,0.2054,126882.0,API,768.0
2024-12-01,성북구,2024,12,768.0,1832.0,1086.0,429783.6834933333,412374.4385333333,15859.940036666667,1549.3049299999998,457465.7206933333,397217.68367666664,405944.51671,446811.65976333333,180212.2837,27469.566990000003,81247.13660333333,71495.58010666668,-40867.14305333334,2,19,13,242,22,0,167,0,0,109,0,0,0,10,930240.0,716937.0,213303.0,0.2293,113433.0,1002179.0,796291.0,205888.0,0.2054,126882.0,API,847.0
2025-01-01,성북구,2025,1,847.0,1689.0,1074.0,426632.58868387097,409293.8182935484,15234.967590322582,2103.802819354839,455066.8758290322,392569.2624935484,402715.84936129034,443715.97392580647,168472.30511612905,25484.105925806452,77632.7569516129,65355.44223870968,-41000.12456451613,0,47,0,89,24,0,205,6,98,90,36,25,0,8,917806.0,704197.0,213609.0,0.2327,94203.0,940508.0,752594.0,187914.0,0.1998,83294.0,API,919.0
2025-02-01,성북구,2025,2,919.0,1521.0,887.0,412697.974667742,398860.91740322585,11789.495512903224,2047.5617677419355,439845.50395806454,379680.17952580645,388854.1307064516,429729.2917903226,155047.7495,23906.332887096774,74698.19182580645,56443.22478709677,-40875.16108387096,0,47,0,89,24,0,205,6,98,90,36,25,0,8,917806.0,704197.0,213609.0,0.2327,94203.0,940508.0,752594.0,187914.0,0.1998,83294.0,API,815.0
2025-03-01,성북구,2025,3,815.0,1547.0,826.0,416982.524225,402916.2123035714,11924.580339285714,2141.7315857142858,445048.0662285714,382368.8190214286,391444.47603571427,435223.9872071428,158992.36675357143,24766.25355357143,75703.03445357142,58523.078746428575,-43779.51117142857,0,47,0,89,24,0,205,6,98,90,36,25,0,8,917806.0,704197.0,213609.0,0.2327,94203.0,940508.0,752594.0,187914.0,0.1998,83294.0,API,848.0
2025-04-01,성북구,2025,4,848.0,1699.0,916.0,438903.8492096774,420573.65980322583,15782.139348387096,2548.0500548387095,464894.871383871,409008.99802580645,417077.82323225803,454493.86776774196,172132.32588064516,34268.776474193546,72329.96509032258,65533.58431612903,-37416.04453548388,0,47,0,89,24,0,205,6,98,90,36,25,0,8,917806.0,704197.0,213609.0,0.2327,94203.0,940508.0,752594.0,187914.0,0.1998,83294.0,API,873.0
2025-05-01,성북구,2025,5,873.0,1780.0,940.0,437478.6894766667,420074.3464366667,15966.169756666666,1438.1732766666669,465176.11624,406181.1413233334,413854.79773,454352.89785666665,188262.50166,27510.635576666667,84942.48728,75809.37880333333,-40498.10012666667,0,47,0,89,24,0,205,6,98,90,36,25,0,8,917806.0,704197.0,213609.0,0.2327,94203.0,940508.0,752594.0,187914.0,0.1998,83294.0,API,900.0
2025-06-01,성북구,2025,6,900.0,1736.0,894.0,432843.38567741937,415772.5378225806,15606.076296774194,1464.771564516129,460053.78461290326,401650.8976225807,410071.99272903224,449108.6663580645,177777.63679032258,26987.652248387098,80128.0472064516,70661.93733548386,-39036.67362903226,0,47,0,89,24,0,205,6,98,90,36,25,0,8,917806.0,704197.0,213609.0,0.2327,94203.0,940508.0,752594.0,187914.0,0.1998,83294.0,API,895.0
2025-07-01,성북구,2025,7,895.0,1830.0,949.0,432354.17033999995,415778.20994000003,14914.886303333333,1661.0740899999998,461224.79636333336,398949.36141666665,407675.41191,449981.8549166667,173051.36527,24620.734066666668,80820.18811,67610.44309333334,-42306.44300666666,0,47,0,89,24,0,205,6,98,90,36,25,0,8,917806.0,704197.0,213609.0,0.2327,94203.0,940508.0,752594.0,187914.0,0.1998,83294.0,API,913.0
2025-08-01,성북구,2025,8,913.0,1982.0,925.0,415978.16847419355,401764.9654322581,12067.258751612904,2145.944283870968,448572.54615161294,378402.1873,387572.0481129032,436268.25443870964,160450.91047741935,22605.626341935484,76855.99422258064,60989.28991290322,-48696.20632580645,0,47,0,89,24,0,205,6,98,90,36,25,0,8,917806.0,704197.0,213609.0,0.2327,94203.0,940508.0,752594.0,187914.0,0.1998,83294.0,API,969.0
2025-09-01,성북구,2025,9,969.0,1637.0,829.0,413713.6419290323,399646.2912612904,11757.449270967742,2309.9014064516127,445716.2672258064,376355.48398064513,386095.0372193548,433441.2167290322,160982.05730000001,23172.814438709676,78114.76620645162,59694.47665483871,-47346.179509677415,0,47,0,89,24,0,205,6,98,90,36,25,0,8,917806.0,704197.0,213609.0,0.2327,94203.0,940508.0,752594.0,187914.0,0.1998,83294.0,API,984.0
2025-10-01,성북구,2025,10,984.0,1541.0,780.0,435720.44118333334,418276.87698999996,14857.47654,2586.0876599999997,464102.7363866667,403049.65921333333,411078.27511,453321.98839666665,182804.64650666667,32659.166646666665,79753.98516,70391.4947,-42243.713286666665,0,47,0,89,24,0,205,6,98,90,36,25,0,8,917806.0,704197.0,213609.0,0.2327,94203.0,940508.0,752594.0,187914.0,0.1998,83294.0,API,961.0
2025-11-01,성북구,2025,11,961.0,1494.0,768.0,427172.6392419355,410837.5034064516,14472.73415483871,1862.4016806451614,462014.3258290323,391716.7640064516,401112.50094516133,445787.0237354839,167481.95679999999,26725.924258064515,74535.47275806451,66220.55978387097,-44674.52279032258,0,47,0,89,24,0,205,6,98,90,36,25,0,8,917806.0,704197.0,213609.0,0.2327,94203.0,940508.0,752594.0,187914.0,0.1998,83294.0,API,923.0
2025-12-01,성북구,2025,12,923.0,1602.0,847.0,434970.8308233333,418162.48319666664,15084.59654,1723.7510799999998,463512.53852,401148.4084633334,410227.48517,452644.64917666663,171535.02014333333,27028.07826,75368.05670999999,69138.88517333333,-42417.164006666666,0,47,0,89,24,0,205,6,98,90,36,25,0,8,917806.0,704197.0,213609.0,0.2327,94203.0,940508.0,752594.0,187914.0,0.1998,83294.0,API,1022.0
2017-01-01,송파구,2017,1,,,,,,,,,,,,,,,,,0,81,9,129,5,65,270,0,0,309,0,0,4,32,,,,,,,,,,,API,1366.0
2017-02-01,송파구,2017,2,1366.0,,,,,,,,,,,,,,,,0,81,9,129,5,65,270,0,0,309,0,0,4,32,,,,,,,,,,,API,1189.0
2017-03-01,송파구,2017,3,1189.0,,,,,,,,,,,,,,,,0,81,9,129,5,65,270,0,0,309,0,0,4,32,,,,,,,,,,,API,1339.0
2017-04-01,송파구,2017,4,1339.0,,,,,,,,,,,,,,,,0,81,9,129,5,65,270,0,0,309,0,0,4,32,,,,,,,,,,,API,1428.0
2017-05-01,송파구,2017,5,1428.0,,,,,,,,,,,,,,,,0,81,9,129,5,65,270,0,0,309,0,0,4,32,,,,,,,,,,,API,1521.0
2017-06-01,송파구,2017,6,1521.0,,,,,,,,,,,,,,,,0,81,9,129,5,65,270,0,0,309,0,0,4,32,,,,,,,,,,,API,1525.0
2017-07-01,송파구,2017,7,1525.0,,,,,,,,,,,,,,,,0,81,9,129,5,65,270,0,0,309,0,0,4,32,,,,,,,,,,,API,1623.0
2017-08-01,송파구,2017,8,1623.0,,,,,,,,,,,,,,,,0,81,9,129,5,65,270,0,0,309,0,0,4,32,,,,,,,,,,,API,1586.0
2017-09-01,송파구,2017,9,1586.0,,,,,,,,,,,,,,,,0,81,9,129,5,65,270,0,0,309,0,0,4,32,,,,,,,,,,,API,1516.0
2017-10-01,송파구,2017,10,1516.0,,,,,,,,,,,,,,,,0,81,9,129,5,65,270,0,0,309,0,0,4,32,,,,,,,,,,,API,1416.0
2017-11-01,송파구,2017,11,1416.0,,,,,,,,,,,,,,,,0,81,9,129,5,65,270,0,0,309,0,0,4,32,,,,,,,,,,,API,1341.0
2017-12-01,송파구,2017,12,1341.0,,,,,,,,,,,,,,,,0,81,9,129,5,65,270,0,0,309,0,0,4,32,,,,,,,,,,,API,1627.0
2018-01-01,송파구,2018,1,1627.0,2172.0,1366.0,,,,,,,,,,,,,,0,161,146,136,8,44,369,0,0,236,0,0,0,77,,,,,,,,,,,API,1614.0
2018-02-01,송파구,2018,2,1614.0,1917.0,1189.0,,,,,,,,,,,,,,0,161,146,136,8,44,369,0,0,236,0,0,0,77,,,,,,,,,,,API,1354.0
2018-03-01,송파구,2018,3,1354.0,2142.0,1339.0,,,,,,,,,,,,,,0,161,146,136,8,44,369,0,0,236,0,0,0,77,,,,,,,,,,,API,1398.0
2018-04-01,송파구,2018,4,1398.0,2201.0,1428.0,,,,,,,,,,,,,,0,161,146,136,8,44,369,0,0,236,0,0,0,77,,,,,,,,,,,API,1441.0
2018-05-01,송파구,2018,5,1441.0,2400.0,1521.0,768771.6139115385,748848.0635307692,14808.302369230769,5115.248026923077,794293.5277423076,749451.5561653846,768507.2023538462,768960.479326923,427679.8978307692,112229.82241153847,183854.55054999999,131595.52486923078,-453.27697307691693,0,161,146,136,8,44,369,0,0,236,0,0,0,77,,,,,,,,,,,API,1525.0
2018-06-01,송파구,2018,6,1525.0,2428.0,1525.0,766705.5318064516,746976.6004483871,14589.562306451613,5139.369058064516,798383.2209064516,745869.0781064517,766587.9966,765007.6878096773,416048.22754193546,112251.23389032258,176046.3642419355,127750.62940967742,1580.3087903225846,0,161,146,136,8,44,369,0,0,236,0,0,0,77,,,,,,,,,,,API,1438.0
2018-07-01,송파구,2018,7,1438.0,2539.0,1623.0,774615.5069200001,754160.4767966666,14896.71244,5558.3176766666675,803255.9025733334,755041.8895933334,772817.7855966666,775899.59357,393086.00167333335,105415.38573666666,167748.88611333334,119921.72982333334,-3081.8079733333316,0,161,146,136,8,44,369,0,0,236,0,0,0,77,,,,,,,,,,,API,1584.0
2018-08-01,송파구,2018,8,1584.0,2531.0,1586.0,778558.9961548387,756622.5015451612,15763.212564516129,6173.282032258065,802944.8624032257,761365.9875935485,783177.1739709678,775260.2977,404539.69762580644,111173.88366774193,170281.16176774193,123084.65219032258,7916.8762709677385,0,161,146,136,8,44,369,0,0,236,0,0,0,77,,,,,,,,,,,API,1524.0
2018-09-01,송파구,2018,9,1524.0,2480.0,1516.0,777930.0014000001,755705.4495935483,15900.028541935484,6324.523267741935,806043.5561677419,759284.1152451612,785247.1992548386,770924.0175935484,424478.63324193546,115945.34037741934,181362.63785483871,127170.65500967743,14323.181661290328,0,161,146,136,8,44,369,0,0,236,0,0,0,77,,,,,,,,,,,API,1400.0
2018-10-01,송파구,2018,10,1400.0,2285.0,1416.0,762130.3431566667,742189.79036,14802.557746666665,5137.995063333334,791977.8209833334,739345.8601766668,764013.6859166666,760785.0983233334,401657.71811,107436.12702333332,174711.67392,119509.91716666667,3228.5875933333377,0,161,146,136,8,44,369,0,0,236,0,0,0,77,,,,,,,,,,,API,1419.0
2018-11-01,송파구,2018,11,1419.0,2157.0,1341.0,779796.4103096774,759394.9594129032,14602.2079,5799.2429999999995,807839.5771322581,761049.7657774194,784148.2399096774,774904.3535612903,411178.88427096774,114542.93586129033,171942.56358387097,124693.38482580645,9243.886348387085,0,161,146,136,8,44,369,0,0,236,0,0,0,77,,,,,,,,,,,API,1325.0
2018-12-01,송파구,2018,12,1325.0,2642.0,1627.0,780220.7414633334,760123.5036166667,14737.568143333334,5359.669716666667,804439.3989400001,763241.0942800001,782991.6203366667,778241.54227,423583.2576966667,118730.15142000001,177278.51420333332,127574.59207333332,4750.078066666661,0,161,146,136,8,44,369,0,0,236,0,0,0,77,,,,,,,,,,,API,1504.0
2019-01-01,송파구,2019,1,1504.0,2558.0,1614.0,789347.0278709678,768301.2996354839,15243.64994516129,5802.078287096774,814772.4906064516,771667.9996096775,797796.8803064516,783311.4189838709,415969.5647290323,117452.21934193549,176411.07423225805,122106.2711548387,14485.461322580644,0,89,9,157,2,47,372,0,0,202,0,0,0,38,,,,,,,,,,,API,1285.0
2019-02-01,송파구,2019,2,1285.0,2184.0,1354.0,796721.4698612904,774469.6357032257,16362.22225483871,5889.611906451612,817163.3068161291,778998.7171774195,807591.1861709678,788957.3868,433752.21743870963,121857.51337096775,182539.34412580644,129355.35994193549,18633.799370967743,0,89,9,157,2,47,372,0,0,202,0,0,0,38,,,,,,,,,,,API,1180.0
2019-03-01,송파구,2019,3,1180.0,2329.0,1398.0,776849.9064499999,754255.8800892857,16662.855967857144,5931.170392857143,800607.6838107143,751311.4778035714,789543.2476642857,767783.2341535714,418365.7512678571,118236.95084642856,177153.9990892857,122974.80133214286,21760.013510714274,0,89,9,157,2,47,372,0,0,202,0,0,0,38,,,,,,,,,,,API,1313.0
2019-04-01,송파구,2019,4,1313.0,2361.0,1441.0,787068.1089258065,766467.0167548388,15541.465787096773,5059.626380645162,807602.6280967742,767533.7904258065,787187.4071193549,786982.8959161291,392078.30731935485,104869.87910645161,169845.93962903225,117362.48858387097,204.5112032258147,0,89,9,157,2,47,372,0,0,202,0,0,0,38,,,,,,,,,,,API,1421.0
2019-05-01,송파구,2019,5,1421.0,2405.0,1525.0,783127.1193033333,762173.14449,15590.901673333334,5363.0731399999995,808899.1828566666,766106.51157,784605.1294133333,782071.3977966666,433803.2393233333,117003.02588333334,184869.20792,131931.00552,2533.7316166666687,0,89,9,157,2,47,372,0,0,202,0,0,0,38,,,,,,,,,,,API,1528.0
2019-06-01,송파구,2019,6,1528.0,2374.0,1438.0,757045.6342483871,736590.9768193548,15320.166012903224,5134.491438709677,786745.0356064516,739537.3572129033,758474.1078903226,756025.2959419354,401453.9903967742,110580.3452032258,171072.96061612904,119800.68457741935,2448.8119483871064,0,89,9,157,2,47,372,0,0,202,0,0,0,38,,,,,,,,,,,API,1421.0
2019-07-01,송파구,2019,7,1421.0,2693.0,1584.0,757662.2535833333,736120.96757,16018.093893333335,5523.19211,782902.56875,740069.6728766666,759437.3070500001,756394.3582433333,379416.1252233333,102627.65529666668,164219.54226,112568.92766666667,3042.948806666676,0,89,9,157,2,47,372,0,0,202,0,0,0,38,,,,,,,,,,,API,1557.0
2019-08-01,송파구,2019,8,1557.0,2646.0,1524.0,757730.7739322581,734298.7784354838,17037.464258064516,6394.531225806451,783273.8651935484,741625.2586064517,761896.814083871,754755.0309645161,367079.63909032254,103247.73116774193,154132.87290645164,109699.03501612904,7141.78311935484,0,89,9,157,2,47,372,0,0,202,0,0,0,38,,,,,,,,,,,API,1561.0
2019-09-01,송파구,2019,9,1561.0,2322.0,1400.0,795578.3940032258,771146.621116129,18284.636703225806,6147.136187096774,821500.5683032258,779173.1678354839,800625.7888516128,791973.1119709677,389400.90051935485,108895.29717741936,164202.4281548387,116303.17518709679,8652.676880645175,0,89,9,157,2,47,372,0,0,202,0,0,0,38,,,,,,,,,,,API,1480.0
2019-10-01,송파구,2019,10,1480.0,2286.0,1419.0,784627.7458333333,762037.0971633333,16900.295036666666,5690.353643333334,808606.7054366667,766253.3126933334,785165.8307166666,784243.3994933333,399446.82972,109777.88850333334,170844.0521,118824.88911666667,922.431223333332,0,89,9,157,2,47,372,0,0,202,0,0,0,38,,,,,,,,,,,API,1471.0
2019-11-01,송파구,2019,11,1471.0,2162.0,1325.0,796522.8922967741,772270.4852241935,17229.187638709678,7023.219416129032,816581.8063016129,782177.3763467742,797233.9491903225,796014.994532258,416767.2602274194,117183.33085,171889.63351774195,127694.29585967741,1218.954658064533,0,89,9,157,2,47,372,0,0,202,0,0,0,38,,,,,,,,,,,API,1445.0
2019-12-01,송파구,2019,12,1445.0,2483.0,1504.0,789683.12948,766933.8427333334,16865.71488,5883.571863333334,808660.4663600001,773362.3523133334,791420.6780600001,788442.0233566667,406546.51991333335,115866.92241666667,167886.54307,122793.05442666667,2978.6547033333336,0,89,9,157,2,47,372,0,0,202,0,0,0,38,,,,,,,,,,,API,1458.0
2020-01-01,송파구,2020,1,1458.0,2194.0,1285.0,803916.0484193548,780008.3136387097,17164.26120645161,6743.4735967741935,829124.6353451613,785341.8924,812982.5656290322,797439.9647193549,428831.59717419354,124987.16727096774,174515.22151935485,129329.20838387097,15542.600909677429,0,52,2,117,10,66,285,0,0,183,0,0,0,19,1197941.0,811432.0,386509.0,0.3226,,2047780.0,857374.0,1190406.0,0.5813,,API,1468.0
2020-02-01,송파구,2020,2,1468.0,1894.0,1180.0,790905.8844064516,766706.8661387096,18467.86076451613,5731.157503225807,811564.8475258064,771572.2368935484,798879.6778451613,785210.3176548387,413532.01978387096,119308.37880645161,170909.8960935484,123313.74488387098,13669.360190322577,0,52,2,117,10,66,285,0,0,183,0,0,0,19,1197941.0,811432.0,386509.0,0.3226,,2047780.0,857374.0,1190406.0,0.5813,,API,1149.0
2020-03-01,송파구,2020,3,1149.0,2213.0,1313.0,794056.7185793102,771199.0369896552,18393.894910344825,4463.786696551724,803347.8477724137,785950.349637931,795003.3513586207,793380.5523034483,381789.66000000003,100525.34036206898,167402.48993793104,113861.8297,1622.7990551724236,0,52,2,117,10,66,285,0,0,183,0,0,0,19,1197941.0,811432.0,386509.0,0.3226,,2047780.0,857374.0,1190406.0,0.5813,,API,1165.0
2020-04-01,송파구,2020,4,1165.0,2246.0,1421.0,786003.069732258,764161.3856548386,17581.275929032257,4260.40814516129,794585.5655064515,779310.4761548387,785211.8583935484,786568.2206774194,358252.1875935484,89023.53432258064,163822.67522580645,105405.97804516129,-1356.362283870972,0,52,2,117,10,66,285,0,0,183,0,0,0,19,1197941.0,811432.0,386509.0,0.3226,,2047780.0,857374.0,1190406.0,0.5813,,API,1137.0
2020-05-01,송파구,2020,5,1137.0,2485.0,1528.0,778075.09797,756810.58234,17375.75172,3888.76389,787389.3738066667,769376.6636,774450.42268,780664.1517533333,374195.17739666667,94495.25180666667,169943.77668333333,109756.14890666665,-6213.729073333333,0,52,2,117,10,66,285,0,0,183,0,0,0,19,1197941.0,811432.0,386509.0,0.3226,,2047780.0,857374.0,1190406.0,0.5813,,API,1200.0
2020-06-01,송파구,2020,6,1200.0,2334.0,1421.0,770238.2154161291,747803.640867742,17013.163616129033,5421.410922580645,779439.7203870967,761096.8237774194,767364.7364580645,772290.7003774194,373552.761883871,96937.45018709678,167416.7932903226,109198.51840645162,-4925.963919354851,0,52,2,117,10,66,285,0,0,183,0,0,0,19,1197941.0,811432.0,386509.0,0.3226,,2047780.0,857374.0,1190406.0,0.5813,,API,1290.0
2020-07-01,송파구,2020,7,1290.0,2540.0,1557.0,763804.4220366667,743151.4630633333,16920.31737,3732.64161,774503.4604366666,753456.57928,758634.81384,767496.9993033333,375753.1052166667,97410.93452666668,166323.84696000002,112018.32373,-8862.185463333339,0,52,2,117,10,66,285,0,0,183,0,0,0,19,1197941.0,811432.0,386509.0,0.3226,,2047780.0,857374.0,1190406.0,0.5813,,API,1392.0
2020-08-01,송파구,2020,8,1392.0,2586.0,1561.0,767129.8993193548,743329.8542064516,16934.86141935484,6865.183703225806,776903.8818064516,757484.516232258,763227.3411225806,769917.4408935484,373241.443183871,99100.55100645161,161990.5535967742,112150.33858064516,-6690.099770967732,0,52,2,117,10,66,285,0,0,183,0,0,0,19,1197941.0,811432.0,386509.0,0.3226,,2047780.0,857374.0,1190406.0,0.5813,,API,1174.0
2020-09-01,송파구,2020,9,1174.0,2415.0,1480.0,757473.3178225806,736447.9402193548,15921.985596774193,5103.392006451613,768467.7925483871,748965.3327935484,755806.302767742,758664.042867742,355450.6077451613,91606.87013870968,159970.33495161292,103873.4026548387,-2857.7400999999973,0,52,2,117,10,66,285,0,0,183,0,0,0,19,1197941.0,811432.0,386509.0,0.3226,,2047780.0,857374.0,1190406.0,0.5813,,API,1065.0
2020-10-01,송파구,2020,10,1065.0,2364.0,1471.0,758909.1492633333,739337.86363,15203.747976666666,4367.53765,769240.4016566667,749310.1259066666,754604.3792966666,761983.9849466666,350120.68172,88526.35481666666,158208.41391333332,103385.91299000001,-7379.6056499999795,0,52,2,117,10,66,285,0,0,183,0,0,0,19,1197941.0,811432.0,386509.0,0.3226,,2047780.0,857374.0,1190406.0,0.5813,,API,1211.0
2020-11-01,송파구,2020,11,1211.0,2162.0,1445.0,749909.0667999999,731080.47,15008.610119354838,3819.9866774193547,762135.6347516129,737705.865383871,746057.520551613,752660.1712580646,366355.1101774194,96930.24862258064,160720.87827741934,108703.98327741936,-6602.650706451623,0,52,2,117,10,66,285,0,0,183,0,0,0,19,1197941.0,811432.0,386509.0,0.3226,,2047780.0,857374.0,1190406.0,0.5813,,API,1068.0
2020-12-01,송파구,2020,12,1068.0,2245.0,1458.0,757123.4029166666,738625.89708,15058.902856666666,3438.602983333333,768255.4960233333,746907.2070933334,755059.8490666667,758597.3699533333,372266.46123666666,100392.8291,160605.17841999998,111268.45371666667,-3537.520886666661,0,52,2,117,10,66,285,0,0,183,0,0,0,19,1197941.0,811432.0,386509.0,0.3226,,2047780.0,857374.0,1190406.0,0.5813,,API,961.0
2021-01-01,송파구,2021,1,961.0,2291.0,1468.0,758585.7910129032,739858.4980935483,14652.022964516129,4075.2699580645162,766125.7972774194,751869.7345322581,758913.1913806451,758351.9336129032,337267.86310967745,86511.2798548387,151819.39138387094,98937.19187096774,561.2577677419401,0,32,8,94,5,95,225,0,0,151,0,0,1,15,1197240.0,831528.0,365712.0,0.3055,,2484030.0,999067.0,1484963.0,0.5978,,API,1030.0
2021-02-01,송파구,2021,2,1030.0,1857.0,1149.0,762324.3776483871,744844.851316129,14419.725629032257,3059.8007096774195,770383.7201258064,755093.0053258064,764176.4423258065,761001.4743,349083.91751935484,90831.84017096774,156295.56217741937,101956.51517096774,3174.9680258064463,0,32,8,94,5,95,225,0,0,151,0,0,1,15,1197240.0,831528.0,365712.0,0.3055,,2484030.0,999067.0,1484963.0,0.5978,,API,1001.0
2021-03-01,송파구,2021,3,1001.0,2042.0,1165.0,752923.0075678572,735570.3424821428,14351.434324999998,3001.2307607142857,763045.1044214285,742792.4436107142,754347.3949857142,751905.5879678571,365906.40111785714,98386.23901428572,159214.30895,108305.85315357141,2441.8070178571384,0,32,8,94,5,95,225,0,0,151,0,0,1,15,1197240.0,831528.0,365712.0,0.3055,,2484030.0,999067.0,1484963.0,0.5978,,API,1126.0
2021-04-01,송파구,2021,4,1126.0,1964.0,1137.0,760446.9979903225,743483.9445612903,14124.195770967743,2838.8576548387095,771164.6519,750759.1347064517,759941.1827645161,760808.2945741935,367821.49873548385,99351.44134516129,156999.5406870968,111470.5167032258,-867.1118096774219,0,32,8,94,5,95,225,0,0,151,0,0,1,15,1197240.0,831528.0,365712.0,0.3055,,2484030.0,999067.0,1484963.0,0.5978,,API,1170.0
2021-05-01,송파구,2021,5,1170.0,2070.0,1200.0,750495.1736866666,733228.13737,13994.414903333332,3272.6214066666666,760669.7507000001,740353.33114,749055.0994633333,751523.7981266666,384936.9655033333,102929.66760333332,165569.30911333335,116437.98878666667,-2468.69866333333,0,32,8,94,5,95,225,0,0,151,0,0,1,15,1197240.0,831528.0,365712.0,0.3055,,2484030.0,999067.0,1484963.0,0.5978,,API,1294.0
2021-06-01,송파구,2021,6,1294.0,2208.0,1290.0,748044.4751806451,731121.0310903225,13793.901987096773,3129.542093548387,758071.3397774195,737852.5135709677,748262.3950709677,747888.8181387098,371668.9179967742,100471.94152258064,161389.5525548387,109807.42391935484,373.5769322580628,0,32,8,94,5,95,225,0,0,151,0,0,1,15,1197240.0,831528.0,365712.0,0.3055,,2484030.0,999067.0,1484963.0,0.5978,,API,1437.0
2021-07-01,송파구,2021,7,1437.0,2456.0,1392.0,755220.63422,737101.7753933333,13854.755063333334,4264.103776666667,765355.6310033334,745840.1836466666,754638.8889366667,755636.1665899999,383513.23567,103284.40562333332,166429.50779666664,113799.32225,-997.2776533333351,0,32,8,94,5,95,225,0,0,151,0,0,1,15,1197240.0,831528.0,365712.0,0.3055,,2484030.0,999067.0,1484963.0,0.5978,,API,1277.0
2021-08-01,송파구,2021,8,1277.0,2349.0,1174.0,749300.2348870968,732103.5055483871,13900.693096774192,3296.0362419354838,758886.1353,741531.2340290323,749800.9133612902,748942.6074225806,360068.9620451613,95509.9799967742,158718.62296774195,105840.35908064517,858.3059387096774,0,32,8,94,5,95,225,0,0,151,0,0,1,15,1197240.0,831528.0,365712.0,0.3055,,2484030.0,999067.0,1484963.0,0.5978,,API,1331.0
2021-09-01,송파구,2021,9,1331.0,2004.0,1065.0,745589.1255290323,728260.2249967742,13824.385712903226,3504.5148419354837,754756.3626064516,736773.5628967742,746787.0402258065,744733.472183871,354574.9380903226,95222.61650967742,155417.4818935484,103934.83968709678,2053.5680419354803,0,32,8,94,5,95,225,0,0,151,0,0,1,15,1197240.0,831528.0,365712.0,0.3055,,2484030.0,999067.0,1484963.0,0.5978,,API,1299.0
2021-10-01,송파구,2021,10,1299.0,2299.0,1211.0,740727.4893233333,724036.0878733334,13579.12757,3112.273886666667,751962.68814,730523.5272499999,741233.3165033333,740366.1841933334,359396.5979466667,97393.38244666667,157251.21811333334,104751.99738666667,867.132309999996,0,32,8,94,5,95,225,0,0,151,0,0,1,15,1197240.0,831528.0,365712.0,0.3055,,2484030.0,999067.0,1484963.0,0.5978,,API,1294.0
2021-11-01,송파구,2021,11,1294.0,2019.0,1068.0,748587.1761419355,731817.7150967743,13673.526312903225,3095.934735483871,762709.6228419355,736982.3149645162,751651.0498903225,746398.6949,365081.7186870968,101287.81478709678,154960.17348387095,108833.73041612902,5252.354990322571,0,32,8,94,5,95,225,0,0,151,0,0,1,15,1197240.0,831528.0,365712.0,0.3055,,2484030.0,999067.0,1484963.0,0.5978,,API,1286.0
2021-12-01,송파구,2021,12,1286.0,1870.0,961.0,758084.1839666667,738729.5772733333,13596.057583333333,5758.549123333333,774533.12134,746307.18523,761350.63225,755751.00662,384357.96418999997,110833.5818,156688.87635333333,116835.50603666667,5599.625630000005,0,32,8,94,5,95,225,0,0,151,0,0,1,15,1197240.0,831528.0,365712.0,0.3055,,2484030.0,999067.0,1484963.0,0.5978,,API,1270.0
2022-01-01,송파구,2022,1,1270.0,1960.0,1030.0,758884.1227709678,740890.1104193549,13576.349893548388,4417.662461290322,774851.6838322581,745970.9113193549,765063.8009064517,754470.0669709677,367199.6532516129,104801.9214548387,150645.90117419354,111751.83062258064,10593.73393548387,1,28,3,144,0,102,189,0,0,148,0,0,0,20,1279728.0,897734.0,381994.0,0.2985,111644.0,2873667.0,1101301.0,1772366.0,0.6168,249319.0,API,1259.0
2022-02-01,송파구,2022,2,1259.0,1824.0,1001.0,753833.1485903226,736401.3272193549,13617.724170967742,3814.097187096774,766785.5291193548,740364.688916129,760421.756748387,749126.9998903227,365796.0027612903,105739.84256774193,150857.84866129034,109198.31153225807,11294.756858064497,1,28,3,144,0,102,189,0,0,148,0,0,0,20,1279728.0,897734.0,381994.0,0.2985,111644.0,2873667.0,1101301.0,1772366.0,0.6168,249319.0,API,1248.0
2022-03-01,송파구,2022,3,1248.0,2123.0,1126.0,757928.9232964285,737483.7151428572,13642.51252857143,6802.695628571429,770449.1098678571,746256.6747178572,763327.3883999999,754072.8767964285,354313.95422142855,99138.26831071428,150625.13663571427,104550.549275,9254.51160357142,1,28,3,144,0,102,189,0,0,148,0,0,0,20,1279728.0,897734.0,381994.0,0.2985,111644.0,2873667.0,1101301.0,1772366.0,0.6168,249319.0,API,1374.0
2022-04-01,송파구,2022,4,1374.0,2043.0,1170.0,756477.3442096774,739815.6582064516,13273.604296774194,3388.0817096774194,767798.4076677419,747323.7665677419,756667.8444580645,756341.2726387096,339467.9149612903,92818.55062903227,146496.63852903227,100152.72580322581,326.57181935482134,1,28,3,144,0,102,189,0,0,148,0,0,0,20,1279728.0,897734.0,381994.0,0.2985,111644.0,2873667.0,1101301.0,1772366.0,0.6168,249319.0,API,1380.0
2022-05-01,송파구,2022,5,1380.0,2286.0,1294.0,760522.96346,743474.90601,13223.978863333332,3824.078573333333,785443.4937766666,744320.5922233333,764988.44104,757333.33662,387852.8217833333,112524.42780333334,157218.09437666665,118110.29960333332,7655.104420000004,1,28,3,144,0,102,189,0,0,148,0,0,0,20,1279728.0,897734.0,381994.0,0.2985,111644.0,2873667.0,1101301.0,1772366.0,0.6168,249319.0,API,1440.0
2022-06-01,송파구,2022,6,1440.0,2679.0,1437.0,769925.1477290322,751810.8153741935,13251.524651612903,4862.807706451614,792834.6511129033,753939.2596580646,772836.3786741935,767845.6970709678,389883.65061290324,115320.12555483871,156910.6063064516,117652.9187516129,4990.6816032258,1,28,3,144,0,102,189,0,0,148,0,0,0,20,1279728.0,897734.0,381994.0,0.2985,111644.0,2873667.0,1101301.0,1772366.0,0.6168,249319.0,API,1368.0
2022-07-01,송파구,2022,7,1368.0,2420.0,1277.0,777620.8916133333,757836.3586066667,13412.893413333333,6371.639593333332,801262.3195166667,762512.59009,779313.3074933332,776412.0231366666,387602.83516333334,113023.78061,157906.61279999997,116672.44175333335,2901.284356666655,1,28,3,144,0,102,189,0,0,148,0,0,0,20,1279728.0,897734.0,381994.0,0.2985,111644.0,2873667.0,1101301.0,1772366.0,0.6168,249319.0,API,1568.0
2022-08-01,송파구,2022,8,1568.0,2373.0,1331.0,763773.5602225807,744124.2090225806,13396.398703225806,6252.952493548387,786625.4069612904,748550.1266870968,770452.8097193548,759002.6677258065,375867.5975129032,112998.43555483871,150215.26937096773,112653.89258709678,11450.14199354838,1,28,3,144,0,102,189,0,0,148,0,0,0,20,1279728.0,897734.0,381994.0,0.2985,111644.0,2873667.0,1101301.0,1772366.0,0.6168,249319.0,API,1664.0
2022-09-01,송파구,2022,9,1664.0,2454.0,1299.0,754229.5114,735574.0444,13360.283325806451,5295.183680645161,775329.0371161291,739813.4935387097,760431.1980225807,749799.7352451612,371999.1233580645,110750.46631290323,149591.1942,111657.46284516128,10631.462777419369,1,28,3,144,0,102,189,0,0,148,0,0,0,20,1279728.0,897734.0,381994.0,0.2985,111644.0,2873667.0,1101301.0,1772366.0,0.6168,249319.0,API,1565.0
2022-10-01,송파구,2022,10,1565.0,2293.0,1294.0,748318.4913133333,730242.5745633334,13253.644553333334,4822.2722,773119.89018,731960.1828099999,751458.7471533333,746075.4514166667,373496.43001999997,112211.69983666667,149141.21647333333,112143.51371,5383.295736666661,1,28,3,144,0,102,189,0,0,148,0,0,0,20,1279728.0,897734.0,381994.0,0.2985,111644.0,2873667.0,1101301.0,1772366.0,0.6168,249319.0,API,1448.0
2022-11-01,송파구,2022,11,1448.0,2388.0,1286.0,757109.2095709677,738057.5295741935,13229.996764516129,5821.683232258065,785306.0603064516,739553.6454225807,765567.8803225806,751067.3018741936,377451.57255483867,116992.30411612903,147404.24291935485,113055.02551935484,14500.578448387107,1,28,3,144,0,102,189,0,0,148,0,0,0,20,1279728.0,897734.0,381994.0,0.2985,111644.0,2873667.0,1101301.0,1772366.0,0.6168,249319.0,API,1438.0
2022-12-01,송파구,2022,12,1438.0,2492.0,1270.0,751944.3218533334,734507.2658133333,12882.921756666667,4554.134296666667,769132.2319233333,741297.88572,755528.4165433333,749384.2542266666,377417.40500666667,113437.66623666667,149040.17105,114939.56771999999,6144.162316666671,1,28,3,144,0,102,189,0,0,148,0,0,0,20,1279728.0,897734.0,381994.0,0.2985,111644.0,2873667.0,1101301.0,1772366.0,0.6168,249319.0,API,1578.0
2023-01-01,송파구,2023,1,1578.0,2270.0,1259.0,763889.8536290323,745798.2764709677,12907.908574193549,5183.6685806451615,792580.975016129,745106.2131,775270.6598387097,755760.7063161291,379553.813383871,118326.41477419354,146116.55603870968,115110.84257096775,19509.953522580658,2,24,23,405,41,65,262,0,0,164,0,0,0,18,1202239.0,806453.0,395786.0,0.3292,114243.0,2619814.0,966317.0,1653497.0,0.6312,268326.0,API,1429.0
2023-02-01,송파구,2023,2,1429.0,2493.0,1248.0,754348.6642193547,735309.9281225806,13339.986867741934,5698.749206451613,776155.9928225806,735303.5931451613,764614.3317258065,747016.0445483872,355340.93106451613,112893.52883548387,135171.47646451613,107275.92576451613,17598.287177419345,2,24,23,405,41,65,262,0,0,164,0,0,0,18,1202239.0,806453.0,395786.0,0.3292,114243.0,2619814.0,966317.0,1653497.0,0.6312,268326.0,API,1303.0
2023-03-01,송파구,2023,3,1303.0,3350.0,1374.0,769357.5023642856,751086.3136892858,13536.262910714286,4734.925771428571,792540.7830392857,749879.6231428571,783174.4776785715,759488.2342785714,372112.0312892857,121794.60378928571,137583.14273214285,112734.28476785714,23686.24339999998,2,24,23,405,41,65,262,0,0,164,0,0,0,18,1202239.0,806453.0,395786.0,0.3292,114243.0,2619814.0,966317.0,1653497.0,0.6312,268326.0,API,1426.0
2023-04-01,송파구,2023,4,1426.0,2754.0,1380.0,753819.5179709677,736315.4674096775,12913.912561290323,4590.137996774193,773010.1252709677,737957.3822,754309.731248387,753469.3656419355,348107.44035483873,107764.76847741936,132961.97286774195,107380.69900967742,840.3656064516136,2,24,23,405,41,65,262,0,0,164,0,0,0,18,1202239.0,806453.0,395786.0,0.3292,114243.0,2619814.0,966317.0,1653497.0,0.6312,268326.0,API,1506.0
2023-05-01,송파구,2023,5,1506.0,2691.0,1440.0,757379.8144133333,738136.3107633333,13252.294993333335,5991.208653333333,786757.4029733334,738224.71682,762505.4903233333,753718.6173233333,375721.0635333333,119007.37679,141574.41020333333,115139.27654,8786.873000000001,2,24,23,405,41,65,262,0,0,164,0,0,0,18,1202239.0,806453.0,395786.0,0.3292,114243.0,2619814.0,966317.0,1653497.0,0.6312,268326.0,API,1685.0
2023-06-01,송파구,2023,6,1685.0,2543.0,1368.0,745843.7538225807,728338.3340258065,12685.640380645162,4819.779419354839,771004.9311612904,729264.6566774194,751193.9858516129,742022.1595290323,364345.99788064515,114029.4533967742,139556.13878709677,110760.40569677419,9171.826322580642,2,24,23,405,41,65,262,0,0,164,0,0,0,18,1202239.0,806453.0,395786.0,0.3292,114243.0,2619814.0,966317.0,1653497.0,0.6312,268326.0,API,1618.0
2023-07-01,송파구,2023,7,1618.0,2968.0,1568.0,751283.2112566667,732035.7318933333,13223.904926666666,6023.5744233333335,780194.8243000001,735213.1400499999,754829.0273533333,748750.4854700001,366521.33383,113708.77467666667,140512.37174333335,112300.18741,6078.541883333334,2,24,23,405,41,65,262,0,0,164,0,0,0,18,1202239.0,806453.0,395786.0,0.3292,114243.0,2619814.0,966317.0,1653497.0,0.6312,268326.0,API,1676.0
2023-08-01,송파구,2023,8,1676.0,3000.0,1664.0,756381.136467742,736352.3444677419,13723.13327419355,6305.658732258064,780334.4549096775,739327.0539870968,764942.9577258065,750265.5498516129,357338.53087741934,114764.5388064516,134043.25949032258,108530.73258064516,14677.407874193561,2,24,23,405,41,65,262,0,0,164,0,0,0,18,1202239.0,806453.0,395786.0,0.3292,114243.0,2619814.0,966317.0,1653497.0,0.6312,268326.0,API,1724.0
2023-09-01,송파구,2023,9,1724.0,2803.0,1565.0,747693.9923516129,729325.4659967743,13624.879374193548,4743.646977419355,769834.2099451612,731691.3612903225,754602.0100096774,742759.6940258065,348416.0890870968,111200.33429032257,131247.45263548387,105968.30216129032,11842.315983870953,2,24,23,405,41,65,262,0,0,164,0,0,0,18,1202239.0,806453.0,395786.0,0.3292,114243.0,2619814.0,966317.0,1653497.0,0.6312,268326.0,API,1575.0
2023-10-01,송파구,2023,10,1575.0,2540.0,1448.0,743622.35474,726152.9991833332,13052.442543333334,4416.913036666667,767823.2265533333,724103.4606533333,747203.0644833334,741064.70493,348019.83715,112250.42910000001,130426.82387,105342.58418,6138.359553333337,2,24,23,405,41,65,262,0,0,164,0,0,0,18,1202239.0,806453.0,395786.0,0.3292,114243.0,2619814.0,966317.0,1653497.0,0.6312,268326.0,API,1588.0
2023-11-01,송파구,2023,11,1588.0,2549.0,1438.0,744641.8448225807,726634.3927387097,12890.295425806451,5117.156667741936,771040.6694387096,727974.6960741936,750368.474383871,740551.3951419356,346707.2470806451,112439.72865161291,129237.58483870968,105029.93359032259,9817.079241935478,2,24,23,405,41,65,262,0,0,164,0,0,0,18,1202239.0,806453.0,395786.0,0.3292,114243.0,2619814.0,966317.0,1653497.0,0.6312,268326.0,API,1478.0
2023-12-01,송파구,2023,12,1478.0,2813.0,1578.0,757778.5308333334,739703.84763,12917.063339999999,5157.61985,780213.7691933333,739739.5456033333,762728.7899399999,754242.6314666666,365601.80238666665,121660.55220333333,131518.53106666668,112422.71911666666,8486.158473333333,2,24,23,405,41,65,262,0,0,164,0,0,0,18,1202239.0,806453.0,395786.0,0.3292,114243.0,2619814.0,966317.0,1653497.0,0.6312,268326.0,API,1602.0
2024-01-01,송파구,2024,1,1602.0,2453.0,1429.0,776992.1103580644,756836.9245387097,14702.015367741935,5453.170464516129,806453.200032258,747894.164483871,787982.806980645,769141.6127709678,366877.30712903227,128071.66312258065,128632.5366967742,110173.10730967742,18841.194209677404,0,58,33,415,3,281,338,0,0,130,0,0,0,34,1115185.0,747727.0,367458.0,0.3295,124926.0,2169866.0,799093.0,1370773.0,0.6317,272249.0,API,1488.0
2024-02-01,송파구,2024,2,1488.0,2310.0,1303.0,770685.0082967741,752002.3096225807,14359.286338709679,4323.412329032259,791479.6000935483,743430.2051354839,777221.2671516129,766016.251967742,348014.45777741936,118764.57678709678,125752.59842258066,103497.28256774193,11205.01518387097,0,58,33,415,3,281,338,0,0,130,0,0,0,34,1115185.0,747727.0,367458.0,0.3295,124926.0,2169866.0,799093.0,1370773.0,0.6317,272249.0,API,1259.0
2024-03-01,송파구,2024,3,1259.0,2452.0,1426.0,761417.9991275863,742349.0217931034,14194.916813793105,4874.060510344827,783085.3780241378,733455.9642482758,773241.991462069,752972.2903241379,352544.91644827585,118252.62716551725,128124.75411724139,106167.53516551724,20269.70113793103,0,58,33,415,3,281,338,0,0,130,0,0,0,34,1115185.0,747727.0,367458.0,0.3295,124926.0,2169866.0,799093.0,1370773.0,0.6317,272249.0,API,1217.0
2024-04-01,송파구,2024,4,1217.0,2565.0,1506.0,756790.7079419354,738964.8582741936,13130.100658064517,4695.749006451612,780996.4958935484,736109.3364967742,759508.8696612903,754849.1638645161,341442.8020903226,112026.2001032258,125521.8214967742,103894.78049032258,4659.705796774191,0,58,33,415,3,281,338,0,0,130,0,0,0,34,1115185.0,747727.0,367458.0,0.3295,124926.0,2169866.0,799093.0,1370773.0,0.6317,272249.0,API,1212.0
2024-05-01,송파구,2024,5,1212.0,2920.0,1685.0,751558.34371,732809.1115033333,13140.91438,5608.3178333333335,779886.6847433334,733572.5555866666,756973.7853966667,747690.17108,369064.5969466667,117915.37385666667,137500.18627333333,113649.03681666666,9283.614316666657,0,58,33,415,3,281,338,0,0,130,0,0,0,34,1115185.0,747727.0,367458.0,0.3295,124926.0,2169866.0,799093.0,1370773.0,0.6317,272249.0,API,1257.0
2024-06-01,송파구,2024,6,1257.0,2713.0,1618.0,744976.8624419355,726728.9274225807,12980.502570967741,5267.43244516129,772801.3976774194,727378.5738064515,751685.8386645161,740184.7365645162,359217.79582258064,114647.26297096774,137248.87148709677,107321.66136451613,11501.102099999996,0,58,33,415,3,281,338,0,0,130,0,0,0,34,1115185.0,747727.0,367458.0,0.3295,124926.0,2169866.0,799093.0,1370773.0,0.6317,272249.0,API,1242.0
2024-07-01,송파구,2024,7,1242.0,3005.0,1676.0,746725.9745233334,727596.9767933334,13241.473646666667,5887.5241,773667.9988966666,729817.6769033333,751869.9406066667,743051.7130433334,361886.5522166667,114649.44996000001,140000.5618833333,107236.54037333332,8818.227563333337,0,58,33,415,3,281,338,0,0,130,0,0,0,34,1115185.0,747727.0,367458.0,0.3295,124926.0,2169866.0,799093.0,1370773.0,0.6317,272249.0,API,1276.0
2024-08-01,송파구,2024,8,1276.0,2956.0,1724.0,753006.109767742,732233.330916129,13919.554967741937,6853.2239,777961.9534290322,736512.8139354839,760403.1753870967,747722.4914774194,359094.7450322581,116158.80517096774,135329.5720483871,107606.36781290322,12680.683909677417,0,58,33,415,3,281,338,0,0,130,0,0,0,34,1115185.0,747727.0,367458.0,0.3295,124926.0,2169866.0,799093.0,1370773.0,0.6317,272249.0,API,1196.0
2024-09-01,송파구,2024,9,1196.0,2615.0,1575.0,753969.0834354839,734296.8472258064,14091.729816129033,5580.506387096774,781293.857748387,731532.0732709678,762566.9521870968,747827.7486193548,363928.6189516129,119392.37481612903,137742.29283548388,106793.9513,14739.203567741939,0,58,33,415,3,281,338,0,0,130,0,0,0,34,1115185.0,747727.0,367458.0,0.3295,124926.0,2169866.0,799093.0,1370773.0,0.6317,272249.0,API,1085.0
2024-10-01,송파구,2024,10,1085.0,2609.0,1588.0,732368.0100133333,714389.7009200001,12972.730206666665,5005.578890000001,759435.3408233334,712325.5819433334,737533.7363699999,728678.2054533333,355422.79025333334,114275.84192333333,136762.45873333333,104384.48959666667,8855.53091666665,0,58,33,415,3,281,338,0,0,130,0,0,0,34,1115185.0,747727.0,367458.0,0.3295,124926.0,2169866.0,799093.0,1370773.0,0.6317,272249.0,API,1102.0
2024-11-01,송파구,2024,11,1102.0,2414.0,1478.0,742733.5942774194,724266.1541419355,13042.64315483871,5424.796990322581,764409.5307741936,728155.584367742,749910.4504419354,737607.2684548387,357919.9169548387,116461.04796774194,134316.00293548388,107142.8660516129,12303.181987096767,0,58,33,415,3,281,338,0,0,130,0,0,0,34,1115185.0,747727.0,367458.0,0.3295,124926.0,2169866.0,799093.0,1370773.0,0.6317,272249.0,API,1101.0
2024-12-01,송파구,2024,12,1101.0,2734.0,1602.0,747907.4640200001,729209.46311,13247.92606,5450.0748533333335,767430.6488433334,730898.7548266667,754273.6959399999,743360.1555133333,375751.46079,122628.59652666668,138969.01154,114153.85272333333,10913.540426666657,0,58,33,415,3,281,338,0,0,130,0,0,0,34,1115185.0,747727.0,367458.0,0.3295,124926.0,2169866.0,799093.0,1370773.0,0.6317,272249.0,API,1168.0
2025-01-01,송파구,2025,1,1168.0,2434.0,1488.0,753941.5128645161,734971.5288612903,13377.83940967742,5592.14459032258,783221.1316838709,729510.3279935485,767208.0444193549,744465.4189032258,372232.4679064516,124636.36392258064,135507.66352580645,112088.4404580645,22742.625516129036,0,62,0,118,2,72,342,10,188,92,115,37,0,74,1073855.0,712070.0,361785.0,0.3369,106713.0,1518379.0,666248.0,852131.0,0.5612,181300.0,API,1069.0
2025-02-01,송파구,2025,2,1069.0,2098.0,1259.0,738144.6847999999,719433.2448419356,13704.533812903226,5006.906141935483,760406.771767742,716954.4773677419,749868.7394806452,729770.3600290322,347208.90405806457,113312.81006774194,131498.72071612903,102397.37327419355,20098.379451612913,0,62,0,118,2,72,342,10,188,92,115,37,0,74,1073855.0,712070.0,361785.0,0.3369,106713.0,1518379.0,666248.0,852131.0,0.5612,181300.0,API,940.0
2025-03-01,송파구,2025,3,940.0,2311.0,1217.0,755401.4136642858,736486.0496107143,13868.03945357143,5047.324639285714,781579.4185714285,733454.0488071429,772106.7071464285,743469.0612,366255.61570714286,119638.3748,135392.83091785715,111224.40998928572,28637.64594642857,0,62,0,118,2,72,342,10,188,92,115,37,0,74,1073855.0,712070.0,361785.0,0.3369,106713.0,1518379.0,666248.0,852131.0,0.5612,181300.0,API,1082.0
2025-04-01,송파구,2025,4,1082.0,2381.0,1212.0,741324.0081806452,722935.409448387,12927.150380645162,5461.448361290323,766900.9463935484,724363.9761193548,747837.6280548387,736671.4225548387,351661.0958451613,109421.32647096775,134931.96780967742,107307.80156451612,11166.20550000001,0,62,0,118,2,72,342,10,188,92,115,37,0,74,1073855.0,712070.0,361785.0,0.3369,106713.0,1518379.0,666248.0,852131.0,0.5612,181300.0,API,1151.0
2025-05-01,송파구,2025,5,1151.0,2415.0,1257.0,744605.4399966667,725638.4216966666,13034.106283333333,5932.912020000001,780573.6688499999,725772.68326,753300.5918366667,738394.61725,388717.52636666666,120075.56499000001,148384.91290999998,120257.04846666666,14905.974586666644,0,62,0,118,2,72,342,10,188,92,115,37,0,74,1073855.0,712070.0,361785.0,0.3369,106713.0,1518379.0,666248.0,852131.0,0.5612,181300.0,API,1197.0
2025-06-01,송파구,2025,6,1197.0,2570.0,1242.0,735907.7247741935,718001.924448387,12715.697712903226,5190.102612903226,770277.9062225807,714947.0516580645,746681.136367742,728212.4307935485,370602.26242580643,117821.79559354839,140817.33841612906,111963.12841612902,18468.70557419355,0,62,0,118,2,72,342,10,188,92,115,37,0,74,1073855.0,712070.0,361785.0,0.3369,106713.0,1518379.0,666248.0,852131.0,0.5612,181300.0,API,1177.0
2025-07-01,송파구,2025,7,1177.0,2664.0,1276.0,739967.38707,721210.5051566666,13016.762603333333,5740.119326666667,768322.7542766667,723909.5076666666,747124.1525966667,734855.4116966667,367917.8679566666,111316.59893000001,145000.99268,111600.27634666667,12268.740899999992,0,62,0,118,2,72,342,10,188,92,115,37,0,74,1073855.0,712070.0,361785.0,0.3369,106713.0,1518379.0,666248.0,852131.0,0.5612,181300.0,API,1235.0
2025-08-01,송파구,2025,8,1235.0,2894.0,1196.0,748259.5887193548,728640.0313580645,13740.154158064515,5879.403196774193,779337.0455064516,728423.0793903226,759352.2256,740336.276651613,374355.84940322576,117293.49754516128,142247.53962258063,114814.81223548387,19015.9489483871,0,62,0,118,2,72,342,10,188,92,115,37,0,74,1073855.0,712070.0,361785.0,0.3369,106713.0,1518379.0,666248.0,852131.0,0.5612,181300.0,API,1272.0
2025-09-01,송파구,2025,9,1272.0,2369.0,1085.0,743725.6889774194,724238.6953322581,13676.717161290324,5810.276474193549,775936.6005193548,723717.4637612903,753553.8640096774,736705.5639451613,368281.2040645161,114906.0173483871,142661.11567096776,110714.07104516128,16848.300064516123,0,62,0,118,2,72,342,10,188,92,115,37,0,74,1073855.0,712070.0,361785.0,0.3369,106713.0,1518379.0,666248.0,852131.0,0.5612,181300.0,API,1296.0
2025-10-01,송파구,2025,10,1296.0,2270.0,1102.0,743286.5317766666,725678.6714066666,13026.744226666666,4581.116143333334,767831.39488,730017.1592366666,747998.99278,739920.4881999999,375800.19331,115461.96472333332,145806.99157666665,114531.23701,8078.504580000004,0,62,0,118,2,72,342,10,188,92,115,37,0,74,1073855.0,712070.0,361785.0,0.3369,106713.0,1518379.0,666248.0,852131.0,0.5612,181300.0,API,1201.0
2025-11-01,송파구,2025,11,1201.0,2264.0,1101.0,726578.5756225807,707494.0386032258,12862.343990322579,6222.193041935484,752970.2667516129,708649.9475225806,733844.5815225806,721388.5714032258,357074.59277419356,113347.0129967742,137652.80382903226,106074.77594838709,12456.010119354849,0,62,0,118,2,72,342,10,188,92,115,37,0,74,1073855.0,712070.0,361785.0,0.3369,106713.0,1518379.0,666248.0,852131.0,0.5612,181300.0,API,1228.0
2025-12-01,송파구,2025,12,1228.0,2439.0,1168.0,745253.2368500001,727707.7476833333,12823.196676666666,4722.292496666666,772556.5249300001,729457.37226,753428.4115266667,739413.8263600001,373174.0651666667,117279.52803,142486.41089333332,113408.12624333333,14014.585166666668,0,62,0,118,2,72,342,10,188,92,115,37,0,74,1073855.0,712070.0,361785.0,0.3369,106713.0,1518379.0,666248.0,852131.0,0.5612,181300.0,API,1266.0
2017-01-01,양천구,2017,1,,,,,,,,,,,,,,,,,5,39,9,96,0,3,437,0,0,167,0,0,0,5,,,,,,,,,,,API,1285.0
2017-02-01,양천구,2017,2,1285.0,,,,,,,,,,,,,,,,5,39,9,96,0,3,437,0,0,167,0,0,0,5,,,,,,,,,,,API,1044.0
2017-03-01,양천구,2017,3,1044.0,,,,,,,,,,,,,,,,5,39,9,96,0,3,437,0,0,167,0,0,0,5,,,,,,,,,,,API,1066.0
2017-04-01,양천구,2017,4,1066.0,,,,,,,,,,,,,,,,5,39,9,96,0,3,437,0,0,167,0,0,0,5,,,,,,,,,,,API,1197.0
2017-05-01,양천구,2017,5,1197.0,,,,,,,,,,,,,,,,5,39,9,96,0,3,437,0,0,167,0,0,0,5,,,,,,,,,,,API,1215.0
2017-06-01,양천구,2017,6,1215.0,,,,,,,,,,,,,,,,5,39,9,96,0,3,437,0,0,167,0,0,0,5,,,,,,,,,,,API,1235.0
2017-07-01,양천구,2017,7,1235.0,,,,,,,,,,,,,,,,5,39,9,96,0,3,437,0,0,167,0,0,0,5,,,,,,,,,,,API,1360.0
2017-08-01,양천구,2017,8,1360.0,,,,,,,,,,,,,,,,5,39,9,96,0,3,437,0,0,167,0,0,0,5,,,,,,,,,,,API,1335.0
2017-09-01,양천구,2017,9,1335.0,,,,,,,,,,,,,,,,5,39,9,96,0,3,437,0,0,167,0,0,0,5,,,,,,,,,,,API,1284.0
2017-10-01,양천구,2017,10,1284.0,,,,,,,,,,,,,,,,5,39,9,96,0,3,437,0,0,167,0,0,0,5,,,,,,,,,,,API,1295.0
2017-11-01,양천구,2017,11,1295.0,,,,,,,,,,,,,,,,5,39,9,96,0,3,437,0,0,167,0,0,0,5,,,,,,,,,,,API,1081.0
2017-12-01,양천구,2017,12,1081.0,,,,,,,,,,,,,,,,5,39,9,96,0,3,437,0,0,167,0,0,0,5,,,,,,,,,,,API,1304.0
2018-01-01,양천구,2018,1,1304.0,1875.0,1285.0,,,,,,,,,,,,,,0,39,0,89,0,2,439,0,0,200,0,0,0,100,,,,,,,,,,,API,1238.0
2018-02-01,양천구,2018,2,1238.0,1593.0,1044.0,,,,,,,,,,,,,,0,39,0,89,0,2,439,0,0,200,0,0,0,100,,,,,,,,,,,API,1060.0
2018-03-01,양천구,2018,3,1060.0,1681.0,1066.0,,,,,,,,,,,,,,0,39,0,89,0,2,439,0,0,200,0,0,0,100,,,,,,,,,,,API,1130.0
2018-04-01,양천구,2018,4,1130.0,1871.0,1197.0,,,,,,,,,,,,,,0,39,0,89,0,2,439,0,0,200,0,0,0,100,,,,,,,,,,,API,1166.0
2018-05-01,양천구,2018,5,1166.0,1894.0,1215.0,409515.73655,402928.2235576923,5542.392626923077,1045.120376923077,446093.34002307686,370078.8923307692,380016.9851576923,430586.2732692308,207473.32127692306,31812.843834615385,106682.34381538461,68978.13362692307,-50569.288111538466,0,39,0,89,0,2,439,0,0,200,0,0,0,100,,,,,,,,,,,API,1233.0
2018-06-01,양천구,2018,6,1233.0,1847.0,1235.0,402448.2312096774,395806.3953967742,5557.341035483871,1084.4947677419354,438078.8871096774,361681.66709999996,372790.50915161293,422717.39184516127,199740.92411612903,31188.213483870968,103261.85418387096,65290.856448387094,-49926.88269354839,0,39,0,89,0,2,439,0,0,200,0,0,0,100,,,,,,,,,,,API,1265.0
2018-07-01,양천구,2018,7,1265.0,2081.0,1360.0,409328.20274333336,402618.42807666666,5622.768846666667,1087.0058366666667,441514.75929,373820.03036333335,382802.40664,428275.1999633333,190741.45394333333,30843.996326666667,96414.94806333333,63482.50955333333,-45472.793323333346,0,39,0,89,0,2,439,0,0,200,0,0,0,100,,,,,,,,,,,API,1401.0
2018-08-01,양천구,2018,8,1401.0,1999.0,1335.0,408667.2843612903,401599.8813096774,5925.897316129032,1141.5057322580644,441880.53063225804,374759.3735419355,382629.81586451613,427265.4761322581,191784.6692967742,32276.10146129032,96480.53419677418,63028.033638709676,-44635.660267741936,0,39,0,89,0,2,439,0,0,200,0,0,0,100,,,,,,,,,,,API,1445.0
2018-09-01,양천구,2018,9,1445.0,1950.0,1284.0,403881.08409354836,396915.09872580646,5878.898116129032,1087.0872580645162,434461.9806387097,371315.27602903225,379121.4396032258,420634.4954967742,197576.1058,30697.437822580647,102005.6127,64873.05527741936,-41513.05589354839,0,39,0,89,0,2,439,0,0,200,0,0,0,100,,,,,,,,,,,API,1292.0
2018-10-01,양천구,2018,10,1292.0,1944.0,1295.0,403233.94082333334,396579.45689000003,5683.011670000001,971.4722633333333,433341.96754,368530.2495033333,378279.10711333336,421058.82205666666,192244.50693,31327.99574,97585.9627,63330.54849,-42779.714943333325,0,39,0,89,0,2,439,0,0,200,0,0,0,100,,,,,,,,,,,API,1218.0
2018-11-01,양천구,2018,11,1218.0,1719.0,1081.0,403226.2051580645,396570.48763225804,5666.351248387097,989.3662677419354,434077.24944193545,365203.9175064516,375504.5444225806,422090.475,192131.9197483871,29831.149390322582,98621.78497741936,63678.98538064516,-46585.930577419356,0,39,0,89,0,2,439,0,0,200,0,0,0,100,,,,,,,,,,,API,1145.0
2018-12-01,양천구,2018,12,1145.0,1996.0,1304.0,403024.20595000003,396229.81557333336,5740.938796666666,1053.4515966666665,434220.11134666664,365658.8853133333,375556.49706666666,422643.99801000004,200057.9472,32682.968993333336,101205.36024333333,66169.61796333334,-47087.50094333334,0,39,0,89,0,2,439,0,0,200,0,0,0,100,,,,,,,,,,,API,1358.0
2019-01-01,양천구,2019,1,1358.0,1956.0,1238.0,407217.96622903226,400403.84460645163,5726.191245161291,1087.9303774193547,434561.89382580644,375530.23182580643,383947.0337806452,423840.06085806456,194370.3646451613,31993.831277419355,100130.55408709678,62245.979280645166,-39893.027077419356,0,20,1,69,2,0,351,0,0,91,0,0,0,13,,,,,,,,,,,API,1229.0
2019-02-01,양천구,2019,2,1229.0,1671.0,1060.0,413247.05268387095,405903.0566903226,6201.767387096774,1142.2286322580644,439857.3868612903,382395.7200935484,389984.2978645161,429863.30613870965,204324.31757741937,33826.35135483871,104357.4543516129,66140.51187096775,-39879.00827419354,0,20,1,69,2,0,351,0,0,91,0,0,0,13,,,,,,,,,,,API,1029.0
2019-03-01,양천구,2019,3,1029.0,1783.0,1130.0,404575.2690928572,396831.05055,6391.4598857142855,1352.7586642857143,430594.00711071433,376007.98537857144,383928.640425,419322.861,198399.72202142858,33890.988789285715,100431.871225,64076.86200714286,-35394.22057499999,0,20,1,69,2,0,351,0,0,91,0,0,0,13,,,,,,,,,,,API,1145.0
2019-04-01,양천구,2019,4,1145.0,1791.0,1166.0,405944.4508548387,399128.6521548387,5959.433116129033,856.3655870967742,434791.16342580644,370824.8179548387,380324.00072903227,424244.7723709677,184799.04892258064,28553.08995483871,96160.59614838709,60085.362819354836,-43920.771641935484,0,20,1,69,2,0,351,0,0,91,0,0,0,13,,,,,,,,,,,API,1130.0
2019-05-01,양천구,2019,5,1130.0,1913.0,1233.0,396846.5318333333,390064.4261066666,5895.323796666667,886.7819166666667,427656.7963733334,360024.76656,369665.3293366667,416261.67646,200426.31411,30743.271403333336,103734.95213333333,65948.09057333333,-46596.34712333334,0,20,1,69,2,0,351,0,0,91,0,0,0,13,,,,,,,,,,,API,1251.0
2019-06-01,양천구,2019,6,1251.0,1925.0,1265.0,382153.91517419356,375481.2766774193,5713.645212903225,958.9932741935484,413252.13910645165,344729.28066451615,355094.7232516129,401481.90942903224,184368.61781290325,28884.93260967742,94966.52261290322,60517.16259032258,-46387.18617741935,0,20,1,69,2,0,351,0,0,91,0,0,0,13,,,,,,,,,,,API,1174.0
2019-07-01,양천구,2019,7,1174.0,2187.0,1401.0,388061.1445466667,381332.4082966667,5740.882159999999,987.8540866666666,415855.9174766667,355840.36355666665,364578.12982666667,404834.7264866667,179690.40761333334,28446.226153333333,92303.34933333333,58940.83212666667,-40256.59666,0,20,1,69,2,0,351,0,0,91,0,0,0,13,,,,,,,,,,,API,1339.0
2019-08-01,양천구,2019,8,1339.0,2243.0,1445.0,385456.81816774193,378388.4869612903,5967.624961290323,1100.706251612903,413145.1759612903,354462.3413580645,362083.4532774194,402152.0787870967,169042.7115935484,28185.872338709676,84540.41812258065,56316.42113225807,-40068.62550967742,0,20,1,69,2,0,351,0,0,91,0,0,0,13,,,,,,,,,,,API,1317.0
2019-09-01,양천구,2019,9,1317.0,1956.0,1292.0,400402.7630645161,393205.87002903223,6197.986293548387,998.9067548387097,427595.8495709677,369654.3918032258,377569.9582516129,416711.9093741936,178205.24723225806,29558.29026129032,89089.73311935485,59557.22385161291,-39141.95112258065,0,20,1,69,2,0,351,0,0,91,0,0,0,13,,,,,,,,,,,API,1244.0
2019-10-01,양천구,2019,10,1244.0,1887.0,1218.0,398944.4924566667,392023.6672233333,5925.32574,995.4995,427202.0137933333,365636.82273,374753.45848,416223.80245666666,186219.89483666664,31717.716163333334,93538.88915666666,60963.289516666664,-41470.34397666667,0,20,1,69,2,0,351,0,0,91,0,0,0,13,,,,,,,,,,,API,1246.0
2019-11-01,양천구,2019,11,1246.0,1771.0,1145.0,397992.4763016129,391224.69888064516,5764.897091935483,1002.8803483870968,430270.2639241935,358327.91928709677,368618.5196935484,418973.8738596774,186112.3596516129,30121.775901612906,94969.11565,61021.4681,-50355.354166129044,0,20,1,69,2,0,351,0,0,91,0,0,0,13,,,,,,,,,,,API,1182.0
2019-12-01,양천구,2019,12,1182.0,2047.0,1358.0,401802.8992066666,395141.86279,5719.107016666666,941.9293866666667,431522.4196833333,366074.3553333333,375524.95107666665,420572.86216,185468.94757,31239.21241,92445.77728333333,61783.95787666667,-45047.91108333333,0,20,1,69,2,0,351,0,0,91,0,0,0,13,,,,,,,,,,,API,1307.0
2020-01-01,양천구,2020,1,1307.0,1898.0,1229.0,407884.926483871,401093.6221354839,5708.013970967741,1083.2903741935486,434907.2755064516,375864.6488387097,384615.9991741936,424505.5888419355,194323.79762903225,33293.77071290323,95448.29423870968,65581.73267741935,-39889.58966774193,0,32,3,55,3,11,229,0,0,92,0,0,0,13,973736.0,639007.0,334729.0,0.3438,,660816.0,494652.0,166164.0,0.2515,,API,1224.0
2020-02-01,양천구,2020,2,1224.0,1597.0,1029.0,411598.3506548387,404227.5207580645,6159.480606451612,1211.349293548387,436273.0662,383419.9718419355,391087.2131193548,426249.16316451615,197548.64523548385,35548.622070967744,95764.27626451613,66235.7469,-35161.95004516129,0,32,3,55,3,11,229,0,0,92,0,0,0,13,973736.0,639007.0,334729.0,0.3438,,660816.0,494652.0,166164.0,0.2515,,API,996.0
2020-03-01,양천구,2020,3,996.0,1743.0,1145.0,420616.5903172414,412632.2895413793,6279.96728275862,1704.3334896551723,441044.39353448275,396256.2320448276,402218.75301724137,433757.90268275863,191842.70783793106,30684.520520689657,96624.91696896552,64533.27034827586,-31539.149665517234,0,32,3,55,3,11,229,0,0,92,0,0,0,13,973736.0,639007.0,334729.0,0.3438,,660816.0,494652.0,166164.0,0.2515,,API,983.0
2020-04-01,양천구,2020,4,983.0,1769.0,1130.0,419574.8444290323,412271.57297419355,6075.102754838709,1228.1687161290322,439609.645583871,395082.7688193548,401220.41713225807,432685.1496419355,183375.58788064515,28064.617203225807,94703.28096451613,60607.68971290322,-31464.73250967742,0,32,3,55,3,11,229,0,0,92,0,0,0,13,973736.0,639007.0,334729.0,0.3438,,660816.0,494652.0,166164.0,0.2515,,API,948.0
2020-05-01,양천구,2020,5,948.0,1925.0,1251.0,417105.85804,409232.16076666664,6038.35688,1835.3404,438823.63368666667,390344.44445666665,397489.8884766667,431117.26487333333,191471.70698,29671.014106666666,98370.46662333333,63430.22625,-33627.376396666674,0,32,3,55,3,11,229,0,0,92,0,0,0,13,973736.0,639007.0,334729.0,0.3438,,660816.0,494652.0,166164.0,0.2515,,API,1068.0
2020-06-01,양천구,2020,6,1068.0,1828.0,1174.0,410552.98141935485,403136.4442548387,5980.382732258065,1436.1544387096776,433076.23244838713,382818.7693806452,390615.64742903225,424793.93427741935,189110.72642258066,30139.20207419355,96341.54283870968,62629.98150967742,-34178.28684838709,0,32,3,55,3,11,229,0,0,92,0,0,0,13,973736.0,639007.0,334729.0,0.3438,,660816.0,494652.0,166164.0,0.2515,,API,1048.0
2020-07-01,양천구,2020,7,1048.0,2085.0,1339.0,405103.94589333335,397886.4316633333,5883.48017,1334.0340700000002,430251.0382566667,375217.21062333335,383036.5339633333,420866.38300000003,187371.57138333333,29535.88188333333,95195.41910666667,62640.27039333333,-37829.84903666667,0,32,3,55,3,11,229,0,0,92,0,0,0,13,973736.0,639007.0,334729.0,0.3438,,660816.0,494652.0,166164.0,0.2515,,API,1055.0
2020-08-01,양천구,2020,8,1055.0,2030.0,1317.0,403633.89890000003,396117.32938387094,5823.046380645162,1693.5231322580646,427803.6115967742,374425.3555548387,382338.3209064516,418845.02603548387,185348.27003870968,29856.62394516129,93422.62705806452,62069.01903548387,-36506.70512903225,0,32,3,55,3,11,229,0,0,92,0,0,0,13,973736.0,639007.0,334729.0,0.3438,,660816.0,494652.0,166164.0,0.2515,,API,1065.0
2020-09-01,양천구,2020,9,1065.0,1926.0,1244.0,399294.06116451614,392185.3625225806,5805.655409677419,1303.0432322580646,419705.5114064516,375082.69868387096,381608.63571935485,411926.5079322581,178563.36133870968,28049.141493548388,90087.37576774193,60426.84407741935,-30317.872212903214,0,32,3,55,3,11,229,0,0,92,0,0,0,13,973736.0,639007.0,334729.0,0.3438,,660816.0,494652.0,166164.0,0.2515,,API,970.0
2020-10-01,양천구,2020,10,970.0,1890.0,1246.0,400628.19737999997,393414.61308,5705.51551,1508.068803333333,422200.26620666665,374367.39042999997,381234.13956,414481.09580999997,169991.08846666667,27736.537360000002,84000.40039666666,58254.150709999994,-33246.956249999996,0,32,3,55,3,11,229,0,0,92,0,0,0,13,973736.0,639007.0,334729.0,0.3438,,660816.0,494652.0,166164.0,0.2515,,API,1052.0
2020-11-01,양천구,2020,11,1052.0,1838.0,1182.0,395827.62311290327,388752.26872580644,5655.326874193549,1420.0275161290324,417791.2122193549,367508.8503354839,376108.6802064516,409912.5823387097,173048.29822258066,29779.892390322584,81972.63524516129,61295.77058709677,-33803.90213225807,0,32,3,55,3,11,229,0,0,92,0,0,0,13,973736.0,639007.0,334729.0,0.3438,,660816.0,494652.0,166164.0,0.2515,,API,963.0
2020-12-01,양천구,2020,12,963.0,1909.0,1307.0,395443.17818,388369.42009333335,5560.477716666666,1513.2803733333335,416379.82053666667,368436.05091,376341.50867,409087.22784,173134.30744666667,29704.694843333335,81538.14349666666,61891.469106666664,-32745.719169999997,0,32,3,55,3,11,229,0,0,92,0,0,0,13,973736.0,639007.0,334729.0,0.3438,,660816.0,494652.0,166164.0,0.2515,,API,910.0
2021-01-01,양천구,2021,1,910.0,1804.0,1224.0,400066.2171967742,393078.1153193548,5489.596158064516,1498.505735483871,418025.6786129032,377644.79232258064,383234.3742354839,412088.9621774194,159949.44812580646,27034.566335483873,77185.24355806451,55729.63823225807,-28854.587941935482,0,10,2,24,2,0,147,0,0,53,0,0,0,1,946011.0,623949.0,322062.0,0.3404,,614171.0,455373.0,158798.0,0.2586,,API,915.0
2021-02-01,양천구,2021,2,915.0,1570.0,996.0,402462.357683871,395551.7121903226,5483.506803225807,1427.1387064516127,419083.12406451616,381329.2058741935,387006.978483871,413501.91426129034,165687.5603,28405.172799999997,80505.87763870967,56776.50986129032,-26494.935777419356,0,10,2,24,2,0,147,0,0,53,0,0,0,1,946011.0,623949.0,322062.0,0.3404,,614171.0,455373.0,158798.0,0.2586,,API,833.0
2021-03-01,양천구,2021,3,833.0,1688.0,983.0,401089.735975,393495.92905,5561.885178571429,2031.921732142857,419920.10636785714,376853.80668928573,383965.97899285716,413320.99095357145,172351.15351428572,30619.493478571425,81805.91850714285,59925.74152857142,-29355.011960714288,0,10,2,24,2,0,147,0,0,53,0,0,0,1,946011.0,623949.0,322062.0,0.3404,,614171.0,455373.0,158798.0,0.2586,,API,983.0
2021-04-01,양천구,2021,4,983.0,1579.0,948.0,397941.0512677419,391287.83771935484,5416.880493548387,1236.3330612903226,419777.4620032258,369839.9396741935,377791.53612580645,412333.56210000004,164069.7267451613,28611.740796774193,77390.02447741936,58067.96147096775,-34542.02597419355,0,10,2,24,2,0,147,0,0,53,0,0,0,1,946011.0,623949.0,322062.0,0.3404,,614171.0,455373.0,158798.0,0.2586,,API,995.0
2021-05-01,양천구,2021,5,995.0,1797.0,1068.0,392538.9670866666,386126.8980666667,5305.444546666667,1106.6244766666666,416357.9369833333,363533.07464666665,371947.3457866667,407247.26800333336,171618.48452,29495.16430333333,80727.57777,61395.74244666667,-35299.922216666666,0,10,2,24,2,0,147,0,0,53,0,0,0,1,946011.0,623949.0,322062.0,0.3404,,614171.0,455373.0,158798.0,0.2586,,API,1140.0
2021-06-01,양천구,2021,6,1140.0,1767.0,1048.0,392085.7047032258,385517.5783290323,5360.729638709678,1207.3967451612903,415145.696816129,364587.55700967746,372881.69912903226,405802.8515451613,160225.74115161292,28967.867461290323,72979.07785806451,58278.79583225806,-32921.152416129036,0,10,2,24,2,0,147,0,0,53,0,0,0,1,946011.0,623949.0,322062.0,0.3404,,614171.0,455373.0,158798.0,0.2586,,API,1272.0
2021-07-01,양천구,2021,7,1272.0,1723.0,1055.0,392004.06349333335,385490.5215733333,5416.928326666666,1096.61359,415427.7775066666,363281.02890333335,371679.8520166667,406521.35742,163483.1729,29297.168943333334,74263.43911666666,59922.56484,-34841.505403333336,0,10,2,24,2,0,147,0,0,53,0,0,0,1,946011.0,623949.0,322062.0,0.3404,,614171.0,455373.0,158798.0,0.2586,,API,1303.0
2021-08-01,양천구,2021,8,1303.0,1872.0,1065.0,390393.55820322584,383380.49123548385,5472.981370967742,1540.0856129032259,411710.56317419355,365566.05032903224,372473.5728612903,403193.5477419355,155834.9407,28064.09341935484,70994.09838709676,56776.74889354839,-30719.97488064516,0,10,2,24,2,0,147,0,0,53,0,0,0,1,946011.0,623949.0,322062.0,0.3404,,614171.0,455373.0,158798.0,0.2586,,API,1222.0
2021-09-01,양천구,2021,9,1222.0,1602.0,970.0,387056.25090645166,380174.6458483871,5355.216019354839,1526.3890580645161,407930.3680129032,362077.0128064516,369461.32007741934,399624.05866774195,153711.61661612903,26910.609051612904,71601.28438064516,55199.72318387097,-30162.738590322577,0,10,2,24,2,0,147,0,0,53,0,0,0,1,946011.0,623949.0,322062.0,0.3404,,614171.0,455373.0,158798.0,0.2586,,API,1248.0
2021-10-01,양천구,2021,10,1248.0,1746.0,1052.0,385174.1965166667,378252.31251666666,5257.1823466666665,1664.7016466666669,407723.2184033334,357914.0179466667,366611.12381333334,398433.5341533333,154747.28695666665,28480.34179,70515.12551333333,55751.81965333333,-31822.410340000002,0,10,2,24,2,0,147,0,0,53,0,0,0,1,946011.0,623949.0,322062.0,0.3404,,614171.0,455373.0,158798.0,0.2586,,API,1110.0
2021-11-01,양천구,2021,11,1110.0,1575.0,963.0,384217.9117774194,377399.50959354837,5177.545916129032,1640.856283870968,407782.13833548385,355664.2132064516,364683.64252258063,398170.96125806455,151421.10550645163,27050.36599354839,69094.04882903225,55276.69068387097,-33487.318735483874,0,10,2,24,2,0,147,0,0,53,0,0,0,1,946011.0,623949.0,322062.0,0.3404,,614171.0,455373.0,158798.0,0.2586,,API,1083.0
2021-12-01,양천구,2021,12,1083.0,1606.0,910.0,382706.76848333335,375142.56183,5068.32036,2495.8862966666666,407615.87883,353014.07093000005,361626.1228666667,397764.37251333334,156282.56106666668,28835.09329,70937.64049333334,56509.82728333333,-36138.24964666667,0,10,2,24,2,0,147,0,0,53,0,0,0,1,946011.0,623949.0,322062.0,0.3404,,614171.0,455373.0,158798.0,0.2586,,API,1121.0
2022-01-01,양천구,2022,1,1121.0,1601.0,915.0,386049.7474290322,378944.8910903226,5067.018480645162,2037.837864516129,408291.91110645165,358923.2396129032,367001.46280645166,399655.66501612903,150964.00380322582,28026.37685483871,68029.08503225807,54908.54191612903,-32654.20220967741,0,7,2,34,4,0,130,0,0,49,0,0,0,10,978694.0,654517.0,324177.0,0.3312,107012.0,700062.0,528700.0,171362.0,0.2448,132047.0,API,1177.0
2022-02-01,양천구,2022,2,1177.0,1497.0,833.0,388940.73630000005,381142.587583871,5183.319567741935,2614.829158064516,409650.6914967742,364162.4366516129,371456.0493967742,401429.7983903226,154149.85002580646,29597.10986451613,68627.3904548387,55925.34970645161,-29973.748993548386,0,7,2,34,4,0,130,0,0,49,0,0,0,10,978694.0,654517.0,324177.0,0.3312,107012.0,700062.0,528700.0,171362.0,0.2448,132047.0,API,1219.0
2022-03-01,양천구,2022,3,1219.0,1631.0,983.0,390365.64109642856,383032.4829178572,5194.355396428572,2138.8027964285716,410156.0778964286,367095.1327,374059.8457642857,402012.6377642857,150978.50802857144,27880.879671428575,68877.05706428572,54220.57129285714,-27952.791999999998,0,7,2,34,4,0,130,0,0,49,0,0,0,10,978694.0,654517.0,324177.0,0.3312,107012.0,700062.0,528700.0,171362.0,0.2448,132047.0,API,1347.0
2022-04-01,양천구,2022,4,1347.0,1782.0,995.0,385477.0505290323,379263.5260129032,5022.544109677419,1190.9804161290322,406193.2941032258,359170.13231612905,367228.4207967742,398511.7860516129,140350.4436580645,24626.6278,65245.45752258065,50478.35833548387,-31283.36525483871,0,7,2,34,4,0,130,0,0,49,0,0,0,10,978694.0,654517.0,324177.0,0.3312,107012.0,700062.0,528700.0,171362.0,0.2448,132047.0,API,1254.0
2022-05-01,양천구,2022,5,1254.0,1995.0,1140.0,380456.4282166667,374398.48161333334,5001.136883333334,1056.80972,405737.75036666665,348832.9372933333,358235.2287433333,396328.71356999996,154403.44214,27319.405143333333,71124.23035666667,55959.806639999995,-38093.48482666667,0,7,2,34,4,0,130,0,0,49,0,0,0,10,978694.0,654517.0,324177.0,0.3312,107012.0,700062.0,528700.0,171362.0,0.2448,132047.0,API,1285.0
2022-06-01,양천구,2022,6,1285.0,2138.0,1272.0,381469.5486064516,375180.08353548386,4960.191635483871,1329.273429032258,409617.4615870968,346791.2053322581,357157.2745419355,398835.4586483871,154622.69793225807,28045.799148387094,71513.08801290322,55063.81077096774,-41678.18410645161,0,7,2,34,4,0,130,0,0,49,0,0,0,10,978694.0,654517.0,324177.0,0.3312,107012.0,700062.0,528700.0,171362.0,0.2448,132047.0,API,1196.0
2022-07-01,양천구,2022,7,1196.0,2201.0,1303.0,388613.5765533334,382287.9793533333,4979.306606666666,1346.2906033333334,415589.46865666664,355213.3007433333,365323.15958,405249.58867666667,156172.93500666667,27979.31983333333,72893.07598333334,55300.53919,-39926.42909666667,0,7,2,34,4,0,130,0,0,49,0,0,0,10,978694.0,654517.0,324177.0,0.3312,107012.0,700062.0,528700.0,171362.0,0.2448,132047.0,API,1404.0
2022-08-01,양천구,2022,8,1404.0,1990.0,1222.0,377397.27965483867,371074.8929322581,4925.970122580646,1396.4166064516128,402239.04430967744,347565.3470419355,355985.5442483871,392691.3763903226,148462.4143548387,27493.022780645162,69163.47349354839,51805.91808064516,-36705.83214193548,0,7,2,34,4,0,130,0,0,49,0,0,0,10,978694.0,654517.0,324177.0,0.3312,107012.0,700062.0,528700.0,171362.0,0.2448,132047.0,API,1458.0
2022-09-01,양천구,2022,9,1458.0,2147.0,1248.0,370645.1306064516,364495.1898322581,4842.293164516129,1307.6476193548385,394778.1021870968,341083.32150645164,349478.5284258065,385764.13217096776,147147.47031612904,25997.777103225806,70121.59005483871,51028.103158064514,-36285.60374516129,0,7,2,34,4,0,130,0,0,49,0,0,0,10,978694.0,654517.0,324177.0,0.3312,107012.0,700062.0,528700.0,171362.0,0.2448,132047.0,API,1256.0
2022-10-01,양천구,2022,10,1256.0,1938.0,1110.0,364838.2743733333,359127.31407,4708.672390000001,1002.2879200000001,391832.87813,330398.80350000004,340826.16918666667,381989.77807999996,145249.99714333334,26532.45705,68050.32016333334,50667.21993,-41163.60889333333,0,7,2,34,4,0,130,0,0,49,0,0,0,10,978694.0,654517.0,324177.0,0.3312,107012.0,700062.0,528700.0,171362.0,0.2448,132047.0,API,1301.0
2022-11-01,양천구,2022,11,1301.0,1944.0,1083.0,365060.0361516129,359311.0182967742,4651.701809677419,1097.3160677419355,391783.4334612903,330420.32620967744,341084.3076225806,382185.55653548386,141645.91928387096,25027.84056451613,65711.11372580646,50906.96499354838,-41101.248912903226,0,7,2,34,4,0,130,0,0,49,0,0,0,10,978694.0,654517.0,324177.0,0.3312,107012.0,700062.0,528700.0,171362.0,0.2448,132047.0,API,1333.0
2022-12-01,양천구,2022,12,1333.0,2110.0,1121.0,365274.37409999996,359722.2363733333,4626.53415,925.6035800000001,391625.78639333334,330259.02350333333,340648.92764,382863.9787166667,150221.31127333333,26049.500466666665,71552.50365666667,52619.30715,-42215.05107666667,0,7,2,34,4,0,130,0,0,49,0,0,0,10,978694.0,654517.0,324177.0,0.3312,107012.0,700062.0,528700.0,171362.0,0.2448,132047.0,API,1338.0
2023-01-01,양천구,2023,1,1338.0,2051.0,1177.0,370623.3276,364716.77519354835,4649.929045161291,1256.6233806451614,394767.9569548387,339802.9519870968,348765.4178548387,386236.120283871,146987.21532258063,26400.554825806452,68382.74557419356,52203.91492258064,-37470.70242903226,1,18,11,215,11,2,157,0,0,75,0,0,0,14,917379.0,611941.0,305438.0,0.3329,110654.0,646409.0,462711.0,183698.0,0.2842,140630.0,API,1249.0
2023-02-01,양천구,2023,2,1249.0,2243.0,1219.0,374270.0954741935,367974.0847741936,4901.75734516129,1394.2533419354838,396010.064916129,347102.49428387097,355295.13015806454,387823.64211935486,148320.36006129032,28516.631825806453,67302.12095806452,52501.60727741936,-32528.511961290318,1,18,11,215,11,2,157,0,0,75,0,0,0,14,917379.0,611941.0,305438.0,0.3329,110654.0,646409.0,462711.0,183698.0,0.2842,140630.0,API,1055.0
2023-03-01,양천구,2023,3,1055.0,2985.0,1347.0,373180.6120535714,367419.62548928574,4872.191625,888.794925,397142.15413214284,342360.29560357146,351375.53768571425,388755.6651785714,144731.52098214286,26583.407907142857,65448.70816428571,52699.404910714286,-37380.127492857144,1,18,11,215,11,2,157,0,0,75,0,0,0,14,917379.0,611941.0,305438.0,0.3329,110654.0,646409.0,462711.0,183698.0,0.2842,140630.0,API,1129.0
2023-04-01,양천구,2023,4,1129.0,2252.0,1254.0,368259.10909999994,362916.76248709677,4594.217716129032,748.1288967741935,393470.2661870968,333857.08326774195,344375.64813870966,385318.72407096776,136994.35806129032,24989.529032258066,61943.63016129032,50061.198867741936,-40943.07593225806,1,18,11,215,11,2,157,0,0,75,0,0,0,14,917379.0,611941.0,305438.0,0.3329,110654.0,646409.0,462711.0,183698.0,0.2842,140630.0,API,1213.0
2023-05-01,양천구,2023,5,1213.0,2180.0,1285.0,365292.65940999996,359869.22984333336,4544.221793333333,879.2077866666666,390719.30698666663,331381.8353266667,341665.8238933334,382168.97049000004,145383.67884333333,26853.85698,66543.85827333333,51985.96359000001,-40503.146596666666,1,18,11,215,11,2,157,0,0,75,0,0,0,14,917379.0,611941.0,305438.0,0.3329,110654.0,646409.0,462711.0,183698.0,0.2842,140630.0,API,1289.0
2023-06-01,양천구,2023,6,1289.0,2041.0,1196.0,362673.06049999996,357327.3857290322,4587.822132258065,757.8526451612903,389594.2008548387,327531.77796774195,338351.40342903225,380045.67270000005,146260.9814548387,26326.3867,67023.89573225807,52910.699022580644,-41694.26927096774,1,18,11,215,11,2,157,0,0,75,0,0,0,14,917379.0,611941.0,305438.0,0.3329,110654.0,646409.0,462711.0,183698.0,0.2842,140630.0,API,1243.0
2023-07-01,양천구,2023,7,1243.0,2372.0,1404.0,369972.64908666664,364481.42282,4650.5478299999995,840.6784366666667,395283.74860333337,337289.54054666666,347067.93943666667,386333.15597666666,149736.28790666666,26911.336623333333,67750.36786666667,55074.58341666667,-39265.21654000001,1,18,11,215,11,2,157,0,0,75,0,0,0,14,917379.0,611941.0,305438.0,0.3329,110654.0,646409.0,462711.0,183698.0,0.2842,140630.0,API,1441.0
2023-08-01,양천구,2023,8,1441.0,2588.0,1458.0,369773.92016774195,363938.07653225807,4849.050958064517,986.7926580645161,394306.6455483871,339412.0087935484,348043.91227419354,385295.3543451613,143503.51205483873,27250.995045161293,64637.776277419354,51614.74073225806,-37251.44207096774,1,18,11,215,11,2,157,0,0,75,0,0,0,14,917379.0,611941.0,305438.0,0.3329,110654.0,646409.0,462711.0,183698.0,0.2842,140630.0,API,1429.0
2023-09-01,양천구,2023,9,1429.0,2219.0,1256.0,367094.0297387097,361410.09390000004,4927.320396774193,756.6154387096774,390537.8538774194,336759.3245290323,345600.75447741937,382446.369216129,142391.59926774193,25911.49889354839,65466.93364516129,51013.16672903226,-36845.61473870968,1,18,11,215,11,2,157,0,0,75,0,0,0,14,917379.0,611941.0,305438.0,0.3329,110654.0,646409.0,462711.0,183698.0,0.2842,140630.0,API,1292.0
2023-10-01,양천구,2023,10,1292.0,2163.0,1301.0,368663.35643,363184.18263,4731.725513333334,747.44829,393844.1948366667,336628.31518,346588.74928,384430.93297333334,144764.16939,27587.44295,65356.31741,51820.409029999995,-37842.18369333334,1,18,11,215,11,2,157,0,0,75,0,0,0,14,917379.0,611941.0,305438.0,0.3329,110654.0,646409.0,462711.0,183698.0,0.2842,140630.0,API,1281.0
2023-11-01,양천구,2023,11,1281.0,2236.0,1333.0,366158.15760322585,360714.26483870967,4696.842570967742,747.0501838709678,391587.8845258064,332370.11322580645,342829.6320096774,382821.39017096773,140302.89707419355,25558.974887096774,64454.26070645161,50289.66148064516,-39991.75816129032,1,18,11,215,11,2,157,0,0,75,0,0,0,14,917379.0,611941.0,305438.0,0.3329,110654.0,646409.0,462711.0,183698.0,0.2842,140630.0,API,1172.0
2023-12-01,양천구,2023,12,1172.0,2358.0,1338.0,368465.9797366667,362961.2000333333,4762.322096666667,742.4576199999999,396043.7599633334,333598.1069566666,343671.5404733333,386176.29349666665,146035.41138333332,28090.049703333334,65958.95975333333,51986.401926666666,-42504.75302333334,1,18,11,215,11,2,157,0,0,75,0,0,0,14,917379.0,611941.0,305438.0,0.3329,110654.0,646409.0,462711.0,183698.0,0.2842,140630.0,API,1281.0
2024-01-01,양천구,2024,1,1281.0,2180.0,1249.0,374871.5879516129,368686.96128064516,5362.316751612903,822.3099290322581,401479.22758387093,343810.58507419354,352793.78753870964,390641.445383871,143127.3926451613,29793.45460967742,63367.8683516129,49966.06968387097,-37847.6578451613,0,21,6,225,3,0,209,0,0,27,0,0,0,2,895627.0,622163.0,273464.0,0.3053,121234.0,713403.0,508489.0,204914.0,0.2872,147188.0,API,1216.0
2024-02-01,양천구,2024,2,1216.0,1834.0,1055.0,375936.55390967743,369900.3346903226,5279.996922580645,756.2223032258065,403197.1942129032,345397.47250000003,354626.9465387097,391157.70204193547,140571.52987741935,28810.980061290324,62400.36045806452,49360.18935806451,-36530.7555032258,0,21,6,225,3,0,209,0,0,27,0,0,0,2,895627.0,622163.0,273464.0,0.3053,121234.0,713403.0,508489.0,204914.0,0.2872,147188.0,API,1041.0
2024-03-01,양천구,2024,3,1041.0,1996.0,1129.0,376244.70920344826,369895.44826206897,5395.368968965517,953.8919689655172,402641.5662413793,345502.5533034483,354599.8947827586,391705.2909275862,143919.59036206896,28913.392137931034,63978.78483448276,51027.41338965517,-37105.39614482759,0,21,6,225,3,0,209,0,0,27,0,0,0,2,895627.0,622163.0,273464.0,0.3053,121234.0,713403.0,508489.0,204914.0,0.2872,147188.0,API,1022.0
2024-04-01,양천구,2024,4,1022.0,2108.0,1213.0,373690.7011419355,368188.6136290323,4831.445180645161,670.642335483871,402315.28802903224,338990.01868064515,349225.47783870966,391165.86065483873,137557.26387741938,26271.899574193547,62454.57799677419,48830.78630645161,-41940.38281612904,0,21,6,225,3,0,209,0,0,27,0,0,0,2,895627.0,622163.0,273464.0,0.3053,121234.0,713403.0,508489.0,204914.0,0.2872,147188.0,API,1013.0
2024-05-01,양천구,2024,5,1013.0,2290.0,1289.0,367415.90379,361850.15997000004,4844.057866666667,721.6859533333334,396404.81196666666,331396.84276666667,341876.44901333336,385658.37149666663,147116.15475666666,25905.37846666667,69591.21344666666,51619.56284333333,-43781.92248333334,0,21,6,225,3,0,209,0,0,27,0,0,0,2,895627.0,622163.0,273464.0,0.3053,121234.0,713403.0,508489.0,204914.0,0.2872,147188.0,API,1066.0
2024-06-01,양천구,2024,6,1066.0,2162.0,1243.0,363131.8965419355,357631.307016129,4804.576835483871,696.0126967741935,391304.41507096775,326805.1815548387,337885.6031903226,381164.9632258064,146322.5055483871,24959.61648064516,70886.51617741935,50476.37289032258,-43279.36003548387,0,21,6,225,3,0,209,0,0,27,0,0,0,2,895627.0,622163.0,273464.0,0.3053,121234.0,713403.0,508489.0,204914.0,0.2872,147188.0,API,1160.0
2024-07-01,양천구,2024,7,1160.0,2437.0,1441.0,367208.2518433333,361538.7256233333,4925.160396666667,744.3658366666666,392848.0322,334879.59858999995,344507.9909533333,383422.72391666664,151221.76744,26646.746276666665,72716.01727,51859.003893333334,-38914.73296333333,0,21,6,225,3,0,209,0,0,27,0,0,0,2,895627.0,622163.0,273464.0,0.3053,121234.0,713403.0,508489.0,204914.0,0.2872,147188.0,API,1293.0
2024-08-01,양천구,2024,8,1293.0,2555.0,1429.0,367944.29208064516,362016.7259548387,5083.952690322581,843.6134451612903,393145.0780967742,336082.87852258066,345356.00653225806,384078.78174838715,149170.56248387098,27221.736183870966,70346.71490645161,51602.11139354839,-38722.775216129034,0,21,6,225,3,0,209,0,0,27,0,0,0,2,895627.0,622163.0,273464.0,0.3053,121234.0,713403.0,508489.0,204914.0,0.2872,147188.0,API,1236.0
2024-09-01,양천구,2024,9,1236.0,2240.0,1292.0,368856.3564612903,362979.515383871,5192.311500000001,684.5295838709677,393559.72272258066,338932.36796129035,347691.1570322581,383974.35604516126,151035.14183225806,27497.861203225806,71121.46642258065,52415.814206451614,-36283.19901290323,0,21,6,225,3,0,209,0,0,27,0,0,0,2,895627.0,622163.0,273464.0,0.3053,121234.0,713403.0,508489.0,204914.0,0.2872,147188.0,API,1030.0
2024-10-01,양천구,2024,10,1030.0,2156.0,1281.0,364694.10175333335,359054.4157333333,4947.92079,691.7651999999999,389607.9105033333,333449.6072166666,343162.36967,380073.9103766667,150389.02969666666,27231.67772666667,70934.46647333333,52222.88549666667,-36911.54070666666,0,21,6,225,3,0,209,0,0,27,0,0,0,2,895627.0,622163.0,273464.0,0.3053,121234.0,713403.0,508489.0,204914.0,0.2872,147188.0,API,1044.0
2024-11-01,양천구,2024,11,1044.0,1937.0,1172.0,364387.4296419355,358889.3592645161,4838.36015483871,659.7102225806451,390514.4477677419,329754.85513548384,340631.93716774194,381355.6385645161,145953.76806129032,25566.297006451612,68676.82598064515,51710.64507419355,-40723.70139677419,0,21,6,225,3,0,209,0,0,27,0,0,0,2,895627.0,622163.0,273464.0,0.3053,121234.0,713403.0,508489.0,204914.0,0.2872,147188.0,API,927.0
2024-12-01,양천구,2024,12,927.0,2193.0,1281.0,363992.24037,358487.75763666665,4854.789543333333,649.6932099999999,391407.9991033333,329256.2339666666,339641.4517333333,381385.66084333335,150087.53292666667,27726.62369666667,68521.23295666667,53839.67627333334,-41744.20911,0,21,6,225,3,0,209,0,0,27,0,0,0,2,895627.0,622163.0,273464.0,0.3053,121234.0,713403.0,508489.0,204914.0,0.2872,147188.0,API,1125.0
2025-01-01,양천구,2025,1,1125.0,2018.0,1216.0,366195.7926096774,360524.4565322581,4873.002438709677,798.3336258064517,392056.9535741935,334172.6912322581,344525.8888967742,381674.29526129033,145172.8960387097,27855.206196774194,65314.73761290322,52002.95222903226,-37148.40636451613,0,27,0,53,1,0,209,11,27,33,12,27,0,50,886194.0,616283.0,269911.0,0.3046,116161.0,744100.0,533157.0,210943.0,0.2835,137453.0,API,1074.0
2025-02-01,양천구,2025,2,1074.0,1716.0,1041.0,369331.474016129,363219.9695064516,5161.430012903226,950.0744870967742,390688.5236,342397.12735161296,350843.3171935484,382537.3003032258,145812.91886774192,28255.22417096774,65639.11897741936,51918.57571935484,-31693.98310967742,0,27,0,53,1,0,209,11,27,33,12,27,0,50,886194.0,616283.0,269911.0,0.3046,116161.0,744100.0,533157.0,210943.0,0.2835,137453.0,API,861.0
2025-03-01,양천구,2025,3,861.0,1820.0,1022.0,370468.1652857143,364471.18760357145,5241.286339285713,755.6913392857142,392908.117575,340804.5614535714,349677.33607857145,385318.7575678571,146725.23528214285,25517.718342857144,67583.03981785713,53624.47712142857,-35641.42148928572,0,27,0,53,1,0,209,11,27,33,12,27,0,50,886194.0,616283.0,269911.0,0.3046,116161.0,744100.0,533157.0,210943.0,0.2835,137453.0,API,989.0
2025-04-01,양천구,2025,4,989.0,1878.0,1013.0,365846.3026935484,360363.4710161291,4863.198983870968,619.6326870967742,390103.5864354839,333347.61901290325,343185.7167064516,382032.43552903226,143319.73031612902,24581.504667741934,66662.84759032258,52075.37805806452,-38846.71882258065,0,27,0,53,1,0,209,11,27,33,12,27,0,50,886194.0,616283.0,269911.0,0.3046,116161.0,744100.0,533157.0,210943.0,0.2835,137453.0,API,993.0
2025-05-01,양천구,2025,5,993.0,1952.0,1066.0,361828.22898666665,356510.75606,4683.65819,633.8147333333333,387647.90424999996,327366.54735,337706.77424666664,379057.8395066667,154446.45297333333,25013.349416666668,72939.78715,56493.316406666665,-41351.06525999999,0,27,0,53,1,0,209,11,27,33,12,27,0,50,886194.0,616283.0,269911.0,0.3046,116161.0,744100.0,533157.0,210943.0,0.2835,137453.0,API,1089.0
2025-06-01,양천구,2025,6,1089.0,2096.0,1160.0,357488.2993903226,352074.1384741936,4670.835351612904,743.325564516129,384013.95413548383,323010.5398967742,333674.9952935484,374497.80231935484,143697.01391612904,25055.97171935484,67188.94091290323,51452.101283870965,-40822.807025806454,0,27,0,53,1,0,209,11,27,33,12,27,0,50,886194.0,616283.0,269911.0,0.3046,116161.0,744100.0,533157.0,210943.0,0.2835,137453.0,API,1013.0
2025-07-01,양천구,2025,7,1013.0,2313.0,1293.0,364034.82746,358545.84524,4713.428669999999,775.5535533333333,388646.0283,332350.62131,341814.20337999996,379906.70180999994,151702.55369333332,25192.555246666667,72132.66201,54377.336436666665,-38092.49843,0,27,0,53,1,0,209,11,27,33,12,27,0,50,886194.0,616283.0,269911.0,0.3046,116161.0,744100.0,533157.0,210943.0,0.2835,137453.0,API,1178.0
2025-08-01,양천구,2025,8,1178.0,2395.0,1236.0,363577.46037419356,357869.9130258064,4954.329867741935,753.2174741935484,388417.6956612903,332395.673416129,341365.24582903227,379443.3279129032,150860.54784193548,26090.759703225805,70362.5193451613,54407.26879354839,-38078.08208387097,0,27,0,53,1,0,209,11,27,33,12,27,0,50,886194.0,616283.0,269911.0,0.3046,116161.0,744100.0,533157.0,210943.0,0.2835,137453.0,API,1207.0
2025-09-01,양천구,2025,9,1207.0,1928.0,1030.0,362684.39334193553,356969.73893225804,4992.28935483871,722.3650612903226,385082.44700000004,334170.1913419355,342756.96163548384,376918.2731290323,151171.14724193548,25410.36453548387,70921.20947419354,54839.57323225806,-34161.31149354838,0,27,0,53,1,0,209,11,27,33,12,27,0,50,886194.0,616283.0,269911.0,0.3046,116161.0,744100.0,533157.0,210943.0,0.2835,137453.0,API,1177.0
2025-10-01,양천구,2025,10,1177.0,1908.0,1044.0,361729.3224633334,356118.8696166667,4806.628206666666,803.82465,386180.4522333333,329264.35731,338937.57865333336,378009.13945666666,154549.19062333333,25644.18199333333,72321.72471666666,56583.28391333333,-39071.56080333333,0,27,0,53,1,0,209,11,27,33,12,27,0,50,886194.0,616283.0,269911.0,0.3046,116161.0,744100.0,533157.0,210943.0,0.2835,137453.0,API,1169.0
2025-11-01,양천구,2025,11,1169.0,1723.0,927.0,356201.3753387097,350119.9771354838,4788.717683870967,1292.680512903226,380138.3253,324431.20586451615,334731.8512064516,371536.7497258064,148061.13613225805,27023.00303548387,67590.8947967742,53447.238300000005,-36804.89851935484,0,27,0,53,1,0,209,11,27,33,12,27,0,50,886194.0,616283.0,269911.0,0.3046,116161.0,744100.0,533157.0,210943.0,0.2835,137453.0,API,1210.0
2025-12-01,양천구,2025,12,1210.0,2038.0,1125.0,361787.25904,355738.56612333335,4811.40929,1237.2836300000001,387102.34486333333,328742.13059666666,338727.3132533334,378258.64889666665,148902.56506,25814.263903333333,68933.71374,54154.58741666667,-39531.33564333334,0,27,0,53,1,0,209,11,27,33,12,27,0,50,886194.0,616283.0,269911.0,0.3046,116161.0,744100.0,533157.0,210943.0,0.2835,137453.0,API,1212.0
2017-01-01,영등포구,2017,1,,,,,,,,,,,,,,,,,6,104,9,180,0,329,511,0,0,290,0,0,0,66,,,,,,,,,,,API,1230.0
2017-02-01,영등포구,2017,2,1230.0,,,,,,,,,,,,,,,,6,104,9,180,0,329,511,0,0,290,0,0,0,66,,,,,,,,,,,API,1010.0
2017-03-01,영등포구,2017,3,1010.0,,,,,,,,,,,,,,,,6,104,9,180,0,329,511,0,0,290,0,0,0,66,,,,,,,,,,,API,1133.0
2017-04-01,영등포구,2017,4,1133.0,,,,,,,,,,,,,,,,6,104,9,180,0,329,511,0,0,290,0,0,0,66,,,,,,,,,,,API,1215.0
2017-05-01,영등포구,2017,5,1215.0,,,,,,,,,,,,,,,,6,104,9,180,0,329,511,0,0,290,0,0,0,66,,,,,,,,,,,API,1291.0
2017-06-01,영등포구,2017,6,1291.0,,,,,,,,,,,,,,,,6,104,9,180,0,329,511,0,0,290,0,0,0,66,,,,,,,,,,,API,1219.0
2017-07-01,영등포구,2017,7,1219.0,,,,,,,,,,,,,,,,6,104,9,180,0,329,511,0,0,290,0,0,0,66,,,,,,,,,,,API,1379.0
2017-08-01,영등포구,2017,8,1379.0,,,,,,,,,,,,,,,,6,104,9,180,0,329,511,0,0,290,0,0,0,66,,,,,,,,,,,API,1282.0
2017-09-01,영등포구,2017,9,1282.0,,,,,,,,,,,,,,,,6,104,9,180,0,329,511,0,0,290,0,0,0,66,,,,,,,,,,,API,1312.0
2017-10-01,영등포구,2017,10,1312.0,,,,,,,,,,,,,,,,6,104,9,180,0,329,511,0,0,290,0,0,0,66,,,,,,,,,,,API,1255.0
2017-11-01,영등포구,2017,11,1255.0,,,,,,,,,,,,,,,,6,104,9,180,0,329,511,0,0,290,0,0,0,66,,,,,,,,,,,API,1182.0
2017-12-01,영등포구,2017,12,1182.0,,,,,,,,,,,,,,,,6,104,9,180,0,329,511,0,0,290,0,0,0,66,,,,,,,,,,,API,1399.0
2018-01-01,영등포구,2018,1,1399.0,2063.0,1230.0,,,,,,,,,,,,,,0,186,13,341,0,274,376,0,0,327,0,0,0,134,,,,,,,,,,,API,1378.0
2018-02-01,영등포구,2018,2,1378.0,1699.0,1010.0,,,,,,,,,,,,,,0,186,13,341,0,274,376,0,0,327,0,0,0,134,,,,,,,,,,,API,1120.0
2018-03-01,영등포구,2018,3,1120.0,1985.0,1133.0,,,,,,,,,,,,,,0,186,13,341,0,274,376,0,0,327,0,0,0,134,,,,,,,,,,,API,1198.0
2018-04-01,영등포구,2018,4,1198.0,2151.0,1215.0,,,,,,,,,,,,,,0,186,13,341,0,274,376,0,0,327,0,0,0,134,,,,,,,,,,,API,1259.0
2018-05-01,영등포구,2018,5,1259.0,2203.0,1291.0,538299.1544384615,494548.2290961538,36120.81291153846,7630.112434615385,607916.04705,469262.2317961538,593218.4590230769,499071.07974615385,386105.42694230773,102117.31151538462,101575.0963,182413.01912692309,94147.37927692308,0,186,13,341,0,274,376,0,0,327,0,0,0,134,,,,,,,,,,,API,1359.0
2018-06-01,영등포구,2018,6,1359.0,2189.0,1219.0,529869.5043193548,486041.8953483871,36210.786222580646,7616.822735483871,592221.5192419356,464066.49047741934,579917.6709193549,492845.9888258065,364742.10936129035,95563.90272903226,97135.95647096774,172042.2501612903,87071.6820935484,0,186,13,341,0,274,376,0,0,327,0,0,0,134,,,,,,,,,,,API,1271.0
2018-07-01,영등포구,2018,7,1271.0,2355.0,1379.0,527120.73425,485335.09109666664,36273.35400666667,5512.289153333333,588170.7940066666,463746.9078666667,576438.51887,491893.7452366667,344269.91074333334,91445.24098,89920.94164666667,162903.7281166667,84544.77363333333,0,186,13,341,0,274,376,0,0,327,0,0,0,134,,,,,,,,,,,API,1393.0
2018-08-01,영등포구,2018,8,1393.0,2302.0,1282.0,538093.4652483871,492169.1804,39015.658764516134,6908.626093548387,606646.747083871,467881.39117419353,593912.7342516129,498222.55883225804,355404.2713903226,96944.60567419355,88033.28141612903,170426.3843,95690.17541935484,0,186,13,341,0,274,376,0,0,327,0,0,0,134,,,,,,,,,,,API,1496.0
2018-09-01,영등포구,2018,9,1496.0,2276.0,1312.0,531179.5706677419,485021.4396096774,39250.08169032258,6908.049370967742,597773.7319354839,463379.663583871,584968.8313193548,491609.59940645157,363884.4004129033,95402.72866451612,95459.45886129033,173022.21288709677,93359.23191290321,0,186,13,341,0,274,376,0,0,327,0,0,0,134,,,,,,,,,,,API,1254.0
2018-10-01,영등포구,2018,10,1254.0,2224.0,1255.0,517515.10451,473026.5631333333,37791.37742333333,6697.163963333333,577989.93251,456360.12224,564586.2019100001,483892.8921033333,340897.98233333335,90825.97331666667,91280.73481000001,158791.27420666668,80693.30980666666,0,186,13,341,0,274,376,0,0,327,0,0,0,134,,,,,,,,,,,API,1232.0
2018-11-01,영등포구,2018,11,1232.0,2066.0,1182.0,530244.8080903227,485982.51453548385,36418.1018483871,7844.191712903226,599089.4752612903,463531.79635483876,582815.5156258064,491566.11011612904,356330.7638677419,97318.28466451613,90127.17927419355,168885.29992903225,91249.4055096774,0,186,13,341,0,274,376,0,0,327,0,0,0,134,,,,,,,,,,,API,1210.0
2018-12-01,영등포구,2018,12,1210.0,2419.0,1399.0,542113.2742633333,497633.94521333335,35885.15942,8594.169636666667,615679.4289200001,465246.5433833333,599280.55893,501279.49949666666,381729.49514,105245.19619333332,92795.13010666666,183689.16884,98001.05943333334,0,186,13,341,0,274,376,0,0,327,0,0,0,134,,,,,,,,,,,API,1326.0
2019-01-01,영등포구,2019,1,1326.0,2352.0,1378.0,532616.9875387097,486376.04047741933,38160.83649354839,8080.110583870967,601379.0727129031,466270.3896935484,586619.5816709677,494043.70601935487,351304.6396419355,97017.1979967742,87954.29326774193,166333.14837741936,92575.8756516129,0,102,8,305,0,364,511,0,0,292,0,0,0,72,,,,,,,,,,,API,1165.0
2019-02-01,영등포구,2019,2,1165.0,1980.0,1120.0,535128.1031419354,486648.80578064517,40731.44123548387,7747.85614516129,603436.0641032258,468620.47615483875,590834.3074580645,495337.9572225807,371493.85886451614,100693.65479032259,95029.17950322581,175771.02457096774,95496.35023548389,0,102,8,305,0,364,511,0,0,292,0,0,0,72,,,,,,,,,,,API,1001.0
2019-03-01,영등포구,2019,3,1001.0,2130.0,1198.0,514923.289275,463268.73321785714,43622.711871428575,8031.8441892857145,576417.13815,455418.7786285714,562891.1202964286,480660.5528392857,347417.16505357146,94396.90925357143,93211.63434285714,159808.62145714284,82230.56745714285,0,102,8,305,0,364,511,0,0,292,0,0,0,72,,,,,,,,,,,API,1190.0
2019-04-01,영등포구,2019,4,1190.0,2165.0,1259.0,522289.40127096773,476122.18349677423,39058.01056129033,7109.207212903226,584106.0706612903,462812.71078387095,571982.2707129032,486794.49452258064,331199.87531290326,88884.15090645161,86395.68726129032,155920.03714516127,85187.77619032258,0,102,8,305,0,364,511,0,0,292,0,0,0,72,,,,,,,,,,,API,1230.0
2019-05-01,영등포구,2019,5,1230.0,2285.0,1359.0,520714.50210000004,475694.5957266667,37676.88008333334,7343.0262999999995,588213.0604200001,456700.5074633333,573499.13103,483011.1957166667,371618.25899666664,99669.06570666666,94723.12653666666,177226.06675333335,90487.93531333334,0,102,8,305,0,364,511,0,0,292,0,0,0,72,,,,,,,,,,,API,1291.0
2019-06-01,영등포구,2019,6,1291.0,2146.0,1271.0,498893.54051612905,455878.1501483871,36144.5045516129,6870.885841935485,557875.9353677419,440039.02399032254,546374.9043741935,464978.28062903223,330387.05122258066,88131.34168387097,86460.05971612904,155795.64982258066,81396.62374516128,0,102,8,305,0,364,511,0,0,292,0,0,0,72,,,,,,,,,,,API,1254.0
2019-07-01,영등포구,2019,7,1254.0,2358.0,1393.0,494780.92723,452252.4075,35783.338436666665,6745.1813133333335,552781.3249733333,437825.04611000005,541180.84733,461638.1271766667,316834.22913666663,84188.86104999999,84019.08895,148626.27913666665,79542.72015333334,0,102,8,305,0,364,511,0,0,292,0,0,0,72,,,,,,,,,,,API,1370.0
2019-08-01,영등포구,2019,8,1370.0,2526.0,1496.0,503127.0128387097,458408.01282580645,37795.2232032258,6923.776819354838,568507.4895193548,438271.26980645163,556843.2327580645,464758.2843354839,315299.88449354836,86499.0027,78665.2465483871,150135.63524516128,92084.94842258064,0,102,8,305,0,364,511,0,0,292,0,0,0,72,,,,,,,,,,,API,1312.0
2019-09-01,영등포구,2019,9,1312.0,2260.0,1254.0,521883.2496580645,475629.5685580645,39428.30536451613,6825.375741935484,584726.4635483872,460339.11547741934,571481.0674290323,486456.236967742,329061.4907903226,90004.6988548387,82894.14843225807,156162.6435032258,85024.83046129033,0,102,8,305,0,364,511,0,0,292,0,0,0,72,,,,,,,,,,,API,1281.0
2019-10-01,영등포구,2019,10,1281.0,2129.0,1232.0,512487.74346333335,468462.86036333337,37139.57413,6885.308973333334,572902.8319333333,452767.75339,560386.2616966667,478274.51614333334,337252.3959666667,92183.72952000001,86495.98875666667,158572.67768999998,82111.74555333334,0,102,8,305,0,364,511,0,0,292,0,0,0,72,,,,,,,,,,,API,1230.0
2019-11-01,영등포구,2019,11,1230.0,2049.0,1210.0,524711.2634064516,482927.2146741935,33845.926337096775,7938.12239516129,597516.5814032258,455425.61912903225,581076.896932258,484450.0966145161,364479.06554838707,100220.15293064517,89410.68694193549,174848.22567580646,96626.80031774192,0,102,8,305,0,364,511,0,0,292,0,0,0,72,,,,,,,,,,,API,1140.0
2019-12-01,영등포구,2019,12,1140.0,2296.0,1326.0,515035.30609333335,474041.07247333333,33185.27018666667,7808.963423333334,582397.9325333333,451736.18687333335,568254.8176433333,477021.36926999997,347498.77668333333,98182.00178333333,86128.87559333333,163187.89930666666,91233.44837333333,0,102,8,305,0,364,511,0,0,292,0,0,0,72,,,,,,,,,,,API,1237.0
2020-01-01,영등포구,2020,1,1237.0,2044.0,1165.0,517083.2096967742,475573.1198096774,34310.449574193546,7199.6403193548385,585752.3504806452,452317.72521612904,571051.8733193548,478534.1642548387,361600.9899064516,101401.71246129033,90279.22193870968,169920.05550645164,92517.70906451612,0,172,0,412,0,506,430,0,0,272,0,0,1,107,1001675.0,746195.0,255480.0,0.2551,,1673132.0,1241574.0,431558.0,0.2579,,API,1178.0
2020-02-01,영등포구,2020,2,1178.0,1808.0,1001.0,512952.41615483875,466569.37692903227,38088.43274516129,8294.606496774193,577077.5257935484,450126.6606451613,564751.0117419355,475953.41932903224,350542.2027451613,96964.51640967742,89984.77207741936,163592.91425806453,88797.59241290322,0,172,0,412,0,506,430,0,0,272,0,0,1,107,1001675.0,746195.0,255480.0,0.2551,,1673132.0,1241574.0,431558.0,0.2579,,API,889.0
2020-03-01,영등포구,2020,3,889.0,2046.0,1190.0,515475.0019172414,469596.3007862069,37423.849520689655,8454.851620689657,577236.7346344828,454901.2996862069,567324.6490689656,478439.5396724138,337341.7563862069,87951.85095517241,90134.67127241379,159255.23415862067,88885.10939655172,0,172,0,412,0,506,430,0,0,272,0,0,1,107,1001675.0,746195.0,255480.0,0.2551,,1673132.0,1241574.0,431558.0,0.2579,,API,781.0
2020-04-01,영등포구,2020,4,781.0,2174.0,1230.0,500914.71188709675,459198.9022129032,36232.445509677425,5483.364174193549,556295.2392612904,448252.49695161293,545882.0503741936,468795.18439999997,312260.4478935484,76534.43624516128,89868.57389032257,145857.43775806454,77086.86597419353,0,172,0,412,0,506,430,0,0,272,0,0,1,107,1001675.0,746195.0,255480.0,0.2551,,1673132.0,1241574.0,431558.0,0.2579,,API,898.0
2020-05-01,영등포구,2020,5,898.0,2339.0,1291.0,496452.40562000003,456637.97245999996,35579.65018333333,4234.782986666667,549797.1310766666,445191.77109999995,539603.0714266667,465630.50146,325458.6098133334,81259.47080333334,94442.81227666668,149756.32673333335,73972.56996666668,0,172,0,412,0,506,430,0,0,272,0,0,1,107,1001675.0,746195.0,255480.0,0.2551,,1673132.0,1241574.0,431558.0,0.2579,,API,977.0
2020-06-01,영등포구,2020,6,977.0,2146.0,1254.0,493737.5900677419,454377.04856774193,35418.15311290322,3942.3883967741936,547006.1592032259,441409.5402096774,536784.1516322581,462990.0461129032,320165.7003419355,82631.11499032257,90748.09942903226,146786.48592258064,73794.10551935484,0,172,0,412,0,506,430,0,0,272,0,0,1,107,1001675.0,746195.0,255480.0,0.2551,,1673132.0,1241574.0,431558.0,0.2579,,API,906.0
2020-07-01,영등포구,2020,7,906.0,2419.0,1370.0,499251.0152766667,459732.58584666665,34892.70493666667,4625.724516666667,555644.70921,442569.45794666663,545869.76388,465951.9091366667,333231.49598,86178.90727333333,92171.83847333332,154880.75023333335,79917.85474333333,0,172,0,412,0,506,430,0,0,272,0,0,1,107,1001675.0,746195.0,255480.0,0.2551,,1673132.0,1241574.0,431558.0,0.2579,,API,951.0
2020-08-01,영등포구,2020,8,951.0,2363.0,1312.0,506433.581216129,463592.1346483871,35863.101977419356,6978.344619354839,564075.8487419354,448074.3370032258,554208.9330903225,472308.3298935484,332315.06212258065,86742.81112903226,89627.4180419355,155944.8329516129,81900.60319677419,0,172,0,412,0,506,430,0,0,272,0,0,1,107,1001675.0,746195.0,255480.0,0.2551,,1673132.0,1241574.0,431558.0,0.2579,,API,877.0
2020-09-01,영등포구,2020,9,877.0,2291.0,1281.0,491890.0741935484,449599.7031129032,36229.121574193545,6061.249503225807,541370.4922838709,444470.01777741936,531777.6253193548,463398.96625161293,308249.09182903223,77718.63381290324,90231.9088483871,140298.54916774193,68378.65906774194,0,172,0,412,0,506,430,0,0,272,0,0,1,107,1001675.0,746195.0,255480.0,0.2551,,1673132.0,1241574.0,431558.0,0.2579,,API,826.0
2020-10-01,영등포구,2020,10,826.0,2282.0,1230.0,490906.3709766667,450815.28059333336,34805.664293333335,5285.426093333333,540639.3206533333,443414.8350533333,531141.4828466667,462167.00535,307637.9797533333,75937.95480333334,91581.11797666666,140118.90697333336,68974.47749666666,0,172,0,412,0,506,430,0,0,272,0,0,1,107,1001675.0,746195.0,255480.0,0.2551,,1673132.0,1241574.0,431558.0,0.2579,,API,919.0
2020-11-01,영등포구,2020,11,919.0,2102.0,1140.0,489826.0484032258,448746.69714516134,35097.49536129033,5981.8559,538909.2665903226,442928.26307419356,528947.5718064517,461882.1031225807,317923.2253741936,82412.71282903226,91978.17322580646,143532.33931935483,67065.46868387097,0,172,0,412,0,506,430,0,0,272,0,0,1,107,1001675.0,746195.0,255480.0,0.2551,,1673132.0,1241574.0,431558.0,0.2579,,API,912.0
2020-12-01,영등포구,2020,12,912.0,2153.0,1237.0,494480.4103733333,454649.37225333333,34345.31561333333,5485.722519999999,547190.0365333332,444487.05902,538153.8992366666,463285.0612066667,325330.68025000003,85159.97245,92016.16803,148154.53977,74868.83803,0,172,0,412,0,506,430,0,0,272,0,0,1,107,1001675.0,746195.0,255480.0,0.2551,,1673132.0,1241574.0,431558.0,0.2579,,API,804.0
2021-01-01,영등포구,2021,1,804.0,2059.0,1178.0,485802.84421935485,446077.10632258066,34312.305822580645,5413.4320677419355,534784.5552129032,441878.3051322581,525789.8883516128,457240.6698322581,292439.75599677424,72482.28014516129,87957.02907096775,132000.44678064517,68549.21851935484,3,43,2,235,0,422,308,0,0,166,0,0,0,20,939522.0,692646.0,246876.0,0.2628,,1554607.0,1161879.0,392728.0,0.2526,,API,849.0
2021-02-01,영등포구,2021,2,849.0,1637.0,889.0,489512.65634193545,448005.7200516129,36212.47027741935,5294.466019354839,538832.1948193548,444941.53292258066,529707.6769548387,460801.9273483871,295314.0714354839,75264.73962258064,86038.60638387097,134010.72542903226,68905.7496064516,3,43,2,235,0,422,308,0,0,166,0,0,0,20,939522.0,692646.0,246876.0,0.2628,,1554607.0,1161879.0,392728.0,0.2526,,API,760.0
2021-03-01,영등포구,2021,3,760.0,1572.0,781.0,497549.04495714285,452970.30723214283,36977.24288571429,7601.494839285714,551781.5793607143,447941.925925,540481.4388142857,466883.0493392857,313351.5725214286,82766.15132142858,85996.87123214286,144588.54996785714,73598.38947499999,3,43,2,235,0,422,308,0,0,166,0,0,0,20,939522.0,692646.0,246876.0,0.2628,,1554607.0,1161879.0,392728.0,0.2526,,API,837.0
2021-04-01,영등포구,2021,4,837.0,1747.0,898.0,509280.016532258,468097.0282967742,36097.91878387097,5085.069448387097,571803.137316129,452945.7471290323,558813.9970967742,473898.60185806453,332282.47409354843,88025.81098064515,89544.74780645162,154711.9153064516,84915.39523870968,3,43,2,235,0,422,308,0,0,166,0,0,0,20,939522.0,692646.0,246876.0,0.2628,,1554607.0,1161879.0,392728.0,0.2526,,API,919.0
2021-05-01,영등포구,2021,5,919.0,2049.0,977.0,505703.57269666664,465161.67165,35919.45504666667,4622.446006666667,565484.2104866666,450690.29258,553502.7548633333,471561.29971666663,350072.19440333336,90336.14199333334,98865.09023666667,160870.96217333333,81941.45514666667,3,43,2,235,0,422,308,0,0,166,0,0,0,20,939522.0,692646.0,246876.0,0.2628,,1554607.0,1161879.0,392728.0,0.2526,,API,1036.0
2021-06-01,영등포구,2021,6,1036.0,2042.0,906.0,498951.5647290323,457229.51905161294,36770.63664193548,4951.409038709678,554291.2595,448386.83838387096,541784.7919935484,468356.40240967745,327087.15119354834,85013.51663870968,96203.2734483871,145870.3611064516,73428.38958387096,3,43,2,235,0,422,308,0,0,166,0,0,0,20,939522.0,692646.0,246876.0,0.2628,,1554607.0,1161879.0,392728.0,0.2526,,API,1150.0
2021-07-01,영등포구,2021,7,1150.0,2140.0,951.0,506660.91311,464960.55315666663,37035.20648666667,4665.153466666667,565064.7649966667,451596.11700333335,553432.9092066666,473252.34446,342630.11333666666,90067.42803333333,97475.17229666667,155087.51300666668,80180.56474666667,3,43,2,235,0,422,308,0,0,166,0,0,0,20,939522.0,692646.0,246876.0,0.2628,,1554607.0,1161879.0,392728.0,0.2526,,API,1032.0
2021-08-01,영등포구,2021,8,1032.0,2165.0,877.0,496101.19902580645,453539.03377741936,37734.34142258065,4827.823829032258,545677.0558129032,449684.593216129,536148.8565451612,467495.72937741934,313113.33941935486,78758.35508709677,95310.93998709678,139044.04434516127,68653.12716774194,3,43,2,235,0,422,308,0,0,166,0,0,0,20,939522.0,692646.0,246876.0,0.2628,,1554607.0,1161879.0,392728.0,0.2526,,API,1078.0
2021-09-01,영등포구,2021,9,1078.0,1924.0,826.0,492847.65573225805,449769.83441935485,38931.719296774194,4146.102003225807,542469.6677935484,447551.14779354836,531767.7433387097,465047.5931516129,308321.32367741934,77533.69349032258,94209.45165806451,136578.17852903227,66720.15018709678,3,43,2,235,0,422,308,0,0,166,0,0,0,20,939522.0,692646.0,246876.0,0.2628,,1554607.0,1161879.0,392728.0,0.2526,,API,1127.0
2021-10-01,영등포구,2021,10,1127.0,1959.0,919.0,493454.7915966667,449171.5269733333,39615.74589333333,4667.518743333333,543235.0743733334,447439.6587533333,531489.5539766666,466287.10417999997,309832.34533999994,79768.34663333333,92587.97309333333,137476.02561333333,65202.44979666665,3,43,2,235,0,422,308,0,0,166,0,0,0,20,939522.0,692646.0,246876.0,0.2628,,1554607.0,1161879.0,392728.0,0.2526,,API,1076.0
2021-11-01,영등포구,2021,11,1076.0,1935.0,912.0,499240.1153483871,454817.85163548385,38946.12275483871,5476.140970967742,548775.8458,452715.3227935484,537714.8755225807,471758.14380645164,312618.2697225807,80847.48576451612,92894.57420322581,138876.2097548387,65956.73171612903,3,43,2,235,0,422,308,0,0,166,0,0,0,20,939522.0,692646.0,246876.0,0.2628,,1554607.0,1161879.0,392728.0,0.2526,,API,1051.0
2021-12-01,영등포구,2021,12,1051.0,1784.0,804.0,512850.5528333334,466980.64261333336,38879.388249999996,6990.521989999999,570656.9223033334,458475.0084933333,559469.8166933333,479551.07866666664,341613.68022000004,91871.93478,94364.89029,155376.85515000002,79918.73802666667,3,43,2,235,0,422,308,0,0,166,0,0,0,20,939522.0,692646.0,246876.0,0.2628,,1554607.0,1161879.0,392728.0,0.2526,,API,961.0
2022-01-01,영등포구,2022,1,961.0,1850.0,849.0,511870.1577548387,467473.10716129036,39307.30668064516,5089.74390967742,570246.5847,458883.45113225805,558907.8546096773,478271.80287741934,328404.75481612905,86578.31686129032,91702.06753870969,150124.37041612904,80636.05173225807,0,44,2,127,0,693,337,0,0,172,0,0,0,29,1008644.0,740027.0,268617.0,0.2663,105341.0,1558273.0,1164696.0,393577.0,0.2526,179164.0,API,1040.0
2022-02-01,영등포구,2022,2,1040.0,1693.0,760.0,508979.77703548386,462799.87062903226,41378.239535483866,4801.666870967742,566567.0899322581,457570.7680096774,554575.2982225806,476411.5476225806,327069.78286451614,87376.90529677419,92813.60437096775,146879.27319677421,78163.7506,0,44,2,127,0,693,337,0,0,172,0,0,0,29,1008644.0,740027.0,268617.0,0.2663,105341.0,1558273.0,1164696.0,393577.0,0.2526,179164.0,API,1004.0
2022-03-01,영등포구,2022,3,1004.0,1993.0,837.0,507565.57156428567,461518.5467642857,41112.04469642857,4934.980103571428,561155.6873250001,459799.24997142854,549551.0522571428,477575.9425107143,316462.92586428573,81797.66932142856,94021.91443571428,140643.34210714285,71975.10974642857,0,44,2,127,0,693,337,0,0,172,0,0,0,29,1008644.0,740027.0,268617.0,0.2663,105341.0,1558273.0,1164696.0,393577.0,0.2526,179164.0,API,1175.0
2022-04-01,영등포구,2022,4,1175.0,2053.0,919.0,506837.5943064516,463129.0917419355,39863.21163548387,3845.290922580645,557575.5046096775,460768.8726903226,546672.6940129033,478383.9516419355,303644.54141612904,77147.15988064517,90949.28007419355,135548.10146129032,68288.74237096775,0,44,2,127,0,693,337,0,0,172,0,0,0,29,1008644.0,740027.0,268617.0,0.2663,105341.0,1558273.0,1164696.0,393577.0,0.2526,179164.0,API,1191.0
2022-05-01,영등포구,2022,5,1191.0,2249.0,1036.0,514705.2966366667,470440.38215333334,39170.255886666666,5094.658613333333,578365.1635066667,456719.7991033333,562720.2083533333,480408.93113000004,348890.4704833333,93796.6139,96791.91960666668,158301.93697666665,82311.27722333332,0,44,2,127,0,693,337,0,0,172,0,0,0,29,1008644.0,740027.0,268617.0,0.2663,105341.0,1558273.0,1164696.0,393577.0,0.2526,179164.0,API,1248.0
2022-06-01,영등포구,2022,6,1248.0,2511.0,1150.0,522174.68831935484,476960.439632258,39421.552809677414,5792.6958774193545,583472.1767677419,463274.0151967742,569571.3804225806,488319.9082580645,348321.53402580647,96132.4202451613,94475.93155806452,157713.18222258065,81251.47216451613,0,44,2,127,0,693,337,0,0,172,0,0,0,29,1008644.0,740027.0,268617.0,0.2663,105341.0,1558273.0,1164696.0,393577.0,0.2526,179164.0,API,1159.0
2022-07-01,영등포구,2022,7,1159.0,2365.0,1032.0,526967.1161333334,480431.16795,40171.32419,6364.624003333333,589957.1509333333,468644.88076666667,575055.74067,492618.0985966667,346746.72744,94492.55571333334,95199.52655666666,157054.64517,82437.64207333332,0,44,2,127,0,693,337,0,0,172,0,0,0,29,1008644.0,740027.0,268617.0,0.2663,105341.0,1558273.0,1164696.0,393577.0,0.2526,179164.0,API,1259.0
2022-08-01,영등포구,2022,8,1259.0,2237.0,1078.0,520533.22443225805,472876.39496451616,40381.68299677419,7275.146470967742,583719.9270903225,460581.79923548386,569548.6501677419,485522.20605806453,336190.3640419355,93038.81345483872,90751.88153548387,152399.6690516129,84026.44410967742,0,44,2,127,0,693,337,0,0,172,0,0,0,29,1008644.0,740027.0,268617.0,0.2663,105341.0,1558273.0,1164696.0,393577.0,0.2526,179164.0,API,1252.0
2022-09-01,영등포구,2022,9,1252.0,2509.0,1127.0,516422.6870387097,468018.9386935484,40998.073832258066,7405.674503225806,579365.8961096774,457343.0858419355,565178.7456580646,481596.93087096774,336206.3906516129,92371.23072580645,91120.03543548386,152715.12449032257,83581.81478709678,0,44,2,127,0,693,337,0,0,172,0,0,0,29,1008644.0,740027.0,268617.0,0.2663,105341.0,1558273.0,1164696.0,393577.0,0.2526,179164.0,API,1173.0
2022-10-01,영등포구,2022,10,1173.0,2347.0,1076.0,510974.97646,464257.38315999997,40206.41208,6511.181223333333,569572.65782,453963.7335833333,556325.3589333333,478581.84613,332505.73617000005,92433.90039000001,89640.38874666666,150431.44703333333,77743.51280333333,0,44,2,127,0,693,337,0,0,172,0,0,0,29,1008644.0,740027.0,268617.0,0.2663,105341.0,1558273.0,1164696.0,393577.0,0.2526,179164.0,API,1161.0
2022-11-01,영등포구,2022,11,1161.0,2541.0,1051.0,515777.2601677419,467122.2744774193,39688.50589677419,8966.479796774194,579571.0225580644,461346.71578709676,559459.0463387098,484575.98433225806,332646.3961419355,94361.76665483872,90320.25922580644,147964.3702612903,74883.06200645163,0,44,2,127,0,693,337,0,0,172,0,0,0,29,1008644.0,740027.0,268617.0,0.2663,105341.0,1558273.0,1164696.0,393577.0,0.2526,179164.0,API,1138.0
2022-12-01,영등포구,2022,12,1138.0,2322.0,961.0,518725.18284666666,471995.9807666667,38590.928686666666,8138.273396666667,584162.8868033333,459707.08662333334,569565.3739066666,482410.76066333335,349366.04397,98834.50243333333,92482.64492333333,158048.89661333335,87154.61324333334,0,44,2,127,0,693,337,0,0,172,0,0,0,29,1008644.0,740027.0,268617.0,0.2663,105341.0,1558273.0,1164696.0,393577.0,0.2526,179164.0,API,1314.0
2023-01-01,영등포구,2023,1,1314.0,2215.0,1040.0,521397.2218354839,472808.9424225806,39905.24847741936,8683.030938709677,590919.843,457801.78546774195,574466.4105387097,483490.6584677419,341735.1102354839,97154.80907419356,90041.06815806452,154539.23300322582,90975.75207096773,3,38,45,410,32,291,453,0,0,256,0,0,0,27,924624.0,668959.0,255665.0,0.2765,108456.0,1488567.0,1112680.0,375887.0,0.2525,182457.0,API,1122.0
2023-02-01,영등포구,2023,2,1122.0,2275.0,1004.0,517168.8441935484,465810.66033548384,43267.81884516129,8090.365019354839,579636.2755548387,459427.3846096774,565951.8984903225,482323.80540645163,323626.49526129034,93148.87573225806,83997.94502258065,146479.6745064516,83628.09308387096,3,38,45,410,32,291,453,0,0,256,0,0,0,27,924624.0,668959.0,255665.0,0.2765,108456.0,1488567.0,1112680.0,375887.0,0.2525,182457.0,API,1068.0
2023-03-01,영등포구,2023,3,1068.0,3123.0,1175.0,528974.4665178572,479797.1052035714,41485.07276428572,7692.288557142857,596011.5140678572,466196.1707964285,581988.1851142857,491107.52467142855,339350.2704357143,99369.18874642857,85453.96011428571,154527.121575,90880.66044285714,3,38,45,410,32,291,453,0,0,256,0,0,0,27,924624.0,668959.0,255665.0,0.2765,108456.0,1488567.0,1112680.0,375887.0,0.2525,182457.0,API,1227.0
2023-04-01,영등포구,2023,4,1227.0,2688.0,1191.0,522212.09208387096,475623.0773032258,39118.397441935485,7470.61734516129,584907.3050451613,461903.80721612903,572089.2564806452,486585.54609677417,318897.4404354839,92399.6292483871,78007.70597741936,148490.10520967742,85503.71038387097,3,38,45,410,32,291,453,0,0,256,0,0,0,27,924624.0,668959.0,255665.0,0.2765,108456.0,1488567.0,1112680.0,375887.0,0.2525,182457.0,API,1256.0
2023-05-01,영등포구,2023,5,1256.0,2568.0,1248.0,523086.0229466667,474365.79931,39567.89381,9152.329826666666,587031.9702966666,464272.5244366667,572956.22995,487464.44651000004,330746.2401666667,98187.49977666668,79163.38140666667,153395.35898333334,85491.78344,3,38,45,410,32,291,453,0,0,256,0,0,0,27,924624.0,668959.0,255665.0,0.2765,108456.0,1488567.0,1112680.0,375887.0,0.2525,182457.0,API,1207.0
2023-06-01,영등포구,2023,6,1207.0,2420.0,1159.0,511742.4244709678,463989.42077419354,38670.45975483871,9082.54395483871,570678.2315677418,451946.6337548387,558484.0294580645,478355.56377741933,320611.04994193546,91735.48569354838,81580.02471935484,147295.53952903225,80128.46568064517,3,38,45,410,32,291,453,0,0,256,0,0,0,27,924624.0,668959.0,255665.0,0.2765,108456.0,1488567.0,1112680.0,375887.0,0.2525,182457.0,API,1224.0
2023-07-01,영등포구,2023,7,1224.0,2707.0,1259.0,515908.29656,467615.2613633333,39183.50624,9109.528956666667,580208.1267466667,452673.7391866667,566252.2505733334,479948.32941,325083.0911933333,94204.06410333334,79525.77857666666,151353.24851333335,86303.92116333333,3,38,45,410,32,291,453,0,0,256,0,0,0,27,924624.0,668959.0,255665.0,0.2765,108456.0,1488567.0,1112680.0,375887.0,0.2525,182457.0,API,1340.0
2023-08-01,영등포구,2023,8,1340.0,2804.0,1252.0,521331.6498870967,470116.45679032255,42388.78316451613,8826.409922580646,587862.4657129033,459840.21689032257,573222.808048387,484266.53691612906,319326.1008290323,94002.05487419355,76947.69032580646,148376.35562903227,88956.27113225807,3,38,45,410,32,291,453,0,0,256,0,0,0,27,924624.0,668959.0,255665.0,0.2765,108456.0,1488567.0,1112680.0,375887.0,0.2525,182457.0,API,1380.0
2023-09-01,영등포구,2023,9,1380.0,2583.0,1173.0,519698.66230645165,469122.8629290323,42546.214803225805,8029.58459032258,584776.0034806452,460576.148983871,570551.6687290323,483375.0863,320611.35578387097,93788.1720483871,79028.52161290322,147794.66212258063,87176.58242903226,3,38,45,410,32,291,453,0,0,256,0,0,0,27,924624.0,668959.0,255665.0,0.2765,108456.0,1488567.0,1112680.0,375887.0,0.2525,182457.0,API,1279.0
2023-10-01,영등포구,2023,10,1279.0,2250.0,1161.0,519239.1758166666,470308.69043666666,40761.508,8168.977373333333,582671.50591,460947.01010666665,567145.1039066667,485020.6557633334,320416.86428000004,95414.08339666667,78851.73375666667,146151.04712666667,82124.44814333334,3,38,45,410,32,291,453,0,0,256,0,0,0,27,924624.0,668959.0,255665.0,0.2765,108456.0,1488567.0,1112680.0,375887.0,0.2525,182457.0,API,1258.0
2023-11-01,영등포구,2023,11,1258.0,2291.0,1138.0,519482.4696645161,470401.73165806447,40098.3638,8982.374212903225,586102.925151613,462770.34678387095,565666.6504419355,486493.7691032258,319198.5067419355,95355.32333548386,79566.26337096775,144276.92003548387,79172.88133870966,3,38,45,410,32,291,453,0,0,256,0,0,0,27,924624.0,668959.0,255665.0,0.2765,108456.0,1488567.0,1112680.0,375887.0,0.2525,182457.0,API,1230.0
2023-12-01,영등포구,2023,12,1230.0,2581.0,1314.0,529329.68576,481891.52610666666,38648.082109999996,8790.077536666668,598427.1997966667,468434.7826966667,583565.3145066666,490589.95094,339456.48183999996,102883.07021333333,80834.92907,155738.48255666668,92975.36356666665,3,38,45,410,32,291,453,0,0,256,0,0,0,27,924624.0,668959.0,255665.0,0.2765,108456.0,1488567.0,1112680.0,375887.0,0.2525,182457.0,API,1322.0
2024-01-01,영등포구,2024,1,1322.0,2256.0,1122.0,535833.6516612903,483865.3229967742,43419.16931290323,8549.159358064517,607012.0125774193,474662.5945451613,589194.4452612904,497718.7991032258,328769.7363064516,102020.55148709677,78990.31547741935,147758.86934193547,91475.64615806453,2,67,18,657,0,131,409,0,0,130,0,0,0,36,922479.0,687074.0,235405.0,0.2552,122258.0,1442199.0,1086596.0,355603.0,0.2466,185673.0,API,1143.0
2024-02-01,영등포구,2024,2,1143.0,2091.0,1068.0,524211.8530064516,476280.2322354839,41341.15472580645,6590.466035483871,591009.7714741935,462363.9780290323,575847.6171741935,487329.16431935487,315682.80558064516,95190.60863870969,76008.36386129032,144483.83308064516,88518.4528548387,2,67,18,657,0,131,409,0,0,130,0,0,0,36,922479.0,687074.0,235405.0,0.2552,122258.0,1442199.0,1086596.0,355603.0,0.2466,185673.0,API,1025.0
2024-03-01,영등포구,2024,3,1025.0,2263.0,1227.0,526609.3101310345,475729.9772275862,43332.289962068964,7547.042951724137,593881.6773793104,466200.9352448276,578550.0587413793,489508.77540689654,322669.8545931034,96352.57005517241,79173.03925862069,147144.24527931033,89041.28333448275,2,67,18,657,0,131,409,0,0,130,0,0,0,36,922479.0,687074.0,235405.0,0.2552,122258.0,1442199.0,1086596.0,355603.0,0.2466,185673.0,API,1005.0
2024-04-01,영등포구,2024,4,1005.0,2349.0,1256.0,524084.5535451613,478394.60510645167,38427.631945161294,7262.316516129033,591560.5691064516,465905.44722903223,575209.648351613,487566.62868064514,313208.00468387094,93679.55023870968,75521.15489032258,144007.2995548387,87643.01967096777,2,67,18,657,0,131,409,0,0,130,0,0,0,36,922479.0,687074.0,235405.0,0.2552,122258.0,1442199.0,1086596.0,355603.0,0.2466,185673.0,API,1042.0
2024-05-01,영등포구,2024,5,1042.0,2433.0,1207.0,523335.3190266667,477081.61472666665,37191.97382,9061.730473333333,592473.1222766667,462029.8058533333,576284.3598266668,485514.5756133333,337426.16572999995,97697.27472,82493.48342666666,157235.40758333335,90769.78421333335,2,67,18,657,0,131,409,0,0,130,0,0,0,36,922479.0,687074.0,235405.0,0.2552,122258.0,1442199.0,1086596.0,355603.0,0.2466,185673.0,API,1112.0
2024-06-01,영등포구,2024,6,1112.0,2385.0,1224.0,514727.9829451613,469373.28377419355,36976.51259354838,8378.186577419356,578011.8543258064,457399.0623290322,564111.3112645161,479454.1770096774,324944.1976709678,91821.02402903225,84180.96291290323,148942.21072903226,84657.13425483872,2,67,18,657,0,131,409,0,0,130,0,0,0,36,922479.0,687074.0,235405.0,0.2552,122258.0,1442199.0,1086596.0,355603.0,0.2466,185673.0,API,1102.0
2024-07-01,영등포구,2024,7,1102.0,2654.0,1340.0,517130.76418,471356.48345999996,37445.598673333334,8328.68205,583609.1873,458966.35216,567942.27494,480836.8279333333,331745.01547999994,96389.79903666668,85189.91667666666,150165.29976666666,87105.44700666667,2,67,18,657,0,131,409,0,0,130,0,0,0,36,922479.0,687074.0,235405.0,0.2552,122258.0,1442199.0,1086596.0,355603.0,0.2466,185673.0,API,1278.0
2024-08-01,영등포구,2024,8,1278.0,2740.0,1380.0,526723.4596677419,479166.32022258063,39633.676364516126,7923.463083870968,600006.4946290323,462373.80493548384,583798.9755967743,485955.2340193548,340291.8727064516,99209.49326774194,84387.21256774194,156695.16687096775,97843.74157741937,2,67,18,657,0,131,409,0,0,130,0,0,0,36,922479.0,687074.0,235405.0,0.2552,122258.0,1442199.0,1086596.0,355603.0,0.2466,185673.0,API,1248.0
2024-09-01,영등포구,2024,9,1248.0,2494.0,1279.0,521478.21163870965,474732.3294032258,39347.86610645162,7398.016151612904,589646.1191548386,461529.64187419356,573550.5771354839,484283.6648774193,335168.9322806451,98467.9029967742,85109.96106774193,151591.06821612903,89266.91225806452,2,67,18,657,0,131,409,0,0,130,0,0,0,36,922479.0,687074.0,235405.0,0.2552,122258.0,1442199.0,1086596.0,355603.0,0.2466,185673.0,API,957.0
2024-10-01,영등포구,2024,10,957.0,2414.0,1258.0,503813.48395666666,458889.72813,37837.97488666666,7085.780966666667,565105.1366300001,447748.2631166667,550489.64627,470473.3680233333,320242.19082666666,92807.57818666667,82863.74377666667,144570.86886333334,80016.27824666667,2,67,18,657,0,131,409,0,0,130,0,0,0,36,922479.0,687074.0,235405.0,0.2552,122258.0,1442199.0,1086596.0,355603.0,0.2466,185673.0,API,964.0
2024-11-01,영등포구,2024,11,964.0,2240.0,1230.0,517460.5230709677,472752.8125419355,36698.82456774193,8008.885977419355,590412.9998290322,458662.5707354839,567026.9622451613,482055.92368387093,333446.76917419356,99579.5587516129,83417.61429032258,150449.59613225807,84971.03856129033,2,67,18,657,0,131,409,0,0,130,0,0,0,36,922479.0,687074.0,235405.0,0.2552,122258.0,1442199.0,1086596.0,355603.0,0.2466,185673.0,API,934.0
2024-12-01,영등포구,2024,12,934.0,2470.0,1322.0,519622.81645,475194.20866,36421.412216666664,8007.195586666667,589581.0244,459551.2831766667,573080.50228,481438.75516999996,348345.82187333336,103188.00600666666,86397.99636,158759.81950666665,91641.74710999998,2,67,18,657,0,131,409,0,0,130,0,0,0,36,922479.0,687074.0,235405.0,0.2552,122258.0,1442199.0,1086596.0,355603.0,0.2466,185673.0,API,1058.0
2025-01-01,영등포구,2025,1,1058.0,2139.0,1143.0,525998.5104516129,481082.44545483874,37222.95582580645,7693.109174193549,615781.3741193549,458291.6811032258,584964.6621193548,483879.83068709675,356052.97181290324,111425.06501612904,83561.5345451613,161066.37225161292,101084.83143225807,0,56,0,80,0,36,350,12,185,135,201,37,0,10,903918.0,684001.0,219917.0,0.2433,105486.0,1433175.0,1083094.0,350081.0,0.2443,171296.0,API,1006.0
2025-02-01,영등포구,2025,2,1006.0,1914.0,1025.0,507259.9936064516,459400.9316387097,40527.346793548386,7331.715151612903,570018.4547903226,452963.5636774193,554721.9036741935,473358.629267742,314248.34353225806,91087.46619677418,82453.47178709679,140707.4055483871,81363.27440645162,0,56,0,80,0,36,350,12,185,135,201,37,0,10,903918.0,684001.0,219917.0,0.2433,105486.0,1433175.0,1083094.0,350081.0,0.2443,171296.0,API,889.0
2025-03-01,영등포구,2025,3,889.0,2060.0,1005.0,525634.7070392857,478646.7769607143,40089.99198571429,6897.938103571428,598186.0445642857,462207.30145,582240.1687107143,485202.234425,338143.41560714284,97255.48273214286,84504.808725,156383.12415000002,97037.93428571429,0,56,0,80,0,36,350,12,185,135,201,37,0,10,903918.0,684001.0,219917.0,0.2433,105486.0,1433175.0,1083094.0,350081.0,0.2443,171296.0,API,957.0
2025-04-01,영등포구,2025,4,957.0,2074.0,1042.0,516357.47513870965,472316.8236741935,37081.37040967742,6959.281051612903,582389.576716129,458171.49027741933,567528.1321870969,479807.00581935485,325031.44069032255,92543.64901290323,83588.7987516129,148898.99292580647,87721.12636774192,0,56,0,80,0,36,350,12,185,135,201,37,0,10,903918.0,684001.0,219917.0,0.2433,105486.0,1433175.0,1083094.0,350081.0,0.2443,171296.0,API,965.0
2025-05-01,영등포구,2025,5,965.0,2185.0,1112.0,520918.64502,476271.6190933333,35972.29479666667,8674.73112,588041.4278066666,459024.81615,574588.8042966666,482582.81696666667,357275.99419,98984.04412666666,92694.95029333333,165596.99977,92005.98732999999,0,56,0,80,0,36,350,12,185,135,201,37,0,10,903918.0,684001.0,219917.0,0.2433,105486.0,1433175.0,1083094.0,350081.0,0.2443,171296.0,API,1022.0
2025-06-01,영등포구,2025,6,1022.0,2315.0,1102.0,506102.98048387095,462680.20272258064,36009.853545161284,7412.924206451613,565500.3997774194,451768.0856290323,552643.7341064516,472859.58502258064,321734.9684483871,89991.75800645162,85577.64378709678,146165.5666548387,79784.14908387097,0,56,0,80,0,36,350,12,185,135,201,37,0,10,903918.0,684001.0,219917.0,0.2433,105486.0,1433175.0,1083094.0,350081.0,0.2443,171296.0,API,1015.0
2025-07-01,영등포구,2025,7,1015.0,2577.0,1278.0,510073.85752333334,466068.34998,36585.68356666667,7419.823993333333,570916.3879133334,454446.4427266667,557723.90136,476038.1119366667,333705.8102566667,89908.29819,92458.30861333334,151339.20345333332,81685.78942333332,0,56,0,80,0,36,350,12,185,135,201,37,0,10,903918.0,684001.0,219917.0,0.2433,105486.0,1433175.0,1083094.0,350081.0,0.2443,171296.0,API,1092.0
2025-08-01,영등포구,2025,8,1092.0,2643.0,1248.0,523062.7135225807,477526.44579677423,38145.6831,7390.584629032259,594682.4524258064,459166.83019677416,579591.9177322581,482684.71051935485,350816.1739483871,96645.09842580646,91162.49977096774,163008.5757516129,96907.20721290323,0,56,0,80,0,36,350,12,185,135,201,37,0,10,903918.0,684001.0,219917.0,0.2433,105486.0,1433175.0,1083094.0,350081.0,0.2443,171296.0,API,1110.0
2025-09-01,영등포구,2025,9,1110.0,2120.0,957.0,510105.69264516124,465249.1612354838,38001.83470322581,6854.696722580645,574595.7584612903,452108.44133870973,560236.0499,474298.294616129,335731.9769709677,91515.7742516129,91520.34312580645,152695.8595935484,85937.75528387098,0,56,0,80,0,36,350,12,185,135,201,37,0,10,903918.0,684001.0,219917.0,0.2433,105486.0,1433175.0,1083094.0,350081.0,0.2443,171296.0,API,1096.0
2025-10-01,영등포구,2025,10,1096.0,2084.0,964.0,517045.1325933334,474185.75848,35514.51663,7344.8574733333335,589363.4745066667,454344.29203333333,570292.05765,479011.6147,355279.44291,99861.85893,92350.06808666667,163067.51589333333,91280.44295,0,56,0,80,0,36,350,12,185,135,201,37,0,10,903918.0,684001.0,219917.0,0.2433,105486.0,1433175.0,1083094.0,350081.0,0.2443,171296.0,API,1105.0
2025-11-01,영등포구,2025,11,1105.0,1988.0,934.0,495360.17459677416,451123.15806774196,36185.29825483871,8051.7182741935485,552686.728883871,443585.8680225807,539031.8139290322,464166.14648709673,321322.77666451613,88502.83565806452,89092.0396516129,143727.90135483872,74865.66744193548,0,56,0,80,0,36,350,12,185,135,201,37,0,10,903918.0,684001.0,219917.0,0.2433,105486.0,1433175.0,1083094.0,350081.0,0.2443,171296.0,API,1007.0
2025-12-01,영등포구,2025,12,1007.0,2339.0,1058.0,513516.9875966667,469929.1045,34896.28104333333,8691.602053333332,577628.0164866667,457143.2893966667,563082.1143966668,478113.32558999996,339773.4167933333,94511.08491333334,91222.77821333334,154039.55366666667,84968.78880666668,0,56,0,80,0,36,350,12,185,135,201,37,0,10,903918.0,684001.0,219917.0,0.2433,105486.0,1433175.0,1083094.0,350081.0,0.2443,171296.0,API,1099.0
2017-01-01,용산구,2017,1,,,,,,,,,,,,,,,,,0,120,5,109,0,92,175,0,0,194,0,0,0,79,,,,,,,,,,,API,724.0
2017-02-01,용산구,2017,2,724.0,,,,,,,,,,,,,,,,0,120,5,109,0,92,175,0,0,194,0,0,0,79,,,,,,,,,,,API,613.0
2017-03-01,용산구,2017,3,613.0,,,,,,,,,,,,,,,,0,120,5,109,0,92,175,0,0,194,0,0,0,79,,,,,,,,,,,API,680.0
2017-04-01,용산구,2017,4,680.0,,,,,,,,,,,,,,,,0,120,5,109,0,92,175,0,0,194,0,0,0,79,,,,,,,,,,,API,753.0
2017-05-01,용산구,2017,5,753.0,,,,,,,,,,,,,,,,0,120,5,109,0,92,175,0,0,194,0,0,0,79,,,,,,,,,,,API,856.0
2017-06-01,용산구,2017,6,856.0,,,,,,,,,,,,,,,,0,120,5,109,0,92,175,0,0,194,0,0,0,79,,,,,,,,,,,API,849.0
2017-07-01,용산구,2017,7,849.0,,,,,,,,,,,,,,,,0,120,5,109,0,92,175,0,0,194,0,0,0,79,,,,,,,,,,,API,836.0
2017-08-01,용산구,2017,8,836.0,,,,,,,,,,,,,,,,0,120,5,109,0,92,175,0,0,194,0,0,0,79,,,,,,,,,,,API,870.0
2017-09-01,용산구,2017,9,870.0,,,,,,,,,,,,,,,,0,120,5,109,0,92,175,0,0,194,0,0,0,79,,,,,,,,,,,API,915.0
2017-10-01,용산구,2017,10,915.0,,,,,,,,,,,,,,,,0,120,5,109,0,92,175,0,0,194,0,0,0,79,,,,,,,,,,,API,824.0
2017-11-01,용산구,2017,11,824.0,,,,,,,,,,,,,,,,0,120,5,109,0,92,175,0,0,194,0,0,0,79,,,,,,,,,,,API,739.0
2017-12-01,용산구,2017,12,739.0,,,,,,,,,,,,,,,,0,120,5,109,0,92,175,0,0,194,0,0,0,79,,,,,,,,,,,API,898.0
2018-01-01,용산구,2018,1,898.0,1260.0,724.0,,,,,,,,,,,,,,0,60,1,110,0,125,357,0,0,163,0,0,0,29,,,,,,,,,,,API,774.0
2018-02-01,용산구,2018,2,774.0,1112.0,613.0,,,,,,,,,,,,,,0,60,1,110,0,125,357,0,0,163,0,0,0,29,,,,,,,,,,,API,668.0
2018-03-01,용산구,2018,3,668.0,1222.0,680.0,,,,,,,,,,,,,,0,60,1,110,0,125,357,0,0,163,0,0,0,29,,,,,,,,,,,API,771.0
2018-04-01,용산구,2018,4,771.0,1338.0,753.0,,,,,,,,,,,,,,0,60,1,110,0,125,357,0,0,163,0,0,0,29,,,,,,,,,,,API,770.0
2018-05-01,용산구,2018,5,770.0,1429.0,856.0,334492.4490653846,304204.3333,19387.862346153845,10900.25343076923,369577.2145653846,294760.10866153846,362309.95515000005,314622.80186153844,220393.5557423077,58197.5701423077,54167.15427307692,108028.83132692309,47687.15328846154,0,60,1,110,0,125,357,0,0,163,0,0,0,29,,,,,,,,,,,API,845.0
2018-06-01,용산구,2018,6,845.0,1437.0,849.0,333971.2145709677,304750.11877096776,19542.480306451613,9678.615487096775,370362.67883548385,293226.0199709678,361144.74822258065,313769.08071290323,214901.15735806452,58018.82825483871,51465.453641935484,105416.87546129031,47375.66750967742,0,60,1,110,0,125,357,0,0,163,0,0,0,29,,,,,,,,,,,API,838.0
2018-07-01,용산구,2018,7,838.0,1510.0,836.0,329871.79269,301951.4057666667,19257.984056666668,8662.40286,363921.1244333333,290363.79414333333,357080.75969,310436.81625333335,202453.36029333333,55157.67125,47806.988789999996,99488.70025333334,46643.94343666667,0,60,1,110,0,125,357,0,0,163,0,0,0,29,,,,,,,,,,,API,905.0
2018-08-01,용산구,2018,8,905.0,1574.0,870.0,325882.9477516129,297704.43243870966,18860.477506451614,9318.037816129032,361004.55199999997,284652.0422967742,353888.48543548386,305878.99227096775,202542.85622258062,55639.64304516129,47686.238441935486,99216.97473548388,48009.49316451613,0,60,1,110,0,125,357,0,0,163,0,0,0,29,,,,,,,,,,,API,894.0
2018-09-01,용산구,2018,9,894.0,1556.0,915.0,322797.09337741934,294550.7016612903,18993.062816129033,9253.328887096775,358068.9006516129,283709.0155612903,350141.8285548387,302529.198016129,204526.6838451613,56076.265290322575,47817.407948387096,100633.01060645161,47612.63053870968,0,60,1,110,0,125,357,0,0,163,0,0,0,29,,,,,,,,,,,API,805.0
2018-10-01,용산구,2018,10,805.0,1448.0,824.0,321616.42662,292967.87542000005,19133.683743333335,9514.867456666667,355645.24382000003,282283.2778133333,347679.92079666664,302999.64507666667,197369.43351666667,55200.00174666666,45688.813616666666,96480.61815333334,44680.27572,0,60,1,110,0,125,357,0,0,163,0,0,0,29,,,,,,,,,,,API,818.0
2018-11-01,용산구,2018,11,818.0,1314.0,739.0,331537.6452838709,303207.88157096773,18866.96376129032,9462.799958064516,370319.95759999997,289504.67117096775,360221.1732483871,310317.98685806454,208343.60349354838,59103.858893548386,46808.76661290322,102430.97798709678,49903.186390322575,0,60,1,110,0,125,357,0,0,163,0,0,0,29,,,,,,,,,,,API,752.0
2018-12-01,용산구,2018,12,752.0,1534.0,898.0,324938.0865066667,296081.4670566667,18188.14835,10668.471106666666,367660.18073333334,277759.5126533333,352492.2418466667,305256.54698333336,212620.39964,59909.85841,48810.023446666666,103900.51778333333,47235.69486333333,0,60,1,110,0,125,357,0,0,163,0,0,0,29,,,,,,,,,,,API,834.0
2019-01-01,용산구,2019,1,834.0,1407.0,774.0,331884.5511354839,300217.2880774194,21270.262680645163,10397.000396774194,366316.22671290324,293610.4421935484,358892.6622419355,312593.04320967745,198529.345883871,56633.38774516129,44441.71987419355,97454.23826451613,46299.619032258066,0,25,1,120,0,103,193,0,0,92,0,0,0,24,,,,,,,,,,,API,758.0
2019-02-01,용산구,2019,2,758.0,1221.0,668.0,330151.2624580645,297911.54779032257,23150.045332258065,9089.66933548387,363926.43333870964,293058.1143870968,357385.9934451613,310697.88319032255,208624.6873645161,57920.125596774196,49954.83450645161,100749.72726129033,46688.11025483872,0,25,1,120,0,103,193,0,0,92,0,0,0,24,,,,,,,,,,,API,663.0
2019-03-01,용산구,2019,3,663.0,1413.0,771.0,322413.2287071428,290040.48129285715,23512.885217857143,8859.862207142858,356031.833575,287025.66429642856,348123.24525000004,304048.9311857143,200309.52198214288,56831.14063214285,48317.56502857142,95160.81632142856,44074.31406428572,0,25,1,120,0,103,193,0,0,92,0,0,0,24,,,,,,,,,,,API,753.0
2019-04-01,용산구,2019,4,753.0,1340.0,770.0,329699.51512903225,299602.6434258065,21235.644277419353,8861.227448387095,362788.1699419355,294517.82608064514,355941.65395483875,310955.13025483873,193131.69066129034,54272.047538709674,45403.250712903224,93456.39240967743,44986.523700000005,0,25,1,120,0,103,193,0,0,92,0,0,0,24,,,,,,,,,,,API,709.0
2019-05-01,용산구,2019,5,709.0,1490.0,845.0,327405.74462333333,296307.37866,20964.91174,10133.454216666667,360220.65096,291541.16776333336,354300.69604333333,308195.06505000003,211586.85027666666,56867.799653333335,51356.27941333333,103362.77120999999,46105.63099333333,0,25,1,120,0,103,193,0,0,92,0,0,0,24,,,,,,,,,,,API,766.0
2019-06-01,용산구,2019,6,766.0,1485.0,838.0,323025.56780645164,290668.42837741936,22556.773916129034,9800.365512903225,355998.6779580645,286802.04517096776,349504.2231935484,304112.24253870966,197267.06046451614,54700.305896774196,46827.021467741935,95739.7331,45391.98065483871,0,25,1,120,0,103,193,0,0,92,0,0,0,24,,,,,,,,,,,API,777.0
2019-07-01,용산구,2019,7,777.0,1546.0,905.0,321629.12108666665,290558.84909,22263.83053666667,8806.441466666667,353132.7874833334,286657.93984999997,346387.5187,303944.55138666666,191151.47053333334,52571.92771333333,46567.868493333335,92011.67432666666,42442.967313333334,0,25,1,120,0,103,193,0,0,92,0,0,0,24,,,,,,,,,,,API,812.0
2019-08-01,용산구,2019,8,812.0,1539.0,894.0,316860.75565161294,286337.78037096775,21441.23400967742,9081.74125483871,349147.37786129036,280883.73420322576,343126.8493548387,298099.2601612903,181649.2127451613,51089.445616129036,42320.59172903226,88239.17540000001,45027.589193548374,0,25,1,120,0,103,193,0,0,92,0,0,0,24,,,,,,,,,,,API,828.0
2019-09-01,용산구,2019,9,828.0,1420.0,805.0,323084.0781032258,291363.30276129034,22342.82852580645,9377.946819354838,355006.2556580645,288319.50067741936,348272.36114516127,305092.44736774196,188375.44591290323,54441.49345806451,43324.32747419355,90609.62498064517,43179.91377741936,0,25,1,120,0,103,193,0,0,92,0,0,0,24,,,,,,,,,,,API,741.0
2019-10-01,용산구,2019,10,741.0,1380.0,818.0,321494.61584,289989.23945,21919.19598,9586.18041,351504.09771,287623.10960666667,345607.9411933333,304270.8120166667,192963.10155666666,55614.86539666667,44491.301499999994,92856.93466,41337.12917666666,0,25,1,120,0,103,193,0,0,92,0,0,0,24,,,,,,,,,,,API,766.0
2019-11-01,용산구,2019,11,766.0,1260.0,752.0,330014.5844483871,297293.6156193548,22285.98257580645,10434.986308064517,367295.89412580646,291572.2074903226,358626.70042741933,309577.3587967742,207508.21198225807,59083.50194838709,46546.63273064516,101878.0773032258,49049.34163064516,0,25,1,120,0,103,193,0,0,92,0,0,0,24,,,,,,,,,,,API,744.0
2019-12-01,용산구,2019,12,744.0,1398.0,834.0,330273.22758,298001.25018000003,22325.259663333334,9946.71774,363277.72820333333,293074.37833,357027.68277666665,311162.90243333334,200531.15792,57999.236216666664,44964.14266333333,97567.77904,45864.78034333334,0,25,1,120,0,103,193,0,0,92,0,0,0,24,,,,,,,,,,,API,861.0
2020-01-01,용산구,2020,1,861.0,1312.0,758.0,332825.9735354839,301313.21314193547,21539.14490967742,9973.615480645161,368107.04977096774,293663.7285967742,360350.3161064516,313165.7288580645,210948.41402903225,60460.94354193548,47961.964167741935,102525.50631935484,47184.5872483871,0,32,2,123,0,205,177,0,0,85,0,0,0,15,575383.0,364083.0,211300.0,0.3672,,303681.0,182032.0,121649.0,0.4006,,API,674.0
2020-02-01,용산구,2020,2,674.0,1119.0,663.0,326324.197783871,294583.05566129036,22004.717212903226,9736.424916129032,358740.66168064513,290594.7284870968,351496.81301290327,308343.7583419355,202794.0178612903,57595.12979032258,47656.802161290325,97542.08590967741,43153.05467096774,0,32,2,123,0,205,177,0,0,85,0,0,0,15,575383.0,364083.0,211300.0,0.3672,,303681.0,182032.0,121649.0,0.4006,,API,563.0
2020-03-01,용산구,2020,3,563.0,1277.0,753.0,324875.51788275864,293627.68923448276,23363.6832862069,7884.145375862069,351360.67368275864,294568.1725931035,346733.37897931034,309262.7599724138,187275.62091034485,48129.96127586207,48608.36152413793,90537.29811034483,37470.61900689655,0,32,2,123,0,205,177,0,0,85,0,0,0,15,575383.0,364083.0,211300.0,0.3672,,303681.0,182032.0,121649.0,0.4006,,API,483.0
2020-04-01,용산구,2020,4,483.0,1315.0,709.0,311711.6924645161,284646.8225612903,23569.90008387097,3494.969816129032,333776.9993935484,286786.1806387097,329947.3931387097,298686.1919870968,168485.27579032257,39107.06573548387,47511.763683870966,81866.44637096774,31261.201151612906,0,32,2,123,0,205,177,0,0,85,0,0,0,15,575383.0,364083.0,211300.0,0.3672,,303681.0,182032.0,121649.0,0.4006,,API,487.0
2020-05-01,용산구,2020,5,487.0,1367.0,766.0,312447.08665,286387.35929999995,23660.76096666667,2398.9663666666665,334516.2959233333,287559.0374766666,330304.6891666667,299691.65628,178570.16331333332,42578.67032666667,50332.87802,85658.61496666666,30613.032886666664,0,32,2,123,0,205,177,0,0,85,0,0,0,15,575383.0,364083.0,211300.0,0.3672,,303681.0,182032.0,121649.0,0.4006,,API,605.0
2020-06-01,용산구,2020,6,605.0,1361.0,777.0,308539.73676129035,282661.4711354839,23075.98185483871,2802.2837741935487,330992.8757806452,283950.6294129032,326948.88328387093,295390.34639032255,178852.00195161288,43993.44402258065,51083.35935806452,83775.19857096774,31558.536893548393,0,32,2,123,0,205,177,0,0,85,0,0,0,15,575383.0,364083.0,211300.0,0.3672,,303681.0,182032.0,121649.0,0.4006,,API,582.0
2020-07-01,용산구,2020,7,582.0,1488.0,812.0,311538.05449666665,284971.1741933333,22440.50126,4126.37904,335599.3436233334,284195.1926633333,332032.43739,296899.20957999997,185353.27640333335,46248.4054,49818.35280666666,89286.51819666667,35133.22780999999,0,32,2,123,0,205,177,0,0,85,0,0,0,15,575383.0,364083.0,211300.0,0.3672,,303681.0,182032.0,121649.0,0.4006,,API,680.0
2020-08-01,용산구,2020,8,680.0,1484.0,828.0,309983.529983871,284576.1046387096,21434.75808387097,3972.667264516129,334733.9386064516,282686.3138451613,330403.37699677417,295397.92497096775,185014.64367419356,46876.609919354836,49175.37296774193,88962.66078709677,35005.45202580645,0,32,2,123,0,205,177,0,0,85,0,0,0,15,575383.0,364083.0,211300.0,0.3672,,303681.0,182032.0,121649.0,0.4006,,API,592.0
2020-09-01,용산구,2020,9,592.0,1359.0,741.0,302716.2441387097,278746.16563225805,19617.59359032258,4352.484903225807,324316.54896129033,280017.78242903226,320188.75684516126,290235.87791290326,170412.81053225807,42250.621645161285,48049.18742258064,80113.00146451613,29952.87893225805,0,32,2,123,0,205,177,0,0,85,0,0,0,15,575383.0,364083.0,211300.0,0.3672,,303681.0,182032.0,121649.0,0.4006,,API,493.0
2020-10-01,용산구,2020,10,493.0,1368.0,766.0,300401.41082666663,278177.6816533333,18315.002653333337,3908.7265266666664,321504.56348666665,277563.77188333333,317680.88669666665,288058.9280633333,169096.47373333335,39573.592090000006,48529.79603666666,80993.08560666667,29621.958633333328,0,32,2,123,0,205,177,0,0,85,0,0,0,15,575383.0,364083.0,211300.0,0.3672,,303681.0,182032.0,121649.0,0.4006,,API,538.0
2020-11-01,용산구,2020,11,538.0,1304.0,744.0,301192.41071290325,279415.5184870968,18429.04326451613,3347.8489612903227,324765.4912451613,275850.0709516129,319472.5396451613,288135.1757677419,179783.78251612905,46154.46022903226,48334.414370967745,85294.90791612903,31337.36387741936,0,32,2,123,0,205,177,0,0,85,0,0,0,15,575383.0,364083.0,211300.0,0.3672,,303681.0,182032.0,121649.0,0.4006,,API,508.0
2020-12-01,용산구,2020,12,508.0,1362.0,861.0,303631.74518333335,281564.75914,18564.246206666667,3502.739833333333,327370.1356366667,277717.03211,323073.6388933333,289744.6782466667,180625.00935666668,46025.7151,48326.188976666665,86273.10528,33328.960646666674,0,32,2,123,0,205,177,0,0,85,0,0,0,15,575383.0,364083.0,211300.0,0.3672,,303681.0,182032.0,121649.0,0.4006,,API,486.0
2021-01-01,용산구,2021,1,486.0,1143.0,674.0,296956.70001612906,274556.24111935485,18479.81711935484,3920.641777419355,316761.0177870968,276290.1606774194,313492.80388064514,285145.1972580645,157361.77446774195,36588.66902580645,46740.13760645161,74032.96783548388,28347.60662258065,0,20,0,50,1,210,69,0,0,35,0,0,0,7,546054.0,346308.0,199746.0,0.3658,,254691.0,161002.0,93689.0,0.3679,,API,482.0
2021-02-01,용산구,2021,2,482.0,1016.0,563.0,295258.1002096774,273786.76915161294,18808.00950967742,2663.321570967742,315219.0606935484,274878.9111483871,311446.9740290323,283694.6189193548,160145.85720645162,38179.26982903226,47498.23864193548,74468.34873548387,27752.355109677417,0,20,0,50,1,210,69,0,0,35,0,0,0,7,546054.0,346308.0,199746.0,0.3658,,254691.0,161002.0,93689.0,0.3679,,API,481.0
2021-03-01,용산구,2021,3,481.0,894.0,483.0,298110.89596071426,275790.1162464286,18796.21392857143,3524.565814285714,321260.1538607143,274851.9940928571,316069.6047357143,285283.24685357144,172628.27555714286,43837.82666785714,47984.100085714286,80806.34880357143,30786.357882142856,0,20,0,50,1,210,69,0,0,35,0,0,0,7,546054.0,346308.0,199746.0,0.3658,,254691.0,161002.0,93689.0,0.3679,,API,544.0
2021-04-01,용산구,2021,4,544.0,993.0,487.0,306624.3923258065,283524.5277612903,18698.87778064516,4400.986777419354,330654.6940870968,281615.7795935484,325712.70177741937,292989.88557741937,177674.26291612902,45675.97586774194,47358.19262903226,84640.09441935485,32722.81620000001,0,20,0,50,1,210,69,0,0,35,0,0,0,7,546054.0,346308.0,199746.0,0.3658,,254691.0,161002.0,93689.0,0.3679,,API,566.0
2021-05-01,용산구,2021,5,566.0,1196.0,605.0,304592.25860999996,283385.82490666665,18475.293663333334,2731.140046666667,328964.47749666666,279011.90191333333,323952.5889733333,290763.45122,189385.08808000002,46812.48081,51782.626150000004,90789.98112,33189.137753333336,0,20,0,50,1,210,69,0,0,35,0,0,0,7,546054.0,346308.0,199746.0,0.3658,,254691.0,161002.0,93689.0,0.3679,,API,595.0
2021-06-01,용산구,2021,6,595.0,1240.0,582.0,301528.512916129,280406.83446774195,18264.04416129032,2857.6343096774194,325827.4047419355,277020.49621612905,320117.0648096774,288250.975867742,181281.88346774195,45559.35732903225,50632.68522258064,85089.84091612902,31866.088941935486,0,20,0,50,1,210,69,0,0,35,0,0,0,7,546054.0,346308.0,199746.0,0.3658,,254691.0,161002.0,93689.0,0.3679,,API,665.0
2021-07-01,용산구,2021,7,665.0,1229.0,680.0,304334.95782999997,282843.5064633333,17944.97669,3546.4746633333334,329287.07623,278674.19808,323646.7426266667,290540.82581,187616.14119333334,48253.95467333333,50978.14473000001,88384.04179,33105.91681666668,0,20,0,50,1,210,69,0,0,35,0,0,0,7,546054.0,346308.0,199746.0,0.3658,,254691.0,161002.0,93689.0,0.3679,,API,563.0
2021-08-01,용산구,2021,8,563.0,1139.0,592.0,296178.674367742,274765.7212064516,17423.015922580646,3989.9372548387096,316798.50824193546,274529.58803870965,312784.00403225806,284317.7246096774,169300.30486129032,41817.98968064516,48341.230638709676,79141.08454193549,28466.27942258064,0,20,0,50,1,210,69,0,0,35,0,0,0,7,546054.0,346308.0,199746.0,0.3658,,254691.0,161002.0,93689.0,0.3679,,API,555.0
2021-09-01,용산구,2021,9,555.0,980.0,493.0,296069.2387612903,273978.66881935485,17788.929370967744,4301.640583870968,317265.5356806452,274853.869816129,312685.5845967742,284200.4203032258,169149.18343548386,42734.603325806456,47072.33690645161,79342.24320322581,28485.164293548387,0,20,0,50,1,210,69,0,0,35,0,0,0,7,546054.0,346308.0,199746.0,0.3658,,254691.0,161002.0,93689.0,0.3679,,API,540.0
2021-10-01,용산구,2021,10,540.0,989.0,538.0,293557.31424000004,272227.38943333336,17829.12717666667,3500.79764,315177.77625,271634.81370666664,309922.2738566667,281868.0573666667,170437.13057333333,43647.00793,46238.90820333334,80551.21444,28054.216490000006,0,20,0,50,1,210,69,0,0,35,0,0,0,7,546054.0,346308.0,199746.0,0.3658,,254691.0,161002.0,93689.0,0.3679,,API,550.0
2021-11-01,용산구,2021,11,550.0,967.0,508.0,297852.2314580645,276897.1881064516,17919.241758064516,3035.801583870968,321046.58213870967,274607.9203419355,314960.37526774197,285632.1287354839,174170.43818064514,45627.224799999996,46235.96097096774,82307.25240967743,29328.24653225807,0,20,0,50,1,210,69,0,0,35,0,0,0,7,546054.0,346308.0,199746.0,0.3658,,254691.0,161002.0,93689.0,0.3679,,API,510.0
2021-12-01,용산구,2021,12,510.0,954.0,486.0,304492.84009666665,283355.1413533333,17890.444323333333,3247.254436666667,329219.73283,279253.74744,323722.2841366667,290757.5229433334,186907.3131166667,50543.17876,47123.03137333333,89241.10298333333,32964.76119333333,0,20,0,50,1,210,69,0,0,35,0,0,0,7,546054.0,346308.0,199746.0,0.3658,,254691.0,161002.0,93689.0,0.3679,,API,462.0
2022-01-01,용산구,2022,1,462.0,984.0,482.0,302673.8463290322,281566.7402935484,17679.124541935485,3427.9815129032254,326941.9743935484,278189.3931225806,321715.5778548387,289072.6095387097,176340.32688064515,46875.81581935484,45708.31209677419,83756.19896451612,32642.968316129038,0,20,2,72,0,340,143,0,0,60,0,0,0,6,578909.0,374856.0,204053.0,0.3525,54812.0,233491.0,149906.0,83585.0,0.358,61788.0,API,569.0
2022-02-01,용산구,2022,2,569.0,963.0,481.0,297461.60584516125,276390.244532258,17969.500445161288,3101.860874193548,322326.4752580645,273802.02336129034,316198.5644451613,284078.06397741934,173177.0411064516,47177.89086774194,45203.89751935484,80795.25271935483,32120.50046774194,0,20,2,72,0,340,143,0,0,60,0,0,0,6,578909.0,374856.0,204053.0,0.3525,54812.0,233491.0,149906.0,83585.0,0.358,61788.0,API,530.0
2022-03-01,용산구,2022,3,530.0,1103.0,544.0,296288.76175,274832.33069642854,18065.729889285714,3390.701157142857,319133.8336464286,274754.5877428571,313422.8054464286,284050.15910357144,168038.676025,43875.506982142855,46288.900792857145,77874.26825,29372.64634285715,0,20,2,72,0,340,143,0,0,60,0,0,0,6,578909.0,374856.0,204053.0,0.3525,54812.0,233491.0,149906.0,83585.0,0.358,61788.0,API,646.0
2022-04-01,용산구,2022,4,646.0,1133.0,566.0,298552.5688870968,277435.11161612906,17888.98517419355,3228.4720838709677,319296.8168290322,277981.2206225806,314394.038083871,287237.23375161295,163041.6670064516,42131.93070322581,44925.88599032258,75983.85031290322,27156.80433225807,0,20,2,72,0,340,143,0,0,60,0,0,0,6,578909.0,374856.0,204053.0,0.3525,54812.0,233491.0,149906.0,83585.0,0.358,61788.0,API,652.0
2022-05-01,용산구,2022,5,652.0,1193.0,595.0,304352.5100533333,282116.47146666667,17655.339969999997,4580.698616666667,328751.96583,279492.03948,322186.0075033333,291614.29758,185455.12628,49395.864010000005,47703.725326666674,88355.53694333333,30571.709923333332,0,20,2,72,0,340,143,0,0,60,0,0,0,6,578909.0,374856.0,204053.0,0.3525,54812.0,233491.0,149906.0,83585.0,0.358,61788.0,API,757.0
2022-06-01,용산구,2022,6,757.0,1288.0,665.0,316308.8966322581,292687.98192903225,17769.50296129032,5851.411751612904,345111.44199354836,286850.2683064516,337441.28899032256,301214.3306483871,195814.33472258065,54914.63106451613,47189.818506451615,93709.8851516129,36226.95834193548,0,20,2,72,0,340,143,0,0,60,0,0,0,6,578909.0,374856.0,204053.0,0.3525,54812.0,233491.0,149906.0,83585.0,0.358,61788.0,API,705.0
2022-07-01,용산구,2022,7,705.0,1182.0,563.0,317045.44811,293619.28406333335,17312.624786666667,6113.53925,346577.7480433333,287744.4768566667,338209.7096766667,301928.1184366666,193907.06631000002,54603.21305666667,47296.47911,92007.37414333333,36281.591239999994,0,20,2,72,0,340,143,0,0,60,0,0,0,6,578909.0,374856.0,204053.0,0.3525,54812.0,233491.0,149906.0,83585.0,0.358,61788.0,API,770.0
2022-08-01,용산구,2022,8,770.0,1072.0,555.0,308055.67040967743,284757.5012064516,16676.08323548387,6622.085958064516,336210.2771709677,279581.3897967742,329022.7723516129,293079.1690290323,183934.4526516129,53192.50840322581,44173.52956774194,86568.41468064516,35943.60332258064,0,20,2,72,0,340,143,0,0,60,0,0,0,6,578909.0,374856.0,204053.0,0.3525,54812.0,233491.0,149906.0,83585.0,0.358,61788.0,API,800.0
2022-09-01,용산구,2022,9,800.0,1157.0,540.0,305549.9128387097,282056.7081064516,16924.00353548387,6569.2012,334084.23507096776,278178.64907096775,326316.1673225806,290716.873916129,183797.47972258064,53625.28623548387,44172.40476774194,85999.78871935484,35599.29340645161,0,20,2,72,0,340,143,0,0,60,0,0,0,6,578909.0,374856.0,204053.0,0.3525,54812.0,233491.0,149906.0,83585.0,0.358,61788.0,API,718.0
2022-10-01,용산구,2022,10,718.0,1169.0,550.0,306276.09685000003,281921.64810666663,17090.72959,7263.719146666666,331950.36173999996,278831.09294,325129.93599,292809.06891,183627.66048,52762.493383333334,44635.892680000004,86229.27441666667,32320.867079999996,0,20,2,72,0,340,143,0,0,60,0,0,0,6,578909.0,374856.0,204053.0,0.3525,54812.0,233491.0,149906.0,83585.0,0.358,61788.0,API,740.0
2022-11-01,용산구,2022,11,740.0,1200.0,510.0,311346.8049096774,286209.3066,17132.942138709677,8004.556187096774,346972.69125806453,279585.60706129036,332011.0203806452,296586.6509903226,188458.29513225806,56125.62609354839,44436.12029354839,87896.54874516129,35424.36939032257,0,20,2,72,0,340,143,0,0,60,0,0,0,6,578909.0,374856.0,204053.0,0.3525,54812.0,233491.0,149906.0,83585.0,0.358,61788.0,API,700.0
2022-12-01,용산구,2022,12,700.0,1137.0,462.0,305309.0903766667,281901.66241000005,16322.566946666666,7084.861006666667,335040.61962666665,275618.5802,328691.47766333335,288607.38517666666,186677.85058666667,53700.463696666666,43880.35339333334,89097.03349666667,40084.09248666667,0,20,2,72,0,340,143,0,0,60,0,0,0,6,578909.0,374856.0,204053.0,0.3525,54812.0,233491.0,149906.0,83585.0,0.358,61788.0,API,807.0
2023-01-01,용산구,2023,1,807.0,1195.0,569.0,305131.1668935484,281796.1521483871,15951.787612903227,7383.227129032258,336036.2019548387,274606.9743548387,328528.28620322584,288418.93880967743,180049.85146451613,52713.67329032258,42113.854770967744,85222.3234032258,40109.347393548385,1,24,13,544,0,59,352,0,0,85,0,0,0,18,532367.0,338263.0,194104.0,0.3646,58444.0,253437.0,163137.0,90300.0,0.3563,75623.0,API,630.0
2023-02-01,용산구,2023,2,630.0,1226.0,530.0,299084.42050322576,275830.30839677417,16566.04000967742,6688.072093548388,328911.01461290324,269873.3644129032,321492.8222548387,283078.41926774196,172528.89170645163,51690.46141935484,40233.45260645162,80604.97768064516,38414.402987096764,1,24,13,544,0,59,352,0,0,85,0,0,0,18,532367.0,338263.0,194104.0,0.3646,58444.0,253437.0,163137.0,90300.0,0.3563,75623.0,API,544.0
2023-03-01,용산구,2023,3,544.0,1624.0,646.0,307581.03836071433,284898.7358214286,16833.887185714288,5848.415360714286,342317.80765,274074.9446357143,333605.75424642855,288991.95559642854,184123.50015714284,57883.86954642857,40124.278778571424,86115.35183214287,44613.798650000004,1,24,13,544,0,59,352,0,0,85,0,0,0,18,532367.0,338263.0,194104.0,0.3646,58444.0,253437.0,163137.0,90300.0,0.3563,75623.0,API,654.0
2023-04-01,용산구,2023,4,654.0,1407.0,652.0,306824.01789677417,283822.21987741935,16230.804851612904,6770.99316451613,339191.3030967742,275079.5970451613,331063.83632580645,289509.86186451616,177801.83232903224,54097.4073032258,38661.08572903226,85043.33929677418,41553.974461290316,1,24,13,544,0,59,352,0,0,85,0,0,0,18,532367.0,338263.0,194104.0,0.3646,58444.0,253437.0,163137.0,90300.0,0.3563,75623.0,API,681.0
2023-05-01,용산구,2023,5,681.0,1447.0,757.0,307349.1103266666,283224.95876666665,16379.932433333333,7744.219123333333,337870.36268333334,276713.71357333334,330463.16633333336,290839.07032666664,185415.20341000002,55191.553686666666,41674.37632333334,88549.2734,39624.09600666667,1,24,13,544,0,59,352,0,0,85,0,0,0,18,532367.0,338263.0,194104.0,0.3646,58444.0,253437.0,163137.0,90300.0,0.3563,75623.0,API,750.0
2023-06-01,용산구,2023,6,750.0,1351.0,705.0,306120.8158064516,282159.6249483871,16210.664351612904,7750.526525806452,338807.35060645157,274439.42,330158.3399548387,288951.1557064516,183716.97957096776,54415.700461290326,41711.72346451613,87589.5556451613,41207.18424838709,1,24,13,544,0,59,352,0,0,85,0,0,0,18,532367.0,338263.0,194104.0,0.3646,58444.0,253437.0,163137.0,90300.0,0.3563,75623.0,API,743.0
2023-07-01,용산구,2023,7,743.0,1638.0,770.0,307475.88851666666,283400.08602,15906.455450000001,8169.34704,340065.7420433333,274686.6948733333,331638.9002333333,290216.5944333334,185806.8484066667,55343.65088333333,42043.799946666666,88419.39757666667,41422.3058,1,24,13,544,0,59,352,0,0,85,0,0,0,18,532367.0,338263.0,194104.0,0.3646,58444.0,253437.0,163137.0,90300.0,0.3563,75623.0,API,791.0
2023-08-01,용산구,2023,8,791.0,1774.0,800.0,304896.98506774195,281468.4724096774,15562.906580645162,7865.6060806451615,337173.6854354839,272686.2033290322,329091.6049483871,287615.1137354839,178179.61750967742,54638.15235483871,39698.92311290323,83842.54204193548,41476.491212903224,1,24,13,544,0,59,352,0,0,85,0,0,0,18,532367.0,338263.0,194104.0,0.3646,58444.0,253437.0,163137.0,90300.0,0.3563,75623.0,API,798.0
2023-09-01,용산구,2023,9,798.0,1523.0,718.0,302598.1879451613,279653.82343225804,16151.287209677419,6793.077287096774,334605.45872580644,270990.0334903226,326052.7177935484,285844.9523419355,175967.7308,54572.2806,38456.31784516129,82939.13235483872,40207.765451612904,1,24,13,544,0,59,352,0,0,85,0,0,0,18,532367.0,338263.0,194104.0,0.3646,58444.0,253437.0,163137.0,90300.0,0.3563,75623.0,API,728.0
2023-10-01,용산구,2023,10,728.0,1501.0,740.0,305414.9229033334,280771.87647666666,16320.265813333333,8322.78061,335760.74711,274314.0282,327176.8752233333,289870.67124999996,177300.7396633333,55598.124926666664,38635.310293333336,83067.30444333333,37306.20397333334,1,24,13,544,0,59,352,0,0,85,0,0,0,18,532367.0,338263.0,194104.0,0.3646,58444.0,253437.0,163137.0,90300.0,0.3563,75623.0,API,728.0
2023-11-01,용산구,2023,11,728.0,1465.0,700.0,305321.9213483871,280323.53695806453,15853.322903225806,9145.061477419355,340458.47586451616,274198.13125806453,327995.72845161293,289126.34485806455,179336.01408064517,55002.71854193549,39610.124706451614,84723.17083225807,38869.38359354839,1,24,13,544,0,59,352,0,0,85,0,0,0,18,532367.0,338263.0,194104.0,0.3646,58444.0,253437.0,163137.0,90300.0,0.3563,75623.0,API,680.0
2023-12-01,용산구,2023,12,680.0,1536.0,807.0,308046.02770333336,282937.9480566667,15411.823206666666,9696.256453333333,338951.6432666667,277452.26259,331099.85976333334,291579.0048,183294.05114,57220.226189999994,39818.43028666666,86255.39466333334,39520.854963333346,1,24,13,544,0,59,352,0,0,85,0,0,0,18,532367.0,338263.0,194104.0,0.3646,58444.0,253437.0,163137.0,90300.0,0.3563,75623.0,API,734.0
2024-01-01,용산구,2024,1,734.0,1294.0,630.0,310026.4678548387,284299.2204516129,16552.655725806453,9174.591680645162,342242.2158935484,277886.01457419357,332968.50417419354,293639.2990580645,177924.41877096775,57272.10548064516,38079.056300000004,82573.25699032257,39329.20511612903,0,37,11,362,3,95,171,0,0,58,0,0,0,17,509004.0,322354.0,186650.0,0.3667,62475.0,245491.0,157765.0,87726.0,0.3573,77383.0,API,623.0
2024-02-01,용산구,2024,2,623.0,1092.0,544.0,298307.95930645167,275210.1456612903,15612.615503225807,7485.198141935484,327647.7316967742,267967.5710064516,319864.9704774193,282910.094183871,165695.86468387098,52546.40599032258,35859.586141935484,77289.8725516129,36954.87629354839,0,37,11,362,3,95,171,0,0,58,0,0,0,17,509004.0,322354.0,186650.0,0.3667,62475.0,245491.0,157765.0,87726.0,0.3573,77383.0,API,482.0
2024-03-01,용산구,2024,3,482.0,1300.0,654.0,298713.8729724138,275557.35467586207,15899.376196551724,7257.142106896551,330016.5724724138,267382.44928620686,321672.08342758624,282315.15122068964,172187.20916551724,53930.58789310345,37734.990099999995,80521.63117241379,39356.932206896556,0,37,11,362,3,95,171,0,0,58,0,0,0,17,509004.0,322354.0,186650.0,0.3667,62475.0,245491.0,157765.0,87726.0,0.3573,77383.0,API,503.0
2024-04-01,용산구,2024,4,503.0,1380.0,681.0,304312.63835161296,280204.2962064516,15386.1101,8722.232038709677,338053.89862258063,272486.59077741933,328358.6685387097,287136.9025129032,174470.09052903226,54843.13816451613,36555.58233225806,83071.37003225806,41221.766025806464,0,37,11,362,3,95,171,0,0,58,0,0,0,17,509004.0,322354.0,186650.0,0.3667,62475.0,245491.0,157765.0,87726.0,0.3573,77383.0,API,551.0
2024-05-01,용산구,2024,5,551.0,1535.0,750.0,300233.5658066667,274927.9204633333,15051.477436666666,10254.167909999998,332788.71184999996,268182.93855333334,324163.9055366666,283140.4659966667,183112.30045,54516.98837333333,39765.314419999995,88829.99765666667,41023.43954000001,0,37,11,362,3,95,171,0,0,58,0,0,0,17,509004.0,322354.0,186650.0,0.3667,62475.0,245491.0,157765.0,87726.0,0.3573,77383.0,API,586.0
2024-06-01,용산구,2024,6,586.0,1491.0,743.0,296746.157383871,272367.55315483874,14777.384096774194,9601.220138709677,330203.5592580645,263778.48366774194,321336.64939354843,279181.52025806456,174090.54675483872,52821.2622,37449.14357419355,83820.14098064516,42155.12913548388,0,37,11,362,3,95,171,0,0,58,0,0,0,17,509004.0,322354.0,186650.0,0.3667,62475.0,245491.0,157765.0,87726.0,0.3573,77383.0,API,553.0
2024-07-01,용산구,2024,7,553.0,1558.0,791.0,295415.90379666665,271312.0533833333,14617.925113333333,9485.925309999999,328706.6171766667,262990.77360666665,319142.7907333333,278468.12744333333,176491.53038333336,54098.98933333333,38618.833743333336,83773.70730666668,40674.663290000004,0,37,11,362,3,95,171,0,0,58,0,0,0,17,509004.0,322354.0,186650.0,0.3667,62475.0,245491.0,157765.0,87726.0,0.3573,77383.0,API,613.0
2024-08-01,용산구,2024,8,613.0,1620.0,798.0,292736.09916774195,269828.3693096774,14108.662896774193,8799.066958064515,327675.6518548387,258247.9741064516,318967.4374,273999.42901290325,174040.15517096774,54517.23993225807,36248.80092580645,83274.11431290321,44968.00838709678,0,37,11,362,3,95,171,0,0,58,0,0,0,17,509004.0,322354.0,186650.0,0.3667,62475.0,245491.0,157765.0,87726.0,0.3573,77383.0,API,574.0
2024-09-01,용산구,2024,9,574.0,1468.0,728.0,291062.61961935484,268496.43192258064,14689.351464516129,7876.836261290323,326338.52902258065,257058.22094516127,316686.6227032258,272759.7602935484,174688.2186129032,56174.82057096775,36164.8663516129,82348.53169032259,43926.862409677415,0,37,11,362,3,95,171,0,0,58,0,0,0,17,509004.0,322354.0,186650.0,0.3667,62475.0,245491.0,157765.0,87726.0,0.3573,77383.0,API,460.0
2024-10-01,용산구,2024,10,460.0,1408.0,728.0,287159.02602,264208.51096,14667.630706666667,8282.88436,320792.4978866667,254121.48680666665,311285.76381000003,269925.64188666665,174728.34466333332,54725.64913666667,37099.03780666667,82903.65772,41360.12192333334,0,37,11,362,3,95,171,0,0,58,0,0,0,17,509004.0,322354.0,186650.0,0.3667,62475.0,245491.0,157765.0,87726.0,0.3573,77383.0,API,532.0
2024-11-01,용산구,2024,11,532.0,1290.0,680.0,296931.2426354839,271876.66396451613,14815.904896774195,10238.673787096774,339086.1714612903,260010.73795483873,324140.273216129,277496.2207903226,183937.70753225806,58355.47678387097,37298.562506451606,88283.66824193548,46644.05242580646,0,37,11,362,3,95,171,0,0,58,0,0,0,17,509004.0,322354.0,186650.0,0.3667,62475.0,245491.0,157765.0,87726.0,0.3573,77383.0,API,507.0
2024-12-01,용산구,2024,12,507.0,1425.0,734.0,296308.5606133333,272220.77100666665,14704.948013333335,9382.841573333333,334070.25092333334,260014.47362666667,323781.3162966667,276685.1636766667,189437.44774333335,59564.33371666667,38422.231003333334,91450.88302333333,47096.15262,0,37,11,362,3,95,171,0,0,58,0,0,0,17,509004.0,322354.0,186650.0,0.3667,62475.0,245491.0,157765.0,87726.0,0.3573,77383.0,API,559.0
2025-01-01,용산구,2025,1,559.0,1232.0,623.0,295477.21899354836,272155.3562580645,14328.595748387097,8993.267003225807,334191.5762903226,257583.44845483868,323122.8392290323,275730.34740645165,183050.47870645163,58588.34153548387,36903.48623548387,87558.65093548388,47392.49182258064,0,18,0,54,0,51,125,6,68,48,127,13,0,11,505109.0,310847.0,194262.0,0.3846,54247.0,222004.0,142268.0,79736.0,0.3592,65462.0,API,502.0
2025-02-01,용산구,2025,2,502.0,1112.0,482.0,286229.0370967742,264228.68427741935,14723.639716129033,7276.713116129033,323272.34143870964,252136.76847096774,311716.31562258065,268023.8381580645,172459.96680645162,55727.657787096774,35709.327332258064,81022.98168709678,43692.47746451614,0,18,0,54,0,51,125,6,68,48,127,13,0,11,505109.0,310847.0,194262.0,0.3846,54247.0,222004.0,142268.0,79736.0,0.3592,65462.0,API,463.0
2025-03-01,용산구,2025,3,463.0,1207.0,503.0,293019.22175714286,271154.3414357143,15035.009635714287,6829.870671428572,332298.2607107143,255344.88111785712,322001.7147678571,272317.44103928574,181471.4476,57987.70643214286,36742.09930357143,86741.64186428572,49684.27372857143,0,18,0,54,0,51,125,6,68,48,127,13,0,11,505109.0,310847.0,194262.0,0.3846,54247.0,222004.0,142268.0,79736.0,0.3592,65462.0,API,489.0
2025-04-01,용산구,2025,4,489.0,1244.0,551.0,294788.9532193548,271838.0148612903,14765.212545161292,8185.725809677419,332840.3687064516,258064.5554096774,322054.4634451613,275313.58877096773,177218.95833870966,55657.027322580645,35980.100296774195,85581.83071935484,46740.874674193554,0,18,0,54,0,51,125,6,68,48,127,13,0,11,505109.0,310847.0,194262.0,0.3846,54247.0,222004.0,142268.0,79736.0,0.3592,65462.0,API,510.0
2025-05-01,용산구,2025,5,510.0,1424.0,586.0,293288.54024666664,269340.7277166667,14356.05458,9591.757966666666,329842.68663333333,256877.04818333333,320689.19875000004,273716.64133333333,189364.91081333335,56282.81387333334,40352.29518666666,92729.80175333333,46972.55741666666,0,18,0,54,0,51,125,6,68,48,127,13,0,11,505109.0,310847.0,194262.0,0.3846,54247.0,222004.0,142268.0,79736.0,0.3592,65462.0,API,563.0
2025-06-01,용산구,2025,6,563.0,1374.0,553.0,292121.9801,269377.24308064516,14597.249461290323,8147.487564516129,330987.9400032258,254926.64678387097,319750.79720645165,272387.1107548387,181229.33707741936,56263.492348387095,37054.43263225807,87911.41209677419,47363.686451612906,0,18,0,54,0,51,125,6,68,48,127,13,0,11,505109.0,310847.0,194262.0,0.3846,54247.0,222004.0,142268.0,79736.0,0.3592,65462.0,API,567.0
2025-07-01,용산구,2025,7,567.0,1499.0,613.0,291954.81011666666,269564.88046333333,14292.793693333333,8097.135956666667,328590.10886,255742.2363533333,318470.45542666665,273015.06346333335,182630.63297,55125.67567333333,39086.30927,88418.64802666666,45455.391963333335,0,18,0,54,0,51,125,6,68,48,127,13,0,11,505109.0,310847.0,194262.0,0.3846,54247.0,222004.0,142268.0,79736.0,0.3592,65462.0,API,614.0
2025-08-01,용산구,2025,8,614.0,1553.0,574.0,291823.5157548387,270400.565583871,13628.706922580646,7794.243270967741,331012.0440483871,253075.63962580645,320929.0353483871,271033.85891612904,183706.56056451614,57808.21177096775,37004.8341516129,88893.51464193549,49895.17643225806,0,18,0,54,0,51,125,6,68,48,127,13,0,11,505109.0,310847.0,194262.0,0.3846,54247.0,222004.0,142268.0,79736.0,0.3592,65462.0,API,638.0
2025-09-01,용산구,2025,9,638.0,1225.0,460.0,291728.83167741937,270045.521783871,14286.661622580647,7396.648264516129,332544.7446419355,253549.8250935484,320401.4265548387,271248.40676774195,184759.7201548387,60207.086922580645,37000.21430000001,87552.41893225806,49153.019787096775,0,18,0,54,0,51,125,6,68,48,127,13,0,11,505109.0,310847.0,194262.0,0.3846,54247.0,222004.0,142268.0,79736.0,0.3592,65462.0,API,642.0
2025-10-01,용산구,2025,10,642.0,1276.0,532.0,295696.35454666667,273333.01008333336,14483.366376666667,7879.978093333333,336372.3112066667,256840.56693,323457.8378133334,275866.72364000004,192345.62271,60673.75609666667,38526.80429666666,93145.06231666666,47591.11417333332,0,18,0,54,0,51,125,6,68,48,127,13,0,11,505109.0,310847.0,194262.0,0.3846,54247.0,222004.0,142268.0,79736.0,0.3592,65462.0,API,638.0
2025-11-01,용산구,2025,11,638.0,1180.0,507.0,286115.56258709676,263085.6188096774,14228.33304516129,8801.610741935485,323773.5263709678,250853.15224193546,312266.08638064517,267436.61702258064,178717.47949032258,57212.46127419355,37059.278438709676,84445.73977741935,44829.46935806452,0,18,0,54,0,51,125,6,68,48,127,13,0,11,505109.0,310847.0,194262.0,0.3846,54247.0,222004.0,142268.0,79736.0,0.3592,65462.0,API,621.0
2025-12-01,용산구,2025,12,621.0,1310.0,559.0,295829.40143666667,272103.09702,14424.36333,9301.94109,334117.1850633333,259085.68578333332,323428.02863666666,276116.09629333334,186975.71467666666,58704.96577,38356.176263333335,89914.57264333333,47311.93234333334,0,18,0,54,0,51,125,6,68,48,127,13,0,11,505109.0,310847.0,194262.0,0.3846,54247.0,222004.0,142268.0,79736.0,0.3592,65462.0,API,630.0
2017-01-01,은평구,2017,1,,,,,,,,,,,,,,,,,0,42,10,117,196,1,176,0,0,307,0,0,0,22,,,,,,,,,,,API,1138.0
2017-02-01,은평구,2017,2,1138.0,,,,,,,,,,,,,,,,0,42,10,117,196,1,176,0,0,307,0,0,0,22,,,,,,,,,,,API,955.0
2017-03-01,은평구,2017,3,955.0,,,,,,,,,,,,,,,,0,42,10,117,196,1,176,0,0,307,0,0,0,22,,,,,,,,,,,API,1095.0
2017-04-01,은평구,2017,4,1095.0,,,,,,,,,,,,,,,,0,42,10,117,196,1,176,0,0,307,0,0,0,22,,,,,,,,,,,API,1084.0
2017-05-01,은평구,2017,5,1084.0,,,,,,,,,,,,,,,,0,42,10,117,196,1,176,0,0,307,0,0,0,22,,,,,,,,,,,API,1131.0
2017-06-01,은평구,2017,6,1131.0,,,,,,,,,,,,,,,,0,42,10,117,196,1,176,0,0,307,0,0,0,22,,,,,,,,,,,API,1179.0
2017-07-01,은평구,2017,7,1179.0,,,,,,,,,,,,,,,,0,42,10,117,196,1,176,0,0,307,0,0,0,22,,,,,,,,,,,API,1229.0
2017-08-01,은평구,2017,8,1229.0,,,,,,,,,,,,,,,,0,42,10,117,196,1,176,0,0,307,0,0,0,22,,,,,,,,,,,API,1248.0
2017-09-01,은평구,2017,9,1248.0,,,,,,,,,,,,,,,,0,42,10,117,196,1,176,0,0,307,0,0,0,22,,,,,,,,,,,API,1219.0
2017-10-01,은평구,2017,10,1219.0,,,,,,,,,,,,,,,,0,42,10,117,196,1,176,0,0,307,0,0,0,22,,,,,,,,,,,API,1116.0
2017-11-01,은평구,2017,11,1116.0,,,,,,,,,,,,,,,,0,42,10,117,196,1,176,0,0,307,0,0,0,22,,,,,,,,,,,API,1138.0
2017-12-01,은평구,2017,12,1138.0,,,,,,,,,,,,,,,,0,42,10,117,196,1,176,0,0,307,0,0,0,22,,,,,,,,,,,API,1312.0
2018-01-01,은평구,2018,1,1312.0,1783.0,1138.0,,,,,,,,,,,,,,0,50,2,107,128,0,276,0,0,267,0,0,0,16,,,,,,,,,,,API,1331.0
2018-02-01,은평구,2018,2,1331.0,1439.0,955.0,,,,,,,,,,,,,,0,50,2,107,128,0,276,0,0,267,0,0,0,16,,,,,,,,,,,API,1068.0
2018-03-01,은평구,2018,3,1068.0,1668.0,1095.0,,,,,,,,,,,,,,0,50,2,107,128,0,276,0,0,267,0,0,0,16,,,,,,,,,,,API,1158.0
2018-04-01,은평구,2018,4,1158.0,1691.0,1084.0,,,,,,,,,,,,,,0,50,2,107,128,0,276,0,0,267,0,0,0,16,,,,,,,,,,,API,1117.0
2018-05-01,은평구,2018,5,1117.0,1794.0,1131.0,456518.99622692313,448739.3684230769,6339.321576923077,1440.3062307692308,510418.6952153846,396053.73911923077,410459.4679,489418.6593038461,196712.32389230767,32397.38424230769,124476.7761076923,39838.16354230769,-78959.19140384615,0,50,2,107,128,0,276,0,0,267,0,0,0,16,,,,,,,,,,,API,1285.0
2018-06-01,은평구,2018,6,1285.0,1817.0,1179.0,454295.0380967742,446656.4466677419,6367.811045161291,1270.7803903225806,508245.4703967742,394824.54083225806,409412.2031483871,485322.8436354839,194648.33251290323,32660.363993548388,122599.60614516129,39388.362374193544,-75910.64048709677,0,50,2,107,128,0,276,0,0,267,0,0,0,16,,,,,,,,,,,API,1256.0
2018-07-01,은평구,2018,7,1256.0,1961.0,1229.0,458608.16799999995,450872.75394666666,6560.881946666666,1174.5321166666665,509143.03811,403086.92726333335,416024.32364,489025.19968333334,193489.8961,31769.493863333333,124400.99970666667,37319.40253,-73000.87604333334,0,50,2,107,128,0,276,0,0,267,0,0,0,16,,,,,,,,,,,API,1295.0
2018-08-01,은평구,2018,8,1295.0,1960.0,1248.0,456291.6272290323,448010.71468064515,6806.978577419355,1473.9339741935485,507835.82311612903,402023.6547,413421.75192258065,486912.9667354839,188692.05363870968,32375.03793870968,119645.46548387097,36671.550216129035,-73491.21481290323,0,50,2,107,128,0,276,0,0,267,0,0,0,16,,,,,,,,,,,API,1290.0
2018-09-01,은평구,2018,9,1290.0,1901.0,1219.0,452085.5317258065,444211.39062258066,6624.569241935484,1249.5718548387097,502300.4604806452,398427.51870645164,410375.201832258,480825.73112258065,187647.83476129032,31256.10853548387,119410.34569032257,36981.38053548387,-70450.52929032258,0,50,2,107,128,0,276,0,0,267,0,0,0,16,,,,,,,,,,,API,1212.0
2018-10-01,은평구,2018,10,1212.0,1777.0,1116.0,455813.1467633333,447930.15706666664,6560.8242666666665,1322.1654366666667,504416.84448666667,402152.69364,415349.0277533333,484716.0889066666,185326.55520666667,33640.608316666665,115114.38181666666,36571.56507333333,-69367.06115333333,0,50,2,107,128,0,276,0,0,267,0,0,0,16,,,,,,,,,,,API,1174.0
2018-11-01,은평구,2018,11,1174.0,1774.0,1138.0,454355.90396774194,446440.5567967742,6655.753532258064,1259.593635483871,506518.85882258066,394536.94806774193,409103.84350967745,485599.2977645161,183966.65381935486,31452.98281612903,115772.07250967743,36741.59849354839,-76495.45425483871,0,50,2,107,128,0,276,0,0,267,0,0,0,16,,,,,,,,,,,API,1158.0
2018-12-01,은평구,2018,12,1158.0,1961.0,1312.0,453670.6582933333,445617.7073233333,6694.935626666667,1358.0153466666668,506724.51495,392265.83972,407860.65141000005,486392.09178,187795.93029666666,33093.69603333333,116379.14203333334,38323.092229999995,-78531.44037,0,50,2,107,128,0,276,0,0,267,0,0,0,16,,,,,,,,,,,API,1302.0
2019-01-01,은평구,2019,1,1302.0,2068.0,1331.0,458532.67979354836,450462.34928709676,6816.8342870967745,1253.4962096774193,504026.93847419356,407292.89968709677,419587.97475161287,486350.3262419354,183586.4103516129,32729.15169354839,115031.10914838708,35826.14950967742,-66762.35149032257,0,24,1,86,171,0,216,0,0,233,0,0,0,14,,,,,,,,,,,API,1151.0
2019-02-01,은평구,2019,2,1151.0,1738.0,1068.0,458143.82068387093,449619.5450548387,7171.892609677419,1352.3830161290323,505124.01987419353,404538.1349290323,417238.5704580645,487361.8565774193,188474.71982903226,32167.44240645161,119957.73216129033,36349.545261290325,-70123.28611935485,0,24,1,86,171,0,216,0,0,233,0,0,0,14,,,,,,,,,,,API,996.0
2019-03-01,은평구,2019,3,996.0,1809.0,1158.0,451942.3943178571,443313.06521785713,7340.4632357142855,1288.8658678571428,494751.8835571428,404394.1850964286,416319.3516785714,477387.42478214286,187637.00524285715,33819.75767142857,116567.43254642856,37249.815024999996,-61068.07310357143,0,24,1,86,171,0,216,0,0,233,0,0,0,14,,,,,,,,,,,API,1177.0
2019-04-01,은평구,2019,4,1177.0,1803.0,1117.0,455671.10066451615,447204.9613129032,7229.505999999999,1236.633364516129,502944.6829032258,401002.00932258065,414397.19760967745,485152.45998387097,176694.0234451613,30415.35389032258,110564.77258064516,35713.89697419355,-70755.26237419354,0,24,1,86,171,0,216,0,0,233,0,0,0,14,,,,,,,,,,,API,1181.0
2019-05-01,은평구,2019,5,1181.0,1970.0,1285.0,446967.4321533333,438690.92250333336,7060.109736666666,1216.39992,497813.9932466667,388693.0147733333,402667.90346,478609.9526433333,189316.6169366667,31243.591846666666,119322.51987666666,38750.50521333333,-75942.04918333332,0,24,1,86,171,0,216,0,0,233,0,0,0,14,,,,,,,,,,,API,1242.0
2019-06-01,은평구,2019,6,1242.0,1958.0,1256.0,432801.6579,424532.9036645161,7070.674567741935,1198.0796677419355,481953.21681935486,377314.9200451613,390457.0149870968,463047.83142903226,169892.6872548387,29976.667961290324,104270.12504516129,35645.8942483871,-72590.81644193549,0,24,1,86,171,0,216,0,0,233,0,0,0,14,,,,,,,,,,,API,1192.0
2019-07-01,은평구,2019,7,1192.0,2024.0,1295.0,435768.4639166667,427550.7569266667,7208.388456666667,1009.3185333333333,482369.56371,384564.9109166667,396560.18821,463774.37514666666,163158.40043333333,29207.182793333333,100088.75975333333,33862.45788666667,-67214.18693666667,0,24,1,86,171,0,216,0,0,233,0,0,0,14,,,,,,,,,,,API,1314.0
2019-08-01,은평구,2019,8,1314.0,2033.0,1290.0,428289.5343516129,419771.37480322586,7292.146687096774,1226.0128806451612,476236.40877419355,377043.5207741935,387830.01490967744,457189.1911225806,157281.88648709678,28264.974322580645,97840.4045,31176.507664516128,-69359.17621290321,0,24,1,86,171,0,216,0,0,233,0,0,0,14,,,,,,,,,,,API,1280.0
2019-09-01,은평구,2019,9,1280.0,1827.0,1212.0,440877.3584322581,432677.685416129,7134.781035483871,1064.8919967741936,488879.5295483871,389639.0231,400931.2185967742,469410.3154548387,168018.69008709677,29821.280316129032,104813.71252903224,33383.697241935486,-68479.09685806451,0,24,1,86,171,0,216,0,0,233,0,0,0,14,,,,,,,,,,,API,1303.0
2019-10-01,은평구,2019,10,1303.0,1847.0,1174.0,443198.73895,435007.51337,6925.472303333333,1265.7532766666666,490347.3490966667,390822.0369633333,403196.04862333334,471772.08918333333,178482.63378666667,33442.93821,108886.56525,36153.130326666665,-68576.04056000001,0,24,1,86,171,0,216,0,0,233,0,0,0,14,,,,,,,,,,,API,1247.0
2019-11-01,은평구,2019,11,1247.0,1728.0,1158.0,439060.51798548386,430969.048483871,6817.900475806451,1273.5690387096774,493063.9894032258,377542.6512193548,391604.30993064516,472957.8094758064,177353.79136612904,31450.96845,109518.73076129032,36384.092154838705,-81353.49954516128,0,24,1,86,171,0,216,0,0,233,0,0,0,14,,,,,,,,,,,API,1165.0
2019-12-01,은평구,2019,12,1165.0,1928.0,1302.0,448453.18823,440367.72160666663,6907.610216666667,1177.85642,500395.9891566666,390073.70773,403621.65864,480475.70938,175587.23399333333,31587.60833,108075.10359,35924.52207333333,-76854.05074,0,24,1,86,171,0,216,0,0,233,0,0,0,14,,,,,,,,,,,API,1252.0
2020-01-01,은평구,2020,1,1252.0,1746.0,1151.0,455635.1800548387,447280.22034516133,7047.859380645161,1307.100322580645,503351.5575451613,402620.446683871,414956.91208387096,484691.08576129033,185388.03320967744,33968.94475806452,114071.70357741935,37347.38487419354,-69734.17367741936,0,36,4,74,219,0,166,0,0,166,0,0,0,24,1219226.0,781959.0,437267.0,0.3586,,723353.0,563630.0,159723.0,0.2208,,API,1266.0
2020-02-01,은평구,2020,2,1266.0,1513.0,996.0,459034.14351612906,450119.9991870968,7541.602329032258,1372.5419903225807,504816.8135870968,407782.6272935484,420101.2575419355,486843.3477774193,185448.4115064516,34715.189380645155,114131.05949677419,36602.16262903226,-66742.09023548388,0,36,4,74,219,0,166,0,0,166,0,0,0,24,1219226.0,781959.0,437267.0,0.3586,,723353.0,563630.0,159723.0,0.2208,,API,1019.0
2020-03-01,은평구,2020,3,1019.0,1784.0,1177.0,466135.30708275863,456938.3790655172,7802.175913793103,1394.7521137931035,510092.5061793103,416324.4986758621,427316.38042758626,493863.1118448276,176111.8166,28887.83777586207,113648.74982068966,33575.22900344828,-66546.73141724139,0,36,4,74,219,0,166,0,0,166,0,0,0,24,1219226.0,781959.0,437267.0,0.3586,,723353.0,563630.0,159723.0,0.2208,,API,873.0
2020-04-01,은평구,2020,4,873.0,1747.0,1181.0,465299.16277419357,456558.213716129,7692.544825806452,1048.4042290322582,506433.08365483873,416790.7115419355,428619.9446225806,491498.6043129032,168870.84858064516,25063.193245161292,112000.36596774195,31807.289367741934,-62878.65969032258,0,36,4,74,219,0,166,0,0,166,0,0,0,24,1219226.0,781959.0,437267.0,0.3586,,723353.0,563630.0,159723.0,0.2208,,API,885.0
2020-05-01,은평구,2020,5,885.0,1875.0,1242.0,462627.18336,454006.63281000004,7288.558576666666,1331.99196,505224.5104833333,413796.1298,425561.1178933334,489102.9444133333,178453.89437333334,28254.778486666666,114825.33926666666,35373.776620000004,-63541.82652,0,36,4,74,219,0,166,0,0,166,0,0,0,24,1219226.0,781959.0,437267.0,0.3586,,723353.0,563630.0,159723.0,0.2208,,API,948.0
2020-06-01,은평구,2020,6,948.0,1797.0,1192.0,457476.69123870967,449314.76990967744,7158.694019354839,1003.2273096774194,500247.2511741935,409258.65427419357,420807.1850516129,483669.19565806456,178755.86223225805,29820.514396774193,113836.89116129033,35098.45667419355,-62862.010606451615,0,36,4,74,219,0,166,0,0,166,0,0,0,24,1219226.0,781959.0,437267.0,0.3586,,723353.0,563630.0,159723.0,0.2208,,API,952.0
2020-07-01,은평구,2020,7,952.0,1954.0,1314.0,453829.50361333333,445465.24980000005,6870.858626666667,1493.3952033333333,500608.66346,403639.35584333335,414010.42279,482271.7042066667,179308.70991333332,29595.538496666664,113561.43271333333,36151.73870333333,-68261.28141666666,0,36,4,74,219,0,166,0,0,166,0,0,0,24,1219226.0,781959.0,437267.0,0.3586,,723353.0,563630.0,159723.0,0.2208,,API,1053.0
2020-08-01,은평구,2020,8,1053.0,1930.0,1280.0,453941.09029677423,446054.30092580646,6740.823551612903,1145.9658193548387,501624.7714935484,403056.180116129,413850.5532645161,482577.18820000003,176990.47398064515,29343.462441935484,111648.2369483871,35998.77459032258,-68726.63493548387,0,36,4,74,219,0,166,0,0,166,0,0,0,24,1219226.0,781959.0,437267.0,0.3586,,723353.0,563630.0,159723.0,0.2208,,API,1130.0
2020-09-01,은평구,2020,9,1130.0,1888.0,1303.0,456540.9149322581,448270.7315193548,6625.843032258064,1644.3403806451613,497990.58007741935,411604.51296774193,421386.3098774194,481651.34710322577,171461.21831612903,27405.871993548386,110056.71662258064,33998.6297,-60265.03722580645,0,36,4,74,219,0,166,0,0,166,0,0,0,24,1219226.0,781959.0,437267.0,0.3586,,723353.0,563630.0,159723.0,0.2208,,API,1006.0
2020-10-01,은평구,2020,10,1006.0,1828.0,1247.0,459086.06676333334,451085.55023666663,6568.714373333333,1431.8021633333333,502211.08176000003,411222.95355,421855.7508066667,485679.14960666664,171176.40322666668,27336.65955666667,110048.38784666666,33791.35582333333,-63823.3988,0,36,4,74,219,0,166,0,0,166,0,0,0,24,1219226.0,781959.0,437267.0,0.3586,,723353.0,563630.0,159723.0,0.2208,,API,1050.0
2020-11-01,은평구,2020,11,1050.0,1675.0,1165.0,452064.3784451613,444399.91208064515,6385.139764516129,1279.3266032258064,497624.9668032258,400928.9986290322,413379.3418032258,479696.54748387093,176296.90691935483,30272.389212903225,110762.39699354839,35262.12071290323,-66317.20568064516,0,36,4,74,219,0,166,0,0,166,0,0,0,24,1219226.0,781959.0,437267.0,0.3586,,723353.0,563630.0,159723.0,0.2208,,API,966.0
2020-12-01,은평구,2020,12,966.0,1780.0,1252.0,450177.7340633333,442124.27063,6412.37584,1641.0875899999999,496614.64850333333,398057.35927,410081.8544933333,478817.64805,174315.18431333333,29316.16907,110814.27807333333,34184.73717,-68735.79355666667,0,36,4,74,219,0,166,0,0,166,0,0,0,24,1219226.0,781959.0,437267.0,0.3586,,723353.0,563630.0,159723.0,0.2208,,API,867.0
2021-01-01,은평구,2021,1,867.0,1837.0,1266.0,458019.84374516126,450209.3776,6500.548609677419,1309.917541935484,495724.46698064514,413321.24138709676,423742.2637967742,482503.8294193548,165383.70108709676,26694.098661290325,106899.25620967742,31790.346216129034,-58761.565622580645,0,24,1,68,163,10,159,0,0,143,0,0,0,10,1161538.0,752842.0,408696.0,0.3519,,922520.0,683635.0,238885.0,0.2589,,API,906.0
2021-02-01,은평구,2021,2,906.0,1586.0,1019.0,459995.38002903224,452221.58780967747,6425.778287096774,1348.0139193548387,496383.53946451616,415563.3271548387,426470.8703677419,483941.4583483871,169253.37523225805,27336.50016451613,110118.34471612902,31798.530351612906,-57470.58798064516,0,24,1,68,163,10,159,0,0,143,0,0,0,10,1161538.0,752842.0,408696.0,0.3519,,922520.0,683635.0,238885.0,0.2589,,API,838.0
2021-03-01,은평구,2021,3,838.0,1482.0,873.0,452148.949275,444855.6634107143,6341.062400000001,952.2234642857142,492072.23547857144,404172.7672392857,416342.3935464286,477725.06051071425,173446.5345,29526.662092857143,110491.68992142857,33428.182485714286,-61382.66696428572,0,24,1,68,163,10,159,0,0,143,0,0,0,10,1161538.0,752842.0,408696.0,0.3519,,922520.0,683635.0,238885.0,0.2589,,API,937.0
2021-04-01,은평구,2021,4,937.0,1484.0,885.0,447463.8210741935,440046.87638709677,6280.569393548387,1136.375312903226,492782.90854838706,395001.60683225805,407365.6014774194,476105.40648709674,171190.61453870966,28688.295506451614,109045.68574193548,33456.63329032258,-68739.80500967742,0,24,1,68,163,10,159,0,0,143,0,0,0,10,1161538.0,752842.0,408696.0,0.3519,,922520.0,683635.0,238885.0,0.2589,,API,985.0
2021-05-01,은평구,2021,5,985.0,1510.0,948.0,441539.01513333333,434399.05803666665,6051.277503333333,1088.6795933333333,488123.24488333333,387848.0889733333,400496.47401999997,470855.11593,177990.83185666666,29444.43121,113529.47487666667,35016.925769999994,-70358.64190999999,0,24,1,68,163,10,159,0,0,143,0,0,0,10,1161538.0,752842.0,408696.0,0.3519,,922520.0,683635.0,238885.0,0.2589,,API,1118.0
2021-06-01,은평구,2021,6,1118.0,1591.0,952.0,443423.29272258066,436171.87192258064,6046.671087096774,1204.749722580645,486930.8309096774,394179.56211612903,405982.5330451613,470166.6925064516,175115.32502903225,29630.691183870968,110796.6485032258,34687.985341935484,-64184.15946129032,0,24,1,68,163,10,159,0,0,143,0,0,0,10,1161538.0,752842.0,408696.0,0.3519,,922520.0,683635.0,238885.0,0.2589,,API,1228.0
2021-07-01,은평구,2021,7,1228.0,1712.0,1053.0,440615.40184,433479.91874,6019.302646666666,1116.1804666666665,486376.33858000004,389796.66638666665,400915.69871666667,468972.33265666664,177129.55988333334,30002.136296666667,111996.91333333333,35130.510253333334,-68056.63394,0,24,1,68,163,10,159,0,0,143,0,0,0,10,1161538.0,752842.0,408696.0,0.3519,,922520.0,683635.0,238885.0,0.2589,,API,1140.0
2021-08-01,은평구,2021,8,1140.0,1901.0,1130.0,440749.3330548387,433453.7436,6095.40974516129,1200.179712903226,482030.49087419355,395391.26959032257,405042.1462903226,466254.46647096775,167606.37655161292,27920.842393548384,107087.76662580644,32597.767532258065,-61212.32018064517,0,24,1,68,163,10,159,0,0,143,0,0,0,10,1161538.0,752842.0,408696.0,0.3519,,922520.0,683635.0,238885.0,0.2589,,API,1160.0
2021-09-01,은평구,2021,9,1160.0,1653.0,1006.0,437366.48396774195,429920.84533870965,5995.5736419354835,1450.0649870967743,476419.9108677419,392297.7778032258,402790.3399193548,462063.7297064516,163043.0516580645,27218.953806451613,104060.33013225807,31763.767719354837,-59273.38978709677,0,24,1,68,163,10,159,0,0,143,0,0,0,10,1161538.0,752842.0,408696.0,0.3519,,922520.0,683635.0,238885.0,0.2589,,API,1091.0
2021-10-01,은평구,2021,10,1091.0,1716.0,1050.0,436443.58781,429230.75959333335,5893.653693333333,1319.1745,476614.9077833333,391077.38825333334,401636.87150666665,461305.52802333335,167921.47508333335,30180.689356666666,104212.18662666666,33528.5991,-59668.65651666667,0,24,1,68,163,10,159,0,0,143,0,0,0,10,1161538.0,752842.0,408696.0,0.3519,,922520.0,683635.0,238885.0,0.2589,,API,1051.0
2021-11-01,은평구,2021,11,1051.0,1544.0,966.0,435301.45434516127,428317.1030225807,5801.926674193549,1182.4246419354838,477307.6807096774,386721.0811870968,398719.0278354839,461431.75901290326,164637.8457032258,28729.32395483871,103098.37816451614,32810.143583870966,-62712.73117741936,0,24,1,68,163,10,159,0,0,143,0,0,0,10,1161538.0,752842.0,408696.0,0.3519,,922520.0,683635.0,238885.0,0.2589,,API,1066.0
2021-12-01,은평구,2021,12,1066.0,1403.0,867.0,432815.5447966667,425969.32620666665,5693.544599999999,1152.6739833333334,478233.00892666663,381412.71501000004,393232.49579,461089.1512266667,169995.9640466667,30368.21067333333,105410.98478,34216.768593333334,-67856.65543666667,0,24,1,68,163,10,159,0,0,143,0,0,0,10,1161538.0,752842.0,408696.0,0.3519,,922520.0,683635.0,238885.0,0.2589,,API,992.0
2022-01-01,은평구,2022,1,992.0,1568.0,906.0,441560.0799258065,434475.12953870965,5743.949696774193,1341.0006870967743,483836.46793225803,392542.44637419353,403822.70872580644,468515.34508709674,162414.7216516129,29555.8869516129,98208.37843548387,34650.45626451613,-64692.63636129032,0,11,1,56,167,0,119,0,0,113,0,0,0,11,1231343.0,809436.0,421907.0,0.3426,119631.0,1047746.0,804455.0,243291.0,0.2322,102561.0,API,1111.0
2022-02-01,은평구,2022,2,1111.0,1441.0,838.0,443316.5894032258,436032.76423870964,5864.2851967741935,1419.5399677419355,483735.8239645161,395078.53570967744,406716.1120741936,469459.78749677417,162346.28814193548,30539.584138709677,98615.28851935484,33191.415483870966,-62743.67542258064,0,11,1,56,167,0,119,0,0,113,0,0,0,11,1231343.0,809436.0,421907.0,0.3426,119631.0,1047746.0,804455.0,243291.0,0.2322,102561.0,API,1072.0
2022-03-01,은평구,2022,3,1072.0,1601.0,937.0,447696.72773214284,440390.681125,5927.897414285714,1378.1492214285715,486174.4375571428,402251.4769607143,413254.4138428572,472298.3805214286,161085.9584464286,29417.548378571428,98671.40812857143,32997.001939285714,-59043.96667857143,0,11,1,56,167,0,119,0,0,113,0,0,0,11,1231343.0,809436.0,421907.0,0.3426,119631.0,1047746.0,804455.0,243291.0,0.2322,102561.0,API,1167.0
2022-04-01,은평구,2022,4,1167.0,1597.0,985.0,447893.9449677419,440779.33468387095,5914.839548387097,1199.770735483871,487125.28271935484,401108.9139322581,412655.50508709677,473064.25917096774,156945.43428387097,27828.1742,97092.4993,32024.760783870966,-60408.75408387097,0,11,1,56,167,0,119,0,0,113,0,0,0,11,1231343.0,809436.0,421907.0,0.3426,119631.0,1047746.0,804455.0,243291.0,0.2322,102561.0,API,1148.0
2022-05-01,은평구,2022,5,1148.0,1831.0,1118.0,436289.7526033333,429163.06783666665,5754.168616666667,1372.5161433333335,482456.22771666665,382379.74225,395574.2865766667,465372.22833333333,166530.95145666666,30004.348103333334,101812.0214,34714.581953333334,-69797.94175666667,0,11,1,56,167,0,119,0,0,113,0,0,0,11,1231343.0,809436.0,421907.0,0.3426,119631.0,1047746.0,804455.0,243291.0,0.2322,102561.0,API,1187.0
2022-06-01,은평구,2022,6,1187.0,1945.0,1228.0,437521.4754774194,430258.99526129034,5623.8052,1638.6750000000002,487379.46659032255,381407.08021290327,394835.80861612904,468011.23751935485,166855.1193483871,31297.60390322581,100932.18878064517,34625.326664516135,-73175.42890322581,0,11,1,56,167,0,119,0,0,113,0,0,0,11,1231343.0,809436.0,421907.0,0.3426,119631.0,1047746.0,804455.0,243291.0,0.2322,102561.0,API,1184.0
2022-07-01,은평구,2022,7,1184.0,1852.0,1140.0,445951.39225,438633.7926333333,5603.361703333333,1714.2379266666665,494584.35396,391378.5076333333,404406.82387,475626.08395,168599.63375333333,31462.08011,101742.89198999999,35394.661653333336,-71219.26008,0,11,1,56,167,0,119,0,0,113,0,0,0,11,1231343.0,809436.0,421907.0,0.3426,119631.0,1047746.0,804455.0,243291.0,0.2322,102561.0,API,1342.0
2022-08-01,은평구,2022,8,1342.0,1844.0,1160.0,434124.0052032258,427088.5842548387,5585.263093548388,1450.1578451612902,480054.5610451613,383792.82583870966,394896.79807419353,462143.4388516129,160480.4933516129,30429.037958064513,97122.34205806452,32929.113335483875,-67246.64077741935,0,11,1,56,167,0,119,0,0,113,0,0,0,11,1231343.0,809436.0,421907.0,0.3426,119631.0,1047746.0,804455.0,243291.0,0.2322,102561.0,API,1444.0
2022-09-01,은평구,2022,9,1444.0,1851.0,1091.0,427596.5518709678,420834.61993870966,5485.515719354839,1276.4162161290321,472610.43647741934,377071.14427419356,388460.95966774196,455550.5462967742,156885.74918064516,28565.650077419356,96308.95468387096,32011.144419354838,-67089.58662903226,0,11,1,56,167,0,119,0,0,113,0,0,0,11,1231343.0,809436.0,421907.0,0.3426,119631.0,1047746.0,804455.0,243291.0,0.2322,102561.0,API,1252.0
2022-10-01,은평구,2022,10,1252.0,1736.0,1051.0,427623.79891333333,420751.74651666667,5505.461139999999,1366.5912533333333,475055.83464,374444.15691,386876.6098566667,456728.93396,158227.27203,30920.047123333334,94803.49659000001,32503.728316666668,-69852.32410333333,0,11,1,56,167,0,119,0,0,113,0,0,0,11,1231343.0,809436.0,421907.0,0.3426,119631.0,1047746.0,804455.0,243291.0,0.2322,102561.0,API,1332.0
2022-11-01,은평구,2022,11,1332.0,1772.0,1066.0,427969.2336419355,421143.36932258063,5512.495261290323,1313.3690548387096,474842.8232290322,373234.5442,387051.664416129,457196.0688,152549.18497419354,28982.282099999997,91957.14859677419,31609.754277419353,-70144.40438387096,0,11,1,56,167,0,119,0,0,113,0,0,0,11,1231343.0,809436.0,421907.0,0.3426,119631.0,1047746.0,804455.0,243291.0,0.2322,102561.0,API,1192.0
2022-12-01,은평구,2022,12,1192.0,1952.0,992.0,426289.30260999996,419546.74241666665,5472.115486666667,1270.4447066666667,474621.25072,370218.59207,383450.55383333337,456888.4088833333,156612.21908666665,29638.926393333335,94325.72447666667,32647.56821666667,-73437.85504999998,0,11,1,56,167,0,119,0,0,113,0,0,0,11,1231343.0,809436.0,421907.0,0.3426,119631.0,1047746.0,804455.0,243291.0,0.2322,102561.0,API,1347.0
2023-01-01,은평구,2023,1,1347.0,1851.0,1111.0,432175.48938387097,425374.2171290323,5423.694648387096,1377.5776064516128,475547.22112580645,381856.71755483875,393742.2043129032,459627.8358516129,153744.20718064517,30067.213138709678,91815.51258387096,31861.481458064518,-65885.63153870967,1,25,13,213,137,1,152,0,0,63,0,0,0,20,1176849.0,768755.0,408094.0,0.3468,128687.0,893541.0,654656.0,238885.0,0.2673,116035.0,API,1246.0
2023-02-01,은평구,2023,2,1246.0,1881.0,1072.0,432958.9145870968,425846.54647096776,5589.414422580646,1522.9537,474582.37700322585,385114.52106451616,396695.21340322576,458861.5582903226,154078.52403225808,31334.765416129034,91696.19429354838,31047.564322580645,-62166.34488709678,1,25,13,213,137,1,152,0,0,63,0,0,0,20,1176849.0,768755.0,408094.0,0.3468,128687.0,893541.0,654656.0,238885.0,0.2673,116035.0,API,979.0
2023-03-01,은평구,2023,3,979.0,2483.0,1167.0,430602.1875535714,423620.7484428571,5704.128889285714,1277.3102142857144,476427.60521785717,377468.62637857144,389966.9640535714,459627.34717857145,155207.66227857143,30503.625003571426,93194.36378928572,31509.673485714284,-69660.383125,1,25,13,213,137,1,152,0,0,63,0,0,0,20,1176849.0,768755.0,408094.0,0.3468,128687.0,893541.0,654656.0,238885.0,0.2673,116035.0,API,1184.0
2023-04-01,은평구,2023,4,1184.0,2004.0,1148.0,426600.9165064516,419843.41859354835,5509.651712903226,1247.8462,473943.5957064516,371221.4897967742,384406.90576129034,456739.49560967745,151054.55236451613,29745.873535483872,89574.0595032258,31734.619325806452,-72332.5898483871,1,25,13,213,137,1,152,0,0,63,0,0,0,20,1176849.0,768755.0,408094.0,0.3468,128687.0,893541.0,654656.0,238885.0,0.2673,116035.0,API,1276.0
2023-05-01,은평구,2023,5,1276.0,1955.0,1187.0,424122.14900000003,417460.6004733333,5437.519263333334,1224.02929,471418.6394433333,368927.13652,382301.08075666666,453994.3406266667,158594.76093666666,30928.40958,94407.90610333333,33258.44525333333,-71693.25987,1,25,13,213,137,1,152,0,0,63,0,0,0,20,1176849.0,768755.0,408094.0,0.3468,128687.0,893541.0,654656.0,238885.0,0.2673,116035.0,API,1332.0
2023-06-01,은평구,2023,6,1332.0,1916.0,1184.0,420685.7713451613,414229.40026774193,5420.082416129032,1036.288664516129,468327.9730903226,366925.194316129,379626.2274612903,450014.01697419357,153749.85502903227,30191.518129032258,90797.30188387095,32761.035016129033,-70387.78951290324,1,25,13,213,137,1,152,0,0,63,0,0,0,20,1176849.0,768755.0,408094.0,0.3468,128687.0,893541.0,654656.0,238885.0,0.2673,116035.0,API,1183.0
2023-07-01,은평구,2023,7,1183.0,2171.0,1342.0,421366.50489000004,414781.1112766667,5452.98898,1132.4046466666666,468795.0508,368801.65671,380655.28661333333,450445.94652,154922.4589666667,29897.13179,92319.40913,32705.918046666666,-69790.65990666667,1,25,13,213,137,1,152,0,0,63,0,0,0,20,1176849.0,768755.0,408094.0,0.3468,128687.0,893541.0,654656.0,238885.0,0.2673,116035.0,API,1327.0
2023-08-01,은평구,2023,8,1327.0,2374.0,1444.0,424690.91637096775,417829.0685967742,5701.846996774194,1160.000793548387,470458.00268387096,374900.7273645161,385783.30217096774,452482.069383871,152075.1355451613,30356.87321290323,89561.20288064516,32157.059451612902,-66698.76721290323,1,25,13,213,137,1,152,0,0,63,0,0,0,20,1176849.0,768755.0,408094.0,0.3468,128687.0,893541.0,654656.0,238885.0,0.2673,116035.0,API,1332.0
2023-09-01,은평구,2023,9,1332.0,2124.0,1252.0,421229.04480645165,414616.64754516125,5650.521612903226,961.8756483870968,467720.40453225805,370456.3243451613,381699.6966064516,449464.29351935483,151063.5221096774,29215.679587096773,89399.3000483871,32448.542474193546,-67764.59691290323,1,25,13,213,137,1,152,0,0,63,0,0,0,20,1176849.0,768755.0,408094.0,0.3468,128687.0,893541.0,654656.0,238885.0,0.2673,116035.0,API,1287.0
2023-10-01,은평구,2023,10,1287.0,2104.0,1332.0,425520.19941666664,418810.11320666666,5692.814936666667,1017.27128,473899.6010833334,373054.82252999995,385255.07774,454281.00061000005,155327.64554,31972.24973,89550.94229666666,33804.453513333334,-69025.92287,1,25,13,213,137,1,152,0,0,63,0,0,0,20,1176849.0,768755.0,408094.0,0.3468,128687.0,893541.0,654656.0,238885.0,0.2673,116035.0,API,1221.0
2023-11-01,은평구,2023,11,1221.0,2031.0,1192.0,423498.9540870968,416818.6623677419,5641.970964516129,1038.3207516129032,470906.7140935484,368666.8930225806,382269.5468967742,452948.5306483871,152205.2167451613,30256.910103225808,89576.08375806452,32372.222883870967,-70678.98375161289,1,25,13,213,137,1,152,0,0,63,0,0,0,20,1176849.0,768755.0,408094.0,0.3468,128687.0,893541.0,654656.0,238885.0,0.2673,116035.0,API,1181.0
2023-12-01,은평구,2023,12,1181.0,2223.0,1347.0,425672.71334666666,418942.00458,5691.953543333334,1038.75524,477075.21404666663,368670.5071866667,381865.72348,456963.4204,158319.52962333334,33014.33087666667,91036.96374333333,34268.235003333335,-75097.69692,1,25,13,213,137,1,152,0,0,63,0,0,0,20,1176849.0,768755.0,408094.0,0.3468,128687.0,893541.0,654656.0,238885.0,0.2673,116035.0,API,1330.0
2024-01-01,은평구,2024,1,1330.0,2082.0,1246.0,437092.47354838706,429543.56615806447,6462.157412903226,1086.7499741935483,486759.8544032258,384318.6030225807,397007.11068387097,465724.8756032258,158364.71476451613,35651.02022580645,88802.79329032259,33910.9012483871,-68717.76491935484,3,44,22,262,218,1,210,0,0,111,0,0,0,17,1115494.0,726161.0,389333.0,0.349,142461.0,890846.0,644332.0,246514.0,0.2767,138875.0,API,1215.0
2024-02-01,은평구,2024,2,1215.0,1683.0,979.0,431357.0017870967,424366.33603548387,6083.148958064517,907.5168258064516,478887.17680645164,379169.69819032255,392713.54087741935,458959.473883871,151028.21079354838,33389.54291935484,86383.10338387097,31255.56449032258,-66245.93300645161,3,44,22,262,218,1,210,0,0,111,0,0,0,17,1115494.0,726161.0,389333.0,0.349,142461.0,890846.0,644332.0,246514.0,0.2767,138875.0,API,973.0
2024-03-01,은평구,2024,3,973.0,2010.0,1184.0,432325.6089965517,425202.1112137931,6015.296117241379,1108.2016827586208,476806.31919310347,380448.0463103448,393625.5738862069,459968.49122068967,156851.92622413795,33842.833399999996,90244.36370689655,32764.72911724138,-66342.91733448274,3,44,22,262,218,1,210,0,0,111,0,0,0,17,1115494.0,726161.0,389333.0,0.349,142461.0,890846.0,644332.0,246514.0,0.2767,138875.0,API,1010.0
2024-04-01,은평구,2024,4,1010.0,2119.0,1276.0,428766.8383,421946.73288064514,5745.689183870968,1074.4162516129031,474861.0641967742,373916.425916129,387853.21561612905,457990.85450967745,153521.7301483871,31939.758512903227,89088.04186129032,32493.929774193548,-70137.63889354838,3,44,22,262,218,1,210,0,0,111,0,0,0,17,1115494.0,726161.0,389333.0,0.349,142461.0,890846.0,644332.0,246514.0,0.2767,138875.0,API,1053.0
2024-05-01,은평구,2024,5,1053.0,2227.0,1332.0,422031.4722866667,415275.61284333334,5600.718739999999,1155.1406866666666,471879.32912,364460.8138633333,378552.8457066667,453087.6341266667,158415.57481666666,30331.914256666667,94191.79347333334,33891.867086666665,-74534.78842000001,3,44,22,262,218,1,210,0,0,111,0,0,0,17,1115494.0,726161.0,389333.0,0.349,142461.0,890846.0,644332.0,246514.0,0.2767,138875.0,API,1068.0
2024-06-01,은평구,2024,6,1068.0,2114.0,1183.0,420823.6483258065,414125.468683871,5630.198893548388,1067.9807483870968,469034.8128870968,365583.74075161293,379018.73932580644,450684.2976096774,143772.84751612903,28966.251606451613,82978.43995483872,31828.15595483871,-71665.55828387097,3,44,22,262,218,1,210,0,0,111,0,0,0,17,1115494.0,726161.0,389333.0,0.349,142461.0,890846.0,644332.0,246514.0,0.2767,138875.0,API,1132.0
2024-07-01,은평구,2024,7,1132.0,2274.0,1327.0,423612.8791166667,416817.02969,5792.181549999999,1003.6678800000001,469829.01078,371632.30989333335,384063.0313166667,451862.77039666666,145938.20107333333,30530.988063333334,82934.89473,32472.31828,-67799.73908,3,44,22,262,218,1,210,0,0,111,0,0,0,17,1115494.0,726161.0,389333.0,0.349,142461.0,890846.0,644332.0,246514.0,0.2767,138875.0,API,1133.0
2024-08-01,은평구,2024,8,1133.0,2276.0,1332.0,426334.9641290323,419209.4177580645,6008.920948387096,1116.6254322580646,473637.80687741935,373381.973,385374.4800129032,455592.45280645165,144517.61297419356,30575.40582580645,81743.72578387096,32198.481364516127,-70217.9727935484,3,44,22,262,218,1,210,0,0,111,0,0,0,17,1115494.0,726161.0,389333.0,0.349,142461.0,890846.0,644332.0,246514.0,0.2767,138875.0,API,1171.0
2024-09-01,은평구,2024,9,1171.0,2149.0,1287.0,424382.22735483875,417309.8546387096,6121.584670967742,950.7880451612904,469650.82515806454,374909.2299387097,385918.85695483873,451856.0633612903,147259.80417096775,30773.725367741936,83723.7664032258,32762.312400000003,-65937.20640645162,3,44,22,262,218,1,210,0,0,111,0,0,0,17,1115494.0,726161.0,389333.0,0.349,142461.0,890846.0,644332.0,246514.0,0.2767,138875.0,API,980.0
2024-10-01,은평구,2024,10,980.0,2065.0,1221.0,423320.0669,416158.19053,6089.54438,1072.3319966666668,468600.36397,373819.87357,385512.66853,450325.3514666667,153247.41986,32455.951553333332,86709.61084333334,34081.857463333334,-64812.68293666667,3,44,22,262,218,1,210,0,0,111,0,0,0,17,1115494.0,726161.0,389333.0,0.349,142461.0,890846.0,644332.0,246514.0,0.2767,138875.0,API,1010.0
2024-11-01,은평구,2024,11,1010.0,1991.0,1181.0,423077.97791290324,415767.9587935484,6016.887032258064,1293.1320838709676,471116.4512193549,367862.5021548387,381348.1789419355,452884.97720645164,149247.54583225807,30588.916322580644,85256.47991612904,33402.14959354839,-71536.79826451612,3,44,22,262,218,1,210,0,0,111,0,0,0,17,1115494.0,726161.0,389333.0,0.349,142461.0,890846.0,644332.0,246514.0,0.2767,138875.0,API,1002.0
2024-12-01,은평구,2024,12,1002.0,2278.0,1330.0,422728.19217,415735.81494333333,5868.365616666666,1124.01163,471185.8649666666,366909.66739,380680.8936666667,452761.97683,153862.56524666667,32064.943160000003,86642.29034,35155.33174666667,-72081.08316333333,3,44,22,262,218,1,210,0,0,111,0,0,0,17,1115494.0,726161.0,389333.0,0.349,142461.0,890846.0,644332.0,246514.0,0.2767,138875.0,API,984.0
2025-01-01,은평구,2025,1,984.0,2001.0,1215.0,426388.93006451614,419303.4622677419,5882.386848387097,1203.080964516129,471412.95063870965,375153.0836935484,387996.7170129032,453811.93938709673,150799.846983871,32390.83397419355,84741.59525483871,33667.41775483871,-65815.22237419354,0,22,0,68,159,0,190,13,84,92,24,41,0,25,1106800.0,698473.0,408327.0,0.3689,132152.0,871672.0,642130.0,229542.0,0.2633,144774.0,API,998.0
2025-02-01,은평구,2025,2,998.0,1700.0,973.0,431324.62048387097,424103.9039967742,6158.754048387096,1061.9624322580644,472074.640116129,384643.7287483871,396245.31437096774,456381.26770967746,148765.13626129032,32357.71885483871,83740.89777741936,32666.519629032256,-60135.953338709674,0,22,0,68,159,0,190,13,84,92,24,41,0,25,1106800.0,698473.0,408327.0,0.3689,132152.0,871672.0,642130.0,229542.0,0.2633,144774.0,API,898.0
2025-03-01,은평구,2025,3,898.0,1879.0,1010.0,430429.6619535714,423261.73955714284,6203.731639285715,964.1907642857143,475853.500825,377273.0712642857,389953.7767714286,459341.008525,148047.61376785714,29751.64199642857,86038.28271428573,32257.689057142856,-69387.23175357144,0,22,0,68,159,0,190,13,84,92,24,41,0,25,1106800.0,698473.0,408327.0,0.3689,132152.0,871672.0,642130.0,229542.0,0.2633,144774.0,API,963.0
2025-04-01,은평구,2025,4,963.0,1913.0,1053.0,427415.35029677424,420389.62973870966,6030.887187096774,994.8333838709679,472993.44905161293,374156.9925774193,387216.9142516129,456128.51888064516,146495.96162258065,30077.08592903226,83506.55011290322,32912.32558064516,-68911.60462903226,0,22,0,68,159,0,190,13,84,92,24,41,0,25,1106800.0,698473.0,408327.0,0.3689,132152.0,871672.0,642130.0,229542.0,0.2633,144774.0,API,896.0
2025-05-01,은평구,2025,5,896.0,1989.0,1068.0,421513.00419,414392.29636,5982.501286666667,1138.2065533333334,470216.97642,365381.2801166667,378554.4674566667,452197.67330666666,156380.80478,31119.942996666665,90057.87042666666,35202.991356666666,-73643.20585,0,22,0,68,159,0,190,13,84,92,24,41,0,25,1106800.0,698473.0,408327.0,0.3689,132152.0,871672.0,642130.0,229542.0,0.2633,144774.0,API,944.0
2025-06-01,은평구,2025,6,944.0,2010.0,1132.0,418114.32042903226,411163.37075161294,5927.768661290323,1023.1810322580645,464882.3129483871,365423.7423516129,378121.0681032258,446680.9292645161,150095.2548935484,30696.826632258064,85525.20410322581,33873.22415806451,-68559.86116129032,0,22,0,68,159,0,190,13,84,92,24,41,0,25,1106800.0,698473.0,408327.0,0.3689,132152.0,871672.0,642130.0,229542.0,0.2633,144774.0,API,989.0
2025-07-01,은평구,2025,7,989.0,2095.0,1133.0,421151.29434333334,414313.55701,5823.146203333334,1014.5911266666667,466404.02271666663,370667.62511666666,382491.4618933333,448765.46038,152886.04797666665,30584.894226666667,88495.24879666667,33805.90495333333,-66273.99848666666,0,22,0,68,159,0,190,13,84,92,24,41,0,25,1106800.0,698473.0,408327.0,0.3689,132152.0,871672.0,642130.0,229542.0,0.2633,144774.0,API,1056.0
2025-08-01,은평구,2025,8,1056.0,2303.0,1171.0,418873.46669354837,411831.82777741936,5850.084838709678,1191.5540774193548,465663.1847548387,367239.8124580645,378608.1404903226,447634.41399032256,150602.58162903227,30583.08882903226,87135.56192580645,32883.930874193546,-69026.27350000001,0,22,0,68,159,0,190,13,84,92,24,41,0,25,1106800.0,698473.0,408327.0,0.3689,132152.0,871672.0,642130.0,229542.0,0.2633,144774.0,API,1105.0
2025-09-01,은평구,2025,9,1105.0,1889.0,980.0,417361.87846451614,410593.83446774195,5817.644648387097,950.399364516129,461698.92367419356,368925.0691548387,379967.25692258065,444072.3224451613,151044.87846451614,30143.43359032258,87715.19623225807,33186.24864193548,-64105.06552258065,0,22,0,68,159,0,190,13,84,92,24,41,0,25,1106800.0,698473.0,408327.0,0.3689,132152.0,871672.0,642130.0,229542.0,0.2633,144774.0,API,1101.0
2025-10-01,은평구,2025,10,1101.0,1882.0,1010.0,414943.0314733333,408321.65931,5648.33516,973.0370033333332,463588.29127,360657.8023266667,373118.99124,444817.34592,152583.79106999998,30592.272413333336,88134.31773,33857.200926666665,-71698.35468,0,22,0,68,159,0,190,13,84,92,24,41,0,25,1106800.0,698473.0,408327.0,0.3689,132152.0,871672.0,642130.0,229542.0,0.2633,144774.0,API,1041.0
2025-11-01,은평구,2025,11,1041.0,1796.0,1002.0,413163.1546225806,406342.0728967742,5582.709538709677,1238.3721806451615,461515.96512258064,361508.0855096775,374386.9608354839,440860.4359032258,146791.17227741933,31100.668999999998,82945.73701935484,32744.766258064516,-66473.47506774192,0,22,0,68,159,0,190,13,84,92,24,41,0,25,1106800.0,698473.0,408327.0,0.3689,132152.0,871672.0,642130.0,229542.0,0.2633,144774.0,API,1032.0
2025-12-01,은평구,2025,12,1032.0,1893.0,984.0,415836.17504999996,409183.83750333334,5589.992076666666,1062.3454566666667,462828.37588999997,362290.4173566667,375434.4754266667,444694.5319333334,147584.50800333332,29780.67839,85032.84936666668,32770.980246666666,-69260.05650666666,0,22,0,68,159,0,190,13,84,92,24,41,0,25,1106800.0,698473.0,408327.0,0.3689,132152.0,871672.0,642130.0,229542.0,0.2633,144774.0,API,1070.0
2017-01-01,종로구,2017,1,,,,,,,,,,,,,,,,,6,52,8,356,131,0,287,0,0,135,0,0,1,18,,,,,,,,,,,API,834.0
2017-02-01,종로구,2017,2,834.0,,,,,,,,,,,,,,,,6,52,8,356,131,0,287,0,0,135,0,0,1,18,,,,,,,,,,,API,734.0
2017-03-01,종로구,2017,3,734.0,,,,,,,,,,,,,,,,6,52,8,356,131,0,287,0,0,135,0,0,1,18,,,,,,,,,,,API,798.0
2017-04-01,종로구,2017,4,798.0,,,,,,,,,,,,,,,,6,52,8,356,131,0,287,0,0,135,0,0,1,18,,,,,,,,,,,API,816.0
2017-05-01,종로구,2017,5,816.0,,,,,,,,,,,,,,,,6,52,8,356,131,0,287,0,0,135,0,0,1,18,,,,,,,,,,,API,965.0
2017-06-01,종로구,2017,6,965.0,,,,,,,,,,,,,,,,6,52,8,356,131,0,287,0,0,135,0,0,1,18,,,,,,,,,,,API,971.0
2017-07-01,종로구,2017,7,971.0,,,,,,,,,,,,,,,,6,52,8,356,131,0,287,0,0,135,0,0,1,18,,,,,,,,,,,API,1010.0
2017-08-01,종로구,2017,8,1010.0,,,,,,,,,,,,,,,,6,52,8,356,131,0,287,0,0,135,0,0,1,18,,,,,,,,,,,API,974.0
2017-09-01,종로구,2017,9,974.0,,,,,,,,,,,,,,,,6,52,8,356,131,0,287,0,0,135,0,0,1,18,,,,,,,,,,,API,982.0
2017-10-01,종로구,2017,10,982.0,,,,,,,,,,,,,,,,6,52,8,356,131,0,287,0,0,135,0,0,1,18,,,,,,,,,,,API,959.0
2017-11-01,종로구,2017,11,959.0,,,,,,,,,,,,,,,,6,52,8,356,131,0,287,0,0,135,0,0,1,18,,,,,,,,,,,API,911.0
2017-12-01,종로구,2017,12,911.0,,,,,,,,,,,,,,,,6,52,8,356,131,0,287,0,0,135,0,0,1,18,,,,,,,,,,,API,1036.0
2018-01-01,종로구,2018,1,1036.0,1418.0,834.0,,,,,,,,,,,,,,10,44,5,200,106,9,151,0,0,110,0,0,0,8,,,,,,,,,,,API,1023.0
2018-02-01,종로구,2018,2,1023.0,1286.0,734.0,,,,,,,,,,,,,,10,44,5,200,106,9,151,0,0,110,0,0,0,8,,,,,,,,,,,API,841.0
2018-03-01,종로구,2018,3,841.0,1467.0,798.0,,,,,,,,,,,,,,10,44,5,200,106,9,151,0,0,110,0,0,0,8,,,,,,,,,,,API,900.0
2018-04-01,종로구,2018,4,900.0,1483.0,816.0,,,,,,,,,,,,,,10,44,5,200,106,9,151,0,0,110,0,0,0,8,,,,,,,,,,,API,902.0
2018-05-01,종로구,2018,5,902.0,1631.0,965.0,379032.15570384613,342123.8175423077,20254.073734615384,16654.26443076923,523693.89743846154,268618.82828846155,480991.8420307692,306203.80833846156,343196.2579269231,89902.41188076923,43392.72295384616,209901.1230923077,174788.0336923077,10,44,5,200,106,9,151,0,0,110,0,0,0,8,,,,,,,,,,,API,1015.0
2018-06-01,종로구,2018,6,1015.0,1698.0,971.0,378427.4131967742,343912.2941903226,20020.726796774194,14494.392206451614,527388.230583871,267030.9039870968,481636.91516774194,303773.4093451613,341407.1206516129,92738.2235516129,42881.61322258064,205787.28387741937,177863.50582258063,10,44,5,200,106,9,151,0,0,110,0,0,0,8,,,,,,,,,,,API,1010.0
2018-07-01,종로구,2018,7,1010.0,1745.0,1010.0,359478.47442,327129.94180333335,19351.03601666667,12997.496623333334,490746.4948366667,257891.42050333333,451948.05443333334,293428.77441333333,309227.59150333336,81870.20898666668,40064.81508666666,187292.56743,158519.28002,10,44,5,200,106,9,151,0,0,110,0,0,0,8,,,,,,,,,,,API,1102.0
2018-08-01,종로구,2018,8,1102.0,1670.0,974.0,343811.1416580645,313531.3950677419,16537.767109677417,13741.97947096774,461851.8428096774,249053.7086483871,430774.1805709677,281694.6852935484,295815.8461096774,77641.51642258064,39182.68438387097,178991.6453032258,149079.49527741937,10,44,5,200,106,9,151,0,0,110,0,0,0,8,,,,,,,,,,,API,1036.0
2018-09-01,종로구,2018,9,1036.0,1699.0,982.0,334826.9419806452,304753.67181612906,15917.088748387097,14156.181412903226,449744.6668451613,244165.20427096772,418288.2567129032,274517.3029451613,293768.60587096773,76619.70444193548,38876.28679032258,178272.61463870967,143770.95376774194,10,44,5,200,106,9,151,0,0,110,0,0,0,8,,,,,,,,,,,API,915.0
2018-10-01,종로구,2018,10,915.0,1681.0,959.0,346000.73034666665,311999.51827,19160.55905,14840.65303,472492.25131666666,253334.88841,432447.86026000004,284252.7804133333,295794.5843333333,81591.25751,36730.06943333334,177473.25738999998,148195.07984666666,10,44,5,200,106,9,151,0,0,110,0,0,0,8,,,,,,,,,,,API,918.0
2018-11-01,종로구,2018,11,918.0,1596.0,911.0,362251.8399709678,326460.3240967742,19216.355,16575.160880645162,505584.0920096774,260396.6868935484,459053.56605483865,292347.0748612903,317908.8232483871,88718.6723,37824.99039032258,191365.16055806453,166706.4911935484,10,44,5,200,106,9,151,0,0,110,0,0,0,8,,,,,,,,,,,API,852.0
2018-12-01,종로구,2018,12,852.0,1765.0,1036.0,366392.94653666666,330187.3892533333,19572.525616666666,16633.031676666666,506835.0344066667,262323.50086333335,462717.88155666663,297589.42155,327055.78396666667,90292.07442333334,38467.09774333333,198296.6118,165128.4600066667,10,44,5,200,106,9,151,0,0,110,0,0,0,8,,,,,,,,,,,API,954.0
2019-01-01,종로구,2019,1,954.0,1759.0,1023.0,349729.8822677419,314873.3088451613,19205.308867741936,15651.264551612903,474580.1432580645,254546.21399032258,435677.78926451615,288338.5201354839,297851.1271451613,82164.05987741935,37812.58864193549,177874.47862580643,147339.26912903224,0,28,4,114,77,0,181,0,0,84,0,0,0,26,,,,,,,,,,,API,822.0
2019-02-01,종로구,2019,2,822.0,1445.0,841.0,338030.20441612904,307743.1344967742,16385.95316451613,13901.116758064516,466578.87772903225,243901.38888709678,426171.0516483871,275072.45638064516,309801.35992580646,86022.25580322581,38843.789364516124,184935.31475806452,151098.59526774194,0,28,4,114,77,0,181,0,0,84,0,0,0,26,,,,,,,,,,,API,745.0
2019-03-01,종로구,2019,3,745.0,1620.0,900.0,320851.5747642857,291767.10793928575,15963.7417,13120.725135714285,438818.93757857144,236665.5412857143,399373.57833214285,264764.42935,287736.21113571426,81209.29794285714,36645.9516,169880.96159285711,134609.14898214285,0,28,4,114,77,0,181,0,0,84,0,0,0,26,,,,,,,,,,,API,826.0
2019-04-01,종로구,2019,4,826.0,1599.0,902.0,346945.36988387094,314102.9137838709,19535.28323870968,13307.172883870968,475204.43977096776,254012.2786419355,434781.5492967742,284205.2417612903,287676.99052580644,80464.39072903227,34451.560348387095,172761.0394483871,150576.30753548385,0,28,4,114,77,0,181,0,0,84,0,0,0,26,,,,,,,,,,,API,833.0
2019-05-01,종로구,2019,5,833.0,1811.0,1015.0,349683.17495666665,315552.93712,19500.935279999998,14629.30256,481426.85903666663,253930.42511,440336.16488999996,284931.0392966667,315806.25770666666,84031.25421666667,39185.522286666666,192589.48120333333,155405.12559333336,0,28,4,114,77,0,181,0,0,84,0,0,0,26,,,,,,,,,,,API,942.0
2019-06-01,종로구,2019,6,942.0,1828.0,1010.0,342521.9268903226,309013.9178419355,19641.59029032258,13866.418761290322,470848.21242580644,248359.7317967742,431185.3658967742,279190.8990354839,291101.16045806446,81070.31960967742,36017.693151612904,174013.1476967742,151994.4668612903,0,28,4,114,77,0,181,0,0,84,0,0,0,26,,,,,,,,,,,API,904.0
2019-07-01,종로구,2019,7,904.0,1867.0,1102.0,330377.8425,297878.5840566667,19524.551866666665,12974.706573333333,443409.29176000005,245353.49034333334,409130.47565333336,274125.96169,265607.8099033333,71918.88048,34242.36361,159446.56581333332,135004.51396333333,0,28,4,114,77,0,181,0,0,84,0,0,0,26,,,,,,,,,,,API,953.0
2019-08-01,종로구,2019,8,953.0,1926.0,1036.0,324134.82135161286,294926.50758709677,16828.17290645161,12380.140841935483,438370.2714967742,235234.66996129032,406813.14414193545,265078.87650645163,252748.49691612902,69905.44904838709,30495.555648387097,152347.49221935484,141734.26763548388,0,28,4,114,77,0,181,0,0,84,0,0,0,26,,,,,,,,,,,API,948.0
2019-09-01,종로구,2019,9,948.0,1670.0,915.0,329357.8284967742,299676.2127645161,16191.679509677419,13489.936206451614,443618.3320580645,242809.883216129,409705.7084225806,271966.4856870968,264371.4077483871,74600.75973225807,32075.32621935484,157695.3217967742,137739.22273548387,0,28,4,114,77,0,181,0,0,84,0,0,0,26,,,,,,,,,,,API,865.0
2019-10-01,종로구,2019,10,865.0,1658.0,918.0,338801.4743,305231.0970633334,19551.600063333335,14018.777183333334,459012.87303,249871.36231666667,421937.91239,279418.30425333336,281418.14841666666,79369.42283333333,33179.714256666666,168869.01132666666,142519.60813666665,0,28,4,114,77,0,181,0,0,84,0,0,0,26,,,,,,,,,,,API,961.0
2019-11-01,종로구,2019,11,961.0,1544.0,852.0,362284.8499274194,325827.4482612903,19682.63685483871,16774.764808064516,516572.96132903226,253575.2047887097,467094.2129693548,287421.0191629032,324348.93369032256,93255.5166967742,33558.344659677416,197535.07233387098,179673.1938064516,0,28,4,114,77,0,181,0,0,84,0,0,0,26,,,,,,,,,,,API,934.0
2019-12-01,종로구,2019,12,934.0,1767.0,954.0,353387.87701,317609.6126066667,19534.76898333333,16243.49542,490715.12798000005,253600.3590366667,447654.9917933333,286054.22361,304312.56611,87249.67480666666,32350.055996666666,184712.83530666668,161600.76818333333,0,28,4,114,77,0,181,0,0,84,0,0,0,26,,,,,,,,,,,API,912.0
2020-01-01,종로구,2020,1,912.0,1428.0,822.0,345149.87300967745,310594.9880870968,19017.81494193548,15537.070003225806,470727.1328516129,250909.8664483871,431603.90660322586,283396.9918677419,303252.80126451614,86051.59527096774,34291.64023225806,182909.56576129032,148206.91473548388,0,22,1,69,86,0,130,0,0,97,0,0,2,14,393826.0,263424.0,130402.0,0.3311,,1212638.0,682907.0,529731.0,0.4368,,API,832.0
2020-02-01,종로구,2020,2,832.0,1299.0,745.0,319075.13143548387,289418.1998064516,15821.775283870968,13835.15635483871,435236.4142419355,235829.32412258064,397819.1506741936,262829.40341612906,282013.34326774196,79743.03116774194,33261.01487419355,169009.29722580645,134989.7472580645,0,22,1,69,86,0,130,0,0,97,0,0,2,14,393826.0,263424.0,130402.0,0.3311,,1212638.0,682907.0,529731.0,0.4368,,API,629.0
2020-03-01,종로구,2020,3,629.0,1499.0,826.0,310324.96677241375,283793.6094034483,15696.911489655173,10834.44587586207,408632.36273103446,234543.93304827588,382327.7362758621,258894.41713793104,257432.9498586207,64458.04483448276,34336.185489655174,158638.71953448278,123433.31913793103,0,22,1,69,86,0,130,0,0,97,0,0,2,14,393826.0,263424.0,130402.0,0.3311,,1212638.0,682907.0,529731.0,0.4368,,API,489.0
2020-04-01,종로구,2020,4,489.0,1468.0,833.0,285991.8058548387,265353.3741,15575.217367741934,5063.214387096775,366184.5269967742,224847.02057419354,344944.8203612903,243882.50976451611,224081.5686612903,51507.145987096774,33391.59871612903,139182.82395806452,101062.3105967742,0,22,1,69,86,0,130,0,0,97,0,0,2,14,393826.0,263424.0,130402.0,0.3311,,1212638.0,682907.0,529731.0,0.4368,,API,575.0
2020-05-01,종로구,2020,5,575.0,1669.0,942.0,290488.38319333334,272074.21874000004,15916.17999,2497.984466666667,378167.09042,224369.96002333332,353878.8501366667,245209.47824,244638.47693333335,58268.22479666666,34910.85788333333,151459.39425333336,108669.37189666666,0,22,1,69,86,0,130,0,0,97,0,0,2,14,393826.0,263424.0,130402.0,0.3311,,1212638.0,682907.0,529731.0,0.4368,,API,652.0
2020-06-01,종로구,2020,6,652.0,1600.0,904.0,293561.87420322583,275369.46318709676,16294.886451612903,1897.5245612903227,384563.6928258065,224041.55252903225,359050.869532258,246784.02038709677,250973.17557419356,61393.5806483871,35120.434941935484,154459.15998387095,112266.8491451613,0,22,1,69,86,0,130,0,0,97,0,0,2,14,393826.0,263424.0,130402.0,0.3311,,1212638.0,682907.0,529731.0,0.4368,,API,721.0
2020-07-01,종로구,2020,7,721.0,1678.0,953.0,304648.96323,285128.00513,16785.31670666667,2735.64139,400021.1871033333,228046.45645666667,376009.54219,253677.12110666666,263864.94634333334,63790.67519,35429.73059666667,164644.54055666664,122332.42108333335,0,22,1,69,86,0,130,0,0,97,0,0,2,14,393826.0,263424.0,130402.0,0.3311,,1212638.0,682907.0,529731.0,0.4368,,API,744.0
2020-08-01,종로구,2020,8,744.0,1673.0,948.0,307947.48208064516,288884.58744516125,16668.891987096773,2394.0026580645163,407005.41178709676,229038.4933516129,381138.8751483871,255667.91562580646,267219.0620806452,66261.45606774194,34642.35719677419,166315.24881612902,125470.95952258066,0,22,1,69,86,0,130,0,0,97,0,0,2,14,393826.0,263424.0,130402.0,0.3311,,1212638.0,682907.0,529731.0,0.4368,,API,690.0
2020-09-01,종로구,2020,9,690.0,1689.0,865.0,287503.1764774193,267153.2492645161,16254.437570967742,4095.4896451612904,367454.83586774196,225866.26755483873,345866.7537548387,245814.90701290322,232279.23081290323,55976.15282903225,33636.17489032258,142666.90309354838,100051.84674193549,0,22,1,69,86,0,130,0,0,97,0,0,2,14,393826.0,263424.0,130402.0,0.3311,,1212638.0,682907.0,529731.0,0.4368,,API,602.0
2020-10-01,종로구,2020,10,602.0,1765.0,961.0,286807.74854999996,266557.66003666667,15925.478343333332,4324.610176666666,367708.74499333336,225172.45384333332,346029.57744333334,244506.44218333333,230845.89573,53300.883389999995,33730.42597333333,143814.58636666666,101523.13526,0,22,1,69,86,0,130,0,0,97,0,0,2,14,393826.0,263424.0,130402.0,0.3311,,1212638.0,682907.0,529731.0,0.4368,,API,665.0
2020-11-01,종로구,2020,11,665.0,1642.0,934.0,295850.67443225806,276902.07187419356,16123.936396774194,2824.666183870968,389207.1971258064,225260.32810967744,362048.2590612903,248566.68541290323,255907.15785161292,64190.56059032258,34485.74715161291,157230.85010967744,113481.5736483871,0,22,1,69,86,0,130,0,0,97,0,0,2,14,393826.0,263424.0,130402.0,0.3311,,1212638.0,682907.0,529731.0,0.4368,,API,631.0
2020-12-01,종로구,2020,12,631.0,1602.0,912.0,300949.85688,280931.5343266667,16240.16912,3778.1534366666665,398412.92274999997,227721.10821333333,370892.4358166667,250990.87192333335,261583.46781,64964.24698,35053.18999,161566.03084000002,119901.56389333332,0,22,1,69,86,0,130,0,0,97,0,0,2,14,393826.0,263424.0,130402.0,0.3311,,1212638.0,682907.0,529731.0,0.4368,,API,547.0
2021-01-01,종로구,2021,1,547.0,1402.0,832.0,273887.8066935484,255716.99864193547,15378.290338709678,2792.517722580645,347955.43410645163,219379.11588387098,328175.0562096774,235111.19987741936,212183.63437419356,47877.04674516129,32825.2224,131481.36522903226,93063.85633225806,0,15,2,52,121,0,119,0,0,65,0,0,0,5,380719.0,255353.0,125366.0,0.3293,,1152046.0,663885.0,488161.0,0.4237,,API,513.0
2021-02-01,종로구,2021,2,513.0,1249.0,629.0,268758.06197419355,252005.9686483871,14568.147764516129,2183.945577419355,343302.58132903225,215287.29232258064,322242.39252580644,230554.96872903226,215446.74553225806,49955.44779677419,33452.144661290324,132039.15307419354,91687.4237967742,0,15,2,52,121,0,119,0,0,65,0,0,0,5,380719.0,255353.0,125366.0,0.3293,,1152046.0,663885.0,488161.0,0.4237,,API,576.0
2021-03-01,종로구,2021,3,576.0,1018.0,489.0,277923.8072035714,259628.6901285714,14759.617907142858,3535.499164285714,363817.93434642855,216409.35912142857,338251.03010000003,234832.93369642858,236856.9070428571,59339.940735714285,33656.73639285714,143860.2299142857,103418.09640357141,0,15,2,52,121,0,119,0,0,65,0,0,0,5,380719.0,255353.0,125366.0,0.3293,,1152046.0,663885.0,488161.0,0.4237,,API,595.0
2021-04-01,종로구,2021,4,595.0,1150.0,575.0,296989.04098064516,277142.2325774193,15114.339954838708,4732.468441935484,393173.85987096775,224594.71198387095,366592.7068967742,247272.13674193548,253838.1597548387,64639.834977419356,33875.23040645161,155323.09437096774,119320.57015483872,0,15,2,52,121,0,119,0,0,65,0,0,0,5,380719.0,255353.0,125366.0,0.3293,,1152046.0,663885.0,488161.0,0.4237,,API,667.0
2021-05-01,종로구,2021,5,667.0,1340.0,652.0,294800.91389666667,276899.0066266667,15130.371543333335,2771.53572,390679.12725333334,221850.92671,364564.1579966667,244970.02525,264084.08337,64260.557856666666,36313.120630000005,163510.40488333334,119594.13274666667,0,15,2,52,121,0,119,0,0,65,0,0,0,5,380719.0,255353.0,125366.0,0.3293,,1152046.0,663885.0,488161.0,0.4237,,API,716.0
2021-06-01,종로구,2021,6,716.0,1442.0,721.0,289514.1898322581,271044.4809064516,15298.68094516129,3171.0279967741935,380476.4054548387,221383.8175580645,354222.07395806455,243294.2726096774,249225.8704903226,61598.799506451614,35645.85046451613,151981.22051935483,110927.8013483871,0,15,2,52,121,0,119,0,0,65,0,0,0,5,380719.0,255353.0,125366.0,0.3293,,1152046.0,663885.0,488161.0,0.4237,,API,814.0
2021-07-01,종로구,2021,7,814.0,1484.0,744.0,294342.0578733333,276007.75053,14731.96867,3602.3386766666667,388653.4583033333,221432.13848666666,363794.29104,244733.31991333334,259777.95294666666,64825.407080000004,35828.692200000005,159123.8536666667,119060.97112666667,0,15,2,52,121,0,119,0,0,65,0,0,0,5,380719.0,255353.0,125366.0,0.3293,,1152046.0,663885.0,488161.0,0.4237,,API,672.0
2021-08-01,종로구,2021,8,672.0,1403.0,690.0,278791.76752580644,261693.67363225805,14032.96769032258,3065.1262129032257,359687.43348387093,216843.48323870968,338525.3671290322,236124.91067419355,230893.16552903227,55532.08960645161,32963.92397096774,142397.1519516129,102400.4564548387,0,15,2,52,121,0,119,0,0,65,0,0,0,5,380719.0,255353.0,125366.0,0.3293,,1152046.0,663885.0,488161.0,0.4237,,API,716.0
2021-09-01,종로구,2021,9,716.0,1141.0,602.0,275721.6785870968,255941.1788516129,13994.628493548387,5785.8712516129035,356139.155967742,217022.02026451615,333265.629716129,234618.85636451613,225007.1939580645,54953.23982903225,31876.105354838706,138177.84877419355,98646.77335161291,0,15,2,52,121,0,119,0,0,65,0,0,0,5,380719.0,255353.0,125366.0,0.3293,,1152046.0,663885.0,488161.0,0.4237,,API,742.0
2021-10-01,종로구,2021,10,742.0,1354.0,665.0,279122.01448333333,258690.60762333332,14564.506566666667,5866.90031,364144.3999266667,217492.32402333335,338846.4889333333,236461.67560333334,231776.98819666667,58424.064483333335,31540.12406,141812.79965333332,102384.81333,0,15,2,52,121,0,119,0,0,65,0,0,0,5,380719.0,255353.0,125366.0,0.3293,,1152046.0,663885.0,488161.0,0.4237,,API,703.0
2021-11-01,종로구,2021,11,703.0,1164.0,631.0,284639.9334645161,266078.21088387095,14667.931706451614,3893.790880645161,376175.9263935484,219774.30950967743,347889.92381612904,239461.36893548386,239960.10263870968,61750.59105161291,31652.76241935484,146556.74916774195,108428.55488064516,0,15,2,52,121,0,119,0,0,65,0,0,0,5,380719.0,255353.0,125366.0,0.3293,,1152046.0,663885.0,488161.0,0.4237,,API,703.0
2021-12-01,종로구,2021,12,703.0,1007.0,547.0,296732.94937,277856.7993633333,15320.594563333334,3555.5554466666667,396851.6988333333,222567.39042333333,366497.05938000005,246901.44222666667,263623.78833,70326.09022,32885.12339,160412.57472,119595.61715333334,0,15,2,52,121,0,119,0,0,65,0,0,0,5,380719.0,255353.0,125366.0,0.3293,,1152046.0,663885.0,488161.0,0.4237,,API,652.0
2022-01-01,종로구,2022,1,652.0,1089.0,513.0,285601.61814838706,267465.1869451613,15086.154370967743,3050.276829032258,373092.5336096774,220242.5696451613,348051.3839451613,240994.64258387097,237099.9395451613,60265.88092580645,30985.76781935484,145848.2908,107056.74136129032,2,6,2,53,116,1,114,0,0,69,0,0,1,39,402570.0,276471.0,126099.0,0.3132,38771.0,1322586.0,798246.0,524340.0,0.3965,223820.0,API,637.0
2022-02-01,종로구,2022,2,637.0,1102.0,576.0,274646.1481580645,257426.95063870968,14466.302212903225,2752.895290322581,360949.4545548387,213759.32159677419,334878.3916129033,231623.1170967742,230371.40132580645,60542.96959354839,30535.932258064517,139292.49947419355,103255.27451612902,2,6,2,53,116,1,114,0,0,69,0,0,1,39,402570.0,276471.0,126099.0,0.3132,38771.0,1322586.0,798246.0,524340.0,0.3965,223820.0,API,611.0
2022-03-01,종로구,2022,3,611.0,1216.0,595.0,278264.3651714286,256013.47139285714,14938.124178571428,7312.769603571428,360458.928925,219299.55117142858,335602.34449642856,237308.66563928573,224453.58184642857,58202.130417857144,30779.473842857144,135471.97758571428,98293.67885714285,2,6,2,53,116,1,114,0,0,69,0,0,1,39,402570.0,276471.0,126099.0,0.3132,38771.0,1322586.0,798246.0,524340.0,0.3965,223820.0,API,742.0
2022-04-01,종로구,2022,4,742.0,1279.0,667.0,285889.2470032258,264145.1338419355,15585.569632258066,6158.543529032258,370845.3633064516,223114.28205161288,345624.17053225805,243221.44448387096,225540.54446451613,58387.43892903226,30092.9638516129,137060.14168387096,102402.72604838709,2,6,2,53,116,1,114,0,0,69,0,0,1,39,402570.0,276471.0,126099.0,0.3132,38771.0,1322586.0,798246.0,524340.0,0.3965,223820.0,API,644.0
2022-05-01,종로구,2022,5,644.0,1479.0,716.0,299673.6212733333,278240.4045933333,16160.64857,5272.568126666666,399601.1012466667,224417.64371,369709.33473,249648.11169999998,260087.64084,68759.32112000001,32269.963573333334,159058.35614666666,120061.22303000001,2,6,2,53,116,1,114,0,0,69,0,0,1,39,402570.0,276471.0,126099.0,0.3132,38771.0,1322586.0,798246.0,524340.0,0.3965,223820.0,API,732.0
2022-06-01,종로구,2022,6,732.0,1656.0,814.0,316676.60057741933,293012.9584419355,17178.843348387094,6484.798783870968,428511.3510129032,231638.17845161288,395403.0777548387,260443.4025870968,277483.95272903226,78306.62437741936,32714.985967741934,166462.34238387097,134959.67516774195,2,6,2,53,116,1,114,0,0,69,0,0,1,39,402570.0,276471.0,126099.0,0.3132,38771.0,1322586.0,798246.0,524340.0,0.3965,223820.0,API,731.0
2022-07-01,종로구,2022,7,731.0,1471.0,672.0,313369.38754666667,289442.5416033333,16757.05018,7169.795773333333,420305.91751,232504.08205666667,388524.85767666664,259686.90888666667,268996.31280666665,76003.56680666665,32410.774646666665,160581.97135333333,128837.94879000001,2,6,2,53,116,1,114,0,0,69,0,0,1,39,402570.0,276471.0,126099.0,0.3132,38771.0,1322586.0,798246.0,524340.0,0.3965,223820.0,API,865.0
2022-08-01,종로구,2022,8,865.0,1401.0,716.0,299820.97428387095,276042.2801161291,16172.26738064516,7606.426793548388,394964.0104516129,225551.07612903227,368580.42244516127,250707.08271612902,246172.64003225806,69288.65973225806,30359.00768064516,146524.97261935484,117873.33972903228,2,6,2,53,116,1,114,0,0,69,0,0,1,39,402570.0,276471.0,126099.0,0.3132,38771.0,1322586.0,798246.0,524340.0,0.3965,223820.0,API,900.0
2022-09-01,종로구,2022,9,900.0,1453.0,742.0,297450.2631290323,271194.5526903226,16433.595461290322,9822.114980645161,391636.7797903226,225528.80408387096,364588.66737741936,249494.2600967742,245075.85131612903,69215.18969677419,29827.99012580645,146032.67149354838,115094.40728064517,2,6,2,53,116,1,114,0,0,69,0,0,1,39,402570.0,276471.0,126099.0,0.3132,38771.0,1322586.0,798246.0,524340.0,0.3965,223820.0,API,805.0
2022-10-01,종로구,2022,10,805.0,1383.0,703.0,308105.22022666666,279348.1711833333,17522.2174,11234.831646666666,413741.33226,229346.12459000002,381928.48452,255374.31717000002,258153.15321000002,74797.00480666666,29742.25278,153613.89562333332,126554.16735,2,6,2,53,116,1,114,0,0,69,0,0,1,39,402570.0,276471.0,126099.0,0.3132,38771.0,1322586.0,798246.0,524340.0,0.3965,223820.0,API,826.0
2022-11-01,종로구,2022,11,826.0,1519.0,703.0,314778.37528064515,285295.2478,17619.553396774194,11863.574093548388,435171.71786774194,232286.3914419355,394885.8352354839,257558.76104193548,267130.3064225806,81981.5003032258,29626.75103548387,155522.05508387098,137327.07419354838,2,6,2,53,116,1,114,0,0,69,0,0,1,39,402570.0,276471.0,126099.0,0.3132,38771.0,1322586.0,798246.0,524340.0,0.3965,223820.0,API,808.0
2022-12-01,종로구,2022,12,808.0,1504.0,652.0,316516.61639333336,287321.6705033333,18254.324943333333,10940.620946666666,433615.84428,231916.42949,397356.2379033333,258774.02960333333,271170.06316666666,77995.64546666667,30804.83898,162369.57872000002,138582.2083,2,6,2,53,116,1,114,0,0,69,0,0,1,39,402570.0,276471.0,126099.0,0.3132,38771.0,1322586.0,798246.0,524340.0,0.3965,223820.0,API,819.0
2023-01-01,종로구,2023,1,819.0,1250.0,637.0,308312.52728064515,279377.0597774194,17545.999019354836,11389.468487096774,409390.21935161285,231617.26181935484,379139.64791612903,257721.72681935484,247998.0966,70303.9632548387,29767.955477419353,147926.17786774194,121417.9210967742,2,21,20,84,59,0,388,0,0,60,0,0,0,13,375503.0,255953.0,119550.0,0.3184,37887.0,1310138.0,745904.0,564234.0,0.4307,237973.0,API,746.0
2023-02-01,종로구,2023,2,746.0,1335.0,611.0,288015.23972580646,263129.1553387097,15400.382541935483,9485.70186451613,383102.16158387094,218771.5491,353452.0254870968,241274.67848387096,232351.36538387096,67906.80748064516,28553.106848387095,135891.4510548387,112177.3470032258,2,21,20,84,59,0,388,0,0,60,0,0,0,13,375503.0,255953.0,119550.0,0.3184,37887.0,1310138.0,745904.0,564234.0,0.4307,237973.0,API,618.0
2023-03-01,종로구,2023,3,618.0,1910.0,742.0,308403.5667392857,281739.4532107143,16311.328360714284,10352.785157142858,421559.91771785717,225965.419875,386219.42775,252820.8088642857,260406.06954642857,80353.60521785714,29330.160810714286,150722.30351785713,133398.61888571427,2,21,20,84,59,0,388,0,0,60,0,0,0,13,375503.0,255953.0,119550.0,0.3184,37887.0,1310138.0,745904.0,564234.0,0.4307,237973.0,API,687.0
2023-04-01,종로구,2023,4,687.0,1501.0,644.0,319668.0005354839,287972.8448516129,18853.666461290322,12841.489216129032,436830.3155419355,234015.29886129033,400710.6792225806,261780.37291290323,258779.74082903223,76716.88030322581,28928.608203225805,153134.25232258064,138930.30630967743,2,21,20,84,59,0,388,0,0,60,0,0,0,13,375503.0,255953.0,119550.0,0.3184,37887.0,1310138.0,745904.0,564234.0,0.4307,237973.0,API,788.0
2023-05-01,종로구,2023,5,788.0,1538.0,732.0,317143.26582333335,284577.77986666665,18887.06266666667,13678.4233,431006.6950966667,234290.9087,395800.1838033333,260959.75299333333,266201.49099333334,76990.95162333334,31486.679333333333,157723.86003666665,134840.43081,2,21,20,84,59,0,388,0,0,60,0,0,0,13,375503.0,255953.0,119550.0,0.3184,37887.0,1310138.0,745904.0,564234.0,0.4307,237973.0,API,880.0
2023-06-01,종로구,2023,6,880.0,1456.0,731.0,316774.9977387097,285384.3693387097,18885.744219354838,12504.884161290322,428694.57331935485,233177.75602580645,394896.68935806456,260973.78944193549,259899.68511290321,75731.10759677419,30583.791741935485,153584.78577419356,133922.89991612904,2,21,20,84,59,0,388,0,0,60,0,0,0,13,375503.0,255953.0,119550.0,0.3184,37887.0,1310138.0,745904.0,564234.0,0.4307,237973.0,API,824.0
2023-07-01,종로구,2023,7,824.0,1698.0,865.0,309928.8272833333,279333.95574,16879.78384,13715.087703333333,413984.82943,230648.86749666664,383847.0219433333,257130.11679333335,252872.24978666665,71562.80045,30301.409516666667,151008.03982,126716.90515,2,21,20,84,59,0,388,0,0,60,0,0,0,13,375503.0,255953.0,119550.0,0.3184,37887.0,1310138.0,745904.0,564234.0,0.4307,237973.0,API,845.0
2023-08-01,종로구,2023,8,845.0,1879.0,900.0,297869.28523548384,270624.3124741935,14577.827622580644,12667.145138709679,395356.87941935484,223017.89852258065,367822.1813774194,247902.93086451612,238084.15824193548,68582.57874193549,28371.25456451613,141130.32493548386,119919.25051290322,2,21,20,84,59,0,388,0,0,60,0,0,0,13,375503.0,255953.0,119550.0,0.3184,37887.0,1310138.0,745904.0,564234.0,0.4307,237973.0,API,834.0
2023-09-01,종로구,2023,9,834.0,1661.0,805.0,295544.23406774196,268638.96330967743,15156.200406451611,11749.070354838708,391933.944283871,221021.2100548387,364778.3258516129,246091.31137419355,236365.48279354838,68164.75643548387,28290.146841935482,139910.57951612902,118687.01447741935,2,21,20,84,59,0,388,0,0,60,0,0,0,13,375503.0,255953.0,119550.0,0.3184,37887.0,1310138.0,745904.0,564234.0,0.4307,237973.0,API,821.0
2023-10-01,종로구,2023,10,821.0,1579.0,826.0,310683.87675,278569.30703666667,18257.569333333333,13857.000403333333,416698.9335633333,231170.24287333334,385062.34047,257556.40267333333,248155.35158,74404.41043333334,28919.210343333332,144831.73080333334,127505.93779666667,2,21,20,84,59,0,388,0,0,60,0,0,0,13,375503.0,255953.0,119550.0,0.3184,37887.0,1310138.0,745904.0,564234.0,0.4307,237973.0,API,760.0
2023-11-01,종로구,2023,11,760.0,1538.0,808.0,316416.9604451613,282749.48567741935,18243.345441935482,15424.129316129032,437262.756816129,231889.40821612903,397782.7244935484,258298.55755483868,261384.16198709677,79922.2964516129,30269.32577419355,151192.5397612903,139484.16693870968,2,21,20,84,59,0,388,0,0,60,0,0,0,13,375503.0,255953.0,119550.0,0.3184,37887.0,1310138.0,745904.0,564234.0,0.4307,237973.0,API,717.0
2023-12-01,종로구,2023,12,717.0,1686.0,819.0,321384.29482,287928.9736666667,18367.757996666667,15087.56315,437170.6789766667,236129.04020000002,402311.34473333333,263579.25916333334,268424.3236566667,80292.70493666666,30673.82079,157457.79793,138732.08557,2,21,20,84,59,0,388,0,0,60,0,0,0,13,375503.0,255953.0,119550.0,0.3184,37887.0,1310138.0,745904.0,564234.0,0.4307,237973.0,API,880.0
2024-01-01,종로구,2024,1,880.0,1448.0,746.0,316221.35075483867,283404.2901580645,18566.6283,14250.432309677419,420186.5186,236855.19265806454,388191.47745161294,264814.11741290323,250129.66837419357,76780.51518387097,29443.404367741936,143905.74882258064,123377.3600387097,2,34,5,203,102,0,125,0,0,79,0,0,0,17,341554.0,239988.0,101566.0,0.2974,42540.0,1190302.0,660920.0,529382.0,0.4447,259145.0,API,765.0
2024-02-01,종로구,2024,2,765.0,1251.0,618.0,295191.08298709674,270053.18016451615,13710.654325806452,11427.2485,393092.02483548387,220842.78787741935,364228.74465161294,245878.46751935483,235054.9843483871,71407.37188709677,27496.50567096774,136151.10679032258,118350.27713225808,2,34,5,203,102,0,125,0,0,79,0,0,0,17,341554.0,239988.0,101566.0,0.2974,42540.0,1190302.0,660920.0,529382.0,0.4447,259145.0,API,627.0
2024-03-01,종로구,2024,3,627.0,1406.0,687.0,292195.9712758621,266471.0176413793,13665.275289655174,12059.67836551724,396114.05526896555,217302.6189862069,362797.56751034484,241766.25970344828,240524.1999310345,73690.20003448275,27970.726720689654,138863.27317586206,121031.30780689656,2,34,5,203,102,0,125,0,0,79,0,0,0,17,341554.0,239988.0,101566.0,0.2974,42540.0,1190302.0,660920.0,529382.0,0.4447,259145.0,API,619.0
2024-04-01,종로구,2024,4,619.0,1469.0,788.0,313804.19177741936,281570.7863967742,17222.057177419352,15011.348216129034,427748.9239806452,231949.25472258063,391437.50606774195,258351.82442903228,248995.9854483871,76604.2933,27631.95871935484,144759.73342903226,133085.68163870968,2,34,5,203,102,0,125,0,0,79,0,0,0,17,341554.0,239988.0,101566.0,0.2974,42540.0,1190302.0,660920.0,529382.0,0.4447,259145.0,API,742.0
2024-05-01,종로구,2024,5,742.0,1756.0,880.0,316530.93411,282658.34740666667,17318.167383333333,16554.41932,432163.2685966667,230568.35731,397096.84768,258983.85299,264624.30161666666,75251.00083666667,30758.555103333332,158614.74567666667,138112.99469,2,34,5,203,102,0,125,0,0,79,0,0,0,17,341554.0,239988.0,101566.0,0.2974,42540.0,1190302.0,660920.0,529382.0,0.4447,259145.0,API,700.0
2024-06-01,종로구,2024,6,700.0,1579.0,824.0,315466.38450322585,283122.51924193546,17169.592687096774,15174.272583870968,431103.72732580645,228031.95198387097,396378.0928129032,257672.3071580645,249818.5507548387,74804.13200322581,26680.02442903226,148334.39432258063,138705.78565483872,2,34,5,203,102,0,125,0,0,79,0,0,0,17,341554.0,239988.0,101566.0,0.2974,42540.0,1190302.0,660920.0,529382.0,0.4447,259145.0,API,725.0
2024-07-01,종로구,2024,7,725.0,1644.0,845.0,306304.64510666666,275218.49849666667,16721.30188,14364.844736666668,409539.45003666665,227185.91443333335,379209.36574000004,254229.8446733333,239260.45911333335,71041.80843666666,26533.97425666667,141684.67642,124979.52106666667,2,34,5,203,102,0,125,0,0,79,0,0,0,17,341554.0,239988.0,101566.0,0.2974,42540.0,1190302.0,660920.0,529382.0,0.4447,259145.0,API,723.0
2024-08-01,종로구,2024,8,723.0,1610.0,834.0,297758.7435451613,270197.7231483871,14034.322209677419,13526.698199999999,398602.36851612903,218888.3976096774,370933.80981290323,245490.83907741937,232618.33241290323,68640.97022580645,25125.72188064516,138851.64030645162,125442.97073548388,2,34,5,203,102,0,125,0,0,79,0,0,0,17,341554.0,239988.0,101566.0,0.2974,42540.0,1190302.0,660920.0,529382.0,0.4447,259145.0,API,767.0
2024-09-01,종로구,2024,9,767.0,1632.0,821.0,290170.3064548387,263133.33059354837,13885.826841935483,13151.149022580645,384581.50802580646,216479.4614483871,358181.79901290324,241590.6689064516,227234.29138064515,68496.70613225807,24948.66071612903,133788.92453225807,116591.13010645162,2,34,5,203,102,0,125,0,0,79,0,0,0,17,341554.0,239988.0,101566.0,0.2974,42540.0,1190302.0,660920.0,529382.0,0.4447,259145.0,API,581.0
2024-10-01,종로구,2024,10,581.0,1456.0,760.0,297254.88909333333,267042.63157333335,16484.626433333335,13727.631083333334,398236.12173333333,221137.41672333333,367578.3427366667,247023.85076666667,237872.39790333333,72542.26034666666,26344.00662,138986.13093666668,120554.49197,2,34,5,203,102,0,125,0,0,79,0,0,0,17,341554.0,239988.0,101566.0,0.2974,42540.0,1190302.0,660920.0,529382.0,0.4447,259145.0,API,606.0
2024-11-01,종로구,2024,11,606.0,1347.0,717.0,314680.6276612903,282020.63036129036,16761.968787096775,15898.028512903225,437122.10882580647,227629.1861903226,397589.9244,255459.70142258063,260638.8530580645,81400.33201935483,27484.881687096775,151753.6393516129,142130.22297741935,2,34,5,203,102,0,125,0,0,79,0,0,0,17,341554.0,239988.0,101566.0,0.2974,42540.0,1190302.0,660920.0,529382.0,0.4447,259145.0,API,607.0
2024-12-01,종로구,2024,12,607.0,1585.0,880.0,312703.37127666664,281251.60969,16726.535736666665,14725.225853333333,431284.38739,226815.61499333332,394072.69663,254582.42459666668,268288.9602833333,80554.72885,28465.77574,159268.45569333335,139490.27203333334,2,34,5,203,102,0,125,0,0,79,0,0,0,17,341554.0,239988.0,101566.0,0.2974,42540.0,1190302.0,660920.0,529382.0,0.4447,259145.0,API,690.0
2025-01-01,종로구,2025,1,690.0,1405.0,765.0,304011.0758290323,273871.5138870968,16067.35103548387,14072.210893548387,410173.07752903225,223734.74781290322,377098.2129903226,251805.97784193547,247767.60970967743,74391.91500967742,27341.66838064516,146034.02631935483,125292.2351483871,0,24,0,68,100,0,93,12,38,42,18,9,0,12,340996.0,237684.0,103312.0,0.303,38064.0,964822.0,561443.0,403379.0,0.4181,197816.0,API,562.0
2025-02-01,종로구,2025,2,562.0,1213.0,627.0,278124.11457419355,253327.68046129032,12936.467400000001,11859.96673548387,374433.80582580646,210833.47852258067,342344.9367516129,232252.09873870967,224005.92526774193,68299.14158064516,25560.197432258065,130146.58625483871,110092.83801290322,0,24,0,68,100,0,93,12,38,42,18,9,0,12,340996.0,237684.0,103312.0,0.303,38064.0,964822.0,561443.0,403379.0,0.4181,197816.0,API,484.0
2025-03-01,종로구,2025,3,484.0,1366.0,619.0,294782.99157142855,269895.24620357144,13163.45527857143,11724.29009642857,405231.68571071426,214580.9618642857,370786.08757142856,240495.06585714288,247793.33874642855,75640.62324999999,26176.041135714284,145976.6743607143,130291.02171428571,0,24,0,68,100,0,93,12,38,42,18,9,0,12,340996.0,237684.0,103312.0,0.303,38064.0,964822.0,561443.0,403379.0,0.4181,197816.0,API,611.0
2025-04-01,종로구,2025,4,611.0,1503.0,742.0,310431.0418129032,279905.0283258065,16216.894848387097,14309.118622580645,426452.010883871,226070.28488064517,389199.99162903224,254167.5062096774,251867.21732903228,78784.11899032257,25583.053267741936,147500.04507096772,135032.48541935484,0,24,0,68,100,0,93,12,38,42,18,9,0,12,340996.0,237684.0,103312.0,0.303,38064.0,964822.0,561443.0,403379.0,0.4181,197816.0,API,601.0
2025-05-01,종로구,2025,5,601.0,1541.0,700.0,315927.84847333335,283377.11134666664,16419.956053333335,16130.78109,432679.41712,227600.03109,398064.2866433334,257258.96407666666,270205.75979333336,77870.91056666666,29175.45077,163159.39845666668,140805.32256666667,0,24,0,68,100,0,93,12,38,42,18,9,0,12,340996.0,237684.0,103312.0,0.303,38064.0,964822.0,561443.0,403379.0,0.4181,197816.0,API,639.0
2025-06-01,종로구,2025,6,639.0,1593.0,725.0,310580.62758709677,280001.63607096777,16211.349829032259,14367.641693548389,429710.95498387096,223049.8388064516,392794.7563096774,251856.24991935483,259026.32450000002,79233.26477419355,27721.744783870967,152071.31494193547,140938.50639032258,0,24,0,68,100,0,93,12,38,42,18,9,0,12,340996.0,237684.0,103312.0,0.303,38064.0,964822.0,561443.0,403379.0,0.4181,197816.0,API,637.0
2025-07-01,종로구,2025,7,637.0,1583.0,723.0,305711.1972033333,275254.46367666667,15884.767983333333,14571.965546666666,414993.69548,223025.95065666668,382618.99137,250777.0585233333,254047.52803333334,74594.34310333333,28411.728206666667,151041.45672333334,131841.93284666666,0,24,0,68,100,0,93,12,38,42,18,9,0,12,340996.0,237684.0,103312.0,0.303,38064.0,964822.0,561443.0,403379.0,0.4181,197816.0,API,693.0
2025-08-01,종로구,2025,8,693.0,1773.0,767.0,294936.9200096775,268382.6010032258,13281.449461290322,13272.86955483871,396433.1628612903,214367.7680645161,369608.50174838706,241600.07591612905,243828.49592580646,70520.07178709676,26963.879687096774,146344.5444516129,128008.42583225807,0,24,0,68,100,0,93,12,38,42,18,9,0,12,340996.0,237684.0,103312.0,0.303,38064.0,964822.0,561443.0,403379.0,0.4181,197816.0,API,664.0
2025-09-01,종로구,2025,9,664.0,1407.0,581.0,284077.44528064516,258020.03786129033,13017.838290322581,13039.569122580646,379180.17237096775,210081.8747967742,352100.8298870968,235489.31342258063,233384.64571935486,68071.86496451612,26474.216112903225,138838.5646419355,116611.51646451613,0,24,0,68,100,0,93,12,38,42,18,9,0,12,340996.0,237684.0,103312.0,0.303,38064.0,964822.0,561443.0,403379.0,0.4181,197816.0,API,645.0
2025-10-01,종로구,2025,10,645.0,1373.0,606.0,306839.39646333334,277280.23973333335,15726.74833,13832.408396666666,417739.25031000003,220580.71497666667,386474.97269333334,249956.84201333334,259620.89233,76478.80515,27339.66258,155802.4246,136518.13068,0,24,0,68,100,0,93,12,38,42,18,9,0,12,340996.0,237684.0,103312.0,0.303,38064.0,964822.0,561443.0,403379.0,0.4181,197816.0,API,660.0
2025-11-01,종로구,2025,11,660.0,1359.0,607.0,296768.5408870968,266440.4669967742,15650.877896774195,14677.196,411333.51920000004,216007.42021935486,373243.37869677425,242143.6567483871,248421.66138709677,77420.1909516129,26187.44811612903,144814.02231935484,131099.7219483871,0,24,0,68,100,0,93,12,38,42,18,9,0,12,340996.0,237684.0,103312.0,0.303,38064.0,964822.0,561443.0,403379.0,0.4181,197816.0,API,637.0
2025-12-01,종로구,2025,12,637.0,1486.0,690.0,311088.27331333334,279074.16444,16085.80197,15928.306910000001,433151.51091,223071.62973999997,394286.7999033333,251660.75431333334,264580.5443966667,80158.92870333332,26696.87298333333,157724.74271,142626.04559000002,0,24,0,68,100,0,93,12,38,42,18,9,0,12,340996.0,237684.0,103312.0,0.303,38064.0,964822.0,561443.0,403379.0,0.4181,197816.0,API,671.0
2017-01-01,중구,2017,1,,,,,,,,,,,,,,,,,0,48,16,98,0,0,200,0,0,149,0,0,0,10,,,,,,,,,,,API,789.0
2017-02-01,중구,2017,2,789.0,,,,,,,,,,,,,,,,0,48,16,98,0,0,200,0,0,149,0,0,0,10,,,,,,,,,,,API,721.0
2017-03-01,중구,2017,3,721.0,,,,,,,,,,,,,,,,0,48,16,98,0,0,200,0,0,149,0,0,0,10,,,,,,,,,,,API,796.0
2017-04-01,중구,2017,4,796.0,,,,,,,,,,,,,,,,0,48,16,98,0,0,200,0,0,149,0,0,0,10,,,,,,,,,,,API,848.0
2017-05-01,중구,2017,5,848.0,,,,,,,,,,,,,,,,0,48,16,98,0,0,200,0,0,149,0,0,0,10,,,,,,,,,,,API,861.0
2017-06-01,중구,2017,6,861.0,,,,,,,,,,,,,,,,0,48,16,98,0,0,200,0,0,149,0,0,0,10,,,,,,,,,,,API,872.0
2017-07-01,중구,2017,7,872.0,,,,,,,,,,,,,,,,0,48,16,98,0,0,200,0,0,149,0,0,0,10,,,,,,,,,,,API,881.0
2017-08-01,중구,2017,8,881.0,,,,,,,,,,,,,,,,0,48,16,98,0,0,200,0,0,149,0,0,0,10,,,,,,,,,,,API,930.0
2017-09-01,중구,2017,9,930.0,,,,,,,,,,,,,,,,0,48,16,98,0,0,200,0,0,149,0,0,0,10,,,,,,,,,,,API,938.0
2017-10-01,중구,2017,10,938.0,,,,,,,,,,,,,,,,0,48,16,98,0,0,200,0,0,149,0,0,0,10,,,,,,,,,,,API,848.0
2017-11-01,중구,2017,11,848.0,,,,,,,,,,,,,,,,0,48,16,98,0,0,200,0,0,149,0,0,0,10,,,,,,,,,,,API,815.0
2017-12-01,중구,2017,12,815.0,,,,,,,,,,,,,,,,0,48,16,98,0,0,200,0,0,149,0,0,0,10,,,,,,,,,,,API,961.0
2018-01-01,중구,2018,1,961.0,1506.0,789.0,,,,,,,,,,,,,,0,37,7,79,0,0,432,0,0,130,0,0,0,17,,,,,,,,,,,API,952.0
2018-02-01,중구,2018,2,952.0,1296.0,721.0,,,,,,,,,,,,,,0,37,7,79,0,0,432,0,0,130,0,0,0,17,,,,,,,,,,,API,771.0
2018-03-01,중구,2018,3,771.0,1541.0,796.0,,,,,,,,,,,,,,0,37,7,79,0,0,432,0,0,130,0,0,0,17,,,,,,,,,,,API,856.0
2018-04-01,중구,2018,4,856.0,1526.0,848.0,,,,,,,,,,,,,,0,37,7,79,0,0,432,0,0,130,0,0,0,17,,,,,,,,,,,API,891.0
2018-05-01,중구,2018,5,891.0,1598.0,861.0,388279.70296923077,305935.3209038462,24938.296234615384,57406.08584615385,542810.2304923077,258162.33701538463,504937.67628461536,304952.5791769231,365279.27231153846,95985.12091153846,35511.18318461539,233782.96821538464,199985.0971076923,0,37,7,79,0,0,432,0,0,130,0,0,0,17,,,,,,,,,,,API,954.0
2018-06-01,중구,2018,6,954.0,1652.0,872.0,380333.3473935484,303647.5642645161,24888.799829032258,51796.9833,533759.3553645161,253304.76041935483,493278.4343580645,298706.10297741933,353240.67339999997,94296.69594193548,35487.70152903226,223456.27592903224,194572.33138064516,0,37,7,79,0,0,432,0,0,130,0,0,0,17,,,,,,,,,,,API,924.0
2018-07-01,중구,2018,7,924.0,1628.0,881.0,363235.15405333333,295561.2403366667,24100.955646666665,43572.95807666667,510844.75893333333,240306.40051,473613.4165066667,284393.5380233333,331861.94042666664,87714.41215,33615.152949999996,210532.37532666666,189219.87848333333,0,37,7,79,0,0,432,0,0,130,0,0,0,17,,,,,,,,,,,API,997.0
2018-08-01,중구,2018,8,997.0,1631.0,930.0,372610.5431741936,295557.8625645161,23871.361732258065,53181.31886774193,518317.01217096776,249977.79027096773,484089.5080903226,292982.7111,333270.50923870964,88735.9537935484,32702.234851612906,211832.3205935484,191106.7969903226,0,37,7,79,0,0,432,0,0,130,0,0,0,17,,,,,,,,,,,API,995.0
2018-09-01,중구,2018,9,995.0,1691.0,938.0,367620.380383871,289435.8607193548,23733.775819354836,54450.743848387094,507481.4335935484,249414.51881290323,475189.79846774193,290099.3665225806,334102.2404451613,87553.58160967742,32976.30175806452,213572.35707741938,185090.43194516128,0,37,7,79,0,0,432,0,0,130,0,0,0,17,,,,,,,,,,,API,902.0
2018-10-01,중구,2018,10,902.0,1517.0,848.0,361123.74923,283974.91363666666,24364.396596666666,52784.43899333334,498726.6832833334,247797.15653333333,461842.1391233334,289182.0421533333,314422.52639666665,84726.13011333333,31474.049783333332,198222.34649999999,172660.09696999998,0,37,7,79,0,0,432,0,0,130,0,0,0,17,,,,,,,,,,,API,876.0
2018-11-01,중구,2018,11,876.0,1442.0,815.0,386479.6882483871,302551.5576645161,24610.695412903224,59317.43518387097,538125.7775451613,259954.56733548385,499140.2829580645,305257.9994967742,344092.832816129,93193.53699354839,33900.70435806452,216998.59146451612,193882.28346129032,0,37,7,79,0,0,432,0,0,130,0,0,0,17,,,,,,,,,,,API,789.0
2018-12-01,중구,2018,12,789.0,1654.0,961.0,396197.8972633333,309977.12199333333,24870.86854666667,61349.90673,553186.0334966666,265201.4392466667,512508.98913333326,313118.54594,362033.26929333335,99641.12131,35221.792219999996,227170.35576333333,199390.4431933333,0,37,7,79,0,0,432,0,0,130,0,0,0,17,,,,,,,,,,,API,850.0
2019-01-01,중구,2019,1,850.0,1616.0,952.0,374653.90057096776,290582.30216129037,24361.547919354838,59710.050512903224,515457.97442580643,256294.91107096776,479617.43003548385,299679.95096129033,325007.09081935487,89260.80455806451,32261.515119354837,203484.77114193546,179937.47907419354,0,24,11,115,2,0,351,0,0,147,0,0,0,38,,,,,,,,,,,API,739.0
2019-02-01,중구,2019,2,739.0,1377.0,771.0,369893.75029677415,292631.55496774195,23936.210796774194,53325.98453548387,517177.9062870968,249484.66998064515,479893.1870935484,291322.7240129032,347357.75162580644,93922.03490967742,34230.426787096774,219205.28992903227,188570.4630806452,0,24,11,115,2,0,351,0,0,147,0,0,0,38,,,,,,,,,,,API,671.0
2019-03-01,중구,2019,3,671.0,1546.0,856.0,342495.53276785713,271666.6456142857,22844.36724642857,47984.51991785714,474057.46881785715,235016.68656785713,438754.5137107143,273739.1177892857,313209.112725,85532.83165,32844.22433571429,194832.05673928573,165015.39592142854,0,24,11,115,2,0,351,0,0,147,0,0,0,38,,,,,,,,,,,API,789.0
2019-04-01,중구,2019,4,789.0,1520.0,891.0,362191.89914838714,293794.5316483871,23959.99555806452,44437.37195483871,511620.60976774193,240319.16198064515,471841.3222774193,283870.8826290323,316074.19362903223,88236.70984193549,29244.04485483871,198593.43893225805,187970.4396483871,0,24,11,115,2,0,351,0,0,147,0,0,0,38,,,,,,,,,,,API,817.0
2019-05-01,중구,2019,5,817.0,1594.0,954.0,371640.50362333335,300386.3178866666,24149.11299,47105.07275666667,524321.4506333333,243980.58352333333,485868.4742833333,290049.09601000004,356079.2961133334,95524.70775,35038.08953333333,225516.49883,195819.37827333334,0,24,11,115,2,0,351,0,0,147,0,0,0,38,,,,,,,,,,,API,893.0
2019-06-01,중구,2019,6,893.0,1615.0,924.0,363596.7658354839,291049.5776419355,24198.021325806454,48349.16688709678,508265.51332258066,242519.97717741935,471631.65378064517,286428.98872258066,321778.8527387097,87736.3439,32196.48622903226,201846.0226096774,185202.6650580645,0,24,11,115,2,0,351,0,0,147,0,0,0,38,,,,,,,,,,,API,808.0
2019-07-01,중구,2019,7,808.0,1776.0,997.0,351435.3846233333,283560.40307999996,24352.66982,43522.31172,491504.70039666665,236246.75743666667,455080.9778666666,277402.81799666665,305276.31807,83146.05175333333,30707.587959999997,191422.67835666667,177678.15987,0,24,11,115,2,0,351,0,0,147,0,0,0,38,,,,,,,,,,,API,886.0
2019-08-01,중구,2019,8,886.0,1734.0,995.0,358633.9605903226,288214.4108967742,24073.77114516129,46345.77855161291,503025.5172,238104.51816451614,468843.8362870967,279912.6208,302546.80797419354,83364.54302258063,28113.135167741933,191069.12978387097,188931.21548709675,0,24,11,115,2,0,351,0,0,147,0,0,0,38,,,,,,,,,,,API,870.0
2019-09-01,중구,2019,9,870.0,1557.0,902.0,365044.70752580644,293134.11046451615,24836.978183870968,47073.618867741934,505142.94000967743,248035.8047032258,470645.3302935484,289615.69128387095,308442.2752032258,85691.97002258064,30299.049967741936,192451.25521290323,181029.63900967743,0,24,11,115,2,0,351,0,0,147,0,0,0,38,,,,,,,,,,,API,832.0
2019-10-01,중구,2019,10,832.0,1532.0,876.0,364542.99724,291562.19206333335,25171.313233333334,47809.491916666666,505469.79225666664,248808.66081,469072.9015833333,289878.77983666665,319178.25514,88397.21376,31183.416536666668,199597.62484333335,179194.12174666667,0,24,11,115,2,0,351,0,0,147,0,0,0,38,,,,,,,,,,,API,835.0
2019-11-01,중구,2019,11,835.0,1399.0,789.0,389021.2375451613,312006.8631274194,25338.61517903226,51675.759256451616,555970.5536080645,251759.2229967742,514227.7067629032,299588.0452612903,361604.20096451615,100470.10884032257,32845.17177903226,228288.92034516128,214639.6615016129,0,24,11,115,2,0,351,0,0,147,0,0,0,38,,,,,,,,,,,API,858.0
2019-12-01,중구,2019,12,858.0,1482.0,850.0,381874.61430666666,300654.5943833333,25091.503090000002,56128.51684333334,536756.07148,254037.81301999997,498243.80064333335,298753.76692666666,342581.44180666667,96273.37151333333,32692.435056666665,213615.63523666665,199490.03371666666,0,24,11,115,2,0,351,0,0,147,0,0,0,38,,,,,,,,,,,API,888.0
2020-01-01,중구,2020,1,888.0,1242.0,739.0,375735.00535161287,295924.5818516129,24961.6065,54848.81701290323,522079.8657354839,252133.53586774194,485796.49981935485,297119.6521548387,346881.7301612903,96342.61959999999,34733.79411612903,215805.3164451613,188676.84766451613,0,22,8,77,1,1,240,0,0,106,0,0,2,21,369492.0,240208.0,129284.0,0.3499,,267541.0,192343.0,75198.0,0.2811,,API,763.0
2020-02-01,중구,2020,2,763.0,1169.0,671.0,345720.10016774194,273743.9773935484,22873.188548387097,49102.93422903226,481522.730083871,235475.9417483871,447462.3053032258,273047.0965096774,320124.8793290322,87873.53101612904,32581.289974193547,199670.0583387097,174415.20879354837,0,22,8,77,1,1,240,0,0,106,0,0,2,21,369492.0,240208.0,129284.0,0.3499,,267541.0,192343.0,75198.0,0.2811,,API,568.0
2020-03-01,중구,2020,3,568.0,1416.0,789.0,322111.5059310345,266907.935,20999.98137586207,34203.58952413793,442288.19553793105,221615.4289413793,416548.0621931035,254656.82287931035,295075.7828758621,75267.90474827586,32288.27948965517,187519.59863793105,161891.2393137931,0,22,8,77,1,1,240,0,0,106,0,0,2,21,369492.0,240208.0,129284.0,0.3499,,267541.0,192343.0,75198.0,0.2811,,API,437.0
2020-04-01,중구,2020,4,437.0,1317.0,817.0,272003.3382483871,246672.94196129031,18706.751467741935,6623.644816129032,379422.8960935484,185493.51361290325,354951.6534387097,212754.5417,258505.29598387095,62007.600348387095,31868.167841935487,164629.5277935484,142197.11173870967,0,22,8,77,1,1,240,0,0,106,0,0,2,21,369492.0,240208.0,129284.0,0.3499,,267541.0,192343.0,75198.0,0.2811,,API,494.0
2020-05-01,중구,2020,5,494.0,1520.0,893.0,271389.02416333335,248482.8087,18986.597973333333,3919.617493333333,381683.02464333334,183883.78503666667,354732.45552333334,211858.00175,270421.12745666667,66112.22185,33046.36922,171262.53638666667,142874.4537733333,0,22,8,77,1,1,240,0,0,106,0,0,2,21,369492.0,240208.0,129284.0,0.3499,,267541.0,192343.0,75198.0,0.2811,,API,619.0
2020-06-01,중구,2020,6,619.0,1364.0,808.0,271633.831583871,249176.81101612904,19160.10335483871,3296.917241935484,382157.77828709676,183466.77373548388,354277.19333870965,212602.85892580645,269898.0052516129,67595.45803870968,32907.5700483871,169394.97716451614,141674.33441290323,0,22,8,77,1,1,240,0,0,106,0,0,2,21,369492.0,240208.0,129284.0,0.3499,,267541.0,192343.0,75198.0,0.2811,,API,600.0
2020-07-01,중구,2020,7,600.0,1545.0,886.0,285638.1845066667,262058.4161633333,19703.76846666667,3875.999893333333,406777.4195466667,187427.72492,378542.11692999996,219278.23277333332,292371.5603366667,72978.5393,33545.82553,185847.19550666667,159263.88415666667,0,22,8,77,1,1,240,0,0,106,0,0,2,21,369492.0,240208.0,129284.0,0.3499,,267541.0,192343.0,75198.0,0.2811,,API,655.0
2020-08-01,중구,2020,8,655.0,1545.0,870.0,288436.05071290326,263699.59217419353,19688.85463548387,5047.603887096774,411568.96590645163,189847.3178064516,381721.68001935486,221803.4583516129,291075.1953870968,73676.53941935484,32896.60302580645,184502.0529419355,159918.22166774195,0,22,8,77,1,1,240,0,0,106,0,0,2,21,369492.0,240208.0,129284.0,0.3499,,267541.0,192343.0,75198.0,0.2811,,API,631.0
2020-09-01,중구,2020,9,631.0,1432.0,832.0,267673.21147096774,242150.24217096774,18599.638112903227,6923.331183870968,367484.9540451613,187127.5489967742,344042.1360935484,213123.97960967742,254861.02733870968,62872.09667419355,32377.969996774194,159610.96066774192,130918.15648387096,0,22,8,77,1,1,240,0,0,106,0,0,2,21,369492.0,240208.0,129284.0,0.3499,,267541.0,192343.0,75198.0,0.2811,,API,524.0
2020-10-01,중구,2020,10,524.0,1487.0,835.0,270070.4777433333,243132.80806333333,18649.45950333333,8288.210186666667,374426.20892666664,187291.85102,349479.94832,213349.42734666666,257452.63733333335,62510.786753333334,31440.496933333336,163501.35364666668,136130.52097333333,0,22,8,77,1,1,240,0,0,106,0,0,2,21,369492.0,240208.0,129284.0,0.3499,,267541.0,192343.0,75198.0,0.2811,,API,577.0
2020-11-01,중구,2020,11,577.0,1406.0,858.0,272496.78663870966,246714.40343870968,18627.950651612904,7154.432548387097,381737.12566774193,186784.5671451613,353623.0122322581,214549.48265806452,269129.44518064515,68439.5176516129,32289.182267741933,168400.7452612903,139073.52957419356,0,22,8,77,1,1,240,0,0,106,0,0,2,21,369492.0,240208.0,129284.0,0.3499,,267541.0,192343.0,75198.0,0.2811,,API,565.0
2020-12-01,중구,2020,12,565.0,1461.0,888.0,282393.82213,255241.89255333334,18972.273186666665,8179.6564033333325,399506.3536333333,191572.0209166667,370166.0388133333,219699.38165333334,282808.7932633333,72457.30365,32156.867256666665,178194.62235666666,150466.65716,0,22,8,77,1,1,240,0,0,106,0,0,2,21,369492.0,240208.0,129284.0,0.3499,,267541.0,192343.0,75198.0,0.2811,,API,530.0
2021-01-01,중구,2021,1,530.0,1313.0,763.0,259548.40123548388,234147.8379548387,18307.841877419356,7092.721422580646,358830.2002064516,184000.98986129032,334458.73903870967,206041.01710645162,243296.76570000002,58438.86507419355,30981.407729032257,153876.49289677417,128417.72193225806,0,34,4,56,0,0,101,0,0,55,0,0,0,131,359912.0,224773.0,135139.0,0.3755,,200309.0,140247.0,60062.0,0.2998,,API,539.0
2021-02-01,중구,2021,2,539.0,1000.0,568.0,253509.2782451613,229190.92478387096,17849.80898064516,6468.544464516129,351526.86319999996,180067.61207419354,326675.73952903226,201247.52017741936,241981.92347741936,58945.99044193548,31000.740329032258,152035.1927064516,125428.2193516129,0,34,4,56,0,0,101,0,0,55,0,0,0,131,359912.0,224773.0,135139.0,0.3755,,200309.0,140247.0,60062.0,0.2998,,API,476.0
2021-03-01,중구,2021,3,476.0,974.0,437.0,261626.98098928572,234978.02334285714,17758.648664285713,8890.30897857143,366078.5528892857,182073.67863928573,339195.53461785713,206220.87124642855,255689.16609285717,65118.04284285714,31046.643760714283,159524.4794892857,132974.66337142859,0,34,4,56,0,0,101,0,0,55,0,0,0,131,359912.0,224773.0,135139.0,0.3755,,200309.0,140247.0,60062.0,0.2998,,API,547.0
2021-04-01,중구,2021,4,547.0,1024.0,494.0,280090.7516677419,251960.0470483871,18576.20759032258,9554.497045161292,397246.077932258,189362.32469032257,367646.35183548386,217551.0372903226,274331.37736129033,71124.94425483872,30363.024770967742,172843.40833548387,150095.3145451613,0,34,4,56,0,0,101,0,0,55,0,0,0,131,359912.0,224773.0,135139.0,0.3755,,200309.0,140247.0,60062.0,0.2998,,API,607.0
2021-05-01,중구,2021,5,607.0,1249.0,619.0,282017.24484666664,253751.87882,18423.158466666664,9842.207546666667,400761.7591466667,190077.70551000003,371031.82057000004,218435.40503,290425.2695733334,73197.27384,33291.53128333334,183936.46445,152596.41554,0,34,4,56,0,0,101,0,0,55,0,0,0,131,359912.0,224773.0,135139.0,0.3755,,200309.0,140247.0,60062.0,0.2998,,API,700.0
2021-06-01,중구,2021,6,700.0,1205.0,600.0,269267.0624483871,242860.18955161292,18262.477838709678,8144.395048387097,376497.69061935483,185782.3285451613,348612.3623193548,212591.8482354839,264426.99892580643,67331.43322580645,32069.475812903227,165026.08988709678,136020.51408387095,0,34,4,56,0,0,101,0,0,55,0,0,0,131,359912.0,224773.0,135139.0,0.3755,,200309.0,140247.0,60062.0,0.2998,,API,694.0
2021-07-01,중구,2021,7,694.0,1271.0,655.0,280867.9846133333,253813.34932,18550.014583333334,8504.620716666666,398574.2516633334,189398.04009333334,369351.06818,217665.78208333335,286333.2874466667,74321.49484333333,32355.339533333332,179656.45307,151685.28609666665,0,34,4,56,0,0,101,0,0,55,0,0,0,131,359912.0,224773.0,135139.0,0.3755,,200309.0,140247.0,60062.0,0.2998,,API,599.0
2021-08-01,중구,2021,8,599.0,1346.0,631.0,267519.27843548387,240267.94957741935,17587.298793548387,9664.030083870968,371339.92672903225,186657.2021548387,346173.4051322581,211337.75938064515,257676.76230645162,64597.999548387095,31454.45123870968,161624.31151935484,134835.6457516129,0,34,4,56,0,0,101,0,0,55,0,0,0,131,359912.0,224773.0,135139.0,0.3755,,200309.0,140247.0,60062.0,0.2998,,API,653.0
2021-09-01,중구,2021,9,653.0,1044.0,524.0,259775.89316774192,230520.0986,17091.737935483874,12164.056638709677,360375.9464612903,182887.9843032258,335027.5003709678,206024.74517419355,247805.94019032258,62693.25691612903,30843.936458064516,154268.74681612905,129002.7551967742,0,34,4,56,0,0,101,0,0,55,0,0,0,131,359912.0,224773.0,135139.0,0.3755,,200309.0,140247.0,60062.0,0.2998,,API,617.0
2021-10-01,중구,2021,10,617.0,1075.0,577.0,260732.41652666667,232895.87322333333,17295.52848,10541.014806666668,363338.81634,182606.58006,336202.7762233333,206825.01672,250098.13143,64411.14362333333,30050.048113333334,155636.93969333332,129377.75950333333,0,34,4,56,0,0,101,0,0,55,0,0,0,131,359912.0,224773.0,135139.0,0.3755,,200309.0,140247.0,60062.0,0.2998,,API,650.0
2021-11-01,중구,2021,11,650.0,981.0,565.0,270799.8522451613,242153.83737419354,17520.54041935484,11125.47444516129,380052.4400258064,188358.69537096773,349927.41447741934,214280.16491290324,261062.3815548387,68613.19355483871,30700.1741,161749.0139,135647.24956451613,0,34,4,56,0,0,101,0,0,55,0,0,0,131,359912.0,224773.0,135139.0,0.3755,,200309.0,140247.0,60062.0,0.2998,,API,646.0
2021-12-01,중구,2021,12,646.0,1024.0,530.0,288220.20265000005,259131.09180666666,17996.713873333334,11092.396996666668,410761.95004666667,193376.06484333333,379117.1065966667,223293.84269666666,292416.68933,78961.53511999999,31734.763326666667,181720.39088333334,155823.26390000002,0,34,4,56,0,0,101,0,0,55,0,0,0,131,359912.0,224773.0,135139.0,0.3755,,200309.0,140247.0,60062.0,0.2998,,API,599.0
2022-01-01,중구,2022,1,599.0,1089.0,539.0,286301.3956806452,255463.14001290323,18129.606403225807,12708.649241935484,401089.2451,196016.99458709676,372757.30545806454,224547.17438709678,276641.3990354839,73447.0143483871,30407.40518064516,172786.9795064516,148210.13107096773,1,6,0,34,5,0,93,0,0,36,0,0,0,82,374191.0,243540.0,130651.0,0.3492,36553.0,230832.0,170519.0,60313.0,0.2613,46654.0,API,594.0
2022-02-01,중구,2022,2,594.0,1032.0,476.0,268153.7188483871,240380.94572258065,17562.04405483871,10210.729074193549,375463.59504838707,186473.0215451613,347934.5535354839,211167.40836451613,259825.15373548388,69277.0173032258,29963.994958064515,160584.14147419357,136767.14517096773,1,6,0,34,5,0,93,0,0,36,0,0,0,82,374191.0,243540.0,130651.0,0.3492,36553.0,230832.0,170519.0,60313.0,0.2613,46654.0,API,603.0
2022-03-01,중구,2022,3,603.0,1142.0,547.0,266130.7413178571,236489.5385035714,17857.337267857143,11783.865560714286,366667.2925,188373.75381785716,340931.0795,212701.92833928572,250296.8391607143,65630.36085,30327.945275000002,154338.53303571427,128229.15116071429,1,6,0,34,5,0,93,0,0,36,0,0,0,82,374191.0,243540.0,130651.0,0.3492,36553.0,230832.0,170519.0,60313.0,0.2613,46654.0,API,691.0
2022-04-01,중구,2022,4,691.0,1204.0,607.0,275760.8525903226,245373.97340967742,18218.3091,12168.570083870967,380965.25826451613,194717.04358064514,353662.2453903226,220117.00058387098,252391.10878064515,66945.32850967742,29260.58977096774,156185.1905,133545.2448064516,1,6,0,34,5,0,93,0,0,36,0,0,0,82,374191.0,243540.0,130651.0,0.3492,36553.0,230832.0,170519.0,60313.0,0.2613,46654.0,API,705.0
2022-05-01,중구,2022,5,705.0,1282.0,700.0,290351.32194,260799.80194666664,18298.46123,11253.05878,411766.06348333333,196536.29005,379929.30062666663,226367.05145,291513.6329233333,78805.09752333333,32011.431446666666,180697.1039533333,153562.24917666666,1,6,0,34,5,0,93,0,0,36,0,0,0,82,374191.0,243540.0,130651.0,0.3492,36553.0,230832.0,170519.0,60313.0,0.2613,46654.0,API,812.0
2022-06-01,중구,2022,6,812.0,1332.0,694.0,303043.8164903226,271210.98026774195,18607.886416129033,13224.94982580645,430213.18724516133,202304.04415161288,397342.6769161291,235687.48761612904,300803.0931580645,84068.44258064516,31884.71720967742,184849.93336774193,161655.1893,1,6,0,34,5,0,93,0,0,36,0,0,0,82,374191.0,243540.0,130651.0,0.3492,36553.0,230832.0,170519.0,60313.0,0.2613,46654.0,API,843.0
2022-07-01,중구,2022,7,843.0,1219.0,599.0,304830.8228666667,270568.45649333333,19012.729943333332,15249.63643,429770.9443066667,206401.17422,397488.86170666665,238646.50940666668,298697.07457999996,83462.34283,31520.26053666667,183714.47121333334,158842.3523,1,6,0,34,5,0,93,0,0,36,0,0,0,82,374191.0,243540.0,130651.0,0.3492,36553.0,230832.0,170519.0,60313.0,0.2613,46654.0,API,888.0
2022-08-01,중구,2022,8,888.0,1185.0,653.0,299727.0083645161,261642.16486129034,18685.30382580645,19399.53969032258,418192.77382580645,205315.05526129034,388689.7730967742,236182.17640645162,283350.61520967743,80301.87293548387,29375.88039677419,173672.86187741935,152507.59669032256,1,6,0,34,5,0,93,0,0,36,0,0,0,82,374191.0,243540.0,130651.0,0.3492,36553.0,230832.0,170519.0,60313.0,0.2613,46654.0,API,897.0
2022-09-01,중구,2022,9,897.0,1246.0,617.0,293264.08299677423,254175.7420032258,18325.644716129034,20762.696293548386,407525.15841290326,201791.11965483872,379523.8777451613,231649.9439032258,277558.6935387097,78914.52120645161,28753.022180645163,169891.1501516129,147873.93384193548,1,6,0,34,5,0,93,0,0,36,0,0,0,82,374191.0,243540.0,130651.0,0.3492,36553.0,230832.0,170519.0,60313.0,0.2613,46654.0,API,838.0
2022-10-01,중구,2022,10,838.0,1232.0,650.0,301897.54756,258746.55305000002,18903.235963333333,24247.758556666668,421939.6491,206360.57362666668,391061.22983333335,238209.20307333334,284117.47517000005,81840.66482666667,28245.613013333335,174031.19733,152852.02675999998,1,6,0,34,5,0,93,0,0,36,0,0,0,82,374191.0,243540.0,130651.0,0.3492,36553.0,230832.0,170519.0,60313.0,0.2613,46654.0,API,821.0
2022-11-01,중구,2022,11,821.0,1264.0,646.0,313002.06256774196,262734.3547129032,19133.37904193548,31134.328806451613,437226.2460032258,217490.66318064518,402484.1548354838,249086.28237419357,285610.8708580645,84089.5879967742,28689.826203225806,172831.4566580645,153397.8724612903,1,6,0,34,5,0,93,0,0,36,0,0,0,82,374191.0,243540.0,130651.0,0.3492,36553.0,230832.0,170519.0,60313.0,0.2613,46654.0,API,788.0
2022-12-01,중구,2022,12,788.0,1276.0,599.0,323321.15386,271156.17196666665,19617.057960000002,32547.923956666666,455254.2169766667,219510.25663333334,421567.5313166667,253145.16997333334,305418.63744666666,88511.51698333333,29377.48816,187529.63230333335,168422.36134333335,1,6,0,34,5,0,93,0,0,36,0,0,0,82,374191.0,243540.0,130651.0,0.3492,36553.0,230832.0,170519.0,60313.0,0.2613,46654.0,API,878.0
2023-01-01,중구,2023,1,878.0,1201.0,594.0,320323.4980580645,267040.25452258065,19978.071048387097,33305.17249677419,443260.46157419356,219248.52202258064,412648.6226451613,254376.9804870968,289512.3248903226,83675.13942258064,28361.914354838707,177475.27111290323,158271.6421580645,0,12,12,38,0,0,186,0,0,37,0,0,0,11,348467.0,227897.0,120570.0,0.346,38641.0,193644.0,140465.0,53179.0,0.2746,40900.0,API,802.0
2023-02-01,중구,2023,2,802.0,1225.0,603.0,294858.03139032255,247783.75739032257,17984.578393548385,29089.695603225806,406448.66732258064,205554.54787741936,378850.03221290326,234863.74508709676,265169.46082903224,76307.70240967741,27108.918390322582,161752.84002903226,143986.28712580644,0,12,12,38,0,0,186,0,0,37,0,0,0,11,348467.0,227897.0,120570.0,0.346,38641.0,193644.0,140465.0,53179.0,0.2746,40900.0,API,700.0
2023-03-01,중구,2023,3,700.0,1542.0,691.0,319919.55010714283,269905.8397357143,19395.535724999998,30618.17465714286,447119.10660714284,219413.08745,415089.08475,251941.31108214287,295057.563525,88291.82521071428,27211.394017857143,179554.34429642858,163147.77366785714,0,12,12,38,0,0,186,0,0,37,0,0,0,11,348467.0,227897.0,120570.0,0.346,38641.0,193644.0,140465.0,53179.0,0.2746,40900.0,API,764.0
2023-04-01,중구,2023,4,764.0,1420.0,705.0,326649.7281483871,271920.5715677419,19559.111396774195,35170.04517741936,460428.1159354839,221793.83943225807,425656.33622903225,255930.72238064517,291307.9297096774,86623.12880967742,26659.661374193547,178025.13952580644,169725.6138483871,0,12,12,38,0,0,186,0,0,37,0,0,0,11,348467.0,227897.0,120570.0,0.346,38641.0,193644.0,140465.0,53179.0,0.2746,40900.0,API,804.0
2023-05-01,중구,2023,5,804.0,1567.0,812.0,328860.93665333337,266702.51231333334,19266.639913333336,42891.78443,456062.9831633333,227799.41308333335,422947.6342766667,261656.15263666667,297680.58242,86359.53996666666,29991.40041,181329.64204333336,161291.48163999998,0,12,12,38,0,0,186,0,0,37,0,0,0,11,348467.0,227897.0,120570.0,0.346,38641.0,193644.0,140465.0,53179.0,0.2746,40900.0,API,817.0
2023-06-01,중구,2023,6,817.0,1604.0,843.0,329863.31729677424,268745.94405806455,19513.285296774193,41604.0879516129,457122.30110000004,227271.75760322582,423598.4704064516,262909.6364935484,294760.4294,86399.23551612903,28863.213693548387,179497.9801903226,160688.83391290324,0,12,12,38,0,0,186,0,0,37,0,0,0,11,348467.0,227897.0,120570.0,0.346,38641.0,193644.0,140465.0,53179.0,0.2746,40900.0,API,822.0
2023-07-01,중구,2023,7,822.0,1779.0,888.0,327279.8894,267545.13675,19616.64631,40118.10636,455349.0174966667,224012.23420666668,422832.71834,259027.8687533333,295338.20657333336,85613.81653333333,28575.985243333333,181148.40479666664,163804.84958666665,0,12,12,38,0,0,186,0,0,37,0,0,0,11,348467.0,227897.0,120570.0,0.346,38641.0,193644.0,140465.0,53179.0,0.2746,40900.0,API,895.0
2023-08-01,중구,2023,8,895.0,1786.0,897.0,316237.27677096776,259651.30407096774,18796.313651612905,37789.65903870968,436426.7877806451,217866.3574935484,407127.7697096774,251315.49608387097,277840.8634870968,80881.98106129032,27110.22888064516,169848.6535451613,155812.27362580647,0,12,12,38,0,0,186,0,0,37,0,0,0,11,348467.0,227897.0,120570.0,0.346,38641.0,193644.0,140465.0,53179.0,0.2746,40900.0,API,936.0
2023-09-01,중구,2023,9,936.0,1667.0,838.0,306590.4592870968,253953.64866129032,18214.01327419355,34422.79736129032,424509.00677419355,210082.7697,396118.1679516129,242642.09596774195,273358.34643548384,79652.97363870968,26396.837703225807,167308.5350935484,153476.07198387096,0,12,12,38,0,0,186,0,0,37,0,0,0,11,348467.0,227897.0,120570.0,0.346,38641.0,193644.0,140465.0,53179.0,0.2746,40900.0,API,862.0
2023-10-01,중구,2023,10,862.0,1586.0,821.0,312781.64231,257330.73181666667,19125.18906333333,36325.72141666667,432927.8198233333,215395.97032999998,402290.539,248846.71609666667,275495.22912,81979.90666000001,26153.80728333333,167361.51517666664,153443.82290333332,0,12,12,38,0,0,186,0,0,37,0,0,0,11,348467.0,227897.0,120570.0,0.346,38641.0,193644.0,140465.0,53179.0,0.2746,40900.0,API,860.0
2023-11-01,중구,2023,11,860.0,1558.0,788.0,318129.9531870968,260744.78364193547,18957.95623548387,38427.21333225807,442495.2234451613,216980.89732580644,409995.63858387095,252511.60648064516,280845.39164193545,82753.00414838709,27512.259896774194,170580.1275967742,157484.0321032258,0,12,12,38,0,0,186,0,0,37,0,0,0,11,348467.0,227897.0,120570.0,0.346,38641.0,193644.0,140465.0,53179.0,0.2746,40900.0,API,784.0
2023-12-01,중구,2023,12,784.0,1687.0,878.0,334237.2361133333,275368.78265666665,19336.793603333335,39531.659876666665,470343.5416266667,223255.86140333334,437000.4256566667,260834.95786666666,308540.3545,93092.88256999999,28303.44833,187144.0236,176165.46779,0,12,12,38,0,0,186,0,0,37,0,0,0,11,348467.0,227897.0,120570.0,0.346,38641.0,193644.0,140465.0,53179.0,0.2746,40900.0,API,843.0
2024-01-01,중구,2024,1,843.0,1553.0,802.0,334156.67222580645,271309.2878516129,21315.912406451615,41531.47196129032,461194.70902903227,230080.0727064516,427522.42126774194,267466.8514612903,291467.84088387096,91063.93562258066,27698.406683870966,172705.49857741935,160055.56980645162,0,9,12,286,1,1,114,0,0,32,0,0,0,13,330845.0,222447.0,108398.0,0.3276,41221.0,177231.0,134587.0,42644.0,0.2406,47919.0,API,829.0
2024-02-01,중구,2024,2,829.0,1360.0,700.0,318985.21293548384,262966.58402258065,18257.51504516129,37761.11388709678,437028.75167419354,221670.43723870968,408618.586783871,254961.37446774193,274171.61192258063,83252.33423548387,26196.28617096774,164722.99151612903,153657.21231612904,0,9,12,286,1,1,114,0,0,32,0,0,0,13,330845.0,222447.0,108398.0,0.3276,41221.0,177231.0,134587.0,42644.0,0.2406,47919.0,API,636.0
2024-03-01,중구,2024,3,636.0,1526.0,764.0,311716.3826655173,257067.8678413793,18044.88760689655,36603.6272137931,433863.3174758621,213343.15036896552,402921.54148965515,246569.8406586207,278745.6414448276,84318.44048275863,26070.904937931035,168356.29602413793,156351.70083103448,0,9,12,286,1,1,114,0,0,32,0,0,0,13,330845.0,222447.0,108398.0,0.3276,41221.0,177231.0,134587.0,42644.0,0.2406,47919.0,API,634.0
2024-04-01,중구,2024,4,634.0,1598.0,804.0,321883.5483903226,266711.4745225806,18818.510496774194,36353.56337741935,455877.0398032258,216337.3580935484,419880.38452258066,251885.8083096774,281551.610616129,87326.73487419356,25082.394551612902,169142.48119032258,167994.57621290322,0,9,12,286,1,1,114,0,0,32,0,0,0,13,330845.0,222447.0,108398.0,0.3276,41221.0,177231.0,134587.0,42644.0,0.2406,47919.0,API,658.0
2024-05-01,중구,2024,5,658.0,1603.0,817.0,332969.05473333335,272863.99794666667,19232.488473333335,40872.56831,471082.2428333333,221979.54080666666,435232.2170133333,259923.93881666666,308679.62203333335,90279.70593333333,28824.19311,189575.72299,175308.27819666668,0,9,12,286,1,1,114,0,0,32,0,0,0,13,330845.0,222447.0,108398.0,0.3276,41221.0,177231.0,134587.0,42644.0,0.2406,47919.0,API,697.0
2024-06-01,중구,2024,6,697.0,1615.0,822.0,327054.37409354834,269217.47676451615,19083.61007096774,38753.28725806452,460142.87339677423,217534.03459999998,426465.9161032258,256046.12979677418,286576.04377741937,85668.47465483872,25894.37400967742,175013.19511290322,170419.78630645163,0,9,12,286,1,1,114,0,0,32,0,0,0,13,330845.0,222447.0,108398.0,0.3276,41221.0,177231.0,134587.0,42644.0,0.2406,47919.0,API,675.0
2024-07-01,중구,2024,7,675.0,1776.0,895.0,317470.60519333335,261515.36696333333,18895.355046666667,37059.88318333333,445826.8788833333,212883.80609666667,412929.3198766667,249285.80898333335,280935.84275,84943.60452333333,25177.916559999998,170814.32166666668,163643.51089333332,0,9,12,286,1,1,114,0,0,32,0,0,0,13,330845.0,222447.0,108398.0,0.3276,41221.0,177231.0,134587.0,42644.0,0.2406,47919.0,API,694.0
2024-08-01,중구,2024,8,694.0,1770.0,936.0,322897.1065129032,266110.19787741936,18799.167987096775,37987.74064516129,453952.721383871,214501.5210096774,423408.70158709673,251103.1100129032,284720.1512548387,85262.20758709678,24127.69076451613,175330.2529032258,172305.59157419356,0,9,12,286,1,1,114,0,0,32,0,0,0,13,330845.0,222447.0,108398.0,0.3276,41221.0,177231.0,134587.0,42644.0,0.2406,47919.0,API,659.0
2024-09-01,중구,2024,9,659.0,1680.0,862.0,306666.6333258064,253054.27109032255,18052.44468387097,35559.91754193549,426977.74141290324,207320.89517096776,397893.71859999996,241504.4295483871,270867.86912580644,82275.59974838709,24057.876377419354,164534.393,156389.2890516129,0,9,12,286,1,1,114,0,0,32,0,0,0,13,330845.0,222447.0,108398.0,0.3276,41221.0,177231.0,134587.0,42644.0,0.2406,47919.0,API,605.0
2024-10-01,중구,2024,10,605.0,1585.0,860.0,303127.29748666665,250324.68136999998,18317.005336666665,34485.61079,421620.20387,204238.78481,392403.33331666666,239358.70047,270460.30599,81342.13054666667,24474.69875,164643.47669333333,153044.63284666665,0,9,12,286,1,1,114,0,0,32,0,0,0,13,330845.0,222447.0,108398.0,0.3276,41221.0,177231.0,134587.0,42644.0,0.2406,47919.0,API,628.0
2024-11-01,중구,2024,11,628.0,1425.0,784.0,325297.1049483871,266822.3799580645,18857.784300000003,39616.94070967742,464631.5832258065,215242.3049483871,425938.7432645162,253410.22046129033,295733.0074451613,91003.17830967743,25261.564264516128,179468.26487096775,172528.5228032258,0,9,12,286,1,1,114,0,0,32,0,0,0,13,330845.0,222447.0,108398.0,0.3276,41221.0,177231.0,134587.0,42644.0,0.2406,47919.0,API,616.0
2024-12-01,중구,2024,12,616.0,1618.0,843.0,328449.1299133333,270492.82066333335,18797.27492333333,39159.03432333333,468520.40849999996,215791.02852333334,431841.9070633333,254597.14625000002,311126.20909333334,94568.81866333334,26968.396729999997,189588.9937,177244.76081333336,0,9,12,286,1,1,114,0,0,32,0,0,0,13,330845.0,222447.0,108398.0,0.3276,41221.0,177231.0,134587.0,42644.0,0.2406,47919.0,API,643.0
2025-01-01,중구,2025,1,643.0,1487.0,829.0,323424.2557129032,265103.46058387094,18583.299212903228,39737.495919354835,454580.2583354839,214257.45594193548,420959.2989225806,253756.36772580646,294186.1843580645,90034.22552580645,25740.73666129032,178411.22217096773,167202.9311967742,0,19,0,27,0,0,160,4,25,32,21,12,0,1,337701.0,225335.0,112366.0,0.3327,35441.0,133003.0,100486.0,32517.0,0.2445,31361.0,API,635.0
2025-02-01,중구,2025,2,635.0,1242.0,636.0,295687.0369548387,240325.34901612904,16960.63129032258,38401.05664516129,406878.0793064516,205350.18287419353,378533.9762935484,236510.65169677418,258031.22597096773,77787.12896451613,24265.667783870966,155978.42922258066,142023.32459677418,0,19,0,27,0,0,160,4,25,32,21,12,0,1,337701.0,225335.0,112366.0,0.3327,35441.0,133003.0,100486.0,32517.0,0.2445,31361.0,API,581.0
2025-03-01,중구,2025,3,581.0,1328.0,634.0,317272.08349642856,262939.77895714284,17772.882685714285,36559.421853571424,447783.5392821428,210601.93406428568,415690.53070357145,246973.19265714285,290328.6654178571,88168.64296428571,24450.908750000002,177709.11370357143,168717.33804642857,0,19,0,27,0,0,160,4,25,32,21,12,0,1,337701.0,225335.0,112366.0,0.3327,35441.0,133003.0,100486.0,32517.0,0.2445,31361.0,API,636.0
2025-04-01,중구,2025,4,636.0,1408.0,658.0,317649.2142129032,262611.19231612905,18240.09006129032,36797.931832258066,450723.3505483871,211191.7365903226,415320.6975193548,247883.86898064517,282022.0448290322,87166.40583870967,23931.123251612902,170924.51573870968,167436.82853870967,0,19,0,27,0,0,160,4,25,32,21,12,0,1,337701.0,225335.0,112366.0,0.3327,35441.0,133003.0,100486.0,32517.0,0.2445,31361.0,API,655.0
2025-05-01,중구,2025,5,655.0,1535.0,697.0,326262.90345,267766.5358333333,18411.284886666668,40085.08273,461770.3342766667,214374.36750000002,428608.29232999997,253159.05424,309365.60989666666,90486.03427333334,27695.70797,191183.86765333332,175449.23809,0,19,0,27,0,0,160,4,25,32,21,12,0,1,337701.0,225335.0,112366.0,0.3327,35441.0,133003.0,100486.0,32517.0,0.2445,31361.0,API,707.0
2025-06-01,중구,2025,6,707.0,1464.0,675.0,313729.5352322581,259026.0999032258,17929.063680645162,36774.371667741936,439440.5141387097,211176.10473225807,407397.64137419354,246823.74514193548,281249.0209967742,83917.66939354838,26016.916712903225,171314.43489032256,160573.8962322581,0,19,0,27,0,0,160,4,25,32,21,12,0,1,337701.0,225335.0,112366.0,0.3327,35441.0,133003.0,100486.0,32517.0,0.2445,31361.0,API,709.0
2025-07-01,중구,2025,7,709.0,1591.0,694.0,309506.4666333333,255791.50072333336,17750.73173,35964.23418,433688.0643833333,206972.45824666665,402902.8276433333,242794.78019,282144.24500999996,82627.81051666666,25989.924543333334,173526.50994999998,160108.04745333333,0,19,0,27,0,0,160,4,25,32,21,12,0,1,337701.0,225335.0,112366.0,0.3327,35441.0,133003.0,100486.0,32517.0,0.2445,31361.0,API,772.0
2025-08-01,중구,2025,8,772.0,1581.0,659.0,315210.19351935486,261110.88220645158,17369.105474193548,36730.20583870968,441018.25242258067,208077.4159903226,412857.72336129035,245461.95793225805,286878.5643645161,83193.39251290323,24958.133867741933,178727.03798387098,167395.76542903224,0,19,0,27,0,0,160,4,25,32,21,12,0,1,337701.0,225335.0,112366.0,0.3327,35441.0,133003.0,100486.0,32517.0,0.2445,31361.0,API,729.0
2025-09-01,중구,2025,9,729.0,1456.0,605.0,299819.9088677419,247381.68401290322,16834.15404516129,35604.07081290322,417274.158932258,201034.91209032258,389240.9727580645,235947.72036774195,270992.1887741935,80684.9276935484,24120.564451612903,166186.69662903226,153293.25239032257,0,19,0,27,0,0,160,4,25,32,21,12,0,1,337701.0,225335.0,112366.0,0.3327,35441.0,133003.0,100486.0,32517.0,0.2445,31361.0,API,708.0
2025-10-01,중구,2025,10,708.0,1353.0,628.0,319712.23452,266688.25999,17865.600749999998,35158.37379,455633.83281333337,207136.21118333333,422889.93197000003,246013.8792,301488.28143000003,90902.70763333332,24215.058756666665,186370.51504,176876.05277,0,19,0,27,0,0,160,4,25,32,21,12,0,1,337701.0,225335.0,112366.0,0.3327,35441.0,133003.0,100486.0,32517.0,0.2445,31361.0,API,680.0
2025-11-01,중구,2025,11,680.0,1366.0,616.0,300996.07395483874,246711.32448387097,17258.61967419355,37026.12980645161,420955.6725548387,203231.32742258065,389380.2354387097,237864.5300516129,268368.159716129,81597.18789354838,23530.89201935484,163240.0798032258,151515.70538709676,0,19,0,27,0,0,160,4,25,32,21,12,0,1,337701.0,225335.0,112366.0,0.3327,35441.0,133003.0,100486.0,32517.0,0.2445,31361.0,API,706.0
2025-12-01,중구,2025,12,706.0,1400.0,643.0,319634.34469,261889.92081333333,17870.000993333335,39874.42289,453268.7680433334,210458.15604666667,419583.9247766667,248241.78748333332,291800.25880333333,89229.71752666666,23963.502376666664,178607.0389,171342.13729333333,0,19,0,27,0,0,160,4,25,32,21,12,0,1,337701.0,225335.0,112366.0,0.3327,35441.0,133003.0,100486.0,32517.0,0.2445,31361.0,API,763.0
2017-01-01,중랑구,2017,1,,,,,,,,,,,,,,,,,2,38,6,77,39,0,191,0,0,190,0,0,0,128,,,,,,,,,,,API,1276.0
2017-02-01,중랑구,2017,2,1276.0,,,,,,,,,,,,,,,,2,38,6,77,39,0,191,0,0,190,0,0,0,128,,,,,,,,,,,API,973.0
2017-03-01,중랑구,2017,3,973.0,,,,,,,,,,,,,,,,2,38,6,77,39,0,191,0,0,190,0,0,0,128,,,,,,,,,,,API,1154.0
2017-04-01,중랑구,2017,4,1154.0,,,,,,,,,,,,,,,,2,38,6,77,39,0,191,0,0,190,0,0,0,128,,,,,,,,,,,API,1126.0
2017-05-01,중랑구,2017,5,1126.0,,,,,,,,,,,,,,,,2,38,6,77,39,0,191,0,0,190,0,0,0,128,,,,,,,,,,,API,1281.0
2017-06-01,중랑구,2017,6,1281.0,,,,,,,,,,,,,,,,2,38,6,77,39,0,191,0,0,190,0,0,0,128,,,,,,,,,,,API,1271.0
2017-07-01,중랑구,2017,7,1271.0,,,,,,,,,,,,,,,,2,38,6,77,39,0,191,0,0,190,0,0,0,128,,,,,,,,,,,API,1318.0
2017-08-01,중랑구,2017,8,1318.0,,,,,,,,,,,,,,,,2,38,6,77,39,0,191,0,0,190,0,0,0,128,,,,,,,,,,,API,1323.0
2017-09-01,중랑구,2017,9,1323.0,,,,,,,,,,,,,,,,2,38,6,77,39,0,191,0,0,190,0,0,0,128,,,,,,,,,,,API,1318.0
2017-10-01,중랑구,2017,10,1318.0,,,,,,,,,,,,,,,,2,38,6,77,39,0,191,0,0,190,0,0,0,128,,,,,,,,,,,API,1264.0
2017-11-01,중랑구,2017,11,1264.0,,,,,,,,,,,,,,,,2,38,6,77,39,0,191,0,0,190,0,0,0,128,,,,,,,,,,,API,1210.0
2017-12-01,중랑구,2017,12,1210.0,,,,,,,,,,,,,,,,2,38,6,77,39,0,191,0,0,190,0,0,0,128,,,,,,,,,,,API,1425.0
2018-01-01,중랑구,2018,1,1425.0,1809.0,1276.0,,,,,,,,,,,,,,0,45,5,91,29,2,234,0,0,178,0,0,0,108,,,,,,,,,,,API,1456.0
2018-02-01,중랑구,2018,2,1456.0,1505.0,973.0,,,,,,,,,,,,,,0,45,5,91,29,2,234,0,0,178,0,0,0,108,,,,,,,,,,,API,1169.0
2018-03-01,중랑구,2018,3,1169.0,1711.0,1154.0,,,,,,,,,,,,,,0,45,5,91,29,2,234,0,0,178,0,0,0,108,,,,,,,,,,,API,1231.0
2018-04-01,중랑구,2018,4,1231.0,1702.0,1126.0,,,,,,,,,,,,,,0,45,5,91,29,2,234,0,0,178,0,0,0,108,,,,,,,,,,,API,1223.0
2018-05-01,중랑구,2018,5,1223.0,1892.0,1281.0,369455.5518461538,363324.7427153846,5416.330765384615,714.4783576923078,409886.31790384615,324119.5018115385,335674.4513423077,393584.90934230766,176823.87446923077,27156.85035,105805.01997307691,43862.00414615385,-57910.45799999999,0,45,5,91,29,2,234,0,0,178,0,0,0,108,,,,,,,,,,,API,1403.0
2018-06-01,중랑구,2018,6,1403.0,1850.0,1271.0,368448.86898387095,362327.3564580645,5476.183561290322,645.3289741935483,407909.1650322581,324768.98566129035,336251.3864064516,390606.68861935486,176015.54857741937,27146.684390322578,105274.51921935483,43594.344967741934,-54355.30221290323,0,45,5,91,29,2,234,0,0,178,0,0,0,108,,,,,,,,,,,API,1296.0
2018-07-01,중랑구,2018,7,1296.0,1946.0,1318.0,370364.23505333334,364152.35572333337,5526.02079,685.8585266666666,408985.73749333335,328019.71298333333,338535.63119,393098.9520666667,169848.08447,26107.064926666666,103106.00307,40635.01647333334,-54563.32087666667,0,45,5,91,29,2,234,0,0,178,0,0,0,108,,,,,,,,,,,API,1409.0
2018-08-01,중랑구,2018,8,1409.0,2012.0,1323.0,370896.1253451613,364412.5878129032,5828.365751612903,655.1717741935485,409881.79814838705,328800.7484483871,338616.56268064515,393952.95582258067,170927.4025967742,26979.64166451613,103676.29574516129,40271.46518709677,-55336.393141935485,0,45,5,91,29,2,234,0,0,178,0,0,0,108,,,,,,,,,,,API,1462.0
2018-09-01,중랑구,2018,9,1462.0,1942.0,1318.0,368904.5710709677,362298.29798709677,6000.760809677419,605.512264516129,407442.3737516129,326622.1259096774,336959.8961516129,390862.8316064516,169485.96672903225,26217.584003225806,102943.66786774194,40324.714858064515,-53902.93545483871,0,45,5,91,29,2,234,0,0,178,0,0,0,108,,,,,,,,,,,API,1325.0
2018-10-01,중랑구,2018,10,1325.0,1889.0,1264.0,372609.25353333337,366082.5773933333,5888.25489,638.4212466666667,409135.51897333335,332031.8266233333,342689.0775233333,393980.8078333333,168421.02710666665,28438.29222,99374.11046000001,40608.62442666666,-51291.73031,0,45,5,91,29,2,234,0,0,178,0,0,0,108,,,,,,,,,,,API,1273.0
2018-11-01,중랑구,2018,11,1273.0,1781.0,1210.0,370280.78098064516,363897.7385096774,5755.9273096774195,627.1151580645161,409824.5989580645,324902.62759999995,336661.68008064514,393420.4593548387,166331.67013225806,26033.535635483873,100295.07145483872,40003.06304193548,-56758.77927419354,0,45,5,91,29,2,234,0,0,178,0,0,0,108,,,,,,,,,,,API,1214.0
2018-12-01,중랑구,2018,12,1214.0,2026.0,1425.0,368962.73639333335,362616.48701000004,5652.41916,693.8302233333333,409038.35035,324489.37521666667,335486.61476333335,392874.25182666664,169898.74800666666,27993.11924666667,100392.29664999999,41513.332109999996,-57387.637063333335,0,45,5,91,29,2,234,0,0,178,0,0,0,108,,,,,,,,,,,API,1349.0
2019-01-01,중랑구,2019,1,1349.0,2111.0,1456.0,376486.7545290323,370000.72476451617,5895.988006451613,590.0417612903226,410531.864,338378.81111935485,348195.1093483871,396695.07252580643,165754.02103548386,28035.523358064514,97766.93164193549,39951.56603548388,-48499.96317741935,1,36,5,80,18,6,163,0,0,152,0,0,0,35,,,,,,,,,,,API,1177.0
2019-02-01,중랑구,2019,2,1177.0,1733.0,1169.0,376593.0743290322,369766.1218580645,6143.25045483871,683.7020193548387,411518.2064645161,337113.7243,346943.4192193548,397771.3994,172374.77057741937,27578.771348387098,104117.90164838711,40678.09758064516,-50827.98018064515,1,36,5,80,18,6,163,0,0,152,0,0,0,35,,,,,,,,,,,API,1025.0
2019-03-01,중랑구,2019,3,1025.0,1893.0,1231.0,372476.3764464286,365250.50856785715,6451.339717857142,774.5281607142857,403516.44565,338209.38169999997,347033.24585,390650.04115357145,170238.59700714285,29454.062560714287,100457.47610357143,40327.05834285715,-43616.79530357142,1,36,5,80,18,6,163,0,0,152,0,0,0,35,,,,,,,,,,,API,1188.0
2019-04-01,중랑구,2019,4,1188.0,1786.0,1223.0,370873.67712258064,364289.7144483871,5914.759874193548,669.2028096774194,406252.10209999996,330074.6990903226,340861.6240419355,392310.8578967742,159228.77756774196,26191.61187419355,95007.94015483871,38029.225538709674,-51449.23385483871,1,36,5,80,18,6,163,0,0,152,0,0,0,35,,,,,,,,,,,API,1257.0
2019-05-01,중랑구,2019,5,1257.0,1933.0,1403.0,362081.7125533333,355728.07912666665,5744.91227,608.7211566666666,400151.2343333333,318749.39501333336,329774.35224,385158.39847333333,170578.56373666666,27015.592859999997,101601.04534666667,41961.92553,-55384.046233333334,1,36,5,80,18,6,163,0,0,152,0,0,0,35,,,,,,,,,,,API,1307.0
2019-06-01,중랑구,2019,6,1307.0,1893.0,1296.0,351306.90882903227,344974.2260548387,5721.833174193548,610.8496032258065,387166.6840387097,310219.2189580645,320748.7447806451,373134.16886451613,156645.05887419355,26112.03481935484,91571.22858064517,38961.79547419355,-52385.424083870974,1,36,5,80,18,6,163,0,0,152,0,0,0,35,,,,,,,,,,,API,1248.0
2019-07-01,중랑구,2019,7,1248.0,2108.0,1409.0,350758.76116,344597.39258,5583.58237,577.7862233333333,385180.58573,312632.00739,322314.7393233333,371075.91963666666,148141.60216666668,25071.52587,87382.76759333332,35687.308703333336,-48761.18031333334,1,36,5,80,18,6,163,0,0,152,0,0,0,35,,,,,,,,,,,API,1242.0
2019-08-01,중랑구,2019,8,1242.0,2070.0,1462.0,344825.5234612903,338478.02580000006,5699.997761290322,647.4998967741935,379883.7448451613,306225.4026064516,315540.9484290323,365743.0770451613,138932.32857741936,23706.267670967743,81893.05131935484,33333.00958709678,-50202.12861612903,1,36,5,80,18,6,163,0,0,152,0,0,0,35,,,,,,,,,,,API,1269.0
2019-09-01,중랑구,2019,9,1269.0,1902.0,1325.0,361001.8375193548,354615.21812903223,5879.512332258065,507.1070290322581,396007.43416129035,322268.95661935484,331851.0101709678,381823.8570387097,148954.4592032258,25901.86267096774,87004.24329032257,36048.35324193548,-49972.846867741944,1,36,5,80,18,6,163,0,0,152,0,0,0,35,,,,,,,,,,,API,1274.0
2019-10-01,중랑구,2019,10,1274.0,1824.0,1273.0,363873.81135000003,357523.5823933333,5733.860243333333,616.3687133333333,397214.02913,326162.85095,335915.5230066666,383844.0172933333,159895.26372333334,29442.284483333333,91198.58030666667,39254.39893333334,-47928.49428666667,1,36,5,80,18,6,163,0,0,152,0,0,0,35,,,,,,,,,,,API,1219.0
2019-11-01,중랑구,2019,11,1219.0,1764.0,1214.0,354748.28787580645,348663.6133032258,5525.822791935484,558.8517661290323,394243.506266129,310404.76239677414,321111.3978612903,378774.637883871,156653.81187096774,26090.96621935484,91353.10428225806,39209.74136935484,-57663.240022580634,1,36,5,80,18,6,163,0,0,152,0,0,0,35,,,,,,,,,,,API,1190.0
2019-12-01,중랑구,2019,12,1190.0,1868.0,1349.0,362906.6484433333,356683.46640333335,5613.56361,609.6184333333333,400173.52159,320728.0929733334,331354.9659666667,385443.5644966667,153758.15616666665,27264.67251333333,87928.36944666666,38565.11420666667,-54088.59853,1,36,5,80,18,6,163,0,0,152,0,0,0,35,,,,,,,,,,,API,1237.0
2020-01-01,중랑구,2020,1,1237.0,1727.0,1177.0,366534.2957,360146.25706451613,5867.918106451612,520.1205387096774,400654.93996129034,328404.7983419355,337934.0900419355,386963.0140258065,163549.7880870968,28806.42447419355,94685.75437096774,40057.60924193548,-49028.92398387096,0,32,1,84,15,1,192,0,0,153,0,0,0,16,1073246.0,734544.0,338702.0,0.3156,,720415.0,524894.0,195521.0,0.2714,,API,1146.0
2020-02-01,중랑구,2020,2,1146.0,1524.0,1025.0,371782.9584419355,364836.7152322581,6237.241325806452,709.0018870967741,404123.5102935484,336133.47598064516,344949.82752903225,390949.480516129,163482.65022580643,29807.68061935484,94287.53388387097,39387.435722580645,-45999.652987096764,0,32,1,84,15,1,192,0,0,153,0,0,0,16,1073246.0,734544.0,338702.0,0.3156,,720415.0,524894.0,195521.0,0.2714,,API,933.0
2020-03-01,중랑구,2020,3,933.0,1730.0,1188.0,374670.82979310345,367257.2861517241,6392.302237931035,1021.2414,405826.96364482754,339681.9817413793,347737.6597034483,393908.80844137934,156124.2693,24749.089720689655,94279.22641034483,37095.95316896551,-46171.148737931035,0,32,1,84,15,1,192,0,0,153,0,0,0,16,1073246.0,734544.0,338702.0,0.3156,,720415.0,524894.0,195521.0,0.2714,,API,785.0
2020-04-01,중랑구,2020,4,785.0,1836.0,1257.0,374067.1156612903,366852.9203258064,6406.19259032258,808.0027451612904,403291.1156645161,340153.3615903226,348520.99251290323,392314.34649032255,150032.04488387096,21637.328593548387,92448.78451290322,35945.931777419355,-43793.35397741935,0,32,1,84,15,1,192,0,0,153,0,0,0,16,1073246.0,734544.0,338702.0,0.3156,,720415.0,524894.0,195521.0,0.2714,,API,956.0
2020-05-01,중랑구,2020,5,956.0,1924.0,1307.0,370834.13430333335,363376.5190266667,6369.660186666666,1087.9550966666668,401658.42548,335464.77814,344299.14413666667,389787.6987066667,155657.22355999998,23102.04640666667,94876.26810666667,37678.90904666667,-45488.55457,0,32,1,84,15,1,192,0,0,153,0,0,0,16,1073246.0,734544.0,338702.0,0.3156,,720415.0,524894.0,195521.0,0.2714,,API,1004.0
2020-06-01,중랑구,2020,6,1004.0,1853.0,1248.0,366766.31353548385,359774.86103870964,6312.7064451612905,678.7460612903226,397455.0434129032,332188.25412903226,340819.0404580645,385300.0800290323,156804.74336774193,24468.095941935484,94642.30557096774,37694.341854838705,-44481.03957096774,0,32,1,84,15,1,192,0,0,153,0,0,0,16,1073246.0,734544.0,338702.0,0.3156,,720415.0,524894.0,195521.0,0.2714,,API,1057.0
2020-07-01,중랑구,2020,7,1057.0,1876.0,1242.0,361277.28661,354274.07969,6305.99144,697.21549,394851.73093333334,324561.36819666665,333117.06001333334,381391.7341833333,153699.51281333333,23747.834909999998,92291.52283666666,37660.155066666666,-48274.67417,0,32,1,84,15,1,192,0,0,153,0,0,0,16,1073246.0,734544.0,338702.0,0.3156,,720415.0,524894.0,195521.0,0.2714,,API,1041.0
2020-08-01,중랑구,2020,8,1041.0,1924.0,1269.0,360223.2460290323,353309.44466774195,6169.833061290323,743.968306451613,393372.67859354836,323824.7954741936,332584.0176677419,379965.5520129032,152512.40181935483,24067.013241935485,91312.55733870967,37132.831238709674,-47381.53434516129,0,32,1,84,15,1,192,0,0,153,0,0,0,16,1073246.0,734544.0,338702.0,0.3156,,720415.0,524894.0,195521.0,0.2714,,API,978.0
2020-09-01,중랑구,2020,9,978.0,1846.0,1274.0,363748.7046580645,356825.79471935483,6148.161496774194,774.7484483870968,391893.50731935486,332267.98362258065,339876.7398258064,380800.10812903225,152560.6513032258,23338.03889032258,92260.33569354839,36962.276719354835,-40923.368303225805,0,32,1,84,15,1,192,0,0,153,0,0,0,16,1073246.0,734544.0,338702.0,0.3156,,720415.0,524894.0,195521.0,0.2714,,API,817.0
2020-10-01,중랑구,2020,10,817.0,1763.0,1219.0,367924.0639866667,360964.27317666664,6288.193426666667,671.5973966666667,397123.6530966667,334439.87526666664,342590.35414666665,386019.5710033334,154685.49219666666,23492.372866666665,92839.21014333333,38353.90918666667,-43429.21685666667,0,32,1,84,15,1,192,0,0,153,0,0,0,16,1073246.0,734544.0,338702.0,0.3156,,720415.0,524894.0,195521.0,0.2714,,API,951.0
2020-11-01,중랑구,2020,11,951.0,1683.0,1190.0,363116.13797419355,356072.48785806453,6238.8153483870965,804.8347612903226,394577.50776451617,326441.2450451613,336252.6912516129,382304.3142,158048.0399580645,25633.498448387098,93854.57808064517,38559.963429032265,-46051.6229483871,0,32,1,84,15,1,192,0,0,153,0,0,0,16,1073246.0,734544.0,338702.0,0.3156,,720415.0,524894.0,195521.0,0.2714,,API,884.0
2020-12-01,중랑구,2020,12,884.0,1757.0,1237.0,361886.23885666666,354778.09903,6187.4650366666665,920.67477,394071.6499433333,325390.38975000003,334431.54354,381496.73552,158065.58600333333,25155.18416,94058.34937333333,38852.05247,-47065.19198000001,0,32,1,84,15,1,192,0,0,153,0,0,0,16,1073246.0,734544.0,338702.0,0.3156,,720415.0,524894.0,195521.0,0.2714,,API,888.0
2021-01-01,중랑구,2021,1,888.0,1683.0,1146.0,368995.8881709677,361986.24496774195,6314.525909677419,695.1173,395643.31907096773,337328.95446129027,345136.7136967742,386038.1556451613,149767.6815064516,22336.768541935482,91025.92274516128,36404.99021935484,-40901.4419483871,0,28,2,74,29,2,121,0,0,96,0,0,0,10,1046760.0,701525.0,345235.0,0.3298,,602878.0,460562.0,142316.0,0.2361,,API,843.0
2021-02-01,중랑구,2021,2,843.0,1445.0,933.0,370358.71098064515,363615.03981290327,6182.758751612903,560.9124129032258,396209.42354193545,339308.22598064516,347009.2038451613,387036.9303548387,152499.21616129033,22857.621270967742,93824.02975806451,35817.56513225806,-40027.72650967741,0,28,2,74,29,2,121,0,0,96,0,0,0,10,1046760.0,701525.0,345235.0,0.3298,,602878.0,460562.0,142316.0,0.2361,,API,808.0
2021-03-01,중랑구,2021,3,808.0,1391.0,785.0,366560.51929285715,359788.8710785714,6097.297635714285,674.3505857142857,395191.0016928571,332655.872975,341298.08107142855,384605.1180214286,156395.91183571427,25249.006703571427,93793.93773571428,37352.96739642857,-43307.03695,0,28,2,74,29,2,121,0,0,96,0,0,0,10,1046760.0,701525.0,345235.0,0.3298,,602878.0,460562.0,142316.0,0.2361,,API,885.0
2021-04-01,중랑구,2021,4,885.0,1504.0,956.0,360746.1416935484,353933.8884258065,6073.523629032258,738.7296419354839,393513.7842,323080.67883225804,332330.16438709677,381043.2683516129,153217.5168483871,24286.109322580643,92031.78643548387,36899.62109032258,-48713.103964516136,0,28,2,74,29,2,121,0,0,96,0,0,0,10,1046760.0,701525.0,345235.0,0.3298,,602878.0,460562.0,142316.0,0.2361,,API,926.0
2021-05-01,중랑구,2021,5,926.0,1598.0,1004.0,356491.5739466667,349791.9151566667,5976.060323333333,723.5984533333334,390027.1689866667,317635.1708233334,327292.91105666663,377347.7617166667,160935.39701666668,25001.592703333336,96420.84676,39512.95755333333,-50054.850660000004,0,28,2,74,29,2,121,0,0,96,0,0,0,10,1046760.0,701525.0,345235.0,0.3298,,602878.0,460562.0,142316.0,0.2361,,API,991.0
2021-06-01,중랑구,2021,6,991.0,1659.0,1057.0,357700.30095483875,350994.76671935484,6044.5568741935485,660.9773677419355,388475.8317387097,322529.49812903226,331220.16978064517,376614.6803677419,157627.71786451613,25142.333822580644,93900.7450064516,38584.639035483866,-45394.510587096775,0,28,2,74,29,2,121,0,0,96,0,0,0,10,1046760.0,701525.0,345235.0,0.3298,,602878.0,460562.0,142316.0,0.2361,,API,1048.0
2021-07-01,중랑구,2021,7,1048.0,1669.0,1041.0,354616.66028333333,347990.57430333336,5901.412983333333,724.6730133333333,387886.43849333335,317459.8736,326042.5380233333,375026.7476333333,160410.6312466667,24927.945596666665,96822.49709333334,38660.18855666667,-48984.209610000005,0,28,2,74,29,2,121,0,0,96,0,0,0,10,1046760.0,701525.0,345235.0,0.3298,,602878.0,460562.0,142316.0,0.2361,,API,972.0
2021-08-01,중랑구,2021,8,972.0,1713.0,978.0,356128.36582580645,349317.6759,5912.574919354839,898.1150096774194,386502.9484580645,322022.66313225805,329959.1663258064,374820.6511870968,153895.96317096776,23262.49166451613,94178.9443,36454.52720645161,-44861.48486129033,0,28,2,74,29,2,121,0,0,96,0,0,0,10,1046760.0,701525.0,345235.0,0.3298,,602878.0,460562.0,142316.0,0.2361,,API,988.0
2021-09-01,중랑구,2021,9,988.0,1400.0,817.0,354625.58369677415,348056.1266193549,5946.233838709678,623.223235483871,383025.18357419356,321352.03102580644,329634.4851225806,372476.3684129032,152366.62022580646,22920.37514516129,93512.08557419354,35934.159506451615,-42841.883290322585,0,28,2,74,29,2,121,0,0,96,0,0,0,10,1046760.0,701525.0,345235.0,0.3298,,602878.0,460562.0,142316.0,0.2361,,API,936.0
2021-10-01,중랑구,2021,10,936.0,1585.0,951.0,355854.6836466667,349262.5591533333,5955.354990000001,636.7695,384465.47536333336,322238.51406333334,330901.90852999996,373678.0944533333,155713.83469,25529.498333333333,92661.87030666666,37522.46605,-42776.18592333332,0,28,2,74,29,2,121,0,0,96,0,0,0,10,1046760.0,701525.0,345235.0,0.3298,,602878.0,460562.0,142316.0,0.2361,,API,944.0
2021-11-01,중랑구,2021,11,944.0,1468.0,884.0,354483.1957129032,347654.2801645161,5952.461096774194,876.4544645161291,384655.2807419355,318710.6795096774,328073.8858806452,373346.98847741936,153010.31320645162,24116.876638709677,91615.62426451613,37277.81230322581,-45273.1025967742,0,28,2,74,29,2,121,0,0,96,0,0,0,10,1046760.0,701525.0,345235.0,0.3298,,602878.0,460562.0,142316.0,0.2361,,API,908.0
2021-12-01,중랑구,2021,12,908.0,1380.0,888.0,352838.73064666666,346455.3748066667,5755.5353233333335,627.82051,384852.5396566667,316115.69850666664,325134.06349333335,372627.77861000004,157562.11612666666,25843.91289,93048.44801,38669.75522666667,-47493.715116666666,0,28,2,74,29,2,121,0,0,96,0,0,0,10,1046760.0,701525.0,345235.0,0.3298,,602878.0,460562.0,142316.0,0.2361,,API,846.0
2022-01-01,중랑구,2022,1,846.0,1452.0,843.0,357314.2986064516,350802.16063548386,5759.632629032258,752.5053225806452,386546.4848,323587.27916451613,331562.2164483871,375708.6430129032,152850.53502258065,24864.48283870968,90615.53974193548,37370.51244193548,-44146.42656451612,0,9,3,43,13,5,81,0,0,67,0,0,0,3,1114194.0,765681.0,348513.0,0.3128,116201.0,784087.0,623138.0,160949.0,0.2053,83359.0,API,937.0
2022-02-01,중랑구,2022,2,937.0,1343.0,808.0,359356.3129903226,352708.67048709677,5898.028577419354,749.6139419354838,387041.73555161286,326312.54736774194,334500.1345354839,377110.7261903226,151686.41992903224,25528.459306451612,89805.66707096774,36352.2935516129,-42610.5916548387,0,9,3,43,13,5,81,0,0,67,0,0,0,3,1114194.0,765681.0,348513.0,0.3128,116201.0,784087.0,623138.0,160949.0,0.2053,83359.0,API,920.0
2022-03-01,중랑구,2022,3,920.0,1435.0,885.0,362628.03764999995,355929.55040714284,5928.935728571429,769.5515285714285,389338.05390357145,330744.68648214283,338789.0060642857,379655.9173714286,150860.70336071428,24551.55465714286,90216.68378928571,36092.464914285716,-40866.91130714285,0,9,3,43,13,5,81,0,0,67,0,0,0,3,1114194.0,765681.0,348513.0,0.3128,116201.0,784087.0,623138.0,160949.0,0.2053,83359.0,API,1154.0
2022-04-01,중랑구,2022,4,1154.0,1447.0,926.0,360938.9487645161,354327.9091548387,5845.045183870968,765.994429032258,389081.2218032258,327822.14899677417,336153.58657741937,378642.7788870968,146072.64228064514,22885.61207741935,87928.67091290322,35258.35929032258,-42489.19230967742,0,9,3,43,13,5,81,0,0,67,0,0,0,3,1114194.0,765681.0,348513.0,0.3128,116201.0,784087.0,623138.0,160949.0,0.2053,83359.0,API,1141.0
2022-05-01,중랑구,2022,5,1141.0,1505.0,991.0,353822.5579866666,346727.96873666666,5758.629346666667,1335.95992,388027.8528733334,314023.58191999997,324265.1897666667,374934.96386333334,153995.46401333335,24500.29292666667,91643.41738666667,37851.7537,-50669.774096666675,0,9,3,43,13,5,81,0,0,67,0,0,0,3,1114194.0,765681.0,348513.0,0.3128,116201.0,784087.0,623138.0,160949.0,0.2053,83359.0,API,1141.0
2022-06-01,중랑구,2022,6,1141.0,1622.0,1048.0,357962.3208354839,351319.85959354835,5849.878674193548,792.582570967742,392662.0184129032,318664.9147354838,328522.54712258064,378990.7306387097,156905.95650967743,26415.997845161288,91039.75688387096,39450.20178064516,-50468.18351612903,0,9,3,43,13,5,81,0,0,67,0,0,0,3,1114194.0,765681.0,348513.0,0.3128,116201.0,784087.0,623138.0,160949.0,0.2053,83359.0,API,1066.0
2022-07-01,중랑구,2022,7,1066.0,1583.0,972.0,360805.0219166667,354049.8496233334,5779.220336666666,975.9519666666667,395983.24565666664,321095.37222333334,331074.4647466667,382041.1341966667,153835.45556,25276.805379999998,91151.56167,37407.08851,-50966.66945,0,9,3,43,13,5,81,0,0,67,0,0,0,3,1114194.0,765681.0,348513.0,0.3128,116201.0,784087.0,623138.0,160949.0,0.2053,83359.0,API,1290.0
2022-08-01,중랑구,2022,8,1290.0,1594.0,988.0,351692.2674451613,345026.7262612903,5812.479406451613,853.0617838709678,385060.2311419355,314777.7528645161,323500.52282580646,371829.2278806452,145981.5014580645,24462.22489677419,86264.98252580645,35254.29403548387,-48328.705054838705,0,9,3,43,13,5,81,0,0,67,0,0,0,3,1114194.0,765681.0,348513.0,0.3128,116201.0,784087.0,623138.0,160949.0,0.2053,83359.0,API,1373.0
2022-09-01,중랑구,2022,9,1373.0,1568.0,936.0,348141.2656774193,341509.3709290323,5821.752703225806,810.1420387096774,380960.21741290326,310928.5496935484,319948.9650548387,368278.6232645161,144057.51222903226,23657.681777419355,85935.86430967742,34463.96614193548,-48329.65820967741,0,9,3,43,13,5,81,0,0,67,0,0,0,3,1114194.0,765681.0,348513.0,0.3128,116201.0,784087.0,623138.0,160949.0,0.2053,83359.0,API,1236.0
2022-10-01,중랑구,2022,10,1236.0,1525.0,944.0,349934.98924333334,343257.00492000004,5742.438713333334,935.5456333333333,383174.37837,311934.29932,321508.81577,370239.39886666666,145912.61498666665,26152.69234,83622.9198,36137.00284666666,-48730.58309666666,0,9,3,43,13,5,81,0,0,67,0,0,0,3,1114194.0,765681.0,348513.0,0.3128,116201.0,784087.0,623138.0,160949.0,0.2053,83359.0,API,1195.0
2022-11-01,중랑구,2022,11,1195.0,1501.0,908.0,349558.0058935484,342772.95292258065,5812.8603225806455,972.1926612903226,383029.9482129032,309901.6801516129,320548.5957451613,370279.0131516129,140821.1245451613,24339.693677419353,81538.71903548387,34942.711832258065,-49730.41740645162,0,9,3,43,13,5,81,0,0,67,0,0,0,3,1114194.0,765681.0,348513.0,0.3128,116201.0,784087.0,623138.0,160949.0,0.2053,83359.0,API,1144.0
2022-12-01,중랑구,2022,12,1144.0,1557.0,846.0,349077.9354533333,342575.44066333334,5698.368733333334,804.1260866666667,383697.4635633333,309003.5102866666,318925.7737566667,370615.19381,145159.25603333334,24957.211923333336,83902.10486,36299.93925,-51689.42005333334,0,9,3,43,13,5,81,0,0,67,0,0,0,3,1114194.0,765681.0,348513.0,0.3128,116201.0,784087.0,623138.0,160949.0,0.2053,83359.0,API,1218.0
2023-01-01,중랑구,2023,1,1218.0,1503.0,937.0,354259.3115387097,347675.2914290322,5747.3560935483865,836.6640258064516,385764.027467742,318210.45535161294,327093.89842580643,373663.1780387096,141622.81375483872,25110.551748387094,81699.66800967742,34812.593996774194,-46569.27961290323,1,12,11,218,11,2,164,0,0,94,0,0,0,12,1063760.0,740070.0,323690.0,0.3043,124565.0,688532.0,518215.0,170317.0,0.2474,115746.0,API,1159.0
2023-02-01,중랑구,2023,2,1159.0,1551.0,920.0,357228.61092903226,350368.3222516129,5864.153474193548,996.1352129032258,386711.32037419354,323365.1016,331883.0732387097,375332.56644193555,141741.50066451615,26105.9133516129,81853.4270967742,33782.16021612903,-43449.49320322581,1,12,11,218,11,2,164,0,0,94,0,0,0,12,1063760.0,740070.0,323690.0,0.3043,124565.0,688532.0,518215.0,170317.0,0.2474,115746.0,API,1000.0
2023-03-01,중랑구,2023,3,1000.0,2052.0,1154.0,354389.6348357143,347858.45292857144,5835.038571428571,696.1433357142857,387292.0892071429,316045.80455,325585.9654642857,374963.6843571429,142767.09849642857,25513.371460714287,82864.50494642857,34389.222089285715,-49377.71889285715,1,12,11,218,11,2,164,0,0,94,0,0,0,12,1063760.0,740070.0,323690.0,0.3043,124565.0,688532.0,518215.0,170317.0,0.2474,115746.0,API,1164.0
2023-04-01,중랑구,2023,4,1164.0,1810.0,1141.0,350145.61237741937,343953.52304838714,5683.231629032258,508.8577064516129,384137.17323225806,309728.9459741936,320234.7742580645,371510.49673225806,139527.2108129032,25229.730187096775,79544.57417741936,34752.9064483871,-51275.72247419354,1,12,11,218,11,2,164,0,0,94,0,0,0,12,1063760.0,740070.0,323690.0,0.3043,124565.0,688532.0,518215.0,170317.0,0.2474,115746.0,API,1164.0
2023-05-01,중랑구,2023,5,1164.0,1930.0,1141.0,347324.68479666667,340921.84638,5671.642313333333,731.1960966666667,381912.56468,306279.93077000004,317085.48857,368924.1106833333,145145.8671166667,25721.123513333332,83412.3911,36012.352503333335,-51838.62211333333,1,12,11,218,11,2,164,0,0,94,0,0,0,12,1063760.0,740070.0,323690.0,0.3043,124565.0,688532.0,518215.0,170317.0,0.2474,115746.0,API,1244.0
2023-06-01,중랑구,2023,6,1244.0,1762.0,1066.0,347190.01852903224,340822.56328709674,5685.082570967742,682.3726838709676,380194.6546387097,309508.1803451613,318967.0295709677,367349.29638387094,144907.7866064516,26255.49164193548,81531.34090000001,37120.95406451613,-48382.26681290322,1,12,11,218,11,2,164,0,0,94,0,0,0,12,1063760.0,740070.0,323690.0,0.3043,124565.0,688532.0,518215.0,170317.0,0.2474,115746.0,API,1230.0
2023-07-01,중랑구,2023,7,1230.0,2015.0,1290.0,345216.24198333337,338947.4837733333,5613.649766666666,655.1084466666667,379884.9809533333,305815.31512000004,315658.9334366667,366328.60522666667,142928.30176333335,25158.99426,82858.60066,34910.70684333333,-50669.67179000001,1,12,11,218,11,2,164,0,0,94,0,0,0,12,1063760.0,740070.0,323690.0,0.3043,124565.0,688532.0,518215.0,170317.0,0.2474,115746.0,API,1340.0
2023-08-01,중랑구,2023,8,1340.0,2152.0,1373.0,348161.7836516129,341568.74148387095,5843.134832258065,749.9073580645161,380913.5004483871,310854.90600645164,320091.52328709676,368211.9696451613,138867.90902903225,24887.33742903226,80658.33629354839,33322.235306451614,-48120.44635806452,1,12,11,218,11,2,164,0,0,94,0,0,0,12,1063760.0,740070.0,323690.0,0.3043,124565.0,688532.0,518215.0,170317.0,0.2474,115746.0,API,1322.0
2023-09-01,중랑구,2023,9,1322.0,1959.0,1236.0,342738.5849967742,336450.43009354844,5699.937564516129,588.2173612903226,376213.84179032256,304825.49775806454,314321.80432258063,363036.28548064514,136928.12504516132,23640.41345483871,80803.88611935485,32483.82547096774,-48714.48115806451,1,12,11,218,11,2,164,0,0,94,0,0,0,12,1063760.0,740070.0,323690.0,0.3043,124565.0,688532.0,518215.0,170317.0,0.2474,115746.0,API,1229.0
2023-10-01,중랑구,2023,10,1229.0,1865.0,1195.0,346204.31342333334,339970.72145333333,5695.125313333334,538.4666566666667,379537.23144,308909.88798999996,318420.70313333336,366049.74937000003,141130.82733666667,26764.325363333333,79999.43266666666,34367.069306666664,-47629.04623666666,1,12,11,218,11,2,164,0,0,94,0,0,0,12,1063760.0,740070.0,323690.0,0.3043,124565.0,688532.0,518215.0,170317.0,0.2474,115746.0,API,1250.0
2023-11-01,중랑구,2023,11,1250.0,1824.0,1144.0,343665.9459064516,337434.2420516129,5651.1511838709675,580.5526774193548,377699.48748387094,303802.53029354836,314388.8179096774,364578.1802064516,137709.12093870968,24651.273741935485,79754.56811935484,33303.279077419356,-50189.36229677419,1,12,11,218,11,2,164,0,0,94,0,0,0,12,1063760.0,740070.0,323690.0,0.3043,124565.0,688532.0,518215.0,170317.0,0.2474,115746.0,API,1124.0
2023-12-01,중랑구,2023,12,1124.0,1993.0,1218.0,344146.17806,338055.1939566667,5581.653633333333,509.33047999999997,381618.2390566667,303656.80712666665,313274.76789333334,366197.18533,143137.81216,27499.056226666667,80678.19149000001,34960.56444333333,-52922.41743666667,1,12,11,218,11,2,164,0,0,94,0,0,0,12,1063760.0,740070.0,323690.0,0.3043,124565.0,688532.0,518215.0,170317.0,0.2474,115746.0,API,1241.0
2024-01-01,중랑구,2024,1,1241.0,1911.0,1159.0,353912.24549032253,347052.45289354835,6340.770880645162,519.021735483871,390587.9499064516,316451.62867096777,325642.9495451613,374104.5997419355,142758.06120645162,29565.95784516129,78699.5766064516,34492.526754838706,-48461.6501967742,6,26,10,157,34,0,197,0,0,78,0,0,0,34,1033385.0,733211.0,300174.0,0.2905,144025.0,739855.0,542342.0,197513.0,0.267,151696.0,API,1155.0
2024-02-01,중랑구,2024,2,1155.0,1717.0,1000.0,351246.7592838709,344800.5484870968,5986.861219354839,459.34955806451615,386192.2877580645,314055.0608225806,323599.90011935483,370994.5158225806,136113.2854903226,27446.73321935484,76538.58026774193,32127.972003225805,-47394.615703225805,6,26,10,157,34,0,197,0,0,78,0,0,0,34,1033385.0,733211.0,300174.0,0.2905,144025.0,739855.0,542342.0,197513.0,0.267,151696.0,API,1014.0
2024-03-01,중랑구,2024,3,1014.0,1907.0,1164.0,350863.5016896552,344387.6356103449,5879.220717241379,596.6453689655173,383411.49929999997,313643.1405724138,323570.2494344828,370358.6818896552,140486.60214137932,27943.301944827585,79344.4832,33198.81699655172,-46788.432455172406,6,26,10,157,34,0,197,0,0,78,0,0,0,34,1033385.0,733211.0,300174.0,0.2905,144025.0,739855.0,542342.0,197513.0,0.267,151696.0,API,980.0
2024-04-01,중랑구,2024,4,980.0,1926.0,1164.0,347868.37072903226,341622.0135322581,5723.4121129032255,522.9450838709678,382128.01381290326,308181.6704548387,318638.5046580645,368746.8465064516,138193.3553483871,26449.4301,78522.44753225807,33221.47771612903,-50108.34184838709,6,26,10,157,34,0,197,0,0,78,0,0,0,34,1033385.0,733211.0,300174.0,0.2905,144025.0,739855.0,542342.0,197513.0,0.267,151696.0,API,981.0
2024-05-01,중랑구,2024,5,981.0,2082.0,1244.0,341741.21476666664,335572.57301000005,5634.374323333333,534.2674666666667,377944.64987333334,299862.66188333335,310702.16985999997,363911.9611633333,142672.60406333333,24755.164926666665,82518.58787333334,35398.85126333333,-53209.79130333334,6,26,10,157,34,0,197,0,0,78,0,0,0,34,1033385.0,733211.0,300174.0,0.2905,144025.0,739855.0,542342.0,197513.0,0.267,151696.0,API,979.0
2024-06-01,중랑구,2024,6,979.0,2011.0,1230.0,341125.6253,335035.14407741936,5602.012512903226,488.46872258064514,374197.8225193548,302789.77539354836,312895.89730322576,361289.7167064516,130469.42367096774,24606.8312516129,72527.12886129033,33335.46355806451,-48393.81940322581,6,26,10,157,34,0,197,0,0,78,0,0,0,34,1033385.0,733211.0,300174.0,0.2905,144025.0,739855.0,542342.0,197513.0,0.267,151696.0,API,969.0
2024-07-01,중랑구,2024,7,969.0,2226.0,1340.0,338962.89887,332719.55225,5684.911553333333,558.4350666666667,371927.6588766667,301126.86394333333,310959.08312666666,358965.62438666663,128354.38019333333,23869.988983333333,72530.27309666667,31954.118113333338,-48006.54125999999,6,26,10,157,34,0,197,0,0,78,0,0,0,34,1033385.0,733211.0,300174.0,0.2905,144025.0,739855.0,542342.0,197513.0,0.267,151696.0,API,1000.0
2024-08-01,중랑구,2024,8,1000.0,2278.0,1322.0,337716.9956580645,331360.29369677417,5803.537322580645,553.1646451612903,370502.03374838707,299487.5822129032,308992.6195645161,358234.4071516129,126099.99056129032,23558.233112903225,71782.15969032257,30759.597758064516,-49241.78758709678,6,26,10,157,34,0,197,0,0,78,0,0,0,34,1033385.0,733211.0,300174.0,0.2905,144025.0,739855.0,542342.0,197513.0,0.267,151696.0,API,967.0
2024-09-01,중랑구,2024,9,967.0,2044.0,1229.0,332296.3616967742,326122.07733548386,5697.457651612903,476.8267064516129,364421.79658387095,295239.0600677419,304648.9021419355,352044.5470870968,124750.54370967743,22636.85145483871,71828.51778709677,30285.174467741937,-47395.644945161286,6,26,10,157,34,0,197,0,0,78,0,0,0,34,1033385.0,733211.0,300174.0,0.2905,144025.0,739855.0,542342.0,197513.0,0.267,151696.0,API,809.0
2024-10-01,중랑구,2024,10,809.0,2047.0,1250.0,335133.78652333334,328841.3237766667,5736.186776666666,556.2759733333334,365546.1321166667,299837.8975866667,309227.7736633333,353638.08143333334,135414.07218,25552.051706666665,76403.84125999999,33458.17921333333,-44410.30777000001,6,26,10,157,34,0,197,0,0,78,0,0,0,34,1033385.0,733211.0,300174.0,0.2905,144025.0,739855.0,542342.0,197513.0,0.267,151696.0,API,801.0
2024-11-01,중랑구,2024,11,801.0,1800.0,1124.0,334763.93334516126,328493.4802,5665.040112903226,605.413035483871,367523.1714354839,294958.84847741935,305776.6856064516,355469.11030322575,130686.56210000001,23553.5447,74410.58429032257,32722.43310967742,-49692.4246967742,6,26,10,157,34,0,197,0,0,78,0,0,0,34,1033385.0,733211.0,300174.0,0.2905,144025.0,739855.0,542342.0,197513.0,0.267,151696.0,API,760.0
2024-12-01,중랑구,2024,12,760.0,2071.0,1241.0,334518.9990266666,328205.47434333334,5730.179533333333,583.3451566666666,367195.05728,295143.40887000004,305539.02398999996,355218.98121666664,135692.31114666667,24998.34431,76589.42687000001,34104.53996666667,-49679.957226666666,6,26,10,157,34,0,197,0,0,78,0,0,0,34,1033385.0,733211.0,300174.0,0.2905,144025.0,739855.0,542342.0,197513.0,0.267,151696.0,API,830.0
2025-01-01,중랑구,2025,1,830.0,1781.0,1155.0,338069.04741935484,331685.632916129,5783.624961290323,599.7895483870967,368483.50311935483,302234.0603451613,311878.02317096776,356776.92185806454,132170.07513548387,24881.364496774193,74494.80967741935,32793.900961290325,-44898.89868709678,0,23,0,53,15,1,178,13,89,55,30,5,0,13,1008537.0,709276.0,299261.0,0.2967,129922.0,762508.0,569201.0,193307.0,0.2535,133360.0,API,862.0
2025-02-01,중랑구,2025,2,862.0,1657.0,1014.0,342843.5942032258,336283.9927225806,5978.383225806452,581.218270967742,369173.49368387094,311221.11702903226,319745.9377,359341.9202774193,130317.85525806452,24894.20533548387,73766.19322903226,31657.456693548385,-39595.98257741935,0,23,0,53,15,1,178,13,89,55,30,5,0,13,1008537.0,709276.0,299261.0,0.2967,129922.0,762508.0,569201.0,193307.0,0.2535,133360.0,API,760.0
2025-03-01,중랑구,2025,3,760.0,1824.0,980.0,340456.71745714283,333937.8070142857,5986.379432142858,532.5310285714286,370789.83682142856,303898.83367857145,313088.40735,360005.5104035715,129471.59901785714,22915.874764285716,75123.867525,31431.85672857143,-46917.10305357143,0,23,0,53,15,1,178,13,89,55,30,5,0,13,1008537.0,709276.0,299261.0,0.2967,129922.0,762508.0,569201.0,193307.0,0.2535,133360.0,API,848.0
2025-04-01,중랑구,2025,4,848.0,1861.0,981.0,337840.249016129,331472.22382580646,5900.762990322581,467.26221935483875,368160.32927096775,300826.1764516129,310771.0839,357175.36696129036,127312.27860645161,23636.388016129033,71670.39018387097,32005.500406451614,-46404.28306129033,0,23,0,53,15,1,178,13,89,55,30,5,0,13,1008537.0,709276.0,299261.0,0.2967,129922.0,762508.0,569201.0,193307.0,0.2535,133360.0,API,878.0
2025-05-01,중랑구,2025,5,878.0,1869.0,979.0,332542.40460666665,326206.17742333334,5827.11272,509.11448666666666,365992.4672633333,292579.9695933333,302884.00972333335,353726.97238,135365.26202666666,23671.46915,77399.80488333333,34293.987993333336,-50842.96265666667,0,23,0,53,15,1,178,13,89,55,30,5,0,13,1008537.0,709276.0,299261.0,0.2967,129922.0,762508.0,569201.0,193307.0,0.2535,133360.0,API,936.0
2025-06-01,중랑구,2025,6,936.0,1992.0,969.0,333132.60617419356,326762.2784,5804.609125806452,565.718664516129,364237.20966451615,296449.35464193544,306085.62903225806,352451.8755612903,131970.26807096775,23953.609738709678,74142.44337419355,33874.21495806451,-46366.246529032265,0,23,0,53,15,1,178,13,89,55,30,5,0,13,1008537.0,709276.0,299261.0,0.2967,129922.0,762508.0,569201.0,193307.0,0.2535,133360.0,API,921.0
2025-07-01,중랑구,2025,7,921.0,2021.0,1000.0,333518.47998666664,327223.83405,5774.428746666667,520.2171933333333,364609.7286866667,297127.00892,306488.7341666667,352825.44128333335,133830.13941666667,22983.40188,77694.94678666667,33151.79075,-46336.70711666667,0,23,0,53,15,1,178,13,89,55,30,5,0,13,1008537.0,709276.0,299261.0,0.2967,129922.0,762508.0,569201.0,193307.0,0.2535,133360.0,API,993.0
2025-08-01,중랑구,2025,8,993.0,2157.0,967.0,332115.91724193544,325666.0351290323,5819.954570967741,629.9275516129031,364492.7265806452,294889.8513290323,303959.7878967742,352227.4382032258,131564.80137096773,22562.544441935483,76803.62384193548,32198.633087096772,-48267.650306451615,0,23,0,53,15,1,178,13,89,55,30,5,0,13,1008537.0,709276.0,299261.0,0.2967,129922.0,762508.0,569201.0,193307.0,0.2535,133360.0,API,926.0
2025-09-01,중랑구,2025,9,926.0,1763.0,809.0,330988.5941612903,324598.04960967746,5858.001445161291,532.5431193548387,361583.9853645161,295609.210283871,304658.53658387094,349795.7781451613,132212.79294193548,22699.9711,77533.89507096774,31978.926770967744,-45137.24156129033,0,23,0,53,15,1,178,13,89,55,30,5,0,13,1008537.0,709276.0,299261.0,0.2967,129922.0,762508.0,569201.0,193307.0,0.2535,133360.0,API,928.0
2025-10-01,중랑구,2025,10,928.0,1751.0,801.0,330940.28797,324628.36952999997,5808.762683333333,503.15576,364404.59795666666,291994.34287,301505.09064,351965.4289333334,135573.49841,23923.315140000002,78109.14516333333,33541.03810666667,-50460.33829333333,0,23,0,53,15,1,178,13,89,55,30,5,0,13,1008537.0,709276.0,299261.0,0.2967,129922.0,762508.0,569201.0,193307.0,0.2535,133360.0,API,944.0
2025-11-01,중랑구,2025,11,944.0,1649.0,760.0,332109.4694064516,325626.49263870966,5903.367193548387,579.6095806451614,364570.37097096775,295551.5649741936,305362.0420903226,351214.77463225805,130778.60987419356,25231.407293548385,72713.44980967742,32833.752770967745,-45852.73254193549,0,23,0,53,15,1,178,13,89,55,30,5,0,13,1008537.0,709276.0,299261.0,0.2967,129922.0,762508.0,569201.0,193307.0,0.2535,133360.0,API,908.0
2025-12-01,중랑구,2025,12,908.0,1787.0,830.0,331663.58219333336,325443.8767866667,5722.575353333334,497.13006666666666,363742.28278999997,293469.37430333334,303500.05671333335,351780.38611333334,131028.72888333333,23538.61378,74495.79050999999,32994.32459333333,-48280.3294,0,23,0,53,15,1,178,13,89,55,30,5,0,13,1008537.0,709276.0,299261.0,0.2967,129922.0,762508.0,569201.0,193307.0,0.2535,133360.0,API,970.0
