ds,District,y,transport_cnt,transport_person,출처,year,month,quarter,season,pop_total_pop,pop_내국인생활인구수,pop_장기체류외국인인구수,pop_단기체류외국인인구수,pop_일최대인구수,pop_일최소인구수,pop_day_pop,pop_night_pop,pop_일최대이동인구수,pop_서울외유입인구수,pop_동일자치구행정동간이동인구수,pop_자치구간이동인구수,pop_pop_diff,accident_건물사고,accident_교통사고,accident_기계사고,accident_기타/미상,accident_산악사고,accident_수난사고,accident_승강기사고,accident_안전조치,accident_위치추적,accident_인명갇힘,accident_자살추정,accident_잠금장치개방,accident_폭발사고,accident_화재,med_demand_총입원연인원,med_demand_서울내입원연인원,med_demand_서울외유출연인원,med_demand_유출률,med_demand_응급실입원연인원,med_supply_총처리연인원,med_supply_서울내환자연인원,med_supply_서울외유입연인원,med_supply_유입률,med_supply_응급실처리연인원,dispatch_per_100k,transport_per_100k,day_night_pop_ratio,transport_rate
2018-04-01,강남구,2576.0,1508.0,1528.0,API_2017_2025,2018,4,2,봄,858066.5640807692,817036.3880884616,21099.74638846154,19930.42961923077,1049526.350946154,685937.4424230768,1010618.5387307692,749100.8679115383,653647.9840115384,196616.7521730769,133339.75189615384,323691.4799423077,261517.67081923079,0,53,6,167,4,28,467,0,0,268,0,0,0,42,,,,,,,,,,,300.20980980183293,175.74394145231523,1.3491087542700773,0.5854037267080745
2018-05-01,강남구,2765.0,1660.0,1679.0,API_2017_2025,2018,5,2,봄,846701.2681935483,805368.1257548387,20771.92381612903,20561.21861935484,1029229.0106064517,680210.6829612902,992015.9888419355,740797.242667742,623595.2215580645,188246.48781612903,127280.06521290322,308068.66852903226,251218.74617419357,0,53,6,167,4,28,467,0,0,268,0,0,0,42,,,,,,,,,,,326.5614572538878,196.05497976182775,1.3391194401176636,0.6003616636528029
2018-06-01,강남구,2831.0,1673.0,1695.0,API_2017_2025,2018,6,2,여름,855382.4456666667,815268.1658366666,21182.554283333335,18931.725570000002,1045679.81666,686486.6557199999,1005697.3347433334,748014.6677400001,600353.00791,185564.33091,120738.49931,294050.17769000004,257682.6670033333,0,53,6,167,4,28,467,0,0,268,0,0,0,42,,,,,,,,,,,330.96306971714614,195.58502848349897,1.3444887889456472,0.5909572589191099
2018-07-01,강남구,3213.0,1822.0,1836.0,API_2017_2025,2018,7,3,여름,877646.7028322581,834267.3592290323,22302.81355483871,21076.530038709676,1091580.4722935485,690608.9910129033,1045776.6265483871,757553.9002032258,639512.3181806452,203945.09152580643,123926.46448387096,311640.76217096776,288222.72634516127,0,53,6,167,4,28,467,0,0,268,0,0,0,42,,,,,,,,,,,366.09264179211425,207.60062040001003,1.3804649758490333,0.5670712729536259
2018-08-01,강남구,3059.0,1743.0,1755.0,API_2017_2025,2018,8,3,여름,864336.7162645161,822891.0720451613,22196.516503225805,19249.127719354838,1068190.8632387097,685601.7235870968,1025316.6880096773,747578.2320096774,647877.5270451612,198686.91048387095,131861.26711935483,317329.3494419355,277738.456,0,53,6,167,4,28,467,0,0,268,0,0,0,42,,,,,,,,,,,353.91299969534595,201.65752156554038,1.371517580512436,0.5697940503432495
2018-09-01,강남구,2522.0,1514.0,1530.0,API_2017_2025,2018,9,3,가을,818212.2730133333,778798.4199866666,20172.45037,19241.40267,987529.0913699999,665462.4754633333,949878.21991,724165.1680866666,572932.08624,172816.99793333333,123643.17483999999,276471.91346666665,225713.05182333334,0,53,6,167,4,28,467,0,0,268,0,0,0,42,,,,,,,,,,,308.2329712205261,185.03755687068855,1.311687252812359,0.6003172085646312
2018-10-01,강남구,2587.0,1522.0,1534.0,API_2017_2025,2018,10,4,가을,857251.6860354838,815086.583251613,20739.52139032258,21425.581403225806,1044345.8121354838,686912.3320645161,1006977.0548225805,748637.1418774194,614462.3424548387,191440.0220580645,123762.1744548387,299260.1459419355,258339.9129451613,0,53,6,167,4,28,467,0,0,268,0,0,0,42,,,,,,,,,,,301.77835076231247,177.5441244144722,1.3450802778730704,0.5883262466177039
2018-11-01,강남구,2516.0,1510.0,1521.0,API_2017_2025,2018,11,4,가을,871978.04081,829232.3575166666,21149.51398666667,21596.16931,1078222.8909166667,688925.09052,1034699.7519166667,755748.2471566667,656558.84936,211296.86786333335,127575.77324333334,317686.20825333335,278951.50476,0,53,6,167,4,28,467,0,0,268,0,0,0,42,,,,,,,,,,,288.53937625113025,173.16949846550344,1.3691063866962212,0.6001589825119237
2018-12-01,강남구,2837.0,1703.0,1718.0,API_2017_2025,2018,12,4,겨울,858440.0901096774,816053.8469870968,21652.867187096774,20733.375925806453,1048862.6647290322,689881.5569580646,1005758.0842645161,753212.951432258,611156.547751613,194890.81946129035,123728.85941935483,292536.86887096777,252545.13283225807,0,53,6,167,4,28,467,0,0,268,0,0,0,42,,,,,,,,,,,330.48316739698566,198.38309273072494,1.3352904810678516,0.6002819880155094
2019-01-01,강남구,2575.0,1529.0,1560.0,API_2017_2025,2019,1,1,겨울,882023.0274774194,839806.2279645161,22946.83352580645,19269.966003225807,1096711.289387097,694059.4814870968,1049747.6182225808,762219.7483741936,670797.3460096775,215506.21413548387,130025.41873870968,325265.7131354839,287527.8698483871,0,29,1,174,8,71,434,0,0,226,0,0,0,7,1002129.0,582232.0,419897.0,0.419,,2201848.0,853651.0,1348197.0,0.6123,,291.94249127083276,173.35148316625373,1.3772243771716504,0.5937864077669903
2019-02-01,강남구,2204.0,1280.0,1289.0,API_2017_2025,2019,2,1,겨울,818553.6957535715,780619.8186214286,22166.671807142855,15767.205339285714,1000438.1328464287,656136.9729428571,957807.7617107143,719086.5057857143,599382.0133250001,186260.18057142856,124730.26075,288391.57200357143,238721.255925,0,29,1,174,8,71,434,0,0,226,0,0,0,7,1002129.0,582232.0,419897.0,0.419,,2201848.0,853651.0,1348197.0,0.6123,,269.25539661402036,156.3733700843675,1.3319784949436089,0.5807622504537205
2019-03-01,강남구,2500.0,1523.0,1540.0,API_2017_2025,2019,3,1,봄,853372.7204032257,813693.3362193549,22372.96719032258,17306.41698064516,1043405.930083871,685371.073616129,1002361.1615290323,746952.4053032257,588801.5678677419,183594.40957741934,119502.25368387098,285704.90460645163,255408.7562258065,0,29,1,174,8,71,434,0,0,226,0,0,0,7,1002129.0,582232.0,419897.0,0.419,,2201848.0,853651.0,1348197.0,0.6123,,292.9552281468207,178.46832498704313,1.3419344451031296,0.6092
2019-04-01,강남구,2479.0,1509.0,1530.0,API_2017_2025,2019,4,2,봄,848924.44197,808913.9816533333,22543.386019999998,17467.074303333335,1041278.2144666667,677206.95305,1001710.6509833334,739791.43554,646093.6629700001,197834.57543666667,129735.76121,318523.3263233333,261919.21544333332,0,29,1,174,8,71,434,0,0,226,0,0,0,7,1002129.0,582232.0,419897.0,0.419,,2201848.0,853651.0,1348197.0,0.6123,,292.01656560238433,177.75433541508588,1.3540446710526586,0.608713190802743
2019-05-01,강남구,2717.0,1616.0,1636.0,API_2017_2025,2019,5,2,봄,819731.4237419355,779189.6723419355,21641.81895483871,18899.93244516129,1002433.4392806451,656139.0620548388,964756.9949290322,716141.7300483871,586111.076983871,181404.37062258064,119871.26678064516,284835.4395806452,248615.26488064515,0,29,1,174,8,71,434,0,0,226,0,0,0,7,1002129.0,582232.0,419897.0,0.419,,2201848.0,853651.0,1348197.0,0.6123,,331.4500239111676,197.13773965419466,1.3471593044352366,0.5947736474052263
2019-06-01,강남구,2610.0,1565.0,1588.0,API_2017_2025,2019,6,2,여름,825761.9263533334,784684.07045,21880.304173333334,19197.551743333333,1009333.7211166668,664287.0862866666,969456.7979166667,723122.7323866667,566086.5728,174764.55008,118600.11975999999,272721.90296,246334.06552999996,0,29,1,174,8,71,434,0,0,226,0,0,0,7,1002129.0,582232.0,419897.0,0.419,,2201848.0,853651.0,1348197.0,0.6123,,316.07172923630446,189.5219372623818,1.3406531899736776,0.5996168582375478
2019-07-01,강남구,2965.0,1746.0,1765.0,API_2017_2025,2019,7,3,여름,849977.673167742,808712.3787935484,23106.01009032258,18159.28429354839,1063726.3569741936,663616.1919322581,1017832.6307322581,730081.2749064517,586488.6175903226,187139.25632903227,113519.16801935484,285830.19324193546,287751.35582580644,0,29,1,174,8,71,434,0,0,226,0,0,0,7,1002129.0,582232.0,419897.0,0.419,,2201848.0,853651.0,1348197.0,0.6123,,348.83269215176915,205.41716036997943,1.3941360581569184,0.5888701517706577
2019-08-01,강남구,2945.0,1694.0,1724.0,API_2017_2025,2019,8,3,여름,863811.588116129,822263.4811483871,23329.81948064516,18218.28748064516,1063273.7544096773,687399.1466612903,1019725.6371225805,752444.4102580645,592468.970316129,185121.6136451613,118816.06457096773,288531.29209999996,267281.22686451615,0,29,1,174,8,71,434,0,0,226,0,0,0,7,1002129.0,582232.0,419897.0,0.419,,2201848.0,853651.0,1348197.0,0.6123,,340.9308280319203,196.10757985944758,1.355217240264762,0.5752122241086588
2019-09-01,강남구,2654.0,1535.0,1550.0,API_2017_2025,2019,9,3,가을,834951.98071,794565.4042233333,21708.94415666667,18677.63233666667,1015321.1950533333,672468.6136133333,975658.6727633333,734447.20066,588068.7316633334,180754.20836,122705.28468666667,284609.2386166667,241211.47210333336,0,29,1,174,8,71,434,0,0,226,0,0,0,7,1002129.0,582232.0,419897.0,0.419,,2201848.0,853651.0,1348197.0,0.6123,,317.86259106100636,183.8429077915014,1.328425885327866,0.578372268274303
2019-10-01,강남구,2797.0,1670.0,1692.0,API_2017_2025,2019,10,4,가을,883406.2082032259,836111.0154548388,23189.127914516128,24106.06480967742,1097767.364383871,687383.4828451612,1057633.418982258,758958.2004903225,654965.3465709678,205303.70356935484,125888.1020032258,323773.5409983871,298675.2184919355,0,29,1,174,8,71,434,0,0,226,0,0,0,7,1002129.0,582232.0,419897.0,0.419,,2201848.0,853651.0,1348197.0,0.6123,,316.61538871102834,189.04100791827577,1.39353315940058,0.5970682874508402
2019-11-01,강남구,2605.0,1609.0,1632.0,API_2017_2025,2019,11,4,가을,880952.2457033334,837268.2839866667,22447.46727,21236.494466666667,1092505.8225966666,697285.9488333333,1047186.7748933334,762213.2962933333,643055.6722166667,206011.36794333335,125041.82351,312002.4807633333,284973.47860000003,0,29,1,174,8,71,434,0,0,226,0,0,0,7,1002129.0,582232.0,419897.0,0.419,,2201848.0,853651.0,1348197.0,0.6123,,295.7027481007468,182.6432712837242,1.3738762889414746,0.617658349328215
2019-12-01,강남구,2815.0,1733.0,1748.0,API_2017_2025,2019,12,4,겨울,882208.1168193548,838621.6734290322,22461.380435483872,21125.062977419355,1090627.9946612904,699816.1155516129,1043765.8077419355,766809.766167742,663037.7436451613,212289.36496129032,131233.57358387095,319514.8051,276956.0415741935,0,29,1,174,8,71,434,0,0,226,0,0,0,7,1002129.0,582232.0,419897.0,0.419,,2201848.0,853651.0,1348197.0,0.6123,,319.0857062332394,196.4389090238735,1.361179596027222,0.6156305506216696
2020-01-01,강남구,2397.0,1479.0,1498.0,API_2017_2025,2020,1,1,겨울,862862.4038935484,823733.3627741935,22268.734203225806,16860.306929032256,1069665.385696774,682165.4451451612,1022102.9378741935,749119.1653387097,647116.9087032258,206216.84293225806,129168.29720322581,311731.76856774196,272983.7725354839,0,33,0,154,13,76,286,0,0,204,0,0,0,43,991115.0,588825.0,402290.0,0.4059,,2112265.0,827508.0,1284757.0,0.6082,,277.7963194576407,171.40623966535279,1.364406339026256,0.6170212765957447
2020-02-01,강남구,2153.0,1177.0,1185.0,API_2017_2025,2020,2,1,겨울,881777.3000931034,844520.5262275862,21773.724872413793,15483.049013793103,1090369.1973793104,701385.8184,1046124.7337896551,764386.2760344828,641748.596251724,196533.98196206897,130723.92268275861,314490.6916068966,281738.45775517245,0,33,0,154,13,76,286,0,0,204,0,0,0,43,991115.0,588825.0,402290.0,0.4059,,2112265.0,827508.0,1284757.0,0.6082,,244.16595888470627,133.48041505215946,1.3685812613182797,0.5466790524849048
2020-03-01,강남구,2100.0,1095.0,1104.0,API_2017_2025,2020,3,1,봄,836903.2031451613,806111.2717419354,19895.78046451613,10896.15093548387,1009673.0519483871,686715.9256354838,973319.3994193549,739463.0629419355,556747.2139677419,164346.17406451612,119091.78754516129,273309.2523580645,233856.3364774194,0,33,0,154,13,76,286,0,0,204,0,0,0,43,991115.0,588825.0,402290.0,0.4059,,2112265.0,827508.0,1284757.0,0.6082,,250.92507617464022,130.83950400534812,1.3162515454754802,0.5214285714285715
2020-04-01,강남구,1930.0,1046.0,1050.0,API_2017_2025,2020,4,2,봄,837914.78799,807983.7655466667,19793.891756666664,10137.13069,1011391.5562233333,684857.58814,975861.6891633333,739381.2871833333,586731.0515266667,174372.93598333333,126741.17504999999,285616.9404933333,236480.40198000002,0,33,0,154,13,76,286,0,0,204,0,0,0,43,991115.0,588825.0,402290.0,0.4059,,2112265.0,827508.0,1284757.0,0.6082,,230.33368400499376,124.83369609804325,1.3198355247545823,0.5419689119170984
2020-05-01,강남구,2275.0,1177.0,1187.0,API_2017_2025,2020,5,2,봄,828149.7786806452,799265.408816129,19907.475461290323,8976.894403225806,999435.2740387097,676526.7320806452,963795.7777806452,731259.7793290323,581012.253551613,172856.4986,126689.45614193549,281466.2988096774,232535.9984516129,0,33,0,154,13,76,286,0,0,204,0,0,0,43,991115.0,588825.0,402290.0,0.4059,,2112265.0,827508.0,1284757.0,0.6082,,274.7087614542847,142.12404933261232,1.3179936939304613,0.5173626373626373
2020-06-01,강남구,2452.0,1268.0,1280.0,API_2017_2025,2020,6,2,여름,849618.1967933333,821657.1942766666,20786.573633333333,7174.428866666666,1043698.30793,677442.1642233334,1004756.83004,738804.8873033334,628660.6734766667,189045.35691,129317.17994666667,310298.13662,265951.94273666665,0,33,0,154,13,76,286,0,0,204,0,0,0,43,991115.0,588825.0,402290.0,0.4059,,2112265.0,827508.0,1284757.0,0.6082,,288.6002217530706,149.24350782336606,1.3599758844414276,0.5171288743882545
2020-07-01,강남구,2627.0,1413.0,1425.0,API_2017_2025,2020,7,3,여름,865009.3934225807,834377.3238774193,21125.56106451613,9506.508503225807,1064176.5761903226,686461.7066516129,1023943.6776354839,751484.9047161291,635647.697567742,194110.07760967742,127480.57128387096,314057.04867419356,272458.77291935484,0,33,0,154,13,76,286,0,0,204,0,0,0,43,991115.0,588825.0,402290.0,0.4059,,2112265.0,827508.0,1284757.0,0.6082,,303.6961239930303,163.35082725624355,1.3625605400846679,0.5378759040730872
2020-08-01,강남구,2550.0,1222.0,1229.0,API_2017_2025,2020,8,3,여름,826552.5134806451,794765.5410774194,20255.348806451613,11531.623599999999,997442.1025064515,675967.886367742,961578.2706354839,730105.5440774193,570516.0411870967,169692.82268709678,123050.35183548386,277772.8666645161,231472.72655806452,0,33,0,154,13,76,286,0,0,204,0,0,0,43,991115.0,588825.0,402290.0,0.4059,,2112265.0,827508.0,1284757.0,0.6082,,308.51034367578774,147.8429960673775,1.3170400888416203,0.4792156862745098
2020-09-01,강남구,2357.0,1087.0,1093.0,API_2017_2025,2020,9,3,가을,806555.2294966667,778093.6713633334,19767.189046666666,8694.369086666666,971993.4270633333,662781.5313433333,937598.5656233333,712952.8465533333,548460.05553,160414.98250333333,118273.73762,269771.3354066667,224645.71907000002,0,33,0,154,13,76,286,0,0,204,0,0,0,43,991115.0,588825.0,402290.0,0.4059,,2112265.0,827508.0,1284757.0,0.6082,,292.2304528942046,134.7706840458211,1.3150919729909447,0.4611794654221468
2020-10-01,강남구,2453.0,1179.0,1187.0,API_2017_2025,2020,10,4,가을,811489.6183193548,784087.0200548387,19925.149132258062,7477.449141935484,978448.8620322581,661523.8375612904,943324.2500580646,717322.0242161291,575103.6330387098,173867.25669032257,122725.2836032258,278511.09274516127,226002.2258419355,0,33,0,154,13,76,286,0,0,204,0,0,0,43,991115.0,588825.0,402290.0,0.4059,,2112265.0,827508.0,1284757.0,0.6082,,302.2835960711752,145.2883651724075,1.3150638321594892,0.4806359559722788
2020-11-01,강남구,2289.0,1204.0,1218.0,API_2017_2025,2020,11,4,가을,832259.0002433334,805155.72849,20542.114573333336,6561.157173333334,1016774.2248466667,668999.10515,979613.1332666667,727006.0480933334,603806.3173633333,184706.69526333333,124032.81205000001,295066.81005000003,252607.08517333335,0,33,0,154,13,76,286,0,0,204,0,0,0,43,991115.0,588825.0,402290.0,0.4059,,2112265.0,827508.0,1284757.0,0.6082,,275.0345744931264,144.66650401473316,1.3474621508800757,0.5259938837920489
2020-12-01,강남구,2038.0,1036.0,1060.0,API_2017_2025,2020,12,4,겨울,790193.7408354839,763508.9405225806,19241.64969032258,7443.150619354838,954043.0284677419,654949.3299903226,919085.3324774194,698128.3182258063,518105.711916129,153549.28471290323,111711.0175483871,252845.4096548387,220957.0142516129,0,33,0,154,13,76,286,0,0,204,0,0,0,43,991115.0,588825.0,402290.0,0.4059,,2112265.0,827508.0,1284757.0,0.6082,,257.9114329411407,131.10708759912745,1.3164991427552228,0.5083415112855741
2021-01-01,강남구,2327.0,1307.0,1134.0,건별집계|API_2017_2025,2021,1,1,겨울,793527.650832258,768545.0572774194,19063.559158064516,5919.034393548387,961286.9687129032,655450.424283871,924938.5624935484,699662.7139322581,539115.6781096774,162412.0390419355,116421.1974516129,260282.44161612904,225275.84856129033,0,51,4,246,18,144,313,0,0,258,0,0,0,51,1027077.0,625196.0,401881.0,0.3913,89369.0,2195633.0,863320.0,1332313.0,0.6068,233772.0,293.2475002678765,164.70755601637927,1.321977781687394,0.5616673828964331
2021-02-01,강남구,2173.0,1191.0,1038.0,건별집계|API_2017_2025,2021,2,1,겨울,801461.6919214285,775298.2491928572,19460.140982142857,6703.301764285715,978504.745825,650558.0830499999,939367.0410928571,702957.8711,573796.1826964285,174882.47490714284,121265.06452142856,277648.64326785714,236409.16999285715,0,51,4,246,18,144,313,0,0,258,0,0,0,51,1027077.0,625196.0,401881.0,0.3913,89369.0,2195633.0,863320.0,1332313.0,0.6068,233772.0,271.12961504004494,148.60348435926988,1.3363063132402517,0.5480901978831109
2021-03-01,강남구,2595.0,1373.0,1163.0,건별집계|API_2017_2025,2021,3,1,봄,836926.4784580646,810231.2718967743,20415.55427419355,6279.652287096774,1032963.1713290323,665764.8449806452,992623.5478612903,725714.2860161291,605473.7067354838,186676.38538709676,121969.76813548387,296827.5532129032,266909.2618451613,0,51,4,246,18,144,313,0,0,258,0,0,0,51,1027077.0,625196.0,401881.0,0.3913,89369.0,2195633.0,863320.0,1332313.0,0.6068,233772.0,310.0630780353577,164.0526420587846,1.367788352783273,0.5290944123314065
2021-04-01,강남구,2646.0,1473.0,1264.0,건별집계|API_2017_2025,2021,4,2,봄,828750.08857,803243.9942099999,20480.90266,5025.191696666667,1024186.0119899999,658654.6756233333,984378.5584066666,717586.8958299999,633121.0216933334,191705.25308333334,129118.86826333334,312296.90034666663,266791.6625766667,0,51,4,246,18,144,313,0,0,258,0,0,0,51,1027077.0,625196.0,401881.0,0.3913,89369.0,2195633.0,863320.0,1332313.0,0.6068,233772.0,319.27598397795003,177.73753756595633,1.3717900426095169,0.5566893424036281
2021-05-01,강남구,2929.0,1637.0,1404.0,건별집계|API_2017_2025,2021,5,2,봄,809312.0577193548,784103.8257290322,19779.28958387097,5428.94240967742,986772.4979096774,653396.5220451613,949535.0965935484,709152.744248387,589350.2906419354,177328.72832258063,127270.0586419355,284751.5036774193,240382.3523451613,0,51,4,246,18,144,313,0,0,258,0,0,0,51,1027077.0,625196.0,401881.0,0.3913,89369.0,2195633.0,863320.0,1332313.0,0.6068,233772.0,361.91231454699147,202.27055613295494,1.3389711938574482,0.5588938204165244
2021-06-01,강남구,3267.0,1779.0,1532.0,건별집계|API_2017_2025,2021,6,2,여름,835716.63555,807640.3129666667,20633.278306666667,7443.04429,1034626.78229,663223.8548266666,993455.52929,723045.9971866666,634301.9296633333,193936.5544833333,130509.17922666666,309856.19595333334,270409.53210333333,0,51,4,246,18,144,313,0,0,258,0,0,0,51,1027077.0,625196.0,401881.0,0.3913,89369.0,2195633.0,863320.0,1332313.0,0.6068,233772.0,390.9219777406883,212.87119632711492,1.3739866248557941,0.5445362718089991
2021-07-01,강남구,3184.0,1805.0,1528.0,건별집계|API_2017_2025,2021,7,3,여름,808641.6506032258,781690.768216129,19791.123361290323,7159.759041935484,992065.362732258,653301.2723935484,952638.4447096774,705786.7976935484,579400.4462903226,175572.08481612903,122438.63934193549,281389.72213225806,246851.64701612905,0,51,4,246,18,144,313,0,0,258,0,0,0,51,1027077.0,625196.0,401881.0,0.3913,89369.0,2195633.0,863320.0,1332313.0,0.6068,233772.0,393.74672299217065,223.21383008821232,1.349753846094627,0.5668969849246231
2021-08-01,강남구,3061.0,1776.0,1507.0,건별집계|API_2017_2025,2021,8,3,여름,795719.2384870969,769158.8128677419,19104.802980645163,7455.622629032258,972441.2022419354,647531.4880258065,933323.3180290322,697430.610232258,564312.3449451614,169240.07380967744,120976.24479354838,274096.0263419355,235892.7077967742,0,51,4,246,18,144,313,0,0,258,0,0,0,51,1027077.0,625196.0,401881.0,0.3913,89369.0,2195633.0,863320.0,1332313.0,0.6068,233772.0,384.683422487043,223.19430197222746,1.3382310789573997,0.580202548186867
2021-09-01,강남구,2994.0,1632.0,1411.0,건별집계|API_2017_2025,2021,9,3,가을,782926.6777100001,757475.65177,18600.505343333334,6850.520596666667,950213.2525833334,639915.19833,912817.5294799999,690147.4978733334,552390.5315466666,165807.27398,120565.80539000001,266017.45217666664,222670.0316066667,0,51,4,246,18,144,313,0,0,258,0,0,0,51,1027077.0,625196.0,401881.0,0.3913,89369.0,2195633.0,863320.0,1332313.0,0.6068,233772.0,382.41128898011476,208.44863848214672,1.3226412213227126,0.5450901803607214
2021-10-01,강남구,2917.0,1694.0,1452.0,건별집계|API_2017_2025,2021,10,4,가을,799479.6601096774,772594.9992870967,19027.338029032257,7857.322812903226,971916.7017806451,650740.5317870968,934772.4504290323,702841.9527387096,566791.6401709678,172478.7939483871,121998.84099354838,272314.00522903225,231930.49769032258,0,51,4,246,18,144,313,0,0,258,0,0,0,51,1027077.0,625196.0,401881.0,0.3913,89369.0,2195633.0,863320.0,1332313.0,0.6068,233772.0,364.8623155215517,211.88781710439102,1.3299895471330037,0.5807336304422351
2021-11-01,강남구,3054.0,1656.0,1486.0,건별집계|API_2017_2025,2021,11,4,가을,836540.79238,806499.2798266667,19804.983643333333,10236.528913333334,1031735.3587133333,665558.1340166667,990803.8548733334,726352.8905966667,630904.9669766667,197911.53397666666,125775.08303000001,307218.34997,264450.96427666664,0,51,4,246,18,144,313,0,0,258,0,0,0,51,1027077.0,625196.0,401881.0,0.3913,89369.0,2195633.0,863320.0,1332313.0,0.6068,233772.0,365.0748448633591,197.95806912040692,1.3640805560220624,0.5422396856581533
2021-12-01,강남구,2955.0,1508.0,1382.0,건별집계|API_2017_2025,2021,12,4,겨울,825072.2090580645,797138.9294064516,19126.58884516129,8806.690806451612,1015244.6499612903,661819.8988709677,974832.543516129,718100.5415870968,595242.1223774193,185062.4948483871,121575.33556129033,288604.2919677419,256732.00192903224,0,51,4,246,18,144,313,0,0,258,0,0,0,51,1027077.0,625196.0,401881.0,0.3913,89369.0,2195633.0,863320.0,1332313.0,0.6068,233772.0,358.15047065681034,182.77188147224024,1.3575153993918745,0.510321489001692
2022-01-01,강남구,2600.0,1417.0,1436.0,건별집계|API_2017_2025|xlsx_2022_2024,2022,1,1,겨울,813482.9152645161,786969.1453548387,18856.187258064518,7657.582661290323,1002179.9677290323,653413.6686483872,961545.8051870967,707723.7081741936,593207.7549774194,185615.73733870967,123419.88531612903,284172.13232258067,253822.09701290325,3,34,32,490,32,95,447,0,0,253,0,0,0,51,973430.0,583356.0,390074.0,0.4007,91093.0,2229049.0,872496.0,1356553.0,0.6086,234540.0,319.61335034978225,174.18927594063132,1.358645745622569,0.545
2022-02-01,강남구,2667.0,1282.0,,건별집계|xlsx_2022_2024,2022,2,1,겨울,809263.3539535714,778636.3433999999,18628.536957142856,11998.473610714285,988258.6703892857,658232.7787857142,948024.1260714286,710148.5167357143,568903.0170464285,174106.40056428572,123061.0906892857,271735.5257928571,237875.60933571428,3,34,32,490,32,95,447,0,0,253,0,0,0,51,973430.0,583356.0,390074.0,0.4007,91093.0,2229049.0,872496.0,1356553.0,0.6086,234540.0,329.55897322801667,158.4156744200665,1.334966001800777,0.4806899137607799
2022-03-01,강남구,3465.0,1523.0,,건별집계|xlsx_2022_2024,2022,3,1,봄,815774.8093129032,787418.085167742,18683.221893548387,9673.502258064516,987287.2824741936,666227.0715161291,951255.8133580645,719002.6635806451,551347.4703709678,167156.20987096775,119884.1701548387,264307.09034516127,232253.14977741934,3,34,32,490,32,95,447,0,0,253,0,0,0,51,973430.0,583356.0,390074.0,0.4007,91093.0,2229049.0,872496.0,1356553.0,0.6086,234540.0,424.7495706466397,186.6936785266471,1.3230212647903068,0.43953823953823956
2022-04-01,강남구,3048.0,1588.0,,건별집계|xlsx_2022_2024,2022,4,2,봄,833432.4203066666,802085.2031633334,19293.532393333335,12053.684736666668,1019076.8313133332,670139.62345,980498.4670966666,728385.2440233334,617272.9767233334,189941.30310000002,128262.81765333333,299068.85597,252113.22307333333,3,34,32,490,32,95,447,0,0,253,0,0,0,51,973430.0,583356.0,390074.0,0.4007,91093.0,2229049.0,872496.0,1356553.0,0.6086,234540.0,365.71651470895137,190.53734427749828,1.3461262088187729,0.520997375328084
2022-05-01,강남구,3226.0,1752.0,,건별집계|xlsx_2022_2024,2022,5,2,봄,853718.0181193548,818133.4937,19616.79337419355,15967.73104516129,1044975.7095032259,682434.9928516129,1005680.6549967743,745173.2774967742,628984.2481806452,196813.83953870967,128173.2027,303997.2059419355,260507.37750000003,3,34,32,490,32,95,447,0,0,253,0,0,0,51,973430.0,583356.0,390074.0,0.4007,91093.0,2229049.0,872496.0,1356553.0,0.6086,234540.0,377.8765273229815,205.21998632047848,1.3495930213374134,0.5430874147551147
2022-06-01,강남구,3163.0,1651.0,,건별집계|xlsx_2022_2024,2022,6,2,여름,870905.93617,833873.0314033333,19734.417436666667,17298.487326666665,1071583.4589633334,696245.0555066667,1028124.3001566667,758607.1047666667,636911.76866,200089.73482333336,129486.94110333333,307335.0927333333,269517.19539,3,34,32,490,32,95,447,0,0,253,0,0,0,51,973430.0,583356.0,390074.0,0.4007,91093.0,2229049.0,872496.0,1356553.0,0.6086,234540.0,363.1850316591005,189.5727117512409,1.3552790287574468,0.5219728106228264
2022-07-01,강남구,3614.0,1854.0,,건별집계|xlsx_2022_2024,2022,7,3,여름,861738.726783871,823399.738067742,20080.010519354837,18258.978203225804,1067991.5868935485,682957.2139806452,1023357.7154806452,746296.5920032258,625957.6289645161,201013.62536774194,123416.27464838709,301527.7289483871,277061.1234774194,3,34,32,490,32,95,447,0,0,253,0,0,0,51,973430.0,583356.0,390074.0,0.4007,91093.0,2229049.0,872496.0,1356553.0,0.6086,234540.0,419.3846565870321,215.14641762931862,1.3712480084274883,0.51300498063088
2022-08-01,강남구,3782.0,1931.0,,건별집계|xlsx_2022_2024,2022,8,3,여름,844638.407832258,807623.917383871,19686.571551612902,17327.91890967742,1043558.5597645161,671810.4970612903,1001165.7694580645,732833.1495290323,616359.7030290322,193525.96808387095,124969.88063870968,297863.8543064516,268332.6199290323,3,34,32,490,32,95,447,0,0,253,0,0,0,51,973430.0,583356.0,390074.0,0.4007,91093.0,2229049.0,872496.0,1356553.0,0.6086,234540.0,447.76557221763125,228.61854044215917,1.3661578629480404,0.5105764145954521
2022-09-01,강남구,3232.0,1663.0,,건별집계|xlsx_2022_2024,2022,9,3,가을,827500.2501166667,791511.4960366667,19298.05201333333,16690.70207,1013748.1769433334,662811.5011433333,973035.21614,723546.7029533333,596437.3980333334,186846.91548333332,122458.93773666667,287131.5448133333,249488.51318666668,3,34,32,490,32,95,447,0,0,253,0,0,0,51,973430.0,583356.0,390074.0,0.4007,91093.0,2229049.0,872496.0,1356553.0,0.6086,234540.0,390.5739000736653,200.96670662825045,1.3448132818079583,0.5145420792079208
2022-10-01,강남구,2916.0,1560.0,,건별집계|xlsx_2022_2024,2022,10,4,가을,832802.2085741935,793167.5174580646,19380.76799032258,20253.92314516129,1015103.3668967743,672918.8058645162,975825.7725741935,730642.5200193549,586023.2922516129,185910.52379354837,121134.64289999999,278978.12555806455,245183.25255483872,3,34,32,490,32,95,447,0,0,253,0,0,0,51,973430.0,583356.0,390074.0,0.4007,91093.0,2229049.0,872496.0,1356553.0,0.6086,234540.0,350.14316364414594,187.31938795777356,1.3355721106244183,0.5349794238683128
2022-11-01,강남구,3139.0,1716.0,,건별집계|xlsx_2022_2024,2022,11,4,가을,854042.8565266667,814648.6779733334,19791.347983333333,19602.830576666667,1055825.2534966667,678117.9924266667,1014757.9294133334,739246.3759,632566.8290899999,201547.55641666666,124471.67424666668,306547.5984266667,275511.5535133334,3,34,32,490,32,95,447,0,0,253,0,0,0,51,973430.0,583356.0,390074.0,0.4007,91093.0,2229049.0,872496.0,1356553.0,0.6086,234540.0,367.54595814618676,200.92668498848565,1.372692464238205,0.5466709143039185
2022-12-01,강남구,3572.0,1828.0,,건별집계|xlsx_2022_2024,2022,12,4,겨울,850301.8065548387,812252.9266032258,19436.02160967742,18612.85832903226,1045292.9870967743,680082.9319096775,1002979.3139677419,741246.4441096775,605605.2649354838,195161.86634193547,120599.74658709677,289843.6520064516,261732.8698580645,3,34,32,490,32,95,447,0,0,253,0,0,0,51,973430.0,583356.0,390074.0,0.4007,91093.0,2229049.0,872496.0,1356553.0,0.6086,234540.0,420.08613558903807,214.98249044142264,1.3530983142488269,0.5117581187010078
2023-01-01,강남구,3012.0,,,xlsx_2022_2024,2023,1,1,겨울,830725.547216129,796674.2235387096,18956.304777419355,15095.018919354838,1026867.8949967742,659726.2586129033,983539.1954322581,721572.9413612903,588787.0000387096,192264.9148483871,116497.90484516129,280024.1803451613,261966.25407096773,2,56,18,632,14,57,428,0,0,136,0,0,0,10,910056.0,551216.0,358840.0,0.3943,102319.0,2097070.0,815328.0,1281742.0,0.6112,248495.0,362.5746204740675,,1.3630488881370093,
2023-02-01,강남구,2691.0,,,xlsx_2022_2024,2023,2,1,겨울,867282.6175785714,831518.8584785714,20090.3537,15673.405421428572,1087246.5903892857,677368.7876285714,1040203.5565857142,743767.6611607142,633565.9969142858,212155.56558928572,116806.14255,304604.28877499996,296435.89542499994,2,56,18,632,14,57,428,0,0,136,0,0,0,10,910056.0,551216.0,358840.0,0.3943,102319.0,2097070.0,815328.0,1281742.0,0.6112,248495.0,310.27948046660913,,1.3985598069192549,
2023-03-01,강남구,3081.0,,,xlsx_2022_2024,2023,3,1,봄,860094.0245290323,823731.9663935484,19234.414277419353,17127.643858064515,1065322.897732258,679972.3905967742,1023124.8118935485,743643.4621129032,601976.1516935484,197158.94686451615,115645.38028709678,289171.8245419355,279481.34978064516,2,56,18,632,14,57,428,0,0,136,0,0,0,10,910056.0,551216.0,358840.0,0.3943,102319.0,2097070.0,815328.0,1281742.0,0.6112,248495.0,358.21664982349864,,1.3758270784584845,
2023-04-01,강남구,3259.0,,,xlsx_2022_2024,2023,4,2,봄,848413.7277866666,809914.3356466667,18950.137016666664,19549.255110000002,1041164.1729966666,680761.44474,1000751.9596533333,739600.7050166667,611619.1368233333,197171.03035333334,122919.05153333333,291529.0549366667,261151.25463666668,2,56,18,632,14,57,428,0,0,136,0,0,0,10,910056.0,551216.0,358840.0,0.3943,102319.0,2097070.0,815328.0,1281742.0,0.6112,248495.0,384.12862654898896,,1.3530976280380664,
2023-05-01,강남구,3549.0,,,xlsx_2022_2024,2023,5,2,봄,846219.1728935485,807608.5493064517,18996.593683870968,19614.029899999998,1033304.1388419354,680952.8125290322,994612.0261774195,740224.2776935484,602162.2294193548,190525.25807096774,123625.12231290323,288011.8490354839,254387.74848387096,2,56,18,632,14,57,428,0,0,136,0,0,0,10,910056.0,551216.0,358840.0,0.3943,102319.0,2097070.0,815328.0,1281742.0,0.6112,248495.0,419.3948936260337,,1.3436630709769657,
2023-06-01,강남구,3465.0,,,xlsx_2022_2024,2023,6,2,여름,861426.53761,821974.7890933334,19473.144516666667,19978.60399666667,1063977.73664,686854.29764,1020330.4396033332,747923.7504733333,619737.4907733334,198919.16215333334,125454.52476,295363.80386000004,272406.68913,2,56,18,632,14,57,428,0,0,136,0,0,0,10,910056.0,551216.0,358840.0,0.3943,102319.0,2097070.0,815328.0,1281742.0,0.6112,248495.0,402.23975565154166,,1.3642171932066656,
2023-07-01,강남구,3688.0,,,xlsx_2022_2024,2023,7,3,여름,870302.3847806451,829881.5464096775,20233.041722580645,20187.79663548387,1080769.1311935484,690535.0424612904,1034830.4829354839,752782.3146741936,616049.3751000001,201154.81307419355,122546.46283548386,292348.09919032257,282048.1682612903,2,56,18,632,14,57,428,0,0,136,0,0,0,10,910056.0,551216.0,358840.0,0.3943,102319.0,2097070.0,815328.0,1281742.0,0.6112,248495.0,423.76075999487693,,1.3746742753691836,
2023-08-01,강남구,3569.0,,,xlsx_2022_2024,2023,8,3,여름,859329.1323645161,822474.1316,20347.523309677417,16507.477461290324,1067458.373867742,681564.0271870968,1022176.7746129032,743009.3879,611027.9010935484,197137.29483870967,121552.46433225805,292338.14192258066,279167.3867129032,2,56,18,632,14,57,428,0,0,136,0,0,0,10,910056.0,551216.0,358840.0,0.3943,102319.0,2097070.0,815328.0,1281742.0,0.6112,248495.0,415.3239853721237,,1.3757252482393612,
2023-09-01,강남구,3283.0,,,xlsx_2022_2024,2023,9,3,가을,840261.6314266666,803397.0563533333,19095.233803333333,17769.34128,1027248.5173733333,676904.0025866666,985898.57872,736235.2405166667,581182.9089233334,187800.42227666668,118071.76890666666,275310.71774,249663.33820333335,2,56,18,632,14,57,428,0,0,136,0,0,0,10,910056.0,551216.0,358840.0,0.3943,102319.0,2097070.0,815328.0,1281742.0,0.6112,248495.0,390.71163994788714,,1.3391081063005452,
2023-10-01,강남구,3187.0,,,xlsx_2022_2024,2023,10,4,가을,831074.9766322582,792780.5911548388,18915.097461290323,19379.288012903224,1012384.1297387098,673260.6957290323,973638.7175193548,729243.7331419355,564265.2416354838,182996.352,115978.07743870968,265290.8121967742,244394.98437741934,2,56,18,632,14,57,428,0,0,136,0,0,0,10,910056.0,551216.0,358840.0,0.3943,102319.0,2097070.0,815328.0,1281742.0,0.6112,248495.0,383.47923949227675,,1.335134843496628,
2023-11-01,강남구,2892.0,,,xlsx_2022_2024,2023,11,4,가을,861396.0986966667,821373.48347,19289.75752,20732.85770666667,1068814.17741,684344.0344433334,1024423.41715,744948.01408,621362.2678066667,207885.52580666667,119323.74800333333,294152.9939966667,279475.40307,2,56,18,632,14,57,428,0,0,136,0,0,0,10,910056.0,551216.0,358840.0,0.3943,102319.0,2097070.0,815328.0,1281742.0,0.6112,248495.0,335.73404899043936,,1.3751609478617755,
2023-12-01,강남구,3274.0,,,xlsx_2022_2024,2023,12,4,겨울,850402.7931645162,810223.4631,20676.752848387096,19502.57720645161,1040914.5703967742,687146.6055612903,997608.2792774193,745256.017348387,578295.3242935485,196582.82256774194,113064.3611032258,268648.14062258066,252352.26192903225,2,56,18,632,14,57,428,0,0,136,0,0,0,10,910056.0,551216.0,358840.0,0.3943,102319.0,2097070.0,815328.0,1281742.0,0.6112,248495.0,384.99403180659857,,1.3386115053815988,
2024-01-01,강남구,2882.0,,,xlsx_2022_2024,2024,1,1,겨울,849827.3930290322,814365.9060548387,19511.175303225806,15950.311667741935,1048439.5047516129,677656.4432,1004026.6148838709,739685.0917064516,582612.5890548386,197878.1538967742,110832.48557096774,273901.9495870968,264341.5231774194,0,38,0,80,10,36,356,29,155,103,82,19,0,43,905119.0,542607.0,362512.0,0.4005,89704.0,1848902.0,797318.0,1051584.0,0.5688,182554.0,339.12768918023613,,1.357370354142983,
2024-02-01,강남구,2621.0,,,xlsx_2022_2024,2024,2,1,겨울,846271.7705620689,812009.5863275862,19272.66084137931,14989.523386206898,1043477.4938172414,678299.8915344827,997168.4202965518,738488.449324138,584980.0862103449,192461.32671724138,116402.15165172414,276116.6078413793,258679.97097241378,0,38,0,80,10,36,356,29,155,103,82,19,0,43,905119.0,542607.0,362512.0,0.4005,89704.0,1848902.0,797318.0,1051584.0,0.5688,182554.0,309.7113824627765,,1.3502830290834702,
2024-03-01,강남구,2799.0,,,xlsx_2022_2024,2024,3,1,봄,863914.8565419355,826818.3169354838,19001.454932258068,18095.08467419355,1055279.8216225808,700587.8467612903,1013189.537148387,757290.0846677419,575933.347351613,189181.8078032258,116585.03578064515,270166.50376774196,255899.45248064518,0,38,0,80,10,36,356,29,155,103,82,19,0,43,905119.0,542607.0,362512.0,0.4005,89704.0,1848902.0,797318.0,1051584.0,0.5688,182554.0,323.99026117038807,,1.3379147009338173,
2024-04-01,강남구,2980.0,,,xlsx_2022_2024,2024,4,2,봄,864842.06501,824744.9233333333,18905.918913333335,21191.222763333335,1055569.91466,700302.50102,1015150.1208366666,757479.1679966667,607969.4847899999,192392.70035,126235.11939333333,289341.6650466667,257670.95283999998,0,38,0,80,10,36,356,29,155,103,82,19,0,43,905119.0,542607.0,362512.0,0.4005,89704.0,1848902.0,797318.0,1051584.0,0.5688,182554.0,344.57158371055215,,1.3401690287027586,
2024-05-01,강남구,3131.0,,,xlsx_2022_2024,2024,5,2,봄,856536.9963354839,816933.0469354838,18695.690961290322,20908.25844516129,1039755.7071806452,696974.565167742,1000574.1500290323,753653.3151258065,587659.9484225806,184613.41278064516,127228.36383548388,275818.1718064516,246920.8349032258,0,38,0,80,10,36,356,29,155,103,82,19,0,43,905119.0,542607.0,362512.0,0.4005,89704.0,1848902.0,797318.0,1051584.0,0.5688,182554.0,365.5417119628615,,1.3276318566475191,
2024-06-01,강남구,3167.0,,,xlsx_2022_2024,2024,6,2,여름,861665.9016166667,822473.53998,18873.268556666666,20319.093093333337,1047744.3238866667,703452.9426266666,1006082.33439,758511.30679,596283.1736433334,189872.8652,130310.78457,276099.5238733333,247571.02760000003,0,38,0,80,10,36,356,29,155,103,82,19,0,43,905119.0,542607.0,362512.0,0.4005,89704.0,1848902.0,797318.0,1051584.0,0.5688,182554.0,367.5438466414931,,1.3263906884232408,
2024-07-01,강남구,3471.0,,,xlsx_2022_2024,2024,7,3,여름,889006.9335612904,850670.286583871,20328.57744516129,18008.069548387095,1103530.7912290322,708086.7238354839,1056440.2233580644,769411.7265709677,630430.0389741935,205367.02419999999,129237.33485483871,295825.67991935485,287028.4967870968,0,38,0,80,10,36,356,29,155,103,82,19,0,43,905119.0,542607.0,362512.0,0.4005,89704.0,1848902.0,797318.0,1051584.0,0.5688,182554.0,390.4356500455461,,1.373049288014227,
2024-08-01,강남구,3560.0,,,xlsx_2022_2024,2024,8,3,여름,873674.120580645,836691.3342548388,20196.462806451615,16786.32351935484,1074232.0199129032,705130.9079193549,1029121.4777806451,762640.2940129032,616873.5692903225,199897.2227451613,131856.4752064516,285119.87133870966,266481.18376774195,0,38,0,80,10,36,356,29,155,103,82,19,0,43,905119.0,542607.0,362512.0,0.4005,89704.0,1848902.0,797318.0,1051584.0,0.5688,182554.0,407.47458533326125,,1.3494192293008231,
2024-09-01,강남구,2774.0,,,xlsx_2022_2024,2024,9,3,가을,832266.6078,797353.1904000001,18404.429040000003,16508.988376666668,1004898.1934999999,683082.2561866667,965181.3935199999,737327.4751466666,571936.5745033334,180037.7567,127742.14907666667,264156.66872666666,227853.91837333335,0,38,0,80,10,36,356,29,155,103,82,19,0,43,905119.0,542607.0,362512.0,0.4005,89704.0,1848902.0,797318.0,1051584.0,0.5688,182554.0,333.3066560645448,,1.309026756839638,
2024-10-01,강남구,2670.0,,,xlsx_2022_2024,2024,10,4,가을,855766.9025064516,817281.4029838709,19081.275251612904,19404.22427096774,1036546.9901935484,700883.2651161291,997013.2886935484,754876.6266548387,587941.2573354839,187478.5734967742,128810.46356451613,271652.22027419356,242136.6620387097,0,38,0,80,10,36,356,29,155,103,82,19,0,43,905119.0,542607.0,362512.0,0.4005,89704.0,1848902.0,797318.0,1051584.0,0.5688,182554.0,312.0008488502944,,1.320763226054189,
2024-11-01,강남구,2869.0,,,xlsx_2022_2024,2024,11,4,가을,870189.36036,831084.4994466666,19398.96849,19705.89242666667,1064543.31603,706935.0785399999,1021241.2198833333,762295.1749666667,633450.54187,204912.69311666666,135297.03966666668,293240.8090866667,258946.04491666667,0,38,0,80,10,36,356,29,155,103,82,19,0,43,905119.0,542607.0,362512.0,0.4005,89704.0,1848902.0,797318.0,1051584.0,0.5688,182554.0,329.6983542539621,,1.3396926196312204,
2024-12-01,강남구,2890.0,,,xlsx_2022_2024,2024,12,4,겨울,860873.8869225807,821394.3616548388,19144.94882903226,20334.576438709675,1047466.404583871,701348.564467742,1004474.8878064516,758301.7434483871,601401.0863225806,196169.2745419355,131011.82913548387,274219.9826451613,246173.14435806454,0,38,0,80,10,36,356,29,155,103,82,19,0,43,905119.0,542607.0,362512.0,0.4005,89704.0,1848902.0,797318.0,1051584.0,0.5688,182554.0,335.70538541145237,,1.3246374500453988,
2018-04-01,강동구,1665.0,1078.0,1082.0,API_2017_2025,2018,4,2,봄,492872.7544384615,481461.8398653846,10183.282803846154,1227.6317846153847,531122.1581269231,448402.34560384613,459546.4881346154,516677.23038076924,239201.06196153845,47716.155900000005,141170.77120000002,50314.13486153846,-57130.74224615385,0,53,5,129,5,39,359,0,0,171,0,0,0,25,,,,,,,,,,,337.8153864270634,218.7177096506753,0.8894266306180149,0.6474474474474474
2018-05-01,강동구,1747.0,1180.0,1201.0,API_2017_2025,2018,5,2,봄,491738.4208451613,480481.73276774195,10200.333387096774,1056.3547,533721.1500612904,445413.5820419355,457416.9549451613,515130.1141903226,231510.8968935484,46776.56646774193,135787.5798451613,48946.75058064516,-57713.15924516129,0,53,5,129,5,39,359,0,0,171,0,0,0,25,,,,,,,,,,,355.27018551802274,239.9649793424538,0.8879639189103236,0.6754436176302232
2018-06-01,강동구,1786.0,1207.0,1218.0,API_2017_2025,2018,6,2,여름,497941.87784666667,486125.36803666665,10488.310836666667,1328.1989733333332,532766.3286366666,458093.34949666663,468175.4916566667,519203.5822666667,219072.84232666667,46870.32570666667,125367.22561000001,46835.29101,-51028.09061,0,53,5,129,5,39,359,0,0,171,0,0,0,25,,,,,,,,,,,358.67639968815206,242.39776843426628,0.9017185313182381,0.6758118701007839
2018-07-01,강동구,1907.0,1205.0,1214.0,API_2017_2025,2018,7,3,여름,498456.3323967742,486178.0871419355,10961.162406451613,1317.0828483870966,532391.3773516129,460752.7780935484,469752.33157741936,518959.1901225806,221928.0918612903,48450.810525806446,126299.23554193549,47178.04579354839,-49206.8585451613,0,53,5,129,5,39,359,0,0,171,0,0,0,25,,,,,,,,,,,382.58115627308683,241.7463520236338,0.9051816414821783,0.631882538017829
2018-08-01,강동구,1953.0,1321.0,1333.0,API_2017_2025,2018,8,3,여름,494401.65647741937,482481.1409516129,10756.844658064516,1163.6708645161289,527634.0857709678,456506.484416129,465577.1684967742,513850.42957419355,230072.2047870968,47115.632970967745,135165.4015935484,47791.170222580644,-48273.26107741935,0,53,5,129,5,39,359,0,0,171,0,0,0,25,,,,,,,,,,,395.02294832808644,267.19166141392844,0.9060558125495363,0.6763952892985151
2018-09-01,강동구,1752.0,1183.0,1190.0,API_2017_2025,2018,9,3,가을,491711.94478333334,480414.57926666667,10232.499609999999,1064.8659033333333,527286.7380166666,452313.3619,462650.4352566667,512470.1658633333,221338.11038333332,47418.6202,127935.11432333334,45984.37586,-49819.730606666664,0,53,5,129,5,39,359,0,0,171,0,0,0,25,,,,,,,,,,,356.30617042911103,240.58801348038716,0.9027851103824984,0.6752283105022832
2018-10-01,강동구,1679.0,1126.0,1135.0,API_2017_2025,2018,10,4,가을,494860.7215741935,483336.5990064516,10411.28035483871,1112.842222580645,530771.5002032259,451527.2042645161,462870.5849903226,516567.1680741936,224574.68856774192,46960.61440967742,130231.95467419355,47382.11948387096,-53696.583083870966,0,53,5,129,5,39,359,0,0,171,0,0,0,25,,,,,,,,,,,339.28738467239026,227.53877018529568,0.8960511112542122,0.6706372840976772
2018-11-01,강동구,1563.0,1064.0,1065.0,API_2017_2025,2018,11,4,가을,494651.91497333336,483126.46421,10331.70428,1193.7464666666667,530968.7894233334,452261.37492000003,462706.91557,517469.77169333334,240083.05754333333,50000.772280000005,141366.17742666666,48716.10783666666,-54762.85612333333,0,53,5,129,5,39,359,0,0,171,0,0,0,25,,,,,,,,,,,315.97977338958873,215.1007542460156,0.8941718741480665,0.6807421625079975
2018-12-01,강동구,1828.0,1214.0,1224.0,API_2017_2025,2018,12,4,겨울,504363.08350967744,492902.53938387096,10211.666806451613,1248.8773225806451,534067.5185225806,469570.33347741934,478918.6053419355,522537.71079032257,235100.5358967742,49923.53536774193,137608.1029,47568.89762903225,-43619.1054483871,0,53,5,129,5,39,359,0,0,171,0,0,0,25,,,,,,,,,,,362.43731148592786,240.6996149583788,0.9165244832140163,0.6641137855579868
2019-01-01,강동구,1651.0,1112.0,1127.0,API_2017_2025,2019,1,1,겨울,504287.4332548387,492212.44602258067,10763.541822580644,1311.4454225806453,535541.2977064516,467617.6038580645,476913.609583871,523840.1644419355,243918.91509677417,50667.62789677419,144927.5682451613,48323.71895483871,-46926.55485806451,0,47,2,67,5,54,255,0,0,140,0,0,0,61,915412.0,637381.0,278031.0,0.3037,,1516483.0,879553.0,636930.0,0.42,,327.39265171529206,220.50916336002715,0.9104181808814584,0.6735311932162326
2019-02-01,강동구,1421.0,976.0,984.0,API_2017_2025,2019,2,1,겨울,491321.9096821429,479137.70285357145,10825.235907142856,1358.970932142857,522661.3372678571,457175.4418535714,466572.34114642855,509000.172925,234027.18401785713,49434.80323214286,138592.8500392857,45999.53074642857,-42427.831778571424,0,47,2,67,5,54,255,0,0,140,0,0,0,61,915412.0,637381.0,278031.0,0.3037,,1516483.0,879553.0,636930.0,0.42,,289.2197502283799,198.6477665185776,0.916644759598494,0.6868402533427164
2019-03-01,강동구,1661.0,1074.0,1082.0,API_2017_2025,2019,3,1,봄,495515.53717419354,484207.50486774195,10097.08329032258,1210.949029032258,527349.9562645161,457813.13758064515,467383.6882483871,515609.71497741935,226203.17987419356,46464.958387096776,134553.71401935484,45184.50746774193,-48226.02672903226,0,47,2,67,5,54,255,0,0,140,0,0,0,61,915412.0,637381.0,278031.0,0.3037,,1516483.0,879553.0,636930.0,0.42,,335.20644165312865,216.74396046686343,0.9064679634068875,0.6465984346779049
2019-04-01,강동구,1705.0,1104.0,1109.0,API_2017_2025,2019,4,2,봄,485289.89111666667,474571.1117,9719.29429,999.4851266666667,519710.32318666665,444083.25118666666,454726.3939266667,507120.96054,244155.97354666665,49309.17608,145298.09651,49548.70095666666,-52394.56661333332,0,47,2,67,5,54,255,0,0,140,0,0,0,61,915412.0,637381.0,278031.0,0.3037,,1516483.0,879553.0,636930.0,0.42,,351.3363931972174,227.492890375207,0.8966823091722698,0.6475073313782991
2019-05-01,강동구,1774.0,1163.0,1167.0,API_2017_2025,2019,5,2,봄,467931.9246451613,457478.3215645161,9242.125612903224,1211.477477419355,502095.3258032258,428408.8238451613,438469.4991709678,488976.51426774194,226993.75576774194,46350.22613225807,135046.62952903225,45596.90010645161,-50507.01509677418,0,47,2,67,5,54,255,0,0,140,0,0,0,61,915412.0,637381.0,278031.0,0.3037,,1516483.0,879553.0,636930.0,0.42,,379.11497518474437,248.54042623441808,0.8967087096761487,0.6555806087936866
2019-06-01,강동구,1699.0,1135.0,1144.0,API_2017_2025,2019,6,2,여름,472267.15529,461754.0105766666,9317.015210000001,1196.1295133333333,503779.22568000003,436667.3191233333,445619.7501333334,491301.01611666667,219435.59524333334,45457.39842333333,130569.50015333334,43408.69666666666,-45681.26598333334,0,47,2,67,5,54,255,0,0,140,0,0,0,61,915412.0,637381.0,278031.0,0.3037,,1516483.0,879553.0,636930.0,0.42,,359.7540038448605,240.33007319830296,0.9070198015375454,0.6680400235432608
2019-07-01,강동구,1888.0,1226.0,1237.0,API_2017_2025,2019,7,3,여름,468234.0052451613,457563.60692580644,9671.630138709677,998.7681935483871,499052.1440612903,434264.28863870964,441976.752067742,486989.1860967742,208926.97935161288,44776.82825806452,121864.09708387096,42286.05400967742,-45012.43402903225,0,47,2,67,5,54,255,0,0,140,0,0,0,61,915412.0,637381.0,278031.0,0.3037,,1516483.0,879553.0,636930.0,0.42,,403.21719030455034,261.834891585476,0.9075699516249888,0.649364406779661
2019-08-01,강동구,1995.0,1312.0,1321.0,API_2017_2025,2019,8,3,여름,486842.93656451616,475765.03723225807,10006.264380645162,1071.6349483870968,518152.57258387096,452013.0059064516,460395.1741548387,505734.19542580645,220228.04702903226,48170.96613870967,127285.82209032259,44771.258799999996,-45339.02127096774,0,47,2,67,5,54,255,0,0,140,0,0,0,61,915412.0,637381.0,278031.0,0.3037,,1516483.0,879553.0,636930.0,0.42,,409.78308406362663,269.4914317250517,0.9103500975788393,0.6576441102756893
2019-09-01,강동구,1817.0,1146.0,1152.0,API_2017_2025,2019,9,3,가을,487103.13045666664,476329.4957733333,9400.10939,1373.5253033333333,519884.6959033333,450423.67544666666,459826.47576666664,506586.45523,226784.18817,50131.97665,129805.48434333333,46846.72717666666,-46759.97946333334,0,47,2,67,5,54,255,0,0,140,0,0,0,61,915412.0,637381.0,278031.0,0.3037,,1516483.0,879553.0,636930.0,0.42,,373.02162240192024,235.26845309444172,0.9076959540063039,0.6307099614749587
2019-10-01,강동구,1754.0,1176.0,1190.0,API_2017_2025,2019,10,4,가을,493190.2875612903,481836.7179516129,9379.123570967742,1974.4460532258065,529011.00865,450202.43422096776,461074.59803870966,516130.0658274194,238332.45432741934,51526.80145967742,136238.7404967742,50566.91237096774,-55055.467788709684,0,47,2,67,5,54,255,0,0,140,0,0,0,61,915412.0,637381.0,278031.0,0.3037,,1516483.0,879553.0,636930.0,0.42,,355.64366213964115,238.44751805941735,0.8933302447698932,0.6704675028506272
2019-11-01,강동구,1743.0,1153.0,1170.0,API_2017_2025,2019,11,4,가을,496797.75695,486536.3273033333,9083.984883333333,1177.4447633333334,530690.0041799999,455324.20866,465918.90103999997,518854.08259,236499.30386333333,50609.14584,136446.02237,49444.13565333334,-52935.18155,0,47,2,67,5,54,255,0,0,140,0,0,0,61,915412.0,637381.0,278031.0,0.3037,,1516483.0,879553.0,636930.0,0.42,,350.846994700788,232.08639408491598,0.8979767465917203,0.6615031554790591
2019-12-01,강동구,1778.0,1197.0,1204.0,API_2017_2025,2019,12,4,겨울,504659.1751258064,494504.57586129033,8994.234883870968,1160.364370967742,536433.4262,467407.02914193546,476945.5882451613,524454.5943225806,249854.4195,52694.22424516129,146787.43200967743,50372.763245161295,-47509.00607741935,0,47,2,67,5,54,255,0,0,140,0,0,0,61,915412.0,637381.0,278031.0,0.3037,,1516483.0,879553.0,636930.0,0.42,,352.31698691632084,237.18978253027896,0.9094125466880788,0.6732283464566929
2020-01-01,강동구,1731.0,1118.0,1122.0,API_2017_2025,2020,1,1,겨울,508662.50686774193,497475.74160967744,9745.754203225808,1441.011070967742,541171.0480096774,471524.8550387097,481227.72237419354,528258.7815064517,250045.08276774193,53430.62071935484,147771.55353548386,48842.908512903225,-47031.059132258066,0,26,3,66,5,34,153,0,0,76,0,0,0,11,920822.0,623794.0,297028.0,0.3226,,1371398.0,801660.0,569738.0,0.4154,,340.3042246339732,219.79209886815832,0.9109696596086142,0.6458694396302715
2020-02-01,강동구,1438.0,906.0,911.0,API_2017_2025,2020,2,1,겨울,523004.0886689655,511395.9104551724,10010.567979310345,1597.6102482758622,551821.1634344828,488478.2094551724,496650.0459689655,541828.4049034483,245431.54106206895,47273.58925172414,150371.82022068964,47786.13158965517,-45178.35893448275,0,26,3,66,5,34,153,0,0,76,0,0,0,11,920822.0,623794.0,297028.0,0.3226,,1371398.0,801660.0,569738.0,0.4154,,274.9500493695336,173.2300032884544,0.9166186960195758,0.6300417246175244
2020-03-01,강동구,1472.0,844.0,849.0,API_2017_2025,2020,3,1,봄,526964.2728193548,515649.59862580645,9853.9494,1460.7247967741935,555739.9814096774,491353.01903870964,500550.21874516126,545831.4543129032,238572.50575806454,42845.596687096775,150005.95354193548,45720.95552903226,-45281.23556774195,0,26,3,66,5,34,153,0,0,76,0,0,0,11,920822.0,623794.0,297028.0,0.3226,,1371398.0,801660.0,569738.0,0.4154,,279.33582520206386,160.1626606457486,0.9170417255913873,0.5733695652173914
2020-04-01,강동구,1475.0,875.0,880.0,API_2017_2025,2020,4,2,봄,523764.69314999995,512862.7483533333,9461.58304,1440.36176,555905.47507,485344.85475666664,495252.0146666666,544130.8920633333,245887.19084999998,45361.349213333335,154943.65007333332,45582.191563333334,-48878.87739666666,0,26,3,66,5,34,153,0,0,76,0,0,0,11,920822.0,623794.0,297028.0,0.3226,,1371398.0,801660.0,569738.0,0.4154,,281.61501133822657,167.05975248877849,0.910170736288618,0.5932203389830508
2020-05-01,강동구,1688.0,973.0,976.0,API_2017_2025,2020,5,2,봄,519119.61719677417,508445.2056064516,9386.159141935483,1288.2524225806453,551815.9739032259,481491.92027096776,490876.6612580645,539293.157132258,228154.2915483871,45490.399777419356,137762.69427419355,44901.19749677419,-48416.49587419354,0,26,3,66,5,34,153,0,0,76,0,0,0,11,920822.0,623794.0,297028.0,0.3226,,1371398.0,801660.0,569738.0,0.4154,,325.1659047514202,187.43271642365633,0.9102223063024704,0.5764218009478673
2020-06-01,강동구,1658.0,971.0,974.0,API_2017_2025,2020,6,2,여름,514059.72318666667,503305.63447666663,9260.056716666668,1494.0320033333335,549059.2473666667,475264.39678333333,484057.0352366667,535490.2145866667,228106.74740666666,45418.18755333334,136760.70599,45927.85386333334,-51433.17935,0,26,3,66,5,34,153,0,0,76,0,0,0,11,920822.0,623794.0,297028.0,0.3226,,1371398.0,801660.0,569738.0,0.4154,,322.5306175947853,188.8885583139545,0.9039512245995006,0.5856453558504222
2020-07-01,강동구,1934.0,1121.0,1138.0,API_2017_2025,2020,7,3,여름,513948.26091935486,502088.96513870964,9231.11787096774,2628.17790967742,548749.3856258064,474803.3725677419,483935.6864129032,535385.8141354838,223415.4167032258,45466.9496483871,133048.9701967742,44899.496858064515,-51450.12772258065,0,26,3,66,5,34,153,0,0,76,0,0,0,11,920822.0,623794.0,297028.0,0.3226,,1371398.0,801660.0,569738.0,0.4154,,376.3024699296472,218.11534063657422,0.9039008386771324,0.5796277145811789
2020-08-01,강동구,1874.0,982.0,1005.0,API_2017_2025,2020,8,3,여름,511015.83654838713,499921.5561064516,9141.940229032258,1952.3402129032258,542333.7308516129,475761.11173548386,484280.9828032258,530112.1606741935,214047.79071290322,41912.79027419355,131246.4394580645,40888.56098064516,-45831.17787096773,0,26,3,66,5,34,153,0,0,76,0,0,0,11,920822.0,623794.0,297028.0,0.3226,,1371398.0,801660.0,569738.0,0.4154,,366.7205330969336,192.16625587043157,0.9135443755663332,0.5240128068303095
2020-09-01,강동구,1675.0,939.0,950.0,API_2017_2025,2020,9,3,가을,515061.39462000004,502697.76172666665,9021.11161,3342.5212733333333,547531.54102,478656.03687,486938.6514033333,535149.0683366667,212018.44318333332,41912.54758333333,127996.61175333333,42109.283846666665,-48210.41693333334,0,26,3,66,5,34,153,0,0,76,0,0,0,11,920822.0,623794.0,297028.0,0.3226,,1371398.0,801660.0,569738.0,0.4154,,325.2039499554757,182.30836358698008,0.9099121725406727,0.5605970149253732
2020-10-01,강동구,1749.0,1010.0,1014.0,API_2017_2025,2020,10,4,가을,506547.09414516133,496045.2325451613,8942.937358064517,1558.924235483871,542331.9961967742,465847.95252903225,476063.0699225807,528321.397148387,216990.98608064518,45060.98192258064,128353.5782516129,43576.425906451615,-52258.327225806446,0,26,3,66,5,34,153,0,0,76,0,0,0,11,920822.0,623794.0,297028.0,0.3226,,1371398.0,801660.0,569738.0,0.4154,,345.2788536772829,199.3891607856236,0.9010861049583255,0.577472841623785
2020-11-01,강동구,1614.0,956.0,968.0,API_2017_2025,2020,11,4,가을,506901.2955,496691.12981333333,8924.751916666666,1285.4137699999999,541082.09887,467636.49615,476976.98673999996,528275.8017566666,216651.30878,44572.7478,127655.72315,44422.83783,-51298.81501666667,0,26,3,66,5,34,153,0,0,76,0,0,0,11,920822.0,623794.0,297028.0,0.3226,,1371398.0,801660.0,569738.0,0.4154,,318.4051834801436,188.59687447770588,0.9028938769368509,0.5923172242874845
2020-12-01,강동구,1563.0,883.0,907.0,API_2017_2025,2020,12,4,겨울,514605.35497096775,504254.7062612903,8914.725735483871,1435.9229870967742,541826.9245129032,481079.56922580645,489503.6701580645,532535.1298516128,202723.15623225807,40583.576112903225,122109.81537741935,40029.76474193548,-43031.4596935484,0,26,3,66,5,34,153,0,0,76,0,0,0,11,920822.0,623794.0,297028.0,0.3226,,1371398.0,801660.0,569738.0,0.4154,,303.72789262719175,171.58779858593113,0.919195077880517,0.5649392194497761
2021-01-01,강동구,1464.0,898.0,872.0,건별집계|API_2017_2025,2021,1,1,겨울,518513.7799354839,508337.850916129,9086.987516129033,1088.9415161290322,544777.1859096774,485422.97482258064,493929.9313548387,536073.6717935484,208270.78833870968,42586.47098709677,125204.23690322581,40480.0804483871,-42143.740438709676,0,16,1,55,0,26,127,0,0,73,0,0,0,9,1018452.0,705694.0,312758.0,0.3071,97254.0,1397831.0,843726.0,554105.0,0.3964,172022.0,282.345437411935,173.18729699174702,0.9213844240891204,0.6133879781420765
2021-02-01,강동구,1403.0,844.0,789.0,건별집계|API_2017_2025,2021,2,1,겨울,513499.7818928571,503131.0964071429,9030.131599999999,1338.5538857142856,543580.0367464286,476329.284825,486221.77703214285,532984.071075,214753.23579642858,45368.396875,126005.24971428572,43379.58920714286,-46762.29404285715,0,16,1,55,0,26,127,0,0,73,0,0,0,9,1018452.0,705694.0,312758.0,0.3071,97254.0,1397831.0,843726.0,554105.0,0.3964,172022.0,273.2230956025487,164.36228987067076,0.9122632427859615,0.601568068424804
2021-03-01,강동구,1660.0,993.0,968.0,건별집계|API_2017_2025,2021,3,1,봄,516656.0745806452,506571.4675096774,8900.03361935484,1184.5734483870967,550581.8295999999,477318.75552258064,486466.4852032258,538220.0669935484,215720.2154903226,45986.77991935484,124486.35625806451,45247.07931290323,-51753.58179032258,0,16,1,55,0,26,127,0,0,73,0,0,0,9,1018452.0,705694.0,312758.0,0.3071,97254.0,1397831.0,843726.0,554105.0,0.3964,172022.0,321.29690942807053,192.19748859161086,0.9038430839648665,0.5981927710843373
2021-04-01,강동구,1671.0,995.0,930.0,건별집계|API_2017_2025,2021,4,2,봄,509674.84503333335,499986.97335333336,8684.411506666665,1003.4601666666666,544916.8514766666,468402.50141333335,478105.6752333333,532224.25204,224558.75372,47437.43739666666,130505.66812,46615.64820333334,-54118.57680666667,0,16,1,55,0,26,127,0,0,73,0,0,0,9,1018452.0,705694.0,312758.0,0.3071,97254.0,1397831.0,843726.0,554105.0,0.3964,172022.0,327.8560863427966,195.2225050335623,0.898316214266389,0.5954518252543387
2021-05-01,강동구,1886.0,1123.0,1045.0,건별집계|API_2017_2025,2021,5,2,봄,510937.75233870966,500947.51691612904,8693.049567741935,1297.1858806451614,545772.4406580644,471228.13988387096,480948.25116451614,532358.8246193549,218734.0441387097,45907.476022580646,129272.25892580645,43554.30919032258,-51410.573454838704,0,16,1,55,0,26,127,0,0,73,0,0,0,9,1018452.0,705694.0,312758.0,0.3071,97254.0,1397831.0,843726.0,554105.0,0.3964,172022.0,369.1251999616848,219.79194038015487,0.9034287193574781,0.5954400848356309
2021-06-01,강동구,2046.0,1196.0,1099.0,건별집계|API_2017_2025,2021,6,2,여름,512368.72021666664,502327.00208,8777.712876666666,1264.00527,548442.98688,472222.00764666667,480984.85905666667,534785.7639,227674.67102666668,46716.76729333333,136030.29573333333,44927.608,-53800.90484333333,0,16,1,55,0,26,127,0,0,73,0,0,0,9,1018452.0,705694.0,312758.0,0.3071,97254.0,1397831.0,843726.0,554105.0,0.3964,172022.0,399.3218007404517,233.4256469626492,0.8993972755538915,0.5845552297165201
2021-07-01,강동구,2244.0,1364.0,1212.0,건별집계|API_2017_2025,2021,7,3,여름,513320.6679322581,503152.13461612904,8921.7122,1246.8211258064516,545747.4707129032,476919.29051935486,485222.38961612905,533390.866716129,218062.2781,44721.20643870968,130782.94925806452,42558.12240322581,-48168.47710000001,0,16,1,55,0,26,127,0,0,73,0,0,0,9,1018452.0,705694.0,312758.0,0.3071,97254.0,1397831.0,843726.0,554105.0,0.3964,172022.0,437.1536429731554,265.7208418072121,0.9096938472221061,0.6078431372549019
2021-08-01,강동구,2009.0,1251.0,1132.0,건별집계|API_2017_2025,2021,8,3,여름,512310.49586774193,502018.06282580644,8978.80402580645,1313.6290193548389,544082.2231354838,475405.28604838706,484358.6046935484,532276.1324032258,212815.34998387098,43747.374567741936,127271.2836064516,41796.691809677424,-47917.52770967742,0,16,1,55,0,26,127,0,0,73,0,0,0,9,1018452.0,705694.0,312758.0,0.3071,97254.0,1397831.0,843726.0,554105.0,0.3964,172022.0,392.1450011671522,244.18785289203956,0.9099761856814248,0.6226978596316576
2021-09-01,강동구,2055.0,1235.0,1121.0,건별집계|API_2017_2025,2021,9,3,가을,512130.9155266667,501623.06536666665,9091.169456666667,1416.68072,545433.10751,474508.63134666666,483642.6098566667,532479.7053066667,238520.34290666666,45886.26789,149099.43337333333,43534.641643333336,-48837.09545000001,0,16,1,55,0,26,127,0,0,73,0,0,0,9,1018452.0,705694.0,312758.0,0.3071,97254.0,1397831.0,843726.0,554105.0,0.3964,172022.0,401.2645863971468,241.1492769832001,0.9082836491920878,0.6009732360097324
2021-10-01,강동구,2052.0,1210.0,1042.0,건별집계|API_2017_2025,2021,10,4,가을,512248.94048064516,501930.00057419355,8974.215183870969,1344.724706451613,546637.3261516129,471942.8039451613,482237.0204290323,533686.0262290323,236368.4412935484,44982.646167741936,147757.03149999998,43628.76362580645,-51449.0058,0,16,1,55,0,26,127,0,0,73,0,0,0,9,1018452.0,705694.0,312758.0,0.3071,97254.0,1397831.0,843726.0,554105.0,0.3964,172022.0,400.58648009590814,236.21327530021873,0.9035968654387803,0.5896686159844055
2021-11-01,강동구,2135.0,1231.0,1093.0,건별집계|API_2017_2025,2021,11,4,가을,512053.37657666666,501192.80157666665,8948.036903333334,1912.5381033333333,547739.5702866666,470275.66794,480349.07146,534699.30881,244179.8129,48793.45239666667,149970.41990666665,45415.94059666667,-54350.23734999999,0,16,1,55,0,26,127,0,0,73,0,0,0,9,1018452.0,705694.0,312758.0,0.3071,97254.0,1397831.0,843726.0,554105.0,0.3964,172022.0,416.94872012631663,240.40462504707062,0.898353642029276,0.5765807962529274
2021-12-01,강동구,2054.0,1151.0,997.0,건별집계|API_2017_2025,2021,12,4,겨울,515858.15108064516,505340.4779096774,8963.815312903225,1553.8578580645162,547959.6288967741,478222.71720645163,486940.6795612903,536513.4878870968,232615.5976,46217.97746451613,142701.36315806452,43696.256977419354,-49572.80832580645,0,16,1,55,0,26,127,0,0,73,0,0,0,9,1018452.0,705694.0,312758.0,0.3071,97254.0,1397831.0,843726.0,554105.0,0.3964,172022.0,398.1714732426306,223.12335233800772,0.9076019346297617,0.5603700097370984
2022-01-01,강동구,1848.0,1069.0,1028.0,건별집계|API_2017_2025|xlsx_2022_2024,2022,1,1,겨울,516060.16806451615,504288.432116129,9067.632106451612,2704.1038612903226,547329.4695612903,478178.6103548387,487612.82301935484,536379.7002612903,231159.33238709677,46649.39028709678,142316.16433548386,42193.77776451613,-48766.87724193549,2,19,15,254,15,48,215,0,0,142,0,0,0,12,959198.0,657397.0,301801.0,0.3146,98443.0,1434972.0,851369.0,583603.0,0.4067,189853.0,358.0977789723483,207.14638837740273,0.909081426425759,0.5784632034632035
2022-02-01,강동구,2080.0,1173.0,,건별집계|xlsx_2022_2024,2022,2,1,겨울,519149.595475,507314.7480964285,9097.860732142857,2736.986646428571,548985.6430928571,483705.7165107143,492602.4834678572,538111.8183321429,228599.01746428572,44629.97801785714,142974.73864642857,40994.300800000005,-45509.33486428571,2,19,15,254,15,48,215,0,0,142,0,0,0,12,959198.0,657397.0,301801.0,0.3146,98443.0,1434972.0,851369.0,583603.0,0.4067,189853.0,400.6552288838611,225.94643436575436,0.9154277358089994,0.5639423076923077
2022-03-01,강동구,2519.0,1230.0,,건별집계|xlsx_2022_2024,2022,3,1,봄,517634.4023451613,507385.9548741935,8941.703512903227,1306.7439387096774,547330.6913548387,482361.21671290323,490949.99787741934,536694.6912354839,225173.27100322582,42122.053432258064,142394.68208709676,40656.53548387097,-45744.69335806453,2,19,15,254,15,48,215,0,0,142,0,0,0,12,959198.0,657397.0,301801.0,0.3146,98443.0,1434972.0,851369.0,583603.0,0.4067,189853.0,486.6368982794768,237.6194461626663,0.914765891846705,0.4882890035728464
2022-04-01,강동구,2037.0,1152.0,,건별집계|xlsx_2022_2024,2022,4,2,봄,506624.70789666666,496289.8557833333,8677.04611,1657.8060366666666,543125.6048966667,464382.34903,474720.41502333333,529413.4885399999,236344.61733333333,46438.00354666667,145243.02150333335,44663.59228333333,-54693.07351666667,2,19,15,254,15,48,215,0,0,142,0,0,0,12,959198.0,657397.0,301801.0,0.3146,98443.0,1434972.0,851369.0,583603.0,0.4067,189853.0,402.0727706820559,227.38725175538949,0.8966911975221911,0.5655375552282769
2022-05-01,강동구,1960.0,1189.0,,건별집계|xlsx_2022_2024,2022,5,2,봄,509836.32921612903,499610.2422096774,8495.95285483871,1730.1341645161292,549072.6879774194,466127.40022258065,476679.2879548387,533519.9301225806,238684.02928064516,48340.79269032258,145155.66421935486,45187.57237096775,-56840.64216774193,2,19,15,254,15,48,215,0,0,142,0,0,0,12,959198.0,657397.0,301801.0,0.3146,98443.0,1434972.0,851369.0,583603.0,0.4067,189853.0,384.4371002383237,233.21209805273818,0.8934610706020255,0.6066326530612245
2022-06-01,강동구,2005.0,1215.0,,건별집계|xlsx_2022_2024,2022,6,2,여름,519924.86164333334,509417.0377966667,8417.653523333332,2090.170343333333,557772.7892966666,477626.36158666667,487802.40833,542869.4711533333,243791.41260666668,48269.21577,150550.59440666667,44971.60243,-55067.06282333333,2,19,15,254,15,48,215,0,0,142,0,0,0,12,959198.0,657397.0,301801.0,0.3146,98443.0,1434972.0,851369.0,583603.0,0.4067,189853.0,385.6326457755396,233.6876132754517,0.8985629773832324,0.6059850374064838
2022-07-01,강동구,2259.0,1336.0,,건별집계|xlsx_2022_2024,2022,7,3,여름,508856.1938548387,498323.24958387093,8523.402864516129,2009.541422580645,545242.154383871,469466.4563516129,478304.44844838715,530678.8691483871,234225.18626451612,47362.75228064516,144533.79797096772,42328.636012903225,-52374.4207,2,19,15,254,15,48,215,0,0,142,0,0,0,12,959198.0,657397.0,301801.0,0.3146,98443.0,1434972.0,851369.0,583603.0,0.4067,189853.0,443.9368189442584,262.54961934906123,0.9013067530198661,0.5914121292607348
2022-08-01,강동구,2348.0,1372.0,,건별집계|xlsx_2022_2024,2022,8,3,여름,503150.82951935485,493336.31474193546,8464.30740967742,1350.2073516129033,538836.3361096774,462993.471183871,472283.4985322581,525198.9230774193,231770.88711612902,45072.48369354839,145197.42916451613,41500.97425806452,-52915.42454516129,2,19,15,254,15,48,215,0,0,142,0,0,0,12,959198.0,657397.0,301801.0,0.3146,98443.0,1434972.0,851369.0,583603.0,0.4067,189853.0,466.65927237822007,272.6816531954506,0.8992468906160325,0.5843270868824532
2022-09-01,강동구,2029.0,1187.0,,건별집계|xlsx_2022_2024,2022,9,3,가을,501846.62174333335,492189.91220666666,8315.188993333333,1341.5205433333333,540395.60253,459509.49316,469561.5506566667,524907.3868,232865.22918,46938.17253333333,143435.01544000002,42492.04120666666,-55345.836143333334,2,19,15,254,15,48,215,0,0,142,0,0,0,12,959198.0,657397.0,301801.0,0.3146,98443.0,1434972.0,851369.0,583603.0,0.4067,189853.0,404.3067965570008,236.52645022827005,0.8945607596023007,0.5850172498767866
2022-10-01,강동구,1940.0,1202.0,,건별집계|xlsx_2022_2024,2022,10,4,가을,502787.8022806452,493010.69976129034,8426.046261290323,1351.0562548387097,540901.5572516129,458160.5639419355,469594.91223225807,526497.0094806452,229668.81837741935,45254.45745161291,142876.82997419353,41537.5309516129,-56902.097248387094,2,19,15,254,15,48,215,0,0,142,0,0,0,12,959198.0,657397.0,301801.0,0.3146,98443.0,1434972.0,851369.0,583603.0,0.4067,189853.0,385.8486604488337,239.06705662860728,0.8919232280074728,0.6195876288659794
2022-11-01,강동구,2075.0,1282.0,,건별집계|xlsx_2022_2024,2022,11,4,가을,504879.3331133333,494903.57727,8507.611840000001,1468.1440033333333,542773.3851533333,460439.2843633333,470935.30421,529125.0680633333,235560.73667333333,47672.94883666666,144294.82189666666,43592.96594,-58189.763853333345,2,19,15,254,15,48,215,0,0,142,0,0,0,12,959198.0,657397.0,301801.0,0.3146,98443.0,1434972.0,851369.0,583603.0,0.4067,189853.0,410.98929267009873,253.92205937497184,0.8900264467410032,0.6178313253012048
2022-12-01,강동구,2159.0,1282.0,,건별집계|xlsx_2022_2024,2022,12,4,겨울,512283.6385258064,502297.9960612903,8517.587703225805,1468.0547677419356,546062.4277870967,473883.0172483871,482829.26683870965,533322.4754548387,231612.30253548388,48172.99997741936,141090.0461,42349.25645806452,-50493.208616129035,2,19,15,254,15,48,215,0,0,142,0,0,0,12,959198.0,657397.0,301801.0,0.3146,98443.0,1434972.0,851369.0,583603.0,0.4067,189853.0,421.44621409595146,250.25199002825832,0.905323306367191,0.5937934228809634
2023-01-01,강동구,2035.0,,,xlsx_2022_2024,2023,1,1,겨울,512328.8390870968,501917.9906645161,8877.693225806452,1533.1552161290322,545808.6857193549,474625.90877419355,483912.82057096774,532625.9951774194,225203.7927903226,48171.827087096775,136855.99582258065,40175.96988064516,-48713.174606451605,1,33,21,270,9,10,256,0,0,59,0,0,0,18,893704.0,622172.0,271532.0,0.3038,110418.0,1456203.0,844799.0,611404.0,0.4199,233027.0,397.2058265597745,,0.9085414999502134,
2023-02-01,강동구,1850.0,,,xlsx_2022_2024,2023,2,1,겨울,514290.8626607143,503754.0611714286,9111.028264285715,1425.7732357142856,549538.8461357143,472805.6097571429,482857.6804107143,536743.1357142858,225186.20757857146,48468.58978928572,134507.37147142857,42210.24631785714,-53885.455303571434,1,33,21,270,9,10,256,0,0,59,0,0,0,18,893704.0,622172.0,271532.0,0.3038,110418.0,1456203.0,844799.0,611404.0,0.4199,233027.0,359.71862117652944,,0.8996066242526569,
2023-03-01,강동구,2014.0,,,xlsx_2022_2024,2023,3,1,봄,509442.4685645161,499435.9284387097,8812.128516129033,1194.4116322580646,546537.4567709677,466221.348732258,476377.40671612904,533060.3698741936,217221.17697419354,46246.27890645161,128804.0073483871,42170.89071935484,-56682.963158064515,1,33,21,270,9,10,256,0,0,59,0,0,0,18,893704.0,622172.0,271532.0,0.3038,110418.0,1456203.0,844799.0,611404.0,0.4199,233027.0,395.3341396281621,,0.8936650211467753,
2023-04-01,강동구,2097.0,,,xlsx_2022_2024,2023,4,2,봄,507519.71532666666,497422.12442,8832.15565,1265.43524,545203.0539233333,463196.7924433333,474047.07926666667,531428.74107,226680.7410766667,48773.60148333334,134466.70042333333,43440.439170000005,-57381.66180333333,1,33,21,270,9,10,256,0,0,59,0,0,0,18,893704.0,622172.0,271532.0,0.3038,110418.0,1456203.0,844799.0,611404.0,0.4199,233027.0,413.18591902390614,,0.8920237891390692,
2023-05-01,강동구,2247.0,,,xlsx_2022_2024,2023,5,2,봄,501876.7014419355,492094.0426419355,8682.95979032258,1099.6990096774193,540305.8545774193,458054.9961580645,468591.18038709677,525652.0736451612,223881.30728064515,47617.255916129034,133578.16015483873,42685.891209677415,-57060.89325806452,1,33,21,270,9,10,256,0,0,59,0,0,0,18,893704.0,622172.0,271532.0,0.3038,110418.0,1456203.0,844799.0,611404.0,0.4199,233027.0,447.7195282315703,,0.8914474114743375,
2023-06-01,강동구,2032.0,,,xlsx_2022_2024,2023,6,2,여름,505336.60570666665,495306.53371,8842.8028,1187.2692,542217.1377933334,464334.01040666667,473644.54843333334,527973.78947,226379.97441,48810.92662666667,134876.48865333333,42692.559129999994,-54329.24103666667,1,33,21,270,9,10,256,0,0,59,0,0,0,18,893704.0,622172.0,271532.0,0.3038,110418.0,1456203.0,844799.0,611404.0,0.4199,233027.0,402.108214020719,,0.8970986020135501,
2023-07-01,강동구,2283.0,,,xlsx_2022_2024,2023,7,3,여름,509293.3679193549,498544.98771290324,9454.703577419354,1293.676658064516,544328.3489870967,470995.49743225804,479341.0103967742,530687.9090193548,220133.53881612903,48616.40678709677,130565.34828387098,40951.78374516129,-51346.898622580644,1,33,21,270,9,10,256,0,0,59,0,0,0,18,893704.0,622172.0,271532.0,0.3038,110418.0,1456203.0,844799.0,611404.0,0.4199,233027.0,448.2681581593866,,0.9032446420016177,
2023-08-01,강동구,2261.0,,,xlsx_2022_2024,2023,8,3,여름,504870.8161451613,494604.0247935484,9302.50314516129,964.2882096774193,539423.2792290323,466390.5083354839,474888.94094193546,526286.4412935483,215209.85752258066,46520.73916129032,128121.71917419355,40567.39918709678,-51397.500351612915,1,33,21,270,9,10,256,0,0,59,0,0,0,18,893704.0,622172.0,271532.0,0.3038,110418.0,1456203.0,844799.0,611404.0,0.4199,233027.0,447.83733337240744,,0.9023393036208874,
2023-09-01,강동구,2215.0,,,xlsx_2022_2024,2023,9,3,가을,504682.0614966667,494797.31025333336,8767.525053333335,1117.22619,540944.5155733334,465158.16517666663,474435.32878,526286.87059,216116.32914666666,48219.33259333333,126549.72368333333,41347.27287,-51851.541809999995,1,33,21,270,9,10,256,0,0,59,0,0,0,18,893704.0,622172.0,271532.0,0.3038,110418.0,1456203.0,844799.0,611404.0,0.4199,233027.0,438.89017838899935,,0.9014766571093229,
2023-10-01,강동구,2006.0,,,xlsx_2022_2024,2023,10,4,가을,501910.41038709675,492056.5636967742,8745.698587096775,1108.1481161290324,537570.3443645161,460102.75439677417,470649.77411935484,524239.4362967742,212573.3065516129,46823.100987096775,125348.47961612903,40401.725948387095,-53589.66217741935,1,33,21,270,9,10,256,0,0,59,0,0,0,18,893704.0,622172.0,271532.0,0.3038,110418.0,1456203.0,844799.0,611404.0,0.4199,233027.0,399.67292139903594,,0.8977763623508056,
2023-11-01,강동구,1924.0,,,xlsx_2022_2024,2023,11,4,가을,508451.1877866667,498447.27386333334,8931.191710000001,1072.7222233333334,546796.4101566667,466511.6469,475856.7077633333,531732.9592233333,224003.93386333334,52326.368050000005,127871.13278333333,43806.43303,-55876.25145999999,1,33,21,270,9,10,256,0,0,59,0,0,0,18,893704.0,622172.0,271532.0,0.3038,110418.0,1456203.0,844799.0,611404.0,0.4199,233027.0,378.4040722523127,,0.8949167049159136,
2023-12-01,강동구,2136.0,,,xlsx_2022_2024,2023,12,4,겨울,519657.96737741935,508727.72173870966,9871.39224516129,1058.8533903225807,557970.8008,481216.4904387097,490262.6183483871,540654.6452451613,219982.46443225807,53852.18115483871,124031.51798709677,42098.765290322575,-50392.02689677418,1,33,21,270,9,10,256,0,0,59,0,0,0,18,893704.0,622172.0,271532.0,0.3038,110418.0,1456203.0,844799.0,611404.0,0.4199,233027.0,411.0395941353204,,0.9067944253509119,
2024-01-01,강동구,1876.0,,,xlsx_2022_2024,2024,1,1,겨울,522620.9903258065,511718.5431935484,9897.382812903224,1005.0643032258064,564077.748516129,482410.0218516129,491689.1463870968,544715.1645677419,216283.86981612904,51789.005616129034,124036.65090967742,40458.21329032258,-53026.01818064515,0,13,0,38,0,31,219,7,54,59,80,16,0,60,862257.0,584536.0,277721.0,0.3221,92119.0,1341076.0,809802.0,531274.0,0.3962,173544.0,358.9599412818236,,0.9026536773164304,
2024-02-01,강동구,1667.0,,,xlsx_2022_2024,2024,2,1,겨울,514453.80091379315,503838.29538965516,9557.607358620691,1057.8981896551725,552261.9464068966,474640.81303448277,484804.71170689655,535631.7217689655,216086.04745862068,50829.371917241384,124379.92071724139,40876.75482413793,-50827.010062068955,0,13,0,38,0,31,219,7,54,59,80,16,0,60,862257.0,584536.0,277721.0,0.3221,92119.0,1341076.0,809802.0,531274.0,0.3962,173544.0,324.03298353302256,,0.9051082899007385,
2024-03-01,강동구,1885.0,,,xlsx_2022_2024,2024,3,1,봄,514860.90431935486,504895.37079354835,9003.45120967742,962.0823193548387,554891.7995129032,473362.67656129034,483169.9325322581,537497.3127419355,215340.1030451613,49040.446212903225,124770.69722580645,41528.959606451615,-54327.38020967743,0,13,0,38,0,31,219,7,54,59,80,16,0,60,862257.0,584536.0,277721.0,0.3221,92119.0,1341076.0,809802.0,531274.0,0.3962,173544.0,366.11830189203556,,0.898925298933055,
2024-04-01,강동구,1971.0,,,xlsx_2022_2024,2024,4,2,봄,507657.45691666665,497789.18977666664,8781.720446666666,1086.5467,547127.5761666667,463583.1834433333,474098.77769,531627.9420766666,226451.77905333333,49342.88177666666,133392.15359333332,43716.74368333333,-57529.16438666666,0,13,0,38,0,31,219,7,54,59,80,16,0,60,862257.0,584536.0,277721.0,0.3221,92119.0,1341076.0,809802.0,531274.0,0.3962,173544.0,388.2539245993081,,0.8917867932939268,
2024-05-01,강동구,2051.0,,,xlsx_2022_2024,2024,5,2,봄,503373.49036774196,493755.0489419355,8693.245938709679,925.1954903225807,540767.6588677419,461080.8098967742,471372.3693967742,526231.433932258,223841.17352258065,47943.54422903226,134070.27121935485,41827.35807419355,-54859.06453548387,0,13,0,38,0,31,219,7,54,59,80,16,0,60,862257.0,584536.0,277721.0,0.3221,92119.0,1341076.0,809802.0,531274.0,0.3962,173544.0,407.45093638157863,,0.89575106883002,
2024-06-01,강동구,1986.0,,,xlsx_2022_2024,2024,6,2,여름,508619.72226,498721.71341666667,8826.913250000001,1071.0955966666668,544749.2407366667,469637.83066000004,478749.78041666665,529955.3949933334,230197.86133666665,50081.98174666667,138333.58115333333,41782.29843666667,-51205.61457666667,0,13,0,38,0,31,219,7,54,59,80,16,0,60,862257.0,584536.0,277721.0,0.3221,92119.0,1341076.0,809802.0,531274.0,0.3962,173544.0,390.4685392802723,,0.9033775010870285,
2024-07-01,강동구,2032.0,,,xlsx_2022_2024,2024,7,3,여름,511112.6613806452,500757.4862580646,9230.906867741936,1124.268270967742,546876.5601967742,472850.6131548387,481201.1843709678,532478.0021064517,227343.48151935483,50858.23753225806,134383.7121451613,42101.53184193549,-51276.81773548387,0,13,0,38,0,31,219,7,54,59,80,16,0,60,862257.0,584536.0,277721.0,0.3221,92119.0,1341076.0,809802.0,531274.0,0.3962,173544.0,397.56401152557083,,0.9037015284525637,
2024-08-01,강동구,2239.0,,,xlsx_2022_2024,2024,8,3,여름,512714.22568064515,502465.19275161286,9245.824148387097,1003.2087774193548,549224.3003387096,475604.12176451617,483918.1656483871,533282.8399935483,229756.3276032258,52527.23914193548,134893.85567419353,42335.23278709678,-49364.67434516128,0,13,0,38,0,31,219,7,54,59,80,16,0,60,862257.0,584536.0,277721.0,0.3221,92119.0,1341076.0,809802.0,531274.0,0.3962,173544.0,436.69550947755613,,0.9074324717709679,
2024-09-01,강동구,1910.0,,,xlsx_2022_2024,2024,9,3,가을,506036.8507933334,496413.3553666667,8669.657573333334,953.83786,541725.6422633333,469027.3523766667,477834.58754,526181.3245466667,228290.58806666668,51294.04819666666,134649.59753666667,42346.94233333333,-48346.73700666667,0,13,0,38,0,31,219,7,54,59,80,16,0,60,862257.0,584536.0,277721.0,0.3221,92119.0,1341076.0,809802.0,531274.0,0.3962,173544.0,377.44286745236434,,0.9081177252949446,
2024-10-01,강동구,1801.0,,,xlsx_2022_2024,2024,10,4,가을,509622.33321935486,499996.43643548386,8612.779129032258,1013.1176709677419,544833.3979483871,469308.79948064516,479206.9386483871,531347.6150612903,228665.14610967744,50731.593,134491.6067032258,43441.94640645161,-52140.67641290322,0,13,0,38,0,31,219,7,54,59,80,16,0,60,862257.0,584536.0,277721.0,0.3221,92119.0,1341076.0,809802.0,531274.0,0.3962,173544.0,353.39895499140187,,0.9018708752331769,
2024-11-01,강동구,1776.0,,,xlsx_2022_2024,2024,11,4,가을,513228.9940266667,503572.0237466667,8644.31927,1012.6510133333334,551356.3970199999,471274.0950233333,481280.7345833333,536049.17934,237941.99589666666,54352.31658333333,138414.04604666666,45175.633266666664,-54768.444756666664,0,13,0,38,0,31,219,7,54,59,80,16,0,60,862257.0,584536.0,277721.0,0.3221,92119.0,1341076.0,809802.0,531274.0,0.3962,173544.0,346.0443623938599,,0.8978294401567795,
2024-12-01,강동구,1904.0,,,xlsx_2022_2024,2024,12,4,겨울,523979.8683548387,513988.271732258,8808.403332258064,1183.1933032258066,559089.6626290323,486136.0994516129,496016.0247,543954.0424032258,239381.96902580647,56037.457345161296,137547.67387096773,45796.83780967742,-47938.01770322581,0,13,0,38,0,31,219,7,54,59,80,16,0,60,862257.0,584536.0,277721.0,0.3221,92119.0,1341076.0,809802.0,531274.0,0.3962,173544.0,363.37273910504763,,0.9118711987295244,
2018-04-01,강북구,1646.0,1053.0,1058.0,API_2017_2025,2018,4,2,봄,313534.50271538465,307784.3508307692,4952.569303846154,797.582576923077,347949.80427307694,277416.48425,285289.8281,333709.2703153846,142643.1045846154,13531.270126923077,78999.04281153846,50112.79164615385,-48419.44221538462,0,15,1,67,80,0,180,0,0,113,0,0,0,12,,,,,,,,,,,524.9820947119748,335.8482051832986,0.8549053127303776,0.6397326852976913
2018-05-01,강북구,1940.0,1247.0,1257.0,API_2017_2025,2018,5,2,봄,312415.05979677424,306461.95323870966,5083.598419354839,869.5081354838709,346676.74799999996,277464.7167806452,285231.76681612903,331119.09349999996,141570.62131612905,14040.25926451613,77705.03648387096,49825.32556774194,-45887.32668387097,0,15,1,67,80,0,180,0,0,113,0,0,0,12,,,,,,,,,,,620.9687846872582,399.1484920128923,0.8614174549741846,0.6427835051546392
2018-06-01,강북구,1846.0,1158.0,1161.0,API_2017_2025,2018,6,2,여름,315417.42437666666,309459.89103,5143.450293333333,814.0830766666667,347982.1096,281503.42432,288694.93897666666,334504.91395333334,139056.40537333334,13131.786273333333,77663.34008333334,48261.27901666667,-45809.974976666665,0,15,1,67,80,0,180,0,0,113,0,0,0,12,,,,,,,,,,,585.2561898405255,367.1325394557575,0.8630514139978894,0.6273022751895991
2018-07-01,강북구,1941.0,1234.0,1240.0,API_2017_2025,2018,7,3,여름,314742.5434354839,308684.75192903227,5134.274041935484,923.5174741935484,346829.4455580645,281837.371616129,288628.64774838707,333395.3260903226,139582.62342580647,13352.18846451613,78534.22675806453,47696.20820322581,-44766.67834193548,0,15,1,67,80,0,180,0,0,113,0,0,0,12,,,,,,,,,,,616.694514447764,392.0664764701395,0.8657249372182038,0.6357547655847501
2018-08-01,강북구,2004.0,1298.0,1311.0,API_2017_2025,2018,8,3,여름,311142.74087096774,304935.7897483871,5230.676074193549,976.2750322580646,343171.1137516129,278517.5609290323,285344.2058387097,328835.76204838714,137226.9738935484,12973.448009677419,77159.73564193548,47093.79024193549,-43491.556209677416,0,15,1,67,80,0,180,0,0,113,0,0,0,12,,,,,,,,,,,644.0773756733947,417.17187306590137,0.8677407957736732,0.6477045908183633
2018-09-01,강북구,1730.0,1105.0,1111.0,API_2017_2025,2018,9,3,가을,313541.16256,307320.28480666666,5341.069286666667,879.8084566666668,345400.6706566667,280384.54259666667,287968.7749866667,331807.1536733333,136625.21527333334,15300.218383333333,74933.97726,46391.01963,-43838.37868666668,0,15,1,67,80,0,180,0,0,113,0,0,0,12,,,,,,,,,,,551.7616844547302,352.4258157933392,0.8678799471278855,0.638728323699422
2018-10-01,강북구,1698.0,1099.0,1106.0,API_2017_2025,2018,10,4,가을,311027.85585483874,304954.17476774193,5199.1964935483875,874.4846032258064,345231.2273580645,275197.1016967742,283076.16812903224,330258.68176129035,135063.45903870967,12849.0045,75472.65852903227,46741.79600967742,-47182.51363225807,0,15,1,67,80,0,180,0,0,113,0,0,0,12,,,,,,,,,,,545.9318090121425,353.3445571874821,0.8571346758225074,0.6472320376914017
2018-11-01,강북구,1636.0,1057.0,1064.0,API_2017_2025,2018,11,4,가을,310641.57221333333,304749.4236066667,5065.77982,826.3687766666667,345944.8598033333,275043.5045833333,282530.13824666664,330721.16789333336,137676.56451999999,13703.510046666666,75822.72087333332,48150.3336,-48191.02964666667,0,15,1,67,80,0,180,0,0,113,0,0,0,12,,,,,,,,,,,526.6519829729923,340.26353667631594,0.8542850161250953,0.6460880195599022
2018-12-01,강북구,1834.0,1165.0,1169.0,API_2017_2025,2018,12,4,겨울,310881.9963741935,305012.88193870964,5115.25549032258,753.8589451612903,339197.0551548387,280688.0569645162,287500.26096129033,327583.2359483871,131936.33846774194,13597.244670967742,73280.8683483871,45058.2254483871,-40082.97498709678,0,15,1,67,80,0,180,0,0,113,0,0,0,12,,,,,,,,,,,589.9344514606448,374.7402595156222,0.8776403350707113,0.6352235550708834
2019-01-01,강북구,1613.0,1027.0,1029.0,API_2017_2025,2019,1,1,겨울,309620.78646451613,303675.2558032258,5077.125567741935,868.4050935483871,338682.7514193548,277838.0207806452,285041.86947096774,327177.15575161285,135960.8881419355,13342.070322580645,77447.14693548388,45171.67088387097,-42135.28628064515,0,6,0,71,77,1,100,0,0,108,0,0,0,4,910537.0,692635.0,217902.0,0.2393,,514534.0,405141.0,109393.0,0.2126,,520.9598549304301,331.6960762638262,0.8712156837972101,0.6367017978921264
2019-02-01,강북구,1548.0,1055.0,1063.0,API_2017_2025,2019,2,1,겨울,309658.04958214285,303517.6238392857,5205.723146428571,934.702575,336394.1308607143,281477.6239464286,287973.98011071427,325146.6706285714,137170.805225,15697.450364285714,75521.01251071428,45952.34235,-37172.69051785714,0,6,0,71,77,1,100,0,0,108,0,0,0,4,910537.0,692635.0,217902.0,0.2393,,514534.0,405141.0,109393.0,0.2126,,499.9062682494107,340.69839341287354,0.8856740853412549,0.6815245478036176
2019-03-01,강북구,1628.0,1046.0,1049.0,API_2017_2025,2019,3,1,봄,309573.5426516129,303857.81240967737,5048.141816129032,667.5884258064516,339678.5870419355,276634.47613870964,284338.3228967742,327598.6996290323,127942.85762903227,13178.993148387097,70887.59199032259,43876.27249032258,-43260.37673225806,0,6,0,71,77,1,100,0,0,108,0,0,0,4,910537.0,692635.0,217902.0,0.2393,,514534.0,405141.0,109393.0,0.2126,,525.8847335775444,337.8841715737785,0.8679470438031487,0.6425061425061425
2019-04-01,강북구,1551.0,1038.0,1044.0,API_2017_2025,2019,4,2,봄,302848.09103,297091.77517333336,4921.414476666667,834.90138,335126.6078066667,268663.33428333333,276373.85937666666,321758.2565,138965.90268333335,13026.32533,77007.78369333333,48931.793659999996,-45384.397123333336,0,6,0,71,77,1,100,0,0,108,0,0,0,4,910537.0,692635.0,217902.0,0.2393,,514534.0,405141.0,109393.0,0.2126,,512.1379483439962,342.7460930890187,0.8589487722335002,0.6692456479690522
2019-05-01,강북구,1778.0,1147.0,1154.0,API_2017_2025,2019,5,2,봄,294542.9503129032,288902.7503387097,4854.7163580645165,785.4836258064516,325008.1262580645,262266.03487096773,269473.5089193548,312449.6941645161,127228.23652258064,12944.205593548386,69295.30278064516,44988.7281483871,-42976.18524516129,0,6,0,71,77,1,100,0,0,108,0,0,0,4,910537.0,692635.0,217902.0,0.2393,,514534.0,405141.0,109393.0,0.2126,,603.6471075308945,389.41689107870417,0.8624540652533563,0.6451068616422947
2019-06-01,강북구,1682.0,1109.0,1115.0,API_2017_2025,2019,6,2,여름,294121.2981133333,288379.11050333333,4881.532923333333,860.6547066666666,322952.8475133333,264000.7676533333,270832.99557333335,310755.79995,167942.36901,12179.146326666667,113368.12492666667,42395.09775666667,-39922.804376666674,0,6,0,71,77,1,100,0,0,108,0,0,0,4,910537.0,692635.0,217902.0,0.2393,,514534.0,405141.0,109393.0,0.2126,,571.8729010069436,377.0553193916174,0.8715299782559484,0.6593341260404281
2019-07-01,강북구,1796.0,1144.0,1146.0,API_2017_2025,2019,7,3,여름,288673.69236451614,282996.53112903226,4752.97204516129,924.1891870967742,317734.4852516129,258692.7258548387,264924.7784903226,305637.20227096777,155367.73232903227,11520.792919354839,104651.80813870968,39195.13127096774,-40712.42378064516,0,6,0,71,77,1,100,0,0,108,0,0,0,4,910537.0,692635.0,217902.0,0.2393,,514534.0,405141.0,109393.0,0.2126,,622.1557583890054,396.29520467540215,0.8667949337379718,0.6369710467706013
2019-08-01,강북구,1775.0,1131.0,1135.0,API_2017_2025,2019,8,3,여름,302081.7514064516,296390.1405935484,4995.613600000001,695.9972064516129,332329.6292096774,271318.8427354839,277880.6346064516,319368.2634064516,162724.73109032257,12129.532967741936,108409.82113225806,42185.37699032258,-41487.62880000001,0,6,0,71,77,1,100,0,0,108,0,0,0,4,910537.0,692635.0,217902.0,0.2393,,514534.0,405141.0,109393.0,0.2126,,587.5892839391458,374.40196063953465,0.8700947039712591,0.6371830985915493
2019-09-01,강북구,1730.0,1080.0,1081.0,API_2017_2025,2019,9,3,가을,308275.2013233333,302234.2728933333,5197.690453333333,843.23798,338271.3047366667,277080.71575333335,284104.75466333335,325539.80609,179187.67386,14972.203539999999,118595.90322666666,45619.56709333333,-41435.05142666666,0,6,0,71,77,1,100,0,0,108,0,0,0,4,910537.0,692635.0,217902.0,0.2393,,514534.0,405141.0,109393.0,0.2126,,561.1868851511983,350.336321366066,0.8727189405058152,0.6242774566473989
2019-10-01,강북구,1765.0,1122.0,1126.0,API_2017_2025,2019,10,4,가을,306294.07886290323,300355.5068612903,5040.4398532258065,898.1321580645161,340813.6589354839,270795.7139951613,278178.942333871,326376.31925,180405.44992580646,12616.747251612902,121194.95045645161,46593.75221774194,-48197.37691612903,0,6,0,71,77,1,100,0,0,108,0,0,0,4,910537.0,692635.0,217902.0,0.2393,,514534.0,405141.0,109393.0,0.2126,,576.2435913069058,366.3146229157781,0.8523257538203608,0.6356940509915014
2019-11-01,강북구,1687.0,1079.0,1084.0,API_2017_2025,2019,11,4,가을,308819.06589666667,302863.0375433333,5131.428123333333,824.6002566666666,341367.88987333333,274755.04888666666,282119.30767333333,327890.32177333336,178492.12880333333,13330.86467,119959.95787333333,45201.30626,-45771.0141,0,6,0,71,77,1,100,0,0,108,0,0,0,4,910537.0,692635.0,217902.0,0.2393,,514534.0,405141.0,109393.0,0.2126,,546.2745621296853,349.395526104286,0.8604075477054154,0.6395969176052163
2019-12-01,강북구,1726.0,1122.0,1125.0,API_2017_2025,2019,12,4,겨울,314119.17438387097,308087.46223225805,5169.752096774194,861.9600677419355,343918.6137806452,283386.27966129035,290039.4769,331318.9583225807,189970.6417451613,14507.02535483871,127318.29669999999,48145.319690322576,-41279.48142258065,0,6,0,71,77,1,100,0,0,108,0,0,0,4,910537.0,692635.0,217902.0,0.2393,,514534.0,405141.0,109393.0,0.2126,,549.4729837442947,357.1892744849934,0.8754086345327999,0.6500579374275782
2020-01-01,강북구,1663.0,1058.0,1062.0,API_2017_2025,2020,1,1,겨울,315351.1612451613,309211.4056516129,5121.378409677419,1018.377193548387,343410.6147032258,285892.53318064514,292539.76504838705,331645.01567096775,189978.2679,15706.944532258065,127799.55802903225,46471.76533870967,-39105.25062258065,8,8,0,43,88,0,63,0,0,92,0,0,0,16,874078.0,661597.0,212481.0,0.2431,,535357.0,427991.0,107366.0,0.2006,,527.3486209575569,335.49900238911323,0.8820870244545516,0.6361996392062538
2020-02-01,강북구,1449.0,865.0,871.0,API_2017_2025,2020,2,1,겨울,318344.2374586207,312015.7781034483,5361.966110344828,966.4932344827587,344438.3115655172,291630.2851689655,296879.9083827586,333675.9010827586,185636.25787931035,12430.108703448277,128144.88461034483,45061.264565517246,-36795.992699999995,8,8,0,43,88,0,63,0,0,92,0,0,0,16,874078.0,661597.0,212481.0,0.2431,,535357.0,427991.0,107366.0,0.2006,,455.1676548529783,271.7184413028476,0.8897253515144511,0.5969634230503795
2020-03-01,강북구,1351.0,756.0,768.0,API_2017_2025,2020,3,1,봄,318757.89686774195,312440.8633967742,5446.117487096774,870.9159774193548,342079.07828387094,294391.55043225805,299539.4410032258,332485.3653612903,180078.65740967743,11401.231022580645,125291.88897419354,43385.53741290323,-32945.92435806451,8,8,0,43,88,0,63,0,0,92,0,0,0,16,874078.0,661597.0,212481.0,0.2431,,535357.0,427991.0,107366.0,0.2006,,423.8326370187317,237.17059480840948,0.9009101518731079,0.5595854922279793
2020-04-01,강북구,1451.0,812.0,829.0,API_2017_2025,2020,4,2,봄,315185.35419000004,309096.13997666666,5380.742696666667,708.4715166666666,339203.97915333335,290237.3991,295537.79398333334,329219.32578333333,184997.03953333333,12133.731913333333,126870.07433666666,45993.233283333335,-33681.53179999999,8,8,0,43,88,0,63,0,0,92,0,0,0,16,874078.0,661597.0,212481.0,0.2431,,535357.0,427991.0,107366.0,0.2006,,460.3640304699273,257.6261838329297,0.8976927259058705,0.5596140592694693
2020-05-01,강북구,1476.0,838.0,845.0,API_2017_2025,2020,5,2,봄,311448.1883354839,305334.76786774193,5358.892435483871,754.5280419354838,335705.5141129032,286677.07791935484,291986.35063548386,325349.5009870968,182798.41657096776,13159.565077419355,124023.0796483871,45615.77184516129,-33363.1503516129,8,8,0,43,88,0,63,0,0,92,0,0,0,16,874078.0,661597.0,212481.0,0.2431,,535357.0,427991.0,107366.0,0.2006,,473.91510218389556,269.06562034559926,0.8974544290051452,0.5677506775067751
2020-06-01,강북구,1536.0,843.0,860.0,API_2017_2025,2020,6,2,여름,305920.45683333336,299901.72564666666,5200.53623,818.19497,332491.89965333336,279380.7278033333,284543.36911666667,321189.80521333334,180693.20166333334,12195.302090000001,122946.95383666667,45550.94573666667,-36646.43609666668,8,8,0,43,88,0,63,0,0,92,0,0,0,16,874078.0,661597.0,212481.0,0.2431,,535357.0,427991.0,107366.0,0.2006,,502.0913004313466,275.5618269945477,0.8859041118309274,0.548828125
2020-07-01,강북구,1539.0,894.0,904.0,API_2017_2025,2020,7,3,여름,304692.83448387095,298973.51767419354,5137.057493548386,582.2593258064517,331058.58955806453,278444.5351129032,283650.1952,319723.2911387097,177898.7027516129,12268.075141935484,120738.76845161291,44891.859158064515,-36073.09593870969,8,8,0,43,88,0,63,0,0,92,0,0,0,16,874078.0,661597.0,212481.0,0.2431,,535357.0,427991.0,107366.0,0.2006,,505.0988490119769,293.4102475742088,0.8871740128464409,0.580896686159844
2020-08-01,강북구,1642.0,894.0,912.0,API_2017_2025,2020,8,3,여름,305521.1157870968,299689.5708322581,5192.280477419355,639.2644806451613,328351.43224193546,282215.5356,287158.1791193548,318637.49911290326,175999.78812903227,11664.751735483871,121672.40008709677,42662.63630645161,-31479.31999354839,8,8,0,43,88,0,63,0,0,92,0,0,0,16,874078.0,661597.0,212481.0,0.2431,,535357.0,427991.0,107366.0,0.2006,,537.4423943725815,292.6147993721607,0.9012064804638881,0.5444579780755177
2020-09-01,강북구,1498.0,859.0,861.0,API_2017_2025,2020,9,3,가을,307807.63705,301673.9596766667,5202.6150800000005,931.0622999999999,331008.28546999994,283979.46191666665,289166.30310666666,321122.87559,177973.22554333333,12093.221469999999,122034.99701666666,43845.00705666667,-31956.572483333337,8,8,0,43,88,0,63,0,0,92,0,0,0,16,874078.0,661597.0,212481.0,0.2431,,535357.0,427991.0,107366.0,0.2006,,486.66758705426986,279.07039871803596,0.9004849080757032,0.5734312416555407
2020-10-01,강북구,1748.0,985.0,988.0,API_2017_2025,2020,10,4,가을,304960.11327096773,299003.9460258064,5172.515141935484,783.6521064516129,329642.91262258065,279481.2435064516,285140.81991612905,319116.7513903226,181164.5608580645,13752.008570967742,121493.92683870967,45918.625448387094,-33975.931474193545,8,8,0,43,88,0,63,0,0,92,0,0,0,16,874078.0,661597.0,212481.0,0.2431,,535357.0,427991.0,107366.0,0.2006,,573.1897136484996,322.9930594644005,0.8935313444807653,0.5635011441647597
2020-11-01,강북구,1522.0,911.0,920.0,API_2017_2025,2020,11,4,가을,302933.8551666666,297184.10885666666,4988.664856666667,761.0814433333333,328266.3452766667,276878.24920333334,282428.13956,317580.79488999996,180085.13378333335,12515.108546666666,122064.21682,45505.80841666667,-35152.65533000001,8,8,0,43,88,0,63,0,0,92,0,0,0,16,874078.0,661597.0,212481.0,0.2431,,535357.0,427991.0,107366.0,0.2006,,502.41990917873267,300.72571436388006,0.8893111425639709,0.5985545335085414
2020-12-01,강북구,1457.0,842.0,851.0,API_2017_2025,2020,12,4,겨울,307142.9929516129,301162.63852903224,5100.202906451614,880.1515064516129,328152.7197774194,284919.3330419355,289747.98928387096,319567.99555161287,174175.7380064516,11406.320703225805,121370.88366129031,41398.533641935486,-29820.006267741937,8,8,0,43,88,0,63,0,0,92,0,0,0,16,874078.0,661597.0,212481.0,0.2431,,535357.0,427991.0,107366.0,0.2006,,474.37188327116894,274.1394136680331,0.9066865058990998,0.5778997940974605
2021-01-01,강북구,1395.0,902.0,925.0,건별집계|API_2017_2025,2021,1,1,겨울,308128.16722580645,302276.4615096774,5104.445803225806,747.2599193548386,328707.8737806452,285957.30308387097,290977.9232193548,320378.3415322581,177927.80203225807,12070.678741935482,124136.0104516129,41721.112838709676,-29400.41831290323,1,14,1,74,129,3,82,0,0,129,0,0,0,7,926426.0,696709.0,229717.0,0.248,82209.0,543307.0,435977.0,107330.0,0.1975,39.0,452.7336830513447,292.7353276790774,0.9082321914387492,0.646594982078853
2021-02-01,강북구,1324.0,799.0,834.0,건별집계|API_2017_2025,2021,2,1,겨울,305456.3508892857,299461.7764714286,5110.633421428572,883.941,327735.01254285715,281802.350525,287264.1812428571,318450.75778928574,180122.61548571428,13619.991899999999,122579.30911785715,43923.31446785714,-31186.57654642857,1,14,1,74,129,3,82,0,0,129,0,0,0,7,926426.0,696709.0,229717.0,0.248,82209.0,543307.0,435977.0,107330.0,0.1975,39.0,433.449818982448,261.5758348693172,0.9020678212137767,0.6034743202416919
2021-03-01,강북구,1460.0,885.0,875.0,건별집계|API_2017_2025,2021,3,1,봄,302668.2931612903,296693.51248387096,5032.755025806452,942.0256612903225,327925.15525806457,276803.54031290323,282334.653567742,317192.3214451613,176640.26677741937,13255.57532903226,119340.11787419354,44044.57357419355,-34857.66787741935,1,14,1,74,129,3,82,0,0,129,0,0,0,7,926426.0,696709.0,229717.0,0.248,82209.0,543307.0,435977.0,107330.0,0.1975,39.0,482.3762623929603,292.39930973819855,0.890105574691707,0.6061643835616438
2021-04-01,강북구,1532.0,949.0,938.0,건별집계|API_2017_2025,2021,4,2,봄,298411.48475,292829.19126,4952.818613333334,629.47489,324373.32971333334,271984.91485666664,277416.28715,313408.05449666665,181818.47123999998,12746.120906666667,122096.47184666667,46975.87848666667,-35991.76734666666,1,14,1,74,129,3,82,0,0,129,0,0,0,7,926426.0,696709.0,229717.0,0.248,82209.0,543307.0,435977.0,107330.0,0.1975,39.0,513.3850666918744,318.0172508424209,0.8851600434951507,0.6194516971279374
2021-05-01,강북구,1646.0,1002.0,1013.0,건별집계|API_2017_2025,2021,5,2,봄,298782.69816774194,293254.69772903225,4882.468029032258,645.5324193548388,323297.96913870965,273961.97502258065,279271.4943354839,312719.27233548387,178070.0732032258,13038.10907419355,120002.62481612903,45029.33931290322,-33447.778000000006,1,14,1,74,129,3,82,0,0,129,0,0,0,7,926426.0,696709.0,229717.0,0.248,82209.0,543307.0,435977.0,107330.0,0.1975,39.0,550.9020469036351,335.360784324084,0.8930421596654351,0.6087484811664642
2021-06-01,강북구,1944.0,1188.0,1166.0,건별집계|API_2017_2025,2021,6,2,여름,298319.27208666666,292694.2689966667,4813.82564,811.1774566666667,324328.85921,272480.23952,277442.77472333336,313231.0559166667,179450.29987000002,12685.065786666668,121064.05814666668,45701.17593666667,-35788.281193333336,1,14,1,74,129,3,82,0,0,129,0,0,0,7,926426.0,696709.0,229717.0,0.248,82209.0,543307.0,435977.0,107330.0,0.1975,39.0,651.6508257754249,398.231060196093,0.8857447864210035,0.6111111111111112
2021-07-01,강북구,1788.0,1105.0,1050.0,건별집계|API_2017_2025,2021,7,3,여름,299882.08661612903,294132.04016774194,4889.199696774193,860.8467741935484,323514.84067096777,275901.8547096774,280905.2249935484,313436.9877709677,175619.10566451613,12260.389987096774,119820.6275548387,43538.088122580644,-32531.762777419346,1,14,1,74,129,3,82,0,0,129,0,0,0,7,926426.0,696709.0,229717.0,0.248,82209.0,543307.0,435977.0,107330.0,0.1975,39.0,596.2343466979975,368.478161689758,0.8962095603050184,0.6180089485458613
2021-08-01,강북구,1732.0,1110.0,1099.0,건별집계|API_2017_2025,2021,8,3,여름,299130.4018774194,293509.2967387097,4953.379903225807,667.7252419354838,321571.9918870968,275920.8115225806,280846.6011451613,312190.2595354839,177435.65636774193,12560.49287096774,120930.44892580646,43944.71457096774,-31343.65839032259,1,14,1,74,129,3,82,0,0,129,0,0,0,7,926426.0,696709.0,229717.0,0.248,82209.0,543307.0,435977.0,107330.0,0.1975,39.0,579.0116915998916,371.07562221471113,0.8996007805081438,0.640877598152425
2021-09-01,강북구,1866.0,1100.0,1066.0,건별집계|API_2017_2025,2021,9,3,가을,299804.1643266667,294082.50014,4872.068263333334,849.5959133333333,321869.87511666666,277200.61780999997,282012.2059466667,312512.7060266667,179983.56259000002,14318.333953333333,119689.43434666666,45975.79429,-30500.50008000001,1,14,1,74,129,3,82,0,0,129,0,0,0,7,926426.0,696709.0,229717.0,0.248,82209.0,543307.0,435977.0,107330.0,0.1975,39.0,622.4062978547577,366.906177727885,0.9024023679939677,0.5894962486602358
2021-10-01,강북구,1741.0,1140.0,1107.0,건별집계|API_2017_2025,2021,10,4,가을,297138.75151290325,291516.3304322581,4768.07374516129,854.3473322580645,319983.7285322581,273131.3689193548,278375.80459032254,310540.85647096776,178274.15950322582,12771.186854838708,119135.42812258065,46367.54452580646,-32165.051880645162,1,14,1,74,129,3,82,0,0,129,0,0,0,7,926426.0,696709.0,229717.0,0.248,82209.0,543307.0,435977.0,107330.0,0.1975,39.0,585.9215572306115,383.6591471814458,0.8964224796499448,0.6547960941987364
2021-11-01,강북구,1683.0,933.0,981.0,건별집계|API_2017_2025,2021,11,4,가을,295160.81443333335,289638.13392,4751.229586666667,771.4509333333333,319579.18540666666,270246.90072333335,275242.38958333334,309388.26075333334,180874.10429666666,13442.753803333333,119723.80161,47707.54888333334,-34145.871170000006,1,14,1,74,129,3,82,0,0,129,0,0,0,7,926426.0,696709.0,229717.0,0.248,82209.0,543307.0,435977.0,107330.0,0.1975,39.0,570.1976406424816,316.09887030269476,0.8896342379414856,0.5543672014260249
2021-12-01,강북구,1793.0,988.0,954.0,건별집계|API_2017_2025,2021,12,4,겨울,296147.8651064516,290691.99219354836,4737.608816129033,718.2640935483871,318452.34700967744,272882.79960967746,277693.5328032258,309329.53102903225,176723.92752580644,12712.754616129032,118504.35401290323,45506.818896774195,-31635.998225806445,1,14,1,74,129,3,82,0,0,129,0,0,0,7,926426.0,696709.0,229717.0,0.248,82209.0,543307.0,435977.0,107330.0,0.1975,39.0,605.4407987562222,333.6171272566355,0.8977271968810594,0.551031790295594
2022-01-01,강북구,1637.0,963.0,1028.0,건별집계|API_2017_2025|xlsx_2022_2024,2022,1,1,겨울,296944.5731645162,291527.3325516129,4737.612906451613,679.6277193548386,318706.48252258066,273686.8422870968,278796.38797419355,309907.5626,178728.7818451613,13908.610316129034,120585.02117419355,44235.15035483871,-31111.17462580645,1,16,18,280,55,2,212,0,0,101,0,0,0,13,868731.0,652874.0,215857.0,0.2485,84536.0,482199.0,392134.0,90065.0,0.1868,0.0,551.2813325916729,324.3029464177037,0.8996114377952051,0.5882712278558339
2022-02-01,강북구,1731.0,957.0,,건별집계|xlsx_2022_2024,2022,2,1,겨울,300164.53085000004,294104.35775,4783.8610607142855,1276.312042857143,320106.97906071425,278529.74722142855,283515.60988214286,312056.6172642857,180258.30968214286,13457.795846428573,121695.21899642856,45105.294839285714,-28541.007382142856,1,16,18,280,55,2,212,0,0,101,0,0,0,13,868731.0,652874.0,215857.0,0.2485,84536.0,482199.0,392134.0,90065.0,0.1868,0.0,576.6837257880496,318.825144759771,0.9085390092594288,0.5528596187175043
2022-03-01,강북구,2301.0,1166.0,,건별집계|xlsx_2022_2024,2022,3,1,봄,300797.1812774193,294416.5931129032,4871.694325806452,1508.8938548387096,320950.5719516129,278487.5587580645,283665.03563225805,313034.42817741935,174222.3773548387,12842.280154838709,116632.97710322581,44747.1200967742,-29369.39254516128,1,16,18,280,55,2,212,0,0,101,0,0,0,13,868731.0,652874.0,215857.0,0.2485,84536.0,482199.0,392134.0,90065.0,0.1868,0.0,764.9672747025621,387.63661117044217,0.9061783947658449,0.5067362016514559
2022-04-01,강북구,1830.0,1039.0,,건별집계|xlsx_2022_2024,2022,4,2,봄,290933.7156533333,285245.86830666667,4754.8989833333335,932.9483733333333,313645.09057666664,266035.3384533333,271653.98658333335,304704.9507033333,178049.84971,13062.211733333334,117886.62883,47101.00914666666,-33050.96412,1,16,18,280,55,2,212,0,0,101,0,0,0,13,868731.0,652874.0,215857.0,0.2485,84536.0,482199.0,392134.0,90065.0,0.1868,0.0,629.0092559023188,357.1260201543767,0.8915312532871216,0.5677595628415301
2022-05-01,강북구,1898.0,1130.0,,건별집계|xlsx_2022_2024,2022,5,2,봄,293744.8550774194,288043.5097709677,4786.9276193548385,914.4176838709677,317778.08630322583,268104.43307741935,273769.59943225805,308012.8948225806,178729.8413451613,14253.075206451615,116459.83635806451,48016.92978064516,-34243.29539032258,1,16,18,280,55,2,212,0,0,101,0,0,0,13,868731.0,652874.0,215857.0,0.2485,84536.0,482199.0,392134.0,90065.0,0.1868,0.0,646.1389764596092,384.68758872463565,0.8888251239934382,0.59536354056902
2022-06-01,강북구,1711.0,1025.0,,건별집계|xlsx_2022_2024,2022,6,2,여름,296822.1257833333,291133.2930366667,4854.228453333333,834.6043133333334,321104.8756166667,271874.18988,277182.06274,310850.7422633333,178996.76093333334,13649.084253333334,117651.44732,47696.22936,-33668.67952333334,1,16,18,280,55,2,212,0,0,101,0,0,0,13,868731.0,652874.0,215857.0,0.2485,84536.0,482199.0,392134.0,90065.0,0.1868,0.0,576.4395074944489,345.32466112320867,0.89168859859176,0.5990648743424898
2022-07-01,강북구,2035.0,1249.0,,건별집계|xlsx_2022_2024,2022,7,3,여름,290029.5061064516,284326.93740967737,4775.514351612904,927.0543580645161,313048.4278903226,266121.10406129033,271194.6207419355,303482.9956645161,171982.6938935484,13456.955748387096,113457.30400645161,45068.43413870968,-32288.37492258065,1,16,18,280,55,2,212,0,0,101,0,0,0,13,868731.0,652874.0,215857.0,0.2485,84536.0,482199.0,392134.0,90065.0,0.1868,0.0,701.6527481355912,430.6458390276921,0.8936073012859224,0.6137592137592137
2022-08-01,강북구,2151.0,1256.0,,건별집계|xlsx_2022_2024,2022,8,3,여름,286842.53333225806,280914.6775870968,4902.686048387097,1025.1697,309858.09210645163,262818.60012258065,267966.1691548387,300325.6506032258,170091.5152516129,13063.794387096774,113216.13571935483,43811.58514516129,-32359.4814483871,1,16,18,280,55,2,212,0,0,101,0,0,0,13,868731.0,652874.0,215857.0,0.2485,84536.0,482199.0,392134.0,90065.0,0.1868,0.0,749.8887891596028,437.87090617594663,0.8922520224849568,0.5839144583914458
2022-09-01,강북구,1836.0,1113.0,,건별집계|xlsx_2022_2024,2022,9,3,가을,288452.6132966667,282168.94944,5025.919726666666,1257.74412,312242.8506066667,263609.69229,269094.58398,302279.77707,170975.73326666665,14920.974446666667,110717.67294666666,45337.08587333334,-33185.19309,1,16,18,280,55,2,212,0,0,101,0,0,0,13,868731.0,652874.0,215857.0,0.2485,84536.0,482199.0,392134.0,90065.0,0.1868,0.0,636.4996936643167,385.85193847951234,0.8902169592300738,0.6062091503267973
2022-10-01,강북구,1640.0,1064.0,,건별집계|xlsx_2022_2024,2022,10,4,가을,287654.8986064516,281662.95824838715,5065.559022580645,926.3813548387096,311718.47291290323,262072.11757419354,267973.278516129,301713.19867741934,166582.77561612902,13126.986425806452,108907.17706129033,44548.612129032255,-33739.92016129032,1,16,18,280,55,2,212,0,0,101,0,0,0,13,868731.0,652874.0,215857.0,0.2485,84536.0,482199.0,392134.0,90065.0,0.1868,0.0,570.1276105308841,369.8876692712565,0.8881722102009736,0.6487804878048781
2022-11-01,강북구,1826.0,1170.0,,건별집계|xlsx_2022_2024,2022,11,4,가을,287144.20275,281103.8330066667,5144.415336666667,895.9544000000001,311418.09547999996,261045.33386666665,266779.3562433334,301690.52168666665,169489.10116,13371.108806666665,110644.57331333334,45473.41903999999,-34911.16544333334,1,16,18,280,55,2,212,0,0,101,0,0,0,13,868731.0,652874.0,215857.0,0.2485,84536.0,482199.0,392134.0,90065.0,0.1868,0.0,635.9174179775426,407.46077712690305,0.8842815304632218,0.6407447973713034
2022-12-01,강북구,1833.0,1140.0,,건별집계|xlsx_2022_2024,2022,12,4,겨울,290621.5565677419,284407.0066483871,5454.910241935484,759.6396806451613,312555.80062580644,266869.23321290326,272296.8853677419,303710.6074129032,167397.9213612903,13535.916648387096,110046.64858064517,43815.356132258064,-31413.722045161296,1,16,18,280,55,2,212,0,0,101,0,0,0,13,868731.0,652874.0,215857.0,0.2485,84536.0,482199.0,392134.0,90065.0,0.1868,0.0,630.7171503889252,392.2627121895116,0.8965669249659975,0.6219312602291326
2023-01-01,강북구,1817.0,,,xlsx_2022_2024,2023,1,1,겨울,291612.14757419354,284931.956483871,5590.014422580645,1090.1766774193547,312752.0514967742,268772.57196774194,274127.4847903226,304101.1924064516,168343.65610967742,14883.135793548387,111042.79804516128,42417.72227096774,-29973.707616129035,0,12,18,196,128,0,132,0,0,51,0,0,0,5,848852.0,648030.0,200822.0,0.2366,94292.0,473373.0,386310.0,87063.0,0.1839,9.0,623.0878977830336,,0.9014350868573144,
2023-02-01,강북구,1535.0,,,xlsx_2022_2024,2023,2,1,겨울,288347.6971857143,281985.11490357143,5522.960175,839.622125,311874.74117500003,262988.3825392857,268846.77515,302276.9272428571,167713.60444999998,13990.844389285714,110700.31624642857,43022.44381428572,-33430.15209285715,0,12,18,196,128,0,132,0,0,51,0,0,0,5,848852.0,648030.0,200822.0,0.2366,94292.0,473373.0,386310.0,87063.0,0.1839,9.0,532.3434225352464,,0.8894055447837788,
2023-03-01,강북구,1784.0,,,xlsx_2022_2024,2023,3,1,봄,287221.0023096774,280781.3721903226,5605.672864516128,833.9572774193548,311387.16557741934,261110.91436129034,267138.8392064516,301565.40452903224,164850.43902580644,14221.662638709679,106811.07601290323,43817.70037419355,-34426.56532258065,0,12,18,196,128,0,132,0,0,51,0,0,0,5,848852.0,648030.0,200822.0,0.2366,94292.0,473373.0,386310.0,87063.0,0.1839,9.0,621.1244949547657,,0.8858404684173037,
2023-04-01,강북구,1710.0,,,xlsx_2022_2024,2023,4,2,봄,285386.63437,279020.5466233333,5605.952323333333,760.13543,309751.51732,259232.80751666665,265220.43209666666,299791.06458666665,171145.71006,14124.797226666667,110965.14853333334,46055.7643,-34570.63249,0,12,18,196,128,0,132,0,0,51,0,0,0,5,848852.0,648030.0,200822.0,0.2366,94292.0,473373.0,386310.0,87063.0,0.1839,9.0,599.1871356466568,,0.8846842465512978,
2023-05-01,강북구,1941.0,,,xlsx_2022_2024,2023,5,2,봄,283270.09673548385,276992.67277096777,5513.668912903226,763.7550677419355,307452.4526677419,257634.88624193548,263604.60786129034,297316.8745129032,167488.47650645164,14058.199712903226,108567.32260322581,44862.95419032258,-33712.266651612896,0,12,18,196,128,0,132,0,0,51,0,0,0,5,848852.0,648030.0,200822.0,0.2366,94292.0,473373.0,386310.0,87063.0,0.1839,9.0,685.2117545652889,,0.8866116606840968,
2023-06-01,강북구,1804.0,,,xlsx_2022_2024,2023,6,2,여름,282523.5797266666,276113.30364666664,5553.9766666666665,856.2994233333334,306198.7952666667,257817.45888333334,263228.45298,296305.81312666665,167825.15212666665,13440.648519999999,109490.72741333333,44893.77619333333,-33077.36014666667,0,12,18,196,128,0,132,0,0,51,0,0,0,5,848852.0,648030.0,200822.0,0.2366,94292.0,473373.0,386310.0,87063.0,0.1839,9.0,638.5307738721554,,0.888367495063195,
2023-07-01,강북구,2038.0,,,xlsx_2022_2024,2023,7,3,여름,282889.6693774194,276516.87356774195,5615.465222580645,757.3305870967743,305015.1762516129,259956.56917096773,264855.5630935484,295771.1738774194,163761.3344935484,13746.578274193549,107591.34307096773,42423.413148387095,-30915.61078387097,0,12,18,196,128,0,132,0,0,51,0,0,0,5,848852.0,648030.0,200822.0,0.2366,94292.0,473373.0,386310.0,87063.0,0.1839,9.0,720.4222071754012,,0.8954745644121365,
2023-08-01,강북구,1965.0,,,xlsx_2022_2024,2023,8,3,여름,279878.74966451613,273419.82612903224,5743.874374193549,715.0491677419354,302885.60355806455,256556.6164451613,261549.00501612906,292971.4244193548,163389.29804193546,13231.65321935484,107750.90762580645,42406.73719677419,-31422.419403225806,0,12,18,196,128,0,132,0,0,51,0,0,0,5,848852.0,648030.0,200822.0,0.2366,94292.0,473373.0,386310.0,87063.0,0.1839,9.0,702.0897450611731,,0.8927457875268812,
2023-09-01,강북구,1939.0,,,xlsx_2022_2024,2023,9,3,가을,284680.0082466667,277659.60016666667,6079.042463333333,941.3656333333333,308464.95498999994,260427.33483666665,265975.34500333335,298040.4820166667,166251.59116333333,15671.072356666667,107092.22693333334,43488.29187333333,-32065.137013333337,0,12,18,196,128,0,132,0,0,51,0,0,0,5,848852.0,648030.0,200822.0,0.2366,94292.0,473373.0,386310.0,87063.0,0.1839,9.0,681.1156188810824,,0.892413484247619,
2023-10-01,강북구,1806.0,,,xlsx_2022_2024,2023,10,4,가을,280692.8096516129,273996.98157096776,5977.4627967741935,718.3652838709677,304241.3440354839,255742.80278064514,261422.69290645162,294457.1787548387,164764.21298709678,13882.250290322581,107732.81474516129,43149.147951612904,-33034.4858483871,0,12,18,196,128,0,132,0,0,51,0,0,0,5,848852.0,648030.0,200822.0,0.2366,94292.0,473373.0,386310.0,87063.0,0.1839,9.0,643.408002592425,,0.8878122585155542,
2023-11-01,강북구,1644.0,,,xlsx_2022_2024,2023,11,4,가을,280149.7125966667,273411.5848633333,6070.0781799999995,668.0495533333334,306556.1725433333,253695.3219266667,259297.0140066667,295044.4973,168487.90364,15744.490693333333,108453.14518333334,44290.26776333333,-35747.48329333333,0,12,18,196,128,0,132,0,0,51,0,0,0,5,848852.0,648030.0,200822.0,0.2366,94292.0,473373.0,386310.0,87063.0,0.1839,9.0,586.8290867629328,,0.878840366044904,
2023-12-01,강북구,1820.0,,,xlsx_2022_2024,2023,12,4,겨울,287042.6727096774,279466.32644516125,6860.981577419355,715.3646967741936,312135.65238064516,262968.7785612903,268220.34123225807,300487.1951935484,167886.77917096773,18491.04170967742,106035.94580967742,43359.791651612904,-32266.853961290322,0,12,18,196,128,0,132,0,0,51,0,0,0,5,848852.0,648030.0,200822.0,0.2366,94292.0,473373.0,386310.0,87063.0,0.1839,9.0,634.0520671784561,,0.8926182064413535,
2024-01-01,강북구,1743.0,,,xlsx_2022_2024,2024,1,1,겨울,282587.5769903226,275780.6452483871,6079.866251612903,727.0654870967742,306279.72720322583,258380.25646451613,264106.1407870968,295788.6028580645,163236.52354516127,17411.860851612902,105626.51109999999,40198.15159354839,-31682.462070967744,0,20,0,51,158,1,124,4,101,97,26,8,0,6,823158.0,619442.0,203716.0,0.2475,78378.0,481554.0,407192.0,74362.0,0.1544,103.0,616.7999381160658,,0.892888158080348,
2024-02-01,강북구,1518.0,,,xlsx_2022_2024,2024,2,1,겨울,281731.4376,275136.877462069,5798.92574137931,795.6344137931035,303701.7036310345,258350.32346206898,264131.7381586207,294302.6514896552,164539.80071379308,16806.36175862069,106199.6702137931,41533.76874137931,-30170.913331034477,0,20,0,51,158,1,124,4,101,97,26,8,0,6,823158.0,619442.0,203716.0,0.2475,78378.0,481554.0,407192.0,74362.0,0.1544,103.0,538.8110084311018,,0.897483379173378,
2024-03-01,강북구,1617.0,,,xlsx_2022_2024,2024,3,1,봄,281961.65725483873,274940.52547419356,6243.798229032258,777.3335483870968,306263.11370000005,256305.4422387097,262383.47333225806,295946.0743419355,162528.65166774194,16123.12540967742,104009.54135483872,42395.984903225806,-33562.60100967742,0,20,0,51,158,1,124,4,101,97,26,8,0,6,823158.0,619442.0,203716.0,0.2475,78378.0,481554.0,407192.0,74362.0,0.1544,103.0,573.4822300815692,,0.8865921736441102,
2024-04-01,강북구,1714.0,,,xlsx_2022_2024,2024,4,2,봄,277404.7231,270565.21519666666,6171.706186666666,667.8017366666667,302581.1931133334,250867.19554000002,257081.15245666666,291921.5592666667,168298.80296,14299.890793333332,108776.43158666667,45222.480579999996,-34840.40681,0,20,0,51,158,1,124,4,101,97,26,8,0,6,823158.0,619442.0,203716.0,0.2475,78378.0,481554.0,407192.0,74362.0,0.1544,103.0,617.8697971851511,,0.8806514774122121,
2024-05-01,강북구,1701.0,,,xlsx_2022_2024,2024,5,2,봄,275345.08563548385,268498.8419774194,6202.003270967742,644.2403774193549,299113.76647096773,250219.93787096775,256097.93773225805,289093.04842258064,151248.0556548387,13578.448167741935,97219.89590645161,40449.711580645155,-32995.11069032258,0,20,0,51,158,1,124,4,101,97,26,8,0,6,823158.0,619442.0,203716.0,0.2475,78378.0,481554.0,407192.0,74362.0,0.1544,103.0,617.7702413225098,,0.8858668139190531,
2024-06-01,강북구,1680.0,,,xlsx_2022_2024,2024,6,2,여름,274171.50964,267267.62965666666,6261.57306,642.3069166666667,296591.68568,250905.86990999998,256168.88476,287030.52740666666,150876.04731333334,13647.902493333333,97171.71774666666,40056.42707333333,-30861.64264666667,0,20,0,51,158,1,124,4,101,97,26,8,0,6,823158.0,619442.0,203716.0,0.2475,78378.0,481554.0,407192.0,74362.0,0.1544,103.0,612.7551335315324,,0.8924795807418013,
2024-07-01,강북구,1845.0,,,xlsx_2022_2024,2024,7,3,여름,272063.9875774194,265586.7702548387,5839.03310967742,638.1842225806452,294582.0672290323,248130.32581612904,253461.94846129033,285351.1583677419,147435.99436129033,13431.69478064516,95543.76157096773,38460.53800967742,-31889.20990645161,0,20,0,51,158,1,124,4,101,97,26,8,0,6,823158.0,619442.0,203716.0,0.2475,78378.0,481554.0,407192.0,74362.0,0.1544,103.0,678.1492899625243,,0.8882457317192494,
2024-08-01,강북구,1956.0,,,xlsx_2022_2024,2024,8,3,여름,270494.72978064517,263963.90153548383,5874.631164516129,656.197064516129,292963.67061612906,247260.18502580645,252256.60725161288,283521.96014516125,149471.7497064516,13655.03136451613,97283.2826451613,38533.43569677419,-31265.35289354839,0,20,0,51,158,1,124,4,101,97,26,8,0,6,823158.0,619442.0,203716.0,0.2475,78378.0,481554.0,407192.0,74362.0,0.1544,103.0,723.1194491612451,,0.8897251102611567,
2024-09-01,강북구,1685.0,,,xlsx_2022_2024,2024,9,3,가을,272580.81040333334,265355.87550333334,6345.408583333334,879.5263233333334,294909.6693633333,249348.08892333333,254706.58411666667,285348.11491,157153.4082166667,15511.438063333333,100754.41099333334,40887.55916,-30641.530793333335,0,20,0,51,158,1,124,4,101,97,26,8,0,6,823158.0,619442.0,203716.0,0.2475,78378.0,481554.0,407192.0,74362.0,0.1544,103.0,618.1653057332735,,0.8926170204313499,
2024-10-01,강북구,1552.0,,,xlsx_2022_2024,2024,10,4,가을,270185.891616129,263228.5749,6219.6502838709675,737.666435483871,294368.02457096777,243779.29935483873,250111.6888451613,284524.6078774194,152657.49983225804,13218.362035483871,99491.88799354839,39947.2498032258,-34412.91903225806,0,20,0,51,158,1,124,4,101,97,26,8,0,6,823158.0,619442.0,203716.0,0.2475,78378.0,481554.0,407192.0,74362.0,0.1544,103.0,574.4193343022622,,0.8790511678797074,
2024-11-01,강북구,1545.0,,,xlsx_2022_2024,2024,11,4,가을,269944.36164666666,262995.32254666666,6200.371843333332,748.6672633333333,293836.0051566667,243534.47182333333,249750.03804666668,284368.87851666665,157032.26929000003,14017.301506666667,101384.91974,41630.048043333336,-34618.84047,0,20,0,51,158,1,124,4,101,97,26,8,0,6,823158.0,619442.0,203716.0,0.2475,78378.0,481554.0,407192.0,74362.0,0.1544,103.0,572.3401632008408,,0.8782607975578066,
2024-12-01,강북구,1685.0,,,xlsx_2022_2024,2024,12,4,겨울,271490.5637,264494.0561483871,6198.794551612903,797.713,293721.9740290323,246726.5377032258,253414.1921516129,284402.25767419353,152947.63809032258,13871.926516129033,99497.92098387096,39577.790590322584,-30988.06552258064,0,20,0,51,158,1,124,4,101,97,26,8,0,6,823158.0,619442.0,203716.0,0.2475,78378.0,481554.0,407192.0,74362.0,0.1544,103.0,620.6477223502851,,0.8910414221884271,
2018-04-01,강서구,2058.0,1335.0,1351.0,API_2017_2025,2018,4,2,봄,564115.69315,544716.6057538462,9685.841892307693,9713.245507692307,602550.6627846154,522819.00328846154,533500.8589615385,585983.4318692307,284403.6783769231,63684.25446923077,151837.83142307692,68881.59248461538,-52482.572907692316,0,72,3,116,3,19,364,0,0,243,0,0,0,25,,,,,,,,,,,364.8187818545179,236.65358298142928,0.91043676313462,0.6486880466472303
2018-05-01,강서구,2205.0,1417.0,1429.0,API_2017_2025,2018,5,2,봄,562865.419883871,544646.4903483872,9738.823361290322,8480.106167741935,603204.9399258064,521161.2221129032,532016.7472806452,583610.598216129,274402.1445483871,62441.88026774193,144074.96164838708,67885.30263225807,-51593.85093548387,0,72,3,116,3,19,364,0,0,243,0,0,0,25,,,,,,,,,,,391.7455082699751,251.74756699254183,0.9115954180866725,0.6426303854875284
2018-06-01,강서구,2153.0,1404.0,1426.0,API_2017_2025,2018,6,2,여름,568186.20848,550112.3354033333,10147.203993333333,7926.669103333334,605448.42042,531084.1896966667,540320.7927933333,588090.0768366667,259822.76429333334,61053.576916666665,134248.87499333333,64520.31238333333,-47769.28404333335,0,72,3,116,3,19,364,0,0,243,0,0,0,25,,,,,,,,,,,378.92507207446323,247.10209066072753,0.9187721644611245,0.6521133302368788
2018-07-01,강서구,2461.0,1578.0,1588.0,API_2017_2025,2018,7,3,여름,571794.8503064516,551904.4275548387,10432.180512903225,9458.24224516129,606646.5422129033,537264.5336838709,545373.4422774194,590667.284632258,262572.7543516129,63679.31548387097,133624.43972258063,65268.999145161295,-45293.8423548387,0,72,3,116,3,19,364,0,0,243,0,0,0,25,,,,,,,,,,,430.39911931369005,275.9731045416509,0.9233175028763647,0.6412027631044291
2018-08-01,강서구,2352.0,1540.0,1556.0,API_2017_2025,2018,8,3,여름,567230.4767354839,547915.5937032258,10473.682874193548,8841.200174193547,601749.9690258064,533324.1899225807,541122.8609741936,584579.0648322582,269800.75108387094,63042.95642580646,140156.75576774194,66601.03889032258,-43456.203858064524,0,72,3,116,3,19,364,0,0,243,0,0,0,25,,,,,,,,,,,414.64626751654714,271.4945799215487,0.9256624014229211,0.6547619047619048
2018-09-01,강서구,2191.0,1458.0,1472.0,API_2017_2025,2018,9,3,가을,562318.6874533333,543689.5208966667,9928.009759999999,8701.156806666668,598719.3527,525456.75802,535834.91007,581235.6712999999,256014.46620333334,61245.403013333336,131688.83933666666,63080.22385333334,-45400.76123000001,0,72,3,116,3,19,364,0,0,243,0,0,0,25,,,,,,,,,,,389.63670404103914,259.2835757607645,0.9218892379257179,0.6654495664080329
2018-10-01,강서구,2155.0,1449.0,1459.0,API_2017_2025,2018,10,4,가을,568778.5404870968,549292.6385387097,9884.895796774194,9601.006145161291,606616.7099806451,529830.1445967742,539449.2010354839,588409.9970935483,259959.2800451613,63079.05600967742,132505.16632258066,64375.057712903224,-48960.796058064516,0,72,3,116,3,19,364,0,0,243,0,0,0,25,,,,,,,,,,,378.8820861902556,254.75644681655706,0.91679135925646,0.6723897911832947
2018-11-01,강서구,1985.0,1335.0,1345.0,API_2017_2025,2018,11,4,가을,570202.0018133334,550421.1159533333,9941.392416666667,9839.49345,607139.8305533334,533545.9925566666,542653.0187333333,589879.84689,272090.1036066667,68142.36502333333,135137.10580333334,68810.63278,-47226.82815666668,0,72,3,116,3,19,364,0,0,243,0,0,0,25,,,,,,,,,,,348.12224329051514,234.1275540518074,0.9199382240202665,0.672544080604534
2018-12-01,강서구,2227.0,1473.0,1486.0,API_2017_2025,2018,12,4,겨울,578641.1921064516,559122.905716129,10320.352077419355,9197.934306451612,609844.0214032258,546505.6977580645,554804.9854870967,595667.0539806451,262628.02005483874,64304.81545806451,133717.59969354837,64605.60490322581,-40862.06849354839,0,72,3,116,3,19,364,0,0,243,0,0,0,25,,,,,,,,,,,384.8671733674817,254.56189778639452,0.931401160731518,0.6614279299506062
2019-01-01,강서구,2052.0,1277.0,1286.0,API_2017_2025,2019,1,1,겨울,581238.7700483871,560735.6722451613,10849.051370967742,9654.046441935483,612620.2433838709,548938.7044709676,556596.2880774193,598840.5428935484,271993.31676129036,66979.6712516129,138008.12314193547,67005.52236774194,-42244.25481612905,0,34,3,74,1,26,139,0,0,109,0,0,0,6,1419243.0,895605.0,523638.0,0.369,,853664.0,615640.0,238024.0,0.2788,,353.039078901976,219.70316947262344,0.9294565885402342,0.6223196881091618
2019-02-01,강서구,1851.0,1220.0,1221.0,API_2017_2025,2019,2,1,겨울,566962.5717178572,547043.3072892857,10977.708267857142,8941.556167857143,596718.9777214286,537922.9396142857,546291.3097428571,581727.75885,264751.90682857146,67444.88613214286,132212.03118214285,65094.98951428571,-35436.44910714285,0,34,3,74,1,26,139,0,0,109,0,0,0,6,1419243.0,895605.0,523638.0,0.369,,853664.0,615640.0,238024.0,0.2788,,326.47657752637866,215.18175288070336,0.9390841358899632,0.6591031874662344
2019-03-01,강서구,1972.0,1297.0,1311.0,API_2017_2025,2019,3,1,봄,570426.1770483871,552741.7454419355,10156.233003225807,7528.198638709677,601943.2452806452,537886.337316129,545409.2989032258,588295.3757451613,251988.19967096773,61870.16917419355,126984.17598064516,63133.85451612903,-42886.07684193547,0,34,3,74,1,26,139,0,0,109,0,0,0,6,1419243.0,895605.0,523638.0,0.369,,853664.0,615640.0,238024.0,0.2788,,345.7064348280641,227.37385698377238,0.9271011151709053,0.657707910750507
2019-04-01,강서구,2026.0,1331.0,1339.0,API_2017_2025,2019,4,2,봄,556381.50579,538728.2892333333,9857.410456666667,7795.806113333334,589911.8181299999,521024.5372466667,529944.9232,575264.7790766667,268812.6863066667,64652.904493333335,135593.19306000002,68566.58875333333,-45319.85587666668,0,34,3,74,1,26,139,0,0,109,0,0,0,6,1419243.0,895605.0,523638.0,0.369,,853664.0,615640.0,238024.0,0.2788,,364.13863130179084,239.22434267654668,0.9212191367783584,0.656959526159921
2019-05-01,강서구,2148.0,1425.0,1435.0,API_2017_2025,2019,5,2,봄,538419.4815612903,520669.24751612905,9523.288387096774,8226.945670967742,571860.8759129032,505421.9715032258,513284.74821935483,556372.8625451614,249661.7268,60801.87698387097,125624.29690645162,63235.55290967742,-43088.11432580646,0,34,3,74,1,26,139,0,0,109,0,0,0,6,1419243.0,895605.0,523638.0,0.369,,853664.0,615640.0,238024.0,0.2788,,398.94544561636275,264.6635288656038,0.9225553271439276,0.6634078212290503
2019-06-01,강서구,2060.0,1378.0,1395.0,API_2017_2025,2019,6,2,여름,543067.3278033334,525174.6638633333,9954.118856666666,7938.54509,573959.2099633333,512298.6354533333,520027.86059,559524.0901066667,242678.99787333334,58933.94641333333,123005.16502666665,60739.886433333326,-39496.22951666665,0,34,3,74,1,26,139,0,0,109,0,0,0,6,1419243.0,895605.0,523638.0,0.369,,853664.0,615640.0,238024.0,0.2788,,379.32681539369077,253.7438600060708,0.929411029453375,0.6689320388349514
2019-07-01,강서구,2247.0,1494.0,1502.0,API_2017_2025,2019,7,3,여름,540638.8888225807,522061.3265193548,10540.660087096776,8036.902245161291,570829.8388129033,510731.05819677416,517780.71160967747,556966.1582741935,229697.79397741935,58202.42580967742,113611.41168064516,57883.95648709677,-39185.44666451614,0,34,3,74,1,26,139,0,0,109,0,0,0,6,1419243.0,895605.0,523638.0,0.369,,853664.0,615640.0,238024.0,0.2788,,415.6193804137144,276.339721556782,0.9296448337436956,0.664886515353805
2019-08-01,강서구,2182.0,1411.0,1420.0,API_2017_2025,2019,8,3,여름,544463.9517451612,526300.5669935484,10666.823458064517,7496.5613,575508.6217677419,514030.4124935484,521615.21085806447,560784.4809612903,236101.07682258065,60718.33407096774,115837.21667096774,59545.52608064516,-39169.27010322581,0,34,3,74,1,26,139,0,0,109,0,0,0,6,1419243.0,895605.0,523638.0,0.369,,853664.0,615640.0,238024.0,0.2788,,400.7611510378367,259.15397988743706,0.9301527209952702,0.6466544454628781
2019-09-01,강서구,2100.0,1364.0,1374.0,API_2017_2025,2019,9,3,가을,546511.2728466666,528372.45369,10249.117460000001,7889.701706666666,577242.6160733333,516650.53629333334,523582.85001,562888.71775,244121.3387366667,64184.96307666667,116924.30327,63012.07239,-39305.86774,0,34,3,74,1,26,139,0,0,109,0,0,0,6,1419243.0,895605.0,523638.0,0.369,,853664.0,615640.0,238024.0,0.2788,,384.2555687939473,249.58314087378292,0.9301711572811143,0.6495238095238095
2019-10-01,강서구,2112.0,1427.0,1441.0,API_2017_2025,2019,10,4,가을,554707.3310306452,536057.5000758065,10008.610851612904,8641.220082258063,587538.8568887097,520160.6481854839,528145.8614967741,573679.8092645161,252991.6402483871,65529.65334193548,120633.72522903226,66828.26167741936,-45533.947767741905,0,34,3,74,1,26,139,0,0,109,0,0,0,6,1419243.0,895605.0,523638.0,0.369,,853664.0,615640.0,238024.0,0.2788,,380.74131742155055,257.25277460253443,0.9206282894527549,0.6756628787878788
2019-11-01,강서구,2040.0,1388.0,1400.0,API_2017_2025,2019,11,4,가을,563845.9417799999,544353.7945399999,10030.382616666668,9461.76463,595688.9137533333,531633.59938,539347.33079,581344.9496366667,251917.22883333333,66512.05717999999,119907.97611333334,65497.19554,-41997.61884666667,0,34,3,74,1,26,139,0,0,109,0,0,0,6,1419243.0,895605.0,523638.0,0.369,,853664.0,615640.0,238024.0,0.2788,,361.8009546295471,246.16653187539774,0.9277578331541116,0.6803921568627451
2019-12-01,강서구,2153.0,1495.0,1503.0,API_2017_2025,2019,12,4,겨울,566760.0574225807,547212.9112129032,10105.79666451613,9441.34955483871,595496.741232258,537357.1073193548,544710.8303709677,582509.5053225806,264614.0903870968,68522.16480967742,128881.39359354839,67210.53198387097,-37798.67495161291,0,34,3,74,1,26,139,0,0,109,0,0,0,6,1419243.0,895605.0,523638.0,0.369,,853664.0,615640.0,238024.0,0.2788,,379.8785697409701,263.7800565549235,0.9351106297730184,0.6943799349744543
2020-01-01,강서구,1998.0,1362.0,1366.0,API_2017_2025,2020,1,1,겨울,564392.7935096774,544688.8788354839,10852.765216129032,8851.149461290323,592246.0927677419,537008.0649870968,543702.1045064516,579171.8570741935,263258.31558064517,69424.35235806451,128453.04766774194,65380.91555483871,-35469.75256774194,0,18,0,46,5,27,107,0,0,88,0,0,0,2,1381596.0,898712.0,482884.0,0.3495,,904257.0,668630.0,235627.0,0.2606,,354.00877243230445,241.32129532172107,0.9387578105971435,0.6816816816816816
2020-02-01,강서구,1701.0,1104.0,1113.0,API_2017_2025,2020,2,1,겨울,572199.9718275862,552687.463437931,10791.787103448276,8720.72128275862,596765.9945482758,545966.1246689655,552045.6663379311,586595.9043275862,251879.02998620688,60551.49564137931,128063.9337,63263.60064482759,-34550.23798965517,0,18,0,46,5,27,107,0,0,88,0,0,0,2,1381596.0,898712.0,482884.0,0.3495,,904257.0,668630.0,235627.0,0.2606,,297.27369516762946,192.9395411317242,0.9411004445568709,0.6490299823633157
2020-03-01,강서구,1562.0,924.0,930.0,API_2017_2025,2020,3,1,봄,564437.5117258064,549883.9828709677,10424.830970967743,4128.697903225806,585741.2657258065,539481.349,546252.7478161291,577426.628816129,238822.14538064515,53961.0190032258,125796.9692,59064.15717741936,-31173.881000000012,0,18,0,46,5,27,107,0,0,88,0,0,0,2,1381596.0,898712.0,482884.0,0.3495,,904257.0,668630.0,235627.0,0.2606,,276.73568243614386,163.7027980608175,0.946012394572252,0.5915492957746479
2020-04-01,강서구,1707.0,1060.0,1070.0,API_2017_2025,2020,4,2,봄,557250.5134133333,544367.18911,10000.90706,2882.41725,580639.9966000001,531097.2268033333,538042.58971,570970.45892,247520.92089333333,57276.20415,128092.12534,62152.59140333333,-32927.869210000004,0,18,0,46,5,27,107,0,0,88,0,0,0,2,1381596.0,898712.0,482884.0,0.3495,,904257.0,668630.0,235627.0,0.2606,,306.32542436687805,190.21965426414218,0.9423299950188603,0.6209724663151728
2020-05-01,강서구,1907.0,1210.0,1224.0,API_2017_2025,2020,5,2,봄,552863.1307290322,540395.954232258,9926.728687096775,2540.4478129032254,575377.8702451613,528690.7953096774,534767.2783193549,565788.7396064516,246446.79432258065,58827.92481935484,124785.15282258064,62833.716680645164,-31021.46128709678,0,18,0,46,5,27,107,0,0,88,0,0,0,2,1381596.0,898712.0,482884.0,0.3495,,904257.0,668630.0,235627.0,0.2606,,344.93166463919147,218.86067866461545,0.9451712996114513,0.6345044572627163
2020-06-01,강서구,1931.0,1237.0,1241.0,API_2017_2025,2020,6,2,여름,552867.5598233334,538969.64749,9694.869876666666,4203.042456666667,576519.2155,529226.8080833333,534532.2748133333,565964.1919566666,250048.54840333335,60714.91169666666,123808.15557333334,65525.48113333333,-31431.91714333334,0,18,0,46,5,27,107,0,0,88,0,0,0,2,1381596.0,898712.0,482884.0,0.3495,,904257.0,668630.0,235627.0,0.2606,,349.26990482441096,223.74255425572056,0.9444630639357835,0.6406007250129466
2020-07-01,강서구,2022.0,1227.0,1236.0,API_2017_2025,2020,7,3,여름,553098.233416129,539874.9366032259,9790.550351612903,3432.746451612903,577363.9035193549,528245.7163935484,534414.0070258065,566444.109416129,248078.76601612906,60641.26358709677,121708.54426451614,65728.95816451612,-32030.102390322572,0,18,0,46,5,27,107,0,0,88,0,0,0,2,1381596.0,898712.0,482884.0,0.3495,,904257.0,668630.0,235627.0,0.2606,,365.577012877336,221.84124371933297,0.9434540815980273,0.6068249258160238
2020-08-01,강서구,2083.0,1208.0,1225.0,API_2017_2025,2020,8,3,여름,549904.7726290323,537249.1265806452,9739.665041935483,2915.9810032258065,569472.9291193548,529371.8122903226,534852.6217645161,560656.3089741936,238367.71591290325,57427.61008387097,120035.78265483871,60904.323174193545,-25803.687209677417,0,18,0,46,5,27,107,0,0,88,0,0,0,2,1381596.0,898712.0,482884.0,0.3495,,904257.0,668630.0,235627.0,0.2606,,378.7928571780553,219.67439820983716,0.9539759264336304,0.5799327892462794
2020-09-01,강서구,1799.0,1095.0,1104.0,API_2017_2025,2020,9,3,가을,554063.1784133333,541104.2483733334,9763.09312,3195.8369233333333,574313.2249166666,532213.9069766667,537951.4738333334,565571.5388300001,239072.90255333335,56923.50436,119747.59162666668,62401.806566666666,-27620.06499666667,0,18,0,46,5,27,107,0,0,88,0,0,0,2,1381596.0,898712.0,482884.0,0.3495,,904257.0,668630.0,235627.0,0.2606,,324.692213828716,197.63089168562757,0.9511643300619326,0.6086714841578654
2020-10-01,강서구,1951.0,1171.0,1183.0,API_2017_2025,2020,10,4,가을,549368.3259354838,535641.7973387097,9762.524293548388,3964.0043193548386,571936.9808935483,526129.446432258,532293.9319483871,561564.321648387,246797.74556129033,62545.807487096776,121074.10282903226,63177.83524516129,-29270.38969999998,0,18,0,46,5,27,107,0,0,88,0,0,0,2,1381596.0,898712.0,482884.0,0.3495,,904257.0,668630.0,235627.0,0.2606,,355.135144837076,213.15389779816297,0.9478770488586576,0.6002050230650948
2020-11-01,강서구,1803.0,1080.0,1096.0,API_2017_2025,2020,11,4,가을,552330.46462,538402.758,9835.571663333334,4092.1349800000003,574010.1579199999,530812.0042,535870.8338966666,564087.3437366667,248840.95343000002,64033.62511666667,120643.61259666667,64163.715716666666,-28216.509840000006,0,18,0,46,5,27,107,0,0,88,0,0,0,2,1381596.0,898712.0,482884.0,0.3495,,904257.0,668630.0,235627.0,0.2606,,326.4350086574444,195.53511333890182,0.9499784738067578,0.5990016638935108
2020-12-01,강서구,1734.0,996.0,1088.0,API_2017_2025,2020,12,4,겨울,554743.1358774194,540795.7950290323,9930.564787096773,4016.77605483871,571474.2023580645,535573.0864,540375.5879129032,565005.6701451613,228219.92329032256,55115.21228387097,115009.49204516129,58095.218961290324,-24630.08223225806,0,18,0,46,5,27,107,0,0,88,0,0,0,2,1381596.0,898712.0,482884.0,0.3495,,904257.0,668630.0,235627.0,0.2606,,312.5770988148214,179.5425550285825,0.9564073715827839,0.5743944636678201
2021-01-01,강서구,2183.0,1293.0,1035.0,건별집계|API_2017_2025,2021,1,1,겨울,556917.4865225806,542863.2789935484,9933.288274193548,4120.919248387097,572604.8476290323,538050.4275580646,542946.2474032259,566896.9430419354,236357.3656903226,57462.669780645156,119940.04441935483,58954.651490322576,-23950.695638709672,0,10,2,48,10,24,143,0,0,86,0,0,0,11,1392943.0,905530.0,487413.0,0.3499,147034.0,1008630.0,739872.0,268758.0,0.2665,115301.0,391.9790728121604,232.17083882094525,0.9577512351536215,0.5923041685753551
2021-02-01,강서구,2068.0,1274.0,1022.0,건별집계|API_2017_2025,2021,2,1,겨울,551888.9456107143,538104.4905178571,9990.33580357143,3794.1193035714286,570826.0168571429,531246.011525,537071.9076535715,562472.5441500001,246604.50767857142,63141.725257142854,121073.94962142858,62388.8328,-25400.636496428575,0,10,2,48,10,24,143,0,0,86,0,0,0,11,1392943.0,905530.0,487413.0,0.3499,147034.0,1008630.0,739872.0,268758.0,0.2665,115301.0,374.71306799080276,230.84354382025273,0.9548411086716887,0.6160541586073501
2021-03-01,강서구,2263.0,1399.0,1093.0,건별집계|API_2017_2025,2021,3,1,봄,555691.6179774193,542371.6814387097,9908.459212903226,3411.477335483871,576671.4231741936,533835.2406612904,539467.8010741936,567280.058616129,247373.37859354838,64697.09755483871,118703.82335806452,63972.45768064516,-27812.25754193548,0,10,2,48,10,24,143,0,0,86,0,0,0,11,1392943.0,905530.0,487413.0,0.3499,147034.0,1008630.0,739872.0,268758.0,0.2665,115301.0,407.2402618266518,251.75834127065215,0.9509726155194261,0.6182059213433495
2021-04-01,강서구,2425.0,1531.0,1158.0,건별집계|API_2017_2025,2021,4,2,봄,548575.5376533333,535107.22155,9765.241626666666,3703.0744733333336,570397.2813266667,526147.3685366666,531753.0965966667,560591.5669766667,259250.61075666666,66446.26817,125389.55323333334,67414.78935333334,-28838.470380000006,0,10,2,48,10,24,143,0,0,86,0,0,0,11,1392943.0,905530.0,487413.0,0.3499,147034.0,1008630.0,739872.0,268758.0,0.2665,115301.0,442.05398045518643,279.086451165728,0.9485570742072895,0.631340206185567
2021-05-01,강서구,2696.0,1607.0,1255.0,건별집계|API_2017_2025,2021,5,2,봄,548491.3563322581,535154.0414774193,9545.274232258065,3792.040606451613,569414.4252935485,527333.9897580645,532976.2553451613,559573.571332258,245434.9180032258,64164.26988387097,118592.07327741936,62678.57484193548,-26597.31598709678,0,10,2,48,10,24,143,0,0,86,0,0,0,11,1392943.0,905530.0,487413.0,0.3499,147034.0,1008630.0,739872.0,268758.0,0.2665,115301.0,491.530079530889,292.9854739637013,0.9524685986799329,0.5960682492581603
2021-06-01,강서구,2764.0,1694.0,1329.0,건별집계|API_2017_2025,2021,6,2,여름,550114.3235,537048.67609,9544.09188,3521.5555233333334,572076.4913199999,528545.0379066666,534023.5365066667,561607.7427733333,253262.07955,66711.83263666666,121969.83730333335,64580.40961,-27584.20626666668,0,10,2,48,10,24,143,0,0,86,0,0,0,11,1392943.0,905530.0,487413.0,0.3499,147034.0,1008630.0,739872.0,268758.0,0.2665,115301.0,502.4410166989589,307.93599214473096,0.9508835007679022,0.6128798842257598
2021-07-01,강서구,2977.0,1900.0,1445.0,건별집계|API_2017_2025,2021,7,3,여름,552745.0802258065,539499.3255451613,9665.574183870967,3580.180506451613,571277.8532,535187.3885806452,539470.7413258065,562226.7508774193,241691.81743225807,63101.74688709677,116779.25789354838,61810.8126516129,-22756.009551612893,0,10,2,48,10,24,143,0,0,86,0,0,0,11,1392943.0,905530.0,487413.0,0.3499,147034.0,1008630.0,739872.0,268758.0,0.2665,115301.0,538.5846218267272,343.7389255864232,0.9595252102179425,0.6382264024185421
2021-08-01,강서구,2714.0,1725.0,1341.0,건별집계|API_2017_2025,2021,8,3,여름,551278.7007612904,537850.8378354838,9559.349406451613,3868.5135322580645,569230.2374,532143.7162677419,537321.4366967742,561248.1750935485,237384.25947741937,60778.53417741935,115234.55904193548,61371.16625806452,-23926.738396774195,0,10,2,48,10,24,143,0,0,86,0,0,0,11,1392943.0,905530.0,487413.0,0.3499,147034.0,1008630.0,739872.0,268758.0,0.2665,115301.0,492.30996885098074,312.9088785069793,0.9573687016571837,0.635593220338983
2021-09-01,강서구,2781.0,1728.0,1335.0,건별집계|API_2017_2025,2021,9,3,가을,548516.5979766666,535819.53628,9447.710373333333,3249.35135,567715.3513133334,529372.10998,534581.0927833333,558470.53028,241302.68308333334,63362.966936666664,115892.09472666666,62047.621419999996,-23889.437496666673,0,10,2,48,10,24,143,0,0,86,0,0,0,11,1392943.0,905530.0,487413.0,0.3499,147034.0,1008630.0,739872.0,268758.0,0.2665,115301.0,507.0038008436531,315.0314879028524,0.9572234590700976,0.6213592233009708
2021-10-01,강서구,2787.0,1706.0,1340.0,건별집계|API_2017_2025,2021,10,4,가을,552481.4158709678,539269.2470290322,9437.146651612902,3775.0221967741936,572196.1030161291,532218.005848387,537911.3092290323,562888.6349096774,241113.56721612904,63750.728625806456,115102.95155806452,62259.88703225806,-24977.325680645157,0,10,2,48,10,24,143,0,0,86,0,0,0,11,1392943.0,905530.0,487413.0,0.3499,147034.0,1008630.0,739872.0,268758.0,0.2665,115301.0,504.451357084363,308.7886670921863,0.9556265233803253,0.6121277359167564
2021-11-01,강서구,2797.0,1588.0,1144.0,건별집계|API_2017_2025,2021,11,4,가을,554588.3215466667,539343.9982,9222.885243333332,6021.438093333333,574479.96249,534239.4952033333,540081.40217,564950.4068233334,253328.12867666667,69376.52761,117959.24780666667,65992.35326,-24869.004653333344,0,10,2,48,10,24,143,0,0,86,0,0,0,11,1392943.0,905530.0,487413.0,0.3499,147034.0,1008630.0,739872.0,268758.0,0.2665,115301.0,504.33806326818626,286.33852144078645,0.9559801986989096,0.567751161959242
2021-12-01,강서구,2904.0,1563.0,1154.0,건별집계|API_2017_2025,2021,12,4,겨울,555991.6633548387,541945.0613451613,9227.909732258064,4818.692270967742,573531.2860419354,537358.3366677419,542707.9902387097,565480.0013032258,241648.37816774193,65277.958954838716,114444.02122903227,61926.397983870964,-22772.011064516122,0,10,2,48,10,24,143,0,0,86,0,0,0,11,1392943.0,905530.0,487413.0,0.3499,147034.0,1008630.0,739872.0,268758.0,0.2665,115301.0,522.3099897716706,281.1193230072732,0.9597297676097566,0.5382231404958677
2022-01-01,강서구,2547.0,1468.0,1171.0,건별집계|API_2017_2025|xlsx_2022_2024,2022,1,1,겨울,553901.967932258,539310.1093193549,9287.206887096774,5304.651732258065,570383.9970548387,535176.3925322581,541098.8321258065,563047.0649483871,239393.59762580643,66499.5471516129,112186.57388709678,60707.476587096775,-21948.232822580652,1,18,15,273,15,18,210,0,0,100,0,0,0,12,1340230.0,865787.0,474443.0,0.354,156309.0,1075906.0,763236.0,312670.0,0.2906,133237.0,459.8286605675134,265.02884715866105,0.9610188309487191,0.5763643502159403
2022-02-01,강서구,2680.0,1406.0,,건별집계|xlsx_2022_2024,2022,2,1,겨울,557764.3258107143,542601.2769,9352.027203571428,5811.021710714286,573605.2433678572,539908.5799857143,545746.7379214286,566348.3171642857,235880.753475,63441.87124285714,112988.16096071429,59450.72127142857,-20601.579242857148,1,18,15,273,15,18,210,0,0,100,0,0,0,12,1340230.0,865787.0,474443.0,0.354,156309.0,1075906.0,763236.0,312670.0,0.2906,133237.0,480.48967565370936,252.07779252578933,0.9636238360413791,0.5246268656716417
2022-03-01,강서구,3520.0,1607.0,,건별집계|xlsx_2022_2024,2022,3,1,봄,557235.1297129032,544382.3739419355,9130.309983870968,3722.445793548387,573026.6273580645,538643.3680387096,544290.2613709677,566481.4642290323,226601.02324838712,59559.3696483871,108998.76737419356,58042.886225806455,-22191.20285806451,1,18,15,273,15,18,210,0,0,100,0,0,0,12,1340230.0,865787.0,474443.0,0.354,156309.0,1075906.0,763236.0,312670.0,0.2906,133237.0,631.6902528764765,288.38813533309593,0.9608262507083682,0.4565340909090909
2022-04-01,강서구,2820.0,1615.0,,건별집계|xlsx_2022_2024,2022,4,2,봄,546822.6061133334,534203.4775500001,9061.608686666666,3557.5198766666667,566963.35116,524467.6947633333,531356.0818833333,557870.12343,247531.76179,66391.32196666667,116897.12442000001,64243.31540333333,-26514.04154666667,1,18,15,273,15,18,210,0,0,100,0,0,0,12,1340230.0,865787.0,474443.0,0.354,156309.0,1075906.0,763236.0,312670.0,0.2906,133237.0,515.7065506204644,295.34258129505315,0.9524727343639623,0.5726950354609929
2022-05-01,강서구,2767.0,1662.0,,건별집계|xlsx_2022_2024,2022,5,2,봄,554518.2727032258,541683.7488193548,9165.305170967744,3669.2187032258066,576143.7403870968,532334.9600870968,538868.1455032259,565696.9349903227,252556.03362258064,70640.38069677418,115779.28379999999,66136.36912580645,-26828.78948709678,1,18,15,273,15,18,210,0,0,100,0,0,0,12,1340230.0,865787.0,474443.0,0.354,156309.0,1075906.0,763236.0,312670.0,0.2906,133237.0,498.9916719085069,299.7196092200717,0.9525739175384506,0.600650524033249
2022-06-01,강서구,2693.0,1588.0,,건별집계|xlsx_2022_2024,2022,6,2,여름,563714.4050133333,550672.7489033333,9085.281976666667,3956.374146666667,584530.2396366667,542435.8832133333,549128.56508,574132.86213,252670.70570666666,71329.42792,115745.08242666668,65596.19536,-25004.29705000002,1,18,15,273,15,18,210,0,0,100,0,0,0,12,1340230.0,865787.0,474443.0,0.354,156309.0,1075906.0,763236.0,312670.0,0.2906,133237.0,477.7241766486885,281.70293075310707,0.9564485876017695,0.5896769402153732
2022-07-01,강서구,3134.0,1791.0,,건별집계|xlsx_2022_2024,2022,7,3,여름,547713.7341193549,534211.3509967742,9075.739151612903,4426.643977419355,567328.0898967743,528603.6287290322,534045.2397580645,557476.9443870968,238623.24631290324,67272.65148709678,109583.9285483871,61766.666277419354,-23431.70462903227,1,18,15,273,15,18,210,0,0,100,0,0,0,12,1340230.0,865787.0,474443.0,0.354,156309.0,1075906.0,763236.0,312670.0,0.2906,133237.0,572.1967160525968,326.99563447677116,0.9579682983037197,0.5714741544352265
2022-08-01,강서구,3277.0,1797.0,,건별집계|xlsx_2022_2024,2022,8,3,여름,545653.1935483871,532165.4379419355,9092.094532258065,4395.661087096774,563959.316251613,527355.364316129,532866.8772935484,554786.2766096775,240358.2044903226,67124.05296774194,109215.93852580646,64018.21299677419,-21919.399316129042,1,18,15,273,15,18,210,0,0,100,0,0,0,12,1340230.0,865787.0,474443.0,0.354,156309.0,1075906.0,763236.0,312670.0,0.2906,133237.0,600.5646148040742,329.3300618867626,0.9604903721662341,0.5483674092157461
2022-09-01,강서구,2825.0,1620.0,,건별집계|xlsx_2022_2024,2022,9,3,가을,544774.26082,530836.0618766666,8920.375999999998,5017.82294,565479.95263,524620.92762,530766.8587666667,554779.5480033333,242421.9289933333,68567.00676,108682.28094666667,65172.641286666665,-24012.689236666658,1,18,15,273,15,18,210,0,0,100,0,0,0,12,1340230.0,865787.0,474443.0,0.354,156309.0,1075906.0,763236.0,312670.0,0.2906,133237.0,518.5634129901401,297.3708775377087,0.9567167006731072,0.5734513274336284
2022-10-01,강서구,2730.0,1594.0,,건별집계|xlsx_2022_2024,2022,10,4,가을,546705.8023967742,532630.4929290323,8842.017980645162,5233.2915096774195,568218.3286096775,524873.7320419356,531621.2301774194,557480.4968612903,237391.5993967742,66956.28228387097,107408.45232258065,63026.86479032258,-25859.266683870963,1,18,15,273,15,18,210,0,0,100,0,0,0,12,1340230.0,865787.0,474443.0,0.354,156309.0,1075906.0,763236.0,312670.0,0.2906,133237.0,499.3544952388653,291.564492824451,0.9536140424114153,0.5838827838827839
2022-11-01,강서구,2884.0,1705.0,,건별집계|xlsx_2022_2024,2022,11,4,가을,549444.1418466667,534883.0905633334,8774.98955,5786.061753333333,571198.9601366667,528012.7030433334,533874.3206033333,560565.4427499999,249005.54398333334,69950.49289333333,111281.93324333333,67773.11784666666,-26691.12214666668,1,18,15,273,15,18,210,0,0,100,0,0,0,12,1340230.0,865787.0,474443.0,0.354,156309.0,1075906.0,763236.0,312670.0,0.2906,133237.0,524.8941212307687,310.31361882748297,0.9523853592977006,0.5911927877947295
2022-12-01,강서구,2960.0,1685.0,,건별집계|xlsx_2022_2024,2022,12,4,겨울,554697.9751580645,540176.0559741936,8815.896609677418,5706.022574193548,572980.8490612904,536620.9556096775,542212.3838903226,563616.2546258064,243373.8208451613,69128.29670967741,108740.33756774194,65505.186567741934,-21403.870735483866,1,18,15,273,15,18,210,0,0,100,0,0,0,12,1340230.0,865787.0,474443.0,0.354,156309.0,1075906.0,763236.0,312670.0,0.2906,133237.0,533.6237254438382,303.7689112746174,0.9620240357516053,0.5692567567567568
2023-01-01,강서구,2799.0,,,xlsx_2022_2024,2023,1,1,겨울,552501.3704129033,537401.544016129,9145.895638709677,5953.930764516129,569933.5275677419,536888.5780161291,541616.547551613,560276.243883871,240570.5325451613,70364.2574419355,107052.78118387097,63153.49391935484,-18659.696332258067,0,53,18,202,10,21,229,0,0,78,0,0,0,13,1288919.0,861949.0,426970.0,0.3313,163020.0,1073953.0,759467.0,314486.0,0.2928,141166.0,506.605078265817,,0.9666955425364676,
2023-02-01,강서구,2220.0,,,xlsx_2022_2024,2023,2,1,겨울,557173.4771714286,542073.7402714286,9174.278410714285,5925.458492857143,575374.8000857143,538851.6212642858,544625.1375714286,566136.5768857143,240459.6144607143,72229.25051071428,103369.77225357143,64860.591696428564,-21511.439314285726,0,53,18,202,10,21,229,0,0,78,0,0,0,13,1288919.0,861949.0,426970.0,0.3313,163020.0,1073953.0,759467.0,314486.0,0.2928,141166.0,398.43964060711386,,0.9620030921997321,
2023-03-01,강서구,2747.0,,,xlsx_2022_2024,2023,3,1,봄,550289.450383871,535660.2284064515,8764.771625806452,5864.450341935483,571998.9095774193,529085.611432258,534753.9068,561386.2672225806,229170.1524064516,67834.0206,97956.56978387097,63379.56202258064,-26632.360422580652,0,53,18,202,10,21,229,0,0,78,0,0,0,13,1288919.0,861949.0,426970.0,0.3313,163020.0,1073953.0,759467.0,314486.0,0.2928,141166.0,499.1918340581938,,0.952559651032537,
2023-04-01,강서구,2882.0,,,xlsx_2022_2024,2023,4,2,봄,550530.6954633334,532313.4854733333,8737.56976,9479.64025,572538.3208966666,528339.37675,535079.6056866667,561567.1881666667,240060.76344333336,70629.81243333334,104190.19589999999,65240.755110000006,-26487.582479999997,0,53,18,202,10,21,229,0,0,78,0,0,0,13,1288919.0,861949.0,426970.0,0.3313,163020.0,1073953.0,759467.0,314486.0,0.2928,141166.0,523.4948793499104,,0.952832745505532,
2023-05-01,강서구,3053.0,,,xlsx_2022_2024,2023,5,2,봄,545222.8347451614,527640.8075806452,8714.632490322581,8867.394677419354,568253.6435290322,524486.6394580646,530739.1377064516,555568.3326258064,237869.4274580645,69281.82376451613,103547.37800645162,65040.225687096776,-24829.194919354843,0,53,18,202,10,21,229,0,0,78,0,0,0,13,1288919.0,861949.0,426970.0,0.3313,163020.0,1073953.0,759467.0,314486.0,0.2928,141166.0,559.9545370154904,,0.9553084769932736,
2023-06-01,강서구,2811.0,,,xlsx_2022_2024,2023,6,2,여름,546852.16812,528643.19796,8978.73483,9230.23532,568640.0838066668,527282.8306866667,533149.3503033334,556639.89512,239561.94543999998,70413.11199333334,103668.18976,65480.64368666666,-23490.544816666665,0,53,18,202,10,21,229,0,0,78,0,0,0,13,1288919.0,861949.0,426970.0,0.3313,163020.0,1073953.0,759467.0,314486.0,0.2928,141166.0,514.0328893023901,,0.9577993869598539,
2023-07-01,강서구,3145.0,,,xlsx_2022_2024,2023,7,3,여름,554088.1971064516,535754.8578483871,9622.40724516129,8710.932016129032,572643.638567742,538423.9736677419,543865.8008387097,561389.908732258,235748.97536451614,71504.11626129033,99157.23656451613,65087.62253870968,-17524.107893548393,0,53,18,202,10,21,229,0,0,78,0,0,0,13,1288919.0,861949.0,426970.0,0.3313,163020.0,1073953.0,759467.0,314486.0,0.2928,141166.0,567.5991685843078,,0.968784426615146,
2023-08-01,강서구,3045.0,,,xlsx_2022_2024,2023,8,3,여름,548693.7924870967,531601.4149129032,9549.468151612904,7542.909429032258,567600.1440645161,531857.5774096774,537732.0349677419,556523.6192967742,231552.14896451612,70562.90983548386,95765.57910967742,65223.660019354844,-18791.58432903226,0,53,18,202,10,21,229,0,0,78,0,0,0,13,1288919.0,861949.0,426970.0,0.3313,163020.0,1073953.0,759467.0,314486.0,0.2928,141166.0,554.9543373176775,,0.9662339859846787,
2023-09-01,강서구,2795.0,,,xlsx_2022_2024,2023,9,3,가을,546934.83832,530246.5493633333,9206.847233333334,7481.441726666667,568786.8382633333,528634.6570233334,535243.9342433333,555285.4840966667,233204.25576333332,71918.19385,95614.05395666667,65672.00795666667,-20041.549853333316,0,53,18,202,10,21,229,0,0,78,0,0,0,13,1288919.0,861949.0,426970.0,0.3313,163020.0,1073953.0,759467.0,314486.0,0.2928,141166.0,511.02979809903877,,0.963907664746654,
2023-10-01,강서구,2767.0,,,xlsx_2022_2024,2023,10,4,가을,546076.6818,528620.0613741935,9044.294854838708,8412.325583870968,567070.4355645162,528152.5216870968,534584.6027322582,554285.3097193548,229110.4858032258,70218.37301290322,94752.41354838709,64139.69924193549,-19700.706987096775,0,53,18,202,10,21,229,0,0,78,0,0,0,13,1288919.0,861949.0,426970.0,0.3313,163020.0,1073953.0,759467.0,314486.0,0.2928,141166.0,506.7053936233466,,0.9644574614523492,
2023-11-01,강서구,2545.0,,,xlsx_2022_2024,2023,11,4,가을,552435.8851366666,535184.5503166667,9159.507746666666,8091.8270766666665,574592.3840866666,535564.2633633333,540919.3708466666,560661.9667733334,244037.23514666667,77306.48753999999,97666.76346,69063.98414666667,-19742.59592666667,0,53,18,202,10,21,229,0,0,78,0,0,0,13,1288919.0,861949.0,426970.0,0.3313,163020.0,1073953.0,759467.0,314486.0,0.2928,141166.0,460.6869445800747,,0.9647869891366319,
2023-12-01,강서구,2798.0,,,xlsx_2022_2024,2023,12,4,겨울,562814.8288612902,543730.1803322581,10462.321067741936,8622.327474193547,585057.0198064516,546755.3154354839,553543.3100935484,569437.3422806452,238674.43993548388,78108.01627741936,94375.07658387098,66191.34707419355,-15894.032187096767,0,53,18,202,10,21,229,0,0,78,0,0,0,13,1288919.0,861949.0,426970.0,0.3313,163020.0,1073953.0,759467.0,314486.0,0.2928,141166.0,497.14397285178626,,0.972088180723379,
2024-01-01,강서구,2478.0,,,xlsx_2022_2024,2024,1,1,겨울,558633.4580483872,542026.3964903227,9962.940603225805,6644.120970967742,582018.8587935484,541526.4635258064,548969.0307258065,565536.6204129033,230423.08585161288,75321.72882580645,91558.64813548386,63542.70889032258,-16567.589687096774,0,39,0,52,9,9,311,11,94,87,104,30,0,20,1279919.0,854214.0,425705.0,0.3326,146812.0,1146108.0,804313.0,341795.0,0.2982,149544.0,443.58245362836163,,0.9707046562696495,
2024-02-01,강서구,2204.0,,,xlsx_2022_2024,2024,2,1,겨울,556063.2884689656,539095.5906896552,10102.620424137931,6865.077344827586,575464.8123413794,541341.7522068965,548850.0009034483,561215.6367137932,236153.90547586206,75855.80704482758,94543.87543793103,65754.22299310345,-12365.635810344818,0,39,0,52,9,9,311,11,94,87,104,30,0,20,1279919.0,854214.0,425705.0,0.3326,146812.0,1146108.0,804313.0,341795.0,0.2982,149544.0,396.3577610146453,,0.9779663377115577,
2024-03-01,강서구,2404.0,,,xlsx_2022_2024,2024,3,1,봄,553900.9240548387,537591.9790935484,9468.577406451614,6840.367558064517,576150.3762677419,536923.5613064516,543255.7930709678,561504.5890548386,228864.85751935485,72598.94194193548,91343.96280645161,64921.95277096774,-18248.79598387097,0,39,0,52,9,9,311,11,94,87,104,30,0,20,1279919.0,854214.0,425705.0,0.3326,146812.0,1146108.0,804313.0,341795.0,0.2982,149544.0,434.01263576191343,,0.9675001837214039,
2024-04-01,강서구,2419.0,,,xlsx_2022_2024,2024,4,2,봄,546421.8246133333,529593.7187766667,9168.606166666666,7659.499683333333,569478.0164233333,528105.5515966667,534755.9595933333,554754.5853366667,242654.39882000003,73294.52493666667,100600.62009333333,68759.25379,-19998.625743333327,0,39,0,52,9,9,311,11,94,87,104,30,0,20,1279919.0,854214.0,425705.0,0.3326,146812.0,1146108.0,804313.0,341795.0,0.2982,149544.0,442.6982765030966,,0.9639504994245398,
2024-05-01,강서구,2687.0,,,xlsx_2022_2024,2024,5,2,봄,544382.8498677419,527853.326967742,9142.376167741937,7387.146729032258,565172.1934806452,528118.6905935484,534361.0268451613,551541.2949,240387.4141387097,70917.49875806452,101786.11861290323,67683.79676774194,-17180.26805483871,0,39,0,52,9,9,311,11,94,87,104,30,0,20,1279919.0,854214.0,425705.0,0.3326,146812.0,1146108.0,804313.0,341795.0,0.2982,149544.0,493.58645310975686,,0.9688504410935294,
2024-06-01,강서구,2629.0,,,xlsx_2022_2024,2024,6,2,여름,548450.62465,531329.5472833333,9467.788213333331,7653.28915,569408.9063466667,531928.4616433333,539069.39489,555151.5030566667,246468.84315333332,73523.69469333332,104565.51078666667,68379.63767333333,-16082.108166666665,0,39,0,52,9,9,311,11,94,87,104,30,0,20,1279919.0,854214.0,425705.0,0.3326,146812.0,1146108.0,804313.0,341795.0,0.2982,149544.0,479.35035203537717,,0.9710311364048939,
2024-07-01,강서구,2857.0,,,xlsx_2022_2024,2024,7,3,여름,553660.5114419354,536173.857716129,9950.095596774194,7536.558129032258,573837.3772290322,538123.6251838709,545513.3111903225,559479.9401967742,246651.04124838708,75311.7579516129,102610.62325483872,68728.66004193548,-13966.629006451623,0,39,0,52,9,9,311,11,94,87,104,30,0,20,1279919.0,854214.0,425705.0,0.3326,146812.0,1146108.0,804313.0,341795.0,0.2982,149544.0,516.0201858281932,,0.9750364079156448,
2024-08-01,강서구,2874.0,,,xlsx_2022_2024,2024,8,3,여름,550550.5192999999,533988.8791483871,9959.364067741937,6602.276087096774,572793.6527870968,533602.3065935484,541801.3966322581,556799.8926451612,245247.34164838708,75172.3012,102451.43489354839,67623.60555483871,-14998.496012903235,0,39,0,52,9,9,311,11,94,87,104,30,0,20,1279919.0,854214.0,425705.0,0.3326,146812.0,1146108.0,804313.0,341795.0,0.2982,149544.0,522.022938722165,,0.9730630407602082,
2024-09-01,강서구,2405.0,,,xlsx_2022_2024,2024,9,3,가을,539354.2964933333,523241.8431166667,9292.373886666666,6820.07951,560585.6804866666,522034.28559333336,529534.12671,546368.70348,239877.21304,72795.74098333334,100862.88189333332,66218.59016333333,-16834.576770000003,0,39,0,52,9,9,311,11,94,87,104,30,0,20,1279919.0,854214.0,425705.0,0.3326,146812.0,1146108.0,804313.0,341795.0,0.2982,149544.0,445.9035583171121,,0.9691882484066617,
2024-10-01,강서구,2430.0,,,xlsx_2022_2024,2024,10,4,가을,545197.3861354839,528279.8289483871,9122.908529032258,7794.648664516129,566765.0788419355,525782.7625290322,532978.9366548387,553924.8500451612,236944.16972258064,71530.97200000001,99447.26169354838,65965.93602903225,-20945.913390322577,0,39,0,52,9,9,311,11,94,87,104,30,0,20,1279919.0,854214.0,425705.0,0.3326,146812.0,1146108.0,804313.0,341795.0,0.2982,149544.0,445.71013394333016,,0.9621863626652338,
2024-11-01,강서구,2365.0,,,xlsx_2022_2024,2024,11,4,가을,549553.7547366667,532592.25173,9143.022203333332,7818.4807900000005,570167.7089566666,531420.1241633333,538353.4744466667,557553.9549466666,250331.19226333333,77504.01052333335,102074.18289,70752.99885,-19200.4805,0,39,0,52,9,9,311,11,94,87,104,30,0,20,1279919.0,854214.0,425705.0,0.3326,146812.0,1146108.0,804313.0,341795.0,0.2982,149544.0,430.3491659579785,,0.9655630090511391,
2024-12-01,강서구,2416.0,,,xlsx_2022_2024,2024,12,4,겨울,554231.2148870968,536525.5373548387,9319.628638709677,8386.048896774193,572349.7693096774,538454.4986225807,546277.8786935484,559912.169316129,245308.71775161292,76997.97841290323,99390.01638387097,68920.72295483871,-13634.290622580642,0,39,0,52,9,9,311,11,94,87,104,30,0,20,1279919.0,854214.0,425705.0,0.3326,146812.0,1146108.0,804313.0,341795.0,0.2982,149544.0,435.9191498248915,,0.9756492332730804,
2018-04-01,관악구,1976.0,1245.0,1247.0,API_2017_2025,2018,4,2,봄,528556.0409538462,504623.1473576923,21881.420265384615,2051.4733423076923,592225.0771192308,459407.9229846154,474643.4789307692,567065.0138423077,247022.22006153845,36270.95614615385,139659.23416153848,71092.02975384615,-92421.53491153846,1,43,5,125,188,1,313,0,0,272,0,0,0,40,,,,,,,,,,,373.84872121299725,235.5473977278247,0.837017744605137,0.6300607287449392
2018-05-01,관악구,2134.0,1393.0,1403.0,API_2017_2025,2018,5,2,봄,526730.5124322581,502825.2215064516,21831.642525806452,2073.6484032258063,591563.2223580645,457396.6897548387,473317.93163225806,563684.4909516129,239505.0415064516,35535.1175,135096.04963548385,68873.87437096775,-90366.55931935484,1,43,5,125,188,1,313,0,0,272,0,0,0,40,,,,,,,,,,,405.1407597683929,264.46161122650955,0.8396859222314278,0.6527647610121837
2018-06-01,관악구,2106.0,1356.0,1370.0,API_2017_2025,2018,6,2,여름,531493.33202,507725.32400666666,21871.482913333333,1896.5251099999998,593538.7143566667,464922.5780433333,479479.00681666663,568646.4214466666,226137.43382666667,34730.611163333335,127414.57226,63992.25040333333,-89167.41463,1,43,5,125,188,1,313,0,0,272,0,0,0,40,,,,,,,,,,,396.24203599994587,255.13019981762898,0.8431935711418823,0.6438746438746439
2018-07-01,관악구,2238.0,1475.0,1482.0,API_2017_2025,2018,7,3,여름,527376.2811387096,502579.1254064516,22521.652654838712,2275.503051612903,591084.1067451612,460080.6688741935,474123.3313935484,565414.1023806451,223209.9406,36298.494067741936,124617.01326451612,62294.43326774194,-91290.77098709678,1,43,5,125,188,1,313,0,0,272,0,0,0,40,,,,,,,,,,,424.3649325994934,279.68645021637747,0.8385417508995232,0.659070598748883
2018-08-01,관악구,2463.0,1559.0,1568.0,API_2017_2025,2018,8,3,여름,521340.9416548387,496579.8948129032,22554.18942903226,2206.857419354839,583978.1849806452,454298.79283870966,468747.036983871,557682.0081225807,226295.07284516128,35392.55871290322,127714.86328709677,63187.6508451613,-88934.97113870968,1,43,5,125,188,1,313,0,0,272,0,0,0,40,,,,,,,,,,,472.43556053394803,299.0365565864494,0.8405274514089014,0.6329679252943565
2018-09-01,관악구,2200.0,1390.0,1405.0,API_2017_2025,2018,9,3,가을,520228.30755666667,495691.05124,22141.591460000003,2395.6648733333336,581459.8530066666,456919.5319,471749.74079333333,554855.8552533333,222323.36152666667,37929.64015666667,120473.92026333333,63919.801106666666,-83106.11446000001,1,43,5,125,188,1,313,0,0,272,0,0,0,40,,,,,,,,,,,422.89125140702987,267.19038157080524,0.8502203524155731,0.6318181818181818
2018-10-01,관악구,2063.0,1408.0,1414.0,API_2017_2025,2018,10,4,가을,527463.4549516129,503357.54845161294,22032.168906451614,2073.7376,590274.9672548388,458150.4188290323,473808.0529451613,564526.345383871,224503.7962516129,35056.88142580645,125836.16517741936,63610.74964838709,-90718.29243870967,1,43,5,125,188,1,313,0,0,272,0,0,0,40,,,,,,,,,,,391.11714387667877,266.9379246623188,0.8393019330620923,0.6825012118274357
2018-11-01,관악구,1915.0,1244.0,1248.0,API_2017_2025,2018,11,4,가을,522533.9825866667,498888.69407666667,21769.512693333334,1875.7758233333334,587430.6251266667,452799.4185433333,468129.22252,561394.52549,230288.06873666667,36533.694840000004,128083.60978999999,65670.76410666667,-93265.30296999999,1,43,5,125,188,1,313,0,0,272,0,0,0,40,,,,,,,,,,,366.48334152743473,238.0706406580307,0.8338685207366502,0.6496083550913838
2018-12-01,관악구,2095.0,1343.0,1348.0,API_2017_2025,2018,12,4,겨울,532431.5186967743,507406.4880516129,22851.53176451613,2173.4988903225803,588166.2755677418,471482.28531935485,485288.72070967744,566104.9458451612,226232.38388709674,37877.11690645161,124653.3074516129,63701.95952903226,-80816.22513548387,1,43,5,125,188,1,313,0,0,272,0,0,0,40,,,,,,,,,,,393.47783262867387,252.2390115610067,0.8572416197233007,0.6410501193317423
2019-01-01,관악구,1988.0,1304.0,1314.0,API_2017_2025,2019,1,1,겨울,535075.536516129,508876.2962,23552.25106129032,2646.989264516129,591332.4400935484,472831.0556,486257.81447096774,569945.3379806452,236361.98603548386,40242.75986774194,129389.79954193547,66729.42662580646,-83687.52350967743,0,32,0,114,164,4,192,0,0,285,0,0,0,32,1141886.0,804299.0,337587.0,0.2956,,524411.0,418800.0,105611.0,0.2014,,371.53632792555726,243.70390926304157,0.8531657021598106,0.6559356136820925
2019-02-01,관악구,1764.0,1091.0,1094.0,API_2017_2025,2019,2,1,겨울,517432.47091785714,490825.0903785714,23766.867446428572,2840.513082142857,569372.9991714286,463219.3732535714,475708.38072142855,547235.3924821428,227965.59402857142,41261.310225,122392.41870714286,64311.86509642857,-71527.01176071427,0,32,0,114,164,4,192,0,0,285,0,0,0,32,1141886.0,804299.0,337587.0,0.2956,,524411.0,418800.0,105611.0,0.2014,,340.914051426053,210.84876990126065,0.8692938856964587,0.6184807256235828
2019-03-01,관악구,2042.0,1270.0,1277.0,API_2017_2025,2019,3,1,봄,529934.5958064516,505442.10785806447,22483.643154838708,2008.8448032258066,583903.0443290323,469771.4401774194,483533.11987096776,563078.5071903226,220353.5027,39283.78564516129,117554.00551290324,63515.71154193549,-79545.38731935482,0,32,0,114,164,4,192,0,0,285,0,0,0,32,1141886.0,804299.0,337587.0,0.2956,,524411.0,418800.0,105611.0,0.2014,,385.3305702550888,239.65221558470265,0.8587312669484146,0.6219392752203722
2019-04-01,관악구,2009.0,1286.0,1306.0,API_2017_2025,2019,4,2,봄,517501.3104333334,493662.90363333334,21962.184383333333,1876.2224266666667,575300.2389566667,452960.5147666667,467591.4372066667,553151.21988,235677.69571,37240.77497,129587.98373333334,68848.93700666666,-85559.78267333333,0,32,0,114,164,4,192,0,0,285,0,0,0,32,1141886.0,804299.0,337587.0,0.2956,,524411.0,418800.0,105611.0,0.2014,,388.2115773422389,248.50178619319024,0.8453229793258079,0.640119462419114
2019-05-01,관악구,2126.0,1386.0,1394.0,API_2017_2025,2019,5,2,봄,500107.3052516129,476857.1228193548,21342.299648387096,1907.8828,556571.5789354839,438709.8516709677,452546.3062741936,534079.4473806451,219114.8497483871,34987.14538064516,120884.27748387096,63243.42688387097,-81533.14110645161,0,32,0,114,164,4,192,0,0,285,0,0,0,32,1141886.0,804299.0,337587.0,0.2956,,524411.0,418800.0,105611.0,0.2014,,425.1087671935469,277.140522732952,0.8473389277450667,0.651928504233302
2019-06-01,관악구,1994.0,1260.0,1263.0,API_2017_2025,2019,6,2,여름,503062.77391999995,479840.71711333335,21470.77812,1751.2786899999999,557067.1463433333,444653.60496666667,457967.14889,535273.9346833334,210500.08658,33927.58052333333,116765.97079333334,59806.53526333333,-77306.78579333333,0,32,0,114,164,4,192,0,0,285,0,0,0,32,1141886.0,804299.0,337587.0,0.2956,,524411.0,418800.0,105611.0,0.2014,,396.3720043250701,250.46576000480863,0.8555752843839335,0.6318956870611836
2019-07-01,관악구,2230.0,1418.0,1421.0,API_2017_2025,2019,7,3,여름,494985.2833548387,471123.83397419355,21792.141383870967,2069.3080032258063,551140.0256064517,434956.7948451613,447428.66558064515,528954.2960516129,197071.38412903226,33683.63491935484,107405.5396548387,55982.20955483871,-81525.63047096775,0,32,0,114,164,4,192,0,0,285,0,0,0,32,1141886.0,804299.0,337587.0,0.2956,,524411.0,418800.0,105611.0,0.2014,,450.51844468704866,286.4731634826166,0.8458739609839317,0.6358744394618834
2019-08-01,관악구,2198.0,1436.0,1456.0,API_2017_2025,2019,8,3,여름,500681.23475161294,476634.5714129032,21979.495774193547,2067.167558064516,554840.9093193549,442401.86323225807,455119.8479580645,533225.0824580645,202816.5508516129,34909.69699354839,110648.92163548387,57257.93222258064,-78105.23449999998,0,32,0,114,164,4,192,0,0,285,0,0,0,32,1141886.0,804299.0,337587.0,0.2956,,524411.0,418800.0,105611.0,0.2014,,439.0018733357211,286.8092311692882,0.8535229548093461,0.6533212010919017
2019-09-01,관악구,2079.0,1359.0,1363.0,API_2017_2025,2019,9,3,가을,500897.0857066667,477047.5118966667,21604.37123333333,2245.202576666667,552486.5713166667,445807.51773,458472.16706,531200.5990233333,215040.77333999999,38912.140269999996,113555.04743333333,62573.58563666666,-72728.43196333334,0,32,0,114,164,4,192,0,0,285,0,0,0,32,1141886.0,804299.0,337587.0,0.2956,,524411.0,418800.0,105611.0,0.2014,,415.0553196106027,271.31321758095675,0.8630866906079324,0.6536796536796536
2019-10-01,관악구,2098.0,1386.0,1398.0,API_2017_2025,2019,10,4,가을,506548.0893322581,483099.6834016129,21429.728741935483,2018.6772129032258,564875.6819290323,439464.408533871,454442.61685,543766.283966129,217054.34693709677,35035.27488387097,117910.59397419354,64108.478079032255,-89323.66711612903,0,32,0,114,164,4,192,0,0,285,0,0,0,32,1141886.0,804299.0,337587.0,0.2956,,524411.0,418800.0,105611.0,0.2014,,414.17587869408925,273.6166672402324,0.8357315086462902,0.6606291706387035
2019-11-01,관악구,1967.0,1302.0,1310.0,API_2017_2025,2019,11,4,가을,516169.34839,492633.78158999997,21636.86463,1898.70218,572678.3674833333,452669.96382,466949.1764033333,551326.6140966667,215552.99525333333,36584.5719,116202.60571,62765.817643333336,-84377.43769333333,0,32,0,114,164,4,192,0,0,285,0,0,0,32,1141886.0,804299.0,337587.0,0.2956,,524411.0,418800.0,105611.0,0.2014,,381.07648316106554,252.2427966831252,0.8469556238789897,0.6619217081850534
2019-12-01,관악구,1985.0,1331.0,1340.0,API_2017_2025,2019,12,4,겨울,519950.7362451613,495824.0553451613,22150.35301935484,1976.3278870967742,572263.9233032258,461244.8996741936,474672.6062548387,552292.2576612904,227770.70776451615,39104.047648387095,123031.39101612903,65635.2691,-77619.65140645161,0,32,0,114,164,4,192,0,0,285,0,0,0,32,1141886.0,804299.0,337587.0,0.2956,,524411.0,418800.0,105611.0,0.2014,,381.7669370630635,255.98579004077453,0.8594590991821323,0.670528967254408
2020-01-01,관악구,1974.0,1357.0,1361.0,API_2017_2025,2020,1,1,겨울,515473.01757741935,489684.1374548387,23052.83235483871,2736.0477709677416,566711.1000870967,458979.3972709678,471929.5825612903,546575.4711548387,223716.30448387098,40729.83006774193,120578.4075483871,62408.06686774194,-74645.88859354838,0,27,1,87,214,10,170,0,0,185,0,0,0,8,1082872.0,768962.0,313910.0,0.2899,,490474.0,397272.0,93202.0,0.19,,382.949239375759,263.2533524989387,0.8634298600414104,0.6874366767983789
2020-02-01,관악구,1700.0,1062.0,1067.0,API_2017_2025,2020,2,1,겨울,528225.831462069,501372.66006551724,23609.691127586208,3243.480275862069,576012.9968172414,472469.3234034483,484537.0455586207,559432.1071,214159.87261379312,34447.32152068966,119948.32275862069,59764.22833448276,-74895.06154137931,0,27,1,87,214,10,170,0,0,185,0,0,0,8,1082872.0,768962.0,313910.0,0.2899,,490474.0,397272.0,93202.0,0.19,,321.832045830586,201.05037216004845,0.8661230548070927,0.6247058823529412
2020-03-01,관악구,1585.0,999.0,1001.0,API_2017_2025,2020,3,1,봄,528352.3323870967,501372.296016129,23677.29895483871,3302.737412903226,571454.2609870967,477048.2485935484,489053.3824967742,556423.0108903226,202467.35781935486,30442.147348387094,116070.61304193549,55954.597429032256,-67369.62839354838,0,27,1,87,214,10,170,0,0,185,0,0,0,8,1082872.0,768962.0,313910.0,0.2899,,490474.0,397272.0,93202.0,0.19,,299.9892122816923,189.07837417628429,0.8789237197689731,0.6302839116719243
2020-04-01,관악구,1643.0,1016.0,1021.0,API_2017_2025,2020,4,2,봄,521113.8742166667,494848.20753666665,23198.318649999997,3067.3480233333335,566843.9760066667,467006.81714,479945.44931,550519.8920066666,210388.49799333332,31978.05428,120263.65655,58146.787163333334,-70574.44269666667,0,27,1,87,214,10,170,0,0,185,0,0,0,8,1082872.0,768962.0,313910.0,0.2899,,490474.0,397272.0,93202.0,0.19,,315.28617472903437,194.96698327735783,0.8718040097708004,0.6183810103469264
2020-05-01,관악구,1932.0,1175.0,1185.0,API_2017_2025,2020,5,2,봄,514221.2584096774,488781.2725516129,22876.17398064516,2563.811887096774,560152.9674677419,461436.5840225807,473815.76397419354,543082.3258709677,211429.8418387097,33678.39728387097,119276.8669032258,58474.577651612904,-69266.56189677419,0,27,1,87,214,10,170,0,0,185,0,0,0,8,1082872.0,768962.0,313910.0,0.2899,,490474.0,397272.0,93202.0,0.19,,375.7137551985036,228.5008604338725,0.8724566081474149,0.6081780538302277
2020-06-01,관악구,1906.0,1162.0,1166.0,API_2017_2025,2020,6,2,여름,511332.0181866667,486308.0891933333,22360.2336,2663.69539,560902.9554433334,455443.25007,467504.01509666664,542637.7346966666,212918.53572,33003.99897666667,120292.01941333334,59622.517329999995,-75133.7196,0,27,1,87,214,10,170,0,0,185,0,0,0,8,1082872.0,768962.0,313910.0,0.2899,,490474.0,397272.0,93202.0,0.19,,372.7519365517604,227.24960664907957,0.8615398178270821,0.6096537250786989
2020-07-01,관악구,2100.0,1305.0,1316.0,API_2017_2025,2020,7,3,여름,507624.54759032256,481889.53931612906,22106.68980645161,3628.318461290323,558309.7777741936,451040.84231290326,463416.3833129032,539201.8077806452,208217.2600193548,32492.97327419355,117387.58815806452,58336.69858709678,-75785.42446774195,0,27,1,87,214,10,170,0,0,185,0,0,0,8,1082872.0,768962.0,313910.0,0.2899,,490474.0,397272.0,93202.0,0.19,,413.691577755377,257.0797661765557,0.8594488679856717,0.6214285714285714
2020-08-01,관악구,2078.0,1186.0,1208.0,API_2017_2025,2020,8,3,여름,508866.59424516134,482337.07150322583,22389.976541935484,4139.546209677419,552219.3617806451,459914.1373322581,470880.65722580644,535999.406383871,203102.9206967742,31377.26123548387,115090.8478,56634.81166129032,-65118.749158064515,0,27,1,87,214,10,170,0,0,185,0,0,0,8,1082872.0,768962.0,313910.0,0.2899,,490474.0,397272.0,93202.0,0.19,,408.35850171741924,233.06697932476382,0.8785096617972223,0.5707410972088547
2020-09-01,관악구,1727.0,1000.0,1011.0,API_2017_2025,2020,9,3,가을,511132.82539333333,486225.8844866667,22129.079163333336,2777.8617566666667,554766.0743099999,460727.9917266667,472351.70397000003,538833.6264033333,204181.51878333333,31314.654053333332,114499.97061333334,58366.89411666666,-66481.92243333333,0,27,1,87,214,10,170,0,0,185,0,0,0,8,1082872.0,768962.0,313910.0,0.2899,,490474.0,397272.0,93202.0,0.19,,337.8769498263034,195.6438620881896,0.8766188315360083,0.5790387955993052
2020-10-01,관악구,1861.0,1105.0,1111.0,API_2017_2025,2020,10,4,가을,501121.6712870968,476625.25353548385,21584.01037419355,2912.407387096774,547608.162867742,447368.6155645161,460564.30653548386,530091.2175451614,208185.61298064515,34461.043683870965,115253.8146483871,58470.7546483871,-69526.91100967742,0,27,1,87,214,10,170,0,0,185,0,0,0,8,1082872.0,768962.0,313910.0,0.2899,,490474.0,397272.0,93202.0,0.19,,371.36689682969575,220.50533100312404,0.8688397228468435,0.5937667920472864
2020-11-01,관악구,1775.0,1129.0,1136.0,API_2017_2025,2020,11,4,가을,501324.81513999996,477293.01277,21317.948673333332,2713.853713333333,548201.3434,446834.82304,459180.27319000004,531428.0593966667,205743.67137666667,32970.88735,114556.75309333335,58216.030933333335,-72247.78620666666,0,27,1,87,214,10,170,0,0,185,0,0,0,8,1082872.0,768962.0,313910.0,0.2899,,490474.0,397272.0,93202.0,0.19,,354.06186695631925,225.20329453165317,0.8640497336766712,0.636056338028169
2020-12-01,관악구,1719.0,1000.0,1011.0,API_2017_2025,2020,12,4,겨울,505973.7091419355,481233.21754838707,21993.042387096775,2747.4492193548385,543529.2434096774,460182.53272580646,470666.57172903226,531193.0929870968,191226.9161935484,29391.1654483871,107933.08626451614,53902.664480645166,-60526.52125806451,0,27,1,87,214,10,170,0,0,185,0,0,0,8,1082872.0,768962.0,313910.0,0.2899,,490474.0,397272.0,93202.0,0.19,,339.74097249345164,197.63872745401488,0.8860555190623784,0.5817335660267597
2021-01-01,관악구,2041.0,1215.0,1039.0,건별집계|API_2017_2025,2021,1,1,겨울,507264.3255548387,482173.49170645163,22676.632461290323,2414.2013967741937,543990.7217935483,461480.99933870963,472415.8882903226,532156.0664612903,196222.8643612903,31811.78881935484,109674.68052903227,54736.395012903224,-59740.178170967745,0,35,1,187,265,2,251,0,0,304,0,0,1,23,1145854.0,810276.0,335578.0,0.2929,124722.0,486624.0,393749.0,92875.0,0.1909,54729.0,402.3543342551406,239.52009609014982,0.8877393645660652,0.595296423321901
2021-02-01,관악구,1783.0,1105.0,1002.0,건별집계|API_2017_2025,2021,2,1,겨울,497853.8998928572,472378.8906392857,22400.540696428572,3074.4685535714284,540049.8874035714,447628.10975357145,460100.4344892857,524820.660875,202024.14183214286,34477.6336,110878.02827142857,56668.479960714285,-64720.2263857143,0,35,1,187,265,2,251,0,0,304,0,0,1,23,1145854.0,810276.0,335578.0,0.2929,124722.0,486624.0,393749.0,92875.0,0.1909,54729.0,358.13719655178323,221.9526652774652,0.8766812528344247,0.6197420078519349
2021-03-01,관악구,1929.0,1189.0,1047.0,건별집계|API_2017_2025,2021,3,1,봄,503223.0238064516,478839.892816129,21684.695303225806,2698.435693548387,550094.3871516129,447770.48761612904,460724.8382645161,533578.8706354839,205399.85648709678,36658.29872580645,109717.62436451613,59023.93339677419,-72854.03237096773,0,35,1,187,265,2,251,0,0,304,0,0,1,23,1145854.0,810276.0,335578.0,0.2929,124722.0,486624.0,393749.0,92875.0,0.1909,54729.0,383.3290427390952,236.27694754628521,0.8634615492097732,0.616381544841887
2021-04-01,관악구,1997.0,1227.0,1085.0,건별집계|API_2017_2025,2021,4,2,봄,497989.9721366667,474672.8527933333,21064.138446666664,2252.9809,546647.2500666666,441035.72817,454348.0814833333,529162.7511733334,212806.20849333334,33902.62665333333,116748.40721333332,62155.17462666667,-74814.66969,0,35,1,187,265,2,251,0,0,304,0,0,1,23,1145854.0,810276.0,335578.0,0.2929,124722.0,486624.0,393749.0,92875.0,0.1909,54729.0,401.0120909526969,246.3905035548118,0.8586169008984277,0.614421632448673
2021-05-01,관악구,2291.0,1383.0,1224.0,건별집계|API_2017_2025,2021,5,2,봄,498561.08106129034,474541.8475290322,21229.991283870968,2789.242241935484,544911.7184322581,445693.11224193545,458435.80376774195,527221.9933935484,205604.94794193548,33033.03656774194,113320.08019032258,59251.83118387097,-68786.18962580645,0,35,1,187,265,2,251,0,0,304,0,0,1,23,1145854.0,810276.0,335578.0,0.2929,124722.0,486624.0,393749.0,92875.0,0.1909,54729.0,459.5224310576214,277.39830735604124,0.8695308798044383,0.6036665211697948
2021-06-01,관악구,2335.0,1478.0,1343.0,건별집계|API_2017_2025,2021,6,2,여름,494354.85477333335,470883.69411333336,20764.616736666667,2706.5439199999996,543643.9003433333,438914.2521,451204.56345666666,525176.49142,207423.67959333333,33339.60135333333,113939.56323333333,60144.51500666667,-73971.92796333335,0,35,1,187,265,2,251,0,0,304,0,0,1,23,1145854.0,810276.0,335578.0,0.2929,124722.0,486624.0,393749.0,92875.0,0.1909,54729.0,472.33277421147625,298.9755204644805,0.8591484402446802,0.6329764453961456
2021-07-01,관악구,2581.0,1628.0,1359.0,건별집계|API_2017_2025,2021,7,3,여름,490832.7045967742,467068.4716967742,20898.407241935485,2865.825651612903,535386.5131645161,440474.2375032258,451601.78234516125,518854.79192903225,194307.88858064517,31111.570125806455,107024.45046129033,56171.86799354838,-67253.00958387097,0,35,1,187,265,2,251,0,0,304,0,0,1,23,1145854.0,810276.0,335578.0,0.2929,124722.0,486624.0,393749.0,92875.0,0.1909,54729.0,525.8410810502791,331.68123981009467,0.8703818281530495,0.630763270050368
2021-08-01,관악구,2336.0,1490.0,1321.0,건별집계|API_2017_2025,2021,8,3,여름,485135.4525677419,462106.5374548387,20675.42570967742,2353.4893967741937,527368.994367742,436439.8520225806,447611.01971935487,511938.61888064514,189338.46152580646,30824.023587096777,103806.03696774194,54708.40097096774,-64327.599161290316,0,35,1,187,265,2,251,0,0,304,0,0,1,23,1145854.0,810276.0,335578.0,0.2929,124722.0,486624.0,393749.0,92875.0,0.1909,54729.0,481.51500527037086,307.1307182589266,0.8743450937498275,0.6378424657534246
2021-09-01,관악구,2267.0,1426.0,1265.0,건별집계|API_2017_2025,2021,9,3,가을,480050.89998333337,456639.76599333336,20553.980213333332,2857.1537766666665,523179.8276933333,431724.6387233333,443131.1650466667,506422.1392333333,191194.17193,33760.250036666665,102233.79392666667,55200.12796666667,-63290.97418666667,0,35,1,187,265,2,251,0,0,304,0,0,1,23,1145854.0,810276.0,335578.0,0.2929,124722.0,486624.0,393749.0,92875.0,0.1909,54729.0,472.2415893978548,297.05183347213983,0.8750232873260989,0.6290251433612704
2021-10-01,관악구,2358.0,1465.0,1237.0,건별집계|API_2017_2025,2021,10,4,가을,486279.153783871,463131.68306451617,20200.016774193547,2947.4539580645164,530801.3180451613,434451.77392580645,447120.38765806454,514249.7010258064,191027.73297419355,32472.660987096773,103226.28592903225,55328.786058064514,-67129.31336774194,0,35,1,187,265,2,251,0,0,304,0,0,1,23,1145854.0,810276.0,335578.0,0.2929,124722.0,486624.0,393749.0,92875.0,0.1909,54729.0,484.9066594057668,301.2672841515896,0.8694616385117292,0.6212892281594572
2021-11-01,관악구,2441.0,1479.0,1182.0,건별집계|API_2017_2025,2021,11,4,가을,484426.42937333335,460823.7609966667,20143.254039999996,3459.414313333333,532489.5425233333,429142.13901,441819.7306866667,514859.78557,197568.26317999998,33978.242073333335,105483.06015333332,58106.960953333335,-73040.05488333333,0,35,1,187,265,2,251,0,0,304,0,0,1,23,1145854.0,810276.0,335578.0,0.2929,124722.0,486624.0,393749.0,92875.0,0.1909,54729.0,503.89488516506856,305.30951870509483,0.8581360266806023,0.6058992216304793
2021-12-01,관악구,2381.0,1352.0,1129.0,건별집계|API_2017_2025,2021,12,4,겨울,488306.53490645165,464697.62158064515,20423.812751612903,3185.1005806451612,532683.5596129032,436985.2107419355,448437.76105161285,516784.23051290325,190013.28947419356,32601.079322580645,101348.63663225807,56063.57351935484,-68346.46946129033,0,35,1,187,265,2,251,0,0,304,0,0,1,23,1145854.0,810276.0,335578.0,0.2929,124722.0,486624.0,393749.0,92875.0,0.1909,54729.0,487.6035501872087,276.875262433056,0.8677466040450631,0.5678286434271315
2022-01-01,관악구,2361.0,1392.0,1244.0,건별집계|API_2017_2025|xlsx_2022_2024,2022,1,1,겨울,487023.18343870965,462712.008083871,20802.01097096774,3509.1644096774194,528413.0486548387,437383.94918064517,449125.05489354837,514093.27526774193,189489.35136451613,34786.03930645161,98376.07370967742,56327.2383483871,-64968.220374193545,3,32,34,433,176,4,375,0,0,214,0,0,0,37,1078891.0,765354.0,313537.0,0.2906,132133.0,473870.0,382745.0,91125.0,0.1923,50739.0,484.78185028683026,285.8180159251452,0.8736256171793769,0.5895806861499364
2022-02-01,관악구,2334.0,1219.0,,건별집계|xlsx_2022_2024,2022,2,1,겨울,492936.2469321429,468474.05129285716,21101.42472142857,3360.7709142857143,532734.8639,446371.07394642854,457345.3311857143,518358.3296071429,190668.9074142857,34558.486964285716,99484.64827857143,56625.772171428565,-61012.998421428565,3,32,34,433,176,4,375,0,0,214,0,0,0,37,1078891.0,765354.0,313537.0,0.2906,132133.0,473870.0,382745.0,91125.0,0.1923,50739.0,473.4892218874089,247.29364245105035,0.8822957114093843,0.5222793487574978
2022-03-01,관악구,3016.0,1370.0,,건별집계|xlsx_2022_2024,2022,3,1,봄,501075.5946451613,477486.22173870966,20758.8596,2830.5133193548386,543278.0766806451,452076.5850935484,463538.3673580645,527887.8998645161,188936.52934838712,34488.590812903225,98171.09923870968,56276.8392967742,-64349.532506451615,3,32,34,433,176,4,375,0,0,214,0,0,0,37,1078891.0,765354.0,313537.0,0.2906,132133.0,473870.0,382745.0,91125.0,0.1923,50739.0,601.9051880057724,273.4118393792799,0.8781000047112899,0.4542440318302387
2022-04-01,관악구,2550.0,1446.0,,건별집계|xlsx_2022_2024,2022,4,2,봄,491747.4010233333,469117.4735533333,20125.316253333334,2504.6112033333334,543054.4856033333,433951.83416,447589.8143166667,523288.53438666667,197280.96578,33496.95559666667,103871.86868666667,59912.14149666667,-75698.72007000001,3,32,34,433,176,4,375,0,0,214,0,0,0,37,1078891.0,765354.0,313537.0,0.2906,132133.0,473870.0,382745.0,91125.0,0.1923,50739.0,518.5589175852102,294.0534097365545,0.8553403808880993,0.5670588235294117
2022-05-01,관악구,2498.0,1436.0,,건별집계|xlsx_2022_2024,2022,5,2,봄,494804.9337387097,472096.62160645163,20529.42600967742,2178.886129032258,547943.5496387098,436352.743616129,449724.7852322581,527005.0398096774,199324.1700677419,35533.14050967742,102840.46628064517,60950.56327741936,-77280.25457741934,3,32,34,433,176,4,375,0,0,214,0,0,0,37,1078891.0,765354.0,313537.0,0.2906,132133.0,473870.0,382745.0,91125.0,0.1923,50739.0,504.8454107208058,290.21537621900603,0.8533595530598184,0.5748598879103283
2022-06-01,관악구,2388.0,1399.0,,건별집계|xlsx_2022_2024,2022,6,2,여름,500385.9365666667,477162.05317,20652.140623333333,2571.7427633333336,552714.3596633333,442869.57687999995,455939.03638,532133.7224166667,197102.25749333334,34715.14936333333,101530.84082999999,60856.2673,-76194.68603666667,3,32,34,433,176,4,375,0,0,214,0,0,0,37,1078891.0,765354.0,313537.0,0.2906,132133.0,473870.0,382745.0,91125.0,0.1923,50739.0,477.2316377204669,279.58419647024004,0.8568128971593246,0.5858458961474037
2022-07-01,관악구,2743.0,1653.0,,건별집계|xlsx_2022_2024,2022,7,3,여름,484980.92,462319.4824709677,19945.99371935484,2715.4438161290323,535726.6059612903,430512.61170645163,442169.38122903224,515560.59056129033,187098.96102258065,34490.77785806452,95749.67513870967,56858.50802580645,-73391.20933225806,3,32,34,433,176,4,375,0,0,214,0,0,0,37,1078891.0,765354.0,313537.0,0.2906,132133.0,473870.0,382745.0,91125.0,0.1923,50739.0,565.589260707411,340.838150911174,0.8576477514459413,0.6026248632883704
2022-08-01,관악구,3132.0,1767.0,,건별집계|xlsx_2022_2024,2022,8,3,여름,479235.734732258,456750.38392903225,19839.81768387097,2645.5331258064516,527978.9730419355,425442.1084548387,437160.5171548387,509289.46159677417,185636.99747741935,34038.00270645161,94999.02138387096,56599.973387096776,-72128.94444193548,3,32,34,433,176,4,375,0,0,214,0,0,0,37,1078891.0,765354.0,313537.0,0.2906,132133.0,473870.0,382745.0,91125.0,0.1923,50739.0,653.5405799297923,368.7120704776318,0.8583733811891773,0.564176245210728
2022-09-01,관악구,2604.0,1573.0,,건별집계|xlsx_2022_2024,2022,9,3,가을,478333.44641333335,455671.2523,19794.445826666666,2867.7483166666666,529510.49226,424080.1197033333,436415.1068133333,508275.1175766667,189904.79469333336,37319.20710666667,93806.21420333332,58779.37338333333,-71860.01076333334,3,32,34,433,176,4,375,0,0,214,0,0,0,37,1078891.0,765354.0,313537.0,0.2906,132133.0,473870.0,382745.0,91125.0,0.1923,50739.0,544.3901152063396,328.8500964744901,0.8586198531497181,0.6040706605222734
2022-10-01,관악구,2428.0,1474.0,,건별집계|xlsx_2022_2024,2022,10,4,가을,482792.15157419356,460663.1914,19606.325793548385,2522.6343935483874,533520.373767742,425837.39066451613,439668.0232419355,513595.1003935484,186277.55390645162,34145.33047419354,94769.99962258064,57362.223809677416,-73927.07715161289,3,32,34,433,176,4,375,0,0,214,0,0,0,37,1078891.0,765354.0,313537.0,0.2906,132133.0,473870.0,382745.0,91125.0,0.1923,50739.0,502.90792675134753,305.30736574608164,0.8560596137016,0.6070840197693574
2022-11-01,관악구,2476.0,1549.0,,건별집계|xlsx_2022_2024,2022,11,4,가을,482056.74853333336,459839.74144666665,19625.607103333336,2591.4000066666663,535440.7649933334,422567.33884333336,435456.49865333334,515342.6413233334,192725.72251333334,34528.841016666665,98130.31390333334,60066.56759333333,-79886.14267,3,32,34,433,176,4,375,0,0,214,0,0,0,37,1078891.0,765354.0,313537.0,0.2906,132133.0,473870.0,382745.0,91125.0,0.1923,50739.0,513.6324732582369,321.3314624705206,0.8449844117985992,0.625605815831987
2022-12-01,관악구,2776.0,1748.0,,건별집계|xlsx_2022_2024,2022,12,4,겨울,484560.9430806452,461535.35934516124,20058.563451612907,2967.020293548387,533804.784316129,430252.05603870965,442132.54223225807,514866.9436967742,185966.40961290323,34609.17595806452,94363.63595161292,56993.59770322581,-72734.40146451614,3,32,34,433,176,4,375,0,0,214,0,0,0,37,1078891.0,765354.0,313537.0,0.2906,132133.0,473870.0,382745.0,91125.0,0.1923,50739.0,572.8897550742121,360.7389379934159,0.858731654158492,0.6296829971181557
2023-01-01,관악구,2510.0,,,xlsx_2022_2024,2023,1,1,겨울,476882.69034193543,453931.841316129,20252.885677419355,2697.963351612903,524589.2215709677,425972.99836774194,437223.9031064516,505210.39552258066,181747.22602903226,36177.596070967746,90591.16838064516,54978.46157741936,-67986.49241612903,0,38,11,601,244,0,259,0,0,136,0,0,0,128,1034770.0,748563.0,286207.0,0.2766,144984.0,429547.0,344575.0,84972.0,0.1978,54132.0,526.3348934305573,,0.8654293478149732,
2023-02-01,관악구,2267.0,,,xlsx_2022_2024,2023,2,1,겨울,482143.0142321428,459214.9353142857,20212.76325714286,2715.3156642857143,534354.5797928572,423553.8821071429,436490.96740714286,514751.61911785713,179104.80777500002,36862.73214642857,86412.24157142857,55829.834057142856,-78260.6517107143,0,38,11,601,244,0,259,0,0,136,0,0,0,128,1034770.0,748563.0,286207.0,0.2766,144984.0,429547.0,344575.0,84972.0,0.1978,54132.0,470.19243939693007,,0.8479642437165491,
2023-03-01,관악구,2435.0,,,xlsx_2022_2024,2023,3,1,봄,488150.81170645164,465313.47227419354,19926.750041935484,2910.589387096774,541509.0481870967,428086.2857548387,441943.30623870966,521156.1727741935,179504.9513548387,37851.46694516129,84334.6598,57318.82460967742,-79212.86653548386,0,38,11,601,244,0,259,0,0,136,0,0,0,128,1034770.0,748563.0,286207.0,0.2766,144984.0,429547.0,344575.0,84972.0,0.1978,54132.0,498.8212539251664,,0.8480055102987234,
2023-04-01,관악구,2533.0,,,xlsx_2022_2024,2023,4,2,봄,485748.59655,463400.84736,19866.71268,2481.0365066666664,538511.46575,425774.87959,439853.0846766667,518531.10502666666,185200.78811666666,35910.05326,91364.13087333334,57926.603983333334,-78678.02034999999,0,38,11,601,244,0,259,0,0,136,0,0,0,128,1034770.0,748563.0,286207.0,0.2766,144984.0,429547.0,344575.0,84972.0,0.1978,54132.0,521.4631638651102,,0.8482675010480736,
2023-05-01,관악구,2754.0,,,xlsx_2022_2024,2023,5,2,봄,481834.12116451614,459823.89647096774,19677.22753548387,2332.997177419355,534436.2369548387,424177.6918580645,437260.72681935487,513672.26000645163,184115.7106580645,34846.958580645165,92459.55693870968,56809.19513870968,-76411.53318709678,0,38,11,601,244,0,259,0,0,136,0,0,0,128,1034770.0,748563.0,286207.0,0.2766,144984.0,429547.0,344575.0,84972.0,0.1978,54132.0,571.5659973071275,,0.8512445792067163,
2023-06-01,관악구,2632.0,,,xlsx_2022_2024,2023,6,2,여름,479959.95597333333,457924.21759333333,19612.271246666667,2423.46714,532564.39541,421940.6633266667,434792.6143633333,512222.3428366667,182894.77810666666,34388.21051333333,92762.14399666667,55744.42359666667,-77429.72847333334,0,38,11,601,244,0,259,0,0,136,0,0,0,128,1034770.0,748563.0,286207.0,0.2766,144984.0,429547.0,344575.0,84972.0,0.1978,54132.0,548.3790818887054,,0.8488357066883677,
2023-07-01,관악구,2647.0,,,xlsx_2022_2024,2023,7,3,여름,477957.83225806453,455502.0265612903,20040.189887096774,2415.6157967741933,529584.5001516129,422040.36065161286,434045.3052548387,509323.9229677419,174617.22332258066,34376.87946451613,87835.89828709679,52404.445570967735,-75278.61771290323,0,38,11,601,244,0,259,0,0,136,0,0,0,128,1034770.0,748563.0,286207.0,0.2766,144984.0,429547.0,344575.0,84972.0,0.1978,54132.0,553.8145462528588,,0.8521989360439467,
2023-08-01,관악구,2838.0,,,xlsx_2022_2024,2023,8,3,여름,471065.4990322581,449038.83145483874,19853.75286451613,2172.914729032258,522970.57630322577,414661.9562451613,426755.5327419355,502715.4749451613,170667.44815483873,33624.6599516129,85510.86655161291,51531.9216516129,-75959.94220322582,0,38,11,601,244,0,259,0,0,136,0,0,0,128,1034770.0,748563.0,286207.0,0.2766,144984.0,429547.0,344575.0,84972.0,0.1978,54132.0,602.4639897912915,,0.8489007281673359,
2023-09-01,관악구,2597.0,,,xlsx_2022_2024,2023,9,3,가을,474305.08332000003,452686.04037,19516.584199999998,2102.45876,526871.2828133333,418724.78491,431600.65772666666,504808.24445999996,176183.00609666668,37245.86167,84943.68488,53993.45954666667,-73207.58673333333,0,38,11,601,244,0,259,0,0,136,0,0,0,128,1034770.0,748563.0,286207.0,0.2766,144984.0,429547.0,344575.0,84972.0,0.1978,54132.0,547.5378804337795,,0.8549794153785177,
2023-10-01,관악구,2557.0,,,xlsx_2022_2024,2023,10,4,가을,473497.1337483871,452010.5089612903,19443.869993548386,2042.7547774193547,525642.3581870968,415742.79869677423,429654.42178709677,504813.35658064514,172248.6301387097,33357.18962258064,86301.15963548387,52590.28088064516,-75158.93479354838,0,38,11,601,244,0,259,0,0,136,0,0,0,128,1034770.0,748563.0,286207.0,0.2766,144984.0,429547.0,344575.0,84972.0,0.1978,54132.0,540.0243882698499,,0.8511153997536086,
2023-11-01,관악구,2224.0,,,xlsx_2022_2024,2023,11,4,가을,478318.0099,457101.46263666666,19418.61766,1797.9296033333333,533915.6032533334,418277.8178866666,431255.6169766667,511934.0048633333,181315.38672666668,37095.05139666667,87983.71408666667,56236.621243333335,-80678.38788666666,0,38,11,601,244,0,259,0,0,136,0,0,0,128,1034770.0,748563.0,286207.0,0.2766,144984.0,429547.0,344575.0,84972.0,0.1978,54132.0,464.96263029380026,,0.8424047101379705,
2023-12-01,관악구,2409.0,,,xlsx_2022_2024,2023,12,4,겨울,486899.7681645161,462898.08436451614,22042.27276129032,1959.4110387096775,539688.3466096774,431441.8017709678,444194.30781612906,517403.668416129,178023.04708064516,39214.81426774194,84677.57009677419,54130.66271612903,-73209.3606,0,38,11,601,244,0,259,0,0,136,0,0,0,128,1034770.0,748563.0,286207.0,0.2766,144984.0,429547.0,344575.0,84972.0,0.1978,54132.0,494.7630205455418,,0.8585062977537292,
2024-01-01,관악구,2245.0,,,xlsx_2022_2024,2024,1,1,겨울,476843.90505806456,454858.7921612903,19986.578467741936,1998.5344387096775,530108.7355645162,420582.3392290323,434500.70838064514,507089.04553225805,170566.40351935485,38071.51558064516,81442.59955806452,51052.288380645165,-72588.33715161291,0,53,0,307,302,0,381,12,313,155,66,64,0,118,1008244.0,725890.0,282354.0,0.28,127426.0,453674.0,364430.0,89244.0,0.1967,62426.0,470.80396250983426,,0.8568528786193326,
2024-02-01,관악구,2072.0,,,xlsx_2022_2024,2024,2,1,겨울,473816.5360655172,451273.3830344827,20232.91946896552,2310.2335620689655,523557.4713551724,419951.6044413793,432697.8319862069,503187.0389758621,173943.46373793104,38694.094920689655,82597.85350689654,52651.515310344825,-70489.20698965517,0,53,0,307,302,0,381,12,313,155,66,64,0,118,1008244.0,725890.0,282354.0,0.28,127426.0,453674.0,364430.0,89244.0,0.1967,62426.0,437.3000607377479,,0.8599145019054504,
2024-03-01,관악구,2169.0,,,xlsx_2022_2024,2024,3,1,봄,484851.1809516129,462896.1760483871,19912.408758064517,2042.5961451612902,535144.9415419354,428797.1029064516,442143.07998064515,515356.96737096773,178847.90011935483,41277.91342258064,82790.45799032258,54779.528706451616,-73213.88739032258,0,53,0,307,302,0,381,12,313,155,66,64,0,118,1008244.0,725890.0,282354.0,0.28,127426.0,453674.0,364430.0,89244.0,0.1967,62426.0,447.35376239425136,,0.8579355824685664,
2024-04-01,관악구,2083.0,,,xlsx_2022_2024,2024,4,2,봄,474096.32485333335,452929.72822,19381.434569999998,1785.1620633333332,527522.44834,414237.07963,428188.46678666666,506887.65204666666,184906.90239333332,35164.25580666667,92936.29933000001,56806.34725666667,-78699.18526,0,53,0,307,302,0,381,12,313,155,66,64,0,118,1008244.0,725890.0,282354.0,0.28,127426.0,453674.0,364430.0,89244.0,0.1967,62426.0,439.36219093122014,,0.8447403779866499,
2024-05-01,관악구,2346.0,,,xlsx_2022_2024,2024,5,2,봄,470610.3876870968,449391.9314258064,19159.437690322582,2059.018577419355,522219.08797096775,413627.6507774194,427030.0593580645,501739.19363548385,182158.80062580647,33846.463212903225,92712.56128064515,55599.77613225807,-74709.13427741935,0,53,0,307,302,0,381,12,313,155,66,64,0,118,1008244.0,725890.0,282354.0,0.28,127426.0,453674.0,364430.0,89244.0,0.1967,62426.0,498.5015336210189,,0.8510996644768877,
2024-06-01,관악구,2373.0,,,xlsx_2022_2024,2024,6,2,여름,470623.88848,449366.61972666666,19103.360386666667,2153.9083633333335,520849.80844,415768.55874666665,428348.40256333334,500820.66412666667,184332.74612,35360.201923333334,93648.19115666667,55324.353039999995,-72472.26156333335,0,53,0,307,302,0,381,12,313,155,66,64,0,118,1008244.0,725890.0,282354.0,0.28,127426.0,453674.0,364430.0,89244.0,0.1967,62426.0,504.22429844439245,,0.855292988579633,
2024-07-01,관악구,2564.0,,,xlsx_2022_2024,2024,7,3,여름,468436.8193903226,446767.8126258065,19366.327787096772,2302.678977419355,520365.8390322581,411524.3027451613,423536.09700645163,500508.76394516125,178490.29450967742,35487.3249516129,89071.19367096774,53931.775887096774,-76972.66693870968,0,53,0,307,302,0,381,12,313,155,66,64,0,118,1008244.0,725890.0,282354.0,0.28,127426.0,453674.0,364430.0,89244.0,0.1967,62426.0,547.3523629797255,,0.8462111505661004,
2024-08-01,관악구,2647.0,,,xlsx_2022_2024,2024,8,3,여름,468258.81807419355,446592.80277096777,19484.464012903227,2181.551283870968,518739.83193225804,414126.86069032253,425892.72815806454,498520.31087741937,180695.2180032258,37722.35287419355,88095.14054193549,54877.724587096774,-72627.58271935483,0,53,0,307,302,0,381,12,313,155,66,64,0,118,1008244.0,725890.0,282354.0,0.28,127426.0,453674.0,364430.0,89244.0,0.1967,62426.0,565.2856706225647,,0.8543136936757364,
2024-09-01,관악구,2145.0,,,xlsx_2022_2024,2024,9,3,가을,464185.07440000004,442461.9559033333,19319.503113333332,2403.6153866666664,512943.59597,413100.1115366667,424975.54412,492191.88172999996,182432.36974,39018.28062666666,86959.04668,56455.042433333336,-67216.33761,0,53,0,307,302,0,381,12,313,155,66,64,0,118,1008244.0,725890.0,282354.0,0.28,127426.0,453674.0,364430.0,89244.0,0.1967,62426.0,462.1001661401114,,0.8634346885736067,
2024-10-01,관악구,2190.0,,,xlsx_2022_2024,2024,10,4,가을,471192.2508645161,449656.71330967743,19171.856961290323,2363.6806064516127,521225.48286451615,414372.6488935484,427747.0631322581,502224.5278322581,182249.42416451612,35522.98586774194,90330.54576774193,56395.89252903226,-74477.4647,0,53,0,307,302,0,381,12,313,155,66,64,0,118,1008244.0,725890.0,282354.0,0.28,127426.0,453674.0,364430.0,89244.0,0.1967,62426.0,464.77844149217555,,0.8517048440038052,
2024-11-01,관악구,2177.0,,,xlsx_2022_2024,2024,11,4,가을,470488.40268,449059.17403000005,19265.849306666663,2163.379343333333,521747.5519866666,413225.2601266667,426202.72602666664,502121.02887,191542.62685666667,38334.418659999996,94515.19642,58693.011776666666,-75918.30284333332,0,53,0,307,302,0,381,12,313,155,66,64,0,118,1008244.0,725890.0,282354.0,0.28,127426.0,453674.0,364430.0,89244.0,0.1967,62426.0,462.7106614316855,,0.8488047731954506,
2024-12-01,관악구,2238.0,,,xlsx_2022_2024,2024,12,4,겨울,472767.68499032257,450461.3026032258,19865.45745483871,2440.924929032258,519649.3286516129,419969.60729032254,432793.40249354835,501320.7439258064,185117.88731612902,38378.52004516129,90437.58664516128,56301.78062580645,-68527.34143225806,0,53,0,307,302,0,381,12,313,155,66,64,0,118,1008244.0,725890.0,282354.0,0.28,127426.0,453674.0,364430.0,89244.0,0.1967,62426.0,473.3826086370119,,0.8633063916413564,
2018-04-01,광진구,1353.0,839.0,843.0,API_2017_2025,2018,4,2,봄,421205.23313846154,395171.25760769227,23734.121038461537,2299.854503846154,444023.16116538463,397197.3009115384,405775.7156384615,432226.3170692307,221980.84134615384,43575.279661538465,96008.53030769232,82397.03137692307,-26450.601430769228,0,40,4,120,31,61,176,0,0,202,0,0,1,82,,,,,,,,,,,321.22108026023324,199.19030771495616,0.9388038155332117,0.6201034737620104
2018-05-01,광진구,1402.0,842.0,854.0,API_2017_2025,2018,5,2,봄,420698.3602935484,394492.9052225806,23858.4739,2346.9811677419357,446153.7778,396254.4262064516,406037.91620000004,430208.6668322581,216500.29200000002,42890.84241612903,92748.43005161292,80861.01953225807,-24170.750632258067,0,40,4,120,31,61,176,0,0,202,0,0,1,82,,,,,,,,,,,333.25539919426694,200.1433995161004,0.94381621641834,0.6005706134094151
2018-06-01,광진구,1386.0,882.0,887.0,API_2017_2025,2018,6,2,여름,418788.92948000005,393078.4127733334,23390.432923333334,2320.083786666667,441796.67571000004,394829.30252666667,402504.36547333334,430420.76092333335,197876.89899666666,39941.01218,84691.20625666667,73244.68056,-27916.395450000004,0,40,4,120,31,61,176,0,0,202,0,0,1,82,,,,,,,,,,,330.95430715443274,210.60728637100263,0.9351416149394975,0.6363636363636364
2018-07-01,광진구,1457.0,875.0,884.0,API_2017_2025,2018,7,3,여름,408386.6415,385144.9254483871,21005.328480645163,2236.387577419355,433566.7218903226,380706.66218387097,389441.5596129032,421918.8428483871,191520.58029032257,38854.44006129032,83417.02314193548,69249.11708709678,-32477.283235483872,0,40,4,120,31,61,176,0,0,202,0,0,1,82,,,,,,,,,,,356.76975002131644,214.25774280621272,0.9230248096619039,0.6005490734385724
2018-08-01,광진구,1432.0,900.0,909.0,API_2017_2025,2018,8,3,여름,407942.3037774193,383641.09228387097,21543.43277419355,2757.778716129032,432823.1922322581,382472.23957741936,391029.5353967742,419066.16058709676,199717.05133548388,39784.86380322581,88603.09248064515,71329.0950516129,-28036.625190322582,0,40,4,120,31,61,176,0,0,202,0,0,1,82,,,,,,,,,,,351.0300321246715,220.61943359790808,0.9330973773901374,0.6284916201117319
2018-09-01,광진구,1285.0,792.0,796.0,API_2017_2025,2018,9,3,가을,415392.9039466667,388672.3988233333,23785.10465,2935.40048,437978.08634,392226.25092333334,401830.27186,425080.49831,199879.81258,43214.76528666667,83746.91586666666,72918.13142666666,-23250.226449999995,0,40,4,120,31,61,176,0,0,202,0,0,1,82,,,,,,,,,,,309.34567918497333,190.6628621902715,0.9453039446823923,0.6163424124513619
2018-10-01,광진구,1351.0,846.0,855.0,API_2017_2025,2018,10,4,가을,419501.6690516129,393565.3487354838,23712.6526516129,2223.6676451612902,443446.8020129032,394339.0760193548,402842.0784548387,430409.7504774194,202591.7886451613,40563.84389354839,87931.53797741936,74096.40677419354,-27567.672022580653,0,40,4,120,31,61,176,0,0,202,0,0,1,82,,,,,,,,,,,322.0487782692901,201.6678507889115,0.9359501684336796,0.6262028127313102
2018-11-01,광진구,1231.0,804.0,809.0,API_2017_2025,2018,11,4,가을,420655.0672766667,394461.4797833333,23772.691833333334,2420.8956933333334,446193.51913333335,394463.51181666664,403729.28402666666,432744.91246333334,208212.38695333333,42784.38972,89352.48864333333,76075.50859,-29015.62843666667,0,40,4,120,31,61,176,0,0,202,0,0,1,82,,,,,,,,,,,292.6388140215522,191.13046829677333,0.9329498103825191,0.6531275385865151
2018-12-01,광진구,1347.0,885.0,895.0,API_2017_2025,2018,12,4,겨울,422799.67435161286,395545.5427806452,24620.70229677419,2633.4292612903228,444158.9517870968,399366.3801193549,408022.78572903224,433354.59479999996,198670.82310645163,41145.04178387097,85345.34526451613,72180.43605806452,-25331.809070967738,0,40,4,120,31,61,176,0,0,202,0,0,1,82,,,,,,,,,,,318.59059543167825,209.31898808985542,0.9415448471645749,0.6570155902004454
2019-01-01,광진구,1186.0,774.0,779.0,API_2017_2025,2019,1,1,겨울,414918.67213225807,390125.3969741935,22450.9934,2342.2817580645165,438713.71311290324,387552.308232258,396371.2226516129,428166.85031935485,199450.7679516129,39941.73064516129,87746.52688064516,71762.51042580645,-31795.627667741934,0,34,2,92,28,89,182,0,0,179,0,0,0,29,690755.0,504227.0,186528.0,0.27,,684649.0,488724.0,195925.0,0.2862,,285.8391486469316,186.54258098880698,0.9257400995802765,0.6526138279932546
2019-02-01,광진구,1040.0,667.0,676.0,API_2017_2025,2019,2,1,겨울,401628.7019071429,377264.83093928575,21551.145014285714,2812.725957142857,423572.3454607143,379064.186725,387911.2223678571,411426.9015892857,194626.62320357142,40860.02981785714,84876.06711071428,68890.526275,-23515.679221428574,0,34,2,92,28,89,182,0,0,179,0,0,0,29,690755.0,504227.0,186528.0,0.27,,684649.0,488724.0,195925.0,0.2862,,258.945636868465,166.07378826083286,0.942843603248619,0.6413461538461539
2019-03-01,광진구,1268.0,763.0,770.0,API_2017_2025,2019,3,1,봄,421211.5476774194,393295.72392258066,25511.71926129032,2404.104509677419,442724.9126032258,397978.72773225803,406417.5452,431778.6923,190669.7468032258,41463.312332258065,81373.03513548386,67833.39933548387,-25361.1471,0,34,2,92,28,89,182,0,0,179,0,0,0,29,690755.0,504227.0,186528.0,0.27,,684649.0,488724.0,195925.0,0.2862,,301.03638112293277,181.14413154321588,0.9412635510916341,0.6017350157728707
2019-04-01,광진구,1285.0,805.0,813.0,API_2017_2025,2019,4,2,봄,415975.1547166667,388287.7385733333,25616.216923333333,2071.19921,438059.31566666666,391471.7210333333,401354.88081999996,426418.20750333334,213850.17973,41631.940279999995,93591.62639,78626.61305999999,-25063.32668333334,0,34,2,92,28,89,182,0,0,179,0,0,0,29,690755.0,504227.0,186528.0,0.27,,684649.0,488724.0,195925.0,0.2862,,308.9126803439144,193.5211732893783,0.941223601051,0.6264591439688716
2019-05-01,광진구,1355.0,854.0,862.0,API_2017_2025,2019,5,2,봄,402745.4603580645,375628.3042709677,25136.852041935483,1980.3040451612903,424910.801483871,379511.21801935486,388550.2413516129,412884.90249999997,196069.02155806453,39580.95190322581,85191.8471516129,71296.2225032258,-24334.661148387102,0,34,2,92,28,89,182,0,0,179,0,0,0,29,690755.0,504227.0,186528.0,0.27,,684649.0,488724.0,195925.0,0.2862,,336.4407878850639,212.0445998921362,0.9410618770484419,0.6302583025830258
2019-06-01,광진구,1280.0,827.0,837.0,API_2017_2025,2019,6,2,여름,402165.10077666666,374767.60132,25377.9846,2019.5148833333333,422942.55623333337,379929.1275466667,387723.15282333334,412480.7779166667,185460.38911333334,37158.69324,82344.93124333333,65956.76463,-24757.62509333334,0,34,2,92,28,89,182,0,0,179,0,0,0,29,690755.0,504227.0,186528.0,0.27,,684649.0,488724.0,195925.0,0.2862,,318.2772442283149,205.6369382631378,0.9399787179941386,0.64609375
2019-07-01,광진구,1295.0,856.0,863.0,API_2017_2025,2019,7,3,여름,385685.3801967742,361033.47936129034,22521.384832258067,2130.516012903226,409147.4140935484,358039.75853225804,366753.97902258066,399207.8096096774,167689.8374903226,33833.92332580645,74439.57377096775,59416.34039354839,-32453.830587096774,0,34,2,92,28,89,182,0,0,179,0,0,0,29,690755.0,504227.0,186528.0,0.27,,684649.0,488724.0,195925.0,0.2862,,335.7659031149429,221.94255835242555,0.9187044195883135,0.661003861003861
2019-08-01,광진구,1316.0,843.0,849.0,API_2017_2025,2019,8,3,여름,396839.44623548386,371690.5870064516,22930.32488387097,2218.534341935484,419566.4546451613,370740.5152870968,379532.2607096774,409201.7216096774,177256.67471290322,36270.27245483871,77488.13450967742,63498.267748387094,-29669.460900000002,0,34,2,92,28,89,182,0,0,179,0,0,0,29,690755.0,504227.0,186528.0,0.27,,684649.0,488724.0,195925.0,0.2862,,331.62025914608495,212.428479073062,0.9274942911205525,0.6405775075987842
2019-09-01,광진구,1284.0,762.0,766.0,API_2017_2025,2019,9,3,가을,404549.86816,376217.4129,25188.712786666663,3143.742493333333,426156.43157,381395.73745333333,389944.5230666667,414982.25752333336,187596.90909333335,40802.21424,78486.02441,68308.67044333334,-25037.734456666665,0,34,2,92,28,89,182,0,0,179,0,0,0,29,690755.0,504227.0,186528.0,0.27,,684649.0,488724.0,195925.0,0.2862,,317.3897956857512,188.3574955705159,0.9396655302660527,0.5934579439252337
2019-10-01,광진구,1379.0,882.0,891.0,API_2017_2025,2019,10,4,가을,402292.1806419355,375557.41031935485,24341.724262903226,2393.046041935484,424458.0206806452,375589.0652112903,384196.45587258064,415217.69830483873,190176.0539532258,38025.813756451615,81143.11190322581,71007.12829354838,-31021.242432258077,0,34,2,92,28,89,182,0,0,179,0,0,0,29,690755.0,504227.0,186528.0,0.27,,684649.0,488724.0,195925.0,0.2862,,342.7856832314108,219.24363496019168,0.9252892095907642,0.6395939086294417
2019-11-01,광진구,1202.0,765.0,773.0,API_2017_2025,2019,11,4,가을,406015.5811,380485.69159666664,23420.280130000003,2109.60938,427878.99802666664,381383.6792133333,389614.3620566667,417730.7375566667,188287.54614000002,39606.01745,76993.77169666668,71687.75699333333,-28116.3755,0,34,2,92,28,89,182,0,0,179,0,0,0,29,690755.0,504227.0,186528.0,0.27,,684649.0,488724.0,195925.0,0.2862,,296.047751848211,188.4164144458248,0.9326925864626231,0.6364392678868552
2019-12-01,광진구,1255.0,809.0,815.0,API_2017_2025,2019,12,4,겨울,407206.2865451613,381315.6977677419,23685.70065483871,2204.8881290322583,428499.48615483876,383518.8623387097,391275.795816129,418585.2084903226,196878.58020645162,40678.28042258065,83169.24820645161,73031.05157741936,-27309.412674193554,0,34,2,92,28,89,182,0,0,179,0,0,0,29,690755.0,504227.0,186528.0,0.27,,684649.0,488724.0,195925.0,0.2862,,308.1975994643231,198.67080316066725,0.934757817237049,0.6446215139442231
2020-01-01,광진구,1255.0,838.0,839.0,API_2017_2025,2020,1,1,겨울,394147.19321935484,369838.8231290323,21819.02669354839,2489.3433903225805,417339.6727354839,368376.4419612903,376923.1827548387,406450.0578387097,186194.23817096773,38604.84581612903,80402.65951290322,67186.73284193549,-29526.875083870968,0,35,1,64,34,109,72,0,0,106,0,0,0,4,662616.0,487387.0,175229.0,0.2645,,644078.0,463868.0,180210.0,0.2798,,318.4089653789706,212.61092668332861,0.927354235743305,0.6677290836653387
2020-02-01,광진구,996.0,617.0,620.0,API_2017_2025,2020,2,1,겨울,398599.8514103448,373150.36856206896,22051.295841379313,3398.1870137931032,420101.3570413793,372522.00669310347,380133.28084827587,411790.2589586207,173693.46267931035,32071.820651724134,79368.42414827585,62253.217879310345,-31656.978110344833,0,35,1,64,34,109,72,0,0,106,0,0,0,4,662616.0,487387.0,175229.0,0.2645,,644078.0,463868.0,180210.0,0.2798,,249.87465411136148,154.7918289023193,0.9231235382050988,0.6194779116465864
2020-03-01,광진구,1030.0,578.0,581.0,API_2017_2025,2020,3,1,봄,395917.5234419355,370428.0985354839,22149.0569,3340.368006451613,415247.05700967746,371282.3417806452,378817.52002580644,408131.8116,164292.8997967742,27924.66351935484,77532.97489677419,58835.26138064516,-29314.29157419355,0,35,1,64,34,109,72,0,0,106,0,0,0,4,662616.0,487387.0,175229.0,0.2645,,644078.0,463868.0,180210.0,0.2798,,260.15519369934077,145.99000190118343,0.9281744506529087,0.5611650485436893
2020-04-01,광진구,1017.0,622.0,627.0,API_2017_2025,2020,4,2,봄,400827.45546666667,375302.13793333335,22767.556103333332,2757.76144,420657.77857,374860.55676999997,382794.6708233334,413708.01594,177414.64337,31131.77349666667,81650.20362666667,64632.66624666667,-30913.34511666667,0,35,1,64,34,109,72,0,0,106,0,0,0,4,662616.0,487387.0,175229.0,0.2645,,644078.0,463868.0,180210.0,0.2798,,253.72513437632395,155.17899073950196,0.9252773842285184,0.6116027531956736
2020-05-01,광진구,1170.0,692.0,695.0,API_2017_2025,2020,5,2,봄,398424.53797096777,372726.67457741936,23074.257367741935,2623.606022580645,418034.7540129032,373627.12675483874,381586.1582193548,410451.95206774195,176588.99241935482,33286.85710967742,81869.28960967742,61432.8457,-28865.793848387093,0,35,1,64,34,109,72,0,0,106,0,0,0,4,662616.0,487387.0,175229.0,0.2645,,644078.0,463868.0,180210.0,0.2798,,293.65661210486365,173.68408168937233,0.9296731476048065,0.5914529914529915
2020-06-01,광진구,1116.0,679.0,679.0,API_2017_2025,2020,6,2,여름,394696.1583966667,369330.55598,22712.809833333336,2652.79259,414926.6827933333,368118.78562000004,376000.38155666663,408050.2847066667,176114.64485333333,32058.77121,82092.09668333334,61963.77696,-32049.903150000006,0,35,1,64,34,109,72,0,0,106,0,0,0,4,662616.0,487387.0,175229.0,0.2645,,644078.0,463868.0,180210.0,0.2798,,282.74914165200164,172.03106378289348,0.9214559961083236,0.6084229390681004
2020-07-01,광진구,1121.0,672.0,676.0,API_2017_2025,2020,7,3,여름,392393.41245161294,365797.5181806452,22424.17273870968,4171.721522580645,413489.6021451613,365284.47175483865,373166.17400967743,406127.1541806452,174260.19611612902,32383.292725806452,80249.64056129033,61627.26282903226,-32960.98017096774,0,35,1,64,34,109,72,0,0,106,0,0,0,4,662616.0,487387.0,175229.0,0.2645,,644078.0,463868.0,180210.0,0.2798,,285.6826757096065,171.25669765999604,0.9188407378534784,0.5994647636039251
2020-08-01,광진구,1168.0,647.0,653.0,API_2017_2025,2020,8,3,여름,387992.0641870968,361791.1251322581,22512.00573548387,3688.933316129032,405911.3084903226,364675.8543483871,371631.00542580645,399678.5347387097,164961.7961354839,29845.459258064515,77122.29715483871,57994.039722580645,-28047.529312903225,0,35,1,64,34,109,72,0,0,106,0,0,0,4,662616.0,487387.0,175229.0,0.2645,,644078.0,463868.0,180210.0,0.2798,,301.0370849844932,166.755988000828,0.9298247794787394,0.5539383561643836
2020-09-01,광진구,1126.0,631.0,635.0,API_2017_2025,2020,9,3,가을,391270.4477966667,364260.32953,22126.420776666666,4883.697486666667,408439.42875,367964.64516333333,374985.8485533333,402902.3043933333,165055.72560666667,29819.390823333335,76777.84089,58458.49389333333,-27916.45584,0,35,1,64,34,109,72,0,0,106,0,0,0,4,662616.0,487387.0,175229.0,0.2645,,644078.0,463868.0,180210.0,0.2798,,287.780486960046,161.2695268843597,0.9307116004659368,0.5603907637655418
2020-10-01,광진구,1235.0,702.0,714.0,API_2017_2025,2020,10,4,가을,387022.1727387097,362507.76951935486,21467.416674193548,3046.98654516129,405296.1537548387,364309.98098709673,371158.38487741933,398353.4497741935,174607.8458419355,33651.55837741935,78646.3088516129,62309.97861290322,-27195.064896774198,0,35,1,64,34,109,72,0,0,106,0,0,0,4,662616.0,487387.0,175229.0,0.2645,,644078.0,463868.0,180210.0,0.2798,,319.1031643641217,181.38495658592183,0.9317313182245824,0.5684210526315789
2020-11-01,광진구,1155.0,683.0,690.0,API_2017_2025,2020,11,4,가을,386284.69488333334,362395.8885266667,20837.67362,3051.1327499999998,403749.98707,362690.96482,369634.5220266667,398177.6755,172526.42945333335,32309.88434,78279.71147666666,61936.83363666667,-28543.153473333343,0,35,1,64,34,109,72,0,0,106,0,0,0,4,662616.0,487387.0,175229.0,0.2645,,644078.0,463868.0,180210.0,0.2798,,299.00226835257763,176.81259678338571,0.9283155354265126,0.5913419913419914
2020-12-01,광진구,1061.0,611.0,645.0,API_2017_2025,2020,12,4,겨울,383588.2323645161,360871.4978709678,20552.225477419353,2164.5090096774193,397314.6484580645,363518.5370548387,369706.19506129035,393503.9732967742,157123.06747741933,27477.303967741933,74475.5486,55170.214909677416,-23797.778235483875,0,35,1,64,34,109,72,0,0,106,0,0,0,4,662616.0,487387.0,175229.0,0.2645,,644078.0,463868.0,180210.0,0.2798,,276.5986832963513,159.28538689356327,0.9395234105615092,0.5758718190386428
2021-01-01,광진구,1224.0,684.0,598.0,건별집계|API_2017_2025,2021,1,1,겨울,382873.16811612906,360337.4464612903,20513.89791612903,2021.8237258064516,396986.85632258066,362813.9989387097,369222.6018903226,392623.57258064515,162374.13828387097,29043.640067741937,76715.85905483871,56614.639161290324,-23400.970690322585,0,23,4,120,78,152,64,0,0,144,0,0,1,21,707992.0,526595.0,181397.0,0.2562,72146.0,676466.0,496584.0,179882.0,0.2659,109490.0,319.68811134572616,178.64923869319992,0.9403984571366611,0.5588235294117647
2021-02-01,광진구,1202.0,702.0,601.0,건별집계|API_2017_2025,2021,2,1,겨울,380118.1279642857,356431.58775714284,20494.34528214286,3192.1949285714286,395552.4935964286,359587.85321071424,365712.89011785714,390407.58357142855,169018.67410357142,32328.633085714286,76863.12618571428,59826.91483214286,-24694.693453571435,0,23,4,120,78,152,64,0,0,144,0,0,1,21,707992.0,526595.0,181397.0,0.2562,72146.0,676466.0,496584.0,179882.0,0.2659,109490.0,316.2174891361495,184.6794320911622,0.936746378675164,0.5840266222961731
2021-03-01,광진구,1280.0,755.0,652.0,건별집계|API_2017_2025,2021,3,1,봄,384738.5216129032,361269.6250451613,20377.15645483871,3091.7401258064515,401700.7264354839,361410.0379,368480.2116741935,396351.6001483871,171442.12718709678,34129.70966451613,76458.08865806452,60854.32886451613,-27871.388474193554,0,23,4,120,78,152,64,0,0,144,0,0,1,21,707992.0,526595.0,181397.0,0.2562,72146.0,676466.0,496584.0,179882.0,0.2659,109490.0,332.6934861198655,196.23717345351443,0.9296801414104068,0.58984375
2021-04-01,광진구,1321.0,782.0,697.0,건별집계|API_2017_2025,2021,4,2,봄,382275.6543,359629.96037000004,20364.784436666665,2280.909493333333,399034.75550666667,358511.34931666666,366152.62029666663,393792.1071733333,181642.03052666664,33544.30806333334,82049.20011666667,66048.52234666666,-27639.48687666667,0,23,4,120,78,152,64,0,0,144,0,0,1,21,707992.0,526595.0,181397.0,0.2562,72146.0,676466.0,496584.0,179882.0,0.2659,109490.0,345.56215786719014,204.56442653455161,0.9298119835995069,0.5919757759273278
2021-05-01,광진구,1545.0,850.0,771.0,건별집계|API_2017_2025,2021,5,2,봄,381328.12697741936,358201.10286451614,20684.39912580645,2442.6249774193548,397466.8578967742,359487.9464580645,367081.7129290323,391504.1370096774,176250.21937096774,33366.79765483871,79649.61244516128,63233.809270967744,-24422.424080645163,0,23,4,120,78,152,64,0,0,144,0,0,1,21,707992.0,526595.0,181397.0,0.2562,72146.0,676466.0,496584.0,179882.0,0.2659,109490.0,405.1628743587247,222.90514123295534,0.9376189884807233,0.5501618122977346
2021-06-01,광진구,1561.0,900.0,807.0,건별집계|API_2017_2025,2021,6,2,여름,377447.23303,354722.1582433333,20323.229059999998,2401.8457399999998,394942.00998,353463.74009000004,361046.71073000005,389161.89180333336,176525.02593,32516.18758,80583.15366333333,63425.68468666667,-28115.18107333333,0,23,4,120,78,152,64,0,0,144,0,0,1,21,707992.0,526595.0,181397.0,0.2562,72146.0,676466.0,496584.0,179882.0,0.2659,109490.0,413.5677422957634,238.44392573106154,0.9277545369536296,0.5765534913516976
2021-07-01,광진구,1562.0,938.0,854.0,건별집계|API_2017_2025,2021,7,3,여름,372857.6928870968,349987.66051290324,20252.770732258065,2617.261629032258,389502.65394193545,349734.47879677423,356944.55280967744,384224.22151935485,164940.27053548387,29279.009283870968,77099.0618483871,58562.19940322581,-27279.66870967742,0,23,4,120,78,152,64,0,0,144,0,0,1,21,707992.0,526595.0,181397.0,0.2562,72146.0,676466.0,496584.0,179882.0,0.2659,109490.0,418.9265850746391,251.5705101152442,0.9290006533117454,0.6005121638924455
2021-08-01,광진구,1640.0,1034.0,828.0,건별집계|API_2017_2025,2021,8,3,여름,369963.43057741935,346776.1089548387,20118.941912903225,3068.379706451613,385864.46659677423,348248.5475322581,355356.3260516129,380397.0766806452,162976.2394967742,29581.25678387097,76600.70836129032,56794.274351612905,-25040.750629032256,0,23,4,120,78,152,64,0,0,144,0,0,1,21,707992.0,526595.0,181397.0,0.2562,72146.0,676466.0,496584.0,179882.0,0.2659,109490.0,443.2870560856177,279.48708292227354,0.9341720739614023,0.6304878048780488
2021-09-01,광진구,1739.0,1037.0,893.0,건별집계|API_2017_2025,2021,9,3,가을,371778.40587333334,348049.09572333336,20200.455243333334,3528.8549133333336,386747.08741,351603.48109,358930.6405766666,380955.3810866667,168736.54785,32884.11949333333,76347.45729,59504.971066666665,-22024.740510000007,0,23,4,120,78,152,64,0,0,144,0,0,1,21,707992.0,526595.0,181397.0,0.2562,72146.0,676466.0,496584.0,179882.0,0.2659,109490.0,467.7517501090382,278.92959451585546,0.9421855114707266,0.5963197239792984
2021-10-01,광진구,1546.0,930.0,808.0,건별집계|API_2017_2025,2021,10,4,가을,374383.8927612903,351614.96751290327,20106.65696451613,2662.268280645161,389562.86427741934,353286.5943548387,360693.4276451613,384162.79641612904,168381.05376129033,32015.810761290326,76691.76225483872,59673.48074516129,-23469.368770967747,0,23,4,120,78,152,64,0,0,144,0,0,1,21,707992.0,526595.0,181397.0,0.2562,72146.0,676466.0,496584.0,179882.0,0.2659,109490.0,412.9451159336441,248.40812278026456,0.9389077521563397,0.6015523932729625
2021-11-01,광진구,1565.0,894.0,775.0,건별집계|API_2017_2025,2021,11,4,가을,376075.35152333335,352454.79014666664,19873.481953333332,3747.0794233333336,393722.11564333335,352291.63961,360403.21769666666,387269.73282333335,175110.83981333335,34291.69439333333,77922.32567333334,62896.81974666667,-26866.51512666666,0,23,4,120,78,152,64,0,0,144,0,0,1,21,707992.0,526595.0,181397.0,0.2562,72146.0,676466.0,496584.0,179882.0,0.2659,109490.0,416.14000855434966,237.71831798567962,0.9306258329800259,0.5712460063897764
2021-12-01,광진구,1563.0,890.0,788.0,건별집계|API_2017_2025,2021,12,4,겨울,376274.4712419355,352987.8080612903,20313.440041935486,2973.2231387096776,391672.94630645163,354470.4645225807,361537.87218387093,386800.61342903227,166046.05038709677,31712.50550967742,75075.46510967742,59258.07976774194,-25262.741245161287,0,23,4,120,78,152,64,0,0,144,0,0,1,21,707992.0,526595.0,181397.0,0.2562,72146.0,676466.0,496584.0,179882.0,0.2659,109490.0,415.38826560333627,236.52946665832962,0.9346879493773181,0.5694177863083814
2022-01-01,광진구,1539.0,908.0,784.0,건별집계|API_2017_2025|xlsx_2022_2024,2022,1,1,겨울,374092.6724774193,350825.3920032258,20604.144777419355,2663.1357032258065,389206.7019580645,352795.15642258065,359963.4285354839,384184.9895806451,166494.83666129032,32891.67380967742,75322.48633225806,58280.676519354834,-24221.561045161285,0,26,11,215,34,28,359,0,0,57,0,0,0,17,651316.0,471320.0,179996.0,0.2764,71477.0,619066.0,456047.0,163019.0,0.2633,85570.0,411.3953876209366,242.7206055619301,0.9369533904185061,0.589993502274204
2022-02-01,광진구,1487.0,838.0,,건별집계|xlsx_2022_2024,2022,2,1,겨울,377963.42715714284,354325.83052142855,20634.387542857145,3003.2090821428574,392406.43043214286,358478.5392214286,365106.7056214286,387146.79969285714,165424.2153,32089.996610714286,75757.06848571428,57577.15020357143,-22040.09407142858,0,26,11,215,34,28,359,0,0,57,0,0,0,17,651316.0,471320.0,179996.0,0.2764,71477.0,619066.0,456047.0,163019.0,0.2633,85570.0,393.4243085857516,221.71457336574298,0.9430704474661445,0.5635507733691997
2022-03-01,광진구,1897.0,884.0,,건별집계|xlsx_2022_2024,2022,3,1,봄,388532.58498064516,362891.01999999996,21044.70702903226,4596.857929032259,402544.05538709677,369819.2240516129,375955.6324548387,397516.12249032257,165387.92386129033,33405.37417096774,74556.1549,57426.39479032258,-21560.490035483865,0,26,11,215,34,28,359,0,0,57,0,0,0,17,651316.0,471320.0,179996.0,0.2764,71477.0,619066.0,456047.0,163019.0,0.2633,85570.0,488.24733711703993,227.52274433920044,0.9457619733750328,0.46599894570374273
2022-04-01,광진구,1769.0,984.0,,건별집계|xlsx_2022_2024,2022,4,2,봄,384473.47404,360768.3985266667,20957.645650000002,2747.42985,401661.0698733333,362572.7314666667,370991.59122,394103.39032999997,182170.47299666665,35659.17247333333,80437.17026333333,66074.13025999999,-23111.799110000004,0,26,11,215,34,28,359,0,0,57,0,0,0,17,651316.0,471320.0,179996.0,0.2764,71477.0,619066.0,456047.0,163019.0,0.2633,85570.0,460.1097655480794,255.93443148632568,0.9413560002854899,0.5562464669304692
2022-05-01,광진구,1724.0,1009.0,,건별집계|xlsx_2022_2024,2022,5,2,봄,388863.70768064517,365004.0988935484,21226.49549032258,2633.1133032258067,406571.4799516129,366732.2015096774,375406.47142580646,398476.01930000004,184290.5143677419,37595.950158064516,79732.67173548386,66961.89247419355,-23069.54787419355,0,26,11,215,34,28,359,0,0,57,0,0,0,17,651316.0,471320.0,179996.0,0.2764,71477.0,619066.0,456047.0,163019.0,0.2633,85570.0,443.3429929171578,259.47394423051753,0.9421055552735151,0.5852668213457076
2022-06-01,광진구,1660.0,947.0,,건별집계|xlsx_2022_2024,2022,6,2,여름,390598.7148833333,366284.25329,21616.301,2698.1605733333336,408649.6412333333,367547.3961333333,375388.38241666666,401463.2380633333,179189.22054666665,35110.09036333334,80010.02939000001,64069.10079333334,-26074.855646666667,0,26,11,215,34,28,359,0,0,57,0,0,0,17,651316.0,471320.0,179996.0,0.2764,71477.0,619066.0,456047.0,163019.0,0.2633,85570.0,424.98859743965625,242.44831432250268,0.9350504525085478,0.5704819277108434
2022-07-01,광진구,1856.0,1119.0,,건별집계|xlsx_2022_2024,2022,7,3,여름,375927.74689999997,352383.18876451615,20743.903312903225,2800.654835483871,393709.49473870965,352580.94233870966,360065.25120967743,387258.1009612903,167417.58078709678,33409.54389354839,74044.10050967742,59963.93638387097,-27192.8497516129,0,26,11,215,34,28,359,0,0,57,0,0,0,17,651316.0,471320.0,179996.0,0.2764,71477.0,619066.0,456047.0,163019.0,0.2633,85570.0,493.71189418846274,297.66358275694495,0.9297810693072344,0.6029094827586207
2022-08-01,광진구,1865.0,1082.0,,건별집계|xlsx_2022_2024,2022,8,3,여름,374220.88301935483,349284.00456774194,20990.92865483871,3945.9497903225806,392884.52657419356,350942.17474193545,358457.6558290323,385480.3310064516,166072.6846483871,33266.560154838706,73304.96487419355,59501.15961935484,-27022.675177419358,0,26,11,215,34,28,359,0,0,57,0,0,0,17,651316.0,471320.0,179996.0,0.2764,71477.0,619066.0,456047.0,163019.0,0.2633,85570.0,498.3687668503368,289.1340513308656,0.9298986926080878,0.5801608579088472
2022-09-01,광진구,1707.0,1012.0,,건별집계|xlsx_2022_2024,2022,9,3,가을,381428.7657433333,354371.1835433334,21985.651153333332,5071.931026666667,399030.17418333335,360141.20571999997,367944.0088666667,391060.7349366667,174265.89229,38429.8381,73198.90558666666,62637.14860333333,-23116.726069999997,0,26,11,215,34,28,359,0,0,57,0,0,0,17,651316.0,471320.0,179996.0,0.2764,71477.0,619066.0,456047.0,163019.0,0.2633,85570.0,447.5278618992923,265.3182168963584,0.9408871205805314,0.5928529584065613
2022-10-01,광진구,1534.0,971.0,,건별집계|xlsx_2022_2024,2022,10,4,가을,381216.43971935485,356320.8961354839,21958.762651612902,2936.780935483871,398424.20112580643,360101.5252516129,367279.1179903226,391171.66952580644,170118.95906451612,35568.804425806455,73003.93945161291,61546.21518709677,-23892.55153548387,0,26,11,215,34,28,359,0,0,57,0,0,0,17,651316.0,471320.0,179996.0,0.2764,71477.0,619066.0,456047.0,163019.0,0.2633,85570.0,402.39607744338235,254.71094602185414,0.9389205471744737,0.6329856584093873
2022-11-01,광진구,1630.0,975.0,,건별집계|xlsx_2022_2024,2022,11,4,가을,381256.0374,356595.8782466667,21905.950043333334,2754.20912,399139.78816999996,358481.28396666667,366145.67483,392049.15353333333,173807.03320333333,35601.764123333334,74543.07034666667,63662.19873333334,-25903.478703333338,0,26,11,215,34,28,359,0,0,57,0,0,0,17,651316.0,471320.0,179996.0,0.2764,71477.0,619066.0,456047.0,163019.0,0.2633,85570.0,427.5342132588613,255.7336551701778,0.9339279820658228,0.598159509202454
2022-12-01,광진구,1696.0,1064.0,,건별집계|xlsx_2022_2024,2022,12,4,겨울,384721.92850322585,359094.3307774194,22556.275806451613,3071.3219354838707,401598.51667096774,363378.58770645165,370252.1585870968,395057.4784483871,166920.7137967742,34766.11850967742,71874.02642580644,60280.568861290325,-24805.319861290314,0,26,11,215,34,28,359,0,0,57,0,0,0,17,651316.0,471320.0,179996.0,0.2764,71477.0,619066.0,456047.0,163019.0,0.2633,85570.0,440.83788168726113,276.5633880396497,0.9372108586357742,0.6273584905660378
2023-01-01,광진구,1584.0,,,xlsx_2022_2024,2023,1,1,겨울,375917.45416774193,351700.2198354839,21315.48685483871,2901.747487096774,394620.1854677419,353173.4401774194,360967.93903548387,386595.67925483873,159850.60752903225,34318.56340967742,68849.55452903226,56682.489590322584,-25627.740219354837,0,35,9,200,50,41,144,0,0,87,0,0,0,16,630585.0,474421.0,156164.0,0.2476,80978.0,621183.0,453937.0,167246.0,0.2692,100882.0,421.369101763811,,0.9337091912957945,
2023-02-01,광진구,1389.0,,,xlsx_2022_2024,2023,2,1,겨울,382727.09748214285,357574.6537,21167.9261,3984.5176964285715,401799.76913571433,358633.4327464286,366310.8403321429,394452.9954321428,164646.64049642856,35959.98402142857,69207.66348928571,59478.992985714285,-28142.1551,0,35,9,200,50,41,144,0,0,87,0,0,0,16,630585.0,474421.0,156164.0,0.2476,80978.0,621183.0,453937.0,167246.0,0.2692,100882.0,362.92178137839,,0.9286552379475055,
2023-03-01,광진구,1587.0,,,xlsx_2022_2024,2023,3,1,봄,392460.9885806452,365204.907683871,22842.769951612903,4413.310929032257,409953.03754516126,370700.8212709677,378153.748,402680.44612903224,167987.9632,39032.35903870968,67410.21639032257,61545.38777096774,-24526.698129032255,0,35,9,200,50,41,144,0,0,87,0,0,0,16,630585.0,474421.0,156164.0,0.2476,80978.0,621183.0,453937.0,167246.0,0.2692,100882.0,404.37140153457415,,0.9390914101620592,
2023-04-01,광진구,1699.0,,,xlsx_2022_2024,2023,4,2,봄,388359.17451333336,362993.9716033333,22786.96894,2578.234,406845.65282,366433.9448066667,374660.1062133333,398144.22329999995,176590.99169666666,37528.196143333334,73977.90822333333,65084.887330000005,-23484.117086666673,0,35,9,200,50,41,144,0,0,87,0,0,0,16,630585.0,474421.0,156164.0,0.2476,80978.0,621183.0,453937.0,167246.0,0.2692,100882.0,437.48161791956556,,0.9410160547049519,
2023-05-01,광진구,1822.0,,,xlsx_2022_2024,2023,5,2,봄,384711.1474709677,359557.08288709674,22530.299712903226,2623.7648677419356,403932.8545645161,362987.64162903227,370814.3107967742,394637.4593709677,173153.79693548387,36296.21296129032,73031.49763548387,63826.086338709676,-23823.14857419355,0,35,9,200,50,41,144,0,0,87,0,0,0,16,630585.0,474421.0,156164.0,0.2476,80978.0,621183.0,453937.0,167246.0,0.2692,100882.0,473.60208093203164,,0.939632824992928,
2023-06-01,광진구,1620.0,,,xlsx_2022_2024,2023,6,2,여름,384297.41849,359210.4978833333,22298.121726666668,2788.7988833333334,402053.87807,362116.08712333336,369482.92843333335,394879.19709333335,170040.34853000002,34876.936493333335,73366.52080666667,61796.891229999994,-25396.26866,0,35,9,200,50,41,144,0,0,87,0,0,0,16,630585.0,474421.0,156164.0,0.2476,80978.0,621183.0,453937.0,167246.0,0.2692,100882.0,421.5484991716526,,0.9356859797959999,
2023-07-01,광진구,1854.0,,,xlsx_2022_2024,2023,7,3,여름,374919.6823548387,352147.98724193545,20077.41212903226,2694.282983870968,392686.6762612903,351270.5854,358692.3928580645,386510.60343225807,160217.80304516127,33186.559306451614,70545.73978709677,56485.5039516129,-27818.21057419355,0,35,9,200,50,41,144,0,0,87,0,0,0,16,630585.0,474421.0,156164.0,0.2476,80978.0,621183.0,453937.0,167246.0,0.2692,100882.0,494.50591346796824,,0.9280273029325335,
2023-08-01,광진구,1821.0,,,xlsx_2022_2024,2023,8,3,여름,373424.7419193549,350162.8376096774,20534.805764516128,2727.0985612903223,391707.80207419355,350090.5414064516,357480.8943516129,384813.2044935484,157864.95641612905,33089.05575806452,68431.81619999999,56344.08445806451,-27332.31014193549,0,35,9,200,50,41,144,0,0,87,0,0,0,16,630585.0,474421.0,156164.0,0.2476,80978.0,621183.0,453937.0,167246.0,0.2692,100882.0,487.6484591353791,,0.9289725253115795,
2023-09-01,광진구,1706.0,,,xlsx_2022_2024,2023,9,3,가을,384056.6386166667,357793.15789333335,22780.098123333333,3483.3826166666668,401266.51934,363415.17011,371002.19472,393381.2413933333,164789.03397666666,38153.263750000006,67170.62499,59465.14523666667,-22379.046673333334,0,35,9,200,50,41,144,0,0,87,0,0,0,16,630585.0,474421.0,156164.0,0.2476,80978.0,621183.0,453937.0,167246.0,0.2692,100882.0,444.20531464964125,,0.9431110477101857,
2023-10-01,광진구,1639.0,,,xlsx_2022_2024,2023,10,4,가을,384324.1648161291,358924.6204387097,22777.229380645163,2622.3150064516126,401674.86503548385,363665.2349870968,371119.17327741935,393756.3016225806,165484.92145806452,35491.47553225807,68852.3143064516,61141.13161935484,-22637.128345161294,0,35,9,200,50,41,144,0,0,87,0,0,0,16,630585.0,474421.0,156164.0,0.2476,80978.0,621183.0,453937.0,167246.0,0.2692,100882.0,426.46290554853385,,0.9425098004733415,
2023-11-01,광진구,1428.0,,,xlsx_2022_2024,2023,11,4,가을,388141.72563999996,362877.8432633334,22970.454626666666,2293.42776,404592.03517999995,365874.7050833333,372816.89536666666,399088.0329833333,171796.66247666668,38341.63019333334,70500.60057333334,62954.431710000004,-26271.13761666667,0,35,9,200,50,41,144,0,0,87,0,0,0,16,630585.0,474421.0,156164.0,0.2476,80978.0,621183.0,453937.0,167246.0,0.2692,100882.0,367.90685094353006,,0.9341720737144635,
2023-12-01,광진구,1699.0,,,xlsx_2022_2024,2023,12,4,겨울,394060.88591612905,366522.1415870968,25222.18957096774,2316.5547741935484,411590.94703225803,372804.14198064513,379390.76130645163,404539.5463580645,166925.51246129035,39023.555409677414,68056.88722903226,59845.06982258064,-25148.7850516129,0,35,9,200,50,41,144,0,0,87,0,0,0,16,630585.0,474421.0,156164.0,0.2476,80978.0,621183.0,453937.0,167246.0,0.2692,100882.0,431.1516470481698,,0.9378335560070231,
2024-01-01,광진구,1499.0,,,xlsx_2022_2024,2024,1,1,겨울,380590.1080387097,357767.275216129,20832.658022580647,1990.1748193548387,400322.38297419355,356291.4392870967,364190.7036419355,392303.9683322581,156717.9381032258,36350.848667741935,65119.42380322581,55247.66563225807,-28113.264690322583,0,27,0,26,36,14,128,5,80,105,58,10,0,16,627209.0,464133.0,163076.0,0.26,75731.0,656827.0,480816.0,176011.0,0.268,101270.0,393.86204957474547,,0.9283380568138624,
2024-02-01,광진구,1255.0,,,xlsx_2022_2024,2024,2,1,겨울,374000.33983793104,351256.15589310345,20159.08364827586,2585.1002931034486,391103.32954137935,352562.30345517246,360071.08442413795,383949.80797931034,160208.70835172414,36952.42879655172,66286.51739310345,56969.76216206896,-23878.723555172415,0,27,0,26,36,14,128,5,80,105,58,10,0,16,627209.0,464133.0,163076.0,0.26,75731.0,656827.0,480816.0,176011.0,0.268,101270.0,335.56119241598566,,0.9378076950191908,
2024-03-01,광진구,1394.0,,,xlsx_2022_2024,2024,3,1,봄,392247.0235677419,366126.2309419355,23135.93375483871,2984.8588741935487,406765.2930419355,374398.0828645161,380284.8514,400791.43227096775,166532.24210645162,41447.91059677419,65020.82282580645,60063.50868387097,-20506.580870967748,0,27,0,26,36,14,128,5,80,105,58,10,0,16,627209.0,464133.0,163076.0,0.26,75731.0,656827.0,480816.0,176011.0,0.268,101270.0,355.3882926429022,,0.9488347823336113,
2024-04-01,광진구,1405.0,,,xlsx_2022_2024,2024,4,2,봄,387586.8714033334,362683.31710333336,22667.139683333335,2236.41461,403290.56609,367165.05534666666,374482.96706,396946.80308,178468.80567,38054.426166666664,74662.85954333332,65751.51996,-22463.83602,0,27,0,26,36,14,128,5,80,105,58,10,0,16,627209.0,464133.0,163076.0,0.26,75731.0,656827.0,480816.0,176011.0,0.268,101270.0,362.49937850395327,,0.9434084470621806,
2024-05-01,광진구,1743.0,,,xlsx_2022_2024,2024,5,2,봄,385226.8740225806,360349.2133,22737.896941935483,2139.763777419355,400529.63863225805,366382.2794483871,374121.8831612903,393159.0103451613,169403.92541612903,37185.37501935483,70070.4805580645,62148.06983870968,-19037.127183870973,0,27,0,26,36,14,128,5,80,105,58,10,0,16,627209.0,464133.0,163076.0,0.26,75731.0,656827.0,480816.0,176011.0,0.268,101270.0,452.4606452814171,,0.9515790642387721,
2024-06-01,광진구,1636.0,,,xlsx_2022_2024,2024,6,2,여름,383693.35947333334,358919.3855466667,22570.918530000003,2203.05541,399601.0250233334,364600.9629433333,371746.16486666666,392227.06992,169152.74410333333,36419.91383666667,71464.63015333333,61268.20011333333,-20480.90505333333,0,27,0,26,36,14,128,5,80,105,58,10,0,16,627209.0,464133.0,163076.0,0.26,75731.0,656827.0,480816.0,176011.0,0.268,101270.0,426.3821511650899,,0.9477830404272947,
2024-07-01,광진구,1577.0,,,xlsx_2022_2024,2024,7,3,여름,370852.4937354839,348458.5918548387,19995.74165806452,2398.1602322580643,386932.1360483871,348720.52102580643,355577.2615645161,381763.37386774196,156949.35774193547,33893.20009354838,66570.95240967741,56485.20523870968,-26186.112303225807,0,27,0,26,36,14,128,5,80,105,58,10,0,16,627209.0,464133.0,163076.0,0.26,75731.0,656827.0,480816.0,176011.0,0.268,101270.0,425.236455636407,,0.9314074788319066,
2024-08-01,광진구,1745.0,,,xlsx_2022_2024,2024,8,3,여름,368051.4050806451,346172.35861612903,19711.727132258067,2167.3193225806453,383613.42947096773,346904.0981258064,353676.71671935485,378319.03960645164,158018.99888064517,34911.62399677419,67058.1402516129,56049.23463225806,-24642.322887096772,0,27,0,26,36,14,128,5,80,105,58,10,0,16,627209.0,464133.0,163076.0,0.26,75731.0,656827.0,480816.0,176011.0,0.268,101270.0,474.1185540692737,,0.9348636460043589,
2024-09-01,광진구,1469.0,,,xlsx_2022_2024,2024,9,3,가을,374906.6123333333,349924.10672333336,22234.431816666667,2748.0737933333335,390126.5201966667,357701.7106133333,363982.35290666664,382709.6547866667,166590.13207999998,38748.1087,68245.74923,59596.27415,-18727.301880000003,0,27,0,26,36,14,128,5,80,105,58,10,0,16,627209.0,464133.0,163076.0,0.26,75731.0,656827.0,480816.0,176011.0,0.268,101270.0,391.83091246571485,,0.951066554904555,
2024-10-01,광진구,1459.0,,,xlsx_2022_2024,2024,10,4,가을,380823.53427096776,356515.00197419355,22254.22635806452,2054.3059451612903,394513.294983871,363735.5913612903,370040.7651225807,388525.51223870966,169614.29207096776,37497.05717419354,69492.28712580644,62624.947770967745,-18484.747116129038,0,27,0,26,36,14,128,5,80,105,58,10,0,16,627209.0,464133.0,163076.0,0.26,75731.0,656827.0,480816.0,176011.0,0.268,101270.0,383.11707883102525,,0.9524233376345902,
2024-11-01,광진구,1339.0,,,xlsx_2022_2024,2024,11,4,가을,380625.31201000005,356437.69479333336,22149.224933333335,2038.39228,393977.21679,362502.22445,368711.8649733334,389134.91706,176147.24707,39380.40517666667,71047.1727,65719.66919333333,-20423.05208666667,0,27,0,26,36,14,128,5,80,105,58,10,0,16,627209.0,464133.0,163076.0,0.26,75731.0,656827.0,480816.0,176011.0,0.268,101270.0,351.7895310033456,,0.9475167835336719,
2024-12-01,광진구,1479.0,,,xlsx_2022_2024,2024,12,4,겨울,379070.9868451613,354737.3612774194,22030.1714,2303.454158064516,392200.3670548387,361790.4378709677,367955.7634032258,387010.43216774194,167025.5115935484,37625.67755806451,67971.26237741936,61428.57165806452,-19054.668764516122,0,27,0,26,36,14,128,5,80,105,58,10,0,16,627209.0,464133.0,163076.0,0.26,75731.0,656827.0,480816.0,176011.0,0.268,101270.0,390.16438907895775,,0.9507644570256513,
2018-04-01,구로구,3032.0,1996.0,2007.0,API_2017_2025,2018,4,2,봄,434126.9395384615,402237.97443846153,27514.34086153846,4374.624246153846,449663.30393076927,419621.8176346154,428010.3423153846,438495.9375576923,232952.80265384616,70980.46846153846,80926.55952692308,81045.77466538461,-10485.595242307692,3,28,6,77,8,0,434,0,0,194,0,0,0,17,,,,,,,,,,,698.4132344386289,459.773356180575,0.9760873605791887,0.658311345646438
2018-05-01,구로구,3265.0,2218.0,2228.0,API_2017_2025,2018,5,2,봄,434057.8936709677,401805.5132451613,27669.424912903225,4582.955506451613,452006.22806129034,416906.4881419355,426282.62179999996,438585.0780580645,227442.4337548387,69053.07630967742,79003.68136774193,79385.67607741935,-12302.456258064525,3,28,6,77,8,0,434,0,0,194,0,0,0,17,,,,,,,,,,,752.2038068209844,510.99174380672076,0.971949669805146,0.6793261868300153
2018-06-01,구로구,3089.0,2093.0,2104.0,API_2017_2025,2018,6,2,여름,435371.91446,403732.04450333334,27534.5854,4105.284573333333,452610.60051333334,420704.26273333334,429860.13114,439308.90256666666,216805.91483,68036.20273,74513.76853666667,74255.94356333333,-9448.771426666672,3,28,6,77,8,0,434,0,0,194,0,0,0,17,,,,,,,,,,,709.5083300978073,480.7384055988057,0.9784917369726357,0.6775655551958563
2018-07-01,구로구,3537.0,2353.0,2372.0,API_2017_2025,2018,7,3,여름,437417.15586129035,403105.6793967742,29308.786525806452,5002.68994516129,454148.2975322581,422838.6102483871,431773.0722741935,441448.64414193545,219277.7871129032,68947.28698387096,75333.51614193547,74996.98398709677,-9675.571867741934,3,28,6,77,8,0,434,0,0,194,0,0,0,17,,,,,,,,,,,808.6102597040388,537.9304328763368,0.9780822254272662,0.6652530392988408
2018-08-01,구로구,3317.0,2198.0,2214.0,API_2017_2025,2018,8,3,여름,431638.9335354839,397250.38993225805,29683.02791612903,4705.515687096774,445827.5906387097,418195.72637419356,425934.83767419355,434742.9979548387,223293.1841064516,67688.45389354839,78955.08429032257,76649.64592258065,-8808.160280645166,3,28,6,77,8,0,434,0,0,194,0,0,0,17,,,,,,,,,,,768.4663597954419,509.22190498353365,0.9797393855172335,0.6626469701537534
2018-09-01,구로구,3109.0,2030.0,2048.0,API_2017_2025,2018,9,3,가을,431437.77241,398012.6776333333,28998.49643,4426.59832,447246.6084466667,416459.64085333335,424385.12883666664,436475.37495,214278.32560333333,67422.81719,74521.6351,72333.87331333333,-12090.246113333335,3,28,6,77,8,0,434,0,0,194,0,0,0,17,,,,,,,,,,,720.6137707028312,470.51976665382676,0.972300278991184,0.6529430685107752
2018-10-01,구로구,3122.0,2101.0,2126.0,API_2017_2025,2018,10,4,가을,434365.2361870968,402188.4993193548,27688.027716129032,4488.7091709677425,451229.37299354834,417099.2524290323,426247.8668,439179.6691322581,217762.2971483871,67612.02802903226,76757.09613225806,73393.17298709678,-12931.802332258065,3,28,6,77,8,0,434,0,0,194,0,0,0,17,,,,,,,,,,,718.7499688983494,483.6943256423549,0.9705546425730293,0.6729660474055092
2018-11-01,구로구,2936.0,2015.0,2040.0,API_2017_2025,2018,11,4,가을,433807.15824333334,402220.8818433333,27064.35261,4521.923796666667,448399.98663666664,418903.7507733333,427484.2201966667,438323.54255666665,227653.06061666665,72622.67436666667,78230.96263666666,76799.42361333333,-10839.322359999996,3,28,6,77,8,0,434,0,0,194,0,0,0,17,,,,,,,,,,,676.7984216510148,464.49210477751865,0.9752709555668034,0.6863079019073569
2018-12-01,구로구,3306.0,2157.0,2180.0,API_2017_2025,2018,12,4,겨울,438170.0460645161,405881.3774903226,28007.569132258064,4281.099448387097,450071.5187387097,426436.3514129032,433853.66056774196,441253.17857419356,217572.80617741938,69622.45870645161,76140.56267096773,71809.78480000001,-7399.51800645161,3,28,6,77,8,0,434,0,0,194,0,0,0,17,,,,,,,,,,,754.5015981108908,492.27463615402036,0.9832306748919942,0.6524500907441017
2019-01-01,구로구,3082.0,2023.0,2039.0,API_2017_2025,2019,1,1,겨울,440481.73311290325,406305.1010580645,29343.67008387097,4832.96199032258,455460.8204354838,427212.86107096775,436673.7848129032,443201.6962064516,229866.9007967742,72870.6154935484,80776.7861483871,76219.4991548387,-6527.911393548388,0,66,3,74,1,0,304,0,0,166,0,0,0,17,1020385.0,665822.0,354563.0,0.3475,,1343972.0,928918.0,415054.0,0.3088,,699.6884929187356,459.2698965524342,0.985271014417536,0.6563919532770928
2019-02-01,구로구,2618.0,1690.0,1700.0,API_2017_2025,2019,2,1,겨울,430800.2256464286,394090.140575,31183.513335714288,5526.571735714286,443841.71795714286,419537.47594285716,426793.87438571424,433661.90511785715,219039.47518928573,70305.57537142858,76760.26798928573,71973.63182857142,-6868.030732142854,0,66,3,74,1,0,304,0,0,166,0,0,0,17,1020385.0,665822.0,354563.0,0.3475,,1343972.0,928918.0,415054.0,0.3088,,607.7062740790382,392.29320213658303,0.9841627068204749,0.6455309396485867
2019-03-01,구로구,2985.0,1916.0,1938.0,API_2017_2025,2019,3,1,봄,430750.98191612907,399338.04359032254,27518.377916129033,3894.5604322580643,443193.1898483871,419550.14424516127,426290.6248967742,433936.95121612906,206739.74272903227,64672.60442258065,71913.35630645162,70153.782,-7646.326319354836,0,66,3,74,1,0,304,0,0,166,0,0,0,17,1020385.0,665822.0,354563.0,0.3475,,1343972.0,928918.0,415054.0,0.3088,,692.9757853880425,444.804557723112,0.9823791767492358,0.6418760469011725
2019-04-01,구로구,3017.0,1989.0,2003.0,API_2017_2025,2019,4,2,봄,423724.8230066667,393964.4558,26420.36231,3340.00491,436530.5753233333,409308.45865333336,417549.77175,428135.5738966667,225708.52646999998,70591.53245999999,77988.53781333333,77128.45619666667,-10585.802146666661,0,66,3,74,1,0,304,0,0,166,0,0,0,17,1020385.0,665822.0,354563.0,0.3475,,1343972.0,928918.0,415054.0,0.3088,,712.0187055816015,469.4084207496869,0.9752746494519943,0.659264169705005
2019-05-01,구로구,3123.0,1992.0,2001.0,API_2017_2025,2019,5,2,봄,409069.70350967743,379739.8903387097,25749.664190322583,3580.1489870967744,422182.3192677419,393538.4990516129,401614.86439677415,414394.5885935484,205855.54004838708,64266.2478,72335.65406451613,69253.63818387096,-12779.724196774192,0,66,3,74,1,0,304,0,0,166,0,0,0,17,1020385.0,665822.0,354563.0,0.3475,,1343972.0,928918.0,415054.0,0.3088,,763.4395735508481,486.9585752524141,0.969160494493549,0.6378482228626321
2019-06-01,구로구,2972.0,1961.0,1979.0,API_2017_2025,2019,6,2,여름,410445.84968,380883.5812933333,26126.875923333333,3435.392456666667,422951.2735633334,398214.38237,404803.01972333336,414476.4424966667,198725.63197,62057.64681666667,70209.66642333333,66458.31873,-9673.422773333332,0,66,3,74,1,0,304,0,0,166,0,0,0,17,1020385.0,665822.0,354563.0,0.3475,,1343972.0,928918.0,415054.0,0.3088,,724.0906449211486,477.77313414884674,0.9766611035477339,0.6598250336473755
2019-07-01,구로구,3430.0,2214.0,2233.0,API_2017_2025,2019,7,3,여름,417284.6151516129,385493.44263225805,27802.382812903226,3988.789729032258,429264.7661806452,404300.34943548386,411262.0678451613,421586.4346516129,192701.31893870968,60943.37798387097,66747.7566451613,65010.18430967742,-10324.366806451611,0,66,3,74,1,0,304,0,0,166,0,0,0,17,1020385.0,665822.0,354563.0,0.3475,,1343972.0,928918.0,415054.0,0.3088,,821.9809394970794,530.5731195470944,0.9755106759661673,0.6454810495626823
2019-08-01,구로구,3264.0,2085.0,2120.0,API_2017_2025,2019,8,3,여름,429355.99896774197,395575.43380322575,29514.691661290322,4265.873496774194,442716.8562967742,416402.23788709677,423959.105083871,433210.92316451616,205625.73935806451,66507.00379032257,70356.14268387097,68762.59288387097,-9251.818080645158,0,66,3,74,1,0,304,0,0,166,0,0,0,17,1020385.0,665822.0,354563.0,0.3475,,1343972.0,928918.0,415054.0,0.3088,,760.2083138112222,485.61100928198476,0.9786436177253737,0.6387867647058824
2019-09-01,구로구,3276.0,2104.0,2120.0,API_2017_2025,2019,9,3,가을,429968.34908333333,397155.47888,28280.965036666665,4531.905163333333,441664.55461,419259.6689,426167.2134366667,432683.44598,214337.57445666665,70905.09231666666,71674.61040666667,71757.87173333332,-6516.232543333325,0,66,3,74,1,0,304,0,0,166,0,0,0,17,1020385.0,665822.0,354563.0,0.3475,,1343972.0,928918.0,415054.0,0.3088,,761.916547342202,489.3383442026841,0.9849399541307283,0.6422466422466423
2019-10-01,구로구,3131.0,1995.0,2020.0,API_2017_2025,2019,10,4,가을,427159.62466451613,396420.5999209677,26274.850858064514,4464.173888709678,437706.4062629032,414039.27842741937,421526.7640258065,431183.0965290323,217894.98933709678,71225.33331290323,72439.4657548387,74230.19026935483,-9656.33250322582,0,66,3,74,1,0,304,0,0,166,0,0,0,17,1020385.0,665822.0,354563.0,0.3475,,1343972.0,928918.0,415054.0,0.3088,,732.981260216022,467.03852255859596,0.9776050300186673,0.6371766208878953
2019-11-01,구로구,2991.0,1889.0,1900.0,API_2017_2025,2019,11,4,가을,425554.3749333333,395378.14509,25758.928983333335,4417.30085,437964.56875333335,411998.2285466667,419349.7871833333,429986.2233233333,210189.60721333334,69471.26303666667,69853.19124666667,70865.15293000001,-10636.43614,0,66,3,74,1,0,304,0,0,166,0,0,0,17,1020385.0,665822.0,354563.0,0.3475,,1343972.0,928918.0,415054.0,0.3088,,702.8479029192368,443.89157091756556,0.9752633094665412,0.6315613507188231
2019-12-01,구로구,3079.0,2076.0,2089.0,API_2017_2025,2019,12,4,겨울,430861.9223129033,399702.9986967742,26982.13749032258,4176.7861354838715,441704.73366774194,420132.0418129032,426425.6201935484,434030.70955483866,219841.4281419355,72570.31383870967,73679.8951483871,73591.21915483872,-7605.089361290322,0,66,3,74,1,0,304,0,0,166,0,0,0,17,1020385.0,665822.0,354563.0,0.3475,,1343972.0,928918.0,415054.0,0.3088,,714.6140887715645,481.8248938907983,0.9824779924694951,0.6742448847028256
2020-01-01,구로구,2965.0,1989.0,1997.0,API_2017_2025,2020,1,1,겨울,433368.53002903226,397170.12055161287,30678.144777419355,5520.26470967742,444996.5282516129,421729.13496451615,428462.3976,436872.9103451613,215760.72471290323,71904.52912258064,72715.17046129033,71141.02512903226,-8410.512745161299,0,18,2,43,6,2,198,0,0,110,0,0,1,12,1008824.0,664129.0,344695.0,0.3417,,1326737.0,928558.0,398179.0,0.3001,,684.175198370165,458.9627216048089,0.9807483765964882,0.6708263069139966
2020-02-01,구로구,2369.0,1484.0,1494.0,API_2017_2025,2020,2,1,겨울,436501.50665862067,400042.0570862069,30304.06632758621,6155.383237931034,445656.6731068965,426386.0711862069,431734.25568620686,439906.68592758616,202961.78612068968,63468.77385172414,72083.37510344827,67409.63716551724,-8172.430241379307,0,18,2,43,6,2,198,0,0,110,0,0,1,12,1008824.0,664129.0,344695.0,0.3417,,1326737.0,928558.0,398179.0,0.3001,,542.7243580748391,339.97591700424704,0.9814223550066148,0.626424651751794
2020-03-01,구로구,2413.0,1414.0,1423.0,API_2017_2025,2020,3,1,봄,427032.8062064516,393880.6156677419,29116.983196774192,4035.207335483871,437183.096432258,414693.1194419355,420677.5211935484,431572.2954935484,189717.315,55060.88309032258,74285.1049032258,60371.32700645161,-10894.774300000008,0,18,2,43,6,2,198,0,0,110,0,0,1,12,1008824.0,664129.0,344695.0,0.3417,,1326737.0,928558.0,398179.0,0.3001,,565.0619729748399,331.1221010304283,0.9747556216796988,0.5859925404061335
2020-04-01,구로구,2525.0,1473.0,1480.0,API_2017_2025,2020,4,2,봄,423779.90091,390622.83844666666,29191.25791333333,3965.8045533333334,434547.85515666666,410643.59937333333,416718.1177333333,428824.03175333334,200360.60608333335,58908.84612333333,77286.64003666668,64165.11992333333,-12105.914019999997,0,18,2,43,6,2,198,0,0,110,0,0,1,12,1008824.0,664129.0,344695.0,0.3417,,1326737.0,928558.0,398179.0,0.3001,,595.82816329372,347.5860928838216,0.9717695065491023,0.5833663366336633
2020-05-01,구로구,2835.0,1684.0,1695.0,API_2017_2025,2020,5,2,봄,420758.6426516129,387168.7259129032,30137.72430645161,3452.1924387096774,431976.7252096774,408450.95123548387,414085.1281096774,425525.43876451615,199192.48730322582,60221.53575806452,75507.81431290323,63463.137232258065,-11440.310654838713,0,18,2,43,6,2,198,0,0,110,0,0,1,12,1008824.0,664129.0,344695.0,0.3417,,1326737.0,928558.0,398179.0,0.3001,,673.7829512268326,400.2294496881785,0.973114860798793,0.5940035273368607
2020-06-01,구로구,2935.0,1700.0,1725.0,API_2017_2025,2020,6,2,여름,420031.24747,386784.21587666665,29653.74811333333,3593.2834900000003,430903.5192733333,408345.37307,413593.0799933334,424629.93852333335,204225.32088,62117.205136666664,75467.04657,66641.06917333334,-11036.858529999998,0,18,2,43,6,2,198,0,0,110,0,0,1,12,1008824.0,664129.0,344695.0,0.3417,,1326737.0,928558.0,398179.0,0.3001,,698.7575371305268,404.7317932272216,0.9740082892685781,0.5792163543441227
2020-07-01,구로구,3133.0,1812.0,1832.0,API_2017_2025,2020,7,3,여름,422903.2487516129,386612.968083871,29510.749729032257,6779.530948387097,433568.908016129,411458.4016612903,417004.83687096776,427116.40010645165,202994.55298709677,61882.98913548388,74910.39495806451,66201.16889354838,-10111.56323548387,0,18,2,43,6,2,198,0,0,110,0,0,1,12,1008824.0,664129.0,344695.0,0.3417,,1326737.0,928558.0,398179.0,0.3001,,740.8313861973024,428.466795974948,0.9763259775720067,0.5783593999361635
2020-08-01,구로구,3192.0,1675.0,1690.0,API_2017_2025,2020,8,3,여름,420090.1677903226,383501.27520967746,29978.039458064515,6610.853119354839,430357.8288870968,409174.20492903225,414246.53811612906,424264.1890032258,194506.34413548387,57537.75262580645,75061.75817741935,61906.833332258066,-10017.65088709678,0,18,2,43,6,2,198,0,0,110,0,0,1,12,1008824.0,664129.0,344695.0,0.3417,,1326737.0,928558.0,398179.0,0.3001,,759.8368742572442,398.7239236782218,0.9763881771152253,0.524749373433584
2020-09-01,구로구,2873.0,1574.0,1589.0,API_2017_2025,2020,9,3,가을,423570.3103333333,388333.79690666666,28862.875123333335,6373.6383166666665,434315.3471566666,412053.62583333335,417349.3600733334,428013.8462433333,195603.39532333333,57727.49018333333,75458.02822333334,62417.87691666667,-10664.48617,0,18,2,43,6,2,198,0,0,110,0,0,1,12,1008824.0,664129.0,344695.0,0.3417,,1326737.0,928558.0,398179.0,0.3001,,678.2817232253745,371.6030046490566,0.9750837823037692,0.547859380438566
2020-10-01,구로구,3030.0,1707.0,1720.0,API_2017_2025,2020,10,4,가을,423455.75491290324,384385.2549580645,28898.81259032258,10171.68738064516,436025.1064,409475.2371451613,416103.35659354844,428707.46800967737,201405.38636451613,61151.597712903225,76601.00008709678,63652.78856451613,-12604.111416129024,0,18,2,43,6,2,198,0,0,110,0,0,1,12,1008824.0,664129.0,344695.0,0.3417,,1326737.0,928558.0,398179.0,0.3001,,715.5411078598313,403.1117726457862,0.9705997390839843,0.5633663366336633
2020-11-01,구로구,2755.0,1542.0,1573.0,API_2017_2025,2020,11,4,가을,420756.4421266667,386830.67820666666,28655.085863333334,5270.678056666667,433447.37482666667,408723.28018,415007.06129,424863.14271333336,205047.25373333332,62841.09486,76072.29309333333,66133.86578000001,-9856.081423333331,0,18,2,43,6,2,198,0,0,110,0,0,1,12,1008824.0,664129.0,344695.0,0.3417,,1326737.0,928558.0,398179.0,0.3001,,654.7731001039838,366.4828023086544,0.9768017499461384,0.5597096188747731
2020-12-01,구로구,2611.0,1417.0,1441.0,API_2017_2025,2020,12,4,겨울,421763.2395354839,387649.9008354839,28818.279548387094,5295.059141935484,432340.44795483875,410861.56697419356,416347.0982806452,425631.9118483871,189175.0590451613,55466.5257516129,74625.55446129032,59082.978832258064,-9284.813567741932,0,18,2,43,6,2,198,0,0,110,0,0,1,12,1008824.0,664129.0,344695.0,0.3417,,1326737.0,928558.0,398179.0,0.3001,,619.067703215593,335.97048466353704,0.978185814293339,0.542703944848717
2021-01-01,구로구,1524.0,893.0,1518.0,건별집계|API_2017_2025,2021,1,1,겨울,424157.9844032258,388397.9881645161,30487.770732258065,5272.22550967742,434462.68827096774,413572.9165806452,418919.05183225806,427900.07909677416,193205.33046451613,56527.687900000004,77730.41777741937,58947.22478709678,-8981.027264516133,1,8,0,54,3,0,193,0,0,73,0,0,0,7,1091918.0,715754.0,376164.0,0.3445,114891.0,1179486.0,829330.0,350156.0,0.2969,136054.0,359.30008535480243,210.534761300419,0.9790113914363523,0.5859580052493438
2021-02-01,구로구,1428.0,790.0,1331.0,건별집계|API_2017_2025,2021,2,1,겨울,420510.4774535714,383991.3014107143,30819.640196428572,5699.5358642857145,430675.0669678571,408233.5016142857,414216.14970357146,425006.4258678571,199970.89287857144,60708.79608571429,78103.19042500001,61158.90636785714,-10790.276164285708,1,8,0,54,3,0,193,0,0,73,0,0,0,7,1091918.0,715754.0,376164.0,0.3445,114891.0,1179486.0,829330.0,350156.0,0.2969,136054.0,339.5872580030222,187.86690043584562,0.9746114987738078,0.5532212885154062
2021-03-01,구로구,1658.0,963.0,1503.0,건별집계|API_2017_2025,2021,3,1,봄,419381.7620290323,384631.07045161293,29302.64163548387,5448.049951612903,430112.660083871,406306.37342580647,412516.1476677419,424285.77228387096,200969.75,60928.179851612906,76829.69070645161,63211.87944193549,-11769.624616129027,1,8,0,54,3,0,193,0,0,73,0,0,0,7,1091918.0,715754.0,376164.0,0.3445,114891.0,1179486.0,829330.0,350156.0,0.2969,136054.0,395.3438489977117,229.62371929119203,0.9722601477943161,0.5808202653799759
2021-04-01,구로구,1725.0,963.0,1562.0,건별집계|API_2017_2025,2021,4,2,봄,416376.37525333336,381863.68381,29039.481336666668,5473.210123333333,428416.4096866667,401946.66657,408946.41479666665,421683.48986333335,210762.05253,63293.53506666667,80942.84922,66525.66824333333,-12737.075066666666,1,8,0,54,3,0,193,0,0,73,0,0,0,7,1091918.0,715754.0,376164.0,0.3445,114891.0,1179486.0,829330.0,350156.0,0.2969,136054.0,414.2886346398661,231.28113342503826,0.9697947029636025,0.5582608695652174
2021-05-01,구로구,1859.0,1149.0,1702.0,건별집계|API_2017_2025,2021,5,2,봄,416545.95567096776,379617.56387741934,29818.29551935484,7110.096267741936,429231.3877387097,401918.0514548387,408661.8679193549,422177.44691612903,200927.98983870968,60335.25905806452,78814.7080516129,61778.02272903226,-13515.578996774195,1,8,0,54,3,0,193,0,0,73,0,0,0,7,1091918.0,715754.0,376164.0,0.3445,114891.0,1179486.0,829330.0,350156.0,0.2969,136054.0,446.28929285978603,275.839912585204,0.967986023186456,0.6180742334588488
2021-06-01,구로구,2012.0,1209.0,1856.0,건별집계|API_2017_2025,2021,6,2,여름,418097.63535666664,382563.60318,29780.7768,5753.255383333333,430787.1621166666,404679.93239,411316.1185433333,422941.57594333333,209292.63567333334,63427.188070000004,79992.81679333333,65872.63081,-11625.457399999996,1,8,0,54,3,0,193,0,0,73,0,0,0,7,1091918.0,715754.0,376164.0,0.3445,114891.0,1179486.0,829330.0,350156.0,0.2969,136054.0,481.22730909100284,289.16690690408666,0.9725128526934944,0.6008946322067594
2021-07-01,구로구,2106.0,1247.0,1902.0,건별집계|API_2017_2025,2021,7,3,여름,418062.03972580645,380546.8570096774,30824.8138,6690.3689129032255,430040.13846129033,404602.76170000003,410990.2151064516,423113.34302258067,196908.9757580645,58151.353022580646,77819.01550000001,60938.60723548387,-12123.12791612904,1,8,0,54,3,0,193,0,0,73,0,0,0,7,1091918.0,715754.0,376164.0,0.3445,114891.0,1179486.0,829330.0,350156.0,0.2969,136054.0,503.7529839784684,298.2810878542973,0.9713478004982649,0.5921177587844254
2021-08-01,구로구,1978.0,1213.0,1890.0,건별집계|API_2017_2025,2021,8,3,여름,414938.22687741934,378338.8941354839,31599.557651612904,4999.775096774193,427540.5720354839,400521.8593193549,407307.3733032258,420388.83657741937,191743.4148129032,56371.03246129032,76317.54053225806,59054.841819354835,-13081.463274193538,1,8,0,54,3,0,193,0,0,73,0,0,0,7,1091918.0,715754.0,376164.0,0.3445,114891.0,1179486.0,829330.0,350156.0,0.2969,136054.0,476.6974628694162,292.3326706069777,0.9688824675253134,0.6132457027300303
2021-09-01,구로구,2318.0,1442.0,1950.0,건별집계|API_2017_2025,2021,9,3,가을,415835.5420966667,379181.77866666665,32114.68181,4539.081613333333,429289.46619999997,400497.40452333336,407390.24012333335,421867.9006633333,194090.41969333336,58791.29531333333,75600.08778333334,59699.036596666665,-14477.660540000004,1,8,0,54,3,0,193,0,0,73,0,0,0,7,1091918.0,715754.0,376164.0,0.3445,114891.0,1179486.0,829330.0,350156.0,0.2969,136054.0,557.4319088533199,346.77170516241904,0.9656820049185167,0.6220880069025022
2021-10-01,구로구,2135.0,1293.0,1770.0,건별집계|API_2017_2025,2021,10,4,가을,417784.6531032258,380592.39321612904,31374.67941935484,5817.580477419356,432972.6390354839,400018.5003451613,407742.58992258064,424957.55538387096,193804.87780322583,57442.526683870965,76426.51919354837,59935.83192580645,-17214.965461290332,1,8,0,54,3,0,193,0,0,73,0,0,0,7,1091918.0,715754.0,376164.0,0.3445,114891.0,1179486.0,829330.0,350156.0,0.2969,136054.0,511.02882409433226,309.48958761310143,0.9594901532089722,0.6056206088992975
2021-11-01,구로구,2063.0,1171.0,1741.0,건별집계|API_2017_2025,2021,11,4,가을,421450.26769999997,383395.02979,30991.794953333334,7063.442956666667,435715.27158,405772.33571666665,413381.58509666665,427213.6124133334,206907.01791666666,63883.02206333333,77687.92044666667,65336.07540666666,-13832.02731666667,1,8,0,54,3,0,193,0,0,73,0,0,0,7,1091918.0,715754.0,376164.0,0.3445,114891.0,1179486.0,829330.0,350156.0,0.2969,136054.0,489.5002229464713,277.8501023123208,0.9676226905820499,0.5676199709161416
2021-12-01,구로구,2085.0,1095.0,1627.0,건별집계|API_2017_2025,2021,12,4,겨울,424275.4591806452,386146.3427032258,31448.191477419354,6680.924996774194,435974.96461612906,410964.42792580643,417685.70956129034,428982.4232129032,198753.04228064517,60625.297722580646,74683.74811290322,63443.99644516129,-11296.71365161291,1,8,0,54,3,0,193,0,0,73,0,0,0,7,1091918.0,715754.0,376164.0,0.3445,114891.0,1179486.0,829330.0,350156.0,0.2969,136054.0,491.42601931927027,258.08704611731457,0.9736662552115654,0.5251798561151079
2022-01-01,구로구,1919.0,1086.0,1509.0,건별집계|API_2017_2025|xlsx_2022_2024,2022,1,1,겨울,424576.06371935486,384720.0697580645,33549.000058064514,6306.993903225806,436461.69731612905,410529.7942225806,417289.32902258064,429780.8742193548,198539.63193870967,60948.4295516129,75138.27023548387,62452.9321516129,-12491.545196774201,1,17,15,269,14,2,204,0,0,97,0,0,0,12,1026630.0,674674.0,351956.0,0.3428,118042.0,1303105.0,914918.0,388187.0,0.2979,143607.0,451.98026077806884,255.78455612557727,0.9709350835598174,0.5659197498697238
2022-02-01,구로구,1961.0,1058.0,,건별집계|xlsx_2022_2024,2022,2,1,겨울,423563.862875,386203.09725,33113.654871428575,4247.110767857143,435468.5035357143,409903.68961071427,416551.3019928572,428572.83495,194646.93815,58087.16974642857,76340.52868928571,60219.239714285715,-12021.53295714286,1,17,15,269,14,2,204,0,0,97,0,0,0,12,1026630.0,674674.0,351956.0,0.3428,118042.0,1303105.0,914918.0,388187.0,0.2979,143607.0,462.9762290601076,249.78523730014982,0.9719498484813082,0.5395206527281999
2022-03-01,구로구,2582.0,1204.0,,건별집계|xlsx_2022_2024,2022,3,1,봄,423091.0342064516,386217.62217419356,32062.624403225807,4810.787629032257,435014.71522580646,408734.1162290323,415518.0859935484,428500.2829096774,186904.06344516127,55020.05348064516,73483.0889516129,58400.92101290323,-12982.196916129029,1,17,15,269,14,2,204,0,0,97,0,0,0,12,1026630.0,674674.0,351956.0,0.3428,118042.0,1303105.0,914918.0,388187.0,0.2979,143607.0,610.270554383832,284.5723266762717,0.9697031777249363,0.46630518977536795
2022-04-01,구로구,2140.0,1124.0,,건별집계|xlsx_2022_2024,2022,4,2,봄,418503.98202999996,381880.02866333333,31367.876863333335,5256.07651,433278.9816066667,400719.82705333334,408817.69945333333,425422.75530333334,203199.28384000002,61385.637819999996,77398.06458,64415.581439999994,-16605.05585,1,17,15,269,14,2,204,0,0,97,0,0,0,12,1026630.0,674674.0,351956.0,0.3428,118042.0,1303105.0,914918.0,388187.0,0.2979,143607.0,511.34519428457827,268.5757001756383,0.9609681060944651,0.525233644859813
2022-05-01,구로구,2085.0,1247.0,,건별집계|xlsx_2022_2024,2022,5,2,봄,421402.1650290323,384078.8912129032,31045.131848387096,6278.141970967742,436491.246483871,402805.26023225806,411157.1925774194,428720.0025032258,204841.96908709678,63611.6678451613,76398.2467,64832.05454193548,-17562.809925806454,1,17,15,269,14,2,204,0,0,97,0,0,0,12,1026630.0,674674.0,351956.0,0.3428,118042.0,1303105.0,914918.0,388187.0,0.2979,143607.0,494.7767650544356,295.91684701337226,0.9590343118509516,0.5980815347721823
2022-06-01,구로구,1992.0,1121.0,,건별집계|xlsx_2022_2024,2022,6,2,여름,427158.5077533333,390712.0278666666,31723.081869999998,4723.3980366666665,442509.5244066667,410913.7706333333,418568.36242666666,433294.32583000005,206525.80422333334,64184.152233333334,76747.14553333333,65594.50645666667,-14725.963403333333,1,17,15,269,14,2,204,0,0,97,0,0,0,12,1026630.0,674674.0,351956.0,0.3428,118042.0,1303105.0,914918.0,388187.0,0.2979,143607.0,466.33742834177593,262.4318560096038,0.9660139481976253,0.5627510040160643
2022-07-01,구로구,2270.0,1289.0,,건별집계|xlsx_2022_2024,2022,7,3,여름,418250.2352677419,381615.1025225806,31493.18850967742,5141.944238709677,431685.6126548387,403054.20613548387,409656.0428064516,424388.9441709678,197402.8844354839,61835.76664516129,73684.32623548387,61882.79155483871,-14732.901364516127,1,17,15,269,14,2,204,0,0,97,0,0,0,12,1026630.0,674674.0,351956.0,0.3428,118042.0,1303105.0,914918.0,388187.0,0.2979,143607.0,542.737291838429,308.18870888975107,0.9652844364423854,0.56784140969163
2022-08-01,구로구,2402.0,1359.0,,건별집계|xlsx_2022_2024,2022,8,3,여름,414125.4692032258,377332.68952258065,31576.465141935485,5216.314554838709,429145.52222580643,397936.37253548385,405225.0456,420482.9146193548,195102.7923483871,60301.97528064516,73746.55669354838,61054.260374193545,-15257.869019354846,1,17,15,269,14,2,204,0,0,97,0,0,0,12,1026630.0,674674.0,351956.0,0.3428,118042.0,1303105.0,914918.0,388187.0,0.2979,143607.0,580.0174533146752,328.16141509352354,0.9637134625715599,0.5657785179017485
2022-09-01,구로구,2161.0,1263.0,,건별집계|xlsx_2022_2024,2022,9,3,가을,413288.53979,378147.49024,31155.838273333335,3985.2112733333333,427493.7835333334,396779.73096666666,404303.74221,419706.2523433333,198351.17851,63665.48939333333,73140.33808,61545.35103666667,-15402.510133333333,1,17,15,269,14,2,204,0,0,97,0,0,0,12,1026630.0,674674.0,351956.0,0.3428,118042.0,1303105.0,914918.0,388187.0,0.2979,143607.0,522.8792458407016,305.59763419565303,0.9633016900574224,0.5844516427579824
2022-10-01,구로구,2000.0,1251.0,,건별집계|xlsx_2022_2024,2022,10,4,가을,414579.019,378722.2631806452,30237.83018064516,5618.925651612903,431425.0671806451,395036.18707419356,403460.6613290323,422520.7030580645,193487.72738709676,61313.79123225807,72422.32409354839,59751.612061290325,-19060.04172903226,1,17,15,269,14,2,204,0,0,97,0,0,0,12,1026630.0,674674.0,351956.0,0.3428,118042.0,1303105.0,914918.0,388187.0,0.2979,143607.0,482.4170805421295,301.75188387910197,0.954889685662544,0.6255
2022-11-01,구로구,2107.0,1296.0,,건별집계|xlsx_2022_2024,2022,11,4,가을,420367.0853833333,385142.53276,30132.198663333333,5092.3539599999995,436077.81732666667,403444.48139666667,411686.5879666667,426567.4406766667,208613.44410666666,66184.60708666667,76167.95018666667,66260.88683333334,-14880.852709999996,1,17,15,269,14,2,204,0,0,97,0,0,0,12,1026630.0,674674.0,351956.0,0.3428,118042.0,1303105.0,914918.0,388187.0,0.2979,143607.0,501.22858645762517,308.30196869913726,0.9651148885475309,0.615092548647366
2022-12-01,구로구,2224.0,1335.0,,건별집계|xlsx_2022_2024,2022,12,4,겨울,424140.6136387097,388387.9486290323,30857.60047096774,4895.064535483871,435413.35371612903,411416.17077419354,417888.38315806456,428606.49256129033,204456.78957419356,64768.90436451612,75236.82818709678,64451.057022580644,-10718.109403225806,1,17,15,269,14,2,204,0,0,97,0,0,0,12,1026630.0,674674.0,351956.0,0.3428,118042.0,1303105.0,914918.0,388187.0,0.2979,143607.0,524.354407119909,314.7541067918518,0.9749931240211134,0.6002697841726619
2023-01-01,구로구,2053.0,,,xlsx_2022_2024,2023,1,1,겨울,427057.4621064516,388067.06301290327,33448.810648387094,5541.588435483871,438470.9511354839,414195.02069032256,420645.75695161294,431637.25148387096,199391.3753580645,64373.518567741936,73845.8380419355,61172.01874838709,-10991.494532258064,1,20,11,169,2,1,246,0,0,65,0,0,0,21,1001240.0,687486.0,313754.0,0.3134,134805.0,1311855.0,928066.0,383789.0,0.2926,161168.0,480.73156007475484,,0.9745353430583859,
2023-02-01,구로구,1846.0,,,xlsx_2022_2024,2023,2,1,겨울,425860.4232607143,389152.063825,31731.60088214286,4976.758557142857,439052.08826785715,409215.2084821429,416796.6270035714,432334.56344642857,196591.53149642856,64516.54490714286,70024.21673928571,62050.76985,-15537.93644285714,1,20,11,169,2,1,246,0,0,65,0,0,0,21,1001240.0,687486.0,313754.0,0.3134,134805.0,1311855.0,928066.0,383789.0,0.2926,161168.0,433.4753593361898,,0.9640603880499541,
2023-03-01,구로구,2034.0,,,xlsx_2022_2024,2023,3,1,봄,420616.3250451613,386104.36065483873,29545.706493548387,4966.25790967742,434288.58915161295,403654.25517419353,411144.5553677419,427381.8748258065,187590.19986451612,62442.840283870966,64852.579277419354,60294.78030322581,-16237.319458064507,1,20,11,169,2,1,246,0,0,65,0,0,0,21,1001240.0,687486.0,313754.0,0.3134,134805.0,1311855.0,928066.0,383789.0,0.2926,161168.0,483.5760950984512,,0.9620074682280745,
2023-04-01,구로구,2056.0,,,xlsx_2022_2024,2023,4,2,봄,418383.55039333337,383261.72546000005,29824.46588,5297.359063333333,433075.24885333335,399966.12111,408083.61204,425740.6492166667,192962.87472999998,64528.19002333333,67268.96739333334,61165.717313333334,-17657.037176666665,1,20,11,169,2,1,246,0,0,65,0,0,0,21,1001240.0,687486.0,313754.0,0.3134,134805.0,1311855.0,928066.0,383789.0,0.2926,161168.0,491.41511373167043,,0.958526306545653,
2023-05-01,구로구,2228.0,,,xlsx_2022_2024,2023,5,2,봄,417092.72127419355,382150.6578516129,30035.613416129032,4906.450006451612,432409.27929032256,398078.7070935484,406565.324332258,424612.2905096774,192537.33577096774,62926.9545,68164.15046129032,61446.23080967742,-18046.966177419363,1,20,11,169,2,1,246,0,0,65,0,0,0,21,1001240.0,687486.0,313754.0,0.3134,134805.0,1311855.0,928066.0,383789.0,0.2926,161168.0,534.1737907085964,,0.957497777193974,
2023-06-01,구로구,2118.0,,,xlsx_2022_2024,2023,6,2,여름,418762.8001233333,383828.8630333334,30406.17149,4527.7656,434901.00186666666,400435.06017,408594.33764333336,426025.9876066667,192244.21373,63074.40161666667,67761.99623,61407.81588333334,-17431.64996333333,1,20,11,169,2,1,246,0,0,65,0,0,0,21,1001240.0,687486.0,313754.0,0.3134,134805.0,1311855.0,928066.0,383789.0,0.2926,161168.0,505.77558450182545,,0.9590831299722793,
2023-07-01,구로구,2491.0,,,xlsx_2022_2024,2023,7,3,여름,420921.0493903226,383445.52216774196,32805.682132258065,4669.845077419355,435537.4343580645,404919.5666419355,412778.2037096774,426737.3677451613,185705.13447096775,61716.93115806452,65813.80031290323,58174.403,-13959.164035483867,1,20,11,169,2,1,246,0,0,65,0,0,0,21,1001240.0,687486.0,313754.0,0.3134,134805.0,1311855.0,928066.0,383789.0,0.2926,161168.0,591.7974412560396,,0.9672886297507932,
2023-08-01,구로구,2404.0,,,xlsx_2022_2024,2023,8,3,여름,415924.0105806452,379612.2697709677,32835.77634516129,3475.9644516129033,430628.8392451613,400772.3847258065,407631.1401258065,421847.489483871,183964.81976451614,60869.82141290323,64463.879341935484,58631.119009677415,-14216.349358064517,1,20,11,169,2,1,246,0,0,65,0,0,0,21,1001240.0,687486.0,313754.0,0.3134,134805.0,1311855.0,928066.0,383789.0,0.2926,161168.0,577.9901950464288,,0.9662997891122734,
2023-09-01,구로구,2242.0,,,xlsx_2022_2024,2023,9,3,가을,415940.1059566667,380627.21934666665,31385.029540000003,3927.85707,432305.5808666666,399833.5917233333,406977.85237333336,422341.71568333334,184765.46310666666,62841.60471,63627.76240666666,58296.095989999994,-15363.863309999999,1,20,11,169,2,1,246,0,0,65,0,0,0,21,1001240.0,687486.0,313754.0,0.3134,134805.0,1311855.0,928066.0,383789.0,0.2926,161168.0,539.0199136588129,,0.9636221979987418,
2023-10-01,구로구,2161.0,,,xlsx_2022_2024,2023,10,4,가을,412541.60501935484,377520.9078774193,30902.39602580645,4118.301116129032,429573.6523096774,393466.1283741935,401543.00853225804,420397.7453870968,179082.3378354839,59301.93222580645,63568.88791612903,56211.51769354839,-18854.736854838702,1,20,11,169,2,1,246,0,0,65,0,0,0,21,1001240.0,687486.0,313754.0,0.3134,134805.0,1311855.0,928066.0,383789.0,0.2926,161168.0,523.8259544509733,,0.9551502426886768,
2023-11-01,구로구,1992.0,,,xlsx_2022_2024,2023,11,4,가을,417147.48438333336,383421.29376,30034.598576666667,3691.5920499999997,431884.6408,401037.67281,408181.0006766667,423552.11562,191232.49262666664,65458.59669666667,64690.21825666667,61083.67767333333,-15371.11494333333,1,20,11,169,2,1,246,0,0,65,0,0,0,21,1001240.0,687486.0,313754.0,0.3134,134805.0,1311855.0,928066.0,383789.0,0.2926,161168.0,477.52894949007344,,0.9637090351423864,
2023-12-01,구로구,2188.0,,,xlsx_2022_2024,2023,12,4,겨울,426951.9046967742,389358.61441290326,34035.845945161294,3557.444329032258,440788.44162903226,412404.222816129,418755.4942354839,432806.48359677417,187183.88615806453,65478.41834193548,63759.44350967742,57946.02430645162,-14050.989361290322,1,20,11,169,2,1,246,0,0,65,0,0,0,21,1001240.0,687486.0,313754.0,0.3134,134805.0,1311855.0,928066.0,383789.0,0.2926,161168.0,512.4699002230569,,0.9675351689639174,
2024-01-01,구로구,1880.0,,,xlsx_2022_2024,2024,1,1,겨울,420901.34484838706,384805.7522548387,32780.61951612903,3314.973087096774,436066.90404193546,404513.5334451613,412151.4912612903,427151.24026774196,179159.24388387095,60678.738012903224,61949.021409677414,56531.484461290325,-14999.74900645161,0,31,0,33,3,1,322,15,92,78,40,14,0,13,999424.0,674066.0,325358.0,0.3255,125108.0,1297693.0,941052.0,356641.0,0.2748,143278.0,446.66048778656085,,0.9648842199380021,
2024-02-01,구로구,1736.0,,,xlsx_2022_2024,2024,2,1,겨울,425250.9092275862,386339.6017655172,34827.60843103448,4083.6990310344827,437367.14381379314,410126.6372275862,416787.5596137931,431296.1589551724,184707.5666724138,62732.61936551724,64058.5019137931,57916.44539310345,-14508.599341379317,0,31,0,33,3,1,322,15,92,78,40,14,0,13,999424.0,674066.0,325358.0,0.3255,125108.0,1297693.0,941052.0,356641.0,0.2748,143278.0,408.2295798386938,,0.966360471708056,
2024-03-01,구로구,1722.0,,,xlsx_2022_2024,2024,3,1,봄,422699.8545451613,388644.613883871,30792.97150967742,3262.269138709677,436961.22897419357,406982.9396,414177.7779451613,428787.0521129032,181899.29102903226,61472.94175483871,62476.205429032256,57950.143845161285,-14609.274167741938,0,31,0,33,3,1,322,15,92,78,40,14,0,13,999424.0,674066.0,325358.0,0.3255,125108.0,1297693.0,941052.0,356641.0,0.2748,143278.0,407.3812615461928,,0.9659288355472656,
2024-04-01,구로구,1962.0,,,xlsx_2022_2024,2024,4,2,봄,416413.5788166666,383166.9050466667,29983.236563333332,3263.4372366666666,431178.5536766667,398758.41057666665,406614.12076,423413.1917233334,192261.70144,62686.089980000004,67906.39063666666,61669.22082333334,-16799.07096333334,0,31,0,33,3,1,322,15,92,78,40,14,0,13,999424.0,674066.0,325358.0,0.3255,125108.0,1297693.0,941052.0,356641.0,0.2748,143278.0,471.1661914521296,,0.9603246396387427,
2024-05-01,구로구,1921.0,,,xlsx_2022_2024,2024,5,2,봄,414101.72426774196,380060.2877548387,30283.333,3758.103509677419,430456.677583871,396175.3472935484,404195.68451935484,421177.46693548386,189396.01912258065,60624.17379354839,69191.89804838708,59579.94728064516,-16981.782416129034,0,31,0,33,3,1,322,15,92,78,40,14,0,13,999424.0,674066.0,325358.0,0.3255,125108.0,1297693.0,941052.0,356641.0,0.2748,143278.0,463.89567766154886,,0.9596802209299333,
2024-06-01,구로구,1997.0,,,xlsx_2022_2024,2024,6,2,여름,415974.06809666666,382241.48582999996,30467.67931666667,3264.90297,429443.08899333334,400964.9314266667,407833.32569333335,421788.8841166666,194731.58281666666,63218.61815333333,70546.93859333334,60966.02607,-13955.55842333334,0,31,0,33,3,1,322,15,92,78,40,14,0,13,999424.0,674066.0,325358.0,0.3255,125108.0,1297693.0,941052.0,356641.0,0.2748,143278.0,480.0780032124322,,0.9669134039590451,
2024-07-01,구로구,2196.0,,,xlsx_2022_2024,2024,7,3,여름,420777.34605483874,384706.153683871,32497.85362903226,3573.3387516129033,434826.72173548385,406050.7157580645,413522.7855225806,425959.1750419355,194197.26356774193,63462.12563225807,69327.82828387097,61407.30965161291,-12436.38951935484,0,31,0,33,3,1,322,15,92,78,40,14,0,13,999424.0,674066.0,325358.0,0.3255,125108.0,1297693.0,941052.0,356641.0,0.2748,143278.0,521.8912141039555,,0.9708037994060568,
2024-08-01,구로구,2316.0,,,xlsx_2022_2024,2024,8,3,여름,416673.88947096776,381610.5717,32091.47032580645,2971.847458064516,430034.9739580645,401313.7750354839,408390.8941935484,422590.314683871,192438.65272580646,62650.175958064516,69950.3243483871,59838.15241935483,-14199.420490322587,0,31,0,33,3,1,322,15,92,78,40,14,0,13,999424.0,674066.0,325358.0,0.3255,125108.0,1297693.0,941052.0,356641.0,0.2748,143278.0,555.8303648305205,,0.9663990867823253,
2024-09-01,구로구,1892.0,,,xlsx_2022_2024,2024,9,3,가을,411882.93624,377938.16340333334,30913.224133333333,3031.548693333333,424485.35917666665,397961.66929333337,404096.69060000003,417444.5402766667,191010.81562,62704.26104,69546.33278,58760.22180000001,-13347.849676666665,0,31,0,33,3,1,322,15,92,78,40,14,0,13,999424.0,674066.0,325358.0,0.3255,125108.0,1297693.0,941052.0,356641.0,0.2748,143278.0,459.3538196245039,,0.9680248550674055,
2024-10-01,구로구,1796.0,,,xlsx_2022_2024,2024,10,4,가을,411528.25950322585,378628.59578387096,29800.77770967742,3098.8859903225807,425800.74244193546,395084.87628064514,401441.0437967742,418733.4135709678,187989.11390967743,60503.15666129032,69012.18151290323,58473.775735483876,-17292.369774193547,0,31,0,33,3,1,322,15,92,78,40,14,0,13,999424.0,674066.0,325358.0,0.3255,125108.0,1297693.0,941052.0,356641.0,0.2748,143278.0,436.4220338520694,,0.9587031528563151,
2024-11-01,구로구,1806.0,,,xlsx_2022_2024,2024,11,4,가을,418220.38810333336,384845.29768666666,29767.435546666668,3607.65489,432121.50235666666,403411.0725366667,410207.33997000003,423943.99389333336,201744.07857333336,67243.31237666667,70952.38999000001,63548.37620666667,-13736.653923333328,0,31,0,33,3,1,322,15,92,78,40,14,0,13,999424.0,674066.0,325358.0,0.3255,125108.0,1297693.0,941052.0,356641.0,0.2748,143278.0,431.8297365153264,,0.9675979513303601,
2024-12-01,구로구,2007.0,,,xlsx_2022_2024,2024,12,4,겨울,422938.36468709673,389186.8399709678,30567.23858064516,3184.2861516129033,437712.01611935487,409966.92984516127,417711.58228709677,426671.7806870968,199617.93957419353,67917.01003548388,69723.03594516129,61977.89359354838,-8960.1984,0,31,0,33,3,1,322,15,92,78,40,14,0,13,999424.0,674066.0,325358.0,0.3255,125108.0,1297693.0,941052.0,356641.0,0.2748,143278.0,474.5372299069729,,0.9789997867082494,
2021-01-01,금천구,1094.0,603.0,,건별집계,2021,1,1,겨울,241209.9010516129,220848.62836451613,17806.940090322583,2554.3326032258065,261565.29762903225,223049.8310548387,257789.73181290325,229367.16480967743,142541.75383225808,50871.9901483871,45312.86429677419,46356.899387096775,28422.567003225802,0,20,0,58,23,0,66,0,0,73,0,0,0,1,668275.0,472584.0,195691.0,0.2928,74036.0,442206.0,344165.0,98041.0,0.2217,31380.0,453.5468880964017,249.98973813723057,1.1239173315274227,0.5511882998171846
2021-02-01,금천구,962.0,490.0,,건별집계,2021,2,1,겨울,237797.51522142856,218171.16511428572,17732.711160714283,1893.638975,258747.90048928573,218809.74945357142,254159.17266071428,226110.617075,146084.63115,52548.82639642857,45867.639182142855,47668.165571428566,28048.555585714294,0,20,0,58,23,0,66,0,0,73,0,0,0,1,668275.0,472584.0,195691.0,0.2928,74036.0,442206.0,344165.0,98041.0,0.2217,31380.0,404.5458587337298,206.05766193298086,1.1240479370166447,0.5093555093555093
2021-03-01,금천구,1160.0,601.0,,건별집계,2021,3,1,봄,239229.3523129032,220459.59258387095,16617.37910645161,2152.3806193548385,261659.5489,217748.0162516129,257492.77478064515,226184.05053870968,148408.5149096774,53460.45571935484,44887.638032258066,50060.42115806452,31308.724241935484,0,20,0,58,23,0,66,0,0,73,0,0,0,1,668275.0,472584.0,195691.0,0.2928,74036.0,442206.0,344165.0,98041.0,0.2217,31380.0,484.8903317193128,251.2233528994026,1.138421449997763,0.5181034482758621
2021-04-01,금천구,1225.0,643.0,,건별집계,2021,4,2,봄,237178.15058333334,218919.24813333334,16228.693529999999,2030.20893,260642.50128333332,214190.17552333334,255680.67344,223962.06282666666,156145.73247333334,56112.44540666667,47055.79223333333,52977.49483333333,31718.610613333338,0,20,0,58,23,0,66,0,0,73,0,0,0,1,668275.0,472584.0,195691.0,0.2928,74036.0,442206.0,344165.0,98041.0,0.2217,31380.0,516.4893970996676,271.1042304776214,1.1416249261727942,0.5248979591836734
2021-05-01,금천구,1277.0,683.0,,건별집계,2021,5,2,봄,234308.7499,215058.94633225806,16448.15008387097,2801.6534870967744,255545.39671290322,213885.63732580646,249870.49048387096,223193.22092258066,144724.74228064518,51316.985467741935,45373.934145161285,48033.82266774194,26677.269561290326,0,20,0,58,23,0,66,0,0,73,0,0,0,1,668275.0,472584.0,195691.0,0.2928,74036.0,442206.0,344165.0,98041.0,0.2217,31380.0,545.0073889878237,291.49572958393395,1.1195254472829346,0.5348472983555208
2021-06-01,금천구,1392.0,723.0,,건별집계,2021,6,2,여름,236722.94097999998,218264.78822333334,16297.76884,2160.383906666667,260822.05625,213589.57349666668,255188.92232666668,223532.95430666668,153992.31811333334,55947.480820000004,46026.47621666666,52018.36107666666,31655.968019999997,0,20,0,58,23,0,66,0,0,73,0,0,0,1,668275.0,472584.0,195691.0,0.2928,74036.0,442206.0,344165.0,98041.0,0.2217,31380.0,588.029193215205,305.4203352691044,1.1416165599304473,0.5193965517241379
2021-07-01,금천구,1390.0,744.0,,건별집계,2021,7,3,여름,236791.4031096774,217154.70077419357,16952.24795483871,2684.454380645161,258772.88963225804,214255.95337096773,254207.65971290323,224351.21982258066,147151.6255419355,52688.554106451615,45182.59057096774,49280.48086451613,29856.439890322577,0,20,0,58,23,0,66,0,0,73,0,0,0,1,668275.0,472584.0,195691.0,0.2928,74036.0,442206.0,344165.0,98041.0,0.2217,31380.0,587.0145544752644,314.200596064458,1.1330790174171255,0.5352517985611511
2021-08-01,금천구,1321.0,762.0,,건별집계,2021,8,3,여름,234568.4790064516,215663.43371935483,17198.928296774193,1706.116993548387,254948.5566935484,213723.05032903227,250175.3815064516,223420.6914967742,143272.86670322582,50329.14837096774,45900.96861290323,47042.74971935484,26754.69000967742,0,20,0,58,23,0,66,0,0,73,0,0,0,1,668275.0,472584.0,195691.0,0.2928,74036.0,442206.0,344165.0,98041.0,0.2217,31380.0,563.161770752526,324.85183142575687,1.1197502784117186,0.5768357305071915
2021-09-01,금천구,1339.0,773.0,,건별집계,2021,9,3,가을,235739.53132333333,216591.87761999998,17255.72398,1891.9297233333334,255784.94895333334,215967.34045333334,250952.09209,224873.41649666667,145535.73074,51863.47448,46368.759843333326,47303.49641666667,26078.675593333333,0,20,0,58,23,0,66,0,0,73,0,0,0,1,668275.0,472584.0,195691.0,0.2928,74036.0,442206.0,344165.0,98041.0,0.2217,31380.0,567.9997718174249,327.9042745443386,1.1159704690737418,0.5772964899178491
2021-10-01,금천구,1302.0,746.0,,건별집계,2021,10,4,가을,236643.04970967743,217430.40238387097,16839.077306451614,2373.5700096774194,256176.84812903227,217078.06708064515,250912.71423548387,226450.43218387096,144081.54331290323,50442.30249354839,46350.376848387095,47288.863970967745,24462.282051612903,0,20,0,58,23,0,66,0,0,73,0,0,0,1,668275.0,472584.0,195691.0,0.2928,74036.0,442206.0,344165.0,98041.0,0.2217,31380.0,550.1957490817256,315.2427256643374,1.1080248856922044,0.5729646697388633
2021-11-01,금천구,1335.0,729.0,,건별집계,2021,11,4,가을,240887.67282333333,222297.95235666668,16476.590836666666,2113.1296466666668,263855.28695333336,218307.98092666667,259121.89582,227863.22784666668,156319.61268666666,56877.20785666667,47030.67924,52411.72559,31258.667973333333,0,20,0,58,23,0,66,0,0,73,0,0,0,1,668275.0,472584.0,195691.0,0.2928,74036.0,442206.0,344165.0,98041.0,0.2217,31380.0,554.2002147113137,302.63067904460496,1.1371817132089774,0.5460674157303371
2021-12-01,금천구,1315.0,694.0,,건별집계,2021,12,4,겨울,242336.23847096774,223034.70615483873,16754.084493548387,2547.447816129032,264597.35342258064,221019.13577419354,260157.35197419356,229606.87167419356,150671.71567096774,54627.21748064516,45888.78370967742,50155.71448064516,30550.4803,0,20,0,58,23,0,66,0,0,73,0,0,0,1,668275.0,472584.0,195691.0,0.2928,74036.0,442206.0,344165.0,98041.0,0.2217,31380.0,542.6344851669961,286.37896023262005,1.1330556009810995,0.5277566539923955
2022-01-01,금천구,1195.0,660.0,207.0,건별집계|API_2017_2025|xlsx_2022_2024,2022,1,1,겨울,240788.27797419357,220876.7132935484,17624.23276129032,2287.3319193548386,261854.94743870967,220924.1464580645,256943.70169032257,229248.6896096774,147558.99307419354,53596.91927419355,45569.00772580645,48393.06607419354,27695.012080645163,2,22,18,319,18,3,251,0,0,119,0,0,0,14,661014.0,451978.0,209036.0,0.3162,76722.0,415761.0,320408.0,95353.0,0.2293,32052.0,496.2866174607029,274.09972177745937,1.1208077225121729,0.5523012552301255
2022-02-01,금천구,1318.0,730.0,,건별집계|xlsx_2022_2024,2022,2,1,겨울,239688.46341071426,219856.45260714288,17536.364485714286,2295.646325,259096.99154285714,221016.15382142857,254487.4457607143,229117.76173571427,141526.30251785714,50336.32461785715,44925.509789285716,46264.46811071428,25369.684025,2,22,18,319,18,3,251,0,0,119,0,0,0,14,661014.0,451978.0,209036.0,0.3162,76722.0,415761.0,320408.0,95353.0,0.2293,32052.0,549.8804494989658,304.56200920655925,1.1107277054070726,0.5538694992412747
2022-03-01,금천구,1682.0,711.0,,건별집계|xlsx_2022_2024,2022,3,1,봄,237066.60091935482,218446.97743548386,16845.62048064516,1774.0030032258064,255475.83735483873,219129.81738709676,251222.43684516128,226955.2895354839,135134.40629354838,47452.333667741936,43025.345487096776,44656.72713870968,24267.147309677417,2,22,18,319,18,3,251,0,0,119,0,0,0,14,661014.0,451978.0,209036.0,0.3162,76722.0,415761.0,320408.0,95353.0,0.2293,32052.0,709.505258639188,299.91571872322396,1.1069247928054273,0.4227110582639715
2022-04-01,금천구,1415.0,748.0,,건별집계|xlsx_2022_2024,2022,4,2,봄,236623.07222333332,218760.49230666665,16347.502896666667,1515.0770233333335,257203.5312,216868.99765333335,251523.47550333335,225979.92703,146904.1127633333,52901.61196333333,44188.391809999994,49814.10899,25543.54847333334,2,22,18,319,18,3,251,0,0,119,0,0,0,14,661014.0,451978.0,209036.0,0.3162,76722.0,415761.0,320408.0,95353.0,0.2293,32052.0,597.9974761989703,316.1145669235546,1.1130345903242207,0.5286219081272084
2022-05-01,금천구,1412.0,766.0,,건별집계|xlsx_2022_2024,2022,5,2,봄,237933.20639032256,220118.83883548385,16111.501483870969,1702.866070967742,259092.1158129032,217873.7077064516,252796.4339935484,227316.6152483871,147619.88370322582,53584.31494516129,44149.40644516129,49886.16231290322,25479.818745161294,2,22,18,319,18,3,251,0,0,119,0,0,0,14,661014.0,451978.0,209036.0,0.3162,76722.0,415761.0,320408.0,95353.0,0.2293,32052.0,593.4438582245031,321.93909022660716,1.1120895571901759,0.5424929178470255
2022-06-01,금천구,1407.0,820.0,,건별집계|xlsx_2022_2024,2022,6,2,여름,240470.61237666666,222271.1976,16370.88498,1828.52979,262391.7092766667,220275.36240666668,255919.24407,229435.87546333333,146966.03040333334,53703.93305666666,43198.34008333333,50063.75726333333,26483.368606666667,2,22,18,319,18,3,251,0,0,119,0,0,0,14,661014.0,451978.0,209036.0,0.3162,76722.0,415761.0,320408.0,95353.0,0.2293,32052.0,585.1026809862792,340.99800881929565,1.115428193403429,0.5828002842928216
2022-07-01,금천구,1531.0,815.0,,건별집계|xlsx_2022_2024,2022,7,3,여름,236805.00617419355,218173.31541935483,16427.772996774194,2203.9177548387097,257539.3977967742,217653.17200967742,251870.18996451612,226044.16061612903,141758.80367419354,52341.53480645161,41327.55727741936,48089.711590322586,25826.0293483871,2,22,18,319,18,3,251,0,0,119,0,0,0,14,661014.0,451978.0,209036.0,0.3162,76722.0,415761.0,320408.0,95353.0,0.2293,32052.0,646.5234940488538,344.1650213258104,1.11425214116566,0.5323318092749837
2022-08-01,금천구,1618.0,876.0,,건별집계|xlsx_2022_2024,2022,8,3,여름,234954.05620000002,216342.71930967743,16548.667606451614,2062.6692677419355,255607.97717419354,216305.52756774196,249655.22828387097,224453.21900967744,140943.7141483871,51560.8429516129,41750.12906451613,47632.74213225806,25202.00927419355,2,22,18,319,18,3,251,0,0,119,0,0,0,14,661014.0,451978.0,209036.0,0.3162,76722.0,415761.0,320408.0,95353.0,0.2293,32052.0,688.6452722581258,372.8388495043994,1.1122817903231181,0.5414091470951793
2022-09-01,금천구,1475.0,831.0,,건별집계|xlsx_2022_2024,2022,9,3,가을,232544.80151666666,214603.53283666668,16356.62187,1584.6467966666667,252135.52922666667,214438.8556766667,246532.42839666668,222553.63947,139792.41597,52304.40363333333,41035.008343333335,46453.00399333333,23978.788926666668,2,22,18,319,18,3,251,0,0,119,0,0,0,14,661014.0,451978.0,209036.0,0.3162,76722.0,415761.0,320408.0,95353.0,0.2293,32052.0,634.2863785300682,357.35049529388925,1.1077438633839956,0.5633898305084746
2022-10-01,금천구,1238.0,683.0,,건별집계|xlsx_2022_2024,2022,10,4,가을,232342.35707419354,213744.53292903226,16157.94879032258,2439.8753677419354,250613.97361290324,215770.6246451613,243872.21342258065,224106.7453967742,135115.3584612903,49792.710332258066,40725.82521935484,44596.822909677416,19765.46802580645,2,22,18,319,18,3,251,0,0,119,0,0,0,14,661014.0,451978.0,209036.0,0.3162,76722.0,415761.0,320408.0,95353.0,0.2293,32052.0,532.8343981655792,293.96275763092933,1.0881966671320504,0.5516962843295639
2022-11-01,금천구,1440.0,823.0,,건별집계|xlsx_2022_2024,2022,11,4,가을,236054.98349,217771.88358666666,16005.608496666666,2277.4914166666663,256825.91955999998,217514.65648,251221.96288,225221.42677666666,145428.83623000002,54400.22632666666,41589.78448333334,49438.82542,26000.536103333336,2,22,18,319,18,3,251,0,0,119,0,0,0,14,661014.0,451978.0,209036.0,0.3162,76722.0,415761.0,320408.0,95353.0,0.2293,32052.0,610.0273668066841,348.6475853346535,1.1154443272802632,0.5715277777777777
2022-12-01,금천구,1532.0,814.0,,건별집계|xlsx_2022_2024,2022,12,4,겨울,237588.73993870968,219079.39819677421,16334.940735483871,2174.4009967741936,257447.8898612903,220812.80225806453,252582.72782258064,226878.7486,140785.84061935483,53146.52814193549,40413.833558064514,47225.478919354835,25703.97922258065,2,22,18,319,18,3,251,0,0,119,0,0,0,14,661014.0,451978.0,209036.0,0.3162,76722.0,415761.0,320408.0,95353.0,0.2293,32052.0,644.8117029431644,342.6088291094881,1.1132939042602805,0.5313315926892951
2023-01-01,금천구,1297.0,,,xlsx_2022_2024,2023,1,1,겨울,240312.57921612903,220263.95922903228,17614.68930645161,2433.9306903225806,260376.26545483872,223095.72669032257,255255.25248064514,229639.24117741935,139493.62568064514,54226.58014516129,39706.104238709675,45560.941296774196,25616.01130322581,0,23,8,230,20,2,179,0,0,73,0,0,0,5,653012.0,452404.0,200608.0,0.3072,87945.0,417386.0,330057.0,87329.0,0.2092,35348.0,539.7137362641021,,1.1115489285362812,
2023-02-01,금천구,1194.0,,,xlsx_2022_2024,2023,2,1,겨울,242600.05121785714,223072.8897607143,16962.02092857143,2565.140517857143,264492.4760785714,223509.085825,258572.16803928572,231191.39635357144,141430.0673392857,55042.82672857143,39093.86799642857,47293.37261428572,27380.771685714288,0,23,8,230,20,2,179,0,0,73,0,0,0,5,653012.0,452404.0,200608.0,0.3072,87945.0,417386.0,330057.0,87329.0,0.2092,35348.0,492.1680741640804,,1.1184333505380089,
2023-03-01,금천구,1335.0,,,xlsx_2022_2024,2023,3,1,봄,237728.3722,219637.84658387097,15908.219725806452,2182.3058870967743,258667.41932580643,219060.17271935483,253117.9515483871,226735.81550967743,133278.9106096774,51838.96306451613,35932.28758064516,45507.659964516126,26382.13603870968,0,23,8,230,20,2,179,0,0,73,0,0,0,5,653012.0,452404.0,200608.0,0.3072,87945.0,417386.0,330057.0,87329.0,0.2092,35348.0,561.565280427222,,1.116356280014278,
2023-04-01,금천구,1449.0,,,xlsx_2022_2024,2023,4,2,봄,234357.30826333334,215792.12537,15949.303080000002,2615.87981,254496.72552333336,216564.39300666665,248066.44583666665,224565.06715333334,134809.85794666669,52979.963910000006,36064.9373,45764.95673666667,23501.378683333336,0,23,8,230,20,2,179,0,0,73,0,0,0,5,653012.0,452404.0,200608.0,0.3072,87945.0,417386.0,330057.0,87329.0,0.2092,35348.0,618.2866712105454,,1.1046528695724813,
2023-05-01,금천구,1591.0,,,xlsx_2022_2024,2023,5,2,봄,233522.59482258066,215566.41972580645,15942.525774193547,2013.6493419354838,252609.85210967742,216505.00308064517,247416.2821516129,223598.5324483871,134185.18241935482,51958.01887741936,35769.587896774196,46457.57564516129,23817.749703225803,0,23,8,230,20,2,179,0,0,73,0,0,0,5,653012.0,452404.0,200608.0,0.3072,87945.0,417386.0,330057.0,87329.0,0.2092,35348.0,681.3045226774591,,1.1065201521782062,
2023-06-01,금천구,1383.0,,,xlsx_2022_2024,2023,6,2,여름,235657.80797,217545.02732666666,16259.374063333333,1853.4065666666668,256485.82675666668,217530.29438666668,249922.22484666668,225468.93876666666,136513.63087666666,52469.40808333333,36989.20937333334,47055.013419999996,24453.28608,0,23,8,230,20,2,179,0,0,73,0,0,0,5,653012.0,452404.0,200608.0,0.3072,87945.0,417386.0,330057.0,87329.0,0.2092,35348.0,586.8678877705848,,1.1084552320765844,
2023-07-01,금천구,1506.0,,,xlsx_2022_2024,2023,7,3,여름,236621.46548709678,217013.9560032258,17505.666064516132,2101.8434096774195,257489.23991935485,218386.26912903227,251270.89026129033,226157.5906548387,131958.53301612905,51359.910654838706,35860.14283548387,44738.47952580645,25113.29960645162,0,23,8,230,20,2,179,0,0,73,0,0,0,5,653012.0,452404.0,200608.0,0.3072,87945.0,417386.0,330057.0,87329.0,0.2092,35348.0,636.4595861579278,,1.1110433637612434,
2023-08-01,금천구,1563.0,,,xlsx_2022_2024,2023,8,3,여름,233367.3317580645,214354.69663548388,17354.433229032256,1658.2018741935483,254454.31197419355,215061.80106129032,247665.1424129032,223154.60985161288,131717.3073419355,50969.704332258065,35876.488064516125,44871.114945161295,24510.532561290318,0,23,8,230,20,2,179,0,0,73,0,0,0,5,653012.0,452404.0,200608.0,0.3072,87945.0,417386.0,330057.0,87329.0,0.2092,35348.0,669.7595538438028,,1.1098365504418153,
2023-09-01,금천구,1404.0,,,xlsx_2022_2024,2023,9,3,가을,230257.95803,212309.97943666668,16467.770866666666,1480.2077466666667,249651.15946999998,212514.51483666667,242736.97050333334,221344.37770666665,128271.13289333334,50018.87632,34929.02729,43323.229283333334,21392.592796666668,0,23,8,230,20,2,179,0,0,73,0,0,0,5,653012.0,452404.0,200608.0,0.3072,87945.0,417386.0,330057.0,87329.0,0.2092,35348.0,609.7509124167055,,1.0966484580196427,
2023-10-01,금천구,1347.0,,,xlsx_2022_2024,2023,10,4,가을,228078.39080967742,210272.42498064516,16175.632448387098,1630.3333903225805,247129.4032,211042.2534032258,239249.6267,220098.93660645164,124775.19330967742,48196.668280645164,34585.0981483871,41993.42688064516,19150.690093548386,0,23,8,230,20,2,179,0,0,73,0,0,0,5,653012.0,452404.0,200608.0,0.3072,87945.0,417386.0,330057.0,87329.0,0.2092,35348.0,590.5864186511292,,1.0870094621483373,
2023-11-01,금천구,1325.0,,,xlsx_2022_2024,2023,11,4,가을,234494.11610999997,216921.50440666667,15992.849493333333,1579.7621966666666,256146.43936333334,215998.83017333332,249570.01579333332,223725.61634,136466.46871333334,55095.440896666674,34900.64227,46470.385546666665,25844.399453333335,0,23,8,230,20,2,179,0,0,73,0,0,0,5,653012.0,452404.0,200608.0,0.3072,87945.0,417386.0,330057.0,87329.0,0.2092,35348.0,565.046160637331,,1.115518284745977,
2023-12-01,금천구,1404.0,,,xlsx_2022_2024,2023,12,4,겨울,236172.7679967742,216938.3874419355,17830.326841935486,1404.0537032258064,256122.57915806453,218965.88168709676,248849.29681290322,227118.10456774195,129491.28353870969,52276.33712258065,34134.25282903226,43080.69358709678,21731.19224516129,0,23,8,230,20,2,179,0,0,73,0,0,0,5,653012.0,452404.0,200608.0,0.3072,87945.0,417386.0,330057.0,87329.0,0.2092,35348.0,594.4800545417568,,1.095682342394151,
2024-01-01,금천구,1292.0,,,xlsx_2022_2024,2024,1,1,겨울,238123.28977419354,219639.91818709677,17149.924051612903,1333.447541935484,258946.29132580647,219259.18498064516,252441.27267096774,227896.1591419355,129565.8532064516,52161.48515483871,33510.30678387097,43894.061267741934,24545.113529032256,0,33,0,12,17,1,134,6,70,60,28,6,0,28,635262.0,438461.0,196801.0,0.3098,79631.0,448187.0,361032.0,87155.0,0.1945,40976.0,542.576075286534,,1.1077030592417547,
2024-02-01,금천구,1175.0,,,xlsx_2022_2024,2024,2,1,겨울,238069.70086206897,218165.66350344828,18054.351568965518,1849.6857896551724,258846.89996551725,219606.10950344827,252400.4383724138,227833.4597862069,131071.9294275862,52682.12089310345,34556.390548275864,43833.41798620689,24566.978586206897,0,33,0,12,17,1,134,6,70,60,28,6,0,28,635262.0,438461.0,196801.0,0.3098,79631.0,448187.0,361032.0,87155.0,0.1945,40976.0,493.55293670098854,,1.1078286684021739,
2024-03-01,금천구,1202.0,,,xlsx_2022_2024,2024,3,1,봄,235521.5647451613,218012.5217,16222.802225806452,1286.2407903225808,255061.31398387096,218188.24566774192,247531.0162967742,226943.38506129032,125336.97923548387,49364.10715483871,33824.66641612903,42148.20566451613,20587.631235483877,0,33,0,12,17,1,134,6,70,60,28,6,0,28,635262.0,438461.0,196801.0,0.3098,79631.0,448187.0,361032.0,87155.0,0.1945,40976.0,510.3566636458901,,1.0907170360128533,
2024-04-01,금천구,1264.0,,,xlsx_2022_2024,2024,4,2,봄,233935.12337000002,216754.57008333332,15823.885896666667,1356.6673966666667,254387.51933,215993.57898999998,246756.41167666667,224777.06031333332,135083.52598333333,52420.31596666667,36886.463176666664,45776.74684,21979.35136333333,0,33,0,12,17,1,134,6,70,60,28,6,0,28,635262.0,438461.0,196801.0,0.3098,79631.0,448187.0,361032.0,87155.0,0.1945,40976.0,540.3207443975025,,1.0977828935599332,
2024-05-01,금천구,1260.0,,,xlsx_2022_2024,2024,5,2,봄,231733.59533870968,214630.22932903224,15736.770406451613,1366.5956096774194,251041.96128387097,214924.10917419355,243687.76640967742,223194.90172258063,132444.2396967742,50081.10600645161,38070.90736774194,44292.226322580646,20492.86468709678,0,33,0,12,17,1,134,6,70,60,28,6,0,28,635262.0,438461.0,196801.0,0.3098,79631.0,448187.0,361032.0,87155.0,0.1945,40976.0,543.7278087186025,,1.0918160071262215,
2024-06-01,금천구,1301.0,,,xlsx_2022_2024,2024,6,2,여름,231097.85331,213823.17566333333,15924.190869999999,1350.4867766666669,250283.24559333333,214593.98085666666,242837.15445666667,222712.63821333332,133254.04211333333,50941.32285333333,38338.08482333333,43974.63443666666,20124.516243333335,0,33,0,12,17,1,134,6,70,60,28,6,0,28,635262.0,438461.0,196801.0,0.3098,79631.0,448187.0,361032.0,87155.0,0.1945,40976.0,562.9649870675382,,1.0903609081405445,
2024-07-01,금천구,1407.0,,,xlsx_2022_2024,2024,7,3,여름,238442.4369064516,219839.87931290324,17047.23424516129,1555.3233580645162,261142.26054838707,219436.04097419354,254322.30193548388,227099.6761935484,140178.73148709678,55393.100616129035,37757.88220645161,47027.748664516126,27222.625741935484,0,33,0,12,17,1,134,6,70,60,28,6,0,28,635262.0,438461.0,196801.0,0.3098,79631.0,448187.0,361032.0,87155.0,0.1945,40976.0,590.0795253791212,,1.1198708258779493,
2024-08-01,금천구,1575.0,,,xlsx_2022_2024,2024,8,3,여름,233325.76889677419,215080.5078451613,16881.798158064517,1363.4629032258065,253330.98622258066,216811.40966129032,245431.34103225806,224678.93166451613,133741.56757419356,51981.623325806446,37704.52333870968,44055.42090967742,20752.409367741933,0,33,0,12,17,1,134,6,70,60,28,6,0,28,635262.0,438461.0,196801.0,0.3098,79631.0,448187.0,361032.0,87155.0,0.1945,40976.0,675.0218835437747,,1.092364732260383,
2024-09-01,금천구,1229.0,,,xlsx_2022_2024,2024,9,3,가을,228056.98249,210519.79362666665,16070.009076666667,1467.17977,245935.65806,212693.22909666665,238589.70369,220533.6102,128574.44777,49927.168139999994,36854.59247333333,41792.68715666667,18056.093490000003,0,33,0,12,17,1,134,6,70,60,28,6,0,28,635262.0,438461.0,196801.0,0.3098,79631.0,448187.0,361032.0,87155.0,0.1945,40976.0,538.9004040049026,,1.081874565394477,
2024-10-01,금천구,1202.0,,,xlsx_2022_2024,2024,10,4,가을,229143.53190645162,212130.24859032256,15494.494045161291,1518.7892580645162,247820.15931935483,213104.5064322581,239965.0127032258,221413.90278709677,129118.47958064516,49510.240403225805,37129.80075483871,42478.43842258065,18551.10991612903,0,33,0,12,17,1,134,6,70,60,28,6,0,28,635262.0,438461.0,196801.0,0.3098,79631.0,448187.0,361032.0,87155.0,0.1945,40976.0,524.5620463294243,,1.0837847564340486,
2024-11-01,금천구,1212.0,,,xlsx_2022_2024,2024,11,4,가을,231500.47344666667,214496.14765333335,15513.218289999999,1491.1074999999998,251248.43764666666,215206.11211333334,243708.85729666665,222780.19926666666,137196.97138,53477.67838666667,37882.71327666667,45836.57971666667,20928.65803,0,33,0,12,17,1,134,6,70,60,28,6,0,28,635262.0,438461.0,196801.0,0.3098,79631.0,448187.0,361032.0,87155.0,0.1945,40976.0,523.5410459232697,,1.0939430797660277,
2024-12-01,금천구,1307.0,,,xlsx_2022_2024,2024,12,4,겨울,231806.42872580644,214625.4208516129,15851.478016129033,1329.5298451612903,250593.15577096774,216459.28343548387,243696.55752258067,223313.47958064516,132310.61528387095,51819.71407096774,37325.065035483865,43165.836177419354,20383.077941935484,0,33,0,12,17,1,134,6,70,60,28,6,0,28,635262.0,438461.0,196801.0,0.3098,79631.0,448187.0,361032.0,87155.0,0.1945,40976.0,563.8325076592213,,1.0912756273388082,
2018-04-01,노원구,2053.0,1455.0,1464.0,API_2017_2025,2018,4,2,봄,542736.2670576924,536820.9033807692,4986.6736,928.6900692307693,585009.8318730769,497666.88556538464,507449.06812692306,567941.4091384615,252418.08297307693,39330.920911538466,142836.92629615383,70250.23576538461,-60492.341011538454,0,82,3,126,93,11,464,0,0,235,0,0,0,40,,,,,,,,,,,378.26843802604554,268.0860094144648,0.8934884126457653,0.7087189478811495
2018-05-01,노원구,2186.0,1532.0,1544.0,API_2017_2025,2018,5,2,봄,534368.7158967742,528426.7203290323,5098.073238709678,843.9223258064516,576657.8304419356,490534.21493225807,500472.11370322586,557352.0542258065,251324.93122258064,39538.44420645161,142970.8302612903,68815.65675483871,-56879.940522580655,0,82,3,126,93,11,464,0,0,235,0,0,0,40,,,,,,,,,,,409.0808340700613,286.69342991552327,0.8979461184518462,0.7008234217749314
2018-06-01,노원구,2239.0,1598.0,1609.0,API_2017_2025,2018,6,2,여름,535636.59989,529824.3877266666,4852.95191,959.2602566666667,574979.0645733332,494293.49726333335,503055.67801,558908.68697,238461.26477333333,37272.310483333335,136355.21233666668,64833.74195333334,-55853.00896000001,0,82,3,126,93,11,464,0,0,235,0,0,0,40,,,,,,,,,,,418.0072833820184,298.336596178859,0.900067738680544,0.713711478338544
2018-07-01,노원구,2316.0,1564.0,1573.0,API_2017_2025,2018,7,3,여름,527696.9902903226,521646.68186129036,4905.805329032259,1144.5030903225806,569551.7624580645,483880.1473451613,492652.8822,552728.4960483871,234350.8133387097,36804.286045161294,136337.14967096774,61209.37762258064,-60075.6138483871,0,82,3,126,93,11,464,0,0,235,0,0,0,40,,,,,,,,,,,438.8882337050678,296.3822096350286,0.8913108076064745,0.6753022452504318
2018-08-01,노원구,2423.0,1617.0,1629.0,API_2017_2025,2018,8,3,여름,524253.71657741937,518417.11633870966,4903.081780645161,933.518464516129,562550.306367742,483122.7395838709,491502.56714193546,546448.9238193549,235038.43505483872,36469.20830967742,136932.93915483874,61636.28759032258,-54946.356677419346,0,82,3,126,93,11,464,0,0,235,0,0,0,40,,,,,,,,,,,462.18079593569894,308.43844285102153,0.8994483211836583,0.6673545191910855
2018-09-01,노원구,2207.0,1471.0,1477.0,API_2017_2025,2018,9,3,가을,535225.8355133333,529296.1011933334,4892.293273333333,1037.4410733333332,571285.9840366667,497481.2381866667,506013.2216733333,556091.98827,237015.42196,43673.51901333334,128182.13349,65159.76945666667,-50078.76659666667,0,82,3,126,93,11,464,0,0,235,0,0,0,40,,,,,,,,,,,412.3493025861268,274.8372560508348,0.9099451751634446,0.6665156320797463
2018-10-01,노원구,2059.0,1419.0,1424.0,API_2017_2025,2018,10,4,가을,536786.8520419354,530887.3192741936,5095.051016129032,804.4817709677419,573506.8751935484,494407.1811967742,504325.72367096774,558723.8714419354,233854.00883870968,38614.92324516129,129475.8718,65763.21379354839,-54398.14777096774,0,82,3,126,93,11,464,0,0,235,0,0,0,40,,,,,,,,,,,383.5786946285235,264.3507370946454,0.9026385831151642,0.6891694997571637
2018-11-01,노원구,1974.0,1374.0,1380.0,API_2017_2025,2018,11,4,가을,535976.3154333333,529754.7225366667,5275.929736666667,945.6631600000001,575000.49451,494349.83593666664,503433.06903666665,559221.4914466667,239417.01208333333,41086.10922,130791.60795,67539.29491333333,-55788.42240999999,0,82,3,126,93,11,464,0,0,235,0,0,0,40,,,,,,,,,,,368.2998563852648,256.35461128336055,0.9002391301777776,0.6960486322188449
2018-12-01,노원구,2125.0,1497.0,1501.0,API_2017_2025,2018,12,4,겨울,539463.3939967742,533256.7235548387,5276.351493548387,930.3189645161291,572701.5524612903,501708.3325387096,510619.5126096774,560066.1664387097,229246.1645580645,39252.260993548385,127410.6798,62583.22376451613,-49446.653829032264,0,82,3,126,93,11,464,0,0,235,0,0,0,40,,,,,,,,,,,393.90995267654927,277.49797607378554,0.911712835389703,0.7044705882352941
2019-01-01,노원구,1954.0,1349.0,1355.0,API_2017_2025,2019,1,1,겨울,533047.2507096775,526733.2918419355,5263.252606451612,1050.7062451612903,569382.5510612903,490892.60997419356,500453.1434483871,556328.7558741936,234004.50493548386,38183.40914516129,133910.6050580645,61910.49073225806,-55875.612425806445,0,39,2,123,78,4,277,0,0,234,0,0,0,43,1284432.0,856256.0,428176.0,0.3334,,1021288.0,732608.0,288680.0,0.2827,,366.571630826071,253.07324973611557,0.8995636809425648,0.6903787103377687
2019-02-01,노원구,1834.0,1261.0,1265.0,API_2017_2025,2019,2,1,겨울,524486.0500821428,518214.8755035714,5178.153707142857,1093.020882142857,557904.3162821429,487894.5868107143,496783.41816785716,544273.6443357143,231426.67591785712,40556.05013928572,129856.59300357143,61014.03277499999,-47490.22616785713,0,39,2,123,78,4,277,0,0,234,0,0,0,43,1284432.0,856256.0,428176.0,0.3334,,1021288.0,732608.0,288680.0,0.2827,,349.67564908785783,240.42584160293822,0.9127456810336299,0.6875681570338059
2019-03-01,노원구,2085.0,1440.0,1449.0,API_2017_2025,2019,3,1,봄,540061.4991741935,533508.3710064517,5562.395274193548,990.7328903225806,571026.1793161291,503922.98387096776,512306.8163806452,559886.272583871,229386.6746709677,43061.6541483871,122930.44662903225,63394.57389354839,-47579.45620322581,0,39,2,123,78,4,277,0,0,234,0,0,0,43,1284432.0,856256.0,428176.0,0.3334,,1021288.0,732608.0,288680.0,0.2827,,386.0671429435662,266.636300162463,0.9150194270996376,0.6906474820143885
2019-04-01,노원구,2048.0,1449.0,1459.0,API_2017_2025,2019,4,2,봄,529692.61298,523176.93169,5685.540903333333,830.1403866666666,563748.5857966667,490093.27845,499171.26989999996,551493.5723133334,247150.40674,40604.8536,135652.67555333333,70892.87758666667,-52322.30241333334,0,39,2,123,78,4,277,0,0,234,0,0,0,43,1284432.0,856256.0,428176.0,0.3334,,1021288.0,732608.0,288680.0,0.2827,,386.63933568530393,273.55488154687765,0.9051261790887994,0.70751953125
2019-05-01,노원구,2182.0,1496.0,1501.0,API_2017_2025,2019,5,2,봄,509540.9963677419,502939.02278709674,5626.510187096775,975.4634,543366.3243387096,471219.8611032258,480173.06182580645,530518.0924645162,226205.2848548387,38760.166280645164,123355.30897741936,64089.80959677419,-50345.03063870967,0,39,2,123,78,4,277,0,0,234,0,0,0,43,1284432.0,856256.0,428176.0,0.3334,,1021288.0,732608.0,288680.0,0.2827,,428.22854599617426,293.59757324027345,0.9051021419367011,0.6856095325389551
2019-06-01,노원구,2099.0,1479.0,1485.0,API_2017_2025,2019,6,2,여름,509867.7568833333,503524.29194666666,5401.8973633333335,941.5675633333334,541897.9077233333,473978.4564233333,482357.25064333336,529518.1184833334,214330.5706,36178.887603333336,118769.56768000001,59382.11531666667,-47160.86784,0,39,2,123,78,4,277,0,0,234,0,0,0,43,1284432.0,856256.0,428176.0,0.3334,,1021288.0,732608.0,288680.0,0.2827,,411.6753749698842,290.07521657001365,0.9109362528045687,0.704621248213435
2019-07-01,노원구,2226.0,1532.0,1538.0,API_2017_2025,2019,7,3,여름,495784.2181548387,489703.8171935484,5000.350983870968,1080.0499741935485,532355.2575709678,456251.5201064516,464604.2786645161,518055.60352258064,195425.94669354838,33519.08247096774,109317.92650967742,52588.93771290322,-53451.324858064516,0,39,2,123,78,4,277,0,0,234,0,0,0,43,1284432.0,856256.0,428176.0,0.3334,,1021288.0,732608.0,288680.0,0.2827,,448.98565111340355,309.0053986997908,0.8968231894518351,0.688230008984726
2019-08-01,노원구,2236.0,1530.0,1538.0,API_2017_2025,2019,8,3,여름,518702.3919774194,512508.42229677417,5218.646561290322,975.3231290322581,555615.667951613,479065.3062322581,487472.57577096776,541009.4035677419,210107.74318064513,35330.92149354839,119591.29718064517,55185.52450645161,-53536.827796774174,0,39,2,123,78,4,277,0,0,234,0,0,0,43,1284432.0,856256.0,428176.0,0.3334,,1021288.0,732608.0,288680.0,0.2827,,431.07570633631076,294.96682946983697,0.9010427037982703,0.684257602862254
2019-09-01,노원구,2145.0,1509.0,1520.0,API_2017_2025,2019,9,3,가을,532819.3536800001,526120.2366333333,5590.121116666666,1108.9959433333331,568826.2973433334,495900.6633833333,503814.45228666667,553537.1404133333,232879.11763999998,43830.701329999996,127105.03072333333,61943.38558666666,-49722.68812666667,0,39,2,123,78,4,277,0,0,234,0,0,0,43,1284432.0,856256.0,428176.0,0.3334,,1021288.0,732608.0,288680.0,0.2827,,402.5754667478241,283.2104332505672,0.9101728059484173,0.7034965034965035
2019-10-01,노원구,2144.0,1478.0,1486.0,API_2017_2025,2019,10,4,가을,535060.2785112903,528372.8399080645,5924.887967741935,762.550635483871,575499.5699129032,491076.31377741933,500179.3782951613,559975.2072048386,229499.07121774193,39539.406701612905,126707.48075,63252.18376612903,-59795.8289096774,0,39,2,123,78,4,277,0,0,234,0,0,0,43,1284432.0,856256.0,428176.0,0.3334,,1021288.0,732608.0,288680.0,0.2827,,400.7025163529794,276.2305593142274,0.8932170065025682,0.6893656716417911
2019-11-01,노원구,2019.0,1399.0,1404.0,API_2017_2025,2019,11,4,가을,539384.6365533334,532552.7597533333,5884.738759999999,947.1380533333333,577695.8300800001,498559.50237,507290.1848033333,562309.2449633334,226152.25107333335,40676.32249333333,124608.71482666668,60867.21375333333,-55019.06015999999,0,39,2,123,78,4,277,0,0,234,0,0,0,43,1284432.0,856256.0,428176.0,0.3334,,1021288.0,732608.0,288680.0,0.2827,,374.3154445223738,259.36964184586475,0.9021551563435745,0.6929172857850421
2019-12-01,노원구,2068.0,1458.0,1463.0,API_2017_2025,2019,12,4,겨울,543126.2376483871,536563.7108612903,5512.314025806451,1050.2127677419355,580053.542667742,503686.5460580645,512294.0612419355,565149.2208032259,233816.28920645162,40863.618061290326,130392.17052903226,62560.50061612903,-52855.159561290326,0,39,2,123,78,4,277,0,0,234,0,0,0,43,1284432.0,856256.0,428176.0,0.3334,,1021288.0,732608.0,288680.0,0.2827,,380.7586260155593,268.445878496463,0.9064757454921918,0.7050290135396519
2020-01-01,노원구,2078.0,1445.0,1447.0,API_2017_2025,2020,1,1,겨울,539183.4734387096,532694.1267258065,5298.327641935484,1191.0190677419355,576883.2178096775,498414.2189580645,507810.4677354839,561592.7632387097,228331.04014838708,40832.428787096775,128534.71303548387,58963.898325806455,-53782.29550322581,0,29,0,67,122,3,160,0,0,140,0,0,1,53,1227244.0,829846.0,397398.0,0.3238,,934601.0,672508.0,262093.0,0.2804,,385.39756917015586,267.997828417168,0.9042325702470544,0.6953801732435033
2020-02-01,노원구,1859.0,1160.0,1169.0,API_2017_2025,2020,2,1,겨울,546464.9490724138,539839.4772551723,5408.634227586206,1216.8376137931036,581069.3532965517,507102.2598172414,515518.8247862069,568569.3235724138,217430.11368965518,34138.21157241379,129007.12760344827,54284.774513793105,-53050.4987862069,0,29,0,67,122,3,160,0,0,140,0,0,1,53,1227244.0,829846.0,397398.0,0.3238,,934601.0,672508.0,262093.0,0.2804,,340.18650293225994,212.27344992007613,0.9066947571970961,0.6239913932221625
2020-03-01,노원구,1781.0,1048.0,1048.0,API_2017_2025,2020,3,1,봄,545250.9242225806,538125.5851354839,5343.913483870968,1781.4256096774193,578935.6347935484,505792.4974516129,514649.6650322581,567108.9665032258,202835.22007096774,29841.656777419354,123061.62424193548,49931.939051612906,-52459.301470967745,0,29,0,67,122,3,160,0,0,140,0,0,1,53,1227244.0,829846.0,397398.0,0.3238,,934601.0,672508.0,262093.0,0.2804,,326.6386026835905,192.20508456620033,0.9074969634241017,0.5884334643458731
2020-04-01,노원구,1680.0,1042.0,1050.0,API_2017_2025,2020,4,2,봄,541621.2132766667,534866.5076199999,5408.76641,1345.9392599999999,576785.2944233333,500920.16345666663,510343.9471666667,563962.11763,213727.93362,32116.128416666666,128011.18613333332,53600.61907,-53618.17046333331,0,29,0,67,122,3,160,0,0,140,0,0,1,53,1227244.0,829846.0,397398.0,0.3238,,934601.0,672508.0,262093.0,0.2804,,310.1798745725706,192.3853745860825,0.904925936003186,0.6202380952380953
2020-05-01,노원구,1857.0,1092.0,1099.0,API_2017_2025,2020,5,2,봄,535520.5980322581,529121.2102129032,5428.583877419354,970.8039354838709,570393.6638225806,496379.9357645161,505519.07877741934,556950.2546451613,215806.1031064516,34389.9720483871,126921.84662903227,54494.28442903226,-51431.17586774194,0,29,0,67,122,3,160,0,0,140,0,0,1,53,1227244.0,829846.0,397398.0,0.3238,,934601.0,672508.0,262093.0,0.2804,,346.7653731384838,203.91372507658824,0.9076557099331801,0.5880452342487884
2020-06-01,노원구,1911.0,1112.0,1116.0,API_2017_2025,2020,6,2,여름,531075.91065,524464.3529233333,5419.767543333333,1191.7901966666666,567364.3828466666,492199.9714466667,500070.26674,553222.7991633334,217875.44769333335,34874.49220666667,126392.19551,56608.75997666667,-53152.53242333334,0,29,0,67,122,3,160,0,0,140,0,0,1,53,1227244.0,829846.0,397398.0,0.3238,,934601.0,672508.0,262093.0,0.2804,,359.83556430964245,209.3862624344963,0.9039220138726773,0.5818942961800104
2020-07-01,노원구,1879.0,1241.0,1253.0,API_2017_2025,2020,7,3,여름,525933.9688870967,519700.41589999996,5306.926441935483,926.6265419354838,562816.6591516129,486471.49666451616,494657.0879064516,548274.5981516129,213247.75997419356,33687.69020645161,123775.38194516128,55784.68782258064,-53617.51024516129,0,29,0,67,122,3,160,0,0,140,0,0,1,53,1227244.0,829846.0,397398.0,0.3238,,934601.0,672508.0,262093.0,0.2804,,357.2691841860035,235.96118018884002,0.9022068313470641,0.660457690260777
2020-08-01,노원구,2056.0,1170.0,1190.0,API_2017_2025,2020,8,3,여름,524910.5199774194,518293.7415548387,5239.226283870968,1377.5521419354839,557776.2668548387,490134.8237516129,497491.01228709676,544495.8826032258,205273.8083096774,31730.978945161292,121344.96375483871,52197.86560967742,-47004.870316129025,0,29,0,67,122,3,160,0,0,140,0,0,1,53,1227244.0,829846.0,397398.0,0.3238,,934601.0,672508.0,262093.0,0.2804,,391.6858058185698,222.89513268858298,0.9136726799633461,0.5690661478599222
2020-09-01,노원구,1817.0,1042.0,1054.0,API_2017_2025,2020,9,3,가을,529975.11361,523431.2104133333,5316.32772,1227.57549,564652.2831266667,492491.46031,500433.9656966666,551075.9335633334,203812.91808,32184.26022333333,119365.45214333334,52263.20571333334,-50641.96786666666,0,29,0,67,122,3,160,0,0,140,0,0,1,53,1227244.0,829846.0,397398.0,0.3238,,934601.0,672508.0,262093.0,0.2804,,342.84628718191107,196.61300563761768,0.9081034667233447,0.57347275729224
2020-10-01,노원구,1934.0,1185.0,1196.0,API_2017_2025,2020,10,4,가을,527490.4269354838,521086.5639612903,5362.655490322581,1041.2074741935485,562207.0681774194,489518.24734193546,498322.26564193546,548324.8278483871,217273.9725548387,36794.467777419355,123603.4813516129,56876.02342580645,-50002.562206451614,0,29,0,67,122,3,160,0,0,140,0,0,1,53,1227244.0,829846.0,397398.0,0.3238,,934601.0,672508.0,262093.0,0.2804,,366.6417249002593,224.6486266839748,0.908808502429736,0.6127197518097208
2020-11-01,노원구,1794.0,1084.0,1098.0,API_2017_2025,2020,11,4,가을,525454.4487766667,519203.78576,5270.655613333333,980.0074066666667,560107.2632899999,487767.0964133333,496125.6229633333,546403.6100666667,213960.51457333332,34614.37573666666,123226.95173333334,56119.18710333333,-50277.98710333334,0,29,0,67,122,3,160,0,0,140,0,0,1,53,1227244.0,829846.0,397398.0,0.3238,,934601.0,672508.0,262093.0,0.2804,,341.4187479384159,206.29761581117214,0.9079837940726655,0.6042363433667781
2020-12-01,노원구,1674.0,978.0,1040.0,API_2017_2025,2020,12,4,겨울,528956.3267258065,522434.3127709678,5221.636625806452,1300.3773322580646,558096.0889806452,495739.9374709677,503298.0879935484,547283.6401161291,195774.8406612903,30147.386645161292,116219.25207096773,49408.20194516129,-43985.55212258065,0,29,0,67,122,3,160,0,0,140,0,0,1,53,1227244.0,829846.0,397398.0,0.3238,,934601.0,672508.0,262093.0,0.2804,,316.4722521350513,184.89239103230597,0.9196293313038788,0.5842293906810035
2021-01-01,노원구,1914.0,1170.0,1045.0,건별집계|API_2017_2025,2021,1,1,겨울,526353.2837,520403.38778064516,5097.124896774193,852.7710193548387,554993.5225741935,493377.87477419357,501029.10746774194,544441.9809999999,201071.41697419353,31032.70101935484,120442.89371290323,49595.82224193548,-43412.87353225806,0,16,2,70,137,1,109,0,0,140,0,0,0,24,1296460.0,881661.0,414799.0,0.3199,124879.0,939136.0,691702.0,247434.0,0.2635,148191.0,363.63409505979297,222.284164691723,0.9202617082310227,0.6112852664576802
2021-02-01,노원구,1823.0,1109.0,917.0,건별집계|API_2017_2025,2021,2,1,겨울,520482.14055,514716.3796857143,5025.8396,739.9212749999999,552150.5800642857,485015.25507857144,493279.7350892857,539912.4301714286,209270.291675,34634.720603571426,122131.027875,52504.54319642857,-46632.695082142855,0,16,2,70,137,1,109,0,0,140,0,0,0,24,1296460.0,881661.0,414799.0,0.3199,124879.0,939136.0,691702.0,247434.0,0.2635,148191.0,350.25217158721586,213.07167212848182,0.91362915081,0.6083379045529347
2021-03-01,노원구,1925.0,1200.0,1010.0,건별집계|API_2017_2025,2021,3,1,봄,524110.7567419355,518021.56534516125,5157.650183870968,931.5412225806452,557845.4103774194,487334.548216129,495234.1861548387,544736.878583871,210960.18982580645,36973.88920322581,120232.53887741936,53753.76174516129,-49502.69242903224,0,16,2,70,137,1,109,0,0,140,0,0,0,24,1296460.0,881661.0,414799.0,0.3199,124879.0,939136.0,691702.0,247434.0,0.2635,148191.0,367.28877918219143,228.95923897071677,0.9091254982447264,0.6233766233766234
2021-04-01,노원구,2073.0,1274.0,1079.0,건별집계|API_2017_2025,2021,4,2,봄,519253.26872666663,512963.2237,5283.897943333333,1006.1470800000001,553691.8589100001,481688.65329,489710.2834633334,540355.4010366666,219664.86034333333,34678.244763333336,127279.43722333334,57707.17835666667,-50645.11757333333,0,16,2,70,137,1,109,0,0,140,0,0,0,24,1296460.0,881661.0,414799.0,0.3199,124879.0,939136.0,691702.0,247434.0,0.2635,148191.0,399.2271449890903,245.3523312668119,0.906274430724351,0.6145682585624699
2021-05-01,노원구,2338.0,1451.0,1183.0,건별집계|API_2017_2025,2021,5,2,봄,517289.48085483874,510938.98167741933,5329.176503225806,1021.3226774193548,550650.3117709678,481566.7788935484,489652.48070322577,537030.1952645162,211577.50776451614,34214.63236129032,122624.92200967742,54737.95339354839,-47377.714561290326,0,16,2,70,137,1,109,0,0,140,0,0,0,24,1296460.0,881661.0,414799.0,0.3199,124879.0,939136.0,691702.0,247434.0,0.2635,148191.0,451.9713016658244,280.50058114504327,0.9117783041269135,0.6206159110350727
2021-06-01,노원구,2452.0,1514.0,1269.0,건별집계|API_2017_2025,2021,6,2,여름,514232.82799,507629.41402,5280.590556666666,1322.8234066666666,548444.41937,477131.06274666666,485092.63162,535047.2539633333,213398.31711333335,34156.38107333333,124118.20106,55123.734979999994,-49954.62234333333,0,16,2,70,137,1,109,0,0,140,0,0,0,24,1296460.0,881661.0,414799.0,0.3199,124879.0,939136.0,691702.0,247434.0,0.2635,148191.0,476.8268120073584,294.4191653259138,0.9066351205929997,0.6174551386623165
2021-07-01,노원구,2335.0,1473.0,1197.0,건별집계|API_2017_2025,2021,7,3,여름,508596.5115064516,502290.57995161286,5129.281761290323,1176.649806451613,541332.6387709677,473118.9761322581,480766.0972967742,528475.3787967742,200133.97267096775,31499.114283870967,117817.42030967741,50817.438077419356,-47709.2815,0,16,2,70,137,1,109,0,0,140,0,0,0,24,1296460.0,881661.0,414799.0,0.3199,124879.0,939136.0,691702.0,247434.0,0.2635,148191.0,459.10657017362973,289.62054726584864,0.9097227923680686,0.6308351177730193
2021-08-01,노원구,2232.0,1441.0,1232.0,건별집계|API_2017_2025,2021,8,3,여름,506099.2405225806,499907.23962903226,5071.596738709678,1120.4041516129032,537896.1619,470747.61156451615,478803.88621290325,525595.9221677419,198722.00653870968,31498.28405483871,116796.13695806451,50427.585525806455,-46792.0359548387,0,16,2,70,137,1,109,0,0,140,0,0,0,24,1296460.0,881661.0,414799.0,0.3199,124879.0,939136.0,691702.0,247434.0,0.2635,148191.0,441.02022316716256,284.7267659425991,0.9109733656953579,0.6456093189964157
2021-09-01,노원구,2201.0,1376.0,1167.0,건별집계|API_2017_2025,2021,9,3,가을,509434.65807,503042.70244,5184.158876666666,1207.7967533333333,541018.4026766666,475223.1480066666,482862.74063666665,528414.5991133334,207273.78812,36675.89842666667,117119.48375,53478.40594333333,-45551.858476666646,0,16,2,70,137,1,109,0,0,140,0,0,0,24,1296460.0,881661.0,414799.0,0.3199,124879.0,939136.0,691702.0,247434.0,0.2635,148191.0,432.0475580398314,270.1033347854648,0.9137952309548192,0.6251703771013176
2021-10-01,노원구,2256.0,1407.0,1087.0,건별집계|API_2017_2025,2021,10,4,가을,509177.8234129032,502928.243,5343.15814516129,906.4222870967742,541445.4029354838,473061.8758516129,481821.8348419355,528717.8152677419,204263.58882580645,33834.422238709674,116904.4297451613,53524.73684193548,-46895.980425806454,0,16,2,70,137,1,109,0,0,140,0,0,0,24,1296460.0,881661.0,414799.0,0.3199,124879.0,939136.0,691702.0,247434.0,0.2635,148191.0,443.0672146871097,276.3278240535298,0.9113024394646918,0.6236702127659575
2021-11-01,노원구,2271.0,1374.0,1084.0,건별집계|API_2017_2025,2021,11,4,가을,506959.16338,500412.7706633333,5570.3528400000005,976.03988,541316.9644933332,469226.80537333334,477526.8544333333,527982.2412166666,208832.11905666668,35252.08902333333,118285.24895666666,55294.781076666666,-50455.386783333335,0,16,2,70,137,1,109,0,0,140,0,0,0,24,1296460.0,881661.0,414799.0,0.3199,124879.0,939136.0,691702.0,247434.0,0.2635,148191.0,447.96507569934835,271.02774725271007,0.9044373411744581,0.6050198150594451
2021-12-01,노원구,2173.0,1175.0,975.0,건별집계|API_2017_2025,2021,12,4,겨울,510692.3183129032,504082.2820967742,5468.888838709678,1141.1473903225806,541793.5470419355,476230.01642903226,483709.54168064514,529965.7302,201222.1764129032,33984.39496129032,114650.19721290322,52587.58423870968,-46256.18851935484,0,16,2,70,137,1,109,0,0,140,0,0,0,24,1296460.0,881661.0,414799.0,0.3199,124879.0,939136.0,691702.0,247434.0,0.2635,148191.0,425.50081958910414,230.07982651504713,0.912718528985075,0.5407271053842614
2022-01-01,노원구,2038.0,1179.0,1130.0,건별집계|API_2017_2025|xlsx_2022_2024,2022,1,1,겨울,506245.1637354839,499745.0827064516,5323.341212903226,1176.7398322580646,536946.3339612903,471023.1691935484,479306.1518193548,525487.3151064516,197451.96731935482,34579.386600000005,111878.2329967742,50994.34772258064,-46181.163287096766,1,22,17,275,67,2,218,0,0,104,0,0,0,13,1226780.0,835018.0,391762.0,0.3193,132849.0,912681.0,677189.0,235492.0,0.258,153906.0,402.5717470488009,232.89111372450256,0.9121174537243747,0.5785083415112856
2022-02-01,노원구,2223.0,1257.0,,건별집계|xlsx_2022_2024,2022,2,1,겨울,509653.5070142857,503069.0176285714,5316.332953571428,1268.1564321428573,539244.6846964286,476681.8688464286,484356.8633392857,527722.5382071428,195927.4438285714,34458.759346428575,111648.88471428571,49819.79976785714,-43365.674867857146,1,22,17,275,67,2,218,0,0,104,0,0,0,13,1226780.0,835018.0,391762.0,0.3193,132849.0,912681.0,677189.0,235492.0,0.258,153906.0,436.17869187696743,246.63815370640938,0.9178248573290324,0.5654520917678812
2022-03-01,노원구,2868.0,1419.0,,건별집계|xlsx_2022_2024,2022,3,1,봄,514731.853116129,508018.0794516129,5445.145819354839,1268.6278387096775,541980.639183871,484406.21111290326,491417.3706516129,531385.0548741935,195090.4784129032,36031.15570645161,108009.76699999999,51049.55570645161,-39967.68422258065,1,22,17,275,67,2,218,0,0,104,0,0,0,13,1226780.0,835018.0,391762.0,0.3193,132849.0,912681.0,677189.0,235492.0,0.258,153906.0,557.1833145039401,275.67751857778626,0.924785833067806,0.49476987447698745
2022-04-01,노원구,2340.0,1361.0,,건별집계|xlsx_2022_2024,2022,4,2,봄,506031.91022666666,499479.9933833333,5498.964606666666,1052.9522266666668,538586.2663333333,470959.58514000004,478971.1693333333,525361.01087,208032.96579666666,35805.30347333333,114738.02523666667,57489.63708666667,-46389.84153666668,1,22,17,275,67,2,218,0,0,104,0,0,0,13,1226780.0,835018.0,391762.0,0.3193,132849.0,912681.0,677189.0,235492.0,0.258,153906.0,462.42143088404146,268.95537069794034,0.9116991162708384,0.5816239316239317
2022-05-01,노원구,2291.0,1406.0,,건별집계|xlsx_2022_2024,2022,5,2,봄,509389.3920064516,502437.00003870967,5741.436670967742,1210.9553129032258,545506.3469290322,473178.25900322583,480779.0318580645,529825.3635387097,210748.04510645164,37901.306670967744,114166.32128709678,58680.417148387096,-49046.33168064516,1,22,17,275,67,2,218,0,0,104,0,0,0,13,1226780.0,835018.0,391762.0,0.3193,132849.0,912681.0,677189.0,235492.0,0.258,153906.0,449.75416370095587,276.0167412324504,0.9074292492283417,0.6137058053251855
2022-06-01,노원구,2139.0,1344.0,,건별집계|xlsx_2022_2024,2022,6,2,여름,512803.0785566667,506021.8423433333,5452.539353333333,1328.6968733333333,549347.3642366666,474277.61349666666,483229.4313033334,533927.1123133333,205615.91512333334,35467.48849333333,114934.70197000001,55213.72466,-50697.681009999986,1,22,17,275,67,2,218,0,0,104,0,0,0,13,1226780.0,835018.0,391762.0,0.3193,132849.0,912681.0,677189.0,235492.0,0.258,153906.0,417.11918072341143,262.08891018806213,0.9050475620345569,0.6283309957924264
2022-07-01,노원구,2525.0,1598.0,,건별집계|xlsx_2022_2024,2022,7,3,여름,495306.84894516127,488849.5525064516,5206.040577419355,1251.2558548387096,530988.1695967742,457595.18621290324,465961.302116129,516267.9538193548,194035.5918548387,33769.272848387096,109849.09997096776,50417.219035483875,-50306.651703225805,1,22,17,275,67,2,218,0,0,104,0,0,0,13,1226780.0,835018.0,391762.0,0.3193,132849.0,912681.0,677189.0,235492.0,0.258,153906.0,509.7849959832798,322.628286566844,0.9025570901097836,0.6328712871287129
2022-08-01,노원구,2734.0,1649.0,,건별집계|xlsx_2022_2024,2022,8,3,여름,487785.7384032258,481432.69103870966,5121.78794516129,1231.2594193548387,522604.08469354844,449857.52059354837,458356.932016129,508806.3144064516,190367.4350096774,32477.23181612903,108824.6776,49065.52559354839,-50449.382390322586,1,22,17,275,67,2,218,0,0,104,0,0,0,13,1226780.0,835018.0,391762.0,0.3193,132849.0,912681.0,677189.0,235492.0,0.258,153906.0,560.4919916170144,338.0582641464728,0.9008475701619891,0.6031455742501829
2022-09-01,노원구,2526.0,1509.0,,건별집계|xlsx_2022_2024,2022,9,3,가을,495219.69613,488355.78394000005,5421.786133333333,1442.1260499999999,529023.1059033333,460584.69244333333,468076.18372333335,514607.91926666663,201398.50388,40286.896259999994,106648.71421666667,54462.893403333335,-46531.735543333336,1,22,17,275,67,2,218,0,0,104,0,0,0,13,1226780.0,835018.0,391762.0,0.3193,132849.0,912681.0,677189.0,235492.0,0.258,153906.0,510.0766426981734,304.7132437971273,0.9095782754186089,0.5973871733966746
2022-10-01,노원구,2138.0,1382.0,,건별집계|xlsx_2022_2024,2022,10,4,가을,495579.35163225804,489132.13763225806,5506.812329032258,940.4016709677419,529343.8318419355,458939.5648741935,467730.32440322585,515471.5139419355,191772.72233548388,35196.18802903226,104019.51068709679,52557.02361935484,-47741.189538709674,1,22,17,275,67,2,218,0,0,104,0,0,0,13,1226780.0,835018.0,391762.0,0.3193,132849.0,912681.0,677189.0,235492.0,0.258,153906.0,431.4142615018576,278.8655329258967,0.9073834571892805,0.646398503274088
2022-11-01,노원구,2213.0,1411.0,,건별집계|xlsx_2022_2024,2022,11,4,가을,495298.66908333334,488930.76546,5567.4835766666665,800.4200400000001,529229.5453733334,458591.18604666664,466779.7008233333,515669.3607,196825.52977,36706.799256666665,105614.69302666667,54504.03748666667,-48889.659876666665,1,22,17,275,67,2,218,0,0,104,0,0,0,13,1226780.0,835018.0,391762.0,0.3193,132849.0,912681.0,677189.0,235492.0,0.258,153906.0,446.801119836578,284.87861730203866,0.9051918465539605,0.6375960234975147
2022-12-01,노원구,2478.0,1560.0,,건별집계|xlsx_2022_2024,2022,12,4,겨울,497729.18067096773,491126.35561612906,5495.391538709677,1107.4335161290321,530024.7928451613,463060.4649483871,470655.6227967742,517067.4362967742,188557.13757096775,35094.864906451614,102975.13759354838,50487.13507096774,-46411.813500000004,1,22,17,275,67,2,218,0,0,104,0,0,0,13,1226780.0,835018.0,391762.0,0.3193,132849.0,912681.0,677189.0,235492.0,0.258,153906.0,497.86110524191344,313.42345608449756,0.9102403086289859,0.6295399515738499
2023-01-01,노원구,2298.0,,,xlsx_2022_2024,2023,1,1,겨울,491995.74777741934,485491.9997096774,5199.779919354838,1303.9681645161288,524626.558983871,456704.82341935486,464980.69914838707,511292.2111,185094.88516129032,35452.00305483871,102049.74646451612,47593.135641935485,-46311.511951612905,2,18,13,149,125,1,191,0,0,66,0,0,0,13,1182247.0,829889.0,352358.0,0.298,149842.0,878244.0,653804.0,224440.0,0.2556,162875.0,467.07720755335134,,0.909422614023441,
2023-02-01,노원구,2021.0,,,xlsx_2022_2024,2023,2,1,겨울,493488.02968214283,486993.7011,5294.972782142858,1199.3558071428572,527862.0646892857,454848.9170357143,463887.96733214287,514630.9313714286,190482.8516035714,37253.94266785714,103823.15668928572,49405.75224642857,-50742.96403928572,2,18,13,149,125,1,191,0,0,66,0,0,0,13,1182247.0,829889.0,352358.0,0.298,149842.0,878244.0,653804.0,224440.0,0.2556,162875.0,409.5337431592277,,0.9013993117279953,
2023-03-01,노원구,2358.0,,,xlsx_2022_2024,2023,3,1,봄,498191.83264193544,491461.42486774194,5612.550312903226,1117.8574677419356,530171.9311096774,463661.48717419355,471340.5132,517371.34653870965,195423.89902580643,40986.27136774194,100915.12666451612,53522.50099354839,-46030.833338709686,2,18,13,149,125,1,191,0,0,66,0,0,0,13,1182247.0,829889.0,352358.0,0.298,149842.0,878244.0,653804.0,224440.0,0.2556,162875.0,473.31165336360726,,0.9110294111827748,
2023-04-01,노원구,2437.0,,,xlsx_2022_2024,2023,4,2,봄,493423.15727333335,486956.85610000003,5700.032336666667,766.2688533333334,526455.5719933334,458230.44189666666,466016.19270333333,512999.56054333335,201175.00139,37914.250356666664,107205.77539333333,56054.97564,-46983.367840000006,2,18,13,149,125,1,191,0,0,66,0,0,0,13,1182247.0,829889.0,352358.0,0.298,149842.0,878244.0,653804.0,224440.0,0.2556,162875.0,493.8965599966797,,0.9084144091853831,
2023-05-01,노원구,2652.0,,,xlsx_2022_2024,2023,5,2,봄,489324.9336451613,482916.61753548385,5671.938925806452,736.3771741935484,523157.5082516129,454338.0200677419,462031.9915645161,508819.8922709677,196666.90748387098,37586.49168709678,103629.41214193548,55451.003654838714,-46787.90070645162,2,18,13,149,125,1,191,0,0,66,0,0,0,13,1182247.0,829889.0,352358.0,0.298,149842.0,878244.0,653804.0,224440.0,0.2556,162875.0,541.9711561077171,,0.9080462430475593,
2023-06-01,노원구,2450.0,,,xlsx_2022_2024,2023,6,2,여름,484995.9543333333,478971.90578666667,5261.475986666667,762.5725633333333,519577.37683666666,448045.0821033333,456200.05284666666,505564.45538666664,192529.32044333333,35221.96343,104992.54816,52314.808853333336,-49364.40254000001,2,18,13,149,125,1,191,0,0,66,0,0,0,13,1182247.0,829889.0,352358.0,0.298,149842.0,878244.0,653804.0,224440.0,0.2556,162875.0,505.1588529986247,,0.9023578457424484,
2023-07-01,노원구,2642.0,,,xlsx_2022_2024,2023,7,3,여름,482228.42728387093,476369.8774193548,5041.792380645162,816.7574870967742,516099.83107741934,445959.66242903227,453923.09169032256,502446.52413548384,183648.99988709678,34223.967348387094,101226.30168064515,48198.73085806452,-48523.43244516129,2,18,13,149,125,1,191,0,0,66,0,0,0,13,1182247.0,829889.0,352358.0,0.298,149842.0,878244.0,653804.0,224440.0,0.2556,162875.0,547.8731344978855,,0.9034256779293053,
2023-08-01,노원구,2592.0,,,xlsx_2022_2024,2023,8,3,여름,478359.67423225805,472533.11393548385,5023.3069387096775,803.2533580645162,512058.0341903226,441888.0118290322,449890.5116935484,498694.79033225804,184421.53118064516,33304.39274193549,102880.82739032258,48236.3110483871,-48804.27863870967,2,18,13,149,125,1,191,0,0,66,0,0,0,13,1182247.0,829889.0,352358.0,0.298,149842.0,878244.0,653804.0,224440.0,0.2556,162875.0,541.8516943678462,,0.9021359765836063,
2023-09-01,노원구,2498.0,,,xlsx_2022_2024,2023,9,3,가을,488754.24388333334,482538.83838666667,5332.415456666667,882.9900466666666,522305.71002999996,454861.5429233333,462549.1552733333,507472.1643266667,196973.50246666666,40899.718759999996,103015.63041666667,53058.15329,-44923.009053333335,2,18,13,149,125,1,191,0,0,66,0,0,0,13,1182247.0,829889.0,352358.0,0.298,149842.0,878244.0,653804.0,224440.0,0.2556,162875.0,511.09530633482905,,0.9114769001903013,
2023-10-01,노원구,2232.0,,,xlsx_2022_2024,2023,10,4,가을,486105.5840064516,479991.3647322581,5319.971519354839,794.2477612903226,519459.7484516129,449793.7482612903,458487.5351451613,505832.76176774193,190852.51080967742,35997.169535483874,103058.37862258065,51796.96265161291,-47345.22662258064,2,18,13,149,125,1,191,0,0,66,0,0,0,13,1182247.0,829889.0,352358.0,0.298,149842.0,878244.0,653804.0,224440.0,0.2556,162875.0,459.159506378017,,0.9064014231559014,
2023-11-01,노원구,2241.0,,,xlsx_2022_2024,2023,11,4,가을,490249.58285,483881.83414,5628.686466666667,739.0622433333334,527104.25552,453739.13390333334,461151.36129333335,511034.02683,199520.68176666665,40319.27459,104122.20539333332,55079.20178333333,-49882.66553666666,2,18,13,149,125,1,191,0,0,66,0,0,0,13,1182247.0,829889.0,352358.0,0.298,149842.0,878244.0,653804.0,224440.0,0.2556,162875.0,457.1141064459959,,0.9023887590302073,
2023-12-01,노원구,2444.0,,,xlsx_2022_2024,2023,12,4,겨울,497688.55908387096,490710.01441935485,6156.989703225807,821.5549838709677,536377.4852870968,461158.9343903226,469427.22168387094,517875.2286838709,192577.32481612902,41194.03315806452,100684.83624516129,50698.455412903226,-48448.007,2,18,13,149,125,1,191,0,0,66,0,0,0,13,1182247.0,829889.0,352358.0,0.298,149842.0,878244.0,653804.0,224440.0,0.2556,162875.0,491.07015931787464,,0.906448495088043,
2024-01-01,노원구,2326.0,,,xlsx_2022_2024,2024,1,1,겨울,486230.1025612903,480177.847216129,5302.541280645161,749.7140806451613,523353.11480322585,447674.2135064516,457461.6486967742,506778.9981774193,181412.07874193546,38113.64762580645,97474.94611935485,45823.4849967742,-49317.34948064516,0,10,0,88,109,0,156,6,138,71,20,12,0,3,1143619.0,788325.0,355294.0,0.3107,123299.0,803696.0,605344.0,198352.0,0.2468,117326.0,478.37433094895704,,0.9026847015010289,
2024-02-01,노원구,1977.0,,,xlsx_2022_2024,2024,2,1,겨울,483276.4653413793,477419.84544827585,5060.887137931035,795.732775862069,516845.0869586207,446273.43612413795,455029.51678965514,503452.85717931035,186566.6065862069,39294.66505862069,99952.08612068965,47319.855406896546,-48423.34038965518,0,10,0,88,109,0,156,6,138,71,20,12,0,3,1143619.0,788325.0,355294.0,0.3107,123299.0,803696.0,605344.0,198352.0,0.2468,117326.0,409.0826145658628,,0.9038175278993229,
2024-03-01,노원구,2191.0,,,xlsx_2022_2024,2024,3,1,봄,490581.8217354839,484287.8912451613,5457.968741935483,835.9617677419354,522079.7853032258,456623.33853225806,464415.79101290327,509271.84367741935,194376.4935451613,43730.1026483871,99519.24809354838,51127.14280322581,-44856.05266451612,0,10,0,88,109,0,156,6,138,71,20,12,0,3,1143619.0,788325.0,355294.0,0.3107,123299.0,803696.0,605344.0,198352.0,0.2468,117326.0,446.6125532839988,,0.911921200393461,
2024-04-01,노원구,2157.0,,,xlsx_2022_2024,2024,4,2,봄,482740.79242333333,476650.6818933334,5455.896816666666,634.2137233333334,517234.8208066666,446315.6891533333,454363.37464666663,503010.3765633333,200596.22699333334,38067.17822,107311.9805,55217.06827333334,-48647.00191666667,0,10,0,88,109,0,156,6,138,71,20,12,0,3,1143619.0,788325.0,355294.0,0.3107,123299.0,803696.0,605344.0,198352.0,0.2468,117326.0,446.82364404548736,,0.9032882735958,
2024-05-01,노원구,2340.0,,,xlsx_2022_2024,2024,5,2,봄,478057.61794193543,472045.5535387097,5360.1013870967745,651.9630096774193,511395.7783387097,443228.29611935484,451036.6157838709,497358.3337612903,178700.07166129033,36128.99912903226,92644.01929677419,49927.05323548387,-46321.71797741936,0,10,0,88,109,0,156,6,138,71,20,12,0,3,1143619.0,788325.0,355294.0,0.3107,123299.0,803696.0,605344.0,198352.0,0.2468,117326.0,489.48074712705755,,0.9068644982238264,
2024-06-01,노원구,2365.0,,,xlsx_2022_2024,2024,6,2,여름,474164.35986666667,468326.80088,5160.9492900000005,676.6096833333334,507353.51559666666,439216.21919,447046.4403333333,493534.30238666665,175660.43239,34770.51979,93828.38176,47061.53084,-46487.86205333334,0,10,0,88,109,0,156,6,138,71,20,12,0,3,1143619.0,788325.0,355294.0,0.3107,123299.0,803696.0,605344.0,198352.0,0.2468,117326.0,498.7721980338273,,0.9058062188817997,
2024-07-01,노원구,2431.0,,,xlsx_2022_2024,2024,7,3,여름,467929.3805709678,462091.7843451613,4958.2010709677415,879.3951548387097,502712.18393225805,430051.03332903225,438393.88581935485,489026.16253870964,166986.00473548388,33409.81036129032,89818.58063225808,43757.613741935485,-50632.27671935484,0,10,0,88,109,0,156,6,138,71,20,12,0,3,1143619.0,788325.0,355294.0,0.3107,123299.0,803696.0,605344.0,198352.0,0.2468,117326.0,519.522838474834,,0.8964630512680456,
2024-08-01,노원구,2669.0,,,xlsx_2022_2024,2024,8,3,여름,462008.1407064516,456373.94745806453,4911.628096774193,722.5651580645161,495272.56060645165,427241.0317258065,434624.5707774194,481567.8335193548,169569.72806451615,33751.75522903226,92222.64395806452,43595.32887741936,-46943.262741935476,0,10,0,88,109,0,156,6,138,71,20,12,0,3,1143619.0,788325.0,355294.0,0.3107,123299.0,803696.0,605344.0,198352.0,0.2468,117326.0,577.69544837865,,0.9025199370172453,
2024-09-01,노원구,2203.0,,,xlsx_2022_2024,2024,9,3,가을,469351.93922999996,463297.83004000003,5167.65827,886.4509466666666,501003.99636333337,438144.29695333337,444964.77903,486771.33939000004,188964.85893333334,40943.76747666667,98277.16856333334,49743.922893333336,-41806.560359999996,0,10,0,88,109,0,156,6,138,71,20,12,0,3,1143619.0,788325.0,355294.0,0.3107,123299.0,803696.0,605344.0,198352.0,0.2468,117326.0,469.3705971715284,,0.9141145811657889,
2024-10-01,노원구,2246.0,,,xlsx_2022_2024,2024,10,4,가을,471211.5687645161,465135.2478580645,5348.563032258065,727.7578870967742,503626.7894290323,435477.38792258064,444035.00378064514,490623.4009096774,183790.22554193548,36028.1279,98367.99767096774,49394.09997096774,-46588.39712903226,0,10,0,88,109,0,156,6,138,71,20,12,0,3,1143619.0,788325.0,355294.0,0.3107,123299.0,803696.0,605344.0,198352.0,0.2468,117326.0,476.6436456322275,,0.9050424479495852,
2024-11-01,노원구,1984.0,,,xlsx_2022_2024,2024,11,4,가을,470121.10609333334,464130.18274333334,5349.1146966666665,641.8086633333334,502717.76522,436009.97955000005,443407.9178,489201.95486999996,190205.47869333334,38632.658363333336,99259.22568333334,52313.594646666665,-45794.03707,0,10,0,88,109,0,156,6,138,71,20,12,0,3,1143619.0,788325.0,355294.0,0.3107,123299.0,803696.0,605344.0,198352.0,0.2468,117326.0,422.0189168886444,,0.9063903228224646,
2024-12-01,노원구,2134.0,,,xlsx_2022_2024,2024,12,4,겨울,469941.5440741935,464000.75404516124,5205.768564516129,735.0214677419355,501982.4546806452,436264.3337580645,444767.2017612903,487923.21715161286,180381.85668064517,36310.355154838704,95935.72267741936,48135.7788483871,-43156.01539032258,0,10,0,88,109,0,156,6,138,71,20,12,0,3,1143619.0,788325.0,355294.0,0.3107,123299.0,803696.0,605344.0,198352.0,0.2468,117326.0,454.09903144529994,,0.9115516255974501,
2018-04-01,도봉구,1349.0,927.0,932.0,API_2017_2025,2018,4,2,봄,299371.6302307692,295883.41710769234,2994.588357692308,493.6247730769231,326285.7626346154,267935.12887692306,276234.95543076925,315897.8265192308,152560.6449076923,21620.60758076923,84326.26838846154,46613.768938461544,-39662.87108846155,0,30,1,465,168,2,245,0,0,219,0,0,0,47,,,,,,,,,,,450.6105000531045,309.64857935450544,0.8744439886608495,0.687175685693106
2018-05-01,도봉구,1442.0,995.0,1001.0,API_2017_2025,2018,5,2,봄,299781.5100967742,296276.31449677417,2953.3242870967742,551.8713322580645,327205.33042580646,267832.9555612903,276371.52242258063,315828.6634580645,151104.03088064515,21594.621580645162,82889.57219354839,46619.83710645161,-39457.14103548387,0,30,1,465,168,2,245,0,0,219,0,0,0,47,,,,,,,,,,,481.0169911861808,331.9083954440013,0.8750678909144579,0.6900138696255201
2018-06-01,도봉구,1395.0,935.0,940.0,API_2017_2025,2018,6,2,여름,302977.63035,299595.4291,2854.05399,528.1472633333334,329246.87677,273370.5308033333,280955.99715,318707.3683533333,148324.5617033333,20837.08815666667,82749.81146666667,44737.66208,-37751.371203333336,0,30,1,465,168,2,245,0,0,219,0,0,0,47,,,,,,,,,,,460.4300318767742,308.60364143712104,0.881548483179465,0.6702508960573477
2018-07-01,도봉구,1456.0,969.0,974.0,API_2017_2025,2018,7,3,여름,301176.8347677419,297745.39188709675,2888.800841935484,542.6420322580644,328138.9818903226,270940.4354032258,278508.6427322581,317368.4004967742,147130.9555096774,20937.047212903228,82028.58227096774,44165.32602580645,-38859.75776451612,0,30,1,465,168,2,245,0,0,219,0,0,0,47,,,,,,,,,,,483.4369154330284,321.7378922078328,0.8775563108876333,0.665521978021978
2018-08-01,도봉구,1624.0,1074.0,1086.0,API_2017_2025,2018,8,3,여름,297396.90340645163,294085.8803419355,2820.3200741935484,490.70299677419354,325153.40548709675,266360.97239677416,274346.1477967742,313167.83149677416,148466.74411612903,19902.28943548387,85017.62481935484,43546.82986129032,-38821.683699999994,0,30,1,465,168,2,245,0,0,219,0,0,0,47,,,,,,,,,,,546.0715903220024,361.1335517277282,0.8760355317643798,0.6613300492610837
2018-09-01,도봉구,1488.0,935.0,937.0,API_2017_2025,2018,9,3,가을,300612.65897,297296.46466999996,2777.6052166666664,538.58908,326078.3504666667,272188.02692333335,279831.0053133333,315456.6973,147974.44199000002,22804.23325,81276.00156,43894.207180000005,-35625.69198666667,0,30,1,465,168,2,245,0,0,219,0,0,0,47,,,,,,,,,,,494.98913488819403,311.031479247622,0.8870663000925715,0.6283602150537635
2018-10-01,도봉구,1423.0,962.0,967.0,API_2017_2025,2018,10,4,가을,298555.5467935484,295341.9439193549,2766.911906451613,446.6909741935484,326907.57758387097,266256.90480645164,274686.5606451613,314899.90340645163,145492.58426774194,20294.66906451613,82041.80117096774,43156.11403225806,-40213.34276129032,0,30,1,465,168,2,245,0,0,219,0,0,0,47,,,,,,,,,,,476.6282238875993,322.2180965424248,0.872298014936557,0.6760365425158117
2018-11-01,도봉구,1219.0,874.0,876.0,API_2017_2025,2018,11,4,가을,297129.5345266667,293869.28031,2825.2015499999998,435.0526766666666,326473.83308333333,265362.5828166667,273057.1512833333,314324.09399333334,147881.91177,21504.448026666665,82874.22139666667,43503.242346666666,-41266.942709999996,0,30,1,465,168,2,245,0,0,219,0,0,0,47,,,,,,,,,,,410.25877886622465,294.1478037154063,0.8687121238918603,0.7169811320754716
2018-12-01,도봉구,1440.0,989.0,994.0,API_2017_2025,2018,12,4,겨울,304172.28818064515,300595.0375967742,2977.1603387096775,600.0902548387097,329435.3451548387,275538.6805709677,283222.9815580645,319136.07864516124,145220.96217741934,21460.347187096773,81160.64222903225,42599.97276129032,-35913.09708709678,0,30,1,465,168,2,245,0,0,219,0,0,0,47,,,,,,,,,,,473.41590800829204,325.1446757084728,0.8874677622174223,0.6868055555555556
2019-01-01,도봉구,1346.0,921.0,928.0,API_2017_2025,2019,1,1,겨울,302500.84071290324,298934.9516548387,3005.043312903226,560.8457483870967,327620.37852258066,273190.8800064516,280885.1240709678,317940.6383258065,151710.2990612903,21199.16531935484,87553.31473870967,42957.819003225806,-37055.51425483871,0,522,2,299,103,1,270,0,0,191,0,0,0,89,816939.0,586689.0,230250.0,0.2818,,751182.0,622972.0,128210.0,0.1707,,444.9574410530179,304.4619637517307,0.8834514692743793,0.6842496285289748
2019-02-01,도봉구,1208.0,857.0,857.0,API_2017_2025,2019,2,1,겨울,296268.5845928571,292698.2225035714,3005.139503571428,565.2225642857143,319276.9499285714,270220.84926071425,277502.76964285714,309672.7381214286,148567.78950714288,22455.963085714287,84811.5077,41300.31872142857,-32169.96847857143,0,522,2,299,103,1,270,0,0,191,0,0,0,89,816939.0,586689.0,230250.0,0.2818,,751182.0,622972.0,128210.0,0.1707,,407.7381345241437,289.264554045688,0.8961162397641959,0.7094370860927153
2019-03-01,도봉구,1359.0,883.0,888.0,API_2017_2025,2019,3,1,봄,295687.3868451613,292316.95366129035,2933.7123741935484,436.7208225806451,321357.22950645164,266345.27302580647,273937.8241129032,311222.78882258065,139539.9190516129,20084.719703225805,79776.62355483872,39678.57579354839,-37284.96470967742,0,522,2,299,103,1,270,0,0,191,0,0,0,89,816939.0,586689.0,230250.0,0.2818,,751182.0,622972.0,128210.0,0.1707,,459.60702433061493,298.6261975599212,0.8801984750193452,0.6497424576894776
2019-04-01,도봉구,1328.0,882.0,887.0,API_2017_2025,2019,4,2,봄,289996.87196,286682.8068966667,2864.516966666667,449.5481,317458.1187966667,259346.43447333333,266966.57296666666,306447.0855333333,151390.90940666667,20601.7675,87043.66207333333,43745.47983333333,-39480.51256666667,0,522,2,299,103,1,270,0,0,191,0,0,0,89,816939.0,586689.0,230250.0,0.2818,,751182.0,622972.0,128210.0,0.1707,,457.93597393808244,304.14121160646744,0.8711669504118282,0.6641566265060241
2019-05-01,도봉구,1459.0,931.0,934.0,API_2017_2025,2019,5,2,봄,281085.9835516129,277715.64985806454,2832.508358064516,537.8253387096775,307427.5533806452,251722.05479032258,259166.9151967742,296742.4609612903,139812.78399677417,19889.187077419356,79763.06326774193,40160.5336516129,-37575.54576451613,0,522,2,299,103,1,270,0,0,191,0,0,0,89,816939.0,586689.0,230250.0,0.2818,,751182.0,622972.0,128210.0,0.1707,,519.0582545472599,331.21537695921796,0.8733732083949464,0.6381082933516107
2019-06-01,도봉구,1342.0,895.0,898.0,API_2017_2025,2019,6,2,여름,281487.06095,278092.80121,2938.0673266666663,456.19241666666665,305806.0777466667,254292.74116666667,261368.01030999998,295857.81141333334,134471.76145,18962.651476666666,76977.29597666668,38531.81399666667,-34489.80110333333,0,522,2,299,103,1,270,0,0,191,0,0,0,89,816939.0,586689.0,230250.0,0.2818,,751182.0,622972.0,128210.0,0.1707,,476.75370777997387,317.9542238920094,0.8834244026257979,0.6669150521609538
2019-07-01,도봉구,1504.0,969.0,974.0,API_2017_2025,2019,7,3,여름,274396.5570483871,270866.36766129034,2962.144164516129,568.0452419354839,298509.4109870967,247101.93716451613,253600.47035806451,289250.90468064515,122565.32954193548,17343.30948064516,70266.23787096774,34955.782190322585,-35650.434322580644,0,522,2,299,103,1,270,0,0,191,0,0,0,89,816939.0,586689.0,230250.0,0.2818,,751182.0,622972.0,128210.0,0.1707,,548.1118335368852,353.1385416869959,0.8767491000177116,0.644281914893617
2019-08-01,도봉구,1490.0,988.0,992.0,API_2017_2025,2019,8,3,여름,277086.58507096773,273777.29259032256,2892.964693548387,416.32779999999997,300765.45586451615,249662.91545483872,256782.7690419355,291589.31082258065,127084.19678387097,18005.247661290323,73385.68101935483,35693.268103225804,-34806.541780645166,0,522,2,299,103,1,270,0,0,191,0,0,0,89,816939.0,586689.0,230250.0,0.2818,,751182.0,622972.0,128210.0,0.1707,,537.7380502265671,356.5672440428512,0.8806316264390659,0.6630872483221476
2019-09-01,도봉구,1399.0,876.0,881.0,API_2017_2025,2019,9,3,가을,276671.33504333335,273260.82519,2934.1308266666665,476.37903,297365.21409333334,251810.4271666667,258522.20298333332,289635.00080333336,135623.74362666666,21672.551776666667,73682.20536666666,40268.986483333334,-31112.797819999996,0,522,2,299,103,1,270,0,0,191,0,0,0,89,816939.0,586689.0,230250.0,0.2818,,751182.0,622972.0,128210.0,0.1707,,505.65411837149054,316.62116346921067,0.892579288643619,0.6261615439599714
2019-10-01,도봉구,1372.0,926.0,928.0,API_2017_2025,2019,10,4,가을,275598.3442403226,272110.08521935483,3024.4728741935487,463.78612258064516,300703.0930290322,245929.7459983871,253243.31261935484,291566.2239693549,134810.8240387097,19026.610503225806,73546.00332419355,42238.21021129032,-38322.91135000001,0,522,2,299,103,1,270,0,0,191,0,0,0,89,816939.0,586689.0,230250.0,0.2818,,751182.0,622972.0,128210.0,0.1707,,497.8259226418326,335.99621309499787,0.8685618970939927,0.6749271137026239
2019-11-01,도봉구,1321.0,864.0,869.0,API_2017_2025,2019,11,4,가을,282015.3772333333,278695.07188,2867.0234933333336,453.28186666666664,305393.0525633333,254292.59143,261447.99431333333,296706.36502,133000.36076333333,19947.332739999998,71814.04644666666,41238.98157666667,-35258.37070666668,0,522,2,299,103,1,270,0,0,191,0,0,0,89,816939.0,586689.0,230250.0,0.2818,,751182.0,622972.0,128210.0,0.1707,,468.4141740636482,306.36627281679944,0.8811674609532221,0.6540499621498864
2019-12-01,도봉구,1389.0,922.0,933.0,API_2017_2025,2019,12,4,겨울,285670.51288709673,282298.2988387097,2896.5025387096775,475.7115258064516,306783.53657419357,260236.25135806453,267229.08446451614,298842.9617612903,142637.81145483872,21363.39473548387,78952.81696129033,42321.59975806452,-31613.877296774193,0,522,2,299,103,1,270,0,0,191,0,0,0,89,816939.0,586689.0,230250.0,0.2818,,751182.0,622972.0,128210.0,0.1707,,486.22449197231754,322.74944679515966,0.8942124080471846,0.6637868970482361
2020-01-01,도봉구,1293.0,895.0,899.0,API_2017_2025,2020,1,1,겨울,287669.1352741936,284116.63728387095,2954.8035129032255,597.6944677419355,307304.9594032258,263620.6752903226,270463.0206483871,299959.21715483867,141974.38905806452,22151.22132580645,78313.79478709678,41509.37294516129,-29496.196506451615,0,44,0,60,158,4,154,0,0,98,0,0,0,28,780430.0,565939.0,214491.0,0.2748,,681868.0,563647.0,118221.0,0.1734,,449.47470599081447,311.1213162117393,0.9016659771744048,0.6921887084300077
2020-02-01,도봉구,1079.0,674.0,680.0,API_2017_2025,2020,2,1,겨울,289526.8059448276,285771.8471862069,3032.1164586206896,722.8422931034484,308307.2365,266420.42714827583,272294.56596896553,301835.5487827586,133950.60177586207,17818.077151724137,76712.56368965517,39419.960934482755,-29540.982813793093,0,44,0,60,158,4,154,0,0,98,0,0,0,28,780430.0,565939.0,214491.0,0.2748,,681868.0,563647.0,118221.0,0.1734,,372.6770640386282,232.79364333830898,0.9021288813298306,0.6246524559777572
2020-03-01,도봉구,1108.0,658.0,660.0,API_2017_2025,2020,3,1,봄,290432.01707096776,286786.6902516129,3071.697770967742,573.6290451612904,307045.85362580646,269846.48913548386,275090.16989677417,301390.4793516129,129355.85237096774,15993.010712903226,74568.7666,38794.07505806451,-26300.309454838716,0,44,0,60,158,4,154,0,0,98,0,0,0,28,780430.0,565939.0,214491.0,0.2748,,681868.0,563647.0,118221.0,0.1734,,381.50063866039176,226.55904353658644,0.9127367609241702,0.5938628158844765
2020-04-01,도봉구,1103.0,672.0,674.0,API_2017_2025,2020,4,2,봄,287576.51300000004,283982.4905633333,3044.5736433333336,549.44878,305114.0509533333,266283.94207666663,271746.27634,298883.8248933333,136016.94980666667,17364.597856666667,77110.76944666666,41541.58250333333,-27137.54855333333,0,44,0,60,158,4,154,0,0,98,0,0,0,28,780430.0,565939.0,214491.0,0.2748,,681868.0,563647.0,118221.0,0.1734,,383.55009889142093,233.6769414823525,0.9092036895505528,0.6092475067996374
2020-05-01,도봉구,1273.0,763.0,768.0,API_2017_2025,2020,5,2,봄,286483.29143548384,282867.6933612903,3010.428838709677,605.1692548387097,304510.1131645161,265371.5237129032,270781.7271645161,297698.6945064516,137638.59754193548,18720.967396774195,76277.39632903226,42640.23381612903,-26916.967341935488,0,44,0,60,158,4,154,0,0,98,0,0,0,28,780430.0,565939.0,214491.0,0.2748,,681868.0,563647.0,118221.0,0.1734,,444.3540122781227,266.3331589695268,0.9095831864947861,0.5993715632364494
2020-06-01,도봉구,1238.0,769.0,771.0,API_2017_2025,2020,6,2,여름,285170.47535333334,281454.25106,2966.1090266666665,750.1152833333333,304865.65317666664,262438.3661733333,267790.2315733333,297584.9352133333,138468.98374333335,18085.22614333333,77302.16935666667,43081.58824333334,-29794.703640000003,0,44,0,60,158,4,154,0,0,98,0,0,0,28,780430.0,565939.0,214491.0,0.2748,,681868.0,563647.0,118221.0,0.1734,,434.1262883074018,269.6632598613828,0.8998783200546067,0.6211631663974152
2020-07-01,도봉구,1383.0,862.0,867.0,API_2017_2025,2020,7,3,여름,283548.02594516124,279945.0786548387,2893.9057838709678,709.0415161290323,303387.7031322581,260694.26367741937,266217.4986580645,295926.9740290323,134718.11777419355,18080.868832258064,74471.58393225807,42165.66500967742,-29709.475370967746,0,44,0,60,158,4,154,0,0,98,0,0,0,28,780430.0,565939.0,214491.0,0.2748,,681868.0,563647.0,118221.0,0.1734,,487.74806151091843,304.00493783254643,0.8996053824817839,0.6232827187274042
2020-08-01,도봉구,1515.0,843.0,850.0,API_2017_2025,2020,8,3,여름,283251.81287419354,279637.4568096774,2822.345129032258,792.010941935484,300504.35847419355,262791.83811290324,268016.3474935484,294134.2881516129,131218.87199354838,16764.469051612905,74822.04755806451,39632.35538387096,-26117.940658064515,0,44,0,60,158,4,154,0,0,98,0,0,0,28,780430.0,565939.0,214491.0,0.2748,,681868.0,563647.0,118221.0,0.1734,,534.8597718147308,297.6150413464146,0.9112040258135363,0.5564356435643565
2020-09-01,도봉구,1267.0,769.0,779.0,API_2017_2025,2020,9,3,가을,286671.03546,283322.12227666663,2916.0119,432.90127666666666,303651.0469433333,266171.28509333334,271309.03473666665,297643.8931133334,133327.52879666668,17439.007456666666,74518.48663,41370.03471,-26334.858376666667,0,44,0,60,158,4,154,0,0,98,0,0,0,28,780430.0,565939.0,214491.0,0.2748,,681868.0,563647.0,118221.0,0.1734,,441.9700085733943,268.25172580342553,0.9115222620521253,0.6069455406471981
2020-10-01,도봉구,1333.0,826.0,839.0,API_2017_2025,2020,10,4,가을,281348.4560903226,278102.2802806452,2880.2613677419354,365.914435483871,298880.2273580645,260102.6970483871,265902.21975806454,292381.4820387097,137242.65533548387,19499.156374193546,74728.0024064516,43015.49655483871,-26479.262280645165,0,44,0,60,158,4,154,0,0,98,0,0,0,28,780430.0,565939.0,214491.0,0.2748,,681868.0,563647.0,118221.0,0.1734,,473.78969784432053,293.5861143431423,0.9094359119599119,0.6196549137284321
2020-11-01,도봉구,1235.0,754.0,760.0,API_2017_2025,2020,11,4,가을,278132.86633333337,274728.68284666666,2792.6397866666666,611.54371,296020.6381866667,257069.93167666666,262166.88105333335,289537.14153666666,135011.44305,18295.97373,74118.38202333334,42597.08729666667,-27370.26048333333,0,44,0,60,158,4,154,0,0,98,0,0,0,28,780430.0,565939.0,214491.0,0.2748,,681868.0,563647.0,118221.0,0.1734,,444.03238505437605,271.0934561384612,0.9054689138047348,0.6105263157894737
2020-12-01,도봉구,1106.0,635.0,638.0,API_2017_2025,2020,12,4,겨울,284844.4818548387,281191.6150870968,2926.194164516129,726.6726096774194,300405.5750451613,265657.43479354837,270385.8089741936,295172.1053548387,126589.9805032258,16525.44343548387,70649.82323870967,39414.713829032255,-24786.296380645163,0,44,0,60,158,4,154,0,0,98,0,0,0,28,780430.0,565939.0,214491.0,0.2748,,681868.0,563647.0,118221.0,0.1734,,388.282052296746,222.92866474541927,0.9160276464781505,0.5741410488245932
2021-01-01,도봉구,1189.0,753.0,722.0,건별집계|API_2017_2025,2021,1,1,겨울,285590.46259354835,282048.39182258066,2956.084148387097,585.9866258064516,300708.13292580645,266836.9905225806,271400.3801903226,295726.2357354839,128941.55817096774,16855.606067741937,72949.32714516128,39136.624958064516,-24325.85554516129,0,13,0,84,180,0,105,0,0,81,0,0,0,1,826775.0,603716.0,223059.0,0.2698,84187.0,662698.0,548153.0,114545.0,0.1728,52543.0,416.330429665707,263.66426706331146,0.9177419768501032,0.6333052985702271
2021-02-01,도봉구,1155.0,722.0,687.0,건별집계|API_2017_2025,2021,2,1,겨울,283402.77693928574,279924.0640642857,2925.8377928571426,552.8750714285715,299838.4092357143,262828.0817607143,268197.89740714285,294263.4051678571,133465.57516785714,18700.799121428572,73992.48229285715,40772.29375357142,-26065.50776071428,0,13,0,84,180,0,105,0,0,81,0,0,0,1,826775.0,603716.0,223059.0,0.2698,84187.0,662698.0,548153.0,114545.0,0.1728,52543.0,407.5471710171136,254.7610887223862,0.9114211712943181,0.6251082251082251
2021-03-01,도봉구,1269.0,777.0,751.0,건별집계|API_2017_2025,2021,3,1,봄,280484.299316129,276870.91746774194,3055.149741935484,558.2321193548387,299591.9068064516,257852.14372580647,263169.7714387097,292851.819216129,130015.6146,18011.573622580643,71529.89226451612,40474.148712903225,-29682.04777741935,0,13,0,84,180,0,105,0,0,81,0,0,0,1,826775.0,603716.0,223059.0,0.2698,84187.0,662698.0,548153.0,114545.0,0.1728,52543.0,452.4317414892917,277.0208535359966,0.8986448236624628,0.6122931442080378
2021-04-01,도봉구,1306.0,833.0,798.0,건별집계|API_2017_2025,2021,4,2,봄,277741.37572,273988.60424333334,3118.6754333333333,634.0960433333333,297544.5304233333,253921.71359333335,259680.91666333334,290641.70361333335,136519.12311333333,18220.535733333334,75463.84741,42834.73997,-30960.786949999998,0,13,0,84,180,0,105,0,0,81,0,0,0,1,826775.0,603716.0,223059.0,0.2698,84187.0,662698.0,548153.0,114545.0,0.1728,52543.0,470.22162132466013,299.91930364735214,0.8934743824953975,0.6378254211332313
2021-05-01,도봉구,1503.0,918.0,855.0,건별집계|API_2017_2025,2021,5,2,봄,279011.4074064516,275323.2684709677,2984.0344548387097,704.1044774193548,297144.1188935484,257346.3776451613,262840.48532903224,290562.0660290323,133090.1281967742,18502.742216129034,72651.59994193548,41935.78603870967,-27721.5807,0,13,0,84,180,0,105,0,0,81,0,0,0,1,826775.0,603716.0,223059.0,0.2698,84187.0,662698.0,548153.0,114545.0,0.1728,52543.0,538.6876522258086,329.01880555109267,0.904593255827035,0.6107784431137725
2021-06-01,도봉구,1610.0,1017.0,952.0,건별집계|API_2017_2025,2021,6,2,여름,274866.86061333335,271224.60236333334,2974.274823333333,667.9834333333333,294773.57409999997,252158.72611666666,257327.97823333333,287394.6337566667,131858.96697333333,17951.24309,73130.70381666668,40777.020066666664,-30066.655523333335,0,13,0,84,180,0,105,0,0,81,0,0,0,1,826775.0,603716.0,223059.0,0.2698,84187.0,662698.0,548153.0,114545.0,0.1728,52543.0,585.7381265997192,369.99731351050576,0.8953819870248851,0.6316770186335404
2021-07-01,도봉구,1493.0,952.0,894.0,건별집계|API_2017_2025,2021,7,3,여름,276688.26673870964,273080.746667742,2925.7914645161286,681.7286032258064,295326.45807096775,254749.0517935484,260077.87207741936,288552.8343612903,127349.92997741935,16931.0106516129,72319.44698709677,38099.47233870968,-28474.962283870973,0,13,0,84,180,0,105,0,0,81,0,0,0,1,826775.0,603716.0,223059.0,0.2698,84187.0,662698.0,548153.0,114545.0,0.1728,52543.0,539.5964265481173,344.06952315727233,0.9013180295147678,0.6376423308774279
2021-08-01,도봉구,1628.0,1020.0,932.0,건별집계|API_2017_2025,2021,8,3,여름,276546.9393967742,273160.2548258064,2856.728687096774,529.9558838709677,294489.8359225806,254065.65368064516,260013.9167064516,288356.24131935486,128685.72148064517,16584.477306451612,73882.09811290322,38219.146061290325,-28342.32461290322,0,13,0,84,180,0,105,0,0,81,0,0,0,1,826775.0,603716.0,223059.0,0.2698,84187.0,662698.0,548153.0,114545.0,0.1728,52543.0,588.6884893939238,368.83431153673354,0.901710729467048,0.6265356265356266
2021-09-01,도봉구,1556.0,1008.0,889.0,건별집계|API_2017_2025,2021,9,3,가을,279074.08896,275661.26576,2806.837226666667,605.9859866666667,297254.4897533333,257148.12822666668,262898.8420633333,290627.8367366667,133287.26114666666,18984.193366666666,73936.63812666666,40366.42965333334,-27728.994673333327,0,13,0,84,180,0,105,0,0,81,0,0,0,1,826775.0,603716.0,223059.0,0.2698,84187.0,662698.0,548153.0,114545.0,0.1728,52543.0,557.5580326352058,361.19440674568597,0.9045893367108596,0.6478149100257069
2021-10-01,도봉구,1469.0,916.0,825.0,건별집계|API_2017_2025,2021,10,4,가을,276272.6672032258,272827.3209516129,2764.347635483871,680.9986354838709,296204.05896451615,252401.22542258064,258706.0040483871,288820.2837451613,130111.38893870967,17658.923474193547,73290.64311612904,39161.82234838709,-30114.279696774196,0,13,0,84,180,0,105,0,0,81,0,0,0,1,826775.0,603716.0,223059.0,0.2698,84187.0,662698.0,548153.0,114545.0,0.1728,52543.0,531.7210764535769,331.55650512694103,0.8957335014484462,0.6235534377127298
2021-11-01,도봉구,1582.0,930.0,790.0,건별집계|API_2017_2025,2021,11,4,가을,274451.29066,271186.2201533333,2790.0391299999997,475.0313766666667,295245.38471666665,250090.83093000003,256200.08675333334,287487.86490000004,132819.48278999998,18618.21505,73841.20104,40360.066699999996,-31287.778146666664,0,13,0,84,180,0,105,0,0,81,0,0,0,1,826775.0,603716.0,223059.0,0.2698,84187.0,662698.0,548153.0,114545.0,0.1728,52543.0,576.422867677397,338.8579437041588,0.8911683518970449,0.5878634639696586
2021-12-01,도봉구,1562.0,871.0,773.0,건별집계|API_2017_2025,2021,12,4,겨울,277432.26791935484,274134.9238516129,2813.74114516129,483.60293548387097,296419.4023129032,254689.58006774192,260243.20042580646,289710.17329677416,128448.86894193549,17571.679719354837,72039.41552580646,38837.773696774195,-29466.972870967737,0,13,0,84,180,0,105,0,0,81,0,0,0,1,826775.0,603716.0,223059.0,0.2698,84187.0,662698.0,548153.0,114545.0,0.1728,52543.0,563.0203046366794,313.95050277755934,0.8982880975988985,0.557618437900128
2022-01-01,도봉구,1441.0,861.0,782.0,건별집계|API_2017_2025|xlsx_2022_2024,2022,1,1,겨울,279105.72475161287,275404.80570322584,2833.8131,867.1059387096774,297173.3665,256915.42838064514,262576.7438741936,290912.1396516129,129459.78701290322,18733.13788064516,72430.33721935483,38296.31191290323,-28335.39577741936,3,11,15,188,181,1,145,0,0,69,0,0,0,16,765682.0,563866.0,201816.0,0.2636,86343.0,620763.0,506565.0,114198.0,0.184,59353.0,516.2918106686641,308.48525259244957,0.9025980977921619,0.5975017349063151
2022-02-01,도봉구,1481.0,838.0,,건별집계|xlsx_2022_2024,2022,2,1,겨울,279581.3316678571,275999.4443321429,2784.541314285714,797.3460321428572,296769.5616214286,258418.78126428573,264037.80503214285,290683.8506928572,127567.14912142858,17736.98889642857,71961.8086,37868.351625,-26646.045660714288,3,11,15,188,181,1,145,0,0,69,0,0,0,16,765682.0,563866.0,201816.0,0.2636,86343.0,620763.0,506565.0,114198.0,0.184,59353.0,529.7206330497879,299.7338895987321,0.908333243841368,0.5658338960162053
2022-03-01,도봉구,1895.0,930.0,,건별집계|xlsx_2022_2024,2022,3,1,봄,277678.30302903225,274242.5189032258,2747.3348322580646,688.4493,295305.52473225805,257069.96910000002,261955.12909354837,288909.1415612903,122408.11532580646,16800.84412903226,68405.29396129033,37201.97723548387,-26954.012467741934,3,11,15,188,181,1,145,0,0,69,0,0,0,16,765682.0,563866.0,201816.0,0.2636,86343.0,620763.0,506565.0,114198.0,0.184,59353.0,682.4443895430572,334.9199378760123,0.9067041896906408,0.49076517150395776
2022-04-01,도봉구,1603.0,929.0,,건별집계|xlsx_2022_2024,2022,4,2,봄,273182.84282,269679.0046366667,2751.2878800000003,752.5503066666666,294665.61398333334,248634.43716333335,254587.88128666667,286464.95821,131193.77258333334,17733.63032,73030.98990333333,40429.15236,-31877.07692333333,3,11,15,188,181,1,145,0,0,69,0,0,0,16,765682.0,563866.0,201816.0,0.2636,86343.0,620763.0,506565.0,114198.0,0.184,59353.0,586.786484631546,340.0652802387438,0.8887225958716909,0.5795383655645664
2022-05-01,도봉구,1481.0,961.0,,건별집계|xlsx_2022_2024,2022,5,2,봄,275027.7218516129,271540.65272258065,2770.8838967741935,716.1852387096774,297851.6791451613,249480.7513612903,255820.62192903223,288747.0789548387,132263.7829516129,19050.44280645161,72410.29550967742,40803.044635483864,-32926.45702580645,3,11,15,188,181,1,145,0,0,69,0,0,0,16,765682.0,563866.0,201816.0,0.2636,86343.0,620763.0,506565.0,114198.0,0.184,59353.0,538.4911710096815,349.41932163423627,0.8859678264279297,0.6488858879135719
2022-06-01,도봉구,1498.0,953.0,,건별집계|xlsx_2022_2024,2022,6,2,여름,277468.73151,273948.93821,2774.6514933333333,745.1418233333334,299513.59081666666,252383.78727666667,258613.22092666666,290936.9533633333,131001.7694,18246.083543333334,72963.08784,39792.59801666667,-32323.732436666676,3,11,15,188,181,1,145,0,0,69,0,0,0,16,765682.0,563866.0,201816.0,0.2636,86343.0,620763.0,506565.0,114198.0,0.184,59353.0,539.8806531632599,343.46212447569206,0.888897810804049,0.6361815754339119
2022-07-01,도봉구,1650.0,1061.0,,건별집계|xlsx_2022_2024,2022,7,3,여름,269380.19287096773,265798.7799967742,2838.391558064516,743.0213161290324,290509.2112935484,245256.26227096774,251056.025283871,282468.88399999996,123198.77426129032,17591.33893870968,68490.43446451613,37117.000858064515,-31412.85871612903,3,11,15,188,181,1,145,0,0,69,0,0,0,16,765682.0,563866.0,201816.0,0.2636,86343.0,620763.0,506565.0,114198.0,0.184,59353.0,612.5171945326896,393.8671172116265,0.8887917908999527,0.6430303030303031
2022-08-01,도봉구,1955.0,1194.0,,건별집계|xlsx_2022_2024,2022,8,3,여름,266278.7220451613,262704.1631225807,2742.4761548387096,832.0827838709677,286838.67125161295,242139.54415806453,248132.04858064518,279240.63167419354,120076.03601935484,16712.017306451613,66941.59536129032,36422.4233516129,-31108.583093548386,3,11,15,188,181,1,145,0,0,69,0,0,0,16,765682.0,563866.0,201816.0,0.2636,86343.0,620763.0,506565.0,114198.0,0.184,59353.0,734.1930984888942,448.40233227403564,0.8885957859820179,0.6107416879795396
2022-09-01,도봉구,1654.0,1013.0,,건별집계|xlsx_2022_2024,2022,9,3,가을,268564.25881666667,265078.1968,2722.09184,763.97018,289222.0544466667,245063.88408666666,250889.89788666664,281188.80234999995,122588.96061666666,19567.427366666667,64944.246210000005,38077.287039999996,-30298.90446333333,3,11,15,188,181,1,145,0,0,69,0,0,0,16,765682.0,563866.0,201816.0,0.2636,86343.0,620763.0,506565.0,114198.0,0.184,59353.0,615.867504964274,377.1909205131859,0.8922471157808773,0.6124546553808948
2022-10-01,도봉구,1474.0,983.0,,건별집계|xlsx_2022_2024,2022,10,4,가을,267025.68797419354,263567.24452580645,2686.8824322580645,771.5610322580645,288170.9717064516,242224.6524548387,248776.2080967742,280061.0307451613,117109.56872903225,17858.092616129034,62634.77147096774,36616.70464193548,-31284.822648387097,3,11,15,188,181,1,145,0,0,69,0,0,0,16,765682.0,563866.0,201816.0,0.2636,86343.0,620763.0,506565.0,114198.0,0.184,59353.0,552.006816715871,368.1293764122803,0.8882928390103142,0.6668928086838535
2022-11-01,도봉구,1534.0,975.0,,건별집계|xlsx_2022_2024,2022,11,4,가을,266426.4941,263259.31914,2655.5106366666664,511.66429666666664,288597.39467666665,240939.86606666667,247144.82579333335,280199.1142866667,118882.58308666667,18162.686953333334,63726.360146666666,36993.53598666667,-33054.28849333333,3,11,15,188,181,1,145,0,0,69,0,0,0,16,765682.0,563866.0,201816.0,0.2636,86343.0,620763.0,506565.0,114198.0,0.184,59353.0,575.768564302104,365.95459595472715,0.8820328587494531,0.635593220338983
2022-12-01,도봉구,1655.0,1033.0,,건별집계|xlsx_2022_2024,2022,12,4,겨울,269076.2884903226,265731.52154516126,2774.5623806451613,570.2045709677419,289878.380467742,244952.3589419355,251075.48008064518,281934.00880645163,114547.06082258064,17852.954564516127,61998.71387096774,34695.39238709678,-30858.528725806456,3,11,15,188,181,1,145,0,0,69,0,0,0,16,765682.0,563866.0,201816.0,0.2636,86343.0,620763.0,506565.0,114198.0,0.184,59353.0,615.0672024226031,383.90599401966705,0.8905469799246855,0.6241691842900302
2023-01-01,도봉구,1444.0,,,xlsx_2022_2024,2023,1,1,겨울,270912.78538064513,267237.5101870968,2789.7251096774194,885.5500806451613,290169.6218419355,248189.94916774196,254261.48233870967,282806.5732806452,115272.5867483871,19017.63471935484,62099.9410483871,34155.010980645166,-28545.09094193549,3,16,11,159,186,3,132,0,0,44,0,0,0,19,744811.0,560381.0,184430.0,0.2476,95293.0,652218.0,543276.0,108942.0,0.167,75563.0,533.0128653659193,,0.899064966521805,
2023-02-01,도봉구,1361.0,,,xlsx_2022_2024,2023,2,1,겨울,266683.44989642856,263360.5337964286,2730.0295928571427,592.8865107142857,288426.37713214284,241038.19138928573,247477.6194392857,280401.90022857144,113442.65931785713,17802.06167142857,61877.171671428565,33763.425975,-32924.28078928571,3,16,11,159,186,3,132,0,0,44,0,0,0,19,744811.0,560381.0,184430.0,0.2476,95293.0,652218.0,543276.0,108942.0,0.167,75563.0,510.34288049317246,,0.8825818200146031,
2023-03-01,도봉구,1530.0,,,xlsx_2022_2024,2023,3,1,봄,265663.4713967742,262377.01687419356,2748.52544516129,537.9290677419355,287938.7333935484,240001.90589032255,246263.93565161288,279520.2826483871,113329.30870645161,18371.789874193546,59419.91709677419,35537.60173548387,-33256.3469967742,3,16,11,159,186,3,132,0,0,44,0,0,0,19,744811.0,560381.0,184430.0,0.2476,95293.0,652218.0,543276.0,108942.0,0.167,75563.0,575.9165879884598,,0.8810234925291347,
2023-04-01,도봉구,1624.0,,,xlsx_2022_2024,2023,4,2,봄,264304.65084666666,261056.02002666667,2741.8013966666667,506.82942333333335,286260.26378,238627.8520733333,245023.34702333334,278077.01074,118374.62078666667,18699.558166666666,62565.131563333336,37109.93105666667,-33053.66371666667,3,16,11,159,186,3,132,0,0,44,0,0,0,19,744811.0,560381.0,184430.0,0.2476,95293.0,652218.0,543276.0,108942.0,0.167,75563.0,614.442460546086,,0.8811348567481129,
2023-05-01,도봉구,1608.0,,,xlsx_2022_2024,2023,5,2,봄,262094.19026129032,258907.7265451613,2704.749609677419,481.71410967741934,283978.7402032258,236921.94948387097,243099.17502258063,275662.05829354835,115481.68484516129,18592.86424516129,60977.799154838714,35911.021445161285,-32562.883270967744,3,16,11,159,186,3,132,0,0,44,0,0,0,19,744811.0,560381.0,184430.0,0.2476,95293.0,652218.0,543276.0,108942.0,0.167,75563.0,613.5198946596,,0.8818739021519894,
2023-06-01,도봉구,1585.0,,,xlsx_2022_2024,2023,6,2,여름,261455.72571,258288.72598333334,2732.9380666666666,434.06166666666667,283114.03652333334,236704.25132333333,242709.59408666665,274845.81973333337,116050.62324999999,17971.444236666666,62173.58299,35905.59602333334,-32136.225646666666,3,16,11,159,186,3,132,0,0,44,0,0,0,19,744811.0,560381.0,184430.0,0.2476,95293.0,652218.0,543276.0,108942.0,0.167,75563.0,606.2211855165266,,0.8830754432508866,
2023-07-01,도봉구,1769.0,,,xlsx_2022_2024,2023,7,3,여름,262010.92351290322,258675.60246774193,2823.7587000000003,511.56235483870967,282566.49379677424,238245.7748451613,244029.3980903226,274854.87024193554,110895.53081935484,17569.50648387097,59756.5922,33569.43213548387,-30825.4721516129,3,16,11,159,186,3,132,0,0,44,0,0,0,19,744811.0,560381.0,184430.0,0.2476,95293.0,652218.0,543276.0,108942.0,0.167,75563.0,675.162690273439,,0.8878481864829995,
2023-08-01,도봉구,1765.0,,,xlsx_2022_2024,2023,8,3,여름,259030.4265032258,255573.76986129032,2772.0480451612907,684.6086096774194,279998.44429677416,234836.12912258063,240775.62042903225,272069.57371290325,109738.8488516129,16554.970041935485,60046.70030645162,33137.178503225805,-31293.95328387097,3,16,11,159,186,3,132,0,0,44,0,0,0,19,744811.0,560381.0,184430.0,0.2476,95293.0,652218.0,543276.0,108942.0,0.167,75563.0,681.3871342554501,,0.8849781221148477,
2023-09-01,도봉구,1615.0,,,xlsx_2022_2024,2023,9,3,가을,262796.7859266667,259502.76878666665,2828.7257766666667,465.29136666666665,283240.5129533333,239880.22569333334,245590.08623666668,275087.28571666667,115386.93246999999,19807.94222333333,59906.340696666666,35672.649549999995,-29497.199480000003,3,16,11,159,186,3,132,0,0,44,0,0,0,19,744811.0,560381.0,184430.0,0.2476,95293.0,652218.0,543276.0,108942.0,0.167,75563.0,614.5432845783224,,0.8927714910445501,
2023-10-01,도봉구,1598.0,,,xlsx_2022_2024,2023,10,4,가을,260269.95959354838,257065.64613870968,2789.9809161290323,414.3325419354839,281250.2386967742,235812.27923548387,242072.20516129033,273268.3556193548,113877.32574193549,18272.904838709677,60828.433080645154,34775.987822580646,-31196.150458064512,3,16,11,159,186,3,132,0,0,44,0,0,0,19,744811.0,560381.0,184430.0,0.2476,95293.0,652218.0,543276.0,108942.0,0.167,75563.0,613.9778876115873,,0.8858406038732172,
2023-11-01,도봉구,1393.0,,,xlsx_2022_2024,2023,11,4,가을,261527.59542333332,258211.8317,2916.34744,399.41628000000003,285139.81347000005,236343.70069333335,242113.47550333335,275394.82393666665,117804.9922,20073.20879,61644.96933666666,36086.81407333333,-33281.34843333334,3,16,11,159,186,3,132,0,0,44,0,0,0,19,744811.0,560381.0,184430.0,0.2476,95293.0,652218.0,543276.0,108942.0,0.167,75563.0,532.6397765961019,,0.8791504213565499,
2023-12-01,도봉구,1629.0,,,xlsx_2022_2024,2023,12,4,겨울,268191.65706129035,264438.67727419356,3308.042983870968,444.9368161290323,292249.9336935484,244127.55477096775,249998.17936129033,281186.99827741936,117228.45234516129,21883.170980645158,60539.20918709677,34806.07217741936,-31188.818916129032,3,16,11,159,186,3,132,0,0,44,0,0,0,19,744811.0,560381.0,184430.0,0.2476,95293.0,652218.0,543276.0,108942.0,0.167,75563.0,607.4014448658712,,0.889081575225046,
2024-01-01,도봉구,1474.0,,,xlsx_2022_2024,2024,1,1,겨울,265450.72611935483,261970.15981935486,3006.6259483870967,473.94035161290327,288049.10252580646,241676.99869354838,247788.36350322582,278066.6994096774,111540.8456967742,20963.539796774192,58184.29592580645,32393.00997419355,-30278.335906451615,0,22,0,33,185,0,90,6,39,43,19,16,0,2,747224.0,555912.0,191312.0,0.256,85213.0,676952.0,565437.0,111515.0,0.1647,74370.0,555.2819619477116,,0.8911112478742291,
2024-02-01,도봉구,1357.0,,,xlsx_2022_2024,2024,2,1,겨울,265125.1414896552,261898.48834482758,2803.128951724138,423.52420344827584,285301.2737586207,241877.14201724136,248388.86274482758,277079.6263241379,115349.64243793103,20884.92965517241,60330.57134827586,34134.14143448276,-28690.76357931035,0,22,0,33,185,0,90,6,39,43,19,16,0,2,747224.0,555912.0,191312.0,0.256,85213.0,676952.0,565437.0,111515.0,0.1647,74370.0,511.8337673958199,,0.8964530017600543,
2024-03-01,도봉구,1423.0,,,xlsx_2022_2024,2024,3,1,봄,263234.37637741934,259940.0194612903,2879.74835483871,414.6085580645161,283574.09629032254,239376.5918516129,245547.1531451613,275868.10727419355,114421.4288516129,20228.56901612903,58956.579241935484,35236.280593548385,-30320.954129032256,0,22,0,33,185,0,90,6,39,43,19,16,0,2,747224.0,555912.0,191312.0,0.256,85213.0,676952.0,565437.0,111515.0,0.1647,74370.0,540.5828902680004,,0.8900889471108911,
2024-04-01,도봉구,1358.0,,,xlsx_2022_2024,2024,4,2,봄,258189.53396666667,254987.8467566667,2827.4623033333332,374.22491,279640.88502999995,233346.33614666667,239431.7358633333,271587.9611933333,118583.10610666666,18634.554196666668,62272.31589,37676.23602,-32156.22533,0,22,0,33,185,0,90,6,39,43,19,16,0,2,747224.0,555912.0,191312.0,0.256,85213.0,676952.0,565437.0,111515.0,0.1647,74370.0,525.970196830412,,0.881599224101435,
2024-05-01,도봉구,1562.0,,,xlsx_2022_2024,2024,5,2,봄,256908.61356774194,253713.3852064516,2781.2489774193546,413.97939354838707,277694.14698387095,232852.35277419354,238895.3675,269775.2179032258,104635.43258064517,17714.85284516129,52910.9987967742,34009.580938709674,-30879.850403225802,0,22,0,33,185,0,90,6,39,43,19,16,0,2,747224.0,555912.0,191312.0,0.256,85213.0,676952.0,565437.0,111515.0,0.1647,74370.0,607.9982988145822,,0.8855348884777731,
2024-06-01,도봉구,1448.0,,,xlsx_2022_2024,2024,6,2,여름,257642.92499,254416.54057999997,2846.40329,379.98114333333336,277540.24042,234833.44357666664,240536.99083333332,269861.44939666666,105366.31528333334,17718.240583333336,54092.17848333333,33555.89621666667,-29324.458563333326,0,22,0,33,185,0,90,6,39,43,19,16,0,2,747224.0,555912.0,191312.0,0.256,85213.0,676952.0,565437.0,111515.0,0.1647,74370.0,562.0181497536569,,0.8913351327916808,
2024-07-01,도봉구,1582.0,,,xlsx_2022_2024,2024,7,3,여름,259354.31373548388,256043.05815806452,2853.099522580645,458.1560548387097,280128.16412903223,235419.9831935484,241067.4561,272416.35491935484,103490.45273548386,17465.16670322581,53168.18725483871,32857.098777419356,-31348.898819354843,0,22,0,33,185,0,90,6,39,43,19,16,0,2,747224.0,555912.0,191312.0,0.256,85213.0,676952.0,565437.0,111515.0,0.1647,74370.0,609.9763590643361,,0.8849228460287003,
2024-08-01,도봉구,1811.0,,,xlsx_2022_2024,2024,8,3,여름,258751.35119354838,255530.50394838708,2820.0264516129037,400.82079032258065,280503.5882419355,234618.9996935484,240242.482516129,271971.97168064513,104382.55106774194,17211.716374193547,54102.92317419355,33067.91151935484,-31729.48916451613,0,22,0,33,185,0,90,6,39,43,19,16,0,2,747224.0,555912.0,191312.0,0.256,85213.0,676952.0,565437.0,111515.0,0.1647,74370.0,699.8997267633031,,0.8833354445737757,
2024-09-01,도봉구,1482.0,,,xlsx_2022_2024,2024,9,3,가을,260939.15654,257632.8876,2886.3718033333334,419.89713333333333,281631.3323633333,237847.34245333335,243582.68172000002,273336.63856,114143.27588666667,19698.789893333334,58983.98757,35460.49842333333,-29753.95684,0,22,0,33,185,0,90,6,39,43,19,16,0,2,747224.0,555912.0,191312.0,0.256,85213.0,676952.0,565437.0,111515.0,0.1647,74370.0,567.9484902346653,,0.8911453766434291,
2024-10-01,도봉구,1418.0,,,xlsx_2022_2024,2024,10,4,가을,258829.79632580647,255515.45110967744,2919.9129451612903,394.43228387096775,280776.7274935484,233199.0606903226,239727.8581935484,272474.0378516129,110616.43866451613,17946.832958064515,58072.27636451613,34597.32934193548,-32746.179658064517,0,22,0,33,185,0,90,6,39,43,19,16,0,2,747224.0,555912.0,191312.0,0.256,85213.0,676952.0,565437.0,111515.0,0.1647,74370.0,547.8503712204247,,0.8798190832555658,
2024-11-01,도봉구,1274.0,,,xlsx_2022_2024,2024,11,4,가을,257957.59177666667,254686.69736000002,2915.74489,355.1495233333333,279993.9292233333,232714.99167,238867.96510333335,271593.0393866667,113635.63517333333,18925.79708,58546.89099666666,36162.94709666667,-32725.07428333333,0,22,0,33,185,0,90,6,39,43,19,16,0,2,747224.0,555912.0,191312.0,0.256,85213.0,676952.0,565437.0,111515.0,0.1647,74370.0,493.8796300684175,,0.8795069477581763,
2024-12-01,도봉구,1508.0,,,xlsx_2022_2024,2024,12,4,겨울,259243.3209064516,255762.91517741937,3030.3346967741936,450.0710387096774,280362.7458806451,234725.89721935484,241340.70161612902,272030.90612580645,107503.43243225807,18208.55932580645,55388.87906774194,33905.99403870968,-30690.20450967742,0,22,0,33,185,0,90,6,39,43,19,16,0,2,747224.0,555912.0,191312.0,0.256,85213.0,676952.0,565437.0,111515.0,0.1647,74370.0,581.6929033030573,,0.887181184863296,
2018-04-01,동대문구,1798.0,1105.0,1112.0,API_2017_2025,2018,4,2,봄,414345.8346346154,384336.9149115384,26371.939888461537,3636.9798115384615,422758.7916653846,404683.12513846153,413159.5666076923,415193.16894615383,228166.09085,37522.32681153846,90339.32706153845,100304.43697692307,-2033.6023384615435,0,58,4,107,4,1,340,0,0,188,0,0,0,10,,,,,,,,,,,433.9370278901293,266.6854370514977,0.995102033244855,0.6145717463848721
2018-05-01,동대문구,1951.0,1291.0,1304.0,API_2017_2025,2018,5,2,봄,408923.86031290324,379606.8201483871,26110.604296774192,3206.4358806451614,418396.5648548387,398606.08781612903,407768.5915064516,408801.6495774194,221284.45435161292,36800.84437096774,87776.55530967742,96707.05467096774,-1033.0580709677438,0,58,4,107,4,1,340,0,0,188,0,0,0,10,,,,,,,,,,,477.1059332432008,315.7066939092631,0.9974729601212822,0.6617119425935418
2018-06-01,동대문구,1964.0,1253.0,1260.0,API_2017_2025,2018,6,2,여름,407178.3029633333,379025.76424333337,25080.23843,3072.300296666667,415887.17515666666,397050.27362666663,406108.6876633333,407942.31389666663,212796.67565000002,35046.324106666674,87095.68821666666,90654.66332666666,-1833.6262333333336,0,58,4,107,4,1,340,0,0,188,0,0,0,10,,,,,,,,,,,482.34397208950975,307.7275952281852,0.9955051825445159,0.6379837067209776
2018-07-01,동대문구,2126.0,1325.0,1336.0,API_2017_2025,2018,7,3,여름,390642.5736032258,366944.3446451613,20082.466616129033,3615.7623451612903,400292.0666225807,380669.3144516129,388023.4376709678,392513.38498064515,205833.72524838708,35172.189170967744,84193.46142580645,86468.0746516129,-4489.947309677418,0,58,4,107,4,1,340,0,0,188,0,0,0,10,,,,,,,,,,,544.2315158816689,339.18474061298747,0.9885610338870386,0.6232361241768579
2018-08-01,동대문구,2118.0,1276.0,1292.0,API_2017_2025,2018,8,3,여름,388528.6790483871,364268.7942612903,19889.97902580645,4369.905770967742,397403.39696451614,379596.7410870968,385623.52157741936,389725.0882967742,205725.24103870968,35285.59693548387,83415.74750322581,87023.89660000001,-4101.566719354836,0,58,4,107,4,1,340,0,0,188,0,0,0,10,,,,,,,,,,,545.1335034488473,328.4184846084651,0.9894757436908155,0.6024551463644948
2018-09-01,동대문구,1869.0,1177.0,1187.0,API_2017_2025,2018,9,3,가을,407719.72181333334,378116.6799033333,25079.27430666667,4523.767613333333,417717.5371133333,397305.0952366667,408518.23778666666,407149.35326,209452.6551433333,40397.461260000004,79640.35969,89414.83419333333,1368.8845266666651,0,58,4,107,4,1,340,0,0,188,0,0,0,10,,,,,,,,,,,458.40313823614497,288.6787018212641,1.0033621188777684,0.6297485286249331
2018-10-01,동대문구,1849.0,1164.0,1167.0,API_2017_2025,2018,10,4,가을,413838.9912032258,383990.66879354836,26105.12030967742,3743.2020967741937,422035.0478548387,404716.8070354839,412956.85882258066,413529.5896225807,213924.21410967744,36412.9075,83833.27728064515,93678.02932903226,-572.7308000000006,0,58,4,107,4,1,340,0,0,188,0,0,0,10,,,,,,,,,,,446.79211947237786,281.2688085807722,0.9986150185757621,0.6295294753921038
2018-11-01,동대문구,1693.0,1043.0,1050.0,API_2017_2025,2018,11,4,가을,414179.92637000006,384708.34901,25653.050706666665,3818.52665,423509.6095266667,404356.51623666665,414613.7078,413870.0824766667,221939.76661666666,39229.50361666667,85695.58453000001,97014.67847,743.6253233333351,0,58,4,107,4,1,340,0,0,188,0,0,0,10,,,,,,,,,,,408.7595492224772,251.82292370882672,1.0017967602753097,0.616066154754873
2018-12-01,동대문구,1953.0,1242.0,1248.0,API_2017_2025,2018,12,4,겨울,410605.50491935486,380697.2791451613,25842.070906451616,4066.1548741935485,417800.3638483871,401140.4696354839,411694.39032903226,409827.72963225807,207689.17631935485,36827.312667741935,81670.23898387096,89191.62466774193,1866.6606967741955,0,58,4,107,4,1,340,0,0,188,0,0,0,10,,,,,,,,,,,475.6390200817156,302.48011415334906,1.0045547447422583,0.6359447004608295
2019-01-01,동대문구,1702.0,1070.0,1081.0,API_2017_2025,2019,1,1,겨울,396572.15911612904,371439.4367612903,21328.107032258064,3804.615329032258,404109.45378387097,387896.8873580645,396843.5784645161,396378.28816129034,213852.0826645161,37829.59194838709,84554.18052580644,91468.31019032259,465.2903032258093,0,28,3,75,3,0,222,0,0,158,0,0,0,26,935118.0,690054.0,245064.0,0.2621,,1580636.0,1208757.0,371879.0,0.2353,,429.17788374085023,269.812183080323,1.0011738541618516,0.6286721504112809
2019-02-01,동대문구,1531.0,939.0,942.0,API_2017_2025,2019,2,1,겨울,382543.4248642857,359177.0183071429,19345.85422857143,4020.5523214285713,390427.9847678571,373470.4734285714,383125.59278571425,382127.5906464286,203313.08057142858,38395.884874999996,79494.35285,85422.84284642858,998.0021392857141,0,28,3,75,3,0,222,0,0,158,0,0,0,26,935118.0,690054.0,245064.0,0.2621,,1580636.0,1208757.0,371879.0,0.2353,,400.21600176323784,245.46232897170498,1.0026116987197846,0.6133246244284781
2019-03-01,동대문구,1829.0,1143.0,1148.0,API_2017_2025,2019,3,1,봄,409290.3112258065,379783.4031709677,25723.653938709675,3783.2541225806453,416893.8477,401499.58212903223,411111.27929032256,407989.6197322581,199374.0156483871,41386.46809354839,72860.12030967743,85127.42724516129,3121.6595580645107,0,28,3,75,3,0,222,0,0,158,0,0,0,26,935118.0,690054.0,245064.0,0.2621,,1580636.0,1208757.0,371879.0,0.2353,,446.8710716660322,279.26387912207485,1.0076513210314346,0.6249316566429743
2019-04-01,동대문구,1804.0,1126.0,1127.0,API_2017_2025,2019,4,2,봄,403318.27713,374119.97812,25933.33644333333,3264.962566666667,410288.60945000005,395828.72515666665,403158.01334,403432.75128,220496.41025333334,37290.818686666666,86015.35054666667,97190.24102,-274.7379400000015,0,28,3,75,3,0,222,0,0,158,0,0,0,26,935118.0,690054.0,245064.0,0.2621,,1580636.0,1208757.0,371879.0,0.2353,,447.28942433187177,279.1839754976095,0.9993189994140824,0.6241685144124168
2019-05-01,동대문구,1926.0,1192.0,1197.0,API_2017_2025,2019,5,2,봄,390138.1041709677,361015.3137225807,25876.93701290323,3245.8534322580645,397531.9357612903,381992.7633258065,389132.1458419355,390856.64583870966,197955.30244516127,34619.798106451606,76757.60138387096,86577.9029548387,-1724.4999967741821,0,28,3,75,3,0,222,0,0,158,0,0,0,26,935118.0,690054.0,245064.0,0.2621,,1580636.0,1208757.0,371879.0,0.2353,,493.6713382797342,305.53283241404114,0.9955878964445553,0.6188992731048806
2019-06-01,동대문구,1778.0,1115.0,1118.0,API_2017_2025,2019,6,2,여름,387382.1482966666,358814.15479999996,25579.497483333333,2988.496013333333,395299.48454333335,378240.43714,386014.51793333335,388359.0271233333,186636.23240666665,32880.336143333334,73815.01224333333,79940.88402,-2344.509189999996,0,28,3,75,3,0,222,0,0,158,0,0,0,26,935118.0,690054.0,245064.0,0.2621,,1580636.0,1208757.0,371879.0,0.2353,,458.978300321254,287.8294740484804,0.9939630367102156,0.6271091113610798
2019-07-01,동대문구,1921.0,1167.0,1171.0,API_2017_2025,2019,7,3,여름,366487.5961193548,342568.6124032258,20291.132132258062,3627.8515838709677,375881.42631290323,356812.05058387097,363319.71267096774,368750.37001612905,172110.68821290322,30876.649796774193,67281.00878387097,73953.02963225807,-5430.657345161287,0,28,3,75,3,0,222,0,0,158,0,0,0,26,935118.0,690054.0,245064.0,0.2621,,1580636.0,1208757.0,371879.0,0.2353,,524.1650796209714,318.42823941575926,0.9852728084179989,0.6074960957834461
2019-08-01,동대문구,1997.0,1249.0,1257.0,API_2017_2025,2019,8,3,여름,376538.0308709678,353421.12136129034,19330.155048387096,3786.754464516129,386435.7294548387,365424.7437548387,372776.5652516129,379224.7920419355,179249.90741290324,32236.47400967742,70946.54480645161,76066.8885967742,-6448.226790322577,0,28,3,75,3,0,222,0,0,158,0,0,0,26,935118.0,690054.0,245064.0,0.2621,,1580636.0,1208757.0,371879.0,0.2353,,530.3581142602652,331.7062016580227,0.982996294214832,0.6254381572358538
2019-09-01,동대문구,1902.0,1191.0,1197.0,API_2017_2025,2019,9,3,가을,394805.20173666667,365164.43542666663,25323.199243333333,4317.567053333333,404085.06676333334,384155.6394066667,393875.17394666665,395469.50729,195832.48711000002,39081.679286666666,72376.93030666668,84373.87751666667,-1594.3333433333298,0,28,3,75,3,0,222,0,0,158,0,0,0,26,935118.0,690054.0,245064.0,0.2621,,1580636.0,1208757.0,371879.0,0.2353,,481.75657048931834,301.6677578616078,0.9959685049948385,0.6261829652996845
2019-10-01,동대문구,1775.0,1156.0,1169.0,API_2017_2025,2019,10,4,가을,398088.5184435484,368820.05703064514,25561.140448387097,3707.320964516129,406463.48112258065,387776.28015967744,396149.2659645161,399473.69879677414,204604.79668064517,35830.02915967742,77629.7747935484,91144.99272741935,-3324.4328322580604,0,28,3,75,3,0,222,0,0,158,0,0,0,26,935118.0,690054.0,245064.0,0.2621,,1580636.0,1208757.0,371879.0,0.2353,,445.880731988935,290.38767672068104,0.9916779681809558,0.6512676056338028
2019-11-01,동대문구,1734.0,1085.0,1093.0,API_2017_2025,2019,11,4,가을,401514.94361666666,371739.89495333337,25751.468076666664,4023.5805866666665,410508.6244166667,390483.29213,400187.50581666664,402463.11347333336,198752.41147999998,36385.53785333333,75300.08329,87066.79033666666,-2275.6076566666734,0,28,3,75,3,0,222,0,0,158,0,0,0,26,935118.0,690054.0,245064.0,0.2621,,1580636.0,1208757.0,371879.0,0.2353,,431.8643745562507,270.22655501357093,0.9943457982098588,0.6257208765859285
2019-12-01,동대문구,1816.0,1119.0,1123.0,API_2017_2025,2019,12,4,겨울,399992.17681290326,370279.5662225806,25720.04019354839,3992.570406451613,408782.6157903226,388690.2512967742,398445.2531419355,401097.1222935484,205259.81730645162,37101.66753225806,79503.69308064516,88654.45669354839,-2651.8691516129106,0,28,3,75,3,0,222,0,0,158,0,0,0,26,935118.0,690054.0,245064.0,0.2621,,1580636.0,1208757.0,371879.0,0.2353,,454.0088794910196,279.7554714484862,0.9933884612872588,0.6161894273127754
2020-01-01,동대문구,1629.0,1044.0,1044.0,API_2017_2025,2020,1,1,겨울,381587.7814258064,357586.52593225805,19868.001180645162,4133.254293548387,390649.0247806452,370984.53091290325,378569.0993709677,383743.9828967742,195176.24021612905,36484.760341935485,75398.17078709678,83293.30908709677,-5174.883525806449,0,22,1,76,7,1,150,0,0,108,0,0,0,9,925391.0,689936.0,235455.0,0.2544,,1422647.0,1130028.0,292619.0,0.2057,,426.9004615171969,273.5936659447229,0.9865147500509512,0.6408839779005525
2020-02-01,동대문구,1418.0,823.0,824.0,API_2017_2025,2020,2,1,겨울,389359.19376896555,363235.5776655172,21302.077096551726,4821.539003448276,397624.89617931034,381115.52298965515,386089.90502068965,391694.4000310345,184445.0256137931,31025.70132413793,75261.37602758622,78157.94826206897,-5604.495010344829,0,22,1,76,7,1,150,0,0,108,0,0,0,9,925391.0,689936.0,235455.0,0.2544,,1422647.0,1130028.0,292619.0,0.2057,,364.18813853446596,211.37294641316325,0.9856916641904996,0.580394922425952
2020-03-01,동대문구,1281.0,682.0,684.0,API_2017_2025,2020,3,1,봄,386170.000616129,358554.1134612903,22444.511906451615,5171.375267741935,393852.5761451613,378416.44912580645,382150.88496774196,389040.7975225806,171078.3279580645,26727.249109677417,73058.22081935484,71292.85802903226,-6889.912554838707,0,22,1,76,7,1,150,0,0,108,0,0,0,9,925391.0,689936.0,235455.0,0.2544,,1422647.0,1130028.0,292619.0,0.2057,,331.7191905006038,176.60615762795615,0.9822899999210527,0.5323965651834505
2020-04-01,동대문구,1380.0,756.0,759.0,API_2017_2025,2020,4,2,봄,386799.8954733333,358526.11234000005,24034.92857,4238.854563333333,395978.5352733333,377205.12949,382021.38253666664,390213.11901666666,182138.1996033333,28623.813626666666,77812.63955666666,75701.74642,-8191.736479999994,0,22,1,76,7,1,150,0,0,108,0,0,0,9,925391.0,689936.0,235455.0,0.2544,,1422647.0,1130028.0,292619.0,0.2057,,356.77362278272375,195.4498976983617,0.9790070192907837,0.5478260869565217
2020-05-01,동대문구,1556.0,831.0,839.0,API_2017_2025,2020,5,2,봄,384678.44312580646,357462.9427064516,24274.009612903224,2941.4908,393715.2267258064,374702.59585806454,380308.868316129,387799.56798064517,183889.48991935485,29937.997406451614,77843.7659548387,76107.72655806452,-7490.6996645161325,0,22,1,76,7,1,150,0,0,108,0,0,0,9,925391.0,689936.0,235455.0,0.2544,,1422647.0,1130028.0,292619.0,0.2057,,404.49368240037325,216.02458231022504,0.9806840948701366,0.5340616966580977
2020-06-01,동대문구,1609.0,896.0,901.0,API_2017_2025,2020,6,2,여름,387065.82355,359044.83736666664,24851.688693333334,3169.29747,397103.0858933333,377148.03175333334,382867.16832,390064.8629966667,188092.93439,30624.934503333334,78413.26510666666,79054.73478,-7197.69467666667,0,22,1,76,7,1,150,0,0,108,0,0,0,9,925391.0,689936.0,235455.0,0.2544,,1422647.0,1130028.0,292619.0,0.2057,,415.69157029751415,231.48517525579405,0.9815474415681266,0.5568676196395277
2020-07-01,동대문구,1741.0,1007.0,1013.0,API_2017_2025,2020,7,3,여름,380277.7948516129,353352.4213967742,23138.300867741935,3787.0726032258067,391885.66038387094,369001.2729967742,374916.8315032258,384107.0544032258,181945.3199483871,29473.210196774195,76102.87572903225,76369.23402258064,-9190.222899999999,0,22,1,76,7,1,150,0,0,108,0,0,0,9,925391.0,689936.0,235455.0,0.2544,,1422647.0,1130028.0,292619.0,0.2057,,457.8232080785444,264.80641616030687,0.9760737981907712,0.5784032165422172
2020-08-01,동대문구,1793.0,918.0,921.0,API_2017_2025,2020,8,3,여름,378344.1986935484,348573.0128096774,23017.11048387097,6754.075419354838,387500.68233870965,369880.52532580646,374115.18575161294,381364.92222580645,174528.4172451613,27324.62413548387,75149.73388387097,72054.05922580646,-7249.736474193546,0,22,1,76,7,1,150,0,0,108,0,0,0,9,925391.0,689936.0,235455.0,0.2544,,1422647.0,1130028.0,292619.0,0.2057,,473.90709470142974,242.63620353369356,0.9809900280500865,0.5119910764082544
2020-09-01,동대문구,1703.0,854.0,862.0,API_2017_2025,2020,9,3,가을,384940.97976666666,353552.8361366667,23037.26399,8350.879646666666,392822.55905333336,377130.66444333334,382590.5537033333,386619.85553,179626.16193,29052.998773333333,74416.19812,76156.96503666668,-4029.301826666668,0,22,1,76,7,1,150,0,0,108,0,0,0,9,925391.0,689936.0,235455.0,0.2544,,1422647.0,1130028.0,292619.0,0.2057,,442.4054827917463,221.8521916054911,0.9895781301217882,0.5014679976512038
2020-10-01,동대문구,1701.0,863.0,864.0,API_2017_2025,2020,10,4,가을,377580.40404193546,350557.00349354843,22484.9393,4538.461248387097,387026.3412903226,367911.579183871,374083.04163225804,380078.5200645161,185173.2149387097,31737.28977096774,75605.13538709677,77830.78978064517,-5995.478432258062,0,22,1,76,7,1,150,0,0,108,0,0,0,9,925391.0,689936.0,235455.0,0.2544,,1422647.0,1130028.0,292619.0,0.2057,,450.5000741010598,228.56059021117846,0.9842256846526334,0.5073486184597296
2020-11-01,동대문구,1560.0,779.0,791.0,API_2017_2025,2020,11,4,가을,378298.00219,352127.51214999997,22428.87717,3741.6128633333333,386398.9323766667,370336.3816466667,375968.96808,379961.5979766667,186024.85527,30516.641353333333,76093.98417000001,79414.22974666666,-3992.6298966666627,0,22,1,76,7,1,150,0,0,108,0,0,0,9,925391.0,689936.0,235455.0,0.2544,,1422647.0,1130028.0,292619.0,0.2057,,412.37331177247154,205.92231401971497,0.9894920173040438,0.49935897435897436
2020-12-01,동대문구,1417.0,739.0,747.0,API_2017_2025,2020,12,4,겨울,378669.651316129,350589.63229032257,23081.282303225806,4998.736751612903,384532.0548903226,372534.2392451613,376936.50642903225,379907.61197741935,172738.20522903223,25875.95726451613,74733.7209967742,72128.52696774194,-2971.1055483870946,0,22,1,76,7,1,150,0,0,108,0,0,0,9,925391.0,689936.0,235455.0,0.2544,,1422647.0,1130028.0,292619.0,0.2057,,374.2047969978534,195.15691247806188,0.9921793997942749,0.5215243472124206
2021-01-01,동대문구,1596.0,887.0,793.0,건별집계|API_2017_2025,2021,1,1,겨울,371142.33971612906,347009.7165225806,21446.202577419353,2686.420616129032,377165.4881483871,363995.26216774195,368733.1761548387,372863.17082903226,174901.43902258066,27108.64204516129,75549.05669354838,72243.74028387097,-4129.994674193544,0,10,4,72,8,1,100,0,0,96,0,0,0,14,969877.0,737020.0,232857.0,0.2401,93822.0,1555312.0,1242204.0,313108.0,0.2013,140259.0,430.0236942033378,238.9918651368174,0.9889235650037228,0.5557644110275689
2021-02-01,동대문구,1403.0,777.0,742.0,건별집계|API_2017_2025,2021,2,1,겨울,367491.60354285716,342672.2351607143,21086.58825714286,3732.7801357142857,375047.3274857143,358439.8424142857,364449.13100714283,369664.7982357143,180548.37452142857,30557.792275000003,75273.31725357144,74717.26499285715,-5215.6672285714285,0,10,4,72,8,1,100,0,0,96,0,0,0,14,969877.0,737020.0,232857.0,0.2401,93822.0,1555312.0,1242204.0,313108.0,0.2013,140259.0,381.7774301437559,211.4334021537408,0.9858908198631189,0.5538132573057734
2021-03-01,동대문구,1595.0,907.0,801.0,건별집계|API_2017_2025,2021,3,1,봄,377339.8328225806,350685.2028322581,21937.594432258065,4717.0355709677415,385784.3104451613,368668.5262354839,374113.72487419355,379644.19565806456,184551.32652580645,34565.32227741935,73421.49731612903,76564.50693225807,-5530.4707838709655,0,10,4,72,8,1,100,0,0,96,0,0,0,14,969877.0,737020.0,232857.0,0.2401,93822.0,1555312.0,1242204.0,313108.0,0.2013,140259.0,422.6958993618743,240.36688446471473,0.9854324895596398,0.5686520376175549
2021-04-01,동대문구,1582.0,921.0,792.0,건별집계|API_2017_2025,2021,4,2,봄,375370.04989333334,348818.46674999996,22074.516059999998,4477.06708,385004.4256733333,365298.9842933333,370973.85329,378510.19031000003,191589.67448000002,30256.331376666665,80784.02004,80549.32306333333,-7536.337020000003,0,10,4,72,8,1,100,0,0,96,0,0,0,14,969877.0,737020.0,232857.0,0.2401,93822.0,1555312.0,1242204.0,313108.0,0.2013,140259.0,421.45077915767325,245.3578809129058,0.980089473908674,0.5821744627054362
2021-05-01,동대문구,1778.0,986.0,922.0,건별집계|API_2017_2025,2021,5,2,봄,371817.9768096774,346445.29107419355,22266.749432258064,3105.9363193548384,381664.3481806452,360832.525383871,366894.07971290324,375335.04617096775,182426.2891387097,29205.706874193547,78031.59600322582,75188.98626129032,-8440.966458064513,0,10,4,72,8,1,100,0,0,96,0,0,0,14,969877.0,737020.0,232857.0,0.2401,93822.0,1555312.0,1242204.0,313108.0,0.2013,140259.0,478.1909727054713,265.18352029673497,0.9775108491888083,0.5545556805399325
2021-06-01,동대문구,1999.0,1189.0,1036.0,건별집계|API_2017_2025,2021,6,2,여름,370953.90014,344544.5509533333,21993.849646666666,4415.499543333333,381238.4813033333,359805.84068333334,366212.06936,374340.92211,184277.17171666666,29719.725326666667,78174.52994666666,76382.91644333334,-8128.852750000001,0,10,4,72,8,1,100,0,0,96,0,0,0,14,969877.0,737020.0,232857.0,0.2401,93822.0,1555312.0,1242204.0,313108.0,0.2013,140259.0,538.8809766511598,320.52500312067485,0.9782848941436029,0.5947973986993497
2021-07-01,동대문구,2175.0,1235.0,1077.0,건별집계|API_2017_2025,2021,7,3,여름,361108.5152645162,337064.0794096774,21204.13536451613,2840.3004903225806,370555.8320580645,350661.63449354836,356012.6689580645,364748.40547419357,169851.35764193546,27092.963370967744,72180.8701548387,70577.52411612903,-8735.736516129034,0,10,4,72,8,1,100,0,0,96,0,0,0,14,969877.0,737020.0,232857.0,0.2401,93822.0,1555312.0,1242204.0,313108.0,0.2013,140259.0,602.3120220266163,342.0024584840787,0.9760499665385183,0.5678160919540229
2021-08-01,동대문구,1915.0,1187.0,1002.0,건별집계|API_2017_2025,2021,8,3,여름,362018.2579451613,334904.9404032258,21501.644667741937,5611.672870967742,371384.8851032258,351268.76998064516,356418.8958709677,366017.80230000004,168178.07919999998,27714.20267741936,71726.6326064516,68737.24391612904,-9598.906429032264,0,10,4,72,8,1,100,0,0,96,0,0,0,14,969877.0,737020.0,232857.0,0.2401,93822.0,1555312.0,1242204.0,313108.0,0.2013,140259.0,528.9788451194871,327.8840152254993,0.9737747553022987,0.6198433420365536
2021-09-01,동대문구,2116.0,1266.0,988.0,건별집계|API_2017_2025,2021,9,3,가을,369428.63949333335,338459.22882,22215.59043,8753.820249999999,379275.8212033333,358154.1350066667,365096.32944000006,372523.14668,172521.20473333335,31246.373770000002,70837.44936,70437.38160333334,-7426.81724,0,10,4,72,8,1,100,0,0,96,0,0,0,14,969877.0,737020.0,232857.0,0.2401,93822.0,1555312.0,1242204.0,313108.0,0.2013,140259.0,572.7763832555231,342.6913521746183,0.9800634744278598,0.5982986767485823
2021-10-01,동대문구,2023.0,1196.0,871.0,건별집계|API_2017_2025,2021,10,4,가을,369100.32861612906,341753.92411935487,22745.57614516129,4600.82835483871,379237.5701483871,356608.284,364322.4325645161,372513.11151612905,172720.83254838712,29181.708806451614,71990.0480935484,71549.0756483871,-8190.678951612905,0,10,4,72,8,1,100,0,0,96,0,0,0,14,969877.0,737020.0,232857.0,0.2401,93822.0,1555312.0,1242204.0,313108.0,0.2013,140259.0,548.0894605498864,324.0311393068039,0.9780123740657695,0.5912011863568957
2021-11-01,동대문구,1969.0,1188.0,921.0,건별집계|API_2017_2025,2021,11,4,가을,371678.2596233333,344381.42585999996,23467.8569,3828.9768833333337,382519.54096,359367.15143333335,367842.9430833334,374417.77144000004,183449.28679666668,31751.512143333333,74548.79842333333,77148.97623,-6574.828356666669,0,10,4,72,8,1,100,0,0,96,0,0,0,14,969877.0,737020.0,232857.0,0.2401,93822.0,1555312.0,1242204.0,313108.0,0.2013,140259.0,529.7592606022819,319.63128572651647,0.982439860342686,0.6033519553072626
2021-12-01,동대문구,2110.0,1187.0,815.0,건별집계|API_2017_2025,2021,12,4,겨울,371277.7775,343451.19205161295,24021.908267741936,3804.677170967742,381399.88088709675,358887.7694935484,367063.6607677419,374287.86087741936,173591.16082903225,29024.599496774194,71765.94235806451,72800.61897419355,-7224.200109677425,0,10,4,72,8,1,100,0,0,96,0,0,0,14,969877.0,737020.0,232857.0,0.2401,93822.0,1555312.0,1242204.0,313108.0,0.2013,140259.0,568.3076466918357,319.70671877877203,0.9806988126926098,0.5625592417061611
2022-01-01,동대문구,1900.0,1097.0,950.0,건별집계|API_2017_2025|xlsx_2022_2024,2022,1,1,겨울,363389.08434838714,338278.3644451613,22653.195625806453,2457.524280645161,372817.872,351035.82323225803,359011.2006774193,366516.14412580646,173443.00077419356,30216.53698064516,71168.94648064517,72057.51731290323,-7504.943448387104,1,14,13,239,13,22,183,0,0,103,0,0,0,12,907865.0,676666.0,231199.0,0.2547,96372.0,1334374.0,1028459.0,305915.0,0.2293,141074.0,522.8555512081476,301.88028403965154,0.9795235665094985,0.5773684210526315
2022-02-01,동대문구,1785.0,946.0,,건별집계|xlsx_2022_2024,2022,2,1,겨울,368926.46593214286,340537.46536071424,22946.964064285716,5442.0365,377593.0354214286,359145.66364642855,364851.7878785714,371836.9502642857,171534.52669642857,30189.535339285714,71264.44133571429,70080.55002142857,-6985.16238571429,1,14,13,239,13,22,183,0,0,103,0,0,0,12,907865.0,676666.0,231199.0,0.2547,96372.0,1334374.0,1028459.0,305915.0,0.2293,141074.0,483.836255956849,256.41966282082865,0.9812144479435152,0.5299719887955182
2022-03-01,동대문구,2411.0,1207.0,,건별집계|xlsx_2022_2024,2022,3,1,봄,380022.5211419355,349655.68273225805,24114.191141935484,6252.647287096774,388000.19748064515,370651.7164870968,376436.0438516129,382584.29065161286,172382.01802903228,32878.73425806451,69137.70023548386,70365.58353548388,-6148.246800000002,1,14,13,239,13,22,183,0,0,103,0,0,0,12,907865.0,676666.0,231199.0,0.2547,96372.0,1334374.0,1028459.0,305915.0,0.2293,141074.0,634.4360836181891,317.6127552580482,0.9839296935336045,0.5006221484861053
2022-04-01,동대문구,2051.0,1131.0,,건별집계|xlsx_2022_2024,2022,4,2,봄,373746.54013333336,346014.56710333336,24498.97582666667,3232.9972199999997,384638.93833333335,361058.81113000005,368348.39431999996,377602.3585866667,182851.12284999999,30464.254456666666,75949.93092,76436.93747333334,-9253.964266666675,1,14,13,239,13,22,183,0,0,103,0,0,0,12,907865.0,676666.0,231199.0,0.2547,96372.0,1334374.0,1028459.0,305915.0,0.2293,141074.0,548.7676218402743,302.6114969777427,0.9754928324565992,0.5514383227693808
2022-05-01,동대문구,1958.0,1155.0,,건별집계|xlsx_2022_2024,2022,5,2,봄,379837.2507516129,350997.8361419355,25301.84768064516,3537.566929032258,390996.3316354839,367833.9548516129,374795.7345354839,383438.33378387097,186442.6302548387,32588.62749032258,75600.78151935483,78253.22124516129,-8642.599248387101,1,14,13,239,13,22,183,0,0,103,0,0,0,12,907865.0,676666.0,231199.0,0.2547,96372.0,1334374.0,1028459.0,305915.0,0.2293,141074.0,515.4839332175968,304.077601055324,0.9774602628717384,0.5898876404494382
2022-06-01,동대문구,1796.0,1025.0,,건별집계|xlsx_2022_2024,2022,6,2,여름,385099.8966733333,354937.18670666666,26129.770656666667,4032.9393166666664,396328.4712566667,372746.2452333334,380575.20474333334,388331.81947333337,184749.08422333334,31261.24939333333,75979.78235333334,77508.05247666666,-7756.614730000001,1,14,13,239,13,22,183,0,0,103,0,0,0,12,907865.0,676666.0,231199.0,0.2547,96372.0,1334374.0,1028459.0,305915.0,0.2293,141074.0,466.37249594576843,266.1647039779581,0.9800258069490165,0.5707126948775055
2022-07-01,동대문구,2110.0,1232.0,,건별집계|xlsx_2022_2024,2022,7,3,여름,366522.40166774194,338916.3749741935,24549.28389032258,3056.7428161290322,378510.5023774193,353215.85416129034,360941.43077096774,370508.8094741936,172502.79896774195,29900.700587096773,70662.97289354839,71939.12548709677,-9567.378703225811,1,14,13,239,13,22,183,0,0,103,0,0,0,12,907865.0,676666.0,231199.0,0.2547,96372.0,1334374.0,1028459.0,305915.0,0.2293,141074.0,575.6810471608627,336.13225123326197,0.9741777294936567,0.5838862559241706
2022-08-01,동대문구,2176.0,1270.0,,건별집계|xlsx_2022_2024,2022,8,3,여름,364245.3660645161,332892.9040483871,24492.33144516129,6860.1305741935485,375369.2720935484,350881.0756290323,357992.1482,368711.9502516129,170010.76463548388,29935.3546,69919.16915806451,70156.24087741935,-10719.802051612907,1,14,13,239,13,22,183,0,0,103,0,0,0,12,907865.0,676666.0,231199.0,0.2547,96372.0,1334374.0,1028459.0,305915.0,0.2293,141074.0,597.3995011962845,348.66606917246384,0.9709263503819238,0.5836397058823529
2022-09-01,동대문구,2084.0,1220.0,,건별집계|xlsx_2022_2024,2022,9,3,가을,375952.71173333336,342179.0997833333,25818.2875,7955.3244466666665,387052.50162,363509.48026333336,372184.39444666664,378644.3669466667,180111.04148666665,36423.15456666667,68588.93497999999,75098.95194,-6459.972500000002,1,14,13,239,13,22,183,0,0,103,0,0,0,12,907865.0,676666.0,231199.0,0.2547,96372.0,1334374.0,1028459.0,305915.0,0.2293,141074.0,554.3250347608079,324.5088975087263,0.9829392087565112,0.5854126679462572
2022-10-01,동대문구,1863.0,1105.0,,건별집계|xlsx_2022_2024,2022,10,4,가을,375005.88040645164,344784.29999354837,26362.865596774194,3858.7148193548387,386316.27352903225,361518.96701935487,370030.2635354839,378559.892467742,173803.41757096775,31267.043851612903,68146.7498516129,74389.62386774193,-8529.628932258056,1,14,13,239,13,22,183,0,0,103,0,0,0,12,907865.0,676666.0,231199.0,0.2547,96372.0,1334374.0,1028459.0,305915.0,0.2293,141074.0,496.79220975969224,294.662046046409,0.9774682181024106,0.5931293612453032
2022-11-01,동대문구,1889.0,1133.0,,건별집계|xlsx_2022_2024,2022,11,4,가을,379474.80343,348980.7889,27280.99601,3213.018536666667,390539.56697999995,366263.08216,375142.30687000003,382569.4438233333,182176.79873666668,32864.514416666665,70691.86276333334,78620.42155666667,-7427.1369533333345,1,14,13,239,13,22,183,0,0,103,0,0,0,12,907865.0,676666.0,231199.0,0.2547,96372.0,1334374.0,1028459.0,305915.0,0.2293,141074.0,497.7932613511335,298.57054796762003,0.980586173116421,0.5997882477501324
2022-12-01,동대문구,1963.0,1181.0,,건별집계|xlsx_2022_2024,2022,12,4,겨울,381955.73866774194,349498.27245483873,28451.655474193547,4005.8107354838708,392809.78629677417,368199.6017,377662.15709677414,385022.58265161293,173102.38628064518,31353.458867741938,68054.50228709678,73694.42512580646,-7360.425554838709,1,14,13,239,13,22,183,0,0,103,0,0,0,12,907865.0,676666.0,231199.0,0.2547,96372.0,1334374.0,1028459.0,305915.0,0.2293,141074.0,513.9338937142104,309.1981296365168,0.9808831328693807,0.6016301579215486
2023-01-01,동대문구,1906.0,,,xlsx_2022_2024,2023,1,1,겨울,362844.3222,335573.0217870968,23837.68624516129,3433.6141677419355,373785.6933290323,349720.7967645161,357857.2854032258,366406.4913451613,165017.72376774193,31320.240512903223,65010.388151612904,68687.0951032258,-8549.20594193549,1,17,17,212,10,1,224,0,0,107,0,0,0,10,873123.0,669912.0,203211.0,0.2327,111175.0,1334204.0,1024203.0,310001.0,0.2323,153913.0,525.2941505170947,,0.9766674277233752,
2023-02-01,동대문구,1647.0,,,xlsx_2022_2024,2023,2,1,겨울,371093.3462142857,341640.22595714283,24224.279185714287,5228.841071428571,381157.51205,358481.84616071434,366517.8101892857,374361.58623571426,172869.15470714285,34740.06857142857,65169.67725,72959.40888571428,-7843.776046428572,1,17,17,212,10,1,224,0,0,107,0,0,0,10,873123.0,669912.0,203211.0,0.2327,111175.0,1334204.0,1024203.0,310001.0,0.2323,153913.0,443.82364081757186,,0.9790475937307046,
2023-03-01,동대문구,1904.0,,,xlsx_2022_2024,2023,3,1,봄,391189.77743225807,355743.3411709678,28616.579441935486,6829.856822580646,400819.9975548387,379215.4338709677,388198.6548419355,393326.29357096774,178168.05110645163,39493.393774193544,62828.93053548387,75845.7267967742,-5127.638729032261,1,17,17,212,10,1,224,0,0,107,0,0,0,10,873123.0,669912.0,203211.0,0.2327,111175.0,1334204.0,1024203.0,310001.0,0.2323,153913.0,486.72028509991264,,0.9869633970246968,
2023-04-01,동대문구,1937.0,,,xlsx_2022_2024,2023,4,2,봄,384604.05566666665,352641.97094333335,28820.479613333337,3141.605106666667,395992.4842666667,371197.4966633333,379729.4630966667,388085.90749333333,185472.41148333333,33612.99188666666,72570.81308,79288.60651666667,-8356.444396666664,1,17,17,212,10,1,224,0,0,107,0,0,0,10,873123.0,669912.0,203211.0,0.2327,111175.0,1334204.0,1024203.0,310001.0,0.2323,153913.0,503.6348346983587,,0.9784675396985133,
2023-05-01,동대문구,2174.0,,,xlsx_2022_2024,2023,5,2,봄,382186.70231935487,350521.54563548387,28644.970593548387,3020.1860967741936,393386.73192903225,369525.4101870968,377123.1819516129,385803.5025709678,180835.83996774192,32967.332638709675,70286.71416129032,77581.79316774194,-8680.320619354836,1,17,17,212,10,1,224,0,0,107,0,0,0,10,873123.0,669912.0,203211.0,0.2327,111175.0,1334204.0,1024203.0,310001.0,0.2323,153913.0,568.8319313065496,,0.9775006692227783,
2023-06-01,동대문구,1970.0,,,xlsx_2022_2024,2023,6,2,여름,378704.33354333334,347765.9622333333,27331.141200000002,3607.230106666667,390696.08305333334,364140.69418333337,373350.46454,382528.52569,177684.70974333334,31791.29001,70005.95868,75887.46105333333,-9178.06115,1,17,17,212,10,1,224,0,0,107,0,0,0,10,873123.0,669912.0,203211.0,0.2327,111175.0,1334204.0,1024203.0,310001.0,0.2323,153913.0,520.1947338621046,,0.9760068582246391,
2023-07-01,동대문구,2211.0,,,xlsx_2022_2024,2023,7,3,여름,357614.3995935484,333647.8651064516,21087.302832258065,2879.2316548387093,370875.9694193548,342737.6811064516,350730.473616129,362531.4895677419,162649.1787516129,30162.84505806452,64295.78736451613,68190.54632903225,-11801.015951612908,1,17,17,212,10,1,224,0,0,107,0,0,0,10,873123.0,669912.0,203211.0,0.2327,111175.0,1334204.0,1024203.0,310001.0,0.2323,153913.0,618.2636947821292,,0.9674483009305381,
2023-08-01,동대문구,2318.0,,,xlsx_2022_2024,2023,8,3,여름,354435.8401870968,329810.563616129,21191.295283870968,3433.9813,366992.1376967742,340496.8936870968,347275.9743645161,359550.03007741936,161750.58557741935,30081.231129032258,63907.22208387097,67762.13236451613,-12274.05571290323,1,17,17,212,10,1,224,0,0,107,0,0,0,10,873123.0,669912.0,203211.0,0.2327,111175.0,1334204.0,1024203.0,310001.0,0.2323,153913.0,653.9970672199495,,0.9658627320646854,
2023-09-01,동대문구,1972.0,,,xlsx_2022_2024,2023,9,3,가을,377072.49670333334,345933.0756666667,26460.700166666666,4678.720883333333,389272.33150666667,363739.9341,372639.8756233333,380238.6546266666,173842.27333333335,36682.461906666664,63950.48672666667,73209.3247,-7598.7790033333295,1,17,17,212,10,1,224,0,0,107,0,0,0,10,873123.0,669912.0,203211.0,0.2327,111175.0,1334204.0,1024203.0,310001.0,0.2323,153913.0,522.9763552740619,,0.9800157640185371,
2023-10-01,동대문구,1981.0,,,xlsx_2022_2024,2023,10,4,가을,373638.7911129032,344505.3685548387,26546.670187096774,2586.752370967742,386023.6943870968,359730.6226225807,367891.1828096774,377744.22562580643,173000.07682580646,31452.25615483871,67982.13156129033,73565.68910967742,-9853.042816129031,1,17,17,212,10,1,224,0,0,107,0,0,0,10,873123.0,669912.0,203211.0,0.2327,111175.0,1334204.0,1024203.0,310001.0,0.2323,153913.0,530.1912026049237,,0.973916099445847,
2023-11-01,동대문구,1790.0,,,xlsx_2022_2024,2023,11,4,가을,381726.4905833333,352032.10039000004,27195.147123333336,2499.243073333333,394491.2244066667,367766.12579333334,376417.7331566667,385518.46019,184632.1615033333,35954.28983,69953.81570666666,78724.05596666667,-9100.727033333325,1,17,17,212,10,1,224,0,0,107,0,0,0,10,873123.0,669912.0,203211.0,0.2327,111175.0,1334204.0,1024203.0,310001.0,0.2323,153913.0,468.9221325102748,,0.9763935376042743,
2023-12-01,동대문구,1946.0,,,xlsx_2022_2024,2023,12,4,겨울,384481.3890451613,352823.53230967745,28706.818270967742,2951.038474193548,400241.7871258065,368573.40892580646,378944.3720774193,388436.4011580645,176873.37492258067,35846.91810967742,67554.58366451613,73471.87314838711,-9492.029080645163,1,17,17,212,10,1,224,0,0,107,0,0,0,10,873123.0,669912.0,203211.0,0.2327,111175.0,1334204.0,1024203.0,310001.0,0.2323,153913.0,506.13633206870827,,0.9755634923700608,
2024-01-01,동대문구,1835.0,,,xlsx_2022_2024,2024,1,1,겨울,357859.77872258064,336387.4901419355,19404.269503225805,2068.0190774193547,372572.92512258067,343052.53766774194,352182.3743354839,361915.0675903226,163294.36837741936,33138.054235483876,62029.07763870968,68127.23650322581,-9732.693254838714,0,20,0,102,5,1,236,10,121,112,35,36,0,52,839482.0,643806.0,195676.0,0.2331,98627.0,1318540.0,1052636.0,265904.0,0.2017,147729.0,512.7706741870327,,0.9731077975845542,
2024-02-01,동대문구,1623.0,,,xlsx_2022_2024,2024,2,1,겨울,351880.3522413793,331149.7101103448,18128.15310344828,2602.4890310344827,363953.7215517242,339456.8315551724,347128.44258965517,355274.57342413795,166468.03957931037,34304.45576206897,62502.22225517242,69661.36156206897,-8146.130834482763,0,20,0,102,5,1,236,10,121,112,35,36,0,52,839482.0,643806.0,195676.0,0.2331,98627.0,1318540.0,1052636.0,265904.0,0.2017,147729.0,461.2363235576935,,0.9770708870157232,
2024-03-01,동대문구,1709.0,,,xlsx_2022_2024,2024,3,1,봄,381687.0128096774,352515.65468387096,25361.208141935484,3810.149977419355,392255.0857096774,369997.2806870968,378429.32076451613,384013.9357096774,175432.86978064515,40861.13591290322,60669.16428387097,73902.56958387097,-5584.614945161292,0,20,0,102,5,1,236,10,121,112,35,36,0,52,839482.0,643806.0,195676.0,0.2331,98627.0,1318540.0,1052636.0,265904.0,0.2017,147729.0,447.74905685674133,,0.9854572596829315,
2024-04-01,동대문구,1777.0,,,xlsx_2022_2024,2024,4,2,봄,376276.1041833333,348571.2710266666,25249.524976666667,2455.3081866666666,388157.13469,363697.80939666665,371219.81126,379887.74199,185823.94911666668,33022.38247,72610.79525666666,80190.77139,-8667.93073,0,20,0,102,5,1,236,10,121,112,35,36,0,52,839482.0,643806.0,195676.0,0.2331,98627.0,1318540.0,1052636.0,265904.0,0.2017,147729.0,472.2595934856897,,0.9771829154460367,
2024-05-01,동대문구,1936.0,,,xlsx_2022_2024,2024,5,2,봄,373820.36731935485,346393.253383871,24888.489241935484,2538.6247,384669.9073935484,362249.14392903226,368969.3228354839,377285.399083871,166775.02292903227,31711.344012903228,61668.9397516129,73394.73916451614,-8316.076248387102,0,20,0,102,5,1,236,10,121,112,35,36,0,52,839482.0,643806.0,195676.0,0.2331,98627.0,1318540.0,1052636.0,265904.0,0.2017,147729.0,517.8958048441685,,0.9779581285981904,
2024-06-01,동대문구,1937.0,,,xlsx_2022_2024,2024,6,2,여름,369537.96901,343123.7469033333,23959.509199999997,2454.7129,380921.19397,356614.13436333335,364502.2030366667,373134.9447033333,161785.08943000002,30729.02560666667,60446.4607,70609.60312333333,-8632.74166666667,0,20,0,102,5,1,236,10,121,112,35,36,0,52,839482.0,643806.0,195676.0,0.2331,98627.0,1318540.0,1052636.0,265904.0,0.2017,147729.0,524.1680591548586,,0.9768642905490124,
2024-07-01,동대문구,2044.0,,,xlsx_2022_2024,2024,7,3,여름,352684.2485967742,331148.6607967742,19058.23517419355,2477.352619354838,364778.70653870964,339027.09556774196,346218.52024516126,357302.62599032256,152163.98957741936,30044.239806451613,56131.77536774194,65987.9744032258,-11084.105745161287,0,20,0,102,5,1,236,10,121,112,35,36,0,52,839482.0,643806.0,195676.0,0.2331,98627.0,1318540.0,1052636.0,265904.0,0.2017,147729.0,579.5552276951604,,0.968978381520595,
2024-08-01,동대문구,2057.0,,,xlsx_2022_2024,2024,8,3,여름,347643.37229032256,325964.49332258065,18609.36077419355,3069.5182032258062,359683.68902903225,334287.59286774194,341092.5463,352322.5337258064,150447.12265806453,30460.292574193547,56023.08008709677,63963.74999677419,-11229.987425806448,0,20,0,102,5,1,236,10,121,112,35,36,0,52,839482.0,643806.0,195676.0,0.2331,98627.0,1318540.0,1052636.0,265904.0,0.2017,147729.0,591.6983218889518,,0.9681258325800243,
2024-09-01,동대문구,1811.0,,,xlsx_2022_2024,2024,9,3,가을,363558.97940333333,336718.68641333334,23215.70924666667,3624.5837466666667,374255.73471000005,351148.6467766667,359813.34260000003,366234.4342666667,165961.24285666665,36025.33164,59361.69267333333,70574.21854333332,-6421.091666666669,0,20,0,102,5,1,236,10,121,112,35,36,0,52,839482.0,643806.0,195676.0,0.2331,98627.0,1318540.0,1052636.0,265904.0,0.2017,147729.0,498.13100558599365,,0.9824672639547835,
2024-10-01,동대문구,1726.0,,,xlsx_2022_2024,2024,10,4,가을,369728.3858774194,343197.1233032258,23595.15813548387,2936.10444516129,380773.70316774194,357288.89868387097,364932.8625967742,373153.7596580645,168704.9801935484,32451.90201935484,62691.67420645161,73561.40396774194,-8220.897061290325,0,20,0,102,5,1,236,10,121,112,35,36,0,52,839482.0,643806.0,195676.0,0.2331,98627.0,1318540.0,1052636.0,265904.0,0.2017,147729.0,466.8291821586677,,0.9779691431520791,
2024-11-01,동대문구,1739.0,,,xlsx_2022_2024,2024,11,4,가을,370111.35928000003,343287.2165133333,23801.837603333333,3022.305156666667,381060.15625999996,357201.6060466666,366046.2306633333,373015.02258333337,177915.72615,34362.52692,65495.49578666667,78057.70344333333,-6968.791920000004,0,20,0,102,5,1,236,10,121,112,35,36,0,52,839482.0,643806.0,195676.0,0.2331,98627.0,1318540.0,1052636.0,265904.0,0.2017,147729.0,469.8585861787603,,0.98131766417412,
2024-12-01,동대문구,1818.0,,,xlsx_2022_2024,2024,12,4,겨울,366285.71747741936,340021.5963516129,22945.98741612903,3318.1337258064514,375955.6451354839,353366.6585096774,363002.7119741936,368630.72141935484,168837.91218387097,32865.84459677419,63015.25591935484,72956.81166774193,-5628.009445161296,0,20,0,102,5,1,236,10,121,112,35,36,0,52,839482.0,643806.0,195676.0,0.2331,98627.0,1318540.0,1052636.0,265904.0,0.2017,147729.0,496.3338490292282,,0.9847326630198061,
2018-04-01,동작구,1360.0,864.0,871.0,API_2017_2025,2018,4,2,봄,434117.5581153846,416305.096926923,16157.381334615386,1655.079873076923,463598.2871653846,401991.1289923077,409614.4860769231,451619.7524384615,204109.96945384613,39009.788957692304,81185.94609615384,83914.23439999999,-42005.266361538466,1,26,3,77,3,28,239,0,0,176,0,0,0,14,,,,,,,,,,,313.2791969769912,199.0244310206768,0.9069897493749188,0.6352941176470588
2018-05-01,동작구,1469.0,979.0,989.0,API_2017_2025,2018,5,2,봄,430338.15747741936,412211.1076612903,16217.773858064515,1909.2759741935486,461282.5469451613,397008.3387387097,405506.56631612906,447081.1296806451,197251.79486129034,37983.73250967742,78721.28567096774,80546.77668064515,-41574.56336451612,1,26,3,77,3,28,239,0,0,176,0,0,0,14,,,,,,,,,,,341.3594575510263,227.49551323516317,0.907008905980413,0.6664397549353301
2018-06-01,동작구,1441.0,915.0,917.0,API_2017_2025,2018,6,2,여름,430853.74719333334,413966.75844666664,15188.48429,1698.5044633333334,460955.00402,397904.2239233333,406093.8381066667,448539.3965466667,183558.33535333336,36260.62066666667,73175.07331333333,74122.64137333333,-42445.55844,1,26,3,77,3,28,239,0,0,176,0,0,0,14,,,,,,,,,,,334.4522380011685,212.36904772454486,0.9053693861302016,0.6349757113115891
2018-07-01,동작구,1499.0,1002.0,1007.0,API_2017_2025,2018,7,3,여름,423087.24822258065,407589.4331,13624.49050967742,1873.3246096774192,456826.51386129035,386683.9572967742,395271.6236709677,442955.5514709677,181038.87533870968,36667.95834193548,73200.44325806451,71170.47373870967,-47683.9278,1,26,3,77,3,28,239,0,0,176,0,0,0,14,,,,,,,,,,,354.3004442458157,236.83058381207957,0.8923505357554474,0.6684456304202802
2018-08-01,동작구,1609.0,1050.0,1053.0,API_2017_2025,2018,8,3,여름,421369.8906451613,405739.78132903227,13651.947422580644,1978.161880645161,454228.0968903226,385380.075316129,394202.79974516126,439809.1196580645,184872.9575032258,34931.75579032258,75876.86331612903,74064.3383967742,-45606.31991290323,1,26,3,77,3,28,239,0,0,176,0,0,0,14,,,,,,,,,,,381.8497799015618,249.18723983632063,0.8963042877592886,0.6525792417650714
2018-09-01,동작구,1399.0,901.0,912.0,API_2017_2025,2018,9,3,가을,428254.28978333337,410175.49724,15445.73231,2633.06025,456749.67016000004,397407.28311333334,405508.66305,444501.16603333334,188839.78054333333,40743.35653,73280.00446,74816.41955333334,-38992.50298333333,1,26,3,77,3,28,239,0,0,176,0,0,0,14,,,,,,,,,,,326.6750697833747,210.38901921002187,0.9122780636746197,0.6440314510364546
2018-10-01,동작구,1306.0,894.0,899.0,API_2017_2025,2018,10,4,가을,437609.5096967742,419902.3305580645,16009.641916129032,1697.5372258064517,464641.3800645161,404715.2873451613,413166.67967096774,454056.06702258065,192285.47461290323,38176.69250967742,74673.04728064516,79435.73482258065,-40889.387351612895,1,26,3,77,3,28,239,0,0,176,0,0,0,14,,,,,,,,,,,298.4395839352179,204.29172131553202,0.9099463913790641,0.6845329249617151
2018-11-01,동작구,1332.0,907.0,914.0,API_2017_2025,2018,11,4,가을,438119.92866,419714.42024,16679.6003,1725.90812,468237.51402,404052.5062566667,414203.27954666666,455203.24947,200734.32269333335,41090.912646666664,76476.25761,83167.15243666667,-40999.96992333334,1,26,3,77,3,28,239,0,0,176,0,0,0,14,,,,,,,,,,,304.02634367123017,207.0209412235779,0.9099304102704227,0.6809309309309309
2018-12-01,동작구,1490.0,1006.0,1013.0,API_2017_2025,2018,12,4,겨울,435937.9567032258,417673.95382903225,16241.29670967742,2022.7061612903226,462038.08628387103,406629.24570967746,413853.27896774194,451712.7265064516,189331.84131612902,38074.801,75471.55102580645,75785.48929032258,-37859.44753870968,1,26,3,77,3,28,239,0,0,176,0,0,0,14,,,,,,,,,,,341.79175662245666,230.76678333032982,0.9161868919843927,0.6751677852348993
2019-01-01,동작구,1366.0,904.0,911.0,API_2017_2025,2019,1,1,겨울,428400.39415806456,412284.1582322581,14361.2414,1754.9945483870968,458276.20752580644,394221.55663548387,402583.09424838715,446841.32268064516,191760.7292612903,38936.44469354839,77701.10439032258,75123.18017741936,-44258.22843225807,0,23,4,67,13,66,190,0,0,152,0,0,0,9,870363.0,615490.0,254873.0,0.2928,,782269.0,596284.0,185985.0,0.2378,,318.8605843102923,211.01754627855362,0.9009531433513165,0.6617862371888726
2019-02-01,동작구,1144.0,766.0,770.0,API_2017_2025,2019,2,1,겨울,415985.0151142857,399343.2253,14421.327235714285,2220.4625785714284,444569.093375,385617.2180178571,393503.6621464286,432043.1243892857,184534.2281107143,38097.001150000004,74507.18354642857,71930.04341428571,-38539.462242857146,0,23,4,67,13,66,190,0,0,152,0,0,0,9,870363.0,615490.0,254873.0,0.2928,,782269.0,596284.0,185985.0,0.2378,,275.0099062308057,184.14124840279473,0.9107971865138821,0.6695804195804196
2019-03-01,동작구,1286.0,807.0,813.0,API_2017_2025,2019,3,1,봄,437870.5890548387,418294.69435161294,17557.23802580645,2018.656670967742,465234.3091387097,406346.08370967745,414320.5701225806,454692.03114193544,185322.3018451613,40879.74186774194,71745.0666,72697.49337741935,-40371.46101935484,0,23,4,67,13,66,190,0,0,152,0,0,0,9,870363.0,615490.0,254873.0,0.2928,,782269.0,596284.0,185985.0,0.2378,,293.6940804304493,184.30102869935658,0.9112114172795948,0.6275272161741835
2019-04-01,동작구,1362.0,896.0,899.0,API_2017_2025,2019,4,2,봄,428482.8616633333,409058.19618,17878.322823333332,1546.3426666666667,457915.12587333337,394936.08875999996,402736.17102,446873.35499333334,198191.98518,37721.80383999999,79399.17246666667,81071.00887333333,-44137.18397333334,0,23,4,67,13,66,190,0,0,152,0,0,0,9,870363.0,615490.0,254873.0,0.2928,,782269.0,596284.0,185985.0,0.2378,,317.86568888959386,209.10988050299272,0.9012311128418211,0.657856093979442
2019-05-01,동작구,1443.0,927.0,933.0,API_2017_2025,2019,5,2,봄,412859.3464548387,393532.3539419355,17678.013722580643,1648.9787967741936,443217.9337580645,379216.4873806451,387417.59460645163,431032.0263612903,181915.04821290323,35375.20334838709,72972.27833548386,73567.56652903226,-43614.431754838704,0,23,4,67,13,66,190,0,0,152,0,0,0,9,870363.0,615490.0,254873.0,0.2928,,782269.0,596284.0,185985.0,0.2378,,349.5137054279683,224.53167354936008,0.8988139416854349,0.6424116424116424
2019-06-01,동작구,1405.0,917.0,924.0,API_2017_2025,2019,6,2,여름,412301.17270666664,393344.07234666665,17373.049489999998,1584.0508933333333,442624.67562666663,378995.8155533334,387325.93546666665,430140.6279033333,171515.19413333334,33110.770853333335,69820.62786666668,68583.79541333333,-42814.692436666664,0,23,4,67,13,66,190,0,0,152,0,0,0,9,870363.0,615490.0,254873.0,0.2928,,782269.0,596284.0,185985.0,0.2378,,340.7703137918536,222.41023327197843,0.900463500401342,0.6526690391459075
2019-07-01,동작구,1486.0,949.0,958.0,API_2017_2025,2019,7,3,여름,399343.7430096774,382444.5960096774,15278.240006451613,1620.9070161290322,431582.01120967744,362838.09063548385,371620.9437774194,419145.74247096776,158762.37142258065,31799.140306451613,64073.84359677419,62889.387519354845,-47524.798693548386,0,23,4,67,13,66,190,0,0,152,0,0,0,9,870363.0,615490.0,254873.0,0.2928,,782269.0,596284.0,185985.0,0.2378,,372.11050029247343,237.63988208449345,0.8866150985731647,0.6386271870794078
2019-08-01,동작구,1476.0,966.0,971.0,API_2017_2025,2019,8,3,여름,408960.4464,391859.02688064513,15211.139874193548,1890.2796483870968,441706.15476451616,372092.66628387093,381382.0794193548,428659.27995483874,165314.09586129032,32711.06168387097,66182.27472580645,66420.7594516129,-47277.20053548388,0,23,4,67,13,66,190,0,0,152,0,0,0,9,870363.0,615490.0,254873.0,0.2928,,782269.0,596284.0,185985.0,0.2378,,360.91509900112436,236.20866235439436,0.8897091402279572,0.6544715447154471
2019-09-01,동작구,1440.0,939.0,943.0,API_2017_2025,2019,9,3,가을,418966.69127666665,400027.8147033333,16574.233573333335,2364.6429866666667,448475.46973333333,386250.65518,394544.51410333335,436411.10354333336,179736.36627,39523.39995,67881.72877,72331.23755,-41866.58944,0,23,4,67,13,66,190,0,0,152,0,0,0,9,870363.0,615490.0,254873.0,0.2928,,782269.0,596284.0,185985.0,0.2378,,343.7027405715862,224.12282874772183,0.9040661681151684,0.6520833333333333
2019-10-01,동작구,1388.0,904.0,904.0,API_2017_2025,2019,10,4,가을,426797.5885935484,408163.2263096774,17022.64100483871,1611.721258064516,456358.35034354834,390051.3513225806,398803.56341774197,446793.3208532258,187003.40947741934,37614.22395483871,71129.91140645162,78259.27411612903,-47989.75743548387,0,23,4,67,13,66,190,0,0,152,0,0,0,9,870363.0,615490.0,254873.0,0.2928,,782269.0,596284.0,185985.0,0.2378,,325.2127090441067,211.81000646676688,0.8925907008998266,0.6512968299711815
2019-11-01,동작구,1364.0,882.0,887.0,API_2017_2025,2019,11,4,가을,433051.77831666666,413633.71629666665,17841.971706666667,1576.0903033333334,462873.9164066667,397259.1834266667,406289.3439566667,452167.8028633333,184657.36536666667,38301.76521333333,70639.49526,75716.10489333334,-45878.458906666674,0,23,4,67,13,66,190,0,0,152,0,0,0,9,870363.0,615490.0,254873.0,0.2928,,782269.0,596284.0,185985.0,0.2378,,314.97388263871363,203.670795078699,0.8985366525078893,0.6466275659824047
2019-12-01,동작구,1379.0,918.0,926.0,API_2017_2025,2019,12,4,겨울,432939.76532903226,413480.2871870968,17627.376422580644,1832.101729032258,461524.7582064516,399508.8078419355,407827.91214838705,450876.8033096774,192765.36100645163,39452.30080967742,75102.45520000001,78210.6049967742,-43048.89116129032,0,23,4,67,13,66,190,0,0,152,0,0,0,9,870363.0,615490.0,254873.0,0.2928,,782269.0,596284.0,185985.0,0.2378,,318.52005993304084,212.0387346037212,0.904521832027533,0.6656997824510514
2020-01-01,동작구,1334.0,896.0,899.0,API_2017_2025,2020,1,1,겨울,420240.29511935485,402474.13238709676,15716.46449032258,2049.6982612903225,449779.17486774194,386067.2929483871,395142.17776129034,438167.52181290323,184876.9018516129,39166.55132580645,73417.43136129032,72292.91916451613,-43025.344051612905,0,22,1,48,18,85,133,0,0,104,0,0,0,2,839908.0,592292.0,247616.0,0.2948,,706679.0,547509.0,159170.0,0.2252,,317.43743174869104,213.21134846088995,0.901806177067627,0.671664167916042
2020-02-01,동작구,1077.0,682.0,686.0,API_2017_2025,2020,2,1,겨울,429841.5825689655,410287.09753793105,16549.8151862069,3004.66984137931,457074.28796551726,397199.2377379311,404989.61044827587,447592.9912413793,175695.26678965517,32234.4205,74500.09465862068,68960.75163103448,-42603.38079310343,0,22,1,48,18,85,133,0,0,104,0,0,0,2,839908.0,592292.0,247616.0,0.2948,,706679.0,547509.0,159170.0,0.2252,,250.55742479898436,158.66310465451005,0.9048166936775645,0.6332404828226555
2020-03-01,동작구,1106.0,689.0,694.0,API_2017_2025,2020,3,1,봄,428459.7085193548,408343.90443870967,16887.744738709676,3228.0593516129034,454114.93801290327,397528.90033548384,405193.7573580645,445078.24507096777,165046.7076387097,27317.495245161288,73051.29296774193,64677.91942580645,-39884.487712903225,0,22,1,48,18,85,133,0,0,104,0,0,0,2,839908.0,592292.0,247616.0,0.2948,,706679.0,547509.0,159170.0,0.2252,,258.1339570579572,160.80858626847424,0.910387694400692,0.6229656419529838
2020-04-01,동작구,1068.0,671.0,677.0,API_2017_2025,2020,4,2,봄,424786.5833033333,405807.40018,16584.600786666666,2394.582336666667,452147.32722000004,391664.80644,400183.68519333337,442360.08195333334,171554.59780333334,29211.491423333333,74499.08859666667,67844.01778333333,-42176.39676,0,22,1,48,18,85,133,0,0,104,0,0,0,2,839908.0,592292.0,247616.0,0.2948,,706679.0,547509.0,159170.0,0.2252,,251.4203701291004,157.96167449122316,0.9046559613295999,0.6282771535580525
2020-05-01,동작구,1169.0,724.0,726.0,API_2017_2025,2020,5,2,봄,418847.25827419356,400164.97697741934,16473.81648064516,2208.464822580645,446177.1050483871,386878.33436774195,395059.90262903227,435838.2265935484,169585.423216129,31064.192148387097,71629.24780967741,66891.98325806452,-40778.32396451612,0,22,1,48,18,85,133,0,0,104,0,0,0,2,839908.0,592292.0,247616.0,0.2948,,706679.0,547509.0,159170.0,0.2252,,279.09935588852,172.85537524661117,0.9064370184248548,0.6193327630453379
2020-06-01,동작구,1222.0,779.0,783.0,API_2017_2025,2020,6,2,여름,414764.06739000004,396066.5416666667,16216.420436666667,2481.1053033333333,444795.032,380937.32725333335,388653.78767333337,433414.2672066667,169851.83828999999,31043.41295,71040.58101000001,67767.84433,-44760.47953333333,0,22,1,48,18,85,133,0,0,104,0,0,0,2,839908.0,592292.0,247616.0,0.2948,,706679.0,547509.0,159170.0,0.2252,,294.6253294528914,187.8176200031116,0.8967258742500278,0.6374795417348609
2020-07-01,동작구,1292.0,852.0,858.0,API_2017_2025,2020,7,3,여름,412570.3375451613,392412.99594193546,15814.498906451614,4342.842709677419,442850.83948387095,377658.02522258065,386134.0016064516,431453.4346516129,167034.4199064516,31310.696925806453,69069.94819032258,66653.77479032258,-45319.43304516129,0,22,1,48,18,85,133,0,0,104,0,0,0,2,839908.0,592292.0,247616.0,0.2948,,706679.0,547509.0,159170.0,0.2252,,313.15872287075734,206.51024139774404,0.8949610099134904,0.6594427244582043
2020-08-01,동작구,1302.0,789.0,805.0,API_2017_2025,2020,8,3,여름,407616.8981032258,388274.001883871,15259.618906451613,4083.2773096774195,434724.85970967746,376862.3313645161,384433.7659516129,424176.2782032258,158046.80216774193,27667.80022580645,68095.60118387097,62283.40075806452,-39742.512251612905,0,22,1,48,18,85,133,0,0,104,0,0,0,2,839908.0,592292.0,247616.0,0.2948,,706679.0,547509.0,159170.0,0.2252,,319.4175722494897,193.5641048424327,0.9063066128545454,0.6059907834101382
2020-09-01,동작구,1051.0,617.0,621.0,API_2017_2025,2020,9,3,가을,406304.33189333335,387658.19081,14798.068943333334,3848.0721466666664,435113.05413,373412.6871033333,381230.23067,424214.40421999997,155854.84141333334,26834.556709999997,67776.38728666666,61243.89741666667,-42984.17355,0,22,1,48,18,85,133,0,0,104,0,0,0,2,839908.0,592292.0,247616.0,0.2948,,706679.0,547509.0,159170.0,0.2252,,258.6730973559785,151.8566137665449,0.8986734700132716,0.5870599429115129
2020-10-01,동작구,1101.0,654.0,659.0,API_2017_2025,2020,10,4,가을,401127.76333548385,384119.8170967742,14499.186029032258,2508.760216129032,430252.36396451615,366761.83322258067,375928.6449483871,419127.13361935486,162535.8634580645,30762.78611935484,67090.96146129032,64682.11587741935,-43198.48867096775,0,22,1,48,18,85,133,0,0,104,0,0,0,2,839908.0,592292.0,247616.0,0.2948,,706679.0,547509.0,159170.0,0.2252,,274.4761396830009,163.04032275448012,0.8969322546647625,0.5940054495912807
2020-11-01,동작구,996.0,563.0,568.0,API_2017_2025,2020,11,4,가을,400867.1356,384502.78971000004,14312.7524,2051.5935,429553.14221333334,367449.2051466667,375645.52822,418882.56945,157003.62125999999,29888.22621333333,62142.79654,64972.59850666667,-43237.04123,0,22,1,48,18,85,133,0,0,104,0,0,0,2,839908.0,592292.0,247616.0,0.2948,,706679.0,547509.0,159170.0,0.2252,,248.46137573967786,140.44553668819142,0.8967800419894029,0.5652610441767069
2020-12-01,동작구,960.0,563.0,582.0,API_2017_2025,2020,12,4,겨울,400393.5126451613,383490.75430322584,14366.816374193548,2535.9419806451615,424005.2786612903,372182.81233870966,378963.675667742,415700.5390774194,142576.40664516127,24977.004967741934,59411.86597419354,58187.5357032258,-36736.86340967742,0,22,1,48,18,85,133,0,0,104,0,0,0,2,839908.0,592292.0,247616.0,0.2948,,706679.0,547509.0,159170.0,0.2252,,239.7641244629195,140.6116688256497,0.9116266159018966,0.5864583333333333
2021-01-01,동작구,1349.0,832.0,606.0,건별집계|API_2017_2025,2021,1,1,겨울,399617.5406064516,383889.0333225806,13964.518667741935,1763.9886193548386,422569.2964096774,371136.5155870968,378414.2166354839,414762.7720096774,147959.95960645162,26514.594770967742,61540.16835483871,59905.19648064516,-36348.555374193544,0,11,0,60,8,76,115,0,0,90,0,0,0,13,869130.0,625104.0,244026.0,0.2808,86570.0,761982.0,601704.0,160278.0,0.2103,113381.0,337.5727696919371,208.19906922438224,0.9123630233300075,0.6167531504818384
2021-02-01,동작구,1245.0,772.0,603.0,건별집계|API_2017_2025,2021,2,1,겨울,395334.4608178571,378773.3123821429,13829.98500357143,2731.163414285714,421245.6952571428,365226.8369357143,372837.67897142854,411403.59069285716,156044.95818214284,29609.883475000002,62907.09063928572,63527.98406785714,-38565.91172142857,0,11,0,60,8,76,115,0,0,90,0,0,0,13,869130.0,625104.0,244026.0,0.2808,86570.0,761982.0,601704.0,160278.0,0.2103,113381.0,314.9232165150435,195.27768927679807,0.9062577172540507,0.6200803212851406
2021-03-01,동작구,1348.0,817.0,603.0,건별집계|API_2017_2025,2021,3,1,봄,398914.0406193548,381831.76311935484,13873.862393548387,3208.4151,427082.7993903226,366351.4606,374184.93477096775,416577.6876451613,162479.33211612902,31542.445696774193,66537.75860322581,64399.12781612903,-42392.752874193546,0,11,0,60,8,76,115,0,0,90,0,0,0,13,869130.0,625104.0,244026.0,0.2808,86570.0,761982.0,601704.0,160278.0,0.2103,113381.0,337.91741145713803,204.80602756712298,0.8982356613628729,0.6060830860534124
2021-04-01,동작구,1489.0,943.0,708.0,건별집계|API_2017_2025,2021,4,2,봄,395251.3345566666,379291.74703,13867.888743333333,2091.6987766666666,424570.1485966667,360908.33669333335,369375.48316666664,413734.0855333333,171552.45146,30075.444583333334,73555.5376,67921.46927666667,-44358.602366666666,0,11,0,60,8,76,115,0,0,90,0,0,0,13,869130.0,625104.0,244026.0,0.2808,86570.0,761982.0,601704.0,160278.0,0.2103,113381.0,376.72232066468183,238.58236963518803,0.8927847525313628,0.6333109469442579
2021-05-01,동작구,1563.0,947.0,739.0,건별집계|API_2017_2025,2021,5,2,봄,393153.858632258,377442.1570322581,13591.615887096776,2120.0857258064516,421811.9419129032,360296.8200129032,368563.5465032258,410718.36729032255,163931.8201064516,28931.916032258065,70645.01261612904,64354.891458064514,-42154.820787096774,0,11,0,60,8,76,115,0,0,90,0,0,0,13,869130.0,625104.0,244026.0,0.2808,86570.0,761982.0,601704.0,160278.0,0.2103,113381.0,397.55428204050105,240.87262002070028,0.8973631954538352,0.6058861164427384
2021-06-01,동작구,1650.0,1038.0,760.0,건별집계|API_2017_2025,2021,6,2,여름,390710.1217666667,374745.93915999995,13275.367446666667,2688.8151666666668,420901.29025666666,356805.32658,364647.1296666667,409326.54470666667,165554.37519666666,29564.55659333333,71426.28609333333,64563.532510000005,-44679.41504000001,0,11,0,60,8,76,115,0,0,90,0,0,0,13,869130.0,625104.0,244026.0,0.2808,86570.0,761982.0,601704.0,160278.0,0.2103,113381.0,422.30797414185884,265.6701073692421,0.8908465243268835,0.6290909090909091
2021-07-01,동작구,1629.0,982.0,729.0,건별집계|API_2017_2025,2021,7,3,여름,390980.4637516129,375660.2764903226,13162.382558064517,2157.8047193548387,418257.24469354836,360552.88096451614,367602.8786774193,407678.7388096774,159036.91658064516,28075.638448387097,68898.02634193549,62063.25179032258,-40075.86013225807,0,11,0,60,8,76,115,0,0,90,0,0,0,13,869130.0,625104.0,244026.0,0.2808,86570.0,761982.0,601704.0,160278.0,0.2103,113381.0,416.6448585100897,251.16344447937882,0.901697448708584,0.6028238182934316
2021-08-01,동작구,1544.0,983.0,700.0,건별집계|API_2017_2025,2021,8,3,여름,389942.6302516129,374208.7048451613,13219.354403225807,2514.571009677419,416776.0659,358958.5694580645,366799.48475161294,406473.44846129033,156716.24616451614,27435.88138064516,68375.49539354838,60904.86939032258,-39673.963709677424,0,11,0,60,8,76,115,0,0,90,0,0,0,13,869130.0,625104.0,244026.0,0.2808,86570.0,761982.0,601704.0,160278.0,0.2103,113381.0,395.9556817380352,252.0883647334771,0.9023946979566227,0.6366580310880829
2021-09-01,동작구,1640.0,997.0,720.0,건별집계|API_2017_2025,2021,9,3,가을,389968.7531133333,373603.44348333334,13300.278626666666,3065.0310099999997,417247.87511333334,358571.90332333336,366571.20812333334,406681.2852566667,159831.70009333332,30214.05129,67142.69776666666,62474.951036666665,-40110.07713333333,0,11,0,60,8,76,115,0,0,90,0,0,0,13,869130.0,625104.0,244026.0,0.2808,86570.0,761982.0,601704.0,160278.0,0.2103,113381.0,420.5465147930405,255.66150929796424,0.9013722081948794,0.6079268292682927
2021-10-01,동작구,1588.0,984.0,653.0,건별집계|API_2017_2025,2021,10,4,가을,391380.5550290323,375794.90803548385,13296.0767,2289.570293548387,419344.01392903225,358446.5482419355,367201.922,408651.00721935485,159126.64326774195,28993.148148387096,66979.65513225806,63153.83998709678,-41449.08521935484,0,11,0,60,8,76,115,0,0,90,0,0,0,13,869130.0,625104.0,244026.0,0.2808,86570.0,761982.0,601704.0,160278.0,0.2103,113381.0,405.74320302709043,251.4177026313961,0.8985709456550883,0.6196473551637279
2021-11-01,동작구,1601.0,964.0,714.0,건별집계|API_2017_2025,2021,11,4,가을,391207.55164,375536.1170166667,13318.756636666665,2352.6779833333335,419454.7539633333,357669.55803,366074.30357000005,409159.87167666666,166158.58300333333,31560.736373333333,68536.0443,66061.80233,-43085.56810666667,0,11,0,60,8,76,115,0,0,90,0,0,0,13,869130.0,625104.0,244026.0,0.2808,86570.0,761982.0,601704.0,160278.0,0.2103,113381.0,409.2456787422356,246.41651112274525,0.8946974738013546,0.6021236727045597
2021-12-01,동작구,1595.0,866.0,634.0,건별집계|API_2017_2025,2021,12,4,겨울,394658.6825516129,378304.0789645161,13509.163367741934,2845.4402387096775,421585.0011258065,362769.315016129,370435.8760580645,411960.68720322585,158469.78378064517,29410.17273870968,66245.4518,62814.159241935486,-41524.81114516129,0,11,0,60,8,76,115,0,0,90,0,0,0,13,869130.0,625104.0,244026.0,0.2808,86570.0,761982.0,601704.0,160278.0,0.2103,113381.0,404.1466894096288,219.4301147515602,0.8992020053489314,0.5429467084639499
2022-01-01,동작구,1575.0,925.0,785.0,건별집계|API_2017_2025|xlsx_2022_2024,2022,1,1,겨울,391617.41598064516,375751.6021935484,13385.195341935485,2480.618441935484,417660.5809483871,360121.64088064514,368173.22044838715,408363.2699225806,158253.12695806453,30855.023216129033,66062.29659032257,61335.8071516129,-40190.04947419355,1,16,15,279,50,99,212,0,0,134,0,0,0,12,812080.0,573772.0,238308.0,0.2935,95523.0,632676.0,489195.0,143481.0,0.2268,144601.0,402.1782320523358,236.19991406248286,0.9015826044251901,0.5873015873015873
2022-02-01,동작구,1603.0,842.0,,건별집계|xlsx_2022_2024,2022,2,1,겨울,395868.4483321429,378835.97118214285,13411.203182142857,3621.2739857142856,420573.9739964286,366295.06151785713,374071.69619642856,411437.5570107143,156171.09183214285,29335.19355,66033.90971071429,60801.98857142857,-37365.86081428571,1,16,15,279,50,99,212,0,0,134,0,0,0,12,812080.0,573772.0,238308.0,0.2935,95523.0,632676.0,489195.0,143481.0,0.2268,144601.0,404.93249885250907,212.69692079464295,0.9091821828669066,0.5252651278852152
2022-03-01,동작구,2045.0,907.0,,건별집계|xlsx_2022_2024,2022,3,1,봄,404818.1586096774,386935.5389322581,13685.3729,4197.246783870967,426635.85844838707,376859.38642258063,384627.3611064516,419240.1568290323,157211.65530322582,32059.25584516129,64044.74999032258,61107.64946774193,-34612.79572258065,1,16,15,279,50,99,212,0,0,134,0,0,0,12,812080.0,573772.0,238308.0,0.2935,95523.0,632676.0,489195.0,143481.0,0.2268,144601.0,505.1650862262267,224.0512142822433,0.9174392167382575,0.443520782396088
2022-04-01,동작구,1827.0,1074.0,,건별집계|xlsx_2022_2024,2022,4,2,봄,397872.1080933333,381703.7132733333,13800.524303333334,2367.870516666667,424012.1889433333,364682.00611,373763.29563,415092.68841,164431.16723333334,30947.845726666666,66959.64803333333,66523.67347333333,-41329.392779999995,1,16,15,279,50,99,212,0,0,134,0,0,0,12,812080.0,573772.0,238308.0,0.2935,95523.0,632676.0,489195.0,143481.0,0.2268,144601.0,459.19278150842894,269.93598650249186,0.9004333395071087,0.5878489326765188
2022-05-01,동작구,1780.0,1045.0,,건별집계|xlsx_2022_2024,2022,5,2,봄,400989.05516451615,384330.54442903225,14204.530329032259,2453.980412903226,429946.4338,365688.2603677419,375238.2317483871,419382.5004516129,166010.96087096774,32615.574709677418,67076.47217741936,66318.91398387097,-44144.2687032258,1,16,15,279,50,99,212,0,0,134,0,0,0,12,812080.0,573772.0,238308.0,0.2935,95523.0,632676.0,489195.0,143481.0,0.2268,144601.0,443.90239012127375,260.6056166723208,0.8947398409430795,0.5870786516853933
2022-06-01,동작구,1747.0,999.0,,건별집계|xlsx_2022_2024,2022,6,2,여름,404623.68584000005,387343.7214766667,14622.08356,2657.8808266666665,433402.42784,369349.8419,378907.76724,422992.1991233333,163098.1483,31657.950946666664,66872.06048333333,64568.13687,-44084.43188333333,1,16,15,279,50,99,212,0,0,134,0,0,0,12,812080.0,573772.0,238308.0,0.2935,95523.0,632676.0,489195.0,143481.0,0.2268,144601.0,431.7592027202319,246.8960752819185,0.8957795628980868,0.5718374356038924
2022-07-01,동작구,1938.0,1216.0,,건별집계|xlsx_2022_2024,2022,7,3,여름,389742.14781935484,373353.5218419355,13942.321435483871,2446.3045677419354,419282.125883871,354543.6591483871,363467.9268870968,408509.4485064516,154583.13336774192,30242.97850967742,64402.31088387097,59937.84397419355,-45041.52161935484,1,16,15,279,50,99,212,0,0,134,0,0,0,12,812080.0,573772.0,238308.0,0.2935,95523.0,632676.0,489195.0,143481.0,0.2268,144601.0,497.2518396697145,312.00115430256596,0.8897417874077801,0.6274509803921569
2022-08-01,동작구,2258.0,1237.0,,건별집계|xlsx_2022_2024,2022,8,3,여름,385610.8677193548,368371.01565161295,14034.677567741935,3205.174496774194,414188.8609419355,350564.38094193547,359640.6809580645,404161.00112258067,153512.43819032257,29431.215193548385,65268.52227741936,58812.70071935484,-44520.320164516124,1,16,15,279,50,99,212,0,0,134,0,0,0,12,812080.0,573772.0,238308.0,0.2935,95523.0,632676.0,489195.0,143481.0,0.2268,144601.0,585.5644093629016,320.78971407524773,0.8898450863867162,0.5478299379982285
2022-09-01,동작구,1996.0,1182.0,,건별집계|xlsx_2022_2024,2022,9,3,가을,393924.70920333336,374467.65027,14912.610203333334,4544.448740000001,420353.5488833334,362668.3043166667,370879.36771333334,410385.6674033333,164569.01238333335,36238.821110000004,64625.35298333333,63704.83829,-39506.29969000001,1,16,15,279,50,99,212,0,0,134,0,0,0,12,812080.0,573772.0,238308.0,0.2935,95523.0,632676.0,489195.0,143481.0,0.2268,144601.0,506.69581099308965,300.05733897486573,0.9037337245718853,0.5921843687374749
2022-10-01,동작구,1700.0,1030.0,,건별집계|xlsx_2022_2024,2022,10,4,가을,394193.88122903224,377227.6956516129,14836.313703225807,2129.8718709677423,421521.9394483871,360732.4446064516,369955.2981,411507.15489999996,161094.7745225806,32085.468383870968,65732.51650967741,63276.78962903226,-41551.85680000001,1,16,15,279,50,99,212,0,0,134,0,0,0,12,812080.0,573772.0,238308.0,0.2935,95523.0,632676.0,489195.0,143481.0,0.2268,144601.0,431.2598649932559,261.292741731208,0.8990251899505917,0.6058823529411764
2022-11-01,동작구,1789.0,1080.0,,건별집계|xlsx_2022_2024,2022,11,4,가을,397918.81971666665,380051.4525033334,15690.688443333334,2176.6787666666664,424601.58506,364986.1056633333,373534.64963666664,415336.08406,168366.99684666668,33421.149373333334,66713.24293666666,68232.60453666667,-41801.43442333333,1,16,15,279,50,99,212,0,0,134,0,0,0,12,812080.0,573772.0,238308.0,0.2935,95523.0,632676.0,489195.0,143481.0,0.2268,144601.0,449.58919039663317,271.41214400691103,0.8993551583221103,0.6036892118501956
2022-12-01,동작구,1928.0,1162.0,,건별집계|xlsx_2022_2024,2022,12,4,겨울,402928.23509032256,383925.1347806452,16569.973751612903,2433.12655483871,430623.60545483866,369947.95665806456,378832.5438709677,420139.44310645165,161947.71901612903,32159.973780645163,65029.79749354839,64757.94774193548,-41306.89923548388,1,16,15,279,50,99,212,0,0,134,0,0,0,12,812080.0,573772.0,238308.0,0.2935,95523.0,632676.0,489195.0,143481.0,0.2268,144601.0,478.4971198575372,288.38882431247833,0.9016828819258992,0.6026970954356846
2023-01-01,동작구,1702.0,,,xlsx_2022_2024,2023,1,1,겨울,392772.87442258064,375940.61562580644,14564.266477419354,2267.992329032258,421117.26362903224,359609.6203193549,368865.6253612903,409849.4809032258,155317.1390129032,32290.825796774196,62554.28905483871,60472.02416129033,-40983.85554193548,0,8,5,245,11,49,223,0,0,78,0,0,0,36,779487.0,564113.0,215374.0,0.2763,103784.0,631490.0,488837.0,142653.0,0.2259,180211.0,433.32931341099544,,0.9000026657308061,
2023-02-01,동작구,1522.0,,,xlsx_2022_2024,2023,2,1,겨울,391629.6126464286,374881.00925714284,14231.874132142857,2516.7292714285713,421384.61636428576,355549.25905,364896.2574571428,410724.8663642857,152285.9513357143,32690.195985714287,59488.26738928571,60107.48796071429,-45828.608907142865,0,8,5,245,11,49,223,0,0,78,0,0,0,36,779487.0,564113.0,215374.0,0.2763,103784.0,631490.0,488837.0,142653.0,0.2259,180211.0,388.63251165179213,,0.8884201745250653,
2023-03-01,동작구,1678.0,,,xlsx_2022_2024,2023,3,1,봄,400399.91616774193,381400.0905741936,15743.38579032258,3256.4398032258064,428082.2491451613,368281.8750419355,376179.0388322581,417700.54283225804,156275.99224193548,37421.5993516129,56129.794093548386,62724.5987967742,-41521.50399999999,0,8,5,245,11,49,223,0,0,78,0,0,0,36,779487.0,564113.0,215374.0,0.2763,103784.0,631490.0,488837.0,142653.0,0.2259,180211.0,419.0810068244433,,0.9005950441949166,
2023-04-01,동작구,1797.0,,,xlsx_2022_2024,2023,4,2,봄,394572.9832633333,377188.24393666664,15432.848813333334,1951.8905200000002,421560.27496333333,362411.2123233333,370364.9912433333,411864.4061166666,159249.83695,33680.29714,60329.01213333334,65240.527676666665,-41499.414873333335,0,8,5,245,11,49,223,0,0,78,0,0,0,36,779487.0,564113.0,215374.0,0.2763,103784.0,631490.0,488837.0,142653.0,0.2259,180211.0,455.4290527288087,,0.8992401036432899,
2023-05-01,동작구,1918.0,,,xlsx_2022_2024,2023,5,2,봄,392331.0569612903,375171.50946451613,15396.940587096775,1762.6069193548387,421176.22727096773,358967.211532258,367473.9810548387,410086.1112,157452.4118483871,32783.72796129032,60554.350877419354,64114.33300967742,-42612.13014516129,0,8,5,245,11,49,223,0,0,78,0,0,0,36,779487.0,564113.0,215374.0,0.2763,103784.0,631490.0,488837.0,142653.0,0.2259,180211.0,488.87284500376455,,0.8960897992363871,
2023-06-01,동작구,1821.0,,,xlsx_2022_2024,2023,6,2,여름,389342.92839666666,372476.4946533333,14789.196213333335,2077.23753,419344.7097933333,354423.7098333333,362963.6952233333,408185.23781,152809.27377666667,31180.474136666668,60867.590253333336,60761.20938666667,-45221.54258666667,0,8,5,245,11,49,223,0,0,78,0,0,0,36,779487.0,564113.0,215374.0,0.2763,103784.0,631490.0,488837.0,142653.0,0.2259,180211.0,467.7110760683307,,0.8892131846088069,
2023-07-01,동작구,1945.0,,,xlsx_2022_2024,2023,7,3,여름,381568.1107,366882.03562903224,12755.789474193549,1930.285606451613,412289.74332580646,345091.9871322581,354122.1407032258,401172.3749870968,142668.8697419355,30292.40620967742,56948.5723516129,55427.891180645165,-47050.234283870974,0,8,5,245,11,49,223,0,0,78,0,0,0,36,779487.0,564113.0,215374.0,0.2763,103784.0,631490.0,488837.0,142653.0,0.2259,180211.0,509.73861427566095,,0.8827181600293781,
2023-08-01,동작구,1907.0,,,xlsx_2022_2024,2023,8,3,여름,376181.4222354838,361767.6505322581,12654.521948387097,1759.2497677419356,406569.8363419355,339513.74620000005,348725.52592580643,395792.77674193546,139052.75310645162,29228.078232258064,55659.66415483871,54165.01071935483,-47067.25081612904,0,8,5,245,11,49,223,0,0,78,0,0,0,36,779487.0,564113.0,215374.0,0.2763,103784.0,631490.0,488837.0,142653.0,0.2259,180211.0,506.9362513086165,,0.8810810768110157,
2023-09-01,동작구,1897.0,,,xlsx_2022_2024,2023,9,3,가을,383770.39415999997,367339.05333666666,14128.182186666667,2303.1586333333335,410586.2788266667,353534.7386066666,361117.9445633333,399950.71531,150467.75458666668,35994.87782,55328.81907,59144.05769666667,-38832.770746666676,0,8,5,245,11,49,223,0,0,78,0,0,0,36,779487.0,564113.0,215374.0,0.2763,103784.0,631490.0,488837.0,142653.0,0.2259,180211.0,494.3059779668962,,0.9029061100276627,
2023-10-01,동작구,1780.0,,,xlsx_2022_2024,2023,10,4,가을,381989.6200387097,366319.8568032258,14148.103461290322,1521.6597870967742,409815.9502064516,348843.6317580645,357746.9881870968,399305.7856483871,147121.53241935483,31016.217393548384,56021.3038483871,60084.01117741936,-41558.79746129033,0,8,5,245,11,49,223,0,0,78,0,0,0,36,779487.0,564113.0,215374.0,0.2763,103784.0,631490.0,488837.0,142653.0,0.2259,180211.0,465.9812483437691,,0.8959223758959372,
2023-11-01,동작구,1592.0,,,xlsx_2022_2024,2023,11,4,가을,385649.6656666667,369499.01731333334,14515.528983333334,1635.1193600000001,414611.19268000004,351697.41125666664,359877.8751266666,404058.08747666667,153220.91213333333,34135.772436666666,56502.02196333333,62583.11773333333,-44180.21235,0,8,5,245,11,49,223,0,0,78,0,0,0,36,779487.0,564113.0,215374.0,0.2763,103784.0,631490.0,488837.0,142653.0,0.2259,180211.0,412.8099002103201,,0.8906587599176533,
2023-12-01,동작구,1798.0,,,xlsx_2022_2024,2023,12,4,겨울,390909.91774838715,373390.6627193548,15716.815925806452,1802.4391064516128,419611.60921290325,357956.0424612903,366547.3646322581,408311.74140967743,148293.1505548387,34627.94503225807,54502.44397419355,59162.7615483871,-41764.37677741935,0,8,5,245,11,49,223,0,0,78,0,0,0,36,779487.0,564113.0,215374.0,0.2763,103784.0,631490.0,488837.0,142653.0,0.2259,180211.0,459.95251549419623,,0.8977144849344039,
2024-01-01,동작구,1635.0,,,xlsx_2022_2024,2024,1,1,겨울,377654.5961354839,363820.27871290327,12450.46669032258,1383.8507290322582,410395.4983387097,341023.3077419355,351610.2857935484,396257.6749516129,137859.14116774194,32150.374177419355,52000.685683870965,53708.08130645162,-44647.389158064514,0,30,0,79,13,37,270,4,110,65,115,19,0,55,754150.0,544026.0,210124.0,0.2786,92802.0,529405.0,406737.0,122668.0,0.2317,124230.0,432.93528444532484,,0.8873273832146812,
2024-02-01,동작구,1455.0,,,xlsx_2022_2024,2024,2,1,겨울,376802.99628275866,362727.7277724138,12325.562306896552,1749.7062034482758,407697.70879310346,341288.3076586207,351073.5968137931,395181.13873793103,140985.6295413793,32210.335793103448,53265.845003448274,55509.44874482758,-44107.54192413793,0,30,0,79,13,37,270,4,110,65,115,19,0,55,754150.0,544026.0,210124.0,0.2786,92802.0,529405.0,406737.0,122668.0,0.2317,124230.0,386.1434262343673,,0.8883865205080338,
2024-03-01,동작구,1546.0,,,xlsx_2022_2024,2024,3,1,봄,394915.02749999997,378245.54757419357,14619.516741935486,2049.9631903225804,424679.6702322581,362474.9886483871,370599.0650516129,412283.57211935485,151478.71938387098,37963.84456129032,53281.11813225807,60233.75669032258,-41684.507067741935,0,30,0,79,13,37,270,4,110,65,115,19,0,55,754150.0,544026.0,210124.0,0.2786,92802.0,529405.0,406737.0,122668.0,0.2317,124230.0,391.4766196128103,,0.8988936016696916,
2024-04-01,동작구,1618.0,,,xlsx_2022_2024,2024,4,2,봄,389863.7539866667,373782.85011,14496.607406666668,1584.29648,420013.8736733334,356027.74692,364167.17485,408218.4533733333,159151.56455666668,33222.38703666667,60843.13903666667,65086.03848333333,-44051.27852333334,0,30,0,79,13,37,270,4,110,65,115,19,0,55,754150.0,544026.0,210124.0,0.2786,92802.0,529405.0,406737.0,122668.0,0.2317,124230.0,415.0167804661665,,0.8920889583522905,
2024-05-01,동작구,1675.0,,,xlsx_2022_2024,2024,5,2,봄,388014.14762580645,371890.20265806455,14453.688199999999,1670.2567774193546,416850.18017741933,354237.03599032253,363016.3327322581,405869.72969999997,157019.4894483871,32264.582041935486,61256.97971612903,63497.92769032258,-42853.39696774194,0,30,0,79,13,37,270,4,110,65,115,19,0,55,754150.0,544026.0,210124.0,0.2786,92802.0,529405.0,406737.0,122668.0,0.2317,124230.0,431.68529040733284,,0.8944158831469962,
2024-06-01,동작구,1677.0,,,xlsx_2022_2024,2024,6,2,여름,385564.91254,369963.68231666664,13983.284723333334,1617.9454966666667,414806.75806333334,351579.0098966667,360384.22583333333,403551.11732666666,154932.50416333333,31895.36684,62145.37099666667,60891.76632666667,-43166.891493333336,0,30,0,79,13,37,270,4,110,65,115,19,0,55,754150.0,544026.0,210124.0,0.2786,92802.0,529405.0,406737.0,122668.0,0.2317,124230.0,434.9462166960074,,0.8930324074449518,
2024-07-01,동작구,1825.0,,,xlsx_2022_2024,2024,7,3,여름,376860.0450903226,362770.9298903226,12466.570535483872,1622.5446516129032,408272.05197096773,339261.4362,348630.6096129032,397023.927583871,146481.48697096773,30615.881145161293,58414.790519354836,57450.815306451615,-48393.31797096774,0,30,0,79,13,37,270,4,110,65,115,19,0,55,754150.0,544026.0,210124.0,0.2786,92802.0,529405.0,406737.0,122668.0,0.2317,124230.0,484.26465574576883,,0.8781098200668404,
2024-08-01,동작구,1983.0,,,xlsx_2022_2024,2024,8,3,여름,374781.7600451613,360985.6321354839,12347.027138709676,1449.100777419355,406559.5780322581,338598.2540935484,347811.87817741936,394045.9613967742,146450.68043870968,31384.749112903228,57913.75414516129,57152.17718064516,-46234.08321935484,0,30,0,79,13,37,270,4,110,65,115,19,0,55,754150.0,544026.0,210124.0,0.2786,92802.0,529405.0,406737.0,122668.0,0.2317,124230.0,529.1079266400393,,0.8826682982475725,
2024-09-01,동작구,1592.0,,,xlsx_2022_2024,2024,9,3,가을,379824.11713666667,364027.02864000003,13664.668673333334,2132.4198433333336,407467.63007666665,349890.71519,357596.7599266667,395700.80085666664,154535.86080666666,36426.47175333333,57323.91107666667,60785.47797666666,-38104.04093,0,30,0,79,13,37,270,4,110,65,115,19,0,55,754150.0,544026.0,210124.0,0.2786,92802.0,529405.0,406737.0,122668.0,0.2317,124230.0,419.1413678524193,,0.9037049183435889,
2024-10-01,동작구,1569.0,,,xlsx_2022_2024,2024,10,4,가을,385277.94190967747,370036.9774322581,13690.060029032256,1550.9044451612904,413498.8515064516,351493.96535483876,360529.04263225803,402955.7271032258,155360.05341290322,32793.66633870968,59396.72837741936,63169.65869677419,-42426.684470967746,0,30,0,79,13,37,270,4,110,65,115,19,0,55,754150.0,544026.0,210124.0,0.2786,92802.0,529405.0,406737.0,122668.0,0.2317,124230.0,407.2384710692387,,0.8947113004796696,
2024-11-01,동작구,1458.0,,,xlsx_2022_2024,2024,11,4,가을,384291.6240266666,369181.07199333335,13595.008996666667,1515.54303,413243.39008333336,350186.1390133333,359087.81003,402294.34830333333,161939.56437333336,35370.00454,61100.77237333333,65468.78746,-43206.53827333334,0,30,0,79,13,37,270,4,110,65,115,19,0,55,754150.0,544026.0,210124.0,0.2786,92802.0,529405.0,406737.0,122668.0,0.2317,124230.0,379.39936986470127,,0.8925996886221348,
2024-12-01,동작구,1652.0,,,xlsx_2022_2024,2024,12,4,겨울,384614.98053548386,369209.7927,13549.485570967741,1855.7022612903227,411639.70057096775,352204.8486129032,361376.5486483871,401213.8604483871,155567.9992967742,35087.688390322575,58550.321954838706,61929.988951612904,-39837.3118,0,30,0,79,13,37,270,4,110,65,115,19,0,55,754150.0,544026.0,210124.0,0.2786,92802.0,529405.0,406737.0,122668.0,0.2317,124230.0,429.52045125751135,,0.9007080369669214,
2018-04-01,마포구,2220.0,1386.0,1394.0,API_2017_2025,2018,4,2,봄,515256.59599615383,476705.4302346154,22176.32784230769,16374.83791923077,555929.976,472556.87102692307,535386.4043961539,500878.1614269231,306920.67378461536,74626.23067692308,87546.68426153847,144747.75884615385,34508.24296923078,0,48,2,135,0,142,297,0,0,184,0,0,0,12,,,,,,,,,,,430.8532908167897,268.99218967210385,1.0688954832267437,0.6243243243243243
2018-05-01,마포구,2465.0,1590.0,1595.0,API_2017_2025,2018,5,2,봄,515530.691883871,476555.51451290323,21770.150667741935,17205.02671935484,562354.9746129032,469965.7774451613,536120.9336419355,499577.9299903226,301551.6159645162,76075.45745483872,83329.36575806452,142146.7927516129,36543.0036516129,0,48,2,135,0,142,297,0,0,184,0,0,0,12,,,,,,,,,,,478.1480596222715,308.42004657176943,1.073147754249914,0.6450304259634888
2018-06-01,마포구,2716.0,1561.0,1570.0,API_2017_2025,2018,6,2,여름,509126.5617266667,472519.91954333335,21193.671433333333,15412.97076,551483.1974599999,467499.2692833334,528479.4713566668,495303.05486,282495.39116666664,70565.52666,79688.48535666666,132241.37915,33176.41649666668,0,48,2,135,0,142,297,0,0,184,0,0,0,12,,,,,,,,,,,533.4626405640433,306.6035279530455,1.0669820550693843,0.5747422680412371
2018-07-01,마포구,2777.0,1576.0,1584.0,API_2017_2025,2018,7,3,여름,508272.53102258063,472118.3937516129,19996.760929032258,16157.37635483871,551238.046916129,466038.41558709677,529993.1190193548,492757.82532580645,287667.0114193548,74221.31727096775,79416.42925483872,134029.2648935484,37235.29369354839,0,48,2,135,0,142,297,0,0,184,0,0,0,12,,,,,,,,,,,546.3604327412745,310.06987468500125,1.0755650986748486,0.5675189052934821
2018-08-01,마포구,2596.0,1555.0,1565.0,API_2017_2025,2018,8,3,여름,510982.4899967742,473124.4607032258,20914.392561290322,16943.636722580646,553716.457816129,470985.3438935484,532029.1240903225,494769.4209096774,297305.84965483873,75167.05357741936,82782.69810000001,139356.09797741935,37259.70318064517,0,48,2,135,0,142,297,0,0,184,0,0,0,12,,,,,,,,,,,508.04089197193207,304.3157114854986,1.075307206965499,0.5989984591679507
2018-09-01,마포구,2359.0,1499.0,1513.0,API_2017_2025,2018,9,3,가을,509572.0474433333,470568.0700033333,22125.571896666668,16878.40557,551644.36627,470424.57857,528505.8173033333,496047.92613,285014.3499866667,73379.95861333334,78327.71907,133306.67230333333,32457.891173333333,0,48,2,135,0,142,297,0,0,184,0,0,0,12,,,,,,,,,,,462.9374809383223,294.16841200786143,1.0654329742421442,0.63543874523103
2018-10-01,마포구,2306.0,1446.0,1462.0,API_2017_2025,2018,10,4,가을,527087.0134870968,484980.21338387096,22470.102422580643,19636.69769032258,570164.8612129032,484561.3347354839,550697.0315612903,509040.7079129032,306760.178816129,76574.93831612903,87164.65722258064,143020.58327741935,41656.32364838709,0,48,2,135,0,142,297,0,0,184,0,0,0,12,,,,,,,,,,,437.4989216190301,274.3380054905106,1.0818329909589754,0.627059843885516
2018-11-01,마포구,2152.0,1349.0,1362.0,API_2017_2025,2018,11,4,가을,515546.3666133333,474389.914,21962.749073333332,19193.703540000002,565433.3075566667,468637.9851466667,534874.9444033334,501740.2396166667,309819.4597333333,76465.73023,91032.37840999999,142321.35109333333,33134.70478666666,0,48,2,135,0,142,297,0,0,184,0,0,0,12,,,,,,,,,,,417.4212329604156,261.66414649795564,1.0660395602552863,0.6268587360594795
2018-12-01,마포구,2421.0,1560.0,1578.0,API_2017_2025,2018,12,4,겨울,517916.26689677424,475690.56645806454,22717.461638709676,19508.238806451616,557980.9823129033,481130.8747677419,536647.8991354839,504536.52957741934,287416.0579870968,73354.88111290323,83532.4514483871,130528.72542580645,32111.36955806451,0,48,2,135,0,142,297,0,0,184,0,0,0,12,,,,,,,,,,,467.450079238876,301.2069903397962,1.0636452817102457,0.644361833952912
2019-01-01,마포구,2053.0,1261.0,1270.0,API_2017_2025,2019,1,1,겨울,517903.18922580645,476778.50573870965,21826.57932580645,19298.104158064514,557426.5109096774,478412.1782,540743.0041709677,501589.03570967744,308417.8718129032,77590.60078709677,90937.35665806451,139889.91436774193,39153.96846129033,0,74,5,194,3,242,246,0,0,203,0,0,0,18,748423.0,488717.0,259706.0,0.347,,151942.0,103781.0,48161.0,0.317,,396.40613201647795,243.48179857417375,1.0780598571216633,0.6142230881636629
2019-02-01,마포구,1919.0,1183.0,1191.0,API_2017_2025,2019,2,1,겨울,496943.64326071425,459143.27204999997,21340.565392857145,16459.805803571428,536356.2026321428,458397.72372857144,518633.04886428575,481451.21067500004,292322.96492500004,75379.28621428572,86156.26681785715,130787.41189285714,37181.838189285714,0,74,5,194,3,242,246,0,0,203,0,0,0,18,748423.0,488717.0,259706.0,0.347,,151942.0,103781.0,48161.0,0.317,,386.1604884224718,238.05516300353523,1.0772286731549732,0.6164669098488796
2019-03-01,마포구,2115.0,1322.0,1328.0,API_2017_2025,2019,3,1,봄,517832.2598580645,476679.59177096776,24011.68690967742,17140.981187096775,557363.1795096775,479794.8960290323,538995.7062096774,502715.5124709678,277746.1787516129,71482.47396129032,79851.19345806452,126412.51133225806,36280.19373870967,0,74,5,194,3,242,246,0,0,203,0,0,0,18,748423.0,488717.0,259706.0,0.347,,151942.0,103781.0,48161.0,0.317,,408.4334183003029,255.2950255286054,1.07216843888581,0.6250591016548463
2019-04-01,마포구,2237.0,1357.0,1374.0,API_2017_2025,2019,4,2,봄,510536.6854633333,468264.6008266667,23790.24269333333,18481.841963333332,544356.93434,474411.0374433333,531575.1546566667,495509.2074733333,306777.77816333337,72644.76760333333,91680.71354,142452.29702,36065.94718333333,0,74,5,194,3,242,246,0,0,203,0,0,0,18,748423.0,488717.0,259706.0,0.347,,151942.0,103781.0,48161.0,0.317,,438.16635781419495,265.79872487879413,1.0727856246450767,0.6066160035762181
2019-05-01,마포구,2488.0,1482.0,1491.0,API_2017_2025,2019,5,2,봄,502578.1694612903,460622.8842322581,23692.441203225804,18262.84402580645,540633.5592516129,464712.19229032256,523475.648,487651.39910645166,284970.77477419353,70212.05530967742,83834.54319032257,130924.17627419354,35824.24889354838,0,74,5,194,3,242,246,0,0,203,0,0,0,18,748423.0,488717.0,259706.0,0.347,,151942.0,103781.0,48161.0,0.317,,495.04736798792277,294.87950134971925,1.0734628239746484,0.5956591639871383
2019-06-01,마포구,2300.0,1448.0,1459.0,API_2017_2025,2019,6,2,여름,502247.95926,461004.11756333336,24604.788826666667,16639.05287666667,540216.11352,465901.29275,520530.8527766667,489188.7496,274103.22519666667,66426.82819333333,82719.96625333333,124956.43075,31342.10317666667,0,74,5,194,3,242,246,0,0,203,0,0,0,18,748423.0,488717.0,259706.0,0.347,,151942.0,103781.0,48161.0,0.317,,457.9411339746934,288.3038095631983,1.0640695502549773,0.6295652173913043
2019-07-01,마포구,2492.0,1500.0,1518.0,API_2017_2025,2019,7,3,여름,493460.7614516129,454977.70532903227,22166.661632258067,16316.394493548387,534044.4681645161,454753.9844419355,515519.2525580645,477704.69638387096,265135.532783871,67743.13397419355,76881.31550645162,120511.08330322581,37814.556174193545,0,74,5,194,3,242,246,0,0,203,0,0,0,18,748423.0,488717.0,259706.0,0.347,,151942.0,103781.0,48161.0,0.317,,505.0046923020356,303.9755370999412,1.0791588537028045,0.6019261637239165
2019-08-01,마포구,2588.0,1585.0,1594.0,API_2017_2025,2019,8,3,여름,509402.0745451613,470182.5909225807,22982.583712903226,16236.899912903225,550105.031516129,470958.4082064516,530283.8284387097,494486.5360451613,277665.54489677417,71338.4965483871,80705.73287096774,125621.31547741935,35797.292393548385,0,74,5,194,3,242,246,0,0,203,0,0,0,18,748423.0,488717.0,259706.0,0.347,,151942.0,103781.0,48161.0,0.317,,508.04661569366255,311.14910582475085,1.0723928555868285,0.6124420401854714
2019-09-01,마포구,2282.0,1403.0,1410.0,API_2017_2025,2019,9,3,가을,512458.7822933334,470138.10817333334,25197.653113333334,17123.02099,551160.6514399999,475139.89709,532770.8980466666,497950.12817333336,288164.91589666664,73588.69574666666,83398.97627666667,131177.24387333333,34820.76987333334,0,74,5,194,3,242,246,0,0,203,0,0,0,18,748423.0,488717.0,259706.0,0.347,,151942.0,103781.0,48161.0,0.317,,445.3041061737087,273.7781161094274,1.069928227553769,0.6148115687992989
2019-10-01,마포구,2385.0,1493.0,1512.0,API_2017_2025,2019,10,4,가을,526124.4036241935,480225.6143467742,24877.926224193547,21020.863062903223,565830.0529854839,485822.2126354839,553572.6523854838,506518.511666129,310201.0525741935,77716.61947903226,86986.51424032258,145497.91885483873,47054.140719354844,0,74,5,194,3,242,246,0,0,203,0,0,0,18,748423.0,488717.0,259706.0,0.347,,151942.0,103781.0,48161.0,0.317,,453.3148402870106,283.77318932851443,1.0928971787518214,0.6259958071278826
2019-11-01,마포구,2176.0,1352.0,1359.0,API_2017_2025,2019,11,4,가을,524695.57813,478519.3203166667,24391.72008,21784.537733333334,564945.8418966667,483845.4628433333,549112.8081,507254.69958,302135.6908466667,77348.46972333334,84941.22658,139845.99454333333,41858.108519999994,0,74,5,194,3,242,246,0,0,203,0,0,0,18,748423.0,488717.0,259706.0,0.347,,151942.0,103781.0,48161.0,0.317,,414.71666442381724,257.67322164568054,1.0825189171330654,0.6213235294117647
2019-12-01,마포구,2306.0,1480.0,1485.0,API_2017_2025,2019,12,4,겨울,524006.2726354839,478766.5673096774,24012.485470967742,21227.219848387096,566585.0853032258,483284.7200806452,546519.9731935484,507925.0579387097,311322.63736774196,80081.53285806451,88270.42309032257,142970.68141935483,38594.915254838714,0,74,5,194,3,242,246,0,0,203,0,0,0,18,748423.0,488717.0,259706.0,0.347,,151942.0,103781.0,48161.0,0.317,,440.07106792863334,282.43936710077077,1.075985452285947,0.6418039895923677
2020-01-01,마포구,2060.0,1294.0,1299.0,API_2017_2025,2020,1,1,겨울,503148.6319580645,462674.6074419355,21042.60230967742,19431.42221612903,543223.7487258064,464738.25016774196,525088.774883871,487477.1012935484,296953.469032258,76717.2280967742,85631.85817741936,134604.38275806452,37611.67359032258,0,60,1,166,2,264,194,0,0,153,0,0,0,17,750864.0,494308.0,256556.0,0.3417,,163442.0,121675.0,41767.0,0.2555,,409.42176310472274,257.1804667269472,1.0771557750928562,0.6281553398058253
2020-02-01,마포구,1800.0,1113.0,1122.0,API_2017_2025,2020,2,1,겨울,508320.3476965517,469171.53390000004,21694.183255172415,17454.630531034483,543712.8986655172,474117.1563689655,530630.9909137931,492384.17396551726,285792.61708275863,69297.27965517242,85964.40761034483,130530.92981724137,38246.81694827586,0,60,1,166,2,264,194,0,0,153,0,0,0,17,750864.0,494308.0,256556.0,0.3417,,163442.0,121675.0,41767.0,0.2555,,354.1074065117954,218.95641302646013,1.0776767795769049,0.6183333333333333
2020-03-01,마포구,1648.0,967.0,971.0,API_2017_2025,2020,3,1,봄,486044.69413225807,458647.0347096774,20784.330583870968,6613.328835483871,517371.82017741934,456521.3261451613,506116.5119032258,471707.6814483871,263766.6509419355,59623.40332258065,84796.49911612904,119346.74850322581,34408.83045483871,0,60,1,166,2,264,194,0,0,153,0,0,0,17,750864.0,494308.0,256556.0,0.3417,,163442.0,121675.0,41767.0,0.2555,,339.06346883226365,198.95289706359156,1.072945240894076,0.5867718446601942
2020-04-01,마포구,1720.0,1023.0,1025.0,API_2017_2025,2020,4,2,봄,483431.96081,458954.90602,21067.782133333334,3409.2726466666663,517679.10817,452847.8681866667,502981.56725666666,469467.95620666665,278727.59762333333,64128.45260333333,88765.45584,125833.68918,33513.61105,0,60,1,166,2,264,194,0,0,153,0,0,0,17,750864.0,494308.0,256556.0,0.3417,,163442.0,121675.0,41767.0,0.2555,,355.78946768809107,211.61199153774254,1.0713863653672815,0.5947674418604652
2020-05-01,마포구,1898.0,1106.0,1122.0,API_2017_2025,2020,5,2,봄,477526.67433548387,452945.78367419355,21239.575593548387,3341.315070967742,510304.7602967742,448323.55803225806,496434.1594741936,464021.32782580645,274365.5756096774,63186.5987483871,87475.08061290321,123703.8962483871,32412.8316483871,0,60,1,166,2,264,194,0,0,153,0,0,0,17,750864.0,494308.0,256556.0,0.3417,,163442.0,121675.0,41767.0,0.2555,,397.4647076294151,231.61009833410594,1.0698520298630647,0.5827186512118019
2020-06-01,마포구,1930.0,1099.0,1110.0,API_2017_2025,2020,6,2,여름,488947.07494333334,458107.75619,21395.104633333332,9444.214123333333,523290.5405666667,457118.47592,509564.73199666664,474220.1770466667,284198.40727333335,66579.54828333334,87666.76230333332,129952.09668666666,35344.55495,0,60,1,166,2,264,194,0,0,153,0,0,0,17,750864.0,494308.0,256556.0,0.3417,,163442.0,121675.0,41767.0,0.2555,,394.7257482261608,224.76870326453408,1.0745319508969813,0.5694300518134715
2020-07-01,마포구,2136.0,1271.0,1278.0,API_2017_2025,2020,7,3,여름,488308.1176,459522.9228258064,21311.652122580646,7473.542670967742,526126.9291354838,454395.962832258,509842.1417774193,472926.6717741935,286437.49033548386,68685.42516129033,86417.23791612903,131334.82725806453,36915.47000322581,0,60,1,166,2,264,194,0,0,153,0,0,0,17,750864.0,494308.0,256556.0,0.3417,,163442.0,121675.0,41767.0,0.2555,,437.42873055199027,260.28647777695676,1.078057492221229,0.5950374531835206
2020-08-01,마포구,2225.0,1213.0,1227.0,API_2017_2025,2020,8,3,여름,476517.4833354839,448162.2133387097,21001.43757419355,7353.832403225806,507018.83818387095,448525.7143774194,494994.89438709675,463319.332583871,266795.64152903226,61708.066687096776,85507.2218967742,119580.3529451613,31675.561803225806,0,60,1,166,2,264,194,0,0,153,0,0,0,17,750864.0,494308.0,256556.0,0.3417,,163442.0,121675.0,41767.0,0.2555,,466.92935260751545,254.55519312940055,1.0683665877410626,0.5451685393258427
2020-09-01,마포구,1797.0,1026.0,1041.0,API_2017_2025,2020,9,3,가을,475710.40766333335,447718.3771733333,20766.04795666667,7225.982536666666,505318.70399666665,448617.8686066667,495010.8154733333,461924.40208333335,262993.33464333334,59134.76663333333,84197.22939666666,119661.33861333334,33086.41339000001,0,60,1,166,2,264,194,0,0,153,0,0,0,17,750864.0,494308.0,256556.0,0.3417,,163442.0,121675.0,41767.0,0.2555,,377.75082719480065,215.67743389085447,1.0716273339117317,0.5709515859766278
2020-10-01,마포구,1985.0,1101.0,1107.0,API_2017_2025,2020,10,4,가을,473218.43381935486,447532.6599419355,20516.173335483873,5169.600548387097,506668.2112193549,442674.56922580645,491551.47663548385,460123.4032516129,276969.25297419354,66453.34455806452,85055.95958064515,125459.94883548387,31428.073383870968,0,60,1,166,2,264,194,0,0,153,0,0,0,17,750864.0,494308.0,256556.0,0.3417,,163442.0,121675.0,41767.0,0.2555,,419.4680211375174,232.66211147224513,1.0683035750013457,0.5546599496221662
2020-11-01,마포구,1784.0,1037.0,1059.0,API_2017_2025,2020,11,4,가을,474791.51461666665,448336.12551,20146.6127,6308.77642,506497.33238,445400.74897,494295.02321333333,460860.4370433333,274732.23668,65407.564803333335,84554.93583,124769.73604666667,33434.586169999995,0,60,1,166,2,264,194,0,0,153,0,0,0,17,750864.0,494308.0,256556.0,0.3417,,163442.0,121675.0,41767.0,0.2555,,375.7438675879352,218.41165397348027,1.0725481804958152,0.5812780269058296
2020-12-01,마포구,1540.0,881.0,903.0,API_2017_2025,2020,12,4,겨울,460814.05198064516,435034.6575419355,19715.95594516129,6063.438490322581,486200.593416129,438188.23518387094,479991.59147419356,447115.80948064517,242911.53683870967,53225.25727096775,81189.34632903227,108496.93323870968,32875.781993548386,0,60,1,166,2,264,194,0,0,153,0,0,0,17,750864.0,494308.0,256556.0,0.3417,,163442.0,121675.0,41767.0,0.2555,,334.19119781197173,191.1834060210046,1.0735285608257417,0.5720779220779221
2021-01-01,마포구,1571.0,912.0,951.0,건별집계|API_2017_2025,2021,1,1,겨울,457646.9682225807,434272.2869225807,18986.98807419355,4387.6932290322575,486012.9020225807,434185.21397096774,477536.61913225806,443440.074716129,251174.63527096776,56824.949925806446,83010.45386451614,111339.23148064516,34096.544416129036,0,30,0,109,5,312,174,0,0,101,0,0,0,10,783488.0,530099.0,253389.0,0.3234,79612.0,165348.0,128416.0,36932.0,0.2234,0.0,343.27770292054686,199.2802451072812,1.0768909856375886,0.5805219605346913
2021-02-01,마포구,1482.0,853.0,926.0,건별집계|API_2017_2025,2021,2,1,겨울,460807.14905,435064.11087499995,19218.671192857142,6524.366982142857,496636.7874678572,431996.04119285714,482943.1587035715,444995.71359999996,269563.75612142857,65155.722075,83877.23087142858,120530.80317500001,37947.44510357142,0,30,0,109,5,312,174,0,0,101,0,0,0,10,783488.0,530099.0,253389.0,0.3234,79612.0,165348.0,128416.0,36932.0,0.2234,0.0,321.609593743346,185.10997534620387,1.085275978945006,0.5755735492577598
2021-03-01,마포구,1818.0,1064.0,1056.0,건별집계|API_2017_2025,2021,3,1,봄,471460.5199193548,444982.19420322584,19526.077422580645,6952.248287096774,507357.88917419355,440854.7545548387,493878.0482580645,455447.9996774194,272529.4826451613,66828.98878709678,84029.10955806452,121671.3843,38430.04858064515,0,30,0,109,5,312,174,0,0,101,0,0,0,10,783488.0,530099.0,253389.0,0.3234,79612.0,165348.0,128416.0,36932.0,0.2234,0.0,385.61023101382403,225.6816753568255,1.084378564858917,0.5852585258525853
2021-04-01,마포구,1809.0,1045.0,1115.0,건별집계|API_2017_2025,2021,4,2,봄,468100.5175633334,444240.46724,19479.03223333333,4381.018083333333,503517.17948333337,437903.48409000004,490316.6223033333,452231.87131666666,289516.8271466667,67760.75887333333,90296.85617,131459.21210333335,38084.750986666666,0,30,0,109,5,312,174,0,0,101,0,0,0,10,783488.0,530099.0,253389.0,0.3234,79612.0,165348.0,128416.0,36932.0,0.2234,0.0,386.45545820300117,223.24264998459714,1.0842150971708018,0.5776672194582643
2021-05-01,마포구,1945.0,1100.0,1210.0,건별집계|API_2017_2025,2021,5,2,봄,467264.7846709677,441764.45032580645,19524.80250322581,5975.5318548387095,504033.2445129032,437647.6039806452,488623.5576258064,452008.51828387094,279022.2118580645,66463.94322258064,87625.1333,124933.13533548388,36615.03934193548,0,30,0,109,5,312,174,0,0,101,0,0,0,10,783488.0,530099.0,253389.0,0.3234,79612.0,165348.0,128416.0,36932.0,0.2234,0.0,416.2522115527289,235.41256180359994,1.0810051976032462,0.5655526992287918
2021-06-01,마포구,2229.0,1310.0,1397.0,건별집계|API_2017_2025,2021,6,2,여름,470325.83067666664,445329.97622333333,19487.258683333333,5508.595766666666,508587.3022033333,438836.6799666667,493409.75979333336,453837.30987666664,289207.9958833333,69574.41017,89867.13307666667,129766.45263666665,39572.44991666666,0,30,0,109,5,312,174,0,0,101,0,0,0,10,783488.0,530099.0,253389.0,0.3234,79612.0,165348.0,128416.0,36932.0,0.2234,0.0,473.92676621505046,278.530311234507,1.0871952328631174,0.5877074921489457
2021-07-01,마포구,2123.0,1151.0,1259.0,건별집계|API_2017_2025,2021,7,3,여름,459547.68275806453,435845.9256419355,18955.960458064517,4745.796664516129,489072.728116129,432945.3527580645,480250.79506451613,444759.7454096774,263312.28196129034,61146.28053225807,84552.9686,117613.03282903225,35491.04965483872,0,30,0,109,5,312,174,0,0,101,0,0,0,10,783488.0,530099.0,253389.0,0.3234,79612.0,165348.0,128416.0,36932.0,0.2234,0.0,461.97599936929373,250.46367182009283,1.0797982506760975,0.5421573245407443
2021-08-01,마포구,2001.0,1203.0,1286.0,건별집계|API_2017_2025,2021,8,3,여름,457453.97737096774,432017.47664193553,19030.509883870967,6405.990835483872,491273.02048709674,428853.38615483866,479896.21059354837,441423.8107806451,263411.2337548387,62068.89067096774,84630.02789032258,116712.31519354839,38472.39981290322,0,30,0,109,5,312,174,0,0,101,0,0,0,10,783488.0,530099.0,253389.0,0.3234,79612.0,165348.0,128416.0,36932.0,0.2234,0.0,437.4210519493001,262.9772741104488,1.087155243721144,0.6011994002998501
2021-09-01,마포구,2319.0,1319.0,1347.0,건별집계|API_2017_2025,2021,9,3,가을,453004.9984133334,427785.71585333336,18972.897913333334,6246.38466,488223.4802,423518.26549,474794.99498,437440.7151466666,263162.48232333333,63480.62386666667,82793.01634666667,116888.84211,37354.279833333334,0,30,0,109,5,312,174,0,0,101,0,0,0,10,783488.0,530099.0,253389.0,0.3234,79612.0,165348.0,128416.0,36932.0,0.2234,0.0,511.9148813197167,291.1667651835732,1.0853927824729555,0.56877964639931
2021-10-01,마포구,2189.0,1232.0,1233.0,건별집계|API_2017_2025,2021,10,4,가을,458931.68888064515,435132.11082258064,19078.18989032258,4721.388158064516,496241.00431935483,428700.0745580645,481584.0470096774,442751.43307096773,266632.50018064515,64881.68192580645,81837.12378709677,119913.69446774194,38832.61393870968,0,30,0,109,5,312,174,0,0,101,0,0,0,10,783488.0,530099.0,253389.0,0.3234,79612.0,165348.0,128416.0,36932.0,0.2234,0.0,476.977304691918,268.4495383190694,1.0877074833374627,0.5628140703517588
2021-11-01,마포구,2153.0,1158.0,1252.0,건별집계|API_2017_2025,2021,11,4,가을,469367.2616866667,443462.83705666667,19389.648483333334,6514.776150000001,505703.60280000005,437476.73363,491061.47638666665,453871.39406666666,282924.50437000004,70866.26363666666,83769.09011666666,128289.15061666668,37190.082319999994,0,30,0,109,5,312,174,0,0,101,0,0,0,10,783488.0,530099.0,253389.0,0.3234,79612.0,165348.0,128416.0,36932.0,0.2234,0.0,458.7026355999384,246.71511937980895,1.0819396921819164,0.5378541569902462
2021-12-01,마포구,2031.0,1060.0,1099.0,건별집계|API_2017_2025,2021,12,4,겨울,466890.0268193548,441435.24516129034,19394.261380645163,6060.520267741936,503724.423316129,435841.4360774194,490229.5970709677,450218.90520000004,263394.34402258066,66973.26960967742,75432.60636774193,120988.46804516128,40010.69187096775,0,30,0,109,5,312,174,0,0,101,0,0,0,10,783488.0,530099.0,253389.0,0.3234,79612.0,165348.0,128416.0,36932.0,0.2234,0.0,435.00607923369023,227.03419201758325,1.0888694175407712,0.5219103889709503
2022-01-01,마포구,1908.0,1050.0,1126.0,건별집계|API_2017_2025|xlsx_2022_2024,2022,1,1,겨울,457535.5653096774,434063.38910322584,18846.7992483871,4625.376951612903,498492.74605483876,424881.67511290323,482753.35072903224,439522.8614419355,263811.0595806452,68542.40452258065,75004.28956451612,120264.3654935484,43230.48928709679,3,19,19,249,26,319,234,0,0,111,0,0,0,18,745359.0,491573.0,253786.0,0.3405,81215.0,165144.0,122608.0,42536.0,0.2576,0.0,417.0167621195947,229.49035651235556,1.0983577717556514,0.550314465408805
2022-02-01,마포구,1924.0,1014.0,,건별집계|xlsx_2022_2024,2022,2,1,겨울,459305.1230285714,433440.81612857146,19049.466985714284,6814.839928571429,497642.6726535714,428704.983175,482609.491775,442659.14536428574,256042.04055714284,64608.198467857146,75325.02293214285,116108.81915714286,39950.346410714286,3,19,19,249,26,319,234,0,0,111,0,0,0,18,745359.0,491573.0,253786.0,0.3405,81215.0,165144.0,122608.0,42536.0,0.2576,0.0,418.8936511993393,220.76827563208423,1.0902508099721675,0.527027027027027
2022-03-01,마포구,2451.0,1122.0,,건별집계|xlsx_2022_2024,2022,3,1,봄,465196.82822258066,439689.8492354839,19475.089051612904,6031.889938709677,501229.7333258065,435432.3310709677,486260.4768032258,450151.3649677419,249613.6944967742,62811.45086451613,73919.19614193548,112883.04749032258,36109.111835483876,3,19,19,249,26,319,234,0,0,111,0,0,0,18,745359.0,491573.0,253786.0,0.3405,81215.0,165144.0,122608.0,42536.0,0.2576,0.0,526.8737556454879,241.18823085852205,1.080215488934642,0.45777233782129745
2022-04-01,마포구,2233.0,1140.0,,건별집계|xlsx_2022_2024,2022,4,2,봄,470402.0580233334,444317.8525166667,19738.352683333334,6345.852826666667,507947.20534,437948.3544633333,491683.02080666664,455201.3703066667,276922.09324333334,69486.25809666667,78769.20524666666,128666.6299,36481.6505,3,19,19,249,26,319,234,0,0,111,0,0,0,18,745359.0,491573.0,253786.0,0.3405,81215.0,165144.0,122608.0,42536.0,0.2576,0.0,474.7003041150038,242.34587850027063,1.0801439821576602,0.5105239587998208
2022-05-01,마포구,2280.0,1231.0,,건별집계|xlsx_2022_2024,2022,5,2,봄,483954.46745483874,454292.3208387097,20332.515122580648,9329.631512903225,523953.53381935484,449073.37302258064,506118.80771290325,468122.7958516129,285323.21477419353,74792.81787096773,78099.4328451613,132430.9640580645,37996.011861290324,3,19,19,249,26,319,234,0,0,111,0,0,0,18,745359.0,491573.0,253786.0,0.3405,81215.0,165144.0,122608.0,42536.0,0.2576,0.0,471.11870089571255,254.3627722818518,1.0811667626486074,0.5399122807017543
2022-06-01,마포구,2069.0,1133.0,,건별집계|xlsx_2022_2024,2022,6,2,여름,489830.46581333334,458659.7836033333,20681.203849999998,10489.47837,531620.5986033333,455055.7390966667,510145.7197866666,475319.5701133333,282299.71269333333,72985.89075666666,79117.48752,130196.33441666666,34826.14967333333,3,19,19,249,26,319,234,0,0,111,0,0,0,18,745359.0,491573.0,253786.0,0.3405,81215.0,165144.0,122608.0,42536.0,0.2576,0.0,422.39104024788514,231.30451841510578,1.0732689160369087,0.5476075398743354
2022-07-01,마포구,2564.0,1301.0,,건별집계|xlsx_2022_2024,2022,7,3,여름,480056.1464193549,448495.13596129033,19854.115380645162,11706.895080645161,521431.14480967744,444665.455,501951.3809548387,464416.6931870968,271952.6432548387,72957.50726451614,74360.26817419354,124634.86781612904,37534.68776774193,3,19,19,249,26,319,234,0,0,111,0,0,0,18,745359.0,491573.0,253786.0,0.3405,81215.0,165144.0,122608.0,42536.0,0.2576,0.0,534.1041915876665,271.00996616831287,1.0808211425609124,0.5074102964118564
2022-08-01,마포구,2680.0,1367.0,,건별집계|xlsx_2022_2024,2022,8,3,여름,474432.9017354839,442214.2820483871,19904.101051612903,12314.518641935483,514265.3685129032,439735.5966322581,496834.3258322581,458431.8845258064,271723.5318516129,72507.75385483871,74758.00907741935,124457.76891935484,38402.441306451605,3,19,19,249,26,319,234,0,0,111,0,0,0,18,745359.0,491573.0,253786.0,0.3405,81215.0,165144.0,122608.0,42536.0,0.2576,0.0,564.8849374055873,288.1334736691932,1.0837691325640983,0.5100746268656716
2022-09-01,마포구,2490.0,1294.0,,건별집계|xlsx_2022_2024,2022,9,3,가을,478792.55348666664,443440.4473866667,20574.63315,14777.472936666667,519984.24977,441721.03142666665,500963.79236666666,462955.95427333337,277133.1983666667,73884.83576333334,76834.56613666666,126413.79646666667,38007.83809333333,3,19,19,249,26,319,234,0,0,111,0,0,0,18,745359.0,491573.0,253786.0,0.3405,81215.0,165144.0,122608.0,42536.0,0.2576,0.0,520.0582134929426,270.2631840401075,1.0820981731469277,0.5196787148594377
2022-10-01,마포구,2138.0,1201.0,,건별집계|xlsx_2022_2024,2022,10,4,가을,483884.8028258065,446998.76129677414,20674.106748387097,16211.934767741936,524180.5115645161,446169.221332258,506672.2366677419,467608.06435806456,274615.44738709676,72638.23464193549,75872.45892258066,126104.75382258063,39064.17230967742,3,19,19,249,26,319,234,0,0,111,0,0,0,18,745359.0,491573.0,253786.0,0.3405,81215.0,165144.0,122608.0,42536.0,0.2576,0.0,441.84070000017294,248.19957001880624,1.083540416188726,0.5617399438727783
2022-11-01,마포구,2234.0,1204.0,,건별집계|xlsx_2022_2024,2022,11,4,가을,484172.8041566667,447359.7463366667,20816.22378333333,15996.834036666667,523792.2771333333,446861.8866866667,507576.08684999996,467456.1736766667,282155.0680466667,73377.32960333333,77772.13235666667,131005.60608666667,40119.91317333332,3,19,19,249,26,319,234,0,0,111,0,0,0,18,745359.0,491573.0,253786.0,0.3405,81215.0,165144.0,122608.0,42536.0,0.2576,0.0,461.4055107641137,248.67154653535943,1.0858260419533654,0.5389435989256938
2022-12-01,마포구,2313.0,1303.0,,건별집계|xlsx_2022_2024,2022,12,4,겨울,487812.1040967742,450614.1003096774,21274.534596774192,15923.4692,529440.4996129032,449057.21953548386,511558.9334612903,470850.08313225803,273525.7233870968,73263.28841935484,74888.87532258064,125373.5596451613,40708.850329032255,3,19,19,249,26,319,234,0,0,111,0,0,0,18,745359.0,491573.0,253786.0,0.3405,81215.0,165144.0,122608.0,42536.0,0.2576,0.0,474.1579761090015,267.11104317770383,1.0864581993024678,0.5633376567228707
2023-01-01,마포구,2227.0,,,xlsx_2022_2024,2023,1,1,겨울,474580.63880322577,441307.10908064514,19828.306177419356,13445.223551612904,515134.7601580645,437112.3050483871,498023.26394516125,457835.9065806452,266005.0802612903,72976.16513870968,73507.01509032259,119521.90003225807,40187.35736451613,0,31,15,684,5,213,252,0,0,87,0,0,0,24,695992.0,462448.0,233544.0,0.3356,86725.0,173581.0,128854.0,44727.0,0.2577,0.0,469.25639562876813,,1.0877767706439978,
2023-02-01,마포구,2005.0,,,xlsx_2022_2024,2023,2,1,겨울,489657.9761678571,455281.04612857144,20198.831710714287,14178.098342857144,536736.9019321429,447414.43801785714,517048.5195678571,470093.30231785716,283435.6393535714,81051.30645714285,75890.83523571429,126493.49766071429,46955.217249999994,0,31,15,684,5,213,252,0,0,87,0,0,0,24,695992.0,462448.0,233544.0,0.3356,86725.0,173581.0,128854.0,44727.0,0.2577,0.0,409.4694863732142,,1.0998848888475565,
2023-03-01,마포구,2258.0,,,xlsx_2022_2024,2023,3,1,봄,493910.14051612903,455512.9858354839,21399.869851612904,16997.28481935484,537686.0237032258,454198.25901290326,518423.5496032258,476400.5626064516,270983.596383871,75367.34848064516,73202.60853548387,122413.63936774194,42022.98699677419,0,31,15,684,5,213,252,0,0,87,0,0,0,24,695992.0,462448.0,233544.0,0.3356,86725.0,173581.0,128854.0,44727.0,0.2577,0.0,457.1681799528194,,1.0882093563594064,
2023-04-01,마포구,2460.0,,,xlsx_2022_2024,2023,4,2,봄,488622.1019866666,450674.31144666666,21169.209743333333,16778.580786666666,529913.10059,450111.09367000003,511919.9931433333,471980.75115333335,285465.49677333335,75655.89356666667,79813.00880666666,129996.5944,39939.241989999995,0,31,15,684,5,213,252,0,0,87,0,0,0,24,695992.0,462448.0,233544.0,0.3356,86725.0,173581.0,128854.0,44727.0,0.2577,0.0,503.45655466627414,,1.0846204890610567,
2023-05-01,마포구,2641.0,,,xlsx_2022_2024,2023,5,2,봄,484504.5224645161,446941.9624225807,20902.60482580645,16659.95520967742,525179.3102096774,446666.7399483871,507625.3291548387,467989.6605354839,279027.9985451613,73532.36028064515,77918.75283548387,127576.88542903226,39635.66861935483,0,31,15,684,5,213,252,0,0,87,0,0,0,24,695992.0,462448.0,233544.0,0.3356,86725.0,173581.0,128854.0,44727.0,0.2577,0.0,545.0929511588656,,1.0846934707360902,
2023-06-01,마포구,2429.0,,,xlsx_2022_2024,2023,6,2,여름,486194.89477,448683.61499666667,20694.394966666667,16816.884796666665,528031.1424366666,448043.84256333334,509929.99327333336,469241.2529766666,281033.83103666664,74764.1223,78483.37395,127786.33478666666,40688.74029666667,0,31,15,684,5,213,252,0,0,87,0,0,0,24,695992.0,462448.0,233544.0,0.3356,86725.0,173581.0,128854.0,44727.0,0.2577,0.0,499.5938925169229,,1.0867117714790733,
2023-07-01,마포구,2622.0,,,xlsx_2022_2024,2023,7,3,여름,482222.5258806452,447419.7131354839,18792.752658064514,16010.060087096774,528164.9879580645,442649.10721935483,505814.1875870968,465371.3389483871,272120.18528387096,75863.4127,74036.61116774194,122220.16141612903,40442.84863870968,0,31,15,684,5,213,252,0,0,87,0,0,0,24,695992.0,462448.0,233544.0,0.3356,86725.0,173581.0,128854.0,44727.0,0.2577,0.0,543.732376502248,,1.0869044680106419,
2023-08-01,마포구,2633.0,,,xlsx_2022_2024,2023,8,3,여름,472459.40630000003,438643.629383871,19006.41022580645,14809.366706451614,514028.00101935485,435242.50699677423,495139.82791935484,456259.1051387097,263919.8932483871,72898.93269032257,72874.8832032258,118146.07735483871,38880.72278064516,0,31,15,684,5,213,252,0,0,87,0,0,0,24,695992.0,462448.0,233544.0,0.3356,86725.0,173581.0,128854.0,44727.0,0.2577,0.0,557.2965560406495,,1.0852163219160849,
2023-09-01,마포구,2423.0,,,xlsx_2022_2024,2023,9,3,가을,476460.3897666667,439978.8792933334,20671.701573333336,15809.80891,516778.8324033333,437546.31831666664,498548.3515366667,460683.2742366667,265091.67342,74936.83700999999,71212.61469,118942.22172,37865.0773,0,31,15,684,5,213,252,0,0,87,0,0,0,24,695992.0,462448.0,233544.0,0.3356,86725.0,173581.0,128854.0,44727.0,0.2577,0.0,508.54174912348896,,1.0821932972555621,
2023-10-01,마포구,2325.0,,,xlsx_2022_2024,2023,10,4,가을,480384.79166451615,442269.0403709677,20465.03374516129,17650.717551612903,524367.8793967742,441252.3850935484,504383.9897322581,463242.50731935486,271412.54656774196,74760.5846967742,72760.21329677419,123891.74857419355,41141.48241290323,0,31,15,684,5,213,252,0,0,87,0,0,0,24,695992.0,462448.0,233544.0,0.3356,86725.0,173581.0,128854.0,44727.0,0.2577,0.0,483.98701214998044,,1.0888119759367003,
2023-11-01,마포구,2051.0,,,xlsx_2022_2024,2023,11,4,가을,487521.31114666665,448864.22915666667,20603.372396666666,18053.709593333337,529150.6911299999,450548.13036333333,511333.7834233333,470512.4023633333,280571.3014,78966.81842,73947.38356666667,127657.09941333333,40821.38106,0,31,15,684,5,213,252,0,0,87,0,0,0,24,695992.0,462448.0,233544.0,0.3356,86725.0,173581.0,128854.0,44727.0,0.2577,0.0,420.6995577641474,,1.0867594155966103,
2023-12-01,마포구,2410.0,,,xlsx_2022_2024,2023,12,4,겨울,493812.71283548384,452542.1081935484,22388.774567741933,18881.830067741936,536468.203416129,456236.0551419355,516066.4518548387,477917.1849548387,273823.52969677415,79963.57470322581,71676.93849354838,122183.0165,38149.266899999995,0,31,15,684,5,213,252,0,0,87,0,0,0,24,695992.0,462448.0,233544.0,0.3356,86725.0,173581.0,128854.0,44727.0,0.2577,0.0,488.03927832512153,,1.0798240115672026,
2024-01-01,마포구,2042.0,,,xlsx_2022_2024,2024,1,1,겨울,470219.2540903226,437432.9691548387,18103.93469032258,14682.35025483871,509538.4886967742,434156.247583871,492162.4441645161,454545.5469,255543.36776451612,74943.17261935484,67480.69898709677,113119.49615806452,37616.897264516134,0,19,0,70,11,42,207,5,90,97,480,22,0,8,693927.0,454098.0,239829.0,0.3456,78775.0,189080.0,142546.0,46534.0,0.2461,0.0,434.26550109063805,,1.0827571571673362,
2024-02-01,마포구,1844.0,,,xlsx_2022_2024,2024,2,1,겨울,473237.82531034487,440239.23494137934,17818.81628275862,15179.774075862068,513748.56084827584,438001.8385724138,495262.8913310345,457505.6352896552,263498.8734931034,77329.68851724139,69969.63994137931,116199.54503448275,37757.25604137931,0,19,0,70,11,42,207,5,90,97,480,22,0,8,693927.0,454098.0,239829.0,0.3456,78775.0,189080.0,142546.0,46534.0,0.2461,0.0,389.6560886253592,,1.0825285048510376,
2024-03-01,마포구,1936.0,,,xlsx_2022_2024,2024,3,1,봄,488725.3732161291,451916.3789870968,19975.716512903226,16833.27772903226,532516.2489903226,453580.29588064516,511051.8096354839,472777.9186451613,259486.59296774195,76505.03238064516,68123.17509677418,114858.38549032257,38273.89099032259,0,19,0,70,11,42,207,5,90,97,480,22,0,8,693927.0,454098.0,239829.0,0.3456,78775.0,189080.0,142546.0,46534.0,0.2461,0.0,396.1324920087262,,1.0809553269746692,
2024-04-01,마포구,2063.0,,,xlsx_2022_2024,2024,4,2,봄,488017.96818666667,449021.61754,20071.05143,18925.29923333333,529216.4238,451921.12441,510600.72943666665,471887.42445,278741.17100333335,74619.21176,76282.76563333333,127839.19361,38713.30498666667,0,19,0,70,11,42,207,5,90,97,480,22,0,8,693927.0,454098.0,239829.0,0.3456,78775.0,189080.0,142546.0,46534.0,0.2461,0.0,422.73033668524744,,1.0820392809403392,
2024-05-01,마포구,2200.0,,,xlsx_2022_2024,2024,5,2,봄,482058.29755483876,444656.8715387097,19674.88335483871,17726.542667741935,525683.6996612904,443045.4308548387,506130.3731935484,464863.957816129,264694.05163225805,73902.1947548387,69582.7558548387,121209.10102258065,41266.415377419355,0,19,0,70,11,42,207,5,90,97,480,22,0,8,693927.0,454098.0,239829.0,0.3456,78775.0,189080.0,142546.0,46534.0,0.2461,0.0,456.3763368785762,,1.0887709504760998,
2024-06-01,마포구,2274.0,,,xlsx_2022_2024,2024,6,2,여름,478812.73859,442263.93082666665,19552.827616666666,16995.98014,522426.42913,441676.90617000003,500247.41463333333,463502.2557133333,263029.26957999996,72369.84653333334,70738.36457333334,119921.05847333332,36745.158919999994,0,19,0,70,11,42,207,5,90,97,480,22,0,8,693927.0,454098.0,239829.0,0.3456,78775.0,189080.0,142546.0,46534.0,0.2461,0.0,474.9247078714819,,1.0792771954549583,
2024-07-01,마포구,2346.0,,,xlsx_2022_2024,2024,7,3,여름,468506.68802580645,435611.3729709678,17262.32967096774,15632.9854,514338.82907741936,429814.89338709676,493477.87134193553,450670.1285193548,258819.73579677418,74314.67115806452,67212.22039354838,117292.8442451613,42807.74282258066,0,19,0,70,11,42,207,5,90,97,480,22,0,8,693927.0,454098.0,239829.0,0.3456,78775.0,189080.0,142546.0,46534.0,0.2461,0.0,500.7399168378098,,1.094986865366965,
2024-08-01,마포구,2566.0,,,xlsx_2022_2024,2024,8,3,여름,459648.90756129037,428618.4727096774,17275.1176516129,13755.317216129033,505819.34990645165,420508.08323225804,483720.30084193544,442455.0552322581,258502.84095161292,75350.83448709677,66834.67742903225,116317.32903548387,41265.24560967742,0,19,0,70,11,42,207,5,90,97,480,22,0,8,693927.0,454098.0,239829.0,0.3456,78775.0,189080.0,142546.0,46534.0,0.2461,0.0,558.2521698167737,,1.0932642651986786,
2024-09-01,마포구,2228.0,,,xlsx_2022_2024,2024,9,3,가을,458861.24277333333,425721.96828666667,18796.368786666666,14342.905700000001,503707.6315466667,419147.1937633333,481961.00674,442361.41138,261635.45626666668,74801.02676000001,68895.84791333333,117938.58159333334,39599.59536,0,19,0,70,11,42,207,5,90,97,480,22,0,8,693927.0,454098.0,239829.0,0.3456,78775.0,189080.0,142546.0,46534.0,0.2461,0.0,485.54983343855423,,1.0895186477420449,
2024-10-01,마포구,2013.0,,,xlsx_2022_2024,2024,10,4,가을,473124.0642354839,436640.03595806455,19010.877858064516,17473.15041290323,518353.4904419355,433050.59517096775,498974.85665806447,454659.212483871,269427.3230806452,75749.45181290324,69253.3965483871,124424.47471935484,44315.64417419355,0,19,0,70,11,42,207,5,90,97,480,22,0,8,693927.0,454098.0,239829.0,0.3456,78775.0,189080.0,142546.0,46534.0,0.2461,0.0,425.4697979171246,,1.0974700236075512,
2024-11-01,마포구,1965.0,,,xlsx_2022_2024,2024,11,4,가을,474046.08838666667,438217.25277333334,19018.208909999998,16810.62671,517978.2386033333,435396.9996033333,498945.44886,456260.8309,279952.5149866667,78887.47948,71983.49695,129081.53855666667,42684.617959999996,0,19,0,70,11,42,207,5,90,97,480,22,0,8,693927.0,454098.0,239829.0,0.3456,78775.0,189080.0,142546.0,46534.0,0.2461,0.0,414.5166573755593,,1.0935531061822734,
2024-12-01,마포구,2073.0,,,xlsx_2022_2024,2024,12,4,겨울,472584.90480645164,435877.4311774193,18676.3537,18031.11994516129,518505.4437741935,432403.0367096774,497056.555,455105.15468064515,268161.69537741935,76712.12031935484,69432.0846,122017.49045806452,41951.40031935485,0,19,0,70,11,42,207,5,90,97,480,22,0,8,693927.0,454098.0,239829.0,0.3456,78775.0,189080.0,142546.0,46534.0,0.2461,0.0,438.6513362818904,,1.0921795762757134,
2018-04-01,서대문구,1617.0,967.0,973.0,API_2017_2025,2018,4,2,봄,410564.5320423077,378377.44024230767,23156.940573076925,9030.15123076923,424705.32880769233,396677.07511153846,413886.2880769231,408191.849173077,231083.33316538463,45531.039269230765,74024.8377,111527.45619615384,5694.438903846147,0,72,7,138,28,0,186,0,0,174,0,0,0,25,,,,,,,,,,,393.8479517352395,235.52935641804365,1.0139503983614127,0.5980210265924552
2018-05-01,서대문구,1718.0,987.0,996.0,API_2017_2025,2018,5,2,봄,413776.0273451613,381300.1032870968,22979.05358064516,9496.870487096774,431157.6780225806,396561.4112451613,418333.69897096773,409551.184383871,229939.39540322582,46621.663451612905,72181.07072580645,111136.66122580646,8782.514587096774,0,72,7,138,28,0,186,0,0,174,0,0,0,25,,,,,,,,,,,415.20046751449155,238.53484367683535,1.0214442417015817,0.5745052386495926
2018-06-01,서대문구,2123.0,1049.0,1058.0,API_2017_2025,2018,6,2,여름,421748.93621,389617.04887999996,22066.98645,10064.900883333332,438076.8323566666,408148.78460333333,427853.22071,417388.73299000005,228692.28985666667,45568.62796,71358.38150666667,111765.28039,10464.487719999996,0,72,7,138,28,0,186,0,0,174,0,0,0,25,,,,,,,,,,,503.3800485848533,248.72617567852618,1.0250713229488413,0.49411210551106927
2018-07-01,서대문구,2143.0,1087.0,1093.0,API_2017_2025,2018,7,3,여름,417049.88379032264,385218.1798,20010.679,11821.024980645161,432929.53305483866,402698.3685967742,424779.3122354839,411528.86347741936,232339.4205064516,48333.395125806455,73705.97248387097,110300.0528967742,13250.448758064522,0,72,7,138,28,0,186,0,0,174,0,0,0,25,,,,,,,,,,,513.8474037022922,260.640283632474,1.032198103059159,0.5072328511432571
2018-08-01,서대문구,1941.0,1080.0,1081.0,API_2017_2025,2018,8,3,여름,406349.0940129032,374572.6382774193,19417.928677419353,12358.52705483871,420023.47735161294,394201.97963225807,412355.0604451613,401157.70270645164,226085.71783548387,46053.53955483871,73001.45887741937,107030.71940322581,11197.35773870968,0,72,7,138,28,0,186,0,0,174,0,0,0,25,,,,,,,,,,,477.6681008025984,265.78132347594345,1.0279126080919436,0.5564142194744977
2018-09-01,서대문구,1686.0,1012.0,1025.0,API_2017_2025,2018,9,3,가을,415787.4015833333,381224.43612666667,22126.990566666664,12435.974893333334,436188.4110266667,399229.67657,424358.4107666667,409665.25217,225484.57265666669,49795.80760666667,69461.85972666666,106226.90532333334,14693.158596666673,0,72,7,138,28,0,186,0,0,174,0,0,0,25,,,,,,,,,,,405.49569168754306,243.3936180236024,1.0358662554825846,0.6002372479240806
2018-10-01,서대문구,1644.0,998.0,1001.0,API_2017_2025,2018,10,4,가을,426939.8972451613,390471.93710000004,23191.563593548388,13276.396558064516,446611.6903387097,410051.0697322581,437092.31427741935,418749.05132258066,234366.93618064516,48680.43196774194,73010.54073870968,112675.96347419354,18343.26295483871,0,72,7,138,28,0,186,0,0,174,0,0,0,25,,,,,,,,,,,385.065909887538,233.75655600228885,1.0438049062962726,0.6070559610705596
2018-11-01,서대문구,1573.0,961.0,964.0,API_2017_2025,2018,11,4,가을,424681.50379333337,389321.60867,23115.557426666666,12244.337693333333,450208.92944000004,402734.48565,434629.92627,417575.48775333335,243517.39028,50804.26607333333,75744.53366333334,116968.59054333334,17054.43851666666,0,72,7,138,28,0,186,0,0,174,0,0,0,25,,,,,,,,,,,370.3952222900396,226.28722734947746,1.040841570007914,0.6109345200254291
2018-12-01,서대문구,1719.0,1073.0,1078.0,API_2017_2025,2018,12,4,겨울,429350.54511612904,391179.7924645162,24570.517316129033,13600.235322580646,445735.713616129,416316.951516129,438853.49222258065,422562.7257516129,229281.88523870968,47681.51717741935,72903.23941935484,108697.12864193549,16290.766470967734,0,72,7,138,28,0,186,0,0,174,0,0,0,25,,,,,,,,,,,400.3721480160347,249.91234137359234,1.0385523035473403,0.6242001163467132
2019-01-01,서대문구,1539.0,964.0,970.0,API_2017_2025,2019,1,1,겨울,417449.48493870965,382246.57481290324,22589.608338709677,12613.30178064516,429699.2821645161,405784.39669032255,423978.2987516129,412786.04648387094,233541.03823225808,48345.505138709676,76705.70881612904,108489.82427741935,11192.252267741937,0,44,2,112,16,1,130,0,0,161,0,0,0,9,749418.0,495302.0,254116.0,0.3391,,1277614.0,673296.0,604318.0,0.473,,368.6673610882422,230.92614430738496,1.0271139307228963,0.6263807667316439
2019-02-01,서대문구,1406.0,877.0,881.0,API_2017_2025,2019,2,1,겨울,402206.13525,368539.43640357145,21749.0991,11917.599753571429,415985.5531,387585.99330000003,408093.0502714286,398001.19597142853,221717.63755,47013.69266785715,73177.23041071428,101526.71447142857,10091.854300000006,0,44,2,112,16,1,130,0,0,161,0,0,0,9,749418.0,495302.0,254116.0,0.3391,,1277614.0,673296.0,604318.0,0.473,,349.57199226363616,218.0473948899068,1.0253563416445726,0.6237553342816501
2019-03-01,서대문구,1543.0,970.0,974.0,API_2017_2025,2019,3,1,봄,427383.0420032258,391979.7826612903,24652.748561290322,10750.510787096773,446245.10428064514,409447.74742258067,438152.8986838709,419690.2872290323,223072.75519999999,52040.64923870967,68388.1419548387,102643.96400645161,18462.6114548387,0,44,2,112,16,1,130,0,0,161,0,0,0,9,749418.0,495302.0,254116.0,0.3391,,1277614.0,673296.0,604318.0,0.473,,361.0344464692995,226.96267859703207,1.0439910381932742,0.6286454957874271
2019-04-01,서대문구,1582.0,978.0,988.0,API_2017_2025,2019,4,2,봄,423090.84539333335,387301.7720933333,25431.96430666667,10357.109,443100.3601433334,404437.44752,434446.93026666663,414979.35621,245783.37881,49613.35680666667,79011.14884333333,117158.87316,19467.574056666675,0,44,2,112,16,1,130,0,0,161,0,0,0,9,749418.0,495302.0,254116.0,0.3391,,1277614.0,673296.0,604318.0,0.473,,373.9149681977325,231.1560296443631,1.0469121506054269,0.618204804045512
2019-05-01,서대문구,1737.0,1042.0,1047.0,API_2017_2025,2019,5,2,봄,411049.3700774194,374317.9516387097,25885.588732258064,10845.829712903227,431405.59680967743,393297.53269354836,421349.71387741936,403691.98165806447,221928.75053225807,46472.49496129032,70137.84783548387,105318.40773548387,17657.732219354835,0,44,2,112,16,1,130,0,0,161,0,0,0,9,749418.0,495302.0,254116.0,0.3391,,1277614.0,673296.0,604318.0,0.473,,422.5769765011058,253.49752994481995,1.0437406067537685,0.5998848589522164
2019-06-01,서대문구,1611.0,1009.0,1025.0,API_2017_2025,2019,6,2,여름,403253.3375466667,367870.16063,25851.165763333334,9532.011170000002,418888.13104,389448.4656233333,411132.4593733333,397625.39341,207432.11922999998,42691.956556666664,67905.72921666667,96834.43345666668,13507.06596333334,0,44,2,112,16,1,130,0,0,161,0,0,0,9,749418.0,495302.0,254116.0,0.3391,,1277614.0,673296.0,604318.0,0.473,,399.50072324288357,250.21491604721885,1.0339693243620531,0.6263190564866542
2019-07-01,서대문구,1746.0,1100.0,1107.0,API_2017_2025,2019,7,3,여름,390467.3042193548,357422.80131290323,22919.23593548387,10125.266977419355,404455.27739354834,378390.2630806452,398541.03218064515,384700.3556709678,196051.02426451613,42397.27568387097,61843.700351612904,91810.04822903225,13840.676509677418,0,44,2,112,16,1,130,0,0,161,0,0,0,9,749418.0,495302.0,254116.0,0.3391,,1277614.0,673296.0,604318.0,0.473,,447.1565176220595,281.7137281696824,1.0359778105365602,0.6300114547537228
2019-08-01,서대문구,1737.0,1062.0,1073.0,API_2017_2025,2019,8,3,여름,397045.3060096774,363384.61966774194,22689.30557419355,10971.380770967742,411278.0836903226,385060.8014064516,403885.7549580645,392159.2710483871,200257.67857096775,43362.62567741935,62893.35363870968,94001.6992548387,11726.483909677427,0,44,2,112,16,1,130,0,0,161,0,0,0,9,749418.0,495302.0,254116.0,0.3391,,1277614.0,673296.0,604318.0,0.473,,437.48156034305646,267.4757726449775,1.0299023503341593,0.6113989637305699
2019-09-01,서대문구,1646.0,1010.0,1022.0,API_2017_2025,2019,9,3,가을,411373.41732,374982.6981066667,25098.153206666666,11292.56602,432988.8442333333,394494.9267933333,422156.32673666667,403671.33918,220371.67510333334,50736.96684,65498.99900333334,104135.70925999999,18484.987556666674,0,44,2,112,16,1,130,0,0,161,0,0,0,9,749418.0,495302.0,254116.0,0.3391,,1277614.0,673296.0,604318.0,0.473,,400.1230829943506,245.51902419458938,1.0457921723999932,0.6136087484811664
2019-10-01,서대문구,1679.0,990.0,1007.0,API_2017_2025,2019,10,4,가을,422523.4278887097,385100.1040919355,25403.454533870965,12019.869235483871,445539.6805112903,404167.9552322581,436819.23137903225,412312.1396435484,235169.9572467742,50623.97323225807,68983.77389516128,115562.21011935484,24507.091735483868,0,44,2,112,16,1,130,0,0,161,0,0,0,9,749418.0,495302.0,254116.0,0.3391,,1277614.0,673296.0,604318.0,0.473,,397.3744150448006,234.30653418365253,1.0594382007686476,0.5896366885050626
2019-11-01,서대문구,1541.0,969.0,975.0,API_2017_2025,2019,11,4,가을,421179.58703999995,383843.6773,25157.5417,12178.36804,442459.3924566667,403962.1256166667,434008.24349666666,412016.26099000004,226009.98573666668,49437.03152333333,66939.31729333333,109633.63691999999,21991.98250666667,0,44,2,112,16,1,130,0,0,161,0,0,0,9,749418.0,495302.0,254116.0,0.3391,,1277614.0,673296.0,604318.0,0.473,,365.8771809977698,230.06813003688447,1.0533764916312378,0.6288124594419209
2019-12-01,서대문구,1629.0,1031.0,1033.0,API_2017_2025,2019,12,4,겨울,418144.3778967742,381959.87133548385,24588.92138387097,11595.585196774195,439287.80230322585,401519.9626580645,431521.3199903226,408589.41928387096,233264.80890645162,51064.7329451613,69586.4036516129,112613.67230967742,22931.90070645161,0,44,2,112,16,1,130,0,0,161,0,0,0,9,749418.0,495302.0,254116.0,0.3391,,1277614.0,673296.0,604318.0,0.473,,389.5783576461586,246.56555355014703,1.0561245583565135,0.6329036218538981
2020-01-01,서대문구,1545.0,983.0,995.0,API_2017_2025,2020,1,1,겨울,396517.9856,365849.89137741935,19952.538232258063,10715.556006451612,414557.0546483871,381615.1522903226,406694.51985483867,389249.03256774193,218700.5956612903,49163.60103548387,66062.99844516128,103473.99618064516,17445.487287096774,1,16,1,62,31,1,75,0,0,119,0,0,0,24,728555.0,497049.0,231506.0,0.3178,,1257611.0,658294.0,599317.0,0.4766,,389.64184629914047,247.90804848676706,1.044818318935862,0.6362459546925566
2020-02-01,서대문구,1326.0,769.0,781.0,API_2017_2025,2020,2,1,겨울,402319.17425172415,371245.3430758621,21943.329817241378,9130.501379310344,417983.5041896552,389948.23788620695,412200.2860241379,395261.2372793103,207872.9294586207,42955.0578862069,65093.78936551724,99824.08220689655,16939.04874482759,1,16,1,62,31,1,75,0,0,119,0,0,0,24,728555.0,497049.0,231506.0,0.3178,,1257611.0,658294.0,599317.0,0.4766,,329.5890638238248,191.14177230808542,1.0428553249021424,0.5799396681749623
2020-03-01,서대문구,1280.0,736.0,741.0,API_2017_2025,2020,3,1,봄,392519.92402903223,365912.1649645161,21234.220567741933,5373.538503225806,405665.0052451613,381130.56195483875,399449.422316129,387570.2824064516,191454.4028419355,36627.62406129033,64418.82426129032,90407.95451935484,11879.139909677418,1,16,1,62,31,1,75,0,0,119,0,0,0,24,728555.0,497049.0,231506.0,0.3178,,1257611.0,658294.0,599317.0,0.4766,,326.09809633646177,187.50640539346549,1.0306502857647366,0.575
2020-04-01,서대문구,1390.0,745.0,749.0,API_2017_2025,2020,4,2,봄,387970.3197966667,363897.32619333337,20903.335643333332,3169.6579599999995,401839.83345,375862.86447333335,394222.24658,383504.6578033333,199499.12414666667,38720.89193333333,66250.06265,94528.16956333333,10717.58877666667,1,16,1,62,31,1,75,0,0,119,0,0,0,24,728555.0,497049.0,231506.0,0.3178,,1257611.0,658294.0,599317.0,0.4766,,358.2748290458126,192.02499830153266,1.0279464370473508,0.5359712230215827
2020-05-01,서대문구,1514.0,827.0,837.0,API_2017_2025,2020,5,2,봄,385977.1972516129,360712.6667967742,22282.75438064516,2981.776083870968,400037.10660967743,374672.15918387094,391224.12191935483,382229.3939193548,198704.4174354839,38915.969141935486,66364.65043870968,93423.79785483872,8994.727999999996,1,16,1,62,31,1,75,0,0,119,0,0,0,24,728555.0,497049.0,231506.0,0.3178,,1257611.0,658294.0,599317.0,0.4766,,392.2511513064969,214.26136204126348,1.0235322770647455,0.5462351387054161
2020-06-01,서대문구,1530.0,845.0,851.0,API_2017_2025,2020,6,2,여름,387436.89406333334,361280.2413966667,21977.446359999998,4179.206316666667,403145.1743233333,375906.1058833333,394961.59440666664,382062.1080966667,205970.45120333333,40711.67964,66900.12813,98358.64343333333,12899.486310000006,1,16,1,62,31,1,75,0,0,119,0,0,0,24,728555.0,497049.0,231506.0,0.3178,,1257611.0,658294.0,599317.0,0.4766,,394.9030212259276,218.10003459863321,1.033762799389507,0.5522875816993464
2020-07-01,서대문구,1500.0,873.0,883.0,API_2017_2025,2020,7,3,여름,381337.7911032258,356041.4133290323,21104.727070967743,4191.650703225806,394327.61504838715,371005.49768387096,386464.29193548387,377676.0048032258,199135.1146483871,39457.68065806451,64202.60919032258,95474.8248,8788.287132258063,1,16,1,62,31,1,75,0,0,119,0,0,0,24,728555.0,497049.0,231506.0,0.3178,,1257611.0,658294.0,599317.0,0.4766,,393.35204508853917,228.93089024152982,1.0232693817464968,0.582
2020-08-01,서대문구,1618.0,869.0,887.0,API_2017_2025,2020,8,3,여름,376525.93932580645,350473.9763935484,20337.148654838707,5714.814274193548,387041.64273870963,367866.93021290324,380182.5680387097,373914.061667742,188574.1514,35722.58372903226,64735.87660645161,88115.69106451613,6268.506370967735,1,16,1,62,31,1,75,0,0,119,0,0,0,24,728555.0,497049.0,231506.0,0.3178,,1257611.0,658294.0,599317.0,0.4766,,429.7180701274211,230.79419217597587,1.0167645644108936,0.5370828182941904
2020-09-01,서대문구,1357.0,827.0,830.0,API_2017_2025,2020,9,3,가을,380083.8082466667,354662.34269,20144.677353333333,5276.788206666666,391712.9338033333,370126.11484999995,383478.4253666667,377659.0817333333,191105.15347666666,35425.128866666666,66358.94526333333,89321.07934666667,5819.3436333333375,1,16,1,62,31,1,75,0,0,119,0,0,0,24,728555.0,497049.0,231506.0,0.3178,,1257611.0,658294.0,599317.0,0.4766,,357.0265216663306,217.58359131765323,1.0154089863445743,0.6094325718496684
2020-10-01,서대문구,1575.0,913.0,917.0,API_2017_2025,2020,10,4,가을,378141.90127419354,354866.52472903224,19646.08458387097,3629.2919612903224,391625.0618903226,366580.982216129,381583.36643548385,375683.7118612903,200320.1808548387,39119.78367096774,68731.94166129033,92468.45552258064,5899.654574193549,1,16,1,62,31,1,75,0,0,119,0,0,0,24,728555.0,497049.0,231506.0,0.3178,,1257611.0,658294.0,599317.0,0.4766,,416.51030861506024,241.44375350193653,1.0157037805684048,0.5796825396825397
2020-11-01,서대문구,1419.0,877.0,896.0,API_2017_2025,2020,11,4,가을,382120.53089666663,357096.71930666664,19708.241283333333,5315.57032,394759.31534333335,371903.4205866667,386930.4753133334,378684.8563333333,203285.38751,39058.20222,69664.67155666667,94562.51373333334,8245.618979999997,1,16,1,62,31,1,75,0,0,119,0,0,0,24,728555.0,497049.0,231506.0,0.3178,,1257611.0,658294.0,599317.0,0.4766,,371.3487984197654,229.50873588029197,1.021774356280944,0.6180408738548273
2020-12-01,서대문구,1344.0,797.0,819.0,API_2017_2025,2020,12,4,겨울,382954.41480967746,356604.71747096773,19887.15428387097,6462.543058064516,393007.9543290323,374639.1487387097,387180.6446903226,379935.67918387096,187274.4238,33519.46774516129,69370.53083548386,84384.42521935483,7244.965506451614,1,16,1,62,31,1,75,0,0,119,0,0,0,24,728555.0,497049.0,231506.0,0.3178,,1257611.0,658294.0,599317.0,0.4766,,350.95560934268053,208.11876536169373,1.0190689264088446,0.5930059523809523
2021-01-01,서대문구,1261.0,825.0,853.0,건별집계|API_2017_2025,2021,1,1,겨울,377891.3787451613,354935.2756258065,19310.51444516129,3645.5886774193546,387634.23148064513,369691.66940967744,382091.8296451613,374891.05666129035,191827.23349032257,35006.80807419355,72442.16341612903,84378.262,7200.7729838709665,0,12,1,39,18,0,59,0,0,60,0,0,0,0,763632.0,527780.0,235852.0,0.3089,76809.0,1311953.0,690112.0,621841.0,0.474,224322.0,333.6937731120828,218.31670326524053,1.0192076414092128,0.6542426645519429
2021-02-01,서대문구,1187.0,763.0,736.0,건별집계|API_2017_2025,2021,2,1,겨울,375242.6579714286,351627.79894285713,18986.46471071429,4628.394325,387026.1972535714,365202.7190107143,379096.7585392857,372489.7290107143,199881.44188571427,38771.85683928571,72408.09255,88701.49249642857,6607.02952857143,0,12,1,39,18,0,59,0,0,60,0,0,0,0,763632.0,527780.0,235852.0,0.3089,76809.0,1311953.0,690112.0,621841.0,0.474,224322.0,316.32864088985843,203.33509098480368,1.0177374811008046,0.6427969671440606
2021-03-01,서대문구,1259.0,778.0,847.0,건별집계|API_2017_2025,2021,3,1,봄,385003.89148064516,360381.79926774197,19373.825287096774,5248.266922580645,398773.98823225807,374176.8551870968,390832.94843870966,380840.27939032257,205578.11808064516,42715.625132258065,70050.81673225807,92811.67621612904,9992.669048387092,0,12,1,39,18,0,59,0,0,60,0,0,0,0,763632.0,527780.0,235852.0,0.3089,76809.0,1311953.0,690112.0,621841.0,0.474,224322.0,327.00968168351415,202.0758795470802,1.0262384773595485,0.6179507545671168
2021-04-01,서대문구,1339.0,831.0,840.0,건별집계|API_2017_2025,2021,4,2,봄,381026.8712,358076.47606333334,19457.936616666666,3492.458506666667,395287.80676,369868.94105666666,386316.4705233333,377248.58596666664,214785.99313333334,39944.18439666667,75338.30004999999,99503.50868666667,9067.884556666662,0,12,1,39,18,0,59,0,0,60,0,0,0,0,763632.0,527780.0,235852.0,0.3089,76809.0,1311953.0,690112.0,621841.0,0.474,224322.0,351.41878466024576,218.09485440826307,1.0240368947531797,0.6206123973114265
2021-05-01,서대문구,1513.0,960.0,967.0,건별집계|API_2017_2025,2021,5,2,봄,377371.4318967742,354651.86536774196,19273.330061290322,3446.23645483871,391087.86072258063,366005.8508,381205.79820322583,374632.5988129032,203914.41879032258,38254.73293225807,73006.26033225805,92653.42552580645,6573.19939032258,0,12,1,39,18,0,59,0,0,60,0,0,0,0,763632.0,527780.0,235852.0,0.3089,76809.0,1311953.0,690112.0,621841.0,0.474,224322.0,400.9312502526329,254.39127577166397,1.0175457218916641,0.634500991407799
2021-06-01,서대문구,1603.0,974.0,993.0,건별집계|API_2017_2025,2021,6,2,여름,380214.2390533333,357096.75132,18791.981783333333,4325.50595,394581.28886,369298.1214633333,385689.15852,376303.58229333337,211828.43516666666,40339.88933333333,73837.49063333333,97651.0552,9385.57622666667,0,12,1,39,18,0,59,0,0,60,0,0,0,0,763632.0,527780.0,235852.0,0.3089,76809.0,1311953.0,690112.0,621841.0,0.474,224322.0,421.60441018494953,256.1713633937248,1.0249415011397645,0.6076107298814722
2021-07-01,서대문구,1606.0,968.0,964.0,건별집계|API_2017_2025,2021,7,3,여름,369418.6921,348871.4408870968,17622.924045161293,2924.327164516129,381048.27836129034,360363.54428709677,373520.2856387097,366488.9824096774,194666.78392580643,36568.366112903226,70386.1042483871,87712.31356451612,7031.303229032264,0,12,1,39,18,0,59,0,0,60,0,0,0,0,763632.0,527780.0,235852.0,0.3089,76809.0,1311953.0,690112.0,621841.0,0.474,224322.0,434.7370705230213,262.0333027809992,1.0191855787390969,0.6027397260273972
2021-08-01,서대문구,1563.0,1009.0,1095.0,건별집계|API_2017_2025,2021,8,3,여름,369913.9393677419,346614.9361516129,17956.442412903223,5342.5608,381203.7911838709,361025.90397419356,372462.025,368093.87821612903,190466.09551935483,35922.80172580645,68875.08582903225,85668.20796451613,4368.146783870966,0,12,1,39,18,0,59,0,0,60,0,0,0,0,763632.0,527780.0,235852.0,0.3089,76809.0,1311953.0,690112.0,621841.0,0.474,224322.0,422.53071151400366,272.76614710021096,1.0118669367853659,0.6455534229046705
2021-09-01,서대문구,1653.0,1019.0,1064.0,건별집계|API_2017_2025,2021,9,3,가을,372303.5521166667,348757.56809,18373.71586333333,5172.2681600000005,385755.09564666665,361459.71324,374526.33508333337,370715.85001,194025.89071333333,38609.51410666667,68077.47671333334,87338.89989333334,3810.4850733333287,0,12,1,39,18,0,59,0,0,60,0,0,0,0,763632.0,527780.0,235852.0,0.3089,76809.0,1311953.0,690112.0,621841.0,0.474,224322.0,443.99254065725614,273.70139076209557,1.010278721757461,0.616454930429522
2021-10-01,서대문구,1575.0,982.0,1010.0,건별집계|API_2017_2025,2021,10,4,가을,375833.0972387097,353315.4398774193,18287.582832258064,4230.074519354839,389430.2298032258,364646.1029064516,378013.2170483871,374275.8687774193,194525.7745548387,37858.72892903226,68495.94015806452,88171.10546774193,3737.3482709677455,0,12,1,39,18,0,59,0,0,60,0,0,0,0,763632.0,527780.0,235852.0,0.3089,76809.0,1311953.0,690112.0,621841.0,0.474,224322.0,419.06899939673,261.2861951794215,1.0099855443076677,0.6234920634920635
2021-11-01,서대문구,1611.0,931.0,979.0,건별집계|API_2017_2025,2021,11,4,가을,380138.9214966667,356759.1133966667,18678.692406666665,4701.115703333333,394614.4506766667,369035.1087733333,385557.3792266667,376268.5945566667,209678.75403,41964.82144,71040.86228666667,96673.07030333333,9288.78467,0,12,1,39,18,0,59,0,0,60,0,0,0,0,763632.0,527780.0,235852.0,0.3089,76809.0,1311953.0,690112.0,621841.0,0.474,224322.0,423.792437158826,244.91046492542955,1.024686579758123,0.5779019242706394
2021-12-01,서대문구,1606.0,919.0,959.0,건별집계|API_2017_2025,2021,12,4,겨울,375512.8355290323,352264.949432258,18729.463129032258,4518.422974193549,388808.2681580645,365711.19032580644,380897.70382903225,371666.50104838714,200169.73474193548,38882.89817096775,70399.51324193549,90887.32332903227,9231.202780645157,0,12,1,39,18,0,59,0,0,60,0,0,0,0,763632.0,527780.0,235852.0,0.3089,76809.0,1311953.0,690112.0,621841.0,0.474,224322.0,427.6817855606521,244.73198065394723,1.0248373279663514,0.5722291407222914
2022-01-01,서대문구,1516.0,928.0,,건별집계|xlsx_2022_2024,2022,1,1,겨울,367199.5242806452,345748.54493548383,18222.179358064517,3228.799987096774,379808.48749032256,357347.2243483871,371576.152516129,364073.36126774194,195594.27709032258,39414.654867741934,67273.24091290323,88906.38130967742,7502.791248387098,1,19,12,226,22,2,172,0,0,83,0,0,0,14,726301.0,505507.0,220794.0,0.304,80766.0,1326543.0,676859.0,649684.0,0.4898,224314.0,412.8545653673951,252.72363895840542,1.020607910510842,0.6121372031662269
2022-02-01,서대문구,1466.0,836.0,,건별집계|xlsx_2022_2024,2022,2,1,겨울,375249.78239999997,348237.90487857145,18677.7999,8334.077610714286,387582.9468321428,365994.8575571429,380004.3990392857,371853.6276571429,193651.79619999998,38326.59229285714,67317.90952142856,88007.2943857143,8150.771382142858,1,19,12,226,22,2,172,0,0,83,0,0,0,14,726301.0,505507.0,220794.0,0.304,80766.0,1326543.0,676859.0,649684.0,0.4898,224314.0,390.6731112870594,222.7849393151307,1.021919300434143,0.5702592087312415
2022-03-01,서대문구,2022.0,1006.0,,건별집계|xlsx_2022_2024,2022,3,1,봄,384039.9252935484,358100.68481935485,19398.48732580645,6540.753158064516,397006.09413870965,374139.96357419353,389340.4502419355,380253.8360419355,192813.10257419356,40970.972254838714,64542.59971935484,87299.5306,9086.614199999998,1,19,12,226,22,2,172,0,0,83,0,0,0,14,726301.0,505507.0,220794.0,0.304,80766.0,1326543.0,676859.0,649684.0,0.4898,224314.0,526.5077578729464,261.95193096942836,1.0238961802320856,0.49752720079129575
2022-04-01,서대문구,1654.0,972.0,,건별집계|xlsx_2022_2024,2022,4,2,봄,381394.6922466667,356572.91843666666,19571.440593333333,5250.333226666667,397766.07087999996,368789.81769666664,386930.66933999996,377440.4228933333,209035.44716666668,41362.19169,69627.52300999999,98045.73246666667,9490.246446666662,1,19,12,226,22,2,172,0,0,83,0,0,0,14,726301.0,505507.0,220794.0,0.304,80766.0,1326543.0,676859.0,649684.0,0.4898,224314.0,433.6714782937453,254.85409728024212,1.0251436938680747,0.5876662636033857
2022-05-01,서대문구,1639.0,999.0,,건별집계|xlsx_2022_2024,2022,5,2,봄,388504.9321645161,361792.81387741934,20217.93771935484,6494.180570967742,407379.70826774195,373717.6398967742,394663.9886032258,384105.6061387097,213103.2296387097,44346.8165,68640.2691032258,100116.14403548387,10558.382464516131,1,19,12,226,22,2,172,0,0,83,0,0,0,14,726301.0,505507.0,220794.0,0.304,80766.0,1326543.0,676859.0,649684.0,0.4898,224314.0,421.87366602232726,257.1395926518029,1.027488227965887,0.6095179987797438
2022-06-01,서대문구,1428.0,926.0,,건별집계|xlsx_2022_2024,2022,6,2,여름,390690.4123533333,362147.28691666666,20333.064276666668,8210.061169999999,408126.00090000004,376892.89314,396231.48798,386732.5011833333,209724.98547,42964.767400000004,69008.26643999999,97751.95163,9498.986796666666,1,19,12,226,22,2,172,0,0,83,0,0,0,14,726301.0,505507.0,220794.0,0.304,80766.0,1326543.0,676859.0,649684.0,0.4898,224314.0,365.5067938315678,237.01631028573652,1.0245621631686022,0.6484593837535014
2022-07-01,서대문구,1713.0,1066.0,,건별집계|xlsx_2022_2024,2022,7,3,여름,374363.13448709674,347286.3393064516,19084.320016129033,7992.475174193549,390190.6459129032,360858.3642322581,378522.6577548387,371392.0464290323,196801.87268064517,41468.93655483871,64554.8370032258,90778.09912258065,7130.6113258064515,1,19,12,226,22,2,172,0,0,83,0,0,0,14,726301.0,505507.0,220794.0,0.304,80766.0,1326543.0,676859.0,649684.0,0.4898,224314.0,457.5771068769706,284.75026032157075,1.0191996877541345,0.6223000583771162
2022-08-01,서대문구,1775.0,1093.0,,건별집계|xlsx_2022_2024,2022,8,3,여름,377594.3823064516,347516.5321225806,19943.900541935483,10133.949632258064,393753.8623806451,364450.16576451616,382052.6088129032,374409.93479354837,200055.54623548387,42550.98361935484,65291.85352580645,92212.70909032259,7642.6740193548385,1,19,12,226,22,2,172,0,0,83,0,0,0,14,726301.0,505507.0,220794.0,0.304,80766.0,1326543.0,676859.0,649684.0,0.4898,224314.0,470.081146111816,289.4640522254732,1.0204125833989128,0.615774647887324
2022-09-01,서대문구,1618.0,992.0,,건별집계|xlsx_2022_2024,2022,9,3,가을,387693.08145,354792.82312333334,20908.52722666667,11991.731116666666,410289.8570533333,370913.4375833333,395879.95205333334,381845.3167266667,209145.35526,48714.8985,62884.29804,97546.15871999999,14034.635326666674,1,19,12,226,22,2,172,0,0,83,0,0,0,14,726301.0,505507.0,220794.0,0.304,80766.0,1326543.0,676859.0,649684.0,0.4898,224314.0,417.3404369117353,255.87250520175616,1.0367547661628465,0.6131025957972805
2022-10-01,서대문구,1493.0,979.0,,건별집계|xlsx_2022_2024,2022,10,4,가을,386181.89187096775,355258.9089516129,20975.795125806453,9947.1878,406746.3535483871,369436.58768064517,392367.5948870968,381763.53257741936,200701.9828,43538.47171612903,62930.60361612903,94232.90746774194,10604.06230967742,1,19,12,226,22,2,172,0,0,83,0,0,0,14,726301.0,505507.0,220794.0,0.304,80766.0,1326543.0,676859.0,649684.0,0.4898,224314.0,386.60538762362415,253.50748458374284,1.0277765197688886,0.6557267247153382
2022-11-01,서대문구,1519.0,968.0,,건별집계|xlsx_2022_2024,2022,11,4,가을,392883.92327333335,360799.1305733333,22062.663569999997,10022.129126666667,414365.75679333333,376756.17277,402384.94251666666,386097.4809766667,213297.56582666666,46287.60371333334,64289.02093333333,102720.94118000001,16287.461539999998,1,19,12,226,22,2,172,0,0,83,0,0,0,14,726301.0,505507.0,220794.0,0.304,80766.0,1326543.0,676859.0,649684.0,0.4898,224314.0,386.62818965570557,246.38320446788873,1.0421848427987654,0.6372613561553654
2022-12-01,서대문구,1722.0,1072.0,,건별집계|xlsx_2022_2024,2022,12,4,겨울,392885.5755387097,359684.78041935485,22616.767958064516,10584.027167741935,411168.4449548387,377963.6848387097,399794.27421935485,387950.790767742,199912.67487096775,43488.775551612904,61574.768812903225,94849.13050645162,11843.483451612901,1,19,12,226,22,2,172,0,0,83,0,0,0,14,726301.0,505507.0,220794.0,0.304,80766.0,1326543.0,676859.0,649684.0,0.4898,224314.0,438.29555148184284,272.85297978428315,1.0305283137280763,0.6225319396051103
2023-01-01,서대문구,1488.0,,,xlsx_2022_2024,2023,1,1,겨울,375347.8068387097,347153.75188709673,19297.537422580644,8896.517541935484,392312.9866903226,361610.0687225807,380723.1090516129,371508.3052612903,190223.75021612903,42893.90339677419,60191.718325806454,87138.12849354839,9214.803790322572,0,16,7,170,32,9,232,0,0,90,0,0,0,20,692450.0,479341.0,213109.0,0.3078,92466.0,1273651.0,649868.0,623783.0,0.4898,256996.0,396.4323150126749,,1.024803762553415,
2023-02-01,서대문구,1325.0,,,xlsx_2022_2024,2023,2,1,겨울,382958.47656428575,352601.1475285714,19822.450835714288,10534.878210714287,401550.8834821429,368442.5915892857,390947.41083214286,377252.0949464286,201440.4067107143,47934.80435,60616.30140357143,92889.30095714286,13695.315885714286,0,16,7,170,32,9,232,0,0,90,0,0,0,20,692450.0,479341.0,213109.0,0.3078,92466.0,1273651.0,649868.0,623783.0,0.4898,256996.0,345.990513615796,,1.036302822619604,
2023-03-01,서대문구,1514.0,,,xlsx_2022_2024,2023,3,1,봄,399485.6951193548,364078.0341129032,22691.80988064516,12715.851132258065,424280.4239064516,381495.7360064516,411257.00948387093,391077.61344838707,206608.26272903226,52435.03271935484,56867.09876774194,97306.13124193548,20179.39603548388,0,16,7,170,32,9,232,0,0,90,0,0,0,20,692450.0,479341.0,213109.0,0.3078,92466.0,1273651.0,649868.0,623783.0,0.4898,256996.0,378.98728752919686,,1.051599466043451,
2023-04-01,서대문구,1624.0,,,xlsx_2022_2024,2023,4,2,봄,394455.7274833333,360829.71112666663,22598.77243333333,11027.243916666666,418294.91089,376829.21941333334,404273.8222,387442.80267666664,213794.8872333333,46853.81498333334,64213.21456666666,102727.85768333334,16831.019523333332,0,16,7,170,32,9,232,0,0,90,0,0,0,20,692450.0,479341.0,213109.0,0.3078,92466.0,1273651.0,649868.0,623783.0,0.4898,256996.0,411.70653304016685,,1.0434413012890045,
2023-05-01,서대문구,1781.0,,,xlsx_2022_2024,2023,5,2,봄,391678.2925967742,358603.1719451613,22553.980248387095,10521.140419354839,415254.1540064516,374071.97419032257,401509.2497548387,384656.1803516129,208748.83722903224,45930.97501935484,62349.07072580645,100468.79148387097,16853.069403225803,0,16,7,170,32,9,232,0,0,90,0,0,0,20,692450.0,479341.0,213109.0,0.3078,92466.0,1273651.0,649868.0,623783.0,0.4898,256996.0,454.7099069984733,,1.0438133332157056,
2023-06-01,서대문구,1629.0,,,xlsx_2022_2024,2023,6,2,여름,386379.00001666666,354458.59615,21455.155076666666,10465.248796666669,407182.24301000003,370732.8199033334,395093.1516433333,380154.60600666667,204281.44233,44813.20704666666,62193.84972333333,97274.38556000001,14938.545636666668,0,16,7,170,32,9,232,0,0,90,0,0,0,20,692450.0,479341.0,213109.0,0.3078,92466.0,1273651.0,649868.0,623783.0,0.4898,256996.0,421.6067643245964,,1.03929597432368,
2023-07-01,서대문구,1672.0,,,xlsx_2022_2024,2023,7,3,여름,372679.71475161286,344558.2715838709,17923.853312903226,10197.589874193549,391147.8208806452,358193.9979032258,380033.8302483871,367426.77510645165,191574.2833483871,43894.51249354839,58002.50205483871,89677.2688,12607.05514193549,0,16,7,170,32,9,232,0,0,90,0,0,0,20,692450.0,479341.0,213109.0,0.3078,92466.0,1273651.0,649868.0,623783.0,0.4898,256996.0,448.64261021407367,,1.0343117486151707,
2023-08-01,서대문구,1753.0,,,xlsx_2022_2024,2023,8,3,여름,373086.40544516133,344670.87155806454,18501.605596774192,9913.928312903225,392391.37877096777,358384.8288935484,381412.96656451613,367138.8618032258,195406.20802580647,44237.67446129032,58955.262906451615,92213.27065806452,14274.104761290331,0,16,7,170,32,9,232,0,0,90,0,0,0,20,692450.0,479341.0,213109.0,0.3078,92466.0,1273651.0,649868.0,623783.0,0.4898,256996.0,469.8643462788052,,1.0388793076580947,
2023-09-01,서대문구,1644.0,,,xlsx_2022_2024,2023,9,3,가을,390332.78866333334,357359.97193666664,21897.624466666664,11075.19227,416440.83305666666,370187.7618833333,401701.0875,382212.57522,207159.55637,50034.654866666664,59407.48398333333,97717.41751999999,19488.51228,0,16,7,170,32,9,232,0,0,90,0,0,0,20,692450.0,479341.0,213109.0,0.3078,92466.0,1273651.0,649868.0,623783.0,0.4898,256996.0,421.1790676437304,,1.0509886736949523,
2023-10-01,서대문구,1531.0,,,xlsx_2022_2024,2023,10,4,가을,388222.22890322586,355594.9849870968,21833.96061935484,10793.28330967742,411196.0347967742,370194.26035483874,397295.57872903225,381741.2647419355,202406.99815806453,44877.40650322581,60746.07431290323,96783.51734193548,15554.313987096763,0,16,7,170,32,9,232,0,0,90,0,0,0,20,692450.0,479341.0,213109.0,0.3078,92466.0,1273651.0,649868.0,623783.0,0.4898,256996.0,394.3617562356637,,1.0407456972135611,
2023-11-01,서대문구,1567.0,,,xlsx_2022_2024,2023,11,4,가을,401468.22045666666,367455.4812766667,22841.749209999998,11170.989973333333,427793.1919466667,381608.24597333337,415090.8872,391737.7442433333,221362.63263333336,52118.41132,62657.936963333326,106586.28435,23353.142956666663,0,16,7,170,32,9,232,0,0,90,0,0,0,20,692450.0,479341.0,213109.0,0.3078,92466.0,1273651.0,649868.0,623783.0,0.4898,256996.0,390.317320314308,,1.0596142273749363,
2023-12-01,서대문구,1686.0,,,xlsx_2022_2024,2023,12,4,겨울,399956.5124774194,364005.5464290323,24360.219770967742,11590.74628064516,422043.1162612903,381388.1196870968,409449.97188387095,393175.4700419355,206225.29289032257,48952.77120967742,60894.89585483871,96377.62582580645,16274.501841935484,0,16,7,170,32,9,232,0,0,90,0,0,0,20,692450.0,479341.0,213109.0,0.3078,92466.0,1273651.0,649868.0,623783.0,0.4898,256996.0,421.54582995949784,,1.041392464896652,
2024-01-01,서대문구,1491.0,,,xlsx_2022_2024,2024,1,1,겨울,378387.87852258066,349670.32821612904,18423.546867741938,10294.003438709677,402614.0673064516,358687.5531354839,389293.7740096774,370597.95318387094,196002.2219516129,47601.41618709678,57517.695751612904,90883.11001290323,18695.820825806462,0,15,0,22,33,0,152,7,72,102,25,9,0,22,677376.0,466551.0,210825.0,0.3112,80258.0,1004422.0,539162.0,465260.0,0.4632,159247.0,394.04010662858036,,1.0504477174393099,
2024-02-01,서대문구,1309.0,,,xlsx_2022_2024,2024,2,1,겨울,375375.5894689655,346878.7243413793,17702.887689655174,10793.977434482758,399147.0128068966,357845.40195172414,387687.4681275862,366581.3904310345,201613.92979310342,48526.729037931036,58488.41514827586,94598.78560689655,21106.07769655172,0,15,0,22,33,0,152,7,72,102,25,9,0,22,677376.0,466551.0,210825.0,0.3112,80258.0,1004422.0,539162.0,465260.0,0.4632,159247.0,348.7174011106609,,1.0575754204863883,
2024-03-01,서대문구,1394.0,,,xlsx_2022_2024,2024,3,1,봄,396908.36733548384,363221.55035161285,21864.65959032258,11822.1574,425878.79063225805,375902.7009290323,412800.65821290325,385556.7309903226,208157.89066129032,53939.9498967742,55989.304796774195,98228.63596774192,27243.92722258065,0,15,0,22,33,0,152,7,72,102,25,9,0,22,677376.0,466551.0,210825.0,0.3112,80258.0,1004422.0,539162.0,465260.0,0.4632,159247.0,351.21456606172575,,1.0706612672864073,
2024-04-01,서대문구,1425.0,,,xlsx_2022_2024,2024,4,2,봄,396788.1447866667,361866.28393,22316.12529333333,12605.735576666666,426158.30525333335,376022.08172,411439.89893666666,386322.60611666663,219179.82043333334,48653.70373,61555.58777333333,108970.52893,25117.29282,0,15,0,22,33,0,152,7,72,102,25,9,0,22,677376.0,466551.0,210825.0,0.3112,80258.0,1004422.0,539162.0,465260.0,0.4632,159247.0,359.1337137267929,,1.0650163682433194,
2024-05-01,서대문구,1613.0,,,xlsx_2022_2024,2024,5,2,봄,393061.8471903226,358637.36552903225,22210.303180645158,12214.178483870968,420616.7142774194,373564.5815967742,406053.51265806454,383782.0861483871,199845.66256451613,46536.623822580645,53528.4876032258,99780.55113870968,22271.426509677418,0,15,0,22,33,0,152,7,72,102,25,9,0,22,677376.0,466551.0,210825.0,0.3112,80258.0,1004422.0,539162.0,465260.0,0.4632,159247.0,410.36798954923165,,1.0580314384477714,
2024-06-01,서대문구,1614.0,,,xlsx_2022_2024,2024,6,2,여름,384785.5029533334,351575.23843333335,21201.66488333333,12008.59964,409092.29684,366426.7367966667,395551.69701666664,377095.36433333333,195212.53552666667,45354.3489,54834.36313333334,95023.82349333333,18456.332683333323,0,15,0,22,33,0,152,7,72,102,25,9,0,22,677376.0,466551.0,210825.0,0.3112,80258.0,1004422.0,539162.0,465260.0,0.4632,159247.0,419.45447206615404,,1.048943409092186,
2024-07-01,서대문구,1630.0,,,xlsx_2022_2024,2024,7,3,여름,378813.29874193546,347998.7785032258,17907.188170967744,12907.332087096773,403731.3842129032,359980.9079516129,391628.4327516129,369659.63162903226,195361.67899999997,47295.179087096774,51374.326006451614,96692.17390645162,21968.801122580637,0,15,0,22,33,0,152,7,72,102,25,9,0,22,677376.0,466551.0,210825.0,0.3112,80258.0,1004422.0,539162.0,465260.0,0.4632,159247.0,430.29112373122587,,1.0594298085126785,
2024-08-01,서대문구,1670.0,,,xlsx_2022_2024,2024,8,3,여름,376525.9998,345468.59203225805,18068.37109032258,12989.036683870967,398802.7305387097,358270.0319741935,385776.5649903226,369918.4532483871,192984.76326774192,45639.347980645165,54143.01804193549,93202.3972451613,15858.11174193548,0,15,0,22,33,0,152,7,72,102,25,9,0,22,677376.0,466551.0,210825.0,0.3112,80258.0,1004422.0,539162.0,465260.0,0.4632,159247.0,443.5284683891835,,1.0428692096938654,
2024-09-01,서대문구,1345.0,,,xlsx_2022_2024,2024,9,3,가을,385103.42946,351549.8444666667,21042.518223333333,12511.066763333334,413134.14368,364469.6679966666,397033.77041,376581.75736,204714.90581333332,49815.82479666667,56429.258923333335,98469.82209333334,20452.01305,0,15,0,22,33,0,152,7,72,102,25,9,0,22,677376.0,466551.0,210825.0,0.3112,80258.0,1004422.0,539162.0,465260.0,0.4632,159247.0,349.25682222201624,,1.05430962241341,
2024-10-01,서대문구,1414.0,,,xlsx_2022_2024,2024,10,4,가을,392413.7895709678,357982.9555,21658.066725806453,12772.76736451613,418141.49967096775,372297.9935806451,404436.29487419355,383826.2857967742,207195.4156451613,47037.67435483871,58219.14166451613,101938.59962580644,20610.009077419363,0,15,0,22,33,0,152,7,72,102,25,9,0,22,677376.0,466551.0,210825.0,0.3112,80258.0,1004422.0,539162.0,465260.0,0.4632,159247.0,360.3339224001146,,1.0536961897610415,
2024-11-01,서대문구,1396.0,,,xlsx_2022_2024,2024,11,4,가을,394392.3760733333,359319.69575,22075.628743333335,12997.05158,420829.72132333333,374888.17377,407573.66663666663,384977.1685166667,217839.25569333334,49974.933880000004,59969.232156666665,107895.08965666666,22596.498120000007,0,15,0,22,33,0,152,7,72,102,25,9,0,22,677376.0,466551.0,210825.0,0.3112,80258.0,1004422.0,539162.0,465260.0,0.4632,159247.0,353.9622174999721,,1.0586956837130503,
2024-12-01,서대문구,1399.0,,,xlsx_2022_2024,2024,12,4,겨울,390660.1335774193,355238.88545483875,21199.48404516129,14221.764090322582,413785.0703483871,372287.1585935484,402346.02797096776,382313.0661548387,206043.73081935482,47629.22822903226,57788.94409677419,100625.5584935484,20032.96181612903,0,15,0,22,33,0,152,7,72,102,25,9,0,22,677376.0,466551.0,210825.0,0.3112,80258.0,1004422.0,539162.0,465260.0,0.4632,159247.0,358.1117907242901,,1.052399364786595,
2018-04-01,서초구,2083.0,1253.0,1264.0,API_2017_2025,2018,4,2,봄,633192.0681,612372.61885,14540.743146153845,6278.706119230769,743523.5012653845,518356.6593730769,723369.761626923,568779.4298653846,467432.3699346154,147468.8200153846,97032.81411538461,222930.73580384615,154590.3317615385,0,76,1,115,28,13,350,0,0,121,0,0,0,41,,,,,,,,,,,328.9681133009758,197.8862438627569,1.2717931128383562,0.6015362457993279
2018-05-01,서초구,2279.0,1393.0,1410.0,API_2017_2025,2018,5,2,봄,630686.4379129033,609251.541667742,14570.322258064516,6864.573996774193,736684.6213548386,516061.089967742,716753.3753419355,567663.7472064517,452481.4198806452,142606.38076129032,94277.52331935483,215597.5158,149089.62813548386,0,76,1,115,28,13,350,0,0,121,0,0,0,41,,,,,,,,,,,361.3523080568804,220.8704542006294,1.2626372194264186,0.6112329969284774
2018-06-01,서초구,2216.0,1312.0,1332.0,API_2017_2025,2018,6,2,여름,632547.5752266666,611531.2318533334,14762.526810000001,6253.81656,743159.4845233334,519792.6458966667,722012.5161066666,568644.0460166667,432186.0790333333,140165.98743,88194.39552666666,203825.69607666665,153368.47009000002,0,76,1,115,28,13,350,0,0,121,0,0,0,41,,,,,,,,,,,350.3293802376715,207.415228732773,1.2697090933499457,0.592057761732852
2018-07-01,서초구,2437.0,1425.0,1438.0,API_2017_2025,2018,7,3,여름,640160.5129064516,618193.021132258,14957.619638709679,7009.872129032258,759801.9665032257,519168.1416483871,737261.8615290324,570802.4067741935,447077.25926774193,148730.01401612902,86737.77971935485,211609.46553225807,166459.45475483872,0,76,1,115,28,13,350,0,0,121,0,0,0,41,,,,,,,,,,,380.6857734688371,222.60042149901227,1.2916236035085418,0.584735330324169
2018-08-01,서초구,2415.0,1429.0,1445.0,API_2017_2025,2018,8,3,여름,632154.2947387097,610146.2589516129,15224.190951612904,6783.844838709678,747150.0997387096,516706.4743967742,725032.9508806452,564473.3831483871,453136.6203935484,146108.1566064516,92374.67677096775,214653.78701612903,160559.56773225806,0,76,1,115,28,13,350,0,0,121,0,0,0,41,,,,,,,,,,,382.02698614872173,226.05240712485437,1.2844413439597926,0.5917184265010352
2018-09-01,서초구,1962.0,1159.0,1178.0,API_2017_2025,2018,9,3,가을,612502.78318,591758.6947133334,14285.014633333334,6459.073829999999,714098.0333533332,507911.3218766667,693172.8416166666,554881.3128733333,417599.69653,133292.53110333334,88311.49150666666,195995.67392,138291.52874333333,0,76,1,115,28,13,350,0,0,121,0,0,0,41,,,,,,,,,,,320.3250750655634,189.2236299699225,1.2492272230744632,0.59072375127421
2018-10-01,서초구,2087.0,1246.0,1262.0,API_2017_2025,2018,10,4,가을,625218.2897322581,603980.426683871,14293.518887096774,6944.344167741936,733173.2606225807,514744.9148838709,713291.8608774194,561021.3797193548,435802.75937741937,141539.78057096776,89846.71825161291,204416.26055483872,152270.4811580645,0,76,1,115,28,13,350,0,0,121,0,0,0,41,,,,,,,,,,,333.8034146271907,199.29039512481057,1.271416538945871,0.5970292285577384
2018-11-01,서초구,1966.0,1210.0,1225.0,API_2017_2025,2018,11,4,가을,634276.1620066667,612326.3670000001,14547.944389999999,7401.8506099999995,746767.3457066666,519476.14926333335,725757.4405333333,568932.3916366666,458952.15705333336,152672.81068666666,91919.96292333333,214359.38344333332,156825.04889666667,0,76,1,115,28,13,350,0,0,121,0,0,0,41,,,,,,,,,,,309.95962291569396,190.7686387222735,1.2756479525546487,0.6154628687690743
2018-12-01,서초구,2252.0,1403.0,1419.0,API_2017_2025,2018,12,4,겨울,629370.9236483871,606414.1342967742,15746.835332258064,7209.954029032258,737846.8495612902,521215.46719032264,715977.6884483871,567508.9488032259,434139.1626612903,143230.26683548387,90017.924,200890.97182580645,148468.73964516132,0,76,1,115,28,13,350,0,0,121,0,0,0,41,,,,,,,,,,,357.8176104713304,222.92100687889726,1.261614799129168,0.6230017761989343
2019-01-01,서초구,1981.0,1205.0,1233.0,API_2017_2025,2019,1,1,겨울,638050.0555322581,613689.6378935485,17832.12681935484,6528.2908290322575,759076.5865709677,522760.0689709677,734350.2714548387,569264.187016129,464704.8305032258,155219.3707967742,92510.19719354839,216975.26251290325,165086.0844387097,0,46,3,77,12,84,260,0,0,89,0,0,0,36,732300.0,468626.0,263674.0,0.3601,,1037770.0,502235.0,535535.0,0.516,,310.4772083042074,188.85665623754159,1.2899990693319905,0.6082786471479051
2019-02-01,서초구,1726.0,1040.0,1049.0,API_2017_2025,2019,2,1,겨울,602018.7718892858,579388.6998428571,17110.270160714288,5519.801889285714,709334.13365,498191.8334464286,684849.0690821428,542854.2738857142,426045.0182321429,140507.2566392857,89057.35058928572,196480.41100357144,141994.79519642857,0,46,3,77,12,84,260,0,0,89,0,0,0,36,732300.0,468626.0,263674.0,0.3601,,1037770.0,502235.0,535535.0,0.516,,286.7020233577401,172.752088234096,1.2615707419599729,0.6025492468134415
2019-03-01,서초구,1869.0,1108.0,1121.0,API_2017_2025,2019,3,1,봄,625485.9134193548,602587.2818709678,17302.187351612905,5596.444219354838,735160.1308354839,518458.7413967742,713182.2343870967,562845.6841580645,417483.351,137854.66883225806,85405.03633225807,194223.64583548385,150336.55022903226,0,46,3,77,12,84,260,0,0,89,0,0,0,36,732300.0,468626.0,263674.0,0.3601,,1037770.0,502235.0,535535.0,0.516,,298.80768853493515,177.14227870342867,1.2671008314719758,0.5928303905831995
2019-04-01,서초구,1984.0,1123.0,1136.0,API_2017_2025,2019,4,2,봄,619496.5602133333,595848.1435866667,17695.867883333336,5952.548743333334,726686.65295,511878.77064,707492.1832566666,556642.54376,452589.78971333336,145872.67155,92589.17057333334,214127.94759,150849.63949666667,0,46,3,77,12,84,260,0,0,89,0,0,0,36,732300.0,468626.0,263674.0,0.3601,,1037770.0,502235.0,535535.0,0.516,,320.2600510512566,181.2762284932264,1.2709991199697204,0.5660282258064516
2019-05-01,서초구,2108.0,1272.0,1300.0,API_2017_2025,2019,5,2,봄,596364.4727129033,572928.9659032258,17240.932232258063,6194.57456451613,696567.312732258,494375.1272741935,677810.0741806452,538189.0430967741,409958.43511290324,133176.09958709677,83955.78129354838,192826.55423225806,139621.03108387097,0,46,3,77,12,84,260,0,0,89,0,0,0,36,732300.0,468626.0,263674.0,0.3601,,1037770.0,502235.0,535535.0,0.516,,353.4751140373205,213.2923838024059,1.2594274871901567,0.603415559772296
2019-06-01,서초구,2066.0,1258.0,1275.0,API_2017_2025,2019,6,2,여름,596965.2151966667,573488.87098,17203.346576666667,6272.997619999999,696634.5013366666,498260.55534,677017.4273933334,539785.06362,394568.06481333333,128010.79407333332,84019.33970666668,182537.93103333333,137232.36377333335,0,46,3,77,12,84,260,0,0,89,0,0,0,36,732300.0,468626.0,263674.0,0.3601,,1037770.0,502235.0,535535.0,0.516,,346.0838165117156,210.73254654972806,1.2542352003091786,0.6089060987415296
2019-07-01,서초구,2296.0,1353.0,1364.0,API_2017_2025,2019,7,3,여름,603275.4421967742,581483.3429483871,15779.17084516129,6012.9284161290325,715718.0998225807,492809.1333516129,694376.2054129032,538203.4684741936,394880.11151935486,131875.07024838708,78078.51307741935,184926.52819354838,156172.73693870966,0,46,3,77,12,84,260,0,0,89,0,0,0,36,732300.0,468626.0,263674.0,0.3601,,1037770.0,502235.0,535535.0,0.516,,380.589004524918,224.27566338075528,1.2901741554759192,0.5892857142857143
2019-08-01,서초구,2243.0,1353.0,1370.0,API_2017_2025,2019,8,3,여름,627476.1340838709,604024.2992967742,17603.693474193547,5848.1413096774195,736648.5526096774,519166.673383871,714956.458716129,564990.1879225806,411673.060516129,137077.63410000002,83096.24188709677,191499.18452903227,149966.2707935484,0,46,3,77,12,84,260,0,0,89,0,0,0,36,732300.0,468626.0,263674.0,0.3601,,1037770.0,502235.0,535535.0,0.516,,357.46379474254104,215.62573084558983,1.2654316375740278,0.6032099866250558
2019-09-01,서초구,2082.0,1256.0,1272.0,API_2017_2025,2019,9,3,가을,615622.2023733334,592411.3385300001,17170.580926666666,6040.282916666666,718691.6658266668,513057.39049,695949.3075566667,558245.6986666666,418402.7098866666,137306.10621666667,86781.35506666667,194315.2486033333,137703.60889,0,46,3,77,12,84,260,0,0,89,0,0,0,36,732300.0,468626.0,263674.0,0.3601,,1037770.0,502235.0,535535.0,0.516,,338.19443028102603,204.0212317161233,1.246672046410561,0.6032660902977905
2019-10-01,서초구,2143.0,1265.0,1278.0,API_2017_2025,2019,10,4,가을,631374.3608290323,606627.2313451613,17494.888895161293,7252.2406,749642.1954161291,515363.270033871,724154.8507145161,565102.5823451612,449035.71062096773,148762.59120645162,87639.25276612904,212633.8666483871,159052.26836935483,0,46,3,77,12,84,260,0,0,89,0,0,0,36,732300.0,468626.0,263674.0,0.3601,,1037770.0,502235.0,535535.0,0.516,,339.4182806514527,200.35656790671376,1.2814573377267044,0.5902939804013065
2019-11-01,서초구,2063.0,1225.0,1246.0,API_2017_2025,2019,11,4,가을,625009.78787,600600.1051800001,17105.04259,7304.6401000000005,736483.4840999999,514941.5325466666,715023.1109566666,560714.5570966668,434623.13857333333,146251.89208333334,86705.86556,201665.38092999998,154308.55385999999,0,46,3,77,12,84,260,0,0,89,0,0,0,36,732300.0,468626.0,263674.0,0.3601,,1037770.0,502235.0,535535.0,0.516,,330.07483083274485,195.99693057203706,1.2751998354724312,0.5937954435288415
2019-12-01,서초구,2164.0,1319.0,1338.0,API_2017_2025,2019,12,4,겨울,621832.8329903226,597409.3147032259,16807.796122580643,7615.722164516129,731512.8964870968,514513.4132096774,708746.4762032258,559751.6592774194,443087.64373548387,148106.77130967742,89300.52919354838,205680.34323225808,148994.8169258065,0,46,3,77,12,84,260,0,0,89,0,0,0,36,732300.0,468626.0,263674.0,0.3601,,1037770.0,502235.0,535535.0,0.516,,348.00349630841663,212.11488522680293,1.2661802148441024,0.6095194085027726
2020-01-01,서초구,1879.0,1142.0,1156.0,API_2017_2025,2020,1,1,겨울,606239.5939032257,582464.2771870968,17495.584796774194,6279.731938709678,713660.9421741936,502671.3545580645,690730.1063774193,545889.2278548387,429472.0305741935,143029.5557967742,87969.64354193548,198472.83123548387,144840.87852258064,0,24,1,90,27,98,181,0,0,77,0,0,0,16,717468.0,456071.0,261397.0,0.3643,,981779.0,470963.0,510816.0,0.5203,,309.9434644151509,188.37436740931471,1.2653301643114605,0.6077700904736562
2020-02-01,서초구,1726.0,961.0,972.0,API_2017_2025,2020,2,1,겨울,611528.9364931035,587790.6563310345,17623.270217241377,6115.009931034483,714873.4148827585,514189.67405172414,694527.6250172415,552244.1589793104,412188.9668758621,130157.3815413793,88249.63420344827,193781.95113103447,142283.46603793104,0,24,1,90,27,98,181,0,0,77,0,0,0,16,717468.0,456071.0,261397.0,0.3643,,981779.0,470963.0,510816.0,0.5203,,282.2433898055558,157.14710173994155,1.2576459410651035,0.5567786790266512
2020-03-01,서초구,1543.0,793.0,797.0,API_2017_2025,2020,3,1,봄,587952.3024903226,567560.6313225806,16169.750238709677,4221.920941935484,673481.4606935484,507686.69954516133,656903.4550580645,538701.4792290323,364836.8287387097,108194.32717096774,85311.6059516129,171330.89561612904,118201.97582903226,0,24,1,90,27,98,181,0,0,77,0,0,0,16,717468.0,456071.0,261397.0,0.3643,,981779.0,470963.0,510816.0,0.5203,,262.436254346567,134.87488638809307,1.2194201805389473,0.5139338950097213
2020-04-01,서초구,1469.0,770.0,773.0,API_2017_2025,2020,4,2,봄,592046.0358266666,571529.4164933334,15788.517806666667,4728.101536666667,683070.8004433333,505298.94219666667,665512.9508999999,539569.66791,391625.26277,119151.42785000001,89621.13937666666,182852.69554333334,125943.28298999999,0,24,1,90,27,98,181,0,0,77,0,0,0,16,717468.0,456071.0,261397.0,0.3643,,981779.0,470963.0,510816.0,0.5203,,248.12259707960942,130.05745388107505,1.233414312331225,0.5241660993873384
2020-05-01,서초구,1591.0,863.0,872.0,API_2017_2025,2020,5,2,봄,591616.8762290323,571231.2620870967,15695.563567741936,4690.050577419354,685327.1046096773,501478.5070322581,666712.0162774193,537977.4904709677,396523.67534838716,122570.42146129032,88791.12911612903,185162.12477096773,128734.52580645162,0,24,1,90,27,98,181,0,0,77,0,0,0,16,717468.0,456071.0,261397.0,0.3643,,981779.0,470963.0,510816.0,0.5203,,268.9240391756636,145.87143042652275,1.2392935170833115,0.5424261470773099
2020-06-01,서초구,1714.0,906.0,913.0,API_2017_2025,2020,6,2,여름,604700.9219666667,582533.4498533333,16500.667816666668,5666.804293333334,706824.5200766666,505096.32752666663,687690.5414033333,545422.6223666667,419818.3697733333,130462.00323,90547.02045666667,198809.34608666666,142267.91903666666,0,24,1,90,27,98,181,0,0,77,0,0,0,16,717468.0,456071.0,261397.0,0.3643,,981779.0,470963.0,510816.0,0.5203,,283.44590486575805,149.8261317435104,1.2608397840546948,0.5285880980163361
2020-07-01,서초구,1945.0,1091.0,1097.0,API_2017_2025,2020,7,3,여름,604576.003916129,583604.4420806452,15980.690870967743,4990.870964516129,708406.1412096774,503855.11721935484,688417.3390354839,544689.3359709678,418059.24003870966,131318.5520032258,89111.85351935485,197628.83451612905,143728.00306451612,0,24,1,90,27,98,181,0,0,77,0,0,0,16,717468.0,456071.0,261397.0,0.3643,,981779.0,470963.0,510816.0,0.5203,,321.71306624829657,180.45704641485426,1.2638715200992605,0.5609254498714653
2020-08-01,서초구,1992.0,1067.0,1075.0,API_2017_2025,2020,8,3,여름,578796.2622096774,558736.9210032258,13944.439622580645,6114.901593548388,666996.0379774193,495050.99212258065,649385.9491677419,528375.0572419355,376398.7688741936,113753.31532580646,86579.17176774194,176066.28178064516,121010.89192580646,0,24,1,90,27,98,181,0,0,77,0,0,0,16,717468.0,456071.0,261397.0,0.3643,,981779.0,470963.0,510816.0,0.5203,,344.1625542630697,184.34811515998763,1.2290246109600083,0.5356425702811245
2020-09-01,서초구,1752.0,936.0,942.0,API_2017_2025,2020,9,3,가을,575851.3832833334,558524.2717366667,13533.507810000001,3793.6037466666667,664423.8431633334,491373.66361,646994.92935,525034.5646633334,371427.98905,110241.02094,85902.62091,175284.34720000002,121960.36468666667,0,24,1,90,27,98,181,0,0,77,0,0,0,16,717468.0,456071.0,261397.0,0.3643,,981779.0,470963.0,510816.0,0.5203,,304.2451665238029,162.5419382798399,1.2322901631531078,0.5342465753424658
2020-10-01,서초구,1880.0,1028.0,1035.0,API_2017_2025,2020,10,4,가을,575940.0881290323,558610.9459645161,13720.139025806451,3609.0031193548384,664896.5154870967,489148.701732258,647383.2863774194,524909.2322451613,388822.64185483876,120403.71712903226,87510.34242258065,180908.58230322582,122474.05413225807,0,24,1,90,27,98,181,0,0,77,0,0,0,16,717468.0,456071.0,261397.0,0.3643,,981779.0,470963.0,510816.0,0.5203,,326.42284132491386,178.49078770319758,1.2333242522872145,0.5468085106382978
2020-11-01,서초구,1673.0,904.0,917.0,API_2017_2025,2020,11,4,가을,588737.2972833333,571076.8293433334,14096.398036666667,3564.0699099999997,687400.1510633334,493521.56978333334,668968.3929433334,531429.3718333333,405037.86316,127246.84519666666,87334.52699333333,190456.49097,137539.02111,0,24,1,90,27,98,181,0,0,77,0,0,0,16,717468.0,456071.0,261397.0,0.3643,,981779.0,470963.0,510816.0,0.5203,,284.16748993479496,153.54896049076788,1.2588095961567118,0.5403466826060969
2020-12-01,서초구,1499.0,819.0,845.0,API_2017_2025,2020,12,4,겨울,569391.8550645161,552081.3791096774,13291.212732258065,4019.263222580645,657501.0352387097,488556.38896129036,640389.8818774193,518678.97877419356,354099.5354,105991.28843225806,82443.30885806451,165664.9381096774,121710.9031032258,0,24,1,90,27,98,181,0,0,77,0,0,0,16,717468.0,456071.0,261397.0,0.3643,,981779.0,470963.0,510816.0,0.5203,,263.2633373075126,143.83767395253687,1.2346555539822879,0.5463642428285523
2021-01-01,서초구,1570.0,889.0,916.0,건별집계|API_2017_2025,2021,1,1,겨울,568682.7644225806,552528.1134612903,13252.497396774193,2902.153570967742,656526.6771483871,488638.2990903226,638792.2859354839,518604.5347645161,361791.8876387097,110234.86126774193,84573.18114516129,166983.84522580644,120187.75117096775,0,19,1,72,28,141,168,0,0,53,0,0,0,12,753504.0,486592.0,266912.0,0.3542,73447.0,1026438.0,493166.0,533272.0,0.5195,138739.0,276.07659282484497,156.32617262502367,1.2317522179507006,0.5662420382165605
2021-02-01,서초구,1412.0,770.0,747.0,건별집계|API_2017_2025,2021,2,1,겨울,568203.9969428572,551579.439025,13406.23952142857,3218.3183964285713,660968.4402678572,480808.4242107143,641864.4593607143,515589.380925,380473.87175,119230.83031071429,85470.36852500001,175772.6729142857,126275.07843571428,0,19,1,72,28,141,168,0,0,53,0,0,0,12,753504.0,486592.0,266912.0,0.3542,73447.0,1026438.0,493166.0,533272.0,0.5195,138739.0,248.50229980729986,135.514710234859,1.2449140403341294,0.5453257790368272
2021-03-01,서초구,1631.0,891.0,916.0,건별집계|API_2017_2025,2021,3,1,봄,586584.2326580646,569794.7754870967,13990.58140967742,2798.875764516129,686698.7663741935,490619.60579999996,667986.4866258064,528439.7655483871,396411.7181096774,125206.6529967742,84518.28888709677,186686.77622580645,139546.72107741932,0,19,1,72,28,141,168,0,0,53,0,0,0,12,753504.0,486592.0,266912.0,0.3542,73447.0,1026438.0,493166.0,533272.0,0.5195,138739.0,278.05043320193585,151.89634333717038,1.2640730886946123,0.5462906192519926
2021-04-01,서초구,1668.0,923.0,1032.0,건별집계|API_2017_2025,2021,4,2,봄,584530.8576366666,567930.3905333333,13976.299306666666,2624.1677966666666,683952.03437,488125.56705,665830.4236633333,526459.7390466667,416178.4268933333,129599.75546333333,89257.26218333333,197321.40924666668,139370.68461666667,0,19,1,72,28,141,168,0,0,53,0,0,0,12,753504.0,486592.0,266912.0,0.3542,73447.0,1026438.0,493166.0,533272.0,0.5195,138739.0,285.3570479998162,157.90440965457455,1.2647318954893767,0.5533573141486811
2021-05-01,서초구,1915.0,1019.0,1022.0,건별집계|API_2017_2025,2021,5,2,봄,570963.9930419355,554888.9813774193,13414.809583870969,2660.2020806451615,662634.2733677418,480649.94282903225,645769.7363612903,517531.3192451613,388600.3336354838,121089.31053225805,86298.35597741936,181212.66712580645,128238.41711612901,0,19,1,72,28,141,168,0,0,53,0,0,0,12,753504.0,486592.0,266912.0,0.3542,73447.0,1026438.0,493166.0,533272.0,0.5195,138739.0,335.3976823997988,178.47009836313052,1.2477887083300958,0.5321148825065274
2021-06-01,서초구,2078.0,1163.0,1174.0,건별집계|API_2017_2025,2021,6,2,여름,583657.68722,566365.0033533333,13638.012233333335,3654.67166,684761.2460766666,485160.2366033333,666676.54338,524358.5042733334,411886.78521,129846.94993999999,87923.96868333334,194115.86658666667,142318.03910666666,0,19,1,72,28,141,168,0,0,53,0,0,0,12,753504.0,486592.0,266912.0,0.3542,73447.0,1026438.0,493166.0,533272.0,0.5195,138739.0,356.0306058672252,199.26063263887528,1.2714136186346285,0.5596727622714148
2021-07-01,서초구,2103.0,1212.0,1191.0,건별집계|API_2017_2025,2021,7,3,여름,569809.6596354839,553019.859167742,12985.79895483871,3804.0015193548384,663784.0501483871,479569.90019032254,646302.7340483872,515171.74935806455,382545.113383871,118220.08469032259,84930.58069032257,179394.4480032258,131130.9846903226,0,19,1,72,28,141,168,0,0,53,0,0,0,12,753504.0,486592.0,266912.0,0.3542,73447.0,1026438.0,493166.0,533272.0,0.5195,138739.0,369.0706123419041,212.70260682757385,1.2545383842450986,0.5763195435092725
2021-08-01,서초구,1929.0,1162.0,1138.0,건별집계|API_2017_2025,2021,8,3,여름,561306.8645580645,544415.5878548387,12893.488048387097,3997.7886741935486,651225.6661290323,475944.3471483871,633735.229383871,509572.3182774193,372098.06893225806,113986.22062258064,84537.90480967742,173573.9435,124162.91110645162,0,19,1,72,28,141,168,0,0,53,0,0,0,12,753504.0,486592.0,266912.0,0.3542,73447.0,1026438.0,493166.0,533272.0,0.5195,138739.0,343.66228560535524,207.016887440862,1.2436610205322327,0.6023846552617936
2021-09-01,서초구,1980.0,1146.0,1127.0,건별집계|API_2017_2025,2021,9,3,가을,555276.82209,538467.2012366666,12954.29812,3855.32275,642556.7592300001,471208.8220433333,624630.73838,505738.31047666667,367795.80445,112746.46432333333,84378.06205333333,170671.27807333332,118892.42790333332,0,19,1,72,28,141,168,0,0,53,0,0,0,12,753504.0,486592.0,266912.0,0.3542,73447.0,1026438.0,493166.0,533272.0,0.5195,138739.0,356.57890285200466,206.38354680222088,1.2350868531024974,0.5787878787878787
2021-10-01,서초구,1938.0,1102.0,1148.0,건별집계|API_2017_2025,2021,10,4,가을,564581.7073419355,547241.4878451612,13223.00467419355,4117.21484516129,654375.2688935484,476703.76152580645,637253.2176,512673.4857548387,375061.56567419355,116829.94002258065,83227.1256967742,175004.4999548387,124579.7318451613,0,19,1,72,28,141,168,0,0,53,0,0,0,12,753504.0,486592.0,266912.0,0.3542,73447.0,1026438.0,493166.0,533272.0,0.5195,138739.0,343.262981212082,195.18875402255645,1.2430001459149684,0.5686274509803921
2021-11-01,서초구,2010.0,1100.0,1113.0,건별집계|API_2017_2025,2021,11,4,가을,583641.2685166667,564373.4369033333,13587.859176666667,5679.972423333334,684717.2383033334,484198.13650666666,666628.5113033333,524364.6665033333,410212.49715,131506.05562333332,85148.38262333332,193558.05890333332,142263.84480000002,0,19,1,72,28,141,168,0,0,53,0,0,0,12,753504.0,486592.0,266912.0,0.3542,73447.0,1026438.0,493166.0,533272.0,0.5195,138739.0,344.3896291138641,188.47193633097038,1.2713070767118435,0.5472636815920398
2021-12-01,서초구,2002.0,1100.0,1082.0,건별집계|API_2017_2025,2021,12,4,겨울,576062.3776935484,557937.8722064517,13224.648206451613,4899.857287096774,676136.3157064515,480222.9188548387,657415.561935484,517952.960383871,387496.65218709677,123221.59021612903,81471.40797741935,182803.6539935484,139462.6015516129,0,19,1,72,28,141,168,0,0,53,0,0,0,12,753504.0,486592.0,266912.0,0.3542,73447.0,1026438.0,493166.0,533272.0,0.5195,138739.0,347.53180862385994,190.95154319992304,1.2692572727999332,0.5494505494505495
2022-01-01,서초구,1828.0,1006.0,,건별집계|xlsx_2022_2024,2022,1,1,겨울,566961.0724193549,549586.9620129032,13086.19409032258,4287.916312903226,665431.7698225806,473540.48292903224,646266.694119355,510314.19977096777,383464.97185806447,123623.39577419354,80953.8459548387,178887.73012903225,135952.49434838712,3,18,18,239,33,88,188,0,0,139,0,0,0,16,701286.0,444517.0,256769.0,0.3661,75412.0,1018334.0,486349.0,531985.0,0.5224,135251.0,322.4207249713809,177.4372261056943,1.2664093893711041,0.550328227571116
2022-02-01,서초구,1730.0,851.0,,건별집계|xlsx_2022_2024,2022,2,1,겨울,565670.6782857144,545241.4280107144,12829.50612857143,7599.7441499999995,658464.224175,477381.3608678571,639986.0693357142,512588.25610714284,368678.57086785714,115736.69750714286,81187.71673571428,171754.156625,127397.81322857144,3,18,18,239,33,88,188,0,0,139,0,0,0,16,701286.0,444517.0,256769.0,0.3661,75412.0,1018334.0,486349.0,531985.0,0.5224,135251.0,305.8316554859849,150.44088949050473,1.2485382989382072,0.49190751445086706
2022-03-01,서초구,2289.0,992.0,,건별집계|xlsx_2022_2024,2022,3,1,봄,564861.3993225807,547918.3688225807,12778.504487096776,4164.526022580645,654523.737316129,478618.2698516129,637867.6010225808,512714.11238709674,355830.40578709677,111140.28551290323,78776.25423870968,165913.86603548386,125153.48863548387,3,18,18,239,33,88,188,0,0,139,0,0,0,16,701286.0,444517.0,256769.0,0.3661,75412.0,1018334.0,486349.0,531985.0,0.5224,135251.0,405.2321512401309,175.61830232861942,1.244099948902896,0.4333770205329838
2022-04-01,서초구,2071.0,1020.0,,건별집계|xlsx_2022_2024,2022,4,2,봄,576782.8671166667,558472.2017933333,13107.161213333335,5203.504123333333,674264.0535133333,479233.33237666666,657546.2141766666,519094.7620733333,401815.49933,128595.25043333332,83332.50817333334,189887.74072333332,138451.45210333334,3,18,18,239,33,88,188,0,0,139,0,0,0,16,701286.0,444517.0,256769.0,0.3661,75412.0,1018334.0,486349.0,531985.0,0.5224,135251.0,359.0605959488557,176.8429782075484,1.2667171048891726,0.4925156929019797
2022-05-01,서초구,2137.0,1184.0,,건별집계|xlsx_2022_2024,2022,5,2,봄,587556.3535064517,568134.3999709677,13128.85404516129,6293.0995,688022.7597612903,486333.19907419354,669977.0235451612,528684.446348387,409092.24266774196,133369.86716451612,82674.42336129032,193047.9521419355,141292.5771967742,3,18,18,239,33,88,188,0,0,139,0,0,0,16,701286.0,444517.0,256769.0,0.3661,75412.0,1018334.0,486349.0,531985.0,0.5224,135251.0,363.7097934941375,201.51258563269013,1.2672531378077778,0.5540477304632663
2022-06-01,서초구,2047.0,1130.0,,건별집계|xlsx_2022_2024,2022,6,2,여름,595318.1563833334,575159.1422633334,13091.510223333335,7067.503906666667,699284.8035833334,493700.73456333333,679509.86954,535181.21841,410747.10446,133841.77599,84068.30554666667,192837.0229233333,144328.65113,3,18,18,239,33,88,188,0,0,139,0,0,0,16,701286.0,444517.0,256769.0,0.3661,75412.0,1018334.0,486349.0,531985.0,0.5224,135251.0,343.8497512718072,189.81446943680612,1.2696818314342087,0.5520273571079629
2022-07-01,서초구,2520.0,1322.0,,건별집계|xlsx_2022_2024,2022,7,3,여름,579724.8592677419,559785.3827709677,12673.488522580645,7265.987974193548,683673.6547322581,479510.7613483871,663628.4198032258,519793.74460967747,395067.97222903225,131468.27202903226,77864.6836419355,185735.0165580645,143834.67519354838,3,18,18,239,33,88,188,0,0,139,0,0,0,16,701286.0,444517.0,256769.0,0.3661,75412.0,1018334.0,486349.0,531985.0,0.5224,135251.0,434.688966621691,228.03921185471253,1.276714902180203,0.5246031746031746
2022-08-01,서초구,2535.0,1311.0,,건별집계|xlsx_2022_2024,2022,8,3,여름,568135.9361129032,548726.4247258065,12560.691103225807,6848.820290322581,666348.1789516129,471967.8267709677,648249.597048387,510911.8925870968,384282.6682935484,125978.33492903225,76870.7231580645,181433.61020645162,137337.70446129033,3,18,18,239,33,88,188,0,0,139,0,0,0,16,701286.0,444517.0,256769.0,0.3661,75412.0,1018334.0,486349.0,531985.0,0.5224,135251.0,446.1960314188312,230.75463400003457,1.2688089795010553,0.5171597633136095
2022-09-01,서초구,2042.0,1146.0,,건별집계|xlsx_2022_2024,2022,9,3,가을,566800.0397266666,547864.20746,12660.01298,6275.819293333333,664666.73927,469884.26049666665,645569.9609833334,510535.81024333334,385195.06807,127177.97406,75975.52690666667,182041.56710333333,135034.15074,3,18,18,239,33,88,188,0,0,139,0,0,0,16,701286.0,444517.0,256769.0,0.3661,75412.0,1018334.0,486349.0,531985.0,0.5224,135251.0,360.2681469438028,202.18770636513125,1.2644949639784124,0.5612144955925563
2022-10-01,서초구,1976.0,1143.0,,건별집계|xlsx_2022_2024,2022,10,4,가을,568003.9607645161,548519.0605548387,12703.052396774194,6781.847816129032,664207.6669290323,474892.3255612903,645455.3283193549,512681.55535806454,379861.1560516129,125608.53997741935,75906.37888387096,178346.2371903226,132773.77296129032,3,18,18,239,33,88,188,0,0,139,0,0,0,16,701286.0,444517.0,256769.0,0.3661,75412.0,1018334.0,486349.0,531985.0,0.5224,135251.0,347.8848980807042,201.2309911468851,1.2589790320593046,0.5784412955465587
2022-11-01,서초구,2084.0,1157.0,,건별집계|xlsx_2022_2024,2022,11,4,가을,580690.1921866667,561409.6080733333,12828.728023333333,6451.856083333333,688741.53277,474489.9964066667,669631.9587833334,517160.35890333337,407820.4091366667,135529.04167666667,77663.18233333335,194628.18512666665,152471.59988000002,3,18,18,239,33,88,188,0,0,139,0,0,0,16,701286.0,444517.0,256769.0,0.3661,75412.0,1018334.0,486349.0,531985.0,0.5224,135251.0,358.8832785607105,199.24565897060558,1.294824607600096,0.5551823416506718
2022-12-01,서초구,2318.0,1244.0,,건별집계|xlsx_2022_2024,2022,12,4,겨울,578314.0165677419,559150.8431225806,12449.41785483871,6713.755606451613,685543.7139935484,475777.0578,664123.2378129032,517021.7156774193,386997.8129645161,130967.05549032259,71302.22726451613,184728.5302096774,147101.5221354839,3,18,18,239,33,88,188,0,0,139,0,0,0,16,701286.0,444517.0,256769.0,0.3661,75412.0,1018334.0,486349.0,531985.0,0.5224,135251.0,400.820304124252,215.10804932293766,1.2845171057133384,0.5366695427092321
2023-01-01,서초구,1961.0,,,xlsx_2022_2024,2023,1,1,겨울,567944.600883871,549073.2858451613,12575.896999999999,6295.418041935483,672117.953548387,469054.43079677416,650929.231067742,508669.86504516134,374668.8651483871,128319.64374193549,70024.65726774193,176324.56413870968,142259.36602258065,1,32,13,397,37,62,232,0,0,74,0,0,0,18,666769.0,437034.0,229735.0,0.3445,81093.0,973301.0,469126.0,504175.0,0.518,149036.0,345.2801553088398,,1.2796693411549953,
2023-02-01,서초구,1737.0,,,xlsx_2022_2024,2023,2,1,겨울,589662.9454107143,570668.6726678571,13338.442910714284,5655.829846428571,705908.8517535714,479432.85724285716,683536.8076178571,522610.18669642863,402996.7900642857,141644.49598214286,71863.60363214285,189488.69045000002,160926.62092142858,1,32,13,397,37,62,232,0,0,74,0,0,0,18,666769.0,437034.0,229735.0,0.3445,81093.0,973301.0,469126.0,504175.0,0.518,149036.0,294.5750641987752,,1.3079285957640676,
2023-03-01,서초구,2120.0,,,xlsx_2022_2024,2023,3,1,봄,587648.7676419355,569114.8692225807,12979.910596774194,5553.987822580645,698576.0111870967,480840.5018645161,678165.8228161291,522993.7282419355,386698.04311612906,133391.8577548387,70423.53339032258,182882.65197096774,155172.09457419356,1,32,13,397,37,62,232,0,0,74,0,0,0,18,666769.0,437034.0,229735.0,0.3445,81093.0,973301.0,469126.0,504175.0,0.518,149036.0,360.75971170788745,,1.2966997235240485,
2023-04-01,서초구,2080.0,,,xlsx_2022_2024,2023,4,2,봄,579766.2360833333,560907.0778666666,12811.191833333334,6047.9664,683928.2270966667,478643.1196,664470.53226,519263.1674,395459.38547333336,134296.62365,75133.28338666666,186029.47843666666,145207.36486,1,32,13,397,37,62,232,0,0,74,0,0,0,18,666769.0,437034.0,229735.0,0.3445,81093.0,973301.0,469126.0,504175.0,0.518,149036.0,358.7652868596903,,1.2796411799956218,
2023-05-01,서초구,2311.0,,,xlsx_2022_2024,2023,5,2,봄,568173.9944129032,549883.3440967741,12691.010735483871,5599.639583870968,670833.274667742,465869.4921129032,650926.5545258065,509065.02289354836,384632.27181612904,128657.95924193549,74097.5225516129,181876.79002258065,141861.53163225806,1,32,13,397,37,62,232,0,0,74,0,0,0,18,666769.0,437034.0,229735.0,0.3445,81093.0,973301.0,469126.0,504175.0,0.518,149036.0,406.74160076403473,,1.2786707498109195,
2023-06-01,서초구,2295.0,,,xlsx_2022_2024,2023,6,2,여름,578058.04202,558850.3562299999,13055.915163333333,6151.7706333333335,685059.1771033333,473311.9854933333,664978.9945433333,515971.64737333334,393509.1667,132771.6415,73508.27421,187229.25099,149007.34717,1,32,13,397,37,62,232,0,0,74,0,0,0,18,666769.0,437034.0,229735.0,0.3445,81093.0,973301.0,469126.0,504175.0,0.518,149036.0,397.0189553942052,,1.2887897967428144,
2023-07-01,서초구,2445.0,,,xlsx_2022_2024,2023,7,3,여름,576041.1762709678,557033.1149935485,12970.873032258065,6037.188222580646,684333.8445967742,473181.7877451613,663298.6529290323,513714.40720967745,382429.79578387097,131762.20890967743,70525.74961612903,180141.8372580645,149584.24571935486,1,32,13,397,37,62,232,0,0,74,0,0,0,18,666769.0,437034.0,229735.0,0.3445,81093.0,973301.0,469126.0,504175.0,0.518,149036.0,424.44882427118034,,1.291181722023032,
2023-08-01,서초구,2341.0,,,xlsx_2022_2024,2023,8,3,여름,569796.7668129032,551715.1189548387,12924.214341935483,5157.433522580645,675483.1464322581,468453.3335451613,655480.5706935484,508594.0497645161,375022.9954677419,128492.14938387096,68906.63788064517,177624.2082032258,146886.52092903227,1,32,13,397,37,62,232,0,0,74,0,0,0,18,666769.0,437034.0,229735.0,0.3445,81093.0,973301.0,469126.0,504175.0,0.518,149036.0,410.84824210114965,,1.288808964629142,
2023-09-01,서초구,2297.0,,,xlsx_2022_2024,2023,9,3,가을,569069.7942133334,550420.43286,12903.767909999999,5745.59346,670714.0774666667,469251.05334,650784.88334,510701.8734066666,372069.66448,128328.89866666666,69015.03537333333,174725.73044,140083.00993333335,1,32,13,397,37,62,232,0,0,74,0,0,0,18,666769.0,437034.0,229735.0,0.3445,81093.0,973301.0,469126.0,504175.0,0.518,149036.0,403.6411743089106,,1.274295077476222,
2023-10-01,서초구,2061.0,,,xlsx_2022_2024,2023,10,4,가을,568135.6115129032,548818.8496967742,12935.233170967742,6381.528658064516,666178.895083871,471012.95026129036,648105.4773419355,511014.27877741936,365195.0334677419,125191.99052580645,67832.9457,172170.09724193547,137091.19856451615,1,32,13,397,37,62,232,0,0,74,0,0,0,18,666769.0,437034.0,229735.0,0.3445,81093.0,973301.0,469126.0,504175.0,0.518,149036.0,362.76550144633757,,1.2682727357296184,
2023-11-01,서초구,1954.0,,,xlsx_2022_2024,2023,11,4,가을,589653.78951,569794.4667,13435.400889999999,6423.921923333333,702501.1620066667,478790.2862833334,682506.6934333333,523330.2867133334,401681.32144,141636.12559666668,70719.24006666667,189325.95577666667,159176.40672,1,32,13,397,37,62,232,0,0,74,0,0,0,18,666769.0,437034.0,229735.0,0.3445,81093.0,973301.0,469126.0,504175.0,0.518,149036.0,331.3808941385362,,1.3041605096461626,
2023-12-01,서초구,2252.0,,,xlsx_2022_2024,2023,12,4,겨울,584407.8330548386,563182.0356032258,14375.8046,6849.992861290322,692302.959016129,480128.6961225807,671095.0597870968,522488.3853903226,376779.38522258063,134704.9768516129,67514.10612903225,174560.30224193548,148606.67439677418,1,32,13,397,37,62,232,0,0,74,0,0,0,18,666769.0,437034.0,229735.0,0.3445,81093.0,973301.0,469126.0,504175.0,0.518,149036.0,385.3473332532627,,1.284421010212042,
2024-01-01,서초구,1949.0,,,xlsx_2022_2024,2024,1,1,겨울,576518.3138387096,557154.7674903226,13590.722122580644,5772.824248387097,684838.9082419354,470265.2385096774,663064.3524580644,514699.71482903225,369123.19992580643,131956.33167419356,64511.06573870967,172655.8025129032,148364.63762903225,0,45,0,82,38,82,221,9,95,80,133,17,0,20,657452.0,423749.0,233703.0,0.3555,68058.0,918978.0,461362.0,457616.0,0.498,107349.0,338.06384866123517,,1.2882547500114985,
2024-02-01,서초구,1714.0,,,xlsx_2022_2024,2024,2,1,겨울,575941.6963448275,556926.4819931035,13687.259165517242,5327.955189655173,685072.6158275863,470986.92882413795,663402.4660413794,513469.71799310343,375345.65691724134,132080.35391034483,66728.67349310344,176536.6295137931,149932.74804827588,0,45,0,82,38,82,221,9,95,80,133,17,0,20,657452.0,423749.0,233703.0,0.3555,68058.0,918978.0,461362.0,457616.0,0.498,107349.0,297.59956795588465,,1.2919992022787403,
2024-03-01,서초구,1750.0,,,xlsx_2022_2024,2024,3,1,봄,588205.9312129032,568431.4333709677,13646.193558064517,6128.304274193548,699544.9060451613,482136.1531064516,677757.7772064516,524240.3269322581,376875.73964516126,133044.33569354838,67828.63360967742,176002.77034193548,153517.45027419354,0,45,0,82,38,82,221,9,95,80,133,17,0,20,657452.0,423749.0,233703.0,0.3555,68058.0,918978.0,461362.0,457616.0,0.498,107349.0,297.51485103039215,,1.2928379264001775,
2024-04-01,서초구,1833.0,,,xlsx_2022_2024,2024,4,2,봄,591108.4853466668,570154.5576233334,13834.232373333334,7119.695343333334,702406.5577433333,480796.21289333334,682654.7763866667,525718.2774833334,402258.21169,137634.29344333333,73293.65658,191330.26166666666,156936.49890333333,0,45,0,82,38,82,221,9,95,80,133,17,0,20,657452.0,423749.0,233703.0,0.3555,68058.0,918978.0,461362.0,457616.0,0.498,107349.0,310.09536243165286,,1.2985182475576162,
2024-05-01,서초구,1974.0,,,xlsx_2022_2024,2024,5,2,봄,580459.9457,559967.7087709678,13599.755112903227,6892.481816129032,686157.6210806451,475414.12719354837,666602.7536870969,518929.36857096775,385078.70897096774,130889.65674838709,72433.08737741935,181755.96484516127,147673.38511612904,0,45,0,82,38,82,221,9,95,80,133,17,0,20,657452.0,423749.0,233703.0,0.3555,68058.0,918978.0,461362.0,457616.0,0.498,107349.0,340.07514465437816,,1.28457318868422,
2024-06-01,서초구,2027.0,,,xlsx_2022_2024,2024,6,2,여름,583804.2327233333,563312.1524033333,13555.904483333334,6936.175843333333,690385.7427433333,479796.40014333336,669811.7645433334,522370.28141,390059.13471666665,134095.73814,74461.19109666668,181502.20548,147441.48313333333,0,45,0,82,38,82,221,9,95,80,133,17,0,20,657452.0,423749.0,233703.0,0.3555,68058.0,918978.0,461362.0,457616.0,0.498,107349.0,347.20543058491353,,1.28225473075412,
2024-07-01,서초구,2232.0,,,xlsx_2022_2024,2024,7,3,여름,592133.9500451613,571693.7832064516,13731.503248387096,6708.663587096775,710237.5466774193,479942.38461612904,687343.7870935485,524126.9235935484,401478.2525451613,139938.8859967742,72113.09223870968,189426.27430967742,163216.8635,0,45,0,82,38,82,221,9,95,80,133,17,0,20,657452.0,423749.0,233703.0,0.3555,68058.0,918978.0,461362.0,457616.0,0.498,107349.0,376.941737562889,,1.3114071347087903,
2024-08-01,서초구,2296.0,,,xlsx_2022_2024,2024,8,3,여름,585010.6983870968,565241.6643870968,13915.64843548387,5853.385593548387,695116.5959774193,479435.41433548386,673104.7171258065,522086.39929354837,391571.0948967742,136598.26458387097,72255.52601290322,182717.3043,151018.31783225804,0,45,0,82,38,82,221,9,95,80,133,17,0,20,657452.0,423749.0,233703.0,0.3555,68058.0,918978.0,461362.0,457616.0,0.498,107349.0,392.47145502299105,,1.2892592452831673,
2024-09-01,서초구,1667.0,,,xlsx_2022_2024,2024,9,3,가을,569428.92045,549468.6952133334,13307.640336666667,6652.584916666666,671815.4404466667,469210.46620666666,650343.56004,511632.74933333334,377425.05699666665,129545.73069666667,72383.62181333333,175495.70448666665,138710.81070666667,0,45,0,82,38,82,221,9,95,80,133,17,0,20,657452.0,423749.0,233703.0,0.3555,68058.0,918978.0,461362.0,457616.0,0.498,107349.0,292.7494442471639,,1.2711140185756469,
2024-10-01,서초구,1832.0,,,xlsx_2022_2024,2024,10,4,가을,584221.3955999999,562842.9330677419,13959.194651612903,7419.267880645161,690907.361432258,480345.5294096774,670049.850116129,522915.3566548387,391243.0552193548,134370.12352258066,75440.5038,181432.4278967742,147134.49346129032,0,45,0,82,38,82,221,9,95,80,133,17,0,20,657452.0,423749.0,233703.0,0.3555,68058.0,918978.0,461362.0,457616.0,0.498,107349.0,313.5797514088853,,1.2813734413969593,
2024-11-01,서초구,1829.0,,,xlsx_2022_2024,2024,11,4,가을,592545.4256433334,571285.4979466667,14155.924936666668,7104.00277,708128.8645033333,483132.5072533333,685027.3192966668,526486.9301766667,420652.86483000003,145931.12759333334,78889.54031333333,195832.19692333334,158540.38912,0,45,0,82,38,82,221,9,95,80,133,17,0,20,657452.0,423749.0,233703.0,0.3555,68058.0,918978.0,461362.0,457616.0,0.498,107349.0,308.6683182161492,,1.3011288220712347,
2024-12-01,서초구,2003.0,,,xlsx_2022_2024,2024,12,4,겨울,590062.8667483871,568566.0411096774,13851.504612903225,7645.321032258064,708390.6754419354,480954.6888451613,681728.2144,524587.6184354839,404675.3327032258,143791.93732258063,74550.54907741936,186332.8463032258,157140.59596451613,0,45,0,82,38,82,221,9,95,80,133,17,0,20,657452.0,423749.0,233703.0,0.3555,68058.0,918978.0,461362.0,457616.0,0.498,107349.0,339.45535516203114,,1.2995507145844731,
2018-04-01,성동구,1236.0,794.0,801.0,API_2017_2025,2018,4,2,봄,371664.28217692306,353383.10871923075,16431.889061538463,1849.284396153846,388264.75333076925,354642.0082153846,380365.4296115385,365449.1768653846,225910.64033076924,40593.152507692306,77448.48496538462,107869.0028576923,14916.252746153845,0,56,7,96,0,29,253,0,0,151,0,0,0,12,,,,,,,,,,,332.55818739440446,213.63365759802358,1.040816216564221,0.6423948220064725
2018-05-01,성동구,1357.0,861.0,869.0,API_2017_2025,2018,5,2,봄,369479.46003225807,351218.7724935484,16433.078309677418,1827.6092419354839,389265.1695,351098.0918741935,376669.40047096775,363468.7678032258,217179.66227741935,39871.210841935484,73096.91407096773,104211.53736451613,13200.632667741938,0,56,7,96,0,29,253,0,0,151,0,0,0,12,,,,,,,,,,,367.27346085260723,233.0305451688245,1.0363184786069115,0.63448784082535
2018-06-01,성동구,1482.0,934.0,938.0,API_2017_2025,2018,6,2,여름,365900.85958,348201.7616733333,15983.508126666666,1715.5897766666667,381670.7191766667,351661.55494666664,373153.02802333335,360720.7392633333,201376.67294,37147.62005666667,67442.43659,96786.61629333333,12432.288759999998,0,56,7,96,0,29,253,0,0,151,0,0,0,12,,,,,,,,,,,405.0277448654033,255.26040061017997,1.0344651344011695,0.6302294197031039
2018-07-01,성동구,1568.0,974.0,982.0,API_2017_2025,2018,7,3,여름,360303.9661709678,343857.7782580645,14395.920893548388,2050.267022580645,376845.5470258065,345938.9017322581,366969.81920645165,355542.64259354834,200941.9995451613,37361.42454516129,67831.74833225805,95748.82666774193,11427.17661290323,0,56,7,96,0,29,253,0,0,151,0,0,0,12,,,,,,,,,,,435.18810427303725,270.32730456756263,1.0321401014785354,0.6211734693877551
2018-08-01,성동구,1561.0,955.0,961.0,API_2017_2025,2018,8,3,여름,359699.45384838706,343177.2038419355,14296.814583870968,2225.435419354839,375813.7646935484,346161.8162483871,364925.6018096774,355165.8941129032,205902.69733870967,37381.13545806451,71381.9586935484,97139.60318709677,9759.70769677419,0,56,7,96,0,29,253,0,0,151,0,0,0,12,,,,,,,,,,,433.97341399855446,265.4994300888017,1.0274792930811978,0.6117873158231902
2018-09-01,성동구,1410.0,873.0,883.0,API_2017_2025,2018,9,3,가을,363038.13875,345019.8483633333,15785.698926666666,2232.59145,378950.20791,348201.84275333333,369162.9563566667,358663.2690266667,200991.63310333333,38834.77251,68949.26921,93207.59138333333,10499.687329999997,0,56,7,96,0,29,253,0,0,151,0,0,0,12,,,,,,,,,,,388.3889458156826,240.47060262205028,1.0292744984968598,0.6191489361702127
2018-10-01,성동구,1385.0,906.0,916.0,API_2017_2025,2018,10,4,가을,373034.0322709677,355043.4651451613,16170.845506451613,1819.7216161290323,388715.8953129032,356894.9265129032,381026.1824064516,366492.4697903226,210196.3471419355,39478.46814193549,70453.84913870967,100264.02986129033,14533.712616129027,0,56,7,96,0,29,253,0,0,151,0,0,0,12,,,,,,,,,,,371.27979760140266,242.8732827630836,1.0396562380243284,0.6541516245487364
2018-11-01,성동구,1269.0,832.0,840.0,API_2017_2025,2018,11,4,가을,376409.94215666666,357981.40691333334,16462.356303333334,1966.1789366666667,394130.0558833333,358473.64131,385081.7340266667,370215.80511,220305.23079666667,42244.165843333336,73982.07052666666,104078.99442666667,14865.92891666667,0,56,7,96,0,29,253,0,0,151,0,0,0,12,,,,,,,,,,,337.13243405027436,221.03560687929726,1.0401547657109065,0.6556343577620173
2018-12-01,성동구,1441.0,899.0,903.0,API_2017_2025,2018,12,4,겨울,373862.43474193546,354847.1768419355,16905.891232258065,2109.3666580645163,388433.27532580646,359250.54658064514,381495.267716129,368410.4111870968,206454.46596129032,38972.884690322586,71727.38761612904,95754.1936548387,13084.856529032251,0,56,7,96,0,29,253,0,0,151,0,0,0,12,,,,,,,,,,,385.43588927159084,240.4627789418183,1.0355170650223213,0.6238723108952117
2019-01-01,성동구,1235.0,797.0,803.0,API_2017_2025,2019,1,1,겨울,368712.5296870968,351205.48202903225,15558.763861290321,1948.2838096774194,384794.39329032257,354652.8159483871,375912.35795806453,363569.7951967742,213186.2540548387,39529.37529677419,75172.29199677419,98484.58676129032,12342.562761290323,0,50,1,102,0,46,246,0,0,151,0,0,0,15,682550.0,483641.0,198909.0,0.2914,,501678.0,352962.0,148716.0,0.2964,,334.94928991105,216.1575579425966,1.0339482622713754,0.6453441295546559
2019-02-01,성동구,1104.0,717.0,721.0,API_2017_2025,2019,2,1,겨울,355086.23235,337428.283375,15678.560125,1979.388839285714,369779.27453571424,340209.1449214286,361445.6906785714,350543.76211428567,201109.90971428572,38582.50864642857,70880.33575,91647.06531785715,10901.928564285723,0,50,1,102,0,46,246,0,0,151,0,0,0,15,682550.0,483641.0,198909.0,0.2914,,501678.0,352962.0,148716.0,0.2964,,310.91039286249026,201.9227823210195,1.0311000501008243,0.6494565217391305
2019-03-01,성동구,1241.0,777.0,784.0,API_2017_2025,2019,3,1,봄,370839.036383871,351282.56876129034,17629.031700000003,1927.4359290322582,386069.93499032257,355050.13849354844,378873.78742580645,365099.9285129032,196991.62597096775,39641.76049354838,65602.47196129031,91747.39351612903,13773.858912903232,0,50,1,102,0,46,246,0,0,151,0,0,0,15,682550.0,483641.0,198909.0,0.2914,,501678.0,352962.0,148716.0,0.2964,,334.646538859892,209.5248676020436,1.0377262711855515,0.6261079774375503
2019-04-01,성동구,1257.0,822.0,823.0,API_2017_2025,2019,4,2,봄,366881.1340533334,347555.10013000004,17640.711743333333,1685.3222133333334,382855.07612333336,349891.13350000005,375811.17298333335,360502.53483,220379.04902333335,40579.03709,74371.70998333332,105428.30195,15308.638153333337,0,50,1,102,0,46,246,0,0,151,0,0,0,15,682550.0,483641.0,198909.0,0.2914,,501678.0,352962.0,148716.0,0.2964,,342.617780890655,224.0507684105954,1.0424647170942982,0.6539379474940334
2019-05-01,성동구,1408.0,890.0,893.0,API_2017_2025,2019,5,2,봄,355082.99634193553,335756.37983870966,17622.205629032258,1704.4108870967743,370517.29236129037,338799.4708741936,363848.0115935484,348822.2711677419,199625.14560000002,38406.51597096774,64876.08441290323,96342.54521612903,15025.740425806453,0,50,1,102,0,46,246,0,0,151,0,0,0,15,682550.0,483641.0,198909.0,0.2914,,501678.0,352962.0,148716.0,0.2964,,396.52701326315645,250.64562628139862,1.043075633833543,0.6321022727272727
2019-06-01,성동구,1392.0,899.0,905.0,API_2017_2025,2019,6,2,여름,352802.47481333336,333640.7592666667,17336.215186666665,1825.5003533333334,367555.20975333336,338086.93278333335,360325.38743666664,347428.9657933333,187796.85547666668,35684.168079999996,63104.03651333333,89008.65088333334,12896.42164333333,0,50,1,102,0,46,246,0,0,151,0,0,0,15,682550.0,483641.0,198909.0,0.2914,,501678.0,352962.0,148716.0,0.2964,,394.5550554135151,254.81680662122847,1.0371195925299006,0.6458333333333334
2019-07-01,성동구,1445.0,885.0,890.0,API_2017_2025,2019,7,3,여름,346067.1595032258,328210.9729741936,15925.669319354838,1930.5171967741935,362343.10242580646,331192.959716129,353151.97453225806,341006.57732903224,178479.98029677419,34507.03212580645,59381.76531935484,84591.1828516129,12145.39720322581,0,50,1,102,0,46,246,0,0,151,0,0,0,15,682550.0,483641.0,198909.0,0.2914,,501678.0,352962.0,148716.0,0.2964,,417.54901045053674,255.73070882264707,1.0356163136158718,0.6124567474048442
2019-08-01,성동구,1440.0,871.0,873.0,API_2017_2025,2019,8,3,여름,355575.63306774193,339205.1380516129,14469.34234516129,1901.152664516129,369496.44652258063,341448.1161806452,361248.32006129035,351523.71378064516,186578.2883548387,36197.81004193548,63572.37437741935,86808.10393548387,9724.60628064516,0,50,1,102,0,46,246,0,0,151,0,0,0,15,682550.0,483641.0,198909.0,0.2914,,501678.0,352962.0,148716.0,0.2964,,404.97713175009955,244.95491788495607,1.0276641543640308,0.6048611111111111
2019-09-01,성동구,1372.0,857.0,865.0,API_2017_2025,2019,9,3,가을,365277.10362,346127.06011666666,16959.508246666668,2190.5352799999996,381131.7099133333,348265.8073766667,373322.29107000004,359530.54115666664,200231.28219,40505.00827666667,65323.230593333334,94403.04332,13791.749913333337,0,50,1,102,0,46,246,0,0,151,0,0,0,15,682550.0,483641.0,198909.0,0.2914,,501678.0,352962.0,148716.0,0.2964,,375.6052559558455,234.6164025904953,1.0383604404481555,0.6246355685131195
2019-10-01,성동구,1413.0,861.0,869.0,API_2017_2025,2019,10,4,가을,378752.68428387097,359206.0543467742,17567.953904838712,1978.6760451612904,395243.48932903225,361255.3379064516,389409.02958387096,371141.00908225804,220058.11347903227,42234.292420967744,68427.76026935484,109396.06078870967,18268.020501612897,0,50,1,102,0,46,246,0,0,151,0,0,0,15,682550.0,483641.0,198909.0,0.2914,,501678.0,352962.0,148716.0,0.2964,,373.06666292587175,227.3251215705418,1.0492212395142895,0.6093418259023354
2019-11-01,성동구,1241.0,826.0,832.0,API_2017_2025,2019,11,4,가을,381296.0875266667,361525.78515,17899.71994,1870.5824566666668,398152.59451666666,363256.55526,392454.2154033333,373325.9962033333,213885.29799333334,42811.68199666667,67267.61586666667,103806.00013,19128.219199999992,0,50,1,102,0,46,246,0,0,151,0,0,0,15,682550.0,483641.0,198909.0,0.2914,,501678.0,352962.0,148716.0,0.2964,,325.46885231630085,216.62955037329937,1.0512373083967657,0.6655922643029815
2019-12-01,성동구,1310.0,843.0,850.0,API_2017_2025,2019,12,4,겨울,379292.1994290322,359107.5989967742,18024.616758064516,2159.9836806451613,394870.9391354839,361959.32268064516,390039.92354193545,371615.2536483871,219420.64619677418,43049.01721290322,70808.1970483871,105563.43193548388,18424.669893548384,0,50,1,102,0,46,246,0,0,151,0,0,0,15,682550.0,483641.0,198909.0,0.2914,,501678.0,352962.0,148716.0,0.2964,,345.38015861439004,222.2560868030006,1.049579961297771,0.6435114503816793
2020-01-01,성동구,1212.0,768.0,777.0,API_2017_2025,2020,1,1,겨울,366248.5102354839,347761.1109741936,16497.98740967742,1989.411858064516,381207.02762258064,350834.04288387095,374896.70894516126,360071.22543548385,209963.65898709677,41354.96927096774,69685.59956451612,98923.09015161291,14825.48350967742,0,18,2,67,1,63,90,0,0,92,0,0,0,27,653673.0,468060.0,185613.0,0.284,,476723.0,334385.0,142338.0,0.2986,,330.92284777369605,209.69368571798563,1.0411737524756302,0.6336633663366337
2020-02-01,성동구,1095.0,644.0,647.0,API_2017_2025,2020,2,1,겨울,371041.4011448276,352744.6466137931,15778.88917586207,2517.865351724138,384078.5833827586,356883.7995241379,380167.52691034484,364522.7398827586,200873.59974482757,36706.559817241374,67662.02699655172,96505.01293103448,15644.787027586211,0,18,2,67,1,63,90,0,0,92,0,0,0,27,653673.0,468060.0,185613.0,0.284,,476723.0,334385.0,142338.0,0.2986,,295.11531506226487,173.5655368950672,1.0429185488746686,0.5881278538812785
2020-03-01,성동구,1196.0,639.0,640.0,API_2017_2025,2020,3,1,봄,369598.80841935484,350905.6281870968,15408.580861290322,3284.5993677419356,383585.308116129,354043.2235451613,378895.57527741935,362958.2606806452,191793.28507741934,33253.69394193548,66408.06197741936,92131.52915806451,15937.314596774193,0,18,2,67,1,63,90,0,0,92,0,0,0,27,653673.0,468060.0,185613.0,0.284,,476723.0,334385.0,142338.0,0.2986,,323.5941168519657,172.89016778294823,1.0439094968299865,0.5342809364548495
2020-04-01,성동구,1052.0,601.0,607.0,API_2017_2025,2020,4,2,봄,363405.6104066667,345273.88698,15465.80595,2665.9174733333334,378562.8216133333,346428.8179166667,372977.25944666663,356568.71823,197483.51286000002,35813.27744,66303.14625333334,95367.08916666666,16408.541216666665,0,18,2,67,1,63,90,0,0,92,0,0,0,27,653673.0,468060.0,185613.0,0.284,,476723.0,334385.0,142338.0,0.2986,,289.4836980702544,165.37994538044,1.0460178932636557,0.5712927756653993
2020-05-01,성동구,1241.0,697.0,706.0,API_2017_2025,2020,5,2,봄,359601.5839354839,341553.1907709677,15640.514190322581,2407.8789838709677,374318.8649516129,344035.7392,367955.9361709677,353634.18948709674,194430.91271290326,35717.772332258064,65242.55550645161,93470.58487419355,14321.746683870975,0,18,2,67,1,63,90,0,0,92,0,0,0,27,653673.0,468060.0,185613.0,0.284,,476723.0,334385.0,142338.0,0.2986,,345.10415288455675,193.8256201132442,1.0404987614592438,0.5616438356164384
2020-06-01,성동구,1276.0,720.0,724.0,API_2017_2025,2020,6,2,여름,361256.85261,342144.29015333334,16810.30657333333,2302.255896666667,377308.39521,344296.41419999994,370760.6879866666,354468.39877666667,201781.15095666665,38318.569676666666,65293.278783333335,98169.30249666666,16292.289209999999,0,18,2,67,1,63,90,0,0,92,0,0,0,27,653673.0,468060.0,185613.0,0.284,,476723.0,334385.0,142338.0,0.2986,,353.211292957126,199.30417784414632,1.0459625999559552,0.5642633228840125
2020-07-01,성동구,1336.0,744.0,749.0,API_2017_2025,2020,7,3,여름,361546.73511290323,341335.4852806452,16343.523841935485,3867.7260096774194,377019.6832451613,345289.2585967742,370791.71922258066,354943.1750612903,198972.26693870968,37113.56146129032,64237.66293548387,97621.04254193549,15848.544161290327,0,18,2,67,1,63,90,0,0,92,0,0,0,27,653673.0,468060.0,185613.0,0.284,,476723.0,334385.0,142338.0,0.2986,,369.5234585876695,205.7825248422351,1.04465093365594,0.5568862275449101
2020-08-01,성동구,1369.0,679.0,681.0,API_2017_2025,2020,8,3,여름,354951.6971935484,336111.73183548386,15409.262919354838,3430.7024258064516,368582.5440580645,340219.7574741935,362939.6691935484,349246.0028870968,187371.7654032258,33427.59539032258,64526.72809354839,89417.44191935484,13693.666306451612,0,18,2,67,1,63,90,0,0,92,0,0,0,27,653673.0,468060.0,185613.0,0.284,,476723.0,334385.0,142338.0,0.2986,,385.68628092895426,191.29363385738492,1.039209228432826,0.4959824689554419
2020-09-01,성동구,1187.0,597.0,602.0,API_2017_2025,2020,9,3,가을,359691.47201666667,340823.7512666667,15139.75946,3727.961303333333,375035.1877733333,343005.3301933333,369200.57086333336,352899.2585666666,192181.05811333333,34095.57622333333,64577.77005000001,93507.71184,16301.312296666663,0,18,2,67,1,63,90,0,0,92,0,0,0,27,653673.0,468060.0,185613.0,0.284,,476723.0,334385.0,142338.0,0.2986,,330.0050438629802,165.9755780844138,1.0461925376745649,0.5029486099410277
2020-10-01,성동구,1222.0,658.0,663.0,API_2017_2025,2020,10,4,가을,353162.20086774195,335816.660183871,14937.018980645162,2408.5217032258065,369248.2748967742,336628.9328516129,362004.3213870968,346846.4004903226,195661.43497096773,36934.857512903225,63623.814893548384,95102.76256451613,15157.920896774194,0,18,2,67,1,63,90,0,0,92,0,0,0,27,653673.0,468060.0,185613.0,0.284,,476723.0,334385.0,142338.0,0.2986,,346.0166453254251,186.3166551752289,1.0437021138906042,0.5384615384615384
2020-11-01,성동구,1052.0,557.0,570.0,API_2017_2025,2020,11,4,가을,357116.0238266667,339963.4596933333,14957.309636666667,2195.254496666667,373697.62684,339656.0642866667,367908.9607233333,349406.7831966666,197052.26972666665,37094.45876666667,62193.99359,97763.81737,18502.177526666666,0,18,2,67,1,63,90,0,0,92,0,0,0,27,653673.0,468060.0,185613.0,0.284,,476723.0,334385.0,142338.0,0.2986,,294.582132923447,155.9717186676426,1.0529531148691311,0.529467680608365
2020-12-01,성동구,1020.0,573.0,591.0,API_2017_2025,2020,12,4,겨울,354729.41121935484,337601.4297645161,14907.657261290322,2220.3242,369020.51530645165,338671.69491612905,365407.78078709677,347102.0044,178985.92853548386,31498.443612903226,59464.73578064516,88022.74914193548,18305.776387096765,0,18,2,67,1,63,90,0,0,92,0,0,0,27,653673.0,468060.0,185613.0,0.284,,476723.0,334385.0,142338.0,0.2986,,287.5431153266455,161.5315736099685,1.0527388956417585,0.5617647058823529
2021-01-01,성동구,1093.0,670.0,603.0,건별집계|API_2017_2025,2021,1,1,겨울,354413.3769967742,337824.1919741935,14328.630954838709,2260.554087096774,368993.10975161294,338549.9128806452,365087.4177967742,346789.0621580645,184156.96958709677,33408.563619354834,61188.97298387097,89559.43298387097,18298.355638709672,0,31,3,93,1,85,90,0,0,117,0,0,1,9,695798.0,506272.0,189526.0,0.2724,69960.0,527683.0,377038.0,150645.0,0.2855,98533.0,308.39693728883947,189.04478315052373,1.0527650887396482,0.6129917657822507
2021-02-01,성동구,1138.0,631.0,559.0,건별집계|API_2017_2025,2021,2,1,겨울,352672.6900107143,335891.03544285713,14209.737646428572,2571.916932142857,369595.2217,334530.63505357143,364194.41207857145,344442.88855714287,193338.65156071426,37336.26723928571,60684.39246428572,95317.99185714286,19751.523521428575,0,31,3,93,1,85,90,0,0,117,0,0,1,9,695798.0,506272.0,189526.0,0.2724,69960.0,527683.0,377038.0,150645.0,0.2855,98533.0,322.6787988504092,178.9194394328719,1.0573433918295334,0.554481546572935
2021-03-01,성동구,1150.0,663.0,585.0,건별집계|API_2017_2025,2021,3,1,봄,361468.1099870968,343565.8680967742,14524.124987096773,3378.116922580645,379378.2421645162,342125.01672580646,374210.33313225803,352366.5220483871,199060.4474516129,39563.06309032258,59924.25080645161,99573.1335548387,21843.81108387097,0,31,3,93,1,85,90,0,0,117,0,0,1,9,695798.0,506272.0,189526.0,0.2724,69960.0,527683.0,377038.0,150645.0,0.2855,98533.0,318.1470144187965,183.41867005188004,1.0619917322363313,0.5765217391304348
2021-04-01,성동구,1244.0,732.0,632.0,건별집계|API_2017_2025,2021,4,2,봄,360496.7894933333,343309.07262,14529.664656666666,2658.052236666667,380400.0591333333,339760.92403,374538.75478333334,350466.8143033333,213854.00166,40643.659940000005,65330.34121,107880.00051,24071.940479999997,0,31,3,93,1,85,90,0,0,117,0,0,1,9,695798.0,506272.0,189526.0,0.2724,69960.0,527683.0,377038.0,150645.0,0.2855,98533.0,345.07935611532133,203.05312594567138,1.0686853633427487,0.5884244372990354
2021-05-01,성동구,1389.0,846.0,727.0,건별집계|API_2017_2025,2021,5,2,봄,355052.77992580645,338286.0802612903,14526.860951612902,2239.8387258064513,372655.6616612903,336768.1856354839,366532.1261935484,346853.24689999997,200401.18379677422,37830.9365,63469.81987096774,99100.42742580645,19678.879293548387,0,31,3,93,1,85,90,0,0,117,0,0,1,9,695798.0,506272.0,189526.0,0.2724,69960.0,527683.0,377038.0,150645.0,0.2855,98533.0,391.20944223848977,238.27443350162878,1.056735462243552,0.6090712742980562
2021-06-01,성동구,1416.0,846.0,771.0,건별집계|API_2017_2025,2021,6,2,여름,359828.24790666666,342528.4419466667,14697.486726666666,2602.3192533333336,378533.59142666665,340140.75482666667,372799.77737,350562.8697133333,209651.51149333332,39888.04148,64274.25016,105489.21985333334,22236.907656666674,0,31,3,93,1,85,90,0,0,117,0,0,1,9,695798.0,506272.0,189526.0,0.2724,69960.0,527683.0,377038.0,150645.0,0.2855,98533.0,393.5210779692,235.11216946464916,1.0634320105687478,0.597457627118644
2021-07-01,성동구,1431.0,850.0,755.0,건별집계|API_2017_2025,2021,7,3,여름,353112.4621451613,336623.70785483875,14285.60393548387,2203.1503548387095,369586.8398580645,334867.9662580645,365016.66423225804,344609.4606548387,194341.55026451612,35492.57322258064,61823.227451612904,97025.74959032258,20407.20357741935,0,31,3,93,1,85,90,0,0,117,0,0,1,9,695798.0,506272.0,189526.0,0.2724,69960.0,527683.0,377038.0,150645.0,0.2855,98533.0,405.2533267465731,240.71651134492467,1.0592183497767034,0.593990216631726
2021-08-01,성동구,1382.0,820.0,781.0,건별집계|API_2017_2025,2021,8,3,여름,352942.91797741933,335555.15337741934,14447.945300000001,2939.8192967741934,369016.1636483871,335780.72491935483,363662.30991612904,345286.20943870966,192662.23521612902,35598.82381935484,61231.890596774196,95831.5208,18376.100477419353,0,31,3,93,1,85,90,0,0,117,0,0,1,9,695798.0,506272.0,189526.0,0.2724,69960.0,527683.0,377038.0,150645.0,0.2855,98533.0,391.5647345807964,232.33218694374315,1.0532199085138418,0.5933429811866859
2021-09-01,성동구,1349.0,824.0,715.0,건별집계|API_2017_2025,2021,9,3,가을,355348.1169233333,336642.69986,14853.44996,3851.9671166666667,371805.1436633334,337873.1045,366325.7806666667,347506.9285366667,195307.9310266667,37951.158853333334,60243.16121333333,97113.61096,18818.852129999992,0,31,3,93,1,85,90,0,0,117,0,0,1,9,695798.0,506272.0,189526.0,0.2724,69960.0,527683.0,377038.0,150645.0,0.2855,98533.0,379.6277328496574,231.88528678140673,1.0541538904252794,0.6108228317272053
2021-10-01,성동구,1375.0,808.0,732.0,건별집계|API_2017_2025,2021,10,4,가을,357638.4472064516,340069.0749451613,14986.968770967742,2582.4034935483874,374921.1290354839,339348.85595483874,369144.04199677415,349420.1652387097,196168.88632258063,38141.8492516129,59994.328909677424,98032.70816129031,19723.87675806451,0,31,3,93,1,85,90,0,0,117,0,0,1,9,695798.0,506272.0,189526.0,0.2724,69960.0,527683.0,377038.0,150645.0,0.2855,98533.0,384.4664942318863,225.92649261044664,1.0564474484310025,0.5876363636363636
2021-11-01,성동구,1407.0,857.0,722.0,건별집계|API_2017_2025,2021,11,4,가을,364084.45254,344932.26402,15166.572566666668,3985.6159433333332,384736.94533333334,341935.8210766667,379500.01527000003,353073.33627666667,211862.25497333333,42527.36957,61653.66112333334,107681.22428,26426.678993333324,0,31,3,93,1,85,90,0,0,117,0,0,1,9,695798.0,506272.0,189526.0,0.2724,69960.0,527683.0,377038.0,150645.0,0.2855,98533.0,386.44880059672977,235.38494819573376,1.074847563602553,0.6090973702914001
2021-12-01,성동구,1444.0,759.0,659.0,건별집계|API_2017_2025,2021,12,4,겨울,364678.1991129032,345864.4625870968,15644.99146451613,3168.745058064516,384974.5016645161,342305.2534741935,380337.93837096775,353492.67107419355,202835.0063935484,39876.98861935484,59584.54042580645,103373.4773483871,26845.2672967742,0,31,3,93,1,85,90,0,0,117,0,0,1,9,695798.0,506272.0,189526.0,0.2724,69960.0,527683.0,377038.0,150645.0,0.2855,98533.0,395.9655398958857,208.1287013718679,1.075942924686944,0.525623268698061
2022-01-01,성동구,1312.0,721.0,,건별집계|xlsx_2022_2024,2022,1,1,겨울,357255.071316129,338780.0737451613,15172.797177419356,3302.2004032258064,376001.05568064516,336590.7938612903,371159.62807096774,347323.2450612903,198877.36389354838,39772.91488709678,59885.958841935484,99218.49016451613,23836.383009677425,1,14,15,227,22,32,173,0,0,98,0,0,0,11,627498.0,455260.0,172238.0,0.2745,71346.0,497002.0,354131.0,142871.0,0.2875,98849.0,367.2446118585769,201.8165892911844,1.0686288158037658,0.5495426829268293
2022-02-01,성동구,1384.0,714.0,,건별집계|xlsx_2022_2024,2022,2,1,겨울,357539.2394321429,338541.5128357143,15149.630442857144,3848.0961500000003,375442.8833107143,337920.0915428572,371141.8263035714,347823.1059464286,194055.86522500002,37804.35012142857,59742.34595714286,96509.16914642857,23318.72035714285,1,14,15,227,22,32,173,0,0,98,0,0,0,11,627498.0,455260.0,172238.0,0.2745,71346.0,497002.0,354131.0,142871.0,0.2875,98849.0,387.0903798414183,199.69836069853517,1.067041895602917,0.5158959537572254
2022-03-01,성동구,1717.0,825.0,,건별집계|xlsx_2022_2024,2022,3,1,봄,362219.8255580645,342091.7511483871,15607.239951612903,4520.83449032258,380983.10031935485,342492.02799032256,377092.5307032258,351596.4647516129,192355.15092580646,39045.41134193548,57705.150303225804,95604.58928064517,25496.065951612898,1,14,15,227,22,32,173,0,0,98,0,0,0,11,627498.0,455260.0,172238.0,0.2745,71346.0,497002.0,354131.0,142871.0,0.2875,98849.0,474.02154129875527,227.76224319829532,1.0725151374022623,0.48048922539312755
2022-04-01,성동구,1438.0,796.0,,건별집계|xlsx_2022_2024,2022,4,2,봄,360941.26588333334,341972.0597766667,15863.833193333332,3105.3729066666665,384586.17633,338007.36883,377908.7090466666,348821.66362,216269.46118,43579.67186333333,62531.860100000005,110157.92921666667,29087.04542666666,1,14,15,227,22,32,173,0,0,98,0,0,0,11,627498.0,455260.0,172238.0,0.2745,71346.0,497002.0,354131.0,142871.0,0.2875,98849.0,398.4027696253504,220.53449556451943,1.083386579620105,0.5535465924895688
2022-05-01,성동구,1516.0,900.0,,건별집계|xlsx_2022_2024,2022,5,2,봄,364315.3453870968,345514.23715161294,16164.37955483871,2636.728683870968,387998.8630483871,340697.1743129032,380179.4263709677,352983.8589516129,214643.98237741936,44530.92331290322,61479.9240032258,108633.13506129032,27195.567419354837,1,14,15,227,22,32,173,0,0,98,0,0,0,11,627498.0,455260.0,172238.0,0.2745,71346.0,497002.0,354131.0,142871.0,0.2875,98849.0,416.1230151832339,247.03872933041592,1.0770447903768958,0.5936675461741425
2022-06-01,성동구,1331.0,832.0,,건별집계|xlsx_2022_2024,2022,6,2,여름,366402.7203966667,347313.76454,16359.445583333332,2729.5102666666667,387484.48140666663,344721.00595666666,381139.13592000003,355876.70931,210579.67731,42197.44618,61604.64135666667,106777.58977333334,25262.426610000002,1,14,15,227,22,32,173,0,0,98,0,0,0,11,627498.0,455260.0,172238.0,0.2745,71346.0,497002.0,354131.0,142871.0,0.2875,98849.0,363.26149504541416,227.07254987061202,1.0709864566832168,0.6250939143501127
2022-07-01,성동구,1651.0,990.0,,건별집계|xlsx_2022_2024,2022,7,3,여름,353684.5129096774,335526.2598451613,15504.863858064517,2653.3892225806453,372729.5429193548,334499.4019032258,366693.7107,344392.2287645161,197398.3849,39889.96501935484,58025.383625806455,99483.0362548387,22301.48193548388,1,14,15,227,22,32,173,0,0,98,0,0,0,11,627498.0,455260.0,172238.0,0.2745,71346.0,497002.0,354131.0,142871.0,0.2875,98849.0,466.80019614588724,279.91047497542604,1.064756054500675,0.5996365838885523
2022-08-01,성동구,1671.0,943.0,,건별집계|xlsx_2022_2024,2022,8,3,여름,351872.5970677419,332657.2091258064,15622.529916129031,3592.858029032258,370778.23536129034,332964.1729516129,364543.6225032258,342821.8646354839,198139.2762548387,39942.57028709677,58964.56803870968,99232.13792903225,21721.757867741933,1,14,15,227,22,32,173,0,0,98,0,0,0,11,627498.0,455260.0,172238.0,0.2745,71346.0,497002.0,354131.0,142871.0,0.2875,98849.0,474.8877900481412,267.99472532339746,1.0633616466990465,0.5643327348892878
2022-09-01,성동구,1568.0,914.0,,건별집계|xlsx_2022_2024,2022,9,3,가을,356964.66662000003,336742.7722933333,16166.863913333333,4055.0304433333336,378267.73706333333,334898.7580433333,371770.88273333333,346388.79796999996,204329.31677333332,43858.19782666666,57887.79509666667,102583.32385,25382.08476333333,1,14,15,227,22,32,173,0,0,98,0,0,0,11,627498.0,455260.0,172238.0,0.2745,71346.0,497002.0,354131.0,142871.0,0.2875,98849.0,439.25916109483876,256.04775079125164,1.0732762863928749,0.5829081632653061
2022-10-01,성동구,1280.0,799.0,,건별집계|xlsx_2022_2024,2022,10,4,가을,357673.67048064515,338648.017883871,16320.946467741935,2704.706132258065,379494.1541967742,335897.2290580645,372528.82382903225,347062.8466741935,201026.71021935486,42049.17934516129,57330.280948387095,101647.24992580646,25465.977154838714,1,14,15,227,22,32,173,0,0,98,0,0,0,11,627498.0,455260.0,172238.0,0.2745,71346.0,497002.0,354131.0,142871.0,0.2875,98849.0,357.8681087371973,223.3879835007974,1.0733756937651844,0.62421875
2022-11-01,성동구,1461.0,894.0,,건별집계|xlsx_2022_2024,2022,11,4,가을,362395.43910333334,342783.75273,16838.741036666666,2772.9453366666667,386943.7299766667,337886.78351333336,380099.7094866667,349749.53168666665,210771.70385333334,43880.8871,58136.321983333335,108754.49477,30350.177799999998,1,14,15,227,22,32,173,0,0,98,0,0,0,11,627498.0,455260.0,172238.0,0.2745,71346.0,497002.0,354131.0,142871.0,0.2875,98849.0,403.15076911975456,246.69184640182104,1.0867768933203037,0.6119096509240246
2022-12-01,성동구,1657.0,986.0,,건별집계|xlsx_2022_2024,2022,12,4,겨울,362211.2865451613,341897.7624548387,17123.29326451613,3190.2308322580648,384578.3833387097,338435.2258032258,378870.8008161291,350311.6334967742,200254.04453548387,41827.49215806452,56071.29709677419,102355.25528064516,28559.167319354845,1,14,15,227,22,32,173,0,0,98,0,0,0,11,627498.0,455260.0,172238.0,0.2745,71346.0,497002.0,354131.0,142871.0,0.2875,98849.0,457.4677989205623,272.2168073238832,1.0815250325382582,0.5950512975256488
2023-01-01,성동구,1435.0,,,xlsx_2022_2024,2023,1,1,겨울,350226.3019967742,332342.60859354836,15238.929348387097,2644.7640709677416,370218.87829354836,327375.5726677419,364776.8811064516,339833.03122580645,190203.53668387097,40728.25183548387,54018.4051483871,95456.87969999999,24943.849880645164,2,41,14,138,0,27,210,0,0,60,0,0,0,9,592551.0,430510.0,162041.0,0.2735,78008.0,489507.0,347009.0,142498.0,0.2911,106592.0,409.7350746698679,,1.073400310118974,
2023-02-01,성동구,1191.0,,,xlsx_2022_2024,2023,2,1,겨울,357928.6939678571,339410.81144285714,15405.68017142857,3112.2023714285715,380380.0853357143,333598.0687178572,374855.3293142857,345838.240175,198462.96215,44752.25008571429,53146.773689285714,100563.938375,29017.089139285723,2,41,14,138,0,27,210,0,0,60,0,0,0,9,592551.0,430510.0,162041.0,0.2735,78008.0,489507.0,347009.0,142498.0,0.2911,106592.0,332.7478405816089,,1.083903645602067,
2023-03-01,성동구,1326.0,,,xlsx_2022_2024,2023,3,1,봄,364001.2462967742,343380.2057419355,16801.45324516129,3819.587332258064,389084.08089032257,337779.97077741934,382894.7249580645,350505.9043935484,198659.95826774192,46266.500961290316,51047.10115806452,101346.3561483871,32388.82056451613,2,41,14,138,0,27,210,0,0,60,0,0,0,9,592551.0,430510.0,162041.0,0.2735,78008.0,489507.0,347009.0,142498.0,0.2911,106592.0,364.2844670149557,,1.0924059200102658,
2023-04-01,성동구,1436.0,,,xlsx_2022_2024,2023,4,2,봄,360286.25201666664,340799.3422633333,16597.713233333332,2889.1965066666667,386764.56214666663,334479.9313633333,379037.44496999995,346892.54276333336,210891.49861,46260.71755666667,56509.7786,108121.00245333332,32144.902206666666,2,41,14,138,0,27,210,0,0,60,0,0,0,9,592551.0,430510.0,162041.0,0.2735,78008.0,489507.0,347009.0,142498.0,0.2911,106592.0,398.5719665854948,,1.0926653019133865,
2023-05-01,성동구,1535.0,,,xlsx_2022_2024,2023,5,2,봄,356113.16627096775,337293.4631483871,16184.181016129032,2635.5221096774194,380411.83360967744,331062.1311258064,373090.27892258065,343986.65723225806,203331.882716129,44048.03193225806,54970.31717096774,104313.53361290322,29103.621690322576,2,41,14,138,0,27,210,0,0,60,0,0,0,9,592551.0,430510.0,162041.0,0.2735,78008.0,489507.0,347009.0,142498.0,0.2911,106592.0,431.0427542103324,,1.0846068330803655,
2023-06-01,성동구,1478.0,,,xlsx_2022_2024,2023,6,2,여름,355102.72098,336430.77032666665,15711.1208,2960.8298533333336,377364.57964666665,331571.60206666664,371588.5947,343327.09690999996,201015.44582,42946.70563333333,55243.29278,102825.44740666666,28261.497789999998,2,41,14,138,0,27,210,0,0,60,0,0,0,9,592551.0,430510.0,162041.0,0.2735,78008.0,489507.0,347009.0,142498.0,0.2911,106592.0,416.21759357998377,,1.082316537332352,
2023-07-01,성동구,1551.0,,,xlsx_2022_2024,2023,7,3,여름,347868.09931290324,330829.4462387097,13977.195506451611,3061.457570967742,369065.37103870965,326271.31705161295,362320.6916967742,337544.8190387097,187884.32707741935,40804.95355483871,51102.564825806454,95976.8086967742,24775.872658064513,2,41,14,138,0,27,210,0,0,60,0,0,0,9,592551.0,430510.0,162041.0,0.2735,78008.0,489507.0,347009.0,142498.0,0.2911,106592.0,445.8586467294587,,1.0734002457173641,
2023-08-01,성동구,1565.0,,,xlsx_2022_2024,2023,8,3,여름,346058.6831548387,329361.10598064517,13904.734993548387,2792.842174193548,366272.0476935484,325497.523983871,359494.6095193548,336461.59288709675,186947.04448064516,40940.0019,50822.756019354834,95184.28656129033,23033.016632258063,2,41,14,138,0,27,210,0,0,60,0,0,0,9,592551.0,430510.0,162041.0,0.2735,78008.0,489507.0,347009.0,142498.0,0.2911,106592.0,452.23543756587793,,1.0684565998591913,
2023-09-01,성동구,1510.0,,,xlsx_2022_2024,2023,9,3,가을,354887.74589666666,336408.73460666667,15488.02437,2990.986923333333,376052.9271533333,331818.77271666663,369772.88641,344255.50268,192627.92586666666,44152.980593333334,50437.11576333333,98037.82951000001,25517.383729999998,2,41,14,138,0,27,210,0,0,60,0,0,0,9,592551.0,430510.0,162041.0,0.2735,78008.0,489507.0,347009.0,142498.0,0.2911,106592.0,425.4866552759671,,1.0741233866455273,
2023-10-01,성동구,1440.0,,,xlsx_2022_2024,2023,10,4,가을,352867.51892580645,334805.08179032255,15359.791812903226,2702.6453322580646,375345.85235161294,331222.6939096774,367933.8017870968,342105.888316129,192476.69996451613,42039.328235483874,51569.224548387094,98868.14718064516,25827.913470967753,2,41,14,138,0,27,210,0,0,60,0,0,0,9,592551.0,430510.0,162041.0,0.2735,78008.0,489507.0,347009.0,142498.0,0.2911,106592.0,408.0851658955816,,1.075496839876375,
2023-11-01,성동구,1267.0,,,xlsx_2022_2024,2023,11,4,가을,360422.95284333336,342308.61435333337,15397.262176666667,2717.076323333333,383422.9635266667,336177.3183466667,377072.5638366667,348530.3735733333,204727.08965666668,46666.470166666666,52510.898246666664,105549.72124333333,28542.19026333333,2,41,14,138,0,27,210,0,0,60,0,0,0,9,592551.0,430510.0,162041.0,0.2735,78008.0,489507.0,347009.0,142498.0,0.2911,106592.0,351.5314410485762,,1.081892978137608,
2023-12-01,성동구,1431.0,,,xlsx_2022_2024,2023,12,4,겨울,363229.96246451617,343498.58326451614,16934.033503225804,2797.345706451613,385336.24207419355,338866.89279677416,378404.8764741936,352390.7381741936,196042.49835483872,46580.03769354839,50840.78357419355,98621.67708709677,26014.13829999999,2,41,14,138,0,27,210,0,0,60,0,0,0,9,592551.0,430510.0,162041.0,0.2735,78008.0,489507.0,347009.0,142498.0,0.2911,106592.0,393.965296885384,,1.0738218559170551,
2024-01-01,성동구,1348.0,,,xlsx_2022_2024,2024,1,1,겨울,351456.3379806451,335339.8796806451,13794.847512903225,2321.6107774193547,369767.9606258065,327465.4174612904,364640.4753967742,342039.0969612903,184735.10471935483,43086.013235483864,48578.79541290322,93070.29607096774,22601.378435483868,0,71,0,47,0,10,173,1,54,70,43,21,0,19,593015.0,435070.0,157945.0,0.2663,66754.0,444606.0,323252.0,121354.0,0.2729,82722.0,383.5469315321424,,1.0660783478739033,
2024-02-01,성동구,1181.0,,,xlsx_2022_2024,2024,2,1,겨울,349710.77719655173,334061.6396586207,13174.717455172413,2474.4200862068965,370432.04140344827,327141.45475862065,364125.8493793103,339414.29707586206,190344.1421137931,44807.82501034483,49770.7301862069,95765.58691724138,24711.55230344828,0,71,0,47,0,10,173,1,54,70,43,21,0,19,593015.0,435070.0,157945.0,0.2663,66754.0,444606.0,323252.0,121354.0,0.2729,82722.0,337.7076364267235,,1.072806456641174,
2024-03-01,성동구,1271.0,,,xlsx_2022_2024,2024,3,1,봄,362637.6263225806,344352.78911935486,15323.639370967741,2961.1978451612904,385659.2905709677,338838.02942903223,379247.50281290326,350773.4288483871,194079.80322258064,48112.50532580646,48705.89870967742,97261.39918709677,28474.073964516134,0,71,0,47,0,10,173,1,54,70,43,21,0,19,593015.0,435070.0,157945.0,0.2663,66754.0,444606.0,323252.0,121354.0,0.2729,82722.0,350.48762393712417,,1.0811751165360457,
2024-04-01,성동구,1250.0,,,xlsx_2022_2024,2024,4,2,봄,359790.27051999996,341246.9538666667,15442.536373333334,3100.780263333333,388317.39957,335116.8978066667,378984.4374666667,346080.1512833333,211992.73005333336,47200.117476666666,54741.29045333333,110051.32212333333,32904.286183333345,0,71,0,47,0,10,173,1,54,70,43,21,0,19,593015.0,435070.0,157945.0,0.2663,66754.0,444606.0,323252.0,121354.0,0.2729,82722.0,347.4246255168024,,1.095077068307205,
2024-05-01,성동구,1369.0,,,xlsx_2022_2024,2024,5,2,봄,353612.19902903226,335762.59062258067,14753.108651612903,3096.4997645161293,378348.0316677419,332554.13231290324,370111.06733870966,341827.2930935484,194393.13052258064,43601.06656774194,51498.78107096774,99293.28288387097,28283.774245161287,0,71,0,47,0,10,173,1,54,70,43,21,0,19,593015.0,435070.0,157945.0,0.2663,66754.0,444606.0,323252.0,121354.0,0.2729,82722.0,387.14727709029137,,1.0827428786893878,
2024-06-01,성동구,1425.0,,,xlsx_2022_2024,2024,6,2,여름,351255.3528766667,333380.51412,14685.098443333332,3189.7403066666666,372926.2357933333,332140.6054966666,365877.9802366666,340810.6190366667,191759.94017666666,42602.758400000006,52657.064126666664,96500.11765,25067.361199999996,0,71,0,47,0,10,173,1,54,70,43,21,0,19,593015.0,435070.0,157945.0,0.2663,66754.0,444606.0,323252.0,121354.0,0.2729,82722.0,405.68776769655324,,1.0735521717922263,
2024-07-01,성동구,1494.0,,,xlsx_2022_2024,2024,7,3,여름,346470.91147096775,330136.81680645165,13129.27182903226,3204.822829032258,367018.38953870966,327821.2863064516,360829.7892,336214.5702387097,185551.78998709677,41806.80093225807,49391.812745161296,94353.17630967742,24615.218961290317,0,71,0,47,0,10,173,1,54,70,43,21,0,19,593015.0,435070.0,157945.0,0.2663,66754.0,444606.0,323252.0,121354.0,0.2729,82722.0,431.20503064950327,,1.0732128263918297,
2024-08-01,성동구,1587.0,,,xlsx_2022_2024,2024,8,3,여름,343947.6531645161,327831.3092870968,12866.654251612903,3249.689632258064,361876.51771290327,327409.6514903226,355618.3257774193,335611.4584483871,184547.82652903226,42455.46257096775,50093.40340967742,91998.96054838708,20006.867329032262,0,71,0,47,0,10,173,1,54,70,43,21,0,19,593015.0,435070.0,157945.0,0.2663,66754.0,444606.0,323252.0,121354.0,0.2729,82722.0,461.40742214656444,,1.0596131831181475,
2024-09-01,성동구,1251.0,,,xlsx_2022_2024,2024,9,3,가을,347021.33082,328962.2454166667,14314.664796666668,3744.42062,367238.3664066667,328227.2281566666,360324.84041,337518.8239866666,189570.11548,44608.70694,51152.88632666667,93808.52221333333,22806.016423333338,0,71,0,47,0,10,173,1,54,70,43,21,0,19,593015.0,435070.0,157945.0,0.2663,66754.0,444606.0,323252.0,121354.0,0.2729,82722.0,360.4965715058288,,1.0675696133150616,
2024-10-01,성동구,1277.0,,,xlsx_2022_2024,2024,10,4,가을,354751.83518709673,336392.11102258065,14553.20995483871,3806.514216129032,379306.4047612903,335688.67826129036,370668.80809032253,343382.5688451613,196358.0671516129,45577.35950645161,51557.78967419355,99222.91797096776,27286.239245161287,0,71,0,47,0,10,173,1,54,70,43,21,0,19,593015.0,435070.0,157945.0,0.2663,66754.0,444606.0,323252.0,121354.0,0.2729,82722.0,359.9699489437477,,1.0794630878816251,
2024-11-01,성동구,1174.0,,,xlsx_2022_2024,2024,11,4,가을,356226.8598133333,337662.98288,14436.375576666667,4127.501363333333,380868.46369,335749.57493666664,372717.8770833333,344447.56177,206662.30104,47891.09975,53467.956066666666,105303.24522333333,28270.315313333333,0,71,0,47,0,10,173,1,54,70,43,21,0,19,593015.0,435070.0,157945.0,0.2663,66754.0,444606.0,323252.0,121354.0,0.2729,82722.0,329.5652665313302,,1.0820743661765575,
2024-12-01,성동구,1325.0,,,xlsx_2022_2024,2024,12,4,겨울,356198.74317741935,337412.39952903223,14351.045854838709,4435.297812903225,381045.4209870968,335591.2026129032,372652.63704193546,344445.9618548387,197262.22987096774,46413.856219354835,51369.19785483871,99479.17579677419,28206.675187096767,0,71,0,47,0,10,173,1,54,70,43,21,0,19,593015.0,435070.0,157945.0,0.2663,66754.0,444606.0,323252.0,121354.0,0.2729,82722.0,371.98334507879764,,1.0818899865604579,
2018-04-01,성북구,1737.0,1081.0,1083.0,API_2017_2025,2018,4,2,봄,471560.4510884615,450768.78315,18587.178807692308,2204.4891615384618,501926.61859615386,442463.1954769231,448968.8307307692,487697.32276153844,221844.2821653846,28610.607200000002,99592.82936923076,93640.84559615384,-38728.49203076923,0,34,3,62,27,1,162,0,0,118,0,0,0,6,,,,,,,,,,,368.3515010621938,229.23890192759438,0.9205890821555613,0.6223373632700058
2018-05-01,성북구,1874.0,1124.0,1138.0,API_2017_2025,2018,5,2,봄,468059.64426451613,447806.4736387097,18299.2410483871,1953.9295838709677,499650.8054967742,438881.79222903226,445922.5104354839,482805.24537419353,216954.68881290322,29085.106458064518,96766.05290645162,91103.5294483871,-36882.73493870968,0,34,3,62,27,1,162,0,0,118,0,0,0,6,,,,,,,,,,,400.37632446281566,240.14033548356716,0.9236074270275916,0.5997865528281751
2018-06-01,성북구,1788.0,1108.0,1116.0,API_2017_2025,2018,6,2,여름,461958.41298333334,442707.30265,16980.69679,2270.413556666667,492142.07901333336,431654.93359,438562.02864333335,478670.11608666665,201477.07403999998,25011.221573333332,94606.22714333334,81859.62532333333,-40108.08744333333,0,34,3,62,27,1,162,0,0,118,0,0,0,6,,,,,,,,,,,387.04782719575843,239.848429828244,0.9162093347894076,0.6196868008948546
2018-07-01,성북구,2006.0,1220.0,1230.0,API_2017_2025,2018,7,3,여름,445474.29491612903,429005.1655032258,13904.632374193547,2564.497048387097,480292.9929064516,410830.5847064516,418307.665383871,464879.03030000004,193450.60290645162,23895.218264516127,93791.75399677419,75763.63064516129,-46571.36491612903,0,34,3,62,27,1,162,0,0,118,0,0,0,6,,,,,,,,,,,450.3065660337768,273.8654090534435,0.8998204653669253,0.6081754735792622
2018-08-01,성북구,1927.0,1201.0,1212.0,API_2017_2025,2018,8,3,여름,441445.96041935484,424907.67866774194,13589.384806451613,2948.896964516129,474465.80736451613,407702.9315806452,415246.08536774194,459160.1153451613,192841.19092258066,24385.885470967743,92957.92432903226,75497.38112258064,-43914.029977419355,0,34,3,62,27,1,162,0,0,118,0,0,0,6,,,,,,,,,,,436.520021197936,272.06048025880705,0.9043600946384288,0.623248572911261
2018-09-01,성북구,1749.0,1100.0,1107.0,API_2017_2025,2018,9,3,가을,457609.73035666667,438144.8515,16538.03133,2926.84753,485752.06443,429324.55387666664,436621.51035,472601.31608666666,201144.98137999998,32336.351493333335,89671.78583,79136.84405666667,-35979.80573666666,0,34,3,62,27,1,162,0,0,118,0,0,0,6,,,,,,,,,,,382.20341132973897,240.37950398096788,0.9238685875134791,0.6289308176100629
2018-10-01,성북구,1620.0,1070.0,1076.0,API_2017_2025,2018,10,4,가을,463990.3376645161,444949.87793225807,17038.486912903227,2001.972841935484,492392.58702903223,433834.11112258065,441312.84821290325,479116.92883225804,205514.29225806452,27495.556648387097,93416.58625806452,84602.14935161291,-37804.08061935483,0,34,3,62,27,1,162,0,0,118,0,0,0,6,,,,,,,,,,,349.14520163377324,230.60825046181316,0.921096337147815,0.6604938271604939
2018-11-01,성북구,1654.0,1051.0,1052.0,API_2017_2025,2018,11,4,가을,464868.28662,445547.84977000003,17265.749576666665,2054.6872633333332,494802.95083333337,435783.3566366667,442383.66598,480928.72991,210508.80395666664,28745.780359999997,94580.29793666667,87182.72566,-38545.06393,0,34,3,62,27,1,162,0,0,118,0,0,0,6,,,,,,,,,,,355.7997066278773,226.08554514262337,0.919852856498689,0.6354292623941958
2018-12-01,성북구,1847.0,1155.0,1160.0,API_2017_2025,2018,12,4,겨울,468509.59206451615,448939.12602258066,16799.98005483871,2770.4859967741936,495870.13290322584,439662.9614645162,447009.8658032258,483866.5393935484,198441.5932032258,27018.567738709677,90631.14705806453,80791.87840645161,-36856.67359032258,0,34,3,62,27,1,162,0,0,118,0,0,0,6,,,,,,,,,,,394.228854922923,246.52643607795136,0.9238288441343419,0.6253383865728208
2019-01-01,성북구,1596.0,1008.0,1015.0,API_2017_2025,2019,1,1,겨울,452058.411116129,436432.02352580643,13236.3253,2390.062306451613,483551.73293225805,418342.1240483871,426608.2749419355,470237.07981612906,195913.12998064517,25169.813351612902,93180.27829032257,77563.03833870968,-43628.804874193556,0,17,4,78,20,2,147,0,0,106,0,0,0,19,1000671.0,734883.0,265788.0,0.2656,,1011902.0,797930.0,213972.0,0.2115,,353.05172091798653,222.98003426399148,0.9072195563751518,0.631578947368421
2019-02-01,성북구,1446.0,979.0,984.0,API_2017_2025,2019,2,1,겨울,434640.50349285715,419984.6524357143,12179.7001,2476.1509571428574,462621.7357321429,404607.2916535715,413038.79772857146,450070.2933392857,191714.48729999998,27350.551410714284,91758.86136428571,72605.074525,-37031.495610714286,0,17,4,78,20,2,147,0,0,106,0,0,0,19,1000671.0,734883.0,265788.0,0.2656,,1011902.0,797930.0,213972.0,0.2115,,332.68873664089233,225.24361906738145,0.9177206401783153,0.6770401106500692
2019-03-01,성북구,1626.0,1020.0,1028.0,API_2017_2025,2019,3,1,봄,463701.6523419355,444159.2294516129,16835.65009032258,2706.772787096774,489716.6548935484,436985.1096483871,443640.18812580645,478031.26963225805,194968.77727096775,32855.08862580645,85556.78146774194,76556.90717741936,-34391.081506451614,0,17,4,78,20,2,147,0,0,106,0,0,0,19,1000671.0,734883.0,265788.0,0.2656,,1011902.0,797930.0,213972.0,0.2115,,350.6565033330916,219.96902423109069,0.9280568370916235,0.6273062730627307
2019-04-01,성북구,1635.0,1087.0,1094.0,API_2017_2025,2019,4,2,봄,456047.4919733333,437232.23051333334,16838.70846,1976.553,485245.67128333333,426677.57276666665,433481.24735333334,472166.23813666665,213104.45081666668,27419.596200000004,97266.35194666666,88418.50267,-38684.99078333333,0,17,4,78,20,2,147,0,0,106,0,0,0,19,1000671.0,734883.0,265788.0,0.2656,,1011902.0,797930.0,213972.0,0.2115,,358.51529254668156,238.35236880626474,0.918069129770909,0.6648318042813456
2019-05-01,성북구,1783.0,1163.0,1171.0,API_2017_2025,2019,5,2,봄,442398.9042612903,423447.80158064514,16913.471977419355,2037.630719354839,470364.8400548387,415183.5880516129,421435.12940967747,457373.0291774194,194026.52688064516,26600.63280967742,87254.10341935484,80171.7906516129,-35937.89976774193,0,17,4,78,20,2,147,0,0,106,0,0,0,19,1000671.0,734883.0,265788.0,0.2656,,1011902.0,797930.0,213972.0,0.2115,,403.02993131893516,262.8849187458898,0.9214254066699651,0.6522714526079642
2019-06-01,성북구,1722.0,1095.0,1107.0,API_2017_2025,2019,6,2,여름,436878.2211566667,418334.5910666667,16372.45942,2171.170686666667,466053.67968666664,408005.62602,414775.2684633333,452666.0445233333,179365.62752666665,23807.37482,83852.58942,71705.66328666666,-37890.77606,0,17,4,78,20,2,147,0,0,106,0,0,0,19,1000671.0,734883.0,265788.0,0.2656,,1011902.0,797930.0,213972.0,0.2115,,394.16018391598476,250.6419287967499,0.9162941941008635,0.6358885017421603
2019-07-01,성북구,1780.0,1144.0,1149.0,API_2017_2025,2019,7,3,여름,415621.3382,400317.1876419355,12926.08120967742,2378.06934516129,447911.3165,382909.22257419355,390106.47397419356,433846.24120967736,161461.95240645163,21219.97168387097,77302.3112,62939.66952258065,-43739.76723548387,0,17,4,78,20,2,147,0,0,106,0,0,0,19,1000671.0,734883.0,265788.0,0.2656,,1011902.0,797930.0,213972.0,0.2115,,428.2744499377582,275.25054535325586,0.8991814078796077,0.6426966292134831
2019-08-01,성북구,1794.0,1138.0,1145.0,API_2017_2025,2019,8,3,여름,434533.0092903226,419142.95910322585,12776.231951612905,2613.8182483870964,466085.5333645161,400972.39706774196,409007.9240516129,452765.2130516129,174499.90207419355,23458.531458064517,84604.29851612904,66437.0721,-43757.289000000004,0,17,4,78,20,2,147,0,0,106,0,0,0,19,1000671.0,734883.0,265788.0,0.2656,,1011902.0,797930.0,213972.0,0.2115,,412.8570123889904,261.89034565143317,0.9033554528072547,0.6343366778149386
2019-09-01,성북구,1723.0,1072.0,1078.0,API_2017_2025,2019,9,3,가을,452771.93176666665,433662.3141466667,16229.327833333335,2880.289773333333,478103.6397733333,427201.23357,433313.05037333333,466671.1327666667,199776.21454333334,33345.041443333335,88760.69402000001,77670.47907999999,-33358.08239333334,0,17,4,78,20,2,147,0,0,106,0,0,0,19,1000671.0,734883.0,265788.0,0.2656,,1011902.0,797930.0,213972.0,0.2115,,380.54479068016474,236.76379315678273,0.9285190789591602,0.6221706326175276
2019-10-01,성북구,1782.0,1126.0,1132.0,API_2017_2025,2019,10,4,가을,458894.2695483871,439927.47469354834,16559.618487096774,2407.176364516129,485481.216933871,429552.37508064514,436344.60499677423,475001.17281612905,203454.49478870968,28674.43567741935,89966.39057419355,84813.66853709676,-38656.56781935483,0,17,4,78,20,2,147,0,0,106,0,0,0,19,1000671.0,734883.0,265788.0,0.2656,,1011902.0,797930.0,213972.0,0.2115,,388.3247445547151,245.3724255716101,0.918617952898574,0.6318742985409652
2019-11-01,성북구,1693.0,1079.0,1089.0,API_2017_2025,2019,11,4,가을,461533.94953,441908.03145,17206.873033333333,2419.0450466666666,489282.96484666667,432198.7070666666,439115.00219666667,477547.48334,195009.31495333332,27728.412013333334,86402.20840999999,80878.69453,-38432.48114333334,0,17,4,78,20,2,147,0,0,106,0,0,0,19,1000671.0,734883.0,265788.0,0.2656,,1011902.0,797930.0,213972.0,0.2115,,366.8202527081822,233.78561882582906,0.9195211314390479,0.6373301831069108
2019-12-01,성북구,1681.0,1113.0,1121.0,API_2017_2025,2019,12,4,겨울,461709.56980322575,441940.22345806455,16985.80468064516,2783.5416548387097,489802.8909419355,431018.3382580645,438738.4513870968,478117.51152580645,199333.76477741936,27423.581522580647,90827.37403225807,81082.80922258065,-39379.06013870967,0,17,4,78,20,2,147,0,0,106,0,0,0,19,1000671.0,734883.0,265788.0,0.2656,,1011902.0,797930.0,213972.0,0.2115,,364.0816889969205,241.0606304899301,0.9176372770513256,0.6621058893515764
2020-01-01,성북구,1611.0,1069.0,1078.0,API_2017_2025,2020,1,1,겨울,443642.13299677416,427542.52181612904,13336.645854838709,2762.965341935484,473006.912332258,410914.44121612905,419255.07947419357,461061.4569516129,186893.57087096773,26902.914658064514,88527.0292516129,71463.62696129033,-41806.37747741936,0,23,1,53,19,2,131,0,0,92,0,0,0,2,970834.0,710054.0,260780.0,0.2686,,985919.0,791683.0,194236.0,0.197,,363.1305234959985,240.9599811404236,0.9093258027816304,0.6635630043451273
2020-02-01,성북구,1401.0,820.0,823.0,API_2017_2025,2020,2,1,겨울,450710.36358965514,433599.96633103443,13981.869993103448,3128.527244827586,476518.7189068966,420823.66658965516,427963.6276448276,466958.0321137931,178698.16827931034,22220.050448275862,87841.76476551723,68636.35306551724,-38994.40446896551,0,23,1,53,19,2,131,0,0,92,0,0,0,2,970834.0,710054.0,260780.0,0.2686,,985919.0,791683.0,194236.0,0.197,,310.842641567374,181.93502218789914,0.9164927000132146,0.5852962169878658
2020-03-01,성북구,1263.0,700.0,704.0,API_2017_2025,2020,3,1,봄,455347.1090064516,436487.6556258065,15007.706638709678,3851.746735483871,478018.8746096774,426936.25096451613,434540.92077741935,470208.67202903226,173036.95986451613,20446.685303225804,87418.84817419354,65171.42638709677,-35667.7512516129,0,23,1,53,19,2,131,0,0,92,0,0,0,2,970834.0,710054.0,260780.0,0.2686,,985919.0,791683.0,194236.0,0.197,,277.3708177824634,153.728877630819,0.9241448459516913,0.5542359461599367
2020-04-01,성북구,1356.0,757.0,759.0,API_2017_2025,2020,4,2,봄,451910.41041666665,433289.25603666663,15667.581456666667,2953.572913333333,476628.09372666664,421702.9213,429886.43726,467641.8197966667,181425.67333333334,21284.456283333337,91400.24130333333,68740.97574666666,-37755.38253666667,0,23,1,53,19,2,131,0,0,92,0,0,0,2,970834.0,710054.0,260780.0,0.2686,,985919.0,791683.0,194236.0,0.197,,300.05947390097793,167.51107798159313,0.9192643152550323,0.5582595870206489
2020-05-01,성북구,1583.0,862.0,864.0,API_2017_2025,2020,5,2,봄,449888.8910451613,431647.57718064514,16039.449403225806,2201.864461290322,475175.24209677416,419592.47195806453,427930.8485419355,465573.2071225807,184452.07040645162,23540.498270967742,90901.93549032259,70009.63664516128,-37642.35858064517,0,23,1,53,19,2,131,0,0,92,0,0,0,2,970834.0,710054.0,260780.0,0.2686,,985919.0,791683.0,194236.0,0.197,,351.8646562537801,191.60286398658147,0.919148357326468,0.5445356917245736
2020-06-01,성북구,1628.0,879.0,881.0,API_2017_2025,2020,6,2,여름,448730.0595833333,430105.3705866666,16239.7341,2384.95491,475744.76119,418673.03716666665,425638.3445266666,465224.1417766667,187020.20382,23072.451123333336,91156.29304333334,72791.45965333332,-39585.797249999996,0,23,1,53,19,2,131,0,0,92,0,0,0,2,970834.0,710054.0,260780.0,0.2686,,985919.0,791683.0,194236.0,0.197,,362.80163658117164,195.88614161845817,0.9149102686313226,0.5399262899262899
2020-07-01,성북구,1619.0,941.0,943.0,API_2017_2025,2020,7,3,여름,440633.1441193548,422619.5671806451,15831.187990322582,2182.388951612903,469864.0783225806,408027.06228709675,415866.7112193548,458323.4533451613,180389.48695806452,21661.757916129034,89527.1676451613,69200.5613967742,-42456.74212580645,0,23,1,53,19,2,131,0,0,92,0,0,0,2,970834.0,710054.0,260780.0,0.2686,,985919.0,791683.0,194236.0,0.197,,367.4258329422127,213.55633650316378,0.9073651112201921,0.5812229771463867
2020-08-01,성북구,1645.0,896.0,912.0,API_2017_2025,2020,8,3,여름,437750.70461612905,418019.9534677419,15600.481332258065,4130.269825806452,463140.0773483871,408409.6318935484,415740.1462935484,453472.53198387095,171187.94658387097,19627.11558387097,88912.25225806452,62648.57874193549,-37732.38569032259,0,23,1,53,19,2,131,0,0,92,0,0,0,2,970834.0,710054.0,260780.0,0.2686,,985919.0,791683.0,194236.0,0.197,,375.7846606877602,204.6827088001417,0.9167923456681063,0.5446808510638298
2020-09-01,성북구,1351.0,781.0,787.0,API_2017_2025,2020,9,3,가을,446747.30582,426579.6821733333,15802.099956666667,4365.523706666667,470973.96535333333,418182.24172,425135.40808666666,462184.37562999997,177609.58388,21856.195726666665,89682.38743333334,66071.00072,-37048.96754333333,0,23,1,53,19,2,131,0,0,92,0,0,0,2,970834.0,710054.0,260780.0,0.2686,,985919.0,791683.0,194236.0,0.197,,302.4080911960406,174.81918521399535,0.9198394201603373,0.5780903034789046
2020-10-01,성북구,1451.0,802.0,806.0,API_2017_2025,2020,10,4,가을,439026.03666451614,421287.5053580645,15408.62018064516,2329.911129032258,465123.9742354839,407621.780967742,416285.18498709676,455269.5021290322,184485.5019935484,24060.70973548387,90732.62306129033,69692.1691967742,-38984.317141935484,0,23,1,53,19,2,131,0,0,92,0,0,0,2,970834.0,710054.0,260780.0,0.2686,,985919.0,791683.0,194236.0,0.197,,330.5043161047846,182.67709270574588,0.9143709012801684,0.5527222605099931
2020-11-01,성북구,1371.0,791.0,801.0,API_2017_2025,2020,11,4,가을,440085.9448633333,421696.30529333337,15493.875343333335,2895.764236666667,465434.13522,409806.56923333334,417568.4300666667,456169.88400666666,184116.76302666668,22296.116423333333,91136.27218999999,70684.37441333334,-38601.45394,0,23,1,53,19,2,131,0,0,92,0,0,0,2,970834.0,710054.0,260780.0,0.2686,,985919.0,791683.0,194236.0,0.197,,311.53005816301584,179.73761926108352,0.9153792144256594,0.5769511305616338
2020-12-01,성북구,1294.0,737.0,791.0,API_2017_2025,2020,12,4,겨울,445418.15137419355,426207.500783871,15498.541916129032,3712.1086903225805,464856.9041612903,419631.48421290325,426532.1339580645,458908.1638129032,170712.0114483871,19211.84823548387,87553.58200967741,63946.5812032258,-32376.02985483871,0,23,1,53,19,2,131,0,0,92,0,0,0,2,970834.0,710054.0,260780.0,0.2686,,985919.0,791683.0,194236.0,0.197,,290.5135311634207,165.4624980428447,0.9294498716565904,0.5695517774343122
2021-01-01,성북구,1601.0,944.0,782.0,건별집계|API_2017_2025,2021,1,1,겨울,442329.8876935484,425835.65004838706,14330.777638709678,2163.4600161290323,461815.8977645162,416196.0214838709,423624.29501612904,455691.0253096774,175578.50588064516,20633.952983870968,90076.05370645161,64868.49919032258,-32066.730293548382,2,11,1,60,23,1,100,0,0,78,0,0,0,40,997998.0,747132.0,250866.0,0.2514,94118.0,1001140.0,805797.0,195343.0,0.1951,97878.0,361.9470545723541,213.4153775866972,0.9296305423795508,0.589631480324797
2021-02-01,성북구,1551.0,918.0,698.0,건별집계|API_2017_2025,2021,2,1,겨울,438007.89603214286,420279.2642357143,14047.133014285715,3681.498803571428,461082.924575,408011.2535857143,416647.3051928571,453265.4609285714,180154.85644285713,23253.58195357143,89455.61721785714,67445.65727142857,-36618.15573571429,2,11,1,60,23,1,100,0,0,78,0,0,0,40,997998.0,747132.0,250866.0,0.2514,94118.0,1001140.0,805797.0,195343.0,0.1951,97878.0,354.10320545595397,209.58526280371743,0.9192125610879386,0.5918762088974855
2021-03-01,성북구,1552.0,929.0,757.0,건별집계|API_2017_2025,2021,3,1,봄,445766.8841483871,426432.5940064516,14880.171306451613,4454.118851612903,471949.43476451613,414413.76241290325,422528.0203548387,462366.07258387096,183707.4354,27286.86376451613,87257.45941612903,69163.11221935485,-39838.05222903226,2,11,1,60,23,1,100,0,0,78,0,0,0,40,997998.0,747132.0,250866.0,0.2514,94118.0,1001140.0,805797.0,195343.0,0.1951,97878.0,348.1640416077587,208.40489346237618,0.9138387208940253,0.5985824742268041
2021-04-01,성북구,1601.0,957.0,800.0,건별집계|API_2017_2025,2021,4,2,봄,440312.49287666666,422551.12873,14908.026783333333,2853.33736,466953.3580633334,407807.8742833333,416277.9461,457480.02629,190094.32129,22469.937386666665,93880.93849333333,73743.44541,-41202.08019,2,11,1,60,23,1,100,0,0,78,0,0,0,40,997998.0,747132.0,250866.0,0.2514,94118.0,1001140.0,805797.0,195343.0,0.1951,97878.0,363.6053997787536,217.345638718468,0.9099368763175647,0.5977514053716427
2021-05-01,성북구,1898.0,1182.0,935.0,건별집계|API_2017_2025,2021,5,2,봄,437655.18221935484,420124.43510645156,14877.361316129032,2653.3858096774193,463186.84688387095,406767.19617741933,415071.6703032258,453786.26216451614,183271.7890451613,22085.527741935482,91308.76281612903,69877.49848709677,-38714.591861290326,2,11,1,60,23,1,100,0,0,78,0,0,0,40,997998.0,747132.0,250866.0,0.2514,94118.0,1001140.0,805797.0,195343.0,0.1951,97878.0,433.67474603527336,270.07563214630824,0.9146854034835133,0.6227608008429927
2021-06-01,성북구,1900.0,1146.0,945.0,건별집계|API_2017_2025,2021,6,2,여름,434647.05735666666,417642.18791,14618.787473333334,2386.081976666667,461767.8237633333,403065.2888633333,410690.3927866667,451758.96063,184985.45819,21822.367746666667,92051.97055666667,71111.11988666667,-41068.56784333333,2,11,1,60,23,1,100,0,0,78,0,0,0,40,997998.0,747132.0,250866.0,0.2514,94118.0,1001140.0,805797.0,195343.0,0.1951,97878.0,437.1362851401708,263.66220145822933,0.9090918577772953,0.6031578947368421
2021-07-01,성북구,1886.0,1170.0,918.0,건별집계|API_2017_2025,2021,7,3,여름,426102.5745451613,409875.93476451613,13834.608135483872,2392.0316548387095,450483.81399999995,397318.63613870967,404227.52965483867,441727.6066,172481.14602258065,19905.26355483871,87983.76325806451,64592.11920967742,-37500.07694516129,2,11,1,60,23,1,100,0,0,78,0,0,0,40,997998.0,747132.0,250866.0,0.2514,94118.0,1001140.0,805797.0,195343.0,0.1951,97878.0,442.61642915750764,274.5817720648377,0.9151058788609538,0.6203605514316013
2021-08-01,성북구,1827.0,1167.0,940.0,건별집계|API_2017_2025,2021,8,3,여름,422818.9771129032,404747.15172258066,13669.52825483871,4402.2971419354835,446768.0422677419,392806.1990645161,400610.7696967742,438681.9824129032,167895.35610967744,20346.6714,85560.3098,61988.37490967742,-38071.212716129034,2,11,1,60,23,1,100,0,0,78,0,0,0,40,997998.0,747132.0,250866.0,0.2514,94118.0,1001140.0,805797.0,195343.0,0.1951,97878.0,432.0998107689347,276.0046410330305,0.9132145512183469,0.638752052545156
2021-09-01,성북구,1954.0,1212.0,947.0,건별집계|API_2017_2025,2021,9,3,가을,427466.46255,408558.52464333334,14125.756066666665,4782.18184,452469.6020866667,397338.07400666666,405382.0921666667,443241.0128233333,173211.37951666667,24376.38172,84799.016,64035.98179666667,-37858.920656666654,2,11,1,60,23,1,100,0,0,78,0,0,0,40,997998.0,747132.0,250866.0,0.2514,94118.0,1001140.0,805797.0,195343.0,0.1951,97878.0,457.1118838992998,283.53101498769263,0.9145861516390037,0.6202661207778914
2021-10-01,성북구,1869.0,1147.0,966.0,건별집계|API_2017_2025,2021,10,4,가을,427842.3674935484,410450.7076677419,14345.576241935483,3046.0836,453497.61646774196,395891.0741032258,404822.86097741936,444284.87214838713,171338.37308387097,21879.839464516128,85084.19664838711,64374.33697096774,-39462.011170967744,2,11,1,60,23,1,100,0,0,78,0,0,0,40,997998.0,747132.0,250866.0,0.2514,94118.0,1001140.0,805797.0,195343.0,0.1951,97878.0,436.84313242497745,268.0893915952109,0.9111785846316464,0.613697164258962
2021-11-01,성북구,1899.0,1115.0,818.0,건별집계|API_2017_2025,2021,11,4,가을,427986.04852333333,410811.45483666664,14933.38665,2241.2070366666667,454583.01421,396148.79588,404606.45931,444685.75510333333,178441.46498000002,23208.38779,86308.66057000001,68924.41662,-40079.29579333333,2,11,1,60,23,1,100,0,0,78,0,0,0,40,997998.0,747132.0,250866.0,0.2514,94118.0,1001140.0,805797.0,195343.0,0.1951,97878.0,443.70605223045453,260.52251091993514,0.9098705201743646,0.5871511321748288
2021-12-01,성북구,2009.0,1064.0,818.0,건별집계|API_2017_2025,2021,12,4,겨울,431648.3129612903,413596.29492580646,14941.942177419356,3110.075848387097,456725.4199580645,401118.3502064516,408942.98892903223,447866.40155161294,168931.55445806452,21230.191280645162,82859.29617096773,64842.06700645161,-38923.41262258065,2,11,1,60,23,1,100,0,0,78,0,0,0,40,997998.0,747132.0,250866.0,0.2514,94118.0,1001140.0,805797.0,195343.0,0.1951,97878.0,465.425194463847,246.49696710280395,0.9130914654733369,0.5296167247386759
2022-01-01,성북구,1838.0,1102.0,,건별집계|xlsx_2022_2024,2022,1,1,겨울,423890.16642258066,407693.98783870967,14012.834964516129,2183.3436258064517,448053.75878387096,393034.8725516129,401420.2428935484,439940.1118193548,169109.91667419355,22348.75444193548,83286.27961290322,63474.88261935484,-38519.86892580645,1,13,12,205,28,1,143,0,0,84,0,0,0,11,967439.0,722479.0,244960.0,0.2532,99642.0,940801.0,750896.0,189905.0,0.2019,105442.0,433.6028871610289,259.97300416292376,0.9124429260007481,0.5995647442872688
2022-02-01,성북구,1712.0,933.0,,건별집계|xlsx_2022_2024,2022,2,1,겨울,426673.5994035714,409202.31364999997,13936.948696428572,3534.337075,449138.28805000003,398698.00895357144,406278.6249,441241.43832142855,169538.5505392857,22849.88890357143,83370.23919642856,63318.422439285714,-34962.81342142857,1,13,12,205,28,1,143,0,0,84,0,0,0,11,967439.0,722479.0,244960.0,0.2532,99642.0,940801.0,750896.0,189905.0,0.2019,105442.0,401.2434803543343,218.66832194544034,0.9207626247561105,0.5449766355140186
2022-03-01,성북구,2311.0,1088.0,,건별집계|xlsx_2022_2024,2022,3,1,봄,428904.6609032258,410743.4994064516,14272.375967741935,3888.7855483870967,450050.15346451616,402687.21867419354,409898.7528354839,442480.3095322581,171546.0780451613,27443.7686,80136.91731612902,63965.392129032254,-32581.55669677419,1,13,12,205,28,1,143,0,0,84,0,0,0,11,967439.0,722479.0,244960.0,0.2532,99642.0,940801.0,750896.0,189905.0,0.2019,105442.0,538.8143824628273,253.66942800500053,0.926366086818155,0.4707918649935093
2022-04-01,성북구,1948.0,1135.0,,건별집계|xlsx_2022_2024,2022,4,2,봄,435465.83873333334,418241.91976,15004.7672,2219.1517766666666,463026.8996833333,402333.71885666664,411500.00882,452584.2886766667,182788.93789333335,23852.395356666664,84713.51151666667,74223.03102000001,-41084.27985666667,1,13,12,205,28,1,143,0,0,84,0,0,0,11,967439.0,722479.0,244960.0,0.2532,99642.0,940801.0,750896.0,189905.0,0.2019,105442.0,447.33704156134706,260.6404220596144,0.9092229207142939,0.5826488706365504
2022-05-01,성북구,1841.0,1131.0,,건별집계|xlsx_2022_2024,2022,5,2,봄,441667.8836419355,423488.9254290323,15629.056222580646,2549.9020064516126,471200.4683129032,408482.11695483874,417261.13919354836,459101.27252903226,189226.14458064517,26153.977003225806,86641.55532903226,76430.6122483871,-41840.13333548387,1,13,12,205,28,1,143,0,0,84,0,0,0,11,967439.0,722479.0,244960.0,0.2532,99642.0,940801.0,750896.0,189905.0,0.2019,105442.0,416.82904014196265,256.07476610568153,0.9088651331654977,0.6143400325909831
2022-06-01,성북구,1820.0,1150.0,,건별집계|xlsx_2022_2024,2022,6,2,여름,444262.90957333334,425156.05342,15596.90808,3509.9480666666664,474973.78675666667,408833.87499000004,418308.06731666665,462802.0826133333,181955.44082000002,23037.721810000003,87306.47091999999,71611.24809,-44494.015296666665,1,13,12,205,28,1,143,0,0,84,0,0,0,11,967439.0,722479.0,244960.0,0.2532,99642.0,940801.0,750896.0,189905.0,0.2019,105442.0,409.6673300384031,258.8557305187712,0.9038595179921847,0.6318681318681318
2022-07-01,성북구,2038.0,1268.0,,건별집계|xlsx_2022_2024,2022,7,3,여름,423267.29480645165,406469.37753870967,14282.694025806451,2515.2232419354837,454848.203983871,387294.3383645161,396423.21393548383,442441.6382870968,168096.6818483871,21393.687964516128,81997.8363032258,64705.15758064516,-46018.424351612906,1,13,12,205,28,1,143,0,0,84,0,0,0,11,967439.0,722479.0,244960.0,0.2532,99642.0,940801.0,750896.0,189905.0,0.2019,105442.0,481.4924339788456,299.5742916021473,0.8959898427965046,0.6221786064769381
2022-08-01,성북구,2192.0,1298.0,,건별집계|xlsx_2022_2024,2022,8,3,여름,422073.4468064516,403162.4801870968,14274.702948387096,4636.263677419355,452225.37287741934,386537.7569516129,395627.2321548387,440963.6001483871,167562.25320967744,21556.373119354837,82395.77257741935,63610.107512903225,-45336.36799354839,1,13,12,205,28,1,143,0,0,84,0,0,0,11,967439.0,722479.0,244960.0,0.2532,99642.0,940801.0,750896.0,189905.0,0.2019,105442.0,519.3408911613376,307.5294145654271,0.8971879584203948,0.5921532846715328
2022-09-01,성북구,2015.0,1236.0,,건별집계|xlsx_2022_2024,2022,9,3,가을,438380.84759666666,417189.87557000003,15308.63324,5882.338803333333,465746.41146000003,408882.78689333337,416283.00319333334,454165.02215333335,185585.97166333333,31567.10624333333,81923.63306333333,72095.23235666666,-37882.018959999994,1,13,12,205,28,1,143,0,0,84,0,0,0,11,967439.0,722479.0,244960.0,0.2532,99642.0,940801.0,750896.0,189905.0,0.2019,105442.0,459.64599298688006,281.9466239859969,0.916589747972246,0.6133995037220844
2022-10-01,성북구,1845.0,1152.0,,건별집계|xlsx_2022_2024,2022,10,4,가을,436565.23642903223,418085.9557258064,15641.54000967742,2837.7407096774195,464195.53881935484,403657.4187612903,412930.2792483871,453447.34872258065,176779.84362580645,25373.643232258062,80659.19615806451,70747.00423548387,-40517.06947419355,1,13,12,205,28,1,143,0,0,84,0,0,0,11,967439.0,722479.0,244960.0,0.2532,99642.0,940801.0,750896.0,189905.0,0.2019,105442.0,422.61725076680995,263.8780882836667,0.9106465842432747,0.624390243902439
2022-11-01,성북구,1953.0,1201.0,,건별집계|xlsx_2022_2024,2022,11,4,가을,439368.16761,420428.29567,16501.62495,2438.2469866666665,466216.98015,408166.9423333333,415994.0316466667,456063.97901666665,183774.71647333333,25869.308463333335,82553.1499,75352.25811000001,-40069.94737,1,13,12,205,28,1,143,0,0,84,0,0,0,11,967439.0,722479.0,244960.0,0.2532,99642.0,940801.0,750896.0,189905.0,0.2019,105442.0,444.5019334522108,273.34706711526115,0.9121396356353423,0.6149513568868408
2022-12-01,성북구,2106.0,1322.0,,건별집계|xlsx_2022_2024,2022,12,4,겨울,440150.06316774193,420063.35125483875,16919.009390322582,3167.7025451612903,467535.5166451613,408421.0561612903,416530.91957419354,457020.88002903224,170695.04693548387,23457.87390967742,79211.92823870968,68025.24478709677,-40489.960454838714,1,13,12,205,28,1,143,0,0,84,0,0,0,11,967439.0,722479.0,244960.0,0.2532,99642.0,940801.0,750896.0,189905.0,0.2019,105442.0,478.4731790887872,300.3521095704543,0.9114045720356002,0.627730294396961
2023-01-01,성북구,1995.0,,,xlsx_2022_2024,2023,1,1,겨울,426405.94018064515,409453.1329322581,14276.69807419355,2676.1091741935484,453614.8346580645,394189.0294225807,403055.2328903226,443085.0168322581,163541.1517645161,23951.10226129032,77607.99116451613,61982.05833870968,-40029.78394193549,2,19,13,242,22,0,167,0,0,109,0,0,0,10,930240.0,716937.0,213303.0,0.2293,113433.0,1002179.0,796291.0,205888.0,0.2054,126882.0,467.8640262738428,,0.9096566518359841,
2023-02-01,성북구,1745.0,,,xlsx_2022_2024,2023,2,1,겨울,430060.81693928567,411904.3086892857,14719.3114,3437.1968464285715,458974.34045357147,394808.5501535715,404075.0359714286,448622.08904642856,168601.21535357143,25241.82741785714,79184.95032857142,64174.437607142856,-44547.053075,2,19,13,242,22,0,167,0,0,109,0,0,0,10,930240.0,716937.0,213303.0,0.2293,113433.0,1002179.0,796291.0,205888.0,0.2054,126882.0,405.7565654130152,,0.9007024973520871,
2023-03-01,성북구,2071.0,,,xlsx_2022_2024,2023,3,1,봄,448632.1220580645,426958.69784516125,17329.25725483871,4344.166945161291,475171.49270967743,418058.25613225804,426144.13573225803,464694.96943548386,182266.16051935483,34305.82236451613,76638.68883548387,71321.64931935484,-38550.833703225806,2,19,13,242,22,0,167,0,0,109,0,0,0,10,930240.0,716937.0,213303.0,0.2293,113433.0,1002179.0,796291.0,205888.0,0.2054,126882.0,461.62543834343614,,0.9170405615751387,
2023-04-01,성북구,2074.0,,,xlsx_2022_2024,2023,4,2,봄,443856.8041333333,424464.50902,17458.625340000002,1933.6697766666666,471783.67917,411707.5708433333,420175.0342933333,460772.3540066667,189316.87662000002,27276.257863333332,85427.17846333333,76613.44029333333,-40597.31971333334,2,19,13,242,22,0,167,0,0,109,0,0,0,10,930240.0,716937.0,213303.0,0.2293,113433.0,1002179.0,796291.0,205888.0,0.2054,126882.0,467.2678171622612,,0.9118928916626234,
2023-05-01,성북구,2195.0,,,xlsx_2022_2024,2023,5,2,봄,442747.812183871,422913.77892903227,17558.865948387094,2275.1673096774193,469501.81625806453,413135.6224387097,420690.76236451615,458502.8477870968,185529.80031612903,27731.81887096774,81760.89603548388,76037.08540967743,-37812.08542258064,2,19,13,242,22,0,167,0,0,109,0,0,0,10,930240.0,716937.0,213303.0,0.2293,113433.0,1002179.0,796291.0,205888.0,0.2054,126882.0,495.7675542591789,,0.9175314055189064,
2023-06-01,성북구,2064.0,,,xlsx_2022_2024,2023,6,2,여름,435905.05153666664,416779.65705,16566.499966666666,2558.8945166666667,465566.17447333335,402662.98491,410867.17273,453789.25069666666,178112.53748666667,24602.667843333333,82406.59358333334,71103.27606,-42922.077966666664,2,19,13,242,22,0,167,0,0,109,0,0,0,10,930240.0,716937.0,213303.0,0.2293,113433.0,1002179.0,796291.0,205888.0,0.2054,126882.0,473.4976097945918,,0.9054140707370838,
2023-07-01,성북구,2250.0,,,xlsx_2022_2024,2023,7,3,여름,419957.92550967744,404224.8845967742,13567.250038709677,2165.790893548387,450857.25575483876,384677.58201935486,393610.4682,438777.53788709675,162567.44506451613,22696.840322580647,77714.87471612904,62155.73002580645,-45167.06968709678,2,19,13,242,22,0,167,0,0,109,0,0,0,10,930240.0,716937.0,213303.0,0.2293,113433.0,1002179.0,796291.0,205888.0,0.2054,126882.0,535.7679575327246,,0.8970615726944554,
2023-08-01,성북구,2166.0,,,xlsx_2022_2024,2023,8,3,여름,415167.25053225807,399297.8200870968,13342.623322580645,2526.807106451613,446594.8885548387,378945.6626806451,388052.3302741935,434535.05071290326,161327.25182580645,22315.484290322584,78220.95093548387,60790.8166,-46482.72043870968,2,19,13,242,22,0,167,0,0,109,0,0,0,10,930240.0,716937.0,213303.0,0.2293,113433.0,1002179.0,796291.0,205888.0,0.2054,126882.0,521.7174517554351,,0.8930288353898042,
2023-09-01,성북구,2089.0,,,xlsx_2022_2024,2023,9,3,가을,435206.5901733333,415689.9973966667,16085.006206666667,3431.5865733333335,463801.6448333334,404674.0522133334,412552.35179,451388.18902000005,179709.84192,31740.725433333333,79285.55852333334,68683.55796333334,-38835.83723,2,19,13,242,22,0,167,0,0,109,0,0,0,10,930240.0,716937.0,213303.0,0.2293,113433.0,1002179.0,796291.0,205888.0,0.2054,126882.0,480.001922573828,,0.9139635502773881,
2023-10-01,성북구,1961.0,,,xlsx_2022_2024,2023,10,4,가을,433068.7243709677,415036.85967096774,16342.353593548387,1689.5111161290322,461595.0826935484,400398.73651290324,409532.08828709676,449880.60728709673,176832.6355870968,25681.126580645163,81732.46976129031,69419.03924516129,-40348.51900000001,2,19,13,242,22,0,167,0,0,109,0,0,0,10,930240.0,716937.0,213303.0,0.2293,113433.0,1002179.0,796291.0,205888.0,0.2054,126882.0,452.814966688798,,0.9103128289007331,
2023-11-01,성북구,1852.0,,,xlsx_2022_2024,2023,11,4,가을,441576.38127333333,422459.0987833334,17336.482016666665,1780.8004533333333,471176.01601333334,410279.02153333335,417947.95733,458453.82694,188343.62625666667,29465.29741,83350.90765333334,75527.42119333333,-40505.86961,2,19,13,242,22,0,167,0,0,109,0,0,0,10,930240.0,716937.0,213303.0,0.2293,113433.0,1002179.0,796291.0,205888.0,0.2054,126882.0,419.406489690313,,0.9116467848455736,
2023-12-01,성북구,2128.0,,,xlsx_2022_2024,2023,12,4,겨울,443226.1905548387,422634.5187548387,18277.430332258067,2314.241470967742,474843.9124129032,409886.5438580645,418942.5286903226,460571.6633032258,178501.15282903227,29474.552980645163,81558.97798387097,67467.62186451613,-41629.134612903224,2,19,13,242,22,0,167,0,0,109,0,0,0,10,930240.0,716937.0,213303.0,0.2293,113433.0,1002179.0,796291.0,205888.0,0.2054,126882.0,480.1160322534484,,0.9096142078860463,
2024-01-01,성북구,1917.0,,,xlsx_2022_2024,2024,1,1,겨울,419987.36161290325,405131.9483709677,12891.601316129032,1963.8119322580646,451528.123183871,384915.3937290323,395529.2556580645,437457.4372967742,161904.52708387095,26374.93706451613,76453.54278064516,59076.047238709674,-41928.181638709684,0,47,0,89,24,0,205,6,98,90,36,25,0,8,917806.0,704197.0,213609.0,0.2327,94203.0,940508.0,752594.0,187914.0,0.1998,83294.0,456.4423064156091,,0.9041548318442114,
2024-02-01,성북구,1744.0,,,xlsx_2022_2024,2024,2,1,겨울,418365.62775172415,404079.2734724138,12255.072475862069,2031.2818137931033,446100.76849310345,384822.2440586207,394401.29982068966,435483.00485517236,167279.3446275862,27905.445779310343,78140.6104724138,61233.288375862074,-41081.70503448275,0,47,0,89,24,0,205,6,98,90,36,25,0,8,917806.0,704197.0,213609.0,0.2327,94203.0,940508.0,752594.0,187914.0,0.1998,83294.0,416.8602495793376,,0.9056640452636144,
2024-03-01,성북구,1792.0,,,xlsx_2022_2024,2024,3,1,봄,442513.9792935484,423453.3686096774,16352.188022580645,2708.4226612903226,468289.8200709677,412524.9488193548,420923.5415967742,457935.7205096774,180537.8126870968,36586.98271612903,76427.8535451613,67522.97642580645,-37012.178912903226,0,47,0,89,24,0,205,6,98,90,36,25,0,8,917806.0,704197.0,213609.0,0.2327,94203.0,940508.0,752594.0,187914.0,0.1998,83294.0,404.95895810135517,,0.9191760387861662,
2024-04-01,성북구,1917.0,,,xlsx_2022_2024,2024,4,2,봄,438510.2874066666,420443.64706000005,16450.050306666664,1616.59005,468057.4579133333,405578.07804,414077.7637866667,455962.0899833333,188107.45696,26913.879433333335,84651.87115,76541.70637666667,-41884.32619666667,0,47,0,89,24,0,205,6,98,90,36,25,0,8,917806.0,704197.0,213609.0,0.2327,94203.0,940508.0,752594.0,187914.0,0.1998,83294.0,437.16192186437996,,0.9081407706544252,
2024-05-01,성북구,2004.0,,,xlsx_2022_2024,2024,5,2,봄,434632.2104709677,416636.84957419353,16407.747751612904,1587.613158064516,461965.65247741935,404088.52702903224,411959.6865387097,450826.8704129032,167176.66957419354,26088.562848387097,71061.71341612903,70026.39330967743,-38867.18387419355,0,47,0,89,24,0,205,6,98,90,36,25,0,8,917806.0,704197.0,213609.0,0.2327,94203.0,940508.0,752594.0,187914.0,0.1998,83294.0,461.0794947361275,,0.9137868959793903,
2024-06-01,성북구,1910.0,,,xlsx_2022_2024,2024,6,2,여름,428535.6472066667,411413.93365666666,15248.329196666666,1873.3843633333333,457387.01591333334,395498.16362,404208.7007966667,445912.03749333334,158960.55798333333,24372.279973333334,70099.68867,64488.58934,-41703.336696666665,0,47,0,89,24,0,205,6,98,90,36,25,0,8,917806.0,704197.0,213609.0,0.2327,94203.0,940508.0,752594.0,187914.0,0.1998,83294.0,445.70387841711533,,0.9064763155282837,
2024-07-01,성북구,1999.0,,,xlsx_2022_2024,2024,7,3,여름,413947.471332258,399369.7608612903,12519.43674516129,2058.2737129032257,444148.3831612903,377844.4371967742,387146.34663870966,433091.13183548383,149057.77421612904,23055.05661935484,67185.51515483871,58817.202441935486,-45944.785196774195,0,47,0,89,24,0,205,6,98,90,36,25,0,8,917806.0,704197.0,213609.0,0.2327,94203.0,940508.0,752594.0,187914.0,0.1998,83294.0,482.9115137643848,,0.8939142784982561,
2024-08-01,성북구,2119.0,,,xlsx_2022_2024,2024,8,3,여름,407870.7860548387,393693.53076774196,12085.992522580646,2091.262764516129,437759.0177935484,372472.2240354839,381854.53364516125,426453.8234903226,149127.15691935483,23342.14869677419,68413.15412258064,57371.854100000004,-44599.28984516129,0,47,0,89,24,0,205,6,98,90,36,25,0,8,917806.0,704197.0,213609.0,0.2327,94203.0,940508.0,752594.0,187914.0,0.1998,83294.0,519.527279827072,,0.8954182436913397,
2024-09-01,성북구,1772.0,,,xlsx_2022_2024,2024,9,3,가을,425355.26665,407485.98261999997,15054.661843333333,2814.62219,451868.64861,395668.0186666667,403958.06654333335,440638.9810166667,174162.20401333334,32219.230256666666,76302.53135666667,65640.4424,-36680.91447333333,0,47,0,89,24,0,205,6,98,90,36,25,0,8,917806.0,704197.0,213609.0,0.2327,94203.0,940508.0,752594.0,187914.0,0.1998,83294.0,416.5929374651602,,0.9167551758841193,
2024-10-01,성북구,1680.0,,,xlsx_2022_2024,2024,10,4,가을,431263.91349999997,414162.968516129,15464.229170967743,1636.7158129032257,457956.2806451613,399186.9966709677,407897.9637451613,447953.87761612906,172417.10078387096,26514.417596774194,77004.10380322581,68898.57938387097,-40055.913870967735,0,47,0,89,24,0,205,6,98,90,36,25,0,8,917806.0,704197.0,213609.0,0.2327,94203.0,940508.0,752594.0,187914.0,0.1998,83294.0,389.5526491807899,,0.9105802720491385,
2024-11-01,성북구,1673.0,,,xlsx_2022_2024,2024,11,4,가을,429783.6834933333,412374.4385333333,15859.940036666667,1549.3049299999998,457465.7206933333,397217.68367666664,405944.51671,446811.65976333333,180212.2837,27469.566990000003,81247.13660333333,71495.58010666668,-40867.14305333334,0,47,0,89,24,0,205,6,98,90,36,25,0,8,917806.0,704197.0,213609.0,0.2327,94203.0,940508.0,752594.0,187914.0,0.1998,83294.0,389.2655920303106,,0.9085360863792592,
2024-12-01,성북구,1716.0,,,xlsx_2022_2024,2024,12,4,겨울,426632.58868387097,409293.8182935484,15234.967590322582,2103.802819354839,455066.8758290322,392569.2624935484,402715.84936129034,443715.97392580647,168472.30511612905,25484.105925806452,77632.7569516129,65355.44223870968,-41000.12456451613,0,47,0,89,24,0,205,6,98,90,36,25,0,8,917806.0,704197.0,213609.0,0.2327,94203.0,940508.0,752594.0,187914.0,0.1998,83294.0,402.2196253909551,,0.9075982678699511,
2018-04-01,송파구,2361.0,1441.0,1457.0,API_2017_2025,2018,4,2,봄,768771.6139115385,748848.0635307692,14808.302369230769,5115.248026923077,794293.5277423076,749451.5561653846,768507.2023538462,768960.479326923,427679.8978307692,112229.82241153847,183854.55054999999,131595.52486923078,-453.2769730769169,0,89,9,157,2,47,372,0,0,202,0,0,0,38,,,,,,,,,,,307.1133165267568,187.44188441976135,0.9994105328098609,0.6103346039813639
2018-05-01,송파구,2405.0,1525.0,1545.0,API_2017_2025,2018,5,2,봄,766705.5318064516,746976.6004483871,14589.562306451613,5139.369058064516,798383.2209064516,745869.0781064517,766587.9966,765007.6878096773,416048.22754193546,112251.23389032258,176046.3642419355,127750.62940967742,1580.3087903225846,0,89,9,157,2,47,372,0,0,202,0,0,0,38,,,,,,,,,,,313.6797505991025,198.90296035909824,1.002065742365083,0.6340956340956341
2018-06-01,송파구,2374.0,1438.0,1452.0,API_2017_2025,2018,6,2,여름,774615.5069200001,754160.4767966666,14896.71244,5558.3176766666675,803255.9025733334,755041.8895933334,772817.7855966666,775899.59357,393086.00167333335,105415.38573666666,167748.88611333334,119921.72982333334,-3081.8079733333316,0,89,9,157,2,47,372,0,0,202,0,0,0,38,,,,,,,,,,,306.4746288696722,185.6404870743844,0.9960280840473783,0.6057287278854254
2018-07-01,송파구,2693.0,1584.0,1603.0,API_2017_2025,2018,7,3,여름,778558.9961548387,756622.5015451612,15763.212564516129,6173.282032258065,802944.8624032257,761365.9875935485,783177.1739709678,775260.2977,404539.69762580644,111173.88366774193,170281.16176774193,123084.65219032258,7916.8762709677385,0,89,9,157,2,47,372,0,0,202,0,0,0,38,,,,,,,,,,,345.8954315986633,203.4527900676876,1.0102118943720646,0.5881916078722614
2018-08-01,송파구,2646.0,1524.0,1533.0,API_2017_2025,2018,8,3,여름,777930.0014000001,755705.4495935483,15900.028541935484,6324.523267741935,806043.5561677419,759284.1152451612,785247.1992548386,770924.0175935484,424478.63324193546,115945.34037741934,181362.63785483871,127170.65500967743,14323.181661290328,0,89,9,157,2,47,372,0,0,202,0,0,0,38,,,,,,,,,,,340.1334304163783,195.90451547791403,1.0185792391136033,0.5759637188208617
2018-09-01,송파구,2322.0,1400.0,1416.0,API_2017_2025,2018,9,3,가을,762130.3431566667,742189.79036,14802.557746666665,5137.995063333334,791977.8209833334,739345.8601766668,764013.6859166666,760785.0983233334,401657.71811,107436.12702333332,174711.67392,119509.91716666667,3228.5875933333377,0,89,9,157,2,47,372,0,0,202,0,0,0,38,,,,,,,,,,,304.67229403077056,183.6956122493879,1.0042437576661907,0.602928509905254
2018-10-01,송파구,2286.0,1419.0,1425.0,API_2017_2025,2018,10,4,가을,779796.4103096774,759394.9594129032,14602.2079,5799.2429999999995,807839.5771322581,761049.7657774194,784148.2399096774,774904.3535612903,411178.88427096774,114542.93586129033,171942.56358387097,124693.38482580645,9243.886348387085,0,89,9,157,2,47,372,0,0,202,0,0,0,38,,,,,,,,,,,293.1534397666912,181.97057350347103,1.011929067511241,0.6207349081364829
2018-11-01,송파구,2162.0,1325.0,1334.0,API_2017_2025,2018,11,4,가을,780220.7414633334,760123.5036166667,14737.568143333334,5359.669716666667,804439.3989400001,763241.0942800001,782991.6203366667,778241.54227,423583.2576966667,118730.15142000001,177278.51420333332,127574.59207333332,4750.078066666661,0,89,9,157,2,47,372,0,0,202,0,0,0,38,,,,,,,,,,,277.10106705764935,169.82373443634845,1.0061036038410538,0.6128584643848288
2018-12-01,송파구,2483.0,1504.0,1520.0,API_2017_2025,2018,12,4,겨울,789347.0278709678,768301.2996354839,15243.64994516129,5802.078287096774,814772.4906064516,771667.9996096775,797796.8803064516,783311.4189838709,415969.5647290323,117452.21934193549,176411.07423225805,122106.2711548387,14485.461322580644,0,89,9,157,2,47,372,0,0,202,0,0,0,38,,,,,,,,,,,314.56379923253337,190.5372348150343,1.0184925956286601,0.6057188884414015
2019-01-01,송파구,2194.0,1285.0,1290.0,API_2017_2025,2019,1,1,겨울,796721.4698612904,774469.6357032257,16362.22225483871,5889.611906451612,817163.3068161291,778998.7171774195,807591.1861709678,788957.3868,433752.21743870963,121857.51337096775,182539.34412580644,129355.35994193549,18633.799370967743,0,52,2,117,10,66,285,0,0,183,0,0,0,19,1197941.0,811432.0,386509.0,0.3226,,2047780.0,857374.0,1190406.0,0.5813,,275.37854607859083,161.2859761672695,1.0236182583276725,0.5856882406563355
2019-02-01,송파구,1894.0,1180.0,1188.0,API_2017_2025,2019,2,1,겨울,776849.9064499999,754255.8800892857,16662.855967857144,5931.170392857143,800607.6838107143,751311.4778035714,789543.2476642857,767783.2341535714,418365.7512678571,118236.95084642856,177153.9990892857,122974.80133214286,21760.013510714274,0,52,2,117,10,66,285,0,0,183,0,0,0,19,1197941.0,811432.0,386509.0,0.3226,,2047780.0,857374.0,1190406.0,0.5813,,243.80513974122525,151.8954936085775,1.0283413501920282,0.6230200633579726
2019-03-01,송파구,2213.0,1313.0,1323.0,API_2017_2025,2019,3,1,봄,787068.1089258065,766467.0167548388,15541.465787096773,5059.626380645162,807602.6280967742,767533.7904258065,787187.4071193549,786982.8959161291,392078.30731935485,104869.87910645161,169845.93962903225,117362.48858387097,204.5112032258147,0,52,2,117,10,66,285,0,0,183,0,0,0,19,1197941.0,811432.0,386509.0,0.3226,,2047780.0,857374.0,1190406.0,0.5813,,281.1700759951144,166.8216492460846,1.0002598674053618,0.5933122458201536
2019-04-01,송파구,2246.0,1421.0,1432.0,API_2017_2025,2019,4,2,봄,783127.1193033333,762173.14449,15590.901673333334,5363.0731399999995,808899.1828566666,766106.51157,784605.1294133333,782071.3977966666,433803.2393233333,117003.02588333334,184869.20792,131931.00552,2533.7316166666687,0,52,2,117,10,66,285,0,0,183,0,0,0,19,1197941.0,811432.0,386509.0,0.3226,,2047780.0,857374.0,1190406.0,0.5813,,286.7989046271354,181.4520229185928,1.0032397702099898,0.6326803205699021
2019-05-01,송파구,2485.0,1528.0,1546.0,API_2017_2025,2019,5,2,봄,757045.6342483871,736590.9768193548,15320.166012903224,5134.491438709677,786745.0356064516,739537.3572129033,758474.1078903226,756025.2959419354,401453.9903967742,110580.3452032258,171072.96061612904,119800.68457741935,2448.8119483871064,0,52,2,117,10,66,285,0,0,183,0,0,0,19,1197941.0,811432.0,386509.0,0.3226,,2047780.0,857374.0,1190406.0,0.5813,,328.2496969244354,201.83723818935098,1.0032390608641424,0.6148893360160966
2019-06-01,송파구,2334.0,1421.0,1438.0,API_2017_2025,2019,6,2,여름,757662.2535833333,736120.96757,16018.093893333335,5523.19211,782902.56875,740069.6728766666,759437.3070500001,756394.3582433333,379416.1252233333,102627.65529666668,164219.54226,112568.92766666667,3042.948806666676,0,52,2,117,10,66,285,0,0,183,0,0,0,19,1197941.0,811432.0,386509.0,0.3226,,2047780.0,857374.0,1190406.0,0.5813,,308.0528281515201,187.55058646242932,1.0040229660275808,0.6088260497000857
2019-07-01,송파구,2540.0,1557.0,1566.0,API_2017_2025,2019,7,3,여름,757730.7739322581,734298.7784354838,17037.464258064516,6394.531225806451,783273.8651935484,741625.2586064517,761896.814083871,754755.0309645161,367079.63909032254,103247.73116774193,154132.87290645164,109699.03501612904,7141.78311935484,0,52,2,117,10,66,285,0,0,183,0,0,0,19,1197941.0,811432.0,386509.0,0.3226,,2047780.0,857374.0,1190406.0,0.5813,,335.2114085084102,205.48195395574592,1.009462385577249,0.612992125984252
2019-08-01,송파구,2586.0,1561.0,1566.0,API_2017_2025,2019,8,3,여름,795578.3940032258,771146.621116129,18284.636703225806,6147.136187096774,821500.5683032258,779173.1678354839,800625.7888516128,791973.1119709677,389400.90051935485,108895.29717741936,164202.4281548387,116303.17518709679,8652.676880645175,0,52,2,117,10,66,285,0,0,183,0,0,0,19,1197941.0,811432.0,386509.0,0.3226,,2047780.0,857374.0,1190406.0,0.5813,,325.04653463345744,196.20945110704838,1.0109254679860422,0.6036349574632637
2019-09-01,송파구,2415.0,1480.0,1489.0,API_2017_2025,2019,9,3,가을,784627.7458333333,762037.0971633333,16900.295036666666,5690.353643333334,808606.7054366667,766253.3126933334,785165.8307166666,784243.3994933333,399446.82972,109777.88850333334,170844.0521,118824.88911666667,922.4312233333324,0,52,2,117,10,66,285,0,0,183,0,0,0,19,1197941.0,811432.0,386509.0,0.3226,,2047780.0,857374.0,1190406.0,0.5813,,307.7892685830386,188.6244792972659,1.0011762052749558,0.6128364389233955
2019-10-01,송파구,2364.0,1471.0,1493.0,API_2017_2025,2019,10,4,가을,796522.8922967741,772270.4852241935,17229.187638709678,7023.219416129032,816581.8063016129,782177.3763467742,797233.9491903225,796014.994532258,416767.2602274194,117183.33085,171889.63351774195,127694.29585967741,1218.954658064533,0,52,2,117,10,66,285,0,0,183,0,0,0,19,1197941.0,811432.0,386509.0,0.3226,,2047780.0,857374.0,1190406.0,0.5813,,296.789963334689,184.67768023067998,1.0015313212269084,0.6222504230118443
2019-11-01,송파구,2162.0,1445.0,1461.0,API_2017_2025,2019,11,4,가을,789683.12948,766933.8427333334,16865.71488,5883.571863333334,808660.4663600001,773362.3523133334,791420.6780600001,788442.0233566667,406546.51991333335,115866.92241666667,167886.54307,122793.05442666667,2978.6547033333336,0,52,2,117,10,66,285,0,0,183,0,0,0,19,1197941.0,811432.0,386509.0,0.3226,,2047780.0,857374.0,1190406.0,0.5813,,273.78070004150396,182.98478795558427,1.003777899471482,0.6683626271970398
2019-12-01,송파구,2245.0,1458.0,1466.0,API_2017_2025,2019,12,4,겨울,803916.0484193548,780008.3136387097,17164.26120645161,6743.4735967741935,829124.6353451613,785341.8924,812982.5656290322,797439.9647193549,428831.59717419354,124987.16727096774,174515.22151935485,129329.20838387097,15542.600909677429,0,52,2,117,10,66,285,0,0,183,0,0,0,19,1197941.0,811432.0,386509.0,0.3226,,2047780.0,857374.0,1190406.0,0.5813,,279.25801511415006,181.36222095163956,1.0194906219870072,0.6494432071269488
2020-01-01,송파구,2291.0,1468.0,1479.0,API_2017_2025,2020,1,1,겨울,790905.8844064516,766706.8661387096,18467.86076451613,5731.157503225807,811564.8475258064,771572.2368935484,798879.6778451613,785210.3176548387,413532.01978387096,119308.37880645161,170909.8960935484,123313.74488387098,13669.360190322577,0,32,8,94,5,95,225,0,0,151,0,0,1,15,1197240.0,831528.0,365712.0,0.3055,,2484030.0,999067.0,1484963.0,0.5978,,289.66784103766264,185.60994790191566,1.0174085335902723,0.6407682234831951
2020-02-01,송파구,1857.0,1149.0,1153.0,API_2017_2025,2020,2,1,겨울,794056.7185793102,771199.0369896552,18393.894910344825,4463.786696551724,803347.8477724137,785950.349637931,795003.3513586207,793380.5523034483,381789.66000000003,100525.34036206898,167402.48993793104,113861.8297,1622.7990551724236,0,32,8,94,5,95,225,0,0,151,0,0,1,15,1197240.0,831528.0,365712.0,0.3055,,2484030.0,999067.0,1484963.0,0.5978,,233.86238747812106,144.69999095980674,1.002045423284527,0.6187399030694669
2020-03-01,송파구,2042.0,1165.0,1174.0,API_2017_2025,2020,3,1,봄,786003.069732258,764161.3856548386,17581.275929032257,4260.40814516129,794585.5655064515,779310.4761548387,785211.8583935484,786568.2206774194,358252.1875935484,89023.53432258064,163822.67522580645,105405.97804516129,-1356.362283870972,0,32,8,94,5,95,225,0,0,151,0,0,1,15,1197240.0,831528.0,365712.0,0.3055,,2484030.0,999067.0,1484963.0,0.5978,,259.79542302494843,148.21825064841573,0.9982755948585071,0.5705190989226249
2020-04-01,송파구,1964.0,1137.0,1141.0,API_2017_2025,2020,4,2,봄,778075.09797,756810.58234,17375.75172,3888.76389,787389.3738066667,769376.6636,774450.42268,780664.1517533333,374195.17739666667,94495.25180666667,169943.77668333333,109756.14890666665,-6213.729073333333,0,32,8,94,5,95,225,0,0,151,0,0,1,15,1197240.0,831528.0,365712.0,0.3055,,2484030.0,999067.0,1484963.0,0.5978,,252.41779426228666,146.12985339929733,0.9920404580389947,0.5789205702647657
2020-05-01,송파구,2070.0,1200.0,1208.0,API_2017_2025,2020,5,2,봄,770238.2154161291,747803.640867742,17013.163616129033,5421.410922580645,779439.7203870967,761096.8237774194,767364.7364580645,772290.7003774194,373552.761883871,96937.45018709678,167416.7932903226,109198.51840645162,-4925.963919354851,0,32,8,94,5,95,225,0,0,151,0,0,1,15,1197240.0,831528.0,365712.0,0.3055,,2484030.0,999067.0,1484963.0,0.5978,,268.7480260742011,155.79595714446444,0.993621619531418,0.5797101449275363
2020-06-01,송파구,2208.0,1290.0,1298.0,API_2017_2025,2020,6,2,여름,763804.4220366667,743151.4630633333,16920.31737,3732.64161,774503.4604366666,753456.57928,758634.81384,767496.9993033333,375753.1052166667,97410.93452666668,166323.84696000002,112018.32373,-8862.185463333339,0,32,8,94,5,95,225,0,0,151,0,0,1,15,1197240.0,831528.0,365712.0,0.3055,,2484030.0,999067.0,1484963.0,0.5978,,289.079237602791,168.8914024038045,0.9884531334045896,0.5842391304347826
2020-07-01,송파구,2456.0,1392.0,1403.0,API_2017_2025,2020,7,3,여름,767129.8993193548,743329.8542064516,16934.86141935484,6865.183703225806,776903.8818064516,757484.516232258,763227.3411225806,769917.4408935484,373241.443183871,99100.55100645161,161990.5535967742,112150.33858064516,-6690.099770967732,0,32,8,94,5,95,225,0,0,151,0,0,1,15,1197240.0,831528.0,365712.0,0.3055,,2484030.0,999067.0,1484963.0,0.5978,,320.154383524761,181.45557893585803,0.9913106270677496,0.5667752442996743
2020-08-01,송파구,2349.0,1174.0,1192.0,API_2017_2025,2020,8,3,여름,757473.3178225806,736447.9402193548,15921.985596774193,5103.392006451613,768467.7925483871,748965.3327935484,755806.302767742,758664.042867742,355450.6077451613,91606.87013870968,159970.33495161292,103873.4026548387,-2857.7400999999973,0,32,8,94,5,95,225,0,0,151,0,0,1,15,1197240.0,831528.0,365712.0,0.3055,,2484030.0,999067.0,1484963.0,0.5978,,310.1099332122211,154.9889576803523,0.9962331942223097,0.4997871434653044
2020-09-01,송파구,2004.0,1065.0,1084.0,API_2017_2025,2020,9,3,가을,758909.1492633333,739337.86363,15203.747976666666,4367.53765,769240.4016566667,749310.1259066666,754604.3792966666,761983.9849466666,350120.68172,88526.35481666666,158208.41391333332,103385.91299000001,-7379.6056499999795,0,32,8,94,5,95,225,0,0,151,0,0,1,15,1197240.0,831528.0,365712.0,0.3055,,2484030.0,999067.0,1484963.0,0.5978,,264.06322837789816,140.33300310502074,0.9903152746044701,0.531437125748503
2020-10-01,송파구,2299.0,1211.0,1216.0,API_2017_2025,2020,10,4,가을,749909.0667999999,731080.47,15008.610119354838,3819.9866774193547,762135.6347516129,737705.865383871,746057.520551613,752660.1712580646,366355.1101774194,96930.24862258064,160720.87827741934,108703.98327741936,-6602.650706451623,0,32,8,94,5,95,225,0,0,151,0,0,1,15,1197240.0,831528.0,365712.0,0.3055,,2484030.0,999067.0,1484963.0,0.5978,,306.57050324918146,161.48624594813342,0.9912275805754205,0.526750761200522
2020-11-01,송파구,2019.0,1068.0,1085.0,API_2017_2025,2020,11,4,가을,757123.4029166666,738625.89708,15058.902856666666,3438.602983333333,768255.4960233333,746907.2070933334,755059.8490666667,758597.3699533333,372266.46123666666,100392.8291,160605.17841999998,111268.45371666667,-3537.520886666661,0,32,8,94,5,95,225,0,0,151,0,0,1,15,1197240.0,831528.0,365712.0,0.3055,,2484030.0,999067.0,1484963.0,0.5978,,266.66722917587884,141.0602282119062,0.9953367609396218,0.5289747399702823
2020-12-01,송파구,1870.0,961.0,997.0,API_2017_2025,2020,12,4,겨울,758585.7910129032,739858.4980935483,14652.022964516129,4075.2699580645162,766125.7972774194,751869.7345322581,758913.1913806451,758351.9336129032,337267.86310967745,86511.2798548387,151819.39138387094,98937.19187096774,561.2577677419401,0,32,8,94,5,95,225,0,0,151,0,0,1,15,1197240.0,831528.0,365712.0,0.3055,,2484030.0,999067.0,1484963.0,0.5978,,246.5113402009651,126.68310049899864,1.0007401019801823,0.513903743315508
2021-01-01,송파구,2215.0,1316.0,1047.0,건별집계|API_2017_2025,2021,1,1,겨울,762324.3776483871,744844.851316129,14419.725629032257,3059.8007096774195,770383.7201258064,755093.0053258064,764176.4423258065,761001.4743,349083.91751935484,90831.84017096774,156295.56217741937,101956.51517096774,3174.9680258064463,1,28,3,144,0,102,189,0,0,148,0,0,0,20,1279728.0,897734.0,381994.0,0.2985,111644.0,2873667.0,1101301.0,1772366.0,0.6168,249319.0,290.5587260416381,172.62992481751502,1.0041720918198311,0.5941309255079007
2021-02-01,송파구,2013.0,1201.0,1011.0,건별집계|API_2017_2025,2021,2,1,겨울,752923.0075678572,735570.3424821428,14351.434324999998,3001.2307607142857,763045.1044214285,742792.4436107142,754347.3949857142,751905.5879678571,365906.40111785714,98386.23901428572,159214.30895,108305.85315357141,2441.8070178571384,1,28,3,144,0,102,189,0,0,148,0,0,0,20,1279728.0,897734.0,381994.0,0.2985,111644.0,2873667.0,1101301.0,1772366.0,0.6168,249319.0,267.35801400232526,159.51166160794466,1.003247491516131,0.596621957277695
2021-03-01,송파구,2361.0,1351.0,1136.0,건별집계|API_2017_2025,2021,3,1,봄,760446.9979903225,743483.9445612903,14124.195770967743,2838.8576548387095,771164.6519,750759.1347064517,759941.1827645161,760808.2945741935,367821.49873548385,99351.44134516129,156999.5406870968,111470.5167032258,-867.1118096774219,1,28,3,144,0,102,189,0,0,148,0,0,0,20,1279728.0,897734.0,381994.0,0.2985,111644.0,2873667.0,1101301.0,1772366.0,0.6168,249319.0,310.47528706662683,177.65866701694742,0.9988602755571129,0.5722151630664972
2021-04-01,송파구,2320.0,1414.0,1190.0,건별집계|API_2017_2025,2021,4,2,봄,750495.1736866666,733228.13737,13994.414903333332,3272.6214066666666,760669.7507000001,740353.33114,749055.0994633333,751523.7981266666,384936.9655033333,102929.66760333332,165569.30911333335,116437.98878666667,-2468.69866333333,1,28,3,144,0,102,189,0,0,148,0,0,0,20,1279728.0,897734.0,381994.0,0.2985,111644.0,2873667.0,1101301.0,1772366.0,0.6168,249319.0,309.1292364484419,188.4089398009038,0.9967150758638821,0.6094827586206897
2021-05-01,송파구,2539.0,1580.0,1315.0,건별집계|API_2017_2025,2021,5,2,봄,748044.4751806451,731121.0310903225,13793.901987096773,3129.542093548387,758071.3397774195,737852.5135709677,748262.3950709677,747888.8181387098,371668.9179967742,100471.94152258064,161389.5525548387,109807.42391935484,373.57693225806264,1,28,3,144,0,102,189,0,0,148,0,0,0,20,1279728.0,897734.0,381994.0,0.2985,111644.0,2873667.0,1101301.0,1772366.0,0.6168,249319.0,339.41832126851244,211.21738779214246,1.0004995086478063,0.6222922410397794
2021-06-01,송파구,2934.0,1695.0,1455.0,건별집계|API_2017_2025,2021,6,2,여름,755220.63422,737101.7753933333,13854.755063333334,4264.103776666667,765355.6310033334,745840.1836466666,754638.8889366667,755636.1665899999,383513.23567,103284.40562333332,166429.50779666664,113799.32225,-997.2776533333351,1,28,3,144,0,102,189,0,0,148,0,0,0,20,1279728.0,897734.0,381994.0,0.2985,111644.0,2873667.0,1101301.0,1772366.0,0.6168,249319.0,388.49574111945003,224.43772365285204,0.9986802145034511,0.5777096114519428
2021-07-01,송파구,2703.0,1589.0,1351.0,건별집계|API_2017_2025,2021,7,3,여름,749300.2348870968,732103.5055483871,13900.693096774192,3296.0362419354838,758886.1353,741531.2340290323,749800.9133612902,748942.6074225806,360068.9620451613,95509.9799967742,158718.62296774195,105840.35908064517,858.3059387096774,1,28,3,144,0,102,189,0,0,148,0,0,0,20,1279728.0,897734.0,381994.0,0.2985,111644.0,2873667.0,1101301.0,1772366.0,0.6168,249319.0,360.7365744930379,212.064527143706,1.0011460236474774,0.5878653348131706
2021-08-01,송파구,2657.0,1607.0,1343.0,건별집계|API_2017_2025,2021,8,3,여름,745589.1255290323,728260.2249967742,13824.385712903226,3504.5148419354837,754756.3626064516,736773.5628967742,746787.0402258065,744733.472183871,354574.9380903226,95222.61650967742,155417.4818935484,103934.83968709678,2053.5680419354803,1,28,3,144,0,102,189,0,0,148,0,0,0,20,1279728.0,897734.0,381994.0,0.2985,111644.0,2873667.0,1101301.0,1772366.0,0.6168,249319.0,356.3624936341081,215.5342594166397,1.0027574536644817,0.6048174633044787
2021-09-01,송파구,2930.0,1697.0,1400.0,건별집계|API_2017_2025,2021,9,3,가을,740727.4893233333,724036.0878733334,13579.12757,3112.273886666667,751962.68814,730523.5272499999,741233.3165033333,740366.1841933334,359396.5979466667,97393.38244666667,157251.21811333334,104751.99738666667,867.1323099999959,1,28,3,144,0,102,189,0,0,148,0,0,0,20,1279728.0,897734.0,381994.0,0.2985,111644.0,2873667.0,1101301.0,1772366.0,0.6168,249319.0,395.5570762841005,229.09909844850466,1.0011712208478898,0.5791808873720137
2021-10-01,송파구,2698.0,1697.0,1321.0,건별집계|API_2017_2025,2021,10,4,가을,748587.1761419355,731817.7150967743,13673.526312903225,3095.934735483871,762709.6228419355,736982.3149645162,751651.0498903225,746398.6949,365081.7186870968,101287.81478709678,154960.17348387095,108833.73041612902,5252.354990322571,1,28,3,144,0,102,189,0,0,148,0,0,0,20,1279728.0,897734.0,381994.0,0.2985,111644.0,2873667.0,1101301.0,1772366.0,0.6168,249319.0,360.41226539638814,226.6937043653338,1.0070369294938628,0.6289844329132691
2021-11-01,송파구,2815.0,1690.0,1298.0,건별집계|API_2017_2025,2021,11,4,가을,758084.1839666667,738729.5772733333,13596.057583333333,5758.549123333333,774533.12134,746307.18523,761350.63225,755751.00662,384357.96418999997,110833.5818,156688.87635333333,116835.50603666667,5599.625630000005,1,28,3,144,0,102,189,0,0,148,0,0,0,20,1279728.0,897734.0,381994.0,0.2985,111644.0,2873667.0,1101301.0,1772366.0,0.6168,249319.0,371.33079142616396,222.9303863268977,1.0074093525260968,0.6003552397868561
2021-12-01,송파구,2885.0,1611.0,1281.0,건별집계|API_2017_2025,2021,12,4,겨울,758884.1227709678,740890.1104193549,13576.349893548388,4417.662461290322,774851.6838322581,745970.9113193549,765063.8009064517,754470.0669709677,367199.6532516129,104801.9214548387,150645.90117419354,111751.83062258064,10593.73393548387,1,28,3,144,0,102,189,0,0,148,0,0,0,20,1279728.0,897734.0,381994.0,0.2985,111644.0,2873667.0,1101301.0,1772366.0,0.6168,249319.0,380.16344174731097,212.28537423047416,1.014041291231096,0.5584055459272097
2022-01-01,송파구,2439.0,1503.0,,건별집계|xlsx_2022_2024,2022,1,1,겨울,753833.1485903226,736401.3272193549,13617.724170967742,3814.097187096774,766785.5291193548,740364.688916129,760421.756748387,749126.9998903227,365796.0027612903,105739.84256774193,150857.84866129034,109198.31153225807,11294.756858064497,2,24,23,405,41,65,262,0,0,164,0,0,0,18,1202239.0,806453.0,395786.0,0.3292,114243.0,2619814.0,966317.0,1653497.0,0.6312,268326.0,323.54639810692333,199.3809907153365,1.0150772257036764,0.6162361623616236
2022-02-01,송파구,2671.0,1486.0,,건별집계|xlsx_2022_2024,2022,2,1,겨울,757928.9232964285,737483.7151428572,13642.51252857143,6802.695628571429,770449.1098678571,746256.6747178572,763327.3883999999,754072.8767964285,354313.95422142855,99138.26831071428,150625.13663571427,104550.549275,9254.51160357142,2,24,23,405,41,65,262,0,0,164,0,0,0,18,1202239.0,806453.0,395786.0,0.3292,114243.0,2619814.0,966317.0,1653497.0,0.6312,268326.0,352.40771501147253,196.06060071398284,1.0122727018678725,0.5563459378509922
2022-03-01,송파구,3554.0,1670.0,,건별집계|xlsx_2022_2024,2022,3,1,봄,756477.3442096774,739815.6582064516,13273.604296774194,3388.0817096774194,767798.4076677419,747323.7665677419,756667.8444580645,756341.2726387096,339467.9149612903,92818.55062903227,146496.63852903227,100152.72580322581,326.57181935482123,2,24,23,405,41,65,262,0,0,164,0,0,0,18,1202239.0,806453.0,395786.0,0.3292,114243.0,2619814.0,966317.0,1653497.0,0.6312,268326.0,469.80917897984216,220.76008128765795,1.000431778393126,0.469893078221722
2022-04-01,송파구,2958.0,1599.0,,건별집계|xlsx_2022_2024,2022,4,2,봄,760522.96346,743474.90601,13223.978863333332,3824.078573333333,785443.4937766666,744320.5922233333,764988.44104,757333.33662,387852.8217833333,112524.42780333334,157218.09437666665,118110.29960333332,7655.104420000004,2,24,23,405,41,65,262,0,0,164,0,0,0,18,1202239.0,806453.0,395786.0,0.3292,114243.0,2619814.0,966317.0,1653497.0,0.6312,268326.0,388.9428908947832,210.25006171087168,1.0101079723416968,0.5405679513184585
2022-05-01,송파구,2840.0,1650.0,,건별집계|xlsx_2022_2024,2022,5,2,봄,769925.1477290322,751810.8153741935,13251.524651612903,4862.807706451614,792834.6511129033,753939.2596580646,772836.3786741935,767845.6970709678,389883.65061290324,115320.12555483871,156910.6063064516,117652.9187516129,4990.6816032258,2,24,23,405,41,65,262,0,0,164,0,0,0,18,1202239.0,806453.0,395786.0,0.3292,114243.0,2619814.0,966317.0,1653497.0,0.6312,268326.0,368.86702666835225,214.3065471840779,1.0064995892042676,0.5809859154929577
2022-06-01,송파구,2790.0,1583.0,,건별집계|xlsx_2022_2024,2022,6,2,여름,777620.8916133333,757836.3586066667,13412.893413333333,6371.639593333332,801262.3195166667,762512.59009,779313.3074933332,776412.0231366666,387602.83516333334,113023.78061,157906.61279999997,116672.44175333335,2901.284356666655,2,24,23,405,41,65,262,0,0,164,0,0,0,18,1202239.0,806453.0,395786.0,0.3292,114243.0,2619814.0,966317.0,1653497.0,0.6312,268326.0,358.786656851718,203.56963361873463,1.00373678442658,0.5673835125448029
2022-07-01,송파구,3331.0,1817.0,,건별집계|xlsx_2022_2024,2022,7,3,여름,763773.5602225807,744124.2090225806,13396.398703225806,6252.952493548387,786625.4069612904,748550.1266870968,770452.8097193548,759002.6677258065,375867.5975129032,112998.43555483871,150215.26937096773,112653.89258709678,11450.14199354838,2,24,23,405,41,65,262,0,0,164,0,0,0,18,1202239.0,806453.0,395786.0,0.3292,114243.0,2619814.0,966317.0,1653497.0,0.6312,268326.0,436.12402595204685,237.8977349609334,1.0150857730551281,0.5454818372861002
2022-08-01,송파구,3256.0,1881.0,,건별집계|xlsx_2022_2024,2022,8,3,여름,754229.5114,735574.0444,13360.283325806451,5295.183680645161,775329.0371161291,739813.4935387097,760431.1980225807,749799.7352451612,371999.1233580645,110750.46631290323,149591.1942,111657.46284516128,10631.462777419369,2,24,23,405,41,65,262,0,0,164,0,0,0,18,1202239.0,806453.0,395786.0,0.3292,114243.0,2619814.0,966317.0,1653497.0,0.6312,268326.0,431.6988331517573,249.3935826653733,1.0141790697938073,0.5777027027027027
2022-09-01,송파구,3107.0,1832.0,,건별집계|xlsx_2022_2024,2022,9,3,가을,748318.4913133333,730242.5745633334,13253.644553333334,4822.2722,773119.89018,731960.1828099999,751458.7471533333,746075.4514166667,373496.43001999997,112211.69983666667,149141.21647333333,112143.51371,5383.295736666661,2,24,23,405,41,65,262,0,0,164,0,0,0,18,1202239.0,806453.0,395786.0,0.3292,114243.0,2619814.0,966317.0,1653497.0,0.6312,268326.0,415.1975443700546,244.81554595620855,1.007215484340685,0.5896363051174767
2022-10-01,송파구,2550.0,1571.0,,건별집계|xlsx_2022_2024,2022,10,4,가을,757109.2095709677,738057.5295741935,13229.996764516129,5821.683232258065,785306.0603064516,739553.6454225807,765567.8803225806,751067.3018741936,377451.57255483867,116992.30411612903,147404.24291935485,113055.02551935484,14500.578448387107,2,24,23,405,41,65,262,0,0,164,0,0,0,18,1202239.0,806453.0,395786.0,0.3292,114243.0,2619814.0,966317.0,1653497.0,0.6312,268326.0,336.8074206157144,207.49978736756364,1.019306629928107,0.616078431372549
2022-11-01,송파구,2877.0,1716.0,,건별집계|xlsx_2022_2024,2022,11,4,가을,751944.3218533334,734507.2658133333,12882.921756666667,4554.134296666667,769132.2319233333,741297.88572,755528.4165433333,749384.2542266666,377417.40500666667,113437.66623666667,149040.17105,114939.56771999999,6144.162316666671,2,24,23,405,41,65,262,0,0,164,0,0,0,18,1202239.0,806453.0,395786.0,0.3292,114243.0,2619814.0,966317.0,1653497.0,0.6312,268326.0,382.6081155728387,228.20838593082766,1.0081989477120883,0.5964546402502607
2022-12-01,송파구,3215.0,1880.0,,건별집계|xlsx_2022_2024,2022,12,4,겨울,763889.8536290323,745798.2764709677,12907.908574193549,5183.6685806451615,792580.975016129,745106.2131,775270.6598387097,755760.7063161291,379553.813383871,118326.41477419354,146116.55603870968,115110.84257096775,19509.953522580658,2,24,23,405,41,65,262,0,0,164,0,0,0,18,1202239.0,806453.0,395786.0,0.3292,114243.0,2619814.0,966317.0,1653497.0,0.6312,268326.0,420.8721957395314,246.10878009030134,1.0258149879446363,0.5847589424572317
2023-01-01,송파구,2703.0,,,xlsx_2022_2024,2023,1,1,겨울,754348.6642193547,735309.9281225806,13339.986867741934,5698.749206451613,776155.9928225806,735303.5931451613,764614.3317258065,747016.0445483872,355340.93106451613,112893.52883548387,135171.47646451613,107275.92576451613,17598.287177419345,0,58,33,415,3,281,338,0,0,130,0,0,0,34,1115185.0,747727.0,367458.0,0.3295,124926.0,2169866.0,799093.0,1370773.0,0.6317,272249.0,358.3223684497707,,1.0235581113763874,
2023-02-01,송파구,2423.0,,,xlsx_2022_2024,2023,2,1,겨울,769357.5023642856,751086.3136892858,13536.262910714286,4734.925771428571,792540.7830392857,749879.6231428571,783174.4776785715,759488.2342785714,372112.0312892857,121794.60378928571,137583.14273214285,112734.28476785714,23686.24339999998,0,58,33,415,3,281,338,0,0,130,0,0,0,34,1115185.0,747727.0,367458.0,0.3295,124926.0,2169866.0,799093.0,1370773.0,0.6317,272249.0,314.93811297790216,,1.0311871103869032,
2023-03-01,송파구,2725.0,,,xlsx_2022_2024,2023,3,1,봄,753819.5179709677,736315.4674096775,12913.912561290323,4590.137996774193,773010.1252709677,737957.3822,754309.731248387,753469.3656419355,348107.44035483873,107764.76847741936,132961.97286774195,107380.69900967742,840.3656064516138,0,58,33,415,3,281,338,0,0,130,0,0,0,34,1115185.0,747727.0,367458.0,0.3295,124926.0,2169866.0,799093.0,1370773.0,0.6317,272249.0,361.4923645562796,,1.0011153281669727,
2023-04-01,송파구,2921.0,,,xlsx_2022_2024,2023,4,2,봄,757379.8144133333,738136.3107633333,13252.294993333335,5991.208653333333,786757.4029733334,738224.71682,762505.4903233333,753718.6173233333,375721.0635333333,119007.37679,141574.41020333333,115139.27654,8786.873000000001,0,58,33,415,3,281,338,0,0,130,0,0,0,34,1115185.0,747727.0,367458.0,0.3295,124926.0,2169866.0,799093.0,1370773.0,0.6317,272249.0,385.67175206043845,,1.0116580283384862,
2023-05-01,송파구,3310.0,,,xlsx_2022_2024,2023,5,2,봄,745843.7538225807,728338.3340258065,12685.640380645162,4819.779419354839,771004.9311612904,729264.6566774194,751193.9858516129,742022.1595290323,364345.99788064515,114029.4533967742,139556.13878709677,110760.40569677419,9171.826322580642,0,58,33,415,3,281,338,0,0,130,0,0,0,34,1115185.0,747727.0,367458.0,0.3295,124926.0,2169866.0,799093.0,1370773.0,0.6317,272249.0,443.7926821851985,,1.0123605827734337,
2023-06-01,송파구,3007.0,,,xlsx_2022_2024,2023,6,2,여름,751283.2112566667,732035.7318933333,13223.904926666666,6023.5744233333335,780194.8243000001,735213.1400499999,754829.0273533333,748750.4854700001,366521.33383,113708.77467666667,140512.37174333335,112300.18741,6078.541883333334,0,58,33,415,3,281,338,0,0,130,0,0,0,34,1115185.0,747727.0,367458.0,0.3295,124926.0,2169866.0,799093.0,1370773.0,0.6317,272249.0,400.24852877654615,,1.0081182476690052,
2023-07-01,송파구,3237.0,,,xlsx_2022_2024,2023,7,3,여름,756381.136467742,736352.3444677419,13723.13327419355,6305.658732258064,780334.4549096775,739327.0539870968,764942.9577258065,750265.5498516129,357338.53087741934,114764.5388064516,134043.25949032258,108530.73258064516,14677.407874193561,0,58,33,415,3,281,338,0,0,130,0,0,0,34,1115185.0,747727.0,367458.0,0.3295,124926.0,2169866.0,799093.0,1370773.0,0.6317,272249.0,427.95884824899395,,1.0195629505807597,
2023-08-01,송파구,3242.0,,,xlsx_2022_2024,2023,8,3,여름,747693.9923516129,729325.4659967743,13624.879374193548,4743.646977419355,769834.2099451612,731691.3612903225,754602.0100096774,742759.6940258065,348416.0890870968,111200.33429032257,131247.45263548387,105968.30216129032,11842.315983870953,0,58,33,415,3,281,338,0,0,130,0,0,0,34,1115185.0,747727.0,367458.0,0.3295,124926.0,2169866.0,799093.0,1370773.0,0.6317,272249.0,433.59984608187233,,1.0159436707176244,
2023-09-01,송파구,2930.0,,,xlsx_2022_2024,2023,9,3,가을,743622.35474,726152.9991833332,13052.442543333334,4416.913036666667,767823.2265533333,724103.4606533333,747203.0644833334,741064.70493,348019.83715,112250.42910000001,130426.82387,105342.58418,6138.359553333337,0,58,33,415,3,281,338,0,0,130,0,0,0,34,1115185.0,747727.0,367458.0,0.3295,124926.0,2169866.0,799093.0,1370773.0,0.6317,272249.0,394.0172025926312,,1.008283162742062,
2023-10-01,송파구,2835.0,,,xlsx_2022_2024,2023,10,4,가을,744641.8448225807,726634.3927387097,12890.295425806451,5117.156667741936,771040.6694387096,727974.6960741936,750368.474383871,740551.3951419356,346707.2470806451,112439.72865161291,129237.58483870968,105029.93359032259,9817.079241935478,0,58,33,415,3,281,338,0,0,130,0,0,0,34,1115185.0,747727.0,367458.0,0.3295,124926.0,2169866.0,799093.0,1370773.0,0.6317,272249.0,380.7199420381043,,1.013256445543599,
2023-11-01,송파구,2577.0,,,xlsx_2022_2024,2023,11,4,가을,757778.5308333334,739703.84763,12917.063339999999,5157.61985,780213.7691933333,739739.5456033333,762728.7899399999,754242.6314666666,365601.80238666665,121660.55220333333,131518.53106666668,112422.71911666666,8486.158473333333,0,58,33,415,3,281,338,0,0,130,0,0,0,34,1115185.0,747727.0,367458.0,0.3295,124926.0,2169866.0,799093.0,1370773.0,0.6317,272249.0,340.07297582923843,,1.011251231525897,
2023-12-01,송파구,3025.0,,,xlsx_2022_2024,2023,12,4,겨울,776992.1103580644,756836.9245387097,14702.015367741935,5453.170464516129,806453.200032258,747894.164483871,787982.806980645,769141.6127709678,366877.30712903227,128071.66312258065,128632.5366967742,110173.10730967742,18841.194209677404,0,58,33,415,3,281,338,0,0,130,0,0,0,34,1115185.0,747727.0,367458.0,0.3295,124926.0,2169866.0,799093.0,1370773.0,0.6317,272249.0,389.3218424838287,,1.0244963916876095,
2024-01-01,송파구,2675.0,,,xlsx_2022_2024,2024,1,1,겨울,770685.0082967741,752002.3096225807,14359.286338709679,4323.412329032259,791479.6000935483,743430.2051354839,777221.2671516129,766016.251967742,348014.45777741936,118764.57678709678,125752.59842258066,103497.28256774193,11205.01518387097,0,62,0,118,2,72,342,10,188,92,115,37,0,74,1073855.0,712070.0,361785.0,0.3369,106713.0,1518379.0,666248.0,852131.0,0.5612,181300.0,347.09381539830287,,1.0146276468091735,
2024-02-01,송파구,2246.0,,,xlsx_2022_2024,2024,2,1,겨울,761417.9991275863,742349.0217931034,14194.916813793105,4874.060510344827,783085.3780241378,733455.9642482758,773241.991462069,752972.2903241379,352544.91644827585,118252.62716551725,128124.75411724139,106167.53516551724,20269.70113793103,0,62,0,118,2,72,342,10,188,92,115,37,0,74,1073855.0,712070.0,361785.0,0.3369,106713.0,1518379.0,666248.0,852131.0,0.5612,181300.0,294.9759530997968,,1.0269195844234924,
2024-03-01,송파구,2548.0,,,xlsx_2022_2024,2024,3,1,봄,756790.7079419354,738964.8582741936,13130.100658064517,4695.749006451612,780996.4958935484,736109.3364967742,759508.8696612903,754849.1638645161,341442.8020903226,112026.2001032258,125521.8214967742,103894.78049032258,4659.705796774191,0,62,0,118,2,72,342,10,188,92,115,37,0,74,1073855.0,712070.0,361785.0,0.3369,106713.0,1518379.0,666248.0,852131.0,0.5612,181300.0,336.6848949466085,,1.0061730290233328,
2024-04-01,송파구,2576.0,,,xlsx_2022_2024,2024,4,2,봄,751558.34371,732809.1115033333,13140.91438,5608.3178333333335,779886.6847433334,733572.5555866666,756973.7853966667,747690.17108,369064.5969466667,117915.37385666667,137500.18627333333,113649.03681666666,9283.614316666657,0,62,0,118,2,72,342,10,188,92,115,37,0,74,1073855.0,712070.0,361785.0,0.3369,106713.0,1518379.0,666248.0,852131.0,0.5612,181300.0,342.7544942530753,,1.0124163920775593,
2024-05-01,송파구,2515.0,,,xlsx_2022_2024,2024,5,2,봄,744976.8624419355,726728.9274225807,12980.502570967741,5267.43244516129,772801.3976774194,727378.5738064515,751685.8386645161,740184.7365645162,359217.79582258064,114647.26297096774,137248.87148709677,107321.66136451613,11501.102099999996,0,62,0,118,2,72,342,10,188,92,115,37,0,74,1073855.0,712070.0,361785.0,0.3369,106713.0,1518379.0,666248.0,852131.0,0.5612,181300.0,337.5943773281982,,1.015538150858637,
2024-06-01,송파구,2778.0,,,xlsx_2022_2024,2024,6,2,여름,746725.9745233334,727596.9767933334,13241.473646666667,5887.5241,773667.9988966666,729817.6769033333,751869.9406066667,743051.7130433334,361886.5522166667,114649.44996000001,140000.5618833333,107236.54037333332,8818.227563333337,0,62,0,118,2,72,342,10,188,92,115,37,0,74,1073855.0,712070.0,361785.0,0.3369,106713.0,1518379.0,666248.0,852131.0,0.5612,181300.0,372.02402149909335,,1.0118675825767447,
2024-07-01,송파구,2862.0,,,xlsx_2022_2024,2024,7,3,여름,753006.109767742,732233.330916129,13919.554967741937,6853.2239,777961.9534290322,736512.8139354839,760403.1753870967,747722.4914774194,359094.7450322581,116158.80517096774,135329.5720483871,107606.36781290322,12680.683909677417,0,62,0,118,2,72,342,10,188,92,115,37,0,74,1073855.0,712070.0,361785.0,0.3369,106713.0,1518379.0,666248.0,852131.0,0.5612,181300.0,380.07659737087107,,1.0169590778052184,
2024-08-01,송파구,3064.0,,,xlsx_2022_2024,2024,8,3,여름,753969.0834354839,734296.8472258064,14091.729816129033,5580.506387096774,781293.857748387,731532.0732709678,762566.9521870968,747827.7486193548,363928.6189516129,119392.37481612903,137742.29283548388,106793.9513,14739.203567741939,0,62,0,118,2,72,342,10,188,92,115,37,0,74,1073855.0,712070.0,361785.0,0.3369,106713.0,1518379.0,666248.0,852131.0,0.5612,181300.0,406.38271081869664,,1.0197093563256427,
2024-09-01,송파구,2595.0,,,xlsx_2022_2024,2024,9,3,가을,732368.0100133333,714389.7009200001,12972.730206666665,5005.578890000001,759435.3408233334,712325.5819433334,737533.7363699999,728678.2054533333,355422.79025333334,114275.84192333333,136762.45873333333,104384.48959666667,8855.53091666665,0,62,0,118,2,72,342,10,188,92,115,37,0,74,1073855.0,712070.0,361785.0,0.3369,106713.0,1518379.0,666248.0,852131.0,0.5612,181300.0,354.33005873000326,,1.0121528691957478,
2024-10-01,송파구,2427.0,,,xlsx_2022_2024,2024,10,4,가을,742733.5942774194,724266.1541419355,13042.64315483871,5424.796990322581,764409.5307741936,728155.584367742,749910.4504419354,737607.2684548387,357919.9169548387,116461.04796774194,134316.00293548388,107142.8660516129,12303.181987096767,0,62,0,118,2,72,342,10,188,92,115,37,0,74,1073855.0,712070.0,361785.0,0.3369,106713.0,1518379.0,666248.0,852131.0,0.5612,181300.0,326.76588465897345,,1.0166798545964302,
2024-11-01,송파구,2452.0,,,xlsx_2022_2024,2024,11,4,가을,747907.4640200001,729209.46311,13247.92606,5450.0748533333335,767430.6488433334,730898.7548266667,754273.6959399999,743360.1555133333,375751.46079,122628.59652666668,138969.01154,114153.85272333333,10913.540426666657,0,62,0,118,2,72,342,10,188,92,115,37,0,74,1073855.0,712070.0,361785.0,0.3369,106713.0,1518379.0,666248.0,852131.0,0.5612,181300.0,327.84804510714577,,1.0146813631934983,
2024-12-01,송파구,2643.0,,,xlsx_2022_2024,2024,12,4,겨울,753941.5128645161,734971.5288612903,13377.83940967742,5592.14459032258,783221.1316838709,729510.3279935485,767208.0444193549,744465.4189032258,372232.4679064516,124636.36392258064,135507.66352580645,112088.4404580645,22742.625516129036,0,62,0,118,2,72,342,10,188,92,115,37,0,74,1073855.0,712070.0,361785.0,0.3369,106713.0,1518379.0,666248.0,852131.0,0.5612,181300.0,350.55769643963737,,1.0305489347640007,
2018-04-01,양천구,1791.0,1166.0,1176.0,API_2017_2025,2018,4,2,봄,409515.73655,402928.2235576923,5542.392626923077,1045.120376923077,446093.34002307686,370078.8923307692,380016.9851576923,430586.2732692308,207473.32127692306,31812.843834615385,106682.34381538461,68978.13362692307,-50569.288111538466,0,20,1,69,2,0,351,0,0,91,0,0,0,13,,,,,,,,,,,437.34583073374205,284.7265430684217,0.882557129079869,0.6510329424902289
2018-05-01,양천구,1913.0,1233.0,1245.0,API_2017_2025,2018,5,2,봄,402448.2312096774,395806.3953967742,5557.341035483871,1084.4947677419354,438078.8871096774,361681.66709999996,372790.50915161293,422717.39184516127,199740.92411612903,31188.213483870968,103261.85418387096,65290.856448387094,-49926.88269354839,0,20,1,69,2,0,351,0,0,91,0,0,0,13,,,,,,,,,,,475.34064052161733,306.3748090764005,0.8818906350750852,0.6445373758494511
2018-06-01,양천구,1925.0,1265.0,1279.0,API_2017_2025,2018,6,2,여름,409328.20274333336,402618.42807666666,5622.768846666667,1087.0058366666667,441514.75929,373820.03036333335,382802.40664,428275.1999633333,190741.45394333333,30843.996326666667,96414.94806333333,63482.50955333333,-45472.793323333346,0,20,1,69,2,0,351,0,0,91,0,0,0,13,,,,,,,,,,,470.28276749527055,309.0429614968921,0.8938234263220788,0.6571428571428571
2018-07-01,양천구,2187.0,1401.0,1413.0,API_2017_2025,2018,7,3,여름,408667.2843612903,401599.8813096774,5925.897316129032,1141.5057322580644,441880.53063225804,374759.3735419355,382629.81586451613,427265.4761322581,191784.6692967742,32276.10146129032,96480.53419677418,63028.033638709676,-44635.660267741936,0,20,1,69,2,0,351,0,0,91,0,0,0,13,,,,,,,,,,,535.1541666512605,342.8216677999159,0.8955317881711435,0.6406035665294925
2018-08-01,양천구,2243.0,1445.0,1458.0,API_2017_2025,2018,8,3,여름,403881.08409354836,396915.09872580646,5878.898116129032,1087.0872580645162,434461.9806387097,371315.27602903225,379121.4396032258,420634.4954967742,197576.1058,30697.437822580647,102005.6127,64873.05527741936,-41513.05589354839,0,20,1,69,2,0,351,0,0,91,0,0,0,13,,,,,,,,,,,555.3614884029747,357.7785781285325,0.9013084843540446,0.6442264823896567
2018-09-01,양천구,1956.0,1292.0,1312.0,API_2017_2025,2018,9,3,가을,403233.94082333334,396579.45689000003,5683.011670000001,971.4722633333333,433341.96754,368530.2495033333,378279.10711333336,421058.82205666666,192244.50693,31327.99574,97585.9627,63330.54849,-42779.71494333333,0,20,1,69,2,0,351,0,0,91,0,0,0,13,,,,,,,,,,,485.0782143998566,320.4095363009278,0.8983996707766975,0.6605316973415133
2018-10-01,양천구,1887.0,1218.0,1234.0,API_2017_2025,2018,10,4,가을,403226.2051580645,396570.48763225804,5666.351248387097,989.3662677419354,434077.24944193545,365203.9175064516,375504.5444225806,422090.475,192131.9197483871,29831.149390322582,98621.78497741936,63678.98538064516,-46585.930577419356,0,20,1,69,2,0,351,0,0,91,0,0,0,13,,,,,,,,,,,467.9755372695326,302.06370132182866,0.8896304623376793,0.6454689984101749
2018-11-01,양천구,1771.0,1145.0,1159.0,API_2017_2025,2018,11,4,가을,403024.20595000003,396229.81557333336,5740.938796666666,1053.4515966666665,434220.11134666664,365658.8853133333,375556.49706666666,422643.99801000004,200057.9472,32682.968993333336,101205.36024333333,66169.61796333334,-47087.50094333334,0,20,1,69,2,0,351,0,0,91,0,0,0,13,,,,,,,,,,,439.42770033512915,284.1020422832992,0.8885882653840047,0.6465273856578204
2018-12-01,양천구,2047.0,1358.0,1363.0,API_2017_2025,2018,12,4,겨울,407217.96622903226,400403.84460645163,5726.191245161291,1087.9303774193547,434561.89382580644,375530.23182580643,383947.0337806452,423840.06085806456,194370.3646451613,31993.831277419355,100130.55408709678,62245.979280645166,-39893.02707741936,0,20,1,69,2,0,351,0,0,91,0,0,0,13,,,,,,,,,,,502.6791963419174,333.4823393416335,0.905877167446947,0.6634098680996581
2019-01-01,양천구,1898.0,1229.0,1235.0,API_2017_2025,2019,1,1,겨울,413247.05268387095,405903.0566903226,6201.767387096774,1142.2286322580644,439857.3868612903,382395.7200935484,389984.2978645161,429863.30613870965,204324.31757741937,33826.35135483871,104357.4543516129,66140.51187096775,-39879.00827419354,0,32,3,55,3,11,229,0,0,92,0,0,0,13,973736.0,639007.0,334729.0,0.3438,,660816.0,494652.0,166164.0,0.2515,,459.28942207167955,297.40079016127197,0.907228628950885,0.6475237091675448
2019-02-01,양천구,1597.0,1029.0,1037.0,API_2017_2025,2019,2,1,겨울,404575.2690928572,396831.05055,6391.4598857142855,1352.7586642857143,430594.00711071433,376007.98537857144,383928.640425,419322.861,198399.72202142858,33890.988789285715,100431.871225,64076.86200714286,-35394.22057499999,0,32,3,55,3,11,229,0,0,92,0,0,0,13,973736.0,639007.0,334729.0,0.3438,,660816.0,494652.0,166164.0,0.2515,,394.73495341937473,254.34080592895216,0.9155919605942974,0.6443331246086412
2019-03-01,양천구,1743.0,1145.0,1151.0,API_2017_2025,2019,3,1,봄,405944.4508548387,399128.6521548387,5959.433116129033,856.3655870967742,434791.16342580644,370824.8179548387,380324.00072903227,424244.7723709677,184799.04892258064,28553.08995483871,96160.59614838709,60085.362819354836,-43920.771641935484,0,32,3,55,3,11,229,0,0,92,0,0,0,13,973736.0,639007.0,334729.0,0.3438,,660816.0,494652.0,166164.0,0.2515,,429.3690913447854,282.05829580595486,0.8964730398527332,0.6569133677567413
2019-04-01,양천구,1769.0,1130.0,1138.0,API_2017_2025,2019,4,2,봄,396846.5318333333,390064.4261066666,5895.323796666667,886.7819166666667,427656.7963733334,360024.76656,369665.3293366667,416261.67646,200426.31411,30743.271403333336,103734.95213333333,65948.09057333333,-46596.34712333334,0,32,3,55,3,11,229,0,0,92,0,0,0,13,973736.0,639007.0,334729.0,0.3438,,660816.0,494652.0,166164.0,0.2515,,445.76425849752434,284.74483442747453,0.8880599638198716,0.6387789711701526
2019-05-01,양천구,1925.0,1251.0,1263.0,API_2017_2025,2019,5,2,봄,382153.91517419356,375481.2766774193,5713.645212903225,958.9932741935484,413252.13910645165,344729.28066451615,355094.7232516129,401481.90942903224,184368.61781290325,28884.93260967742,94966.52261290322,60517.16259032258,-46387.18617741935,0,32,3,55,3,11,229,0,0,92,0,0,0,13,973736.0,639007.0,334729.0,0.3438,,660816.0,494652.0,166164.0,0.2515,,503.72374155124004,327.3550133405721,0.8844600837846246,0.6498701298701298
2019-06-01,양천구,1828.0,1174.0,1180.0,API_2017_2025,2019,6,2,여름,388061.1445466667,381332.4082966667,5740.882159999999,987.8540866666666,415855.9174766667,355840.36355666665,364578.12982666667,404834.7264866667,179690.40761333334,28446.226153333333,92303.34933333333,58940.83212666667,-40256.59666,0,32,3,55,3,11,229,0,0,92,0,0,0,13,973736.0,639007.0,334729.0,0.3438,,660816.0,494652.0,166164.0,0.2515,,471.05978676001456,302.5296442320881,0.9005604163225709,0.6422319474835886
2019-07-01,양천구,2085.0,1339.0,1351.0,API_2017_2025,2019,7,3,여름,385456.81816774193,378388.4869612903,5967.624961290323,1100.706251612903,413145.1759612903,354462.3413580645,362083.4532774194,402152.0787870967,169042.7115935484,28185.872338709676,84540.41812258065,56316.42113225807,-40068.62550967742,0,32,3,55,3,11,229,0,0,92,0,0,0,13,973736.0,639007.0,334729.0,0.3438,,660816.0,494652.0,166164.0,0.2515,,540.9166219736334,347.3800272530912,0.9003644948683951,0.6422062350119904
2019-08-01,양천구,2030.0,1317.0,1320.0,API_2017_2025,2019,8,3,여름,400402.7630645161,393205.87002903223,6197.986293548387,998.9067548387097,427595.8495709677,369654.3918032258,377569.9582516129,416711.9093741936,178205.24723225806,29558.29026129032,89089.73311935485,59557.22385161291,-39141.95112258065,0,32,3,55,3,11,229,0,0,92,0,0,0,13,973736.0,639007.0,334729.0,0.3438,,660816.0,494652.0,166164.0,0.2515,,506.9895083798186,328.9188091311434,0.9060695165123479,0.6487684729064039
2019-09-01,양천구,1926.0,1244.0,1252.0,API_2017_2025,2019,9,3,가을,398944.4924566667,392023.6672233333,5925.32574,995.4995,427202.0137933333,365636.82273,374753.45848,416223.80245666666,186219.89483666664,31717.716163333334,93538.88915666666,60963.289516666664,-41470.34397666667,0,32,3,55,3,11,229,0,0,92,0,0,0,13,973736.0,639007.0,334729.0,0.3438,,660816.0,494652.0,166164.0,0.2515,,482.77392880895627,311.822828368817,0.9003652752872436,0.6458982346832814
2019-10-01,양천구,1890.0,1246.0,1260.0,API_2017_2025,2019,10,4,가을,397992.4763016129,391224.69888064516,5764.897091935483,1002.8803483870968,430270.2639241935,358327.91928709677,368618.5196935484,418973.8738596774,186112.3596516129,30121.775901612906,94969.11565,61021.4681,-50355.354166129044,0,32,3,55,3,11,229,0,0,92,0,0,0,13,973736.0,639007.0,334729.0,0.3438,,660816.0,494652.0,166164.0,0.2515,,474.8833489424284,313.0712448583417,0.8798126630134603,0.6592592592592592
2019-11-01,양천구,1838.0,1182.0,1189.0,API_2017_2025,2019,11,4,가을,401802.8992066666,395141.86279,5719.107016666666,941.9293866666667,431522.4196833333,366074.3553333333,375524.95107666665,420572.86216,185468.94757,31239.21241,92445.77728333333,61783.95787666667,-45047.91108333333,0,32,3,55,3,11,229,0,0,92,0,0,0,13,973736.0,639007.0,334729.0,0.3438,,660816.0,494652.0,166164.0,0.2515,,457.43821252385436,294.1740844413471,0.8928891634805585,0.6430903155603918
2019-12-01,양천구,1909.0,1307.0,1318.0,API_2017_2025,2019,12,4,겨울,407884.926483871,401093.6221354839,5708.013970967741,1083.2903741935486,434907.2755064516,375864.6488387097,384615.9991741936,424505.5888419355,194323.79762903225,33293.77071290323,95448.29423870968,65581.73267741935,-39889.58966774194,0,32,3,55,3,11,229,0,0,92,0,0,0,13,973736.0,639007.0,334729.0,0.3438,,660816.0,494652.0,166164.0,0.2515,,468.02415976886743,320.4335132623938,0.9060328280328135,0.6846516500785752
2020-01-01,양천구,1804.0,1224.0,1231.0,API_2017_2025,2020,1,1,겨울,411598.3506548387,404227.5207580645,6159.480606451612,1211.349293548387,436273.0662,383419.9718419355,391087.2131193548,426249.16316451615,197548.64523548385,35548.622070967744,95764.27626451613,66235.7469,-35161.95004516129,0,10,2,24,2,0,147,0,0,53,0,0,0,1,946011.0,623949.0,322062.0,0.3404,,614171.0,455373.0,158798.0,0.2586,,438.2913578564876,297.3772849314528,0.9175084596433796,0.6784922394678492
2020-02-01,양천구,1570.0,996.0,998.0,API_2017_2025,2020,2,1,겨울,420616.5903172414,412632.2895413793,6279.96728275862,1704.3334896551723,441044.39353448275,396256.2320448276,402218.75301724137,433757.90268275863,191842.70783793106,30684.520520689657,96624.91696896552,64533.27034827586,-31539.149665517234,0,10,2,24,2,0,147,0,0,53,0,0,0,1,946011.0,623949.0,322062.0,0.3404,,614171.0,455373.0,158798.0,0.2586,,373.2615489122433,236.7952246602512,0.927288587780303,0.6343949044585987
2020-03-01,양천구,1688.0,983.0,988.0,API_2017_2025,2020,3,1,봄,419574.8444290323,412271.57297419355,6075.102754838709,1228.1687161290322,439609.645583871,395082.7688193548,401220.41713225807,432685.1496419355,183375.58788064515,28064.617203225807,94703.28096451613,60607.68971290322,-31464.73250967742,0,10,2,24,2,0,147,0,0,53,0,0,0,1,946011.0,623949.0,322062.0,0.3404,,614171.0,455373.0,158798.0,0.2586,,402.3120123650577,234.28477971258985,0.9272803040831983,0.582345971563981
2020-04-01,양천구,1579.0,948.0,956.0,API_2017_2025,2020,4,2,봄,417105.85804,409232.16076666664,6038.35688,1835.3404,438823.63368666667,390344.44445666665,397489.8884766667,431117.26487333333,191471.70698,29671.014106666666,98370.46662333333,63430.22625,-33627.376396666674,0,10,2,24,2,0,147,0,0,53,0,0,0,1,946011.0,623949.0,322062.0,0.3404,,614171.0,455373.0,158798.0,0.2586,,378.56097428595103,227.28043294685347,0.9219994671135551,0.6003799873337555
2020-05-01,양천구,1797.0,1068.0,1072.0,API_2017_2025,2020,5,2,봄,410552.98141935485,403136.4442548387,5980.382732258065,1436.1544387096776,433076.23244838713,382818.7693806452,390615.64742903225,424793.93427741935,189110.72642258066,30139.20207419355,96341.54283870968,62629.98150967742,-34178.28684838709,0,10,2,24,2,0,147,0,0,53,0,0,0,1,946011.0,623949.0,322062.0,0.3404,,614171.0,455373.0,158798.0,0.2586,,437.70233838942073,260.1369490260998,0.9195414903780939,0.5943238731218697
2020-06-01,양천구,1767.0,1048.0,1062.0,API_2017_2025,2020,6,2,여름,405103.94589333335,397886.4316633333,5883.48017,1334.0340700000002,430251.0382566667,375217.21062333335,383036.5339633333,420866.38300000003,187371.57138333333,29535.88188333333,95195.41910666667,62640.27039333333,-37829.84903666667,0,10,2,24,2,0,147,0,0,53,0,0,0,1,946011.0,623949.0,322062.0,0.3404,,614171.0,455373.0,158798.0,0.2586,,436.1843467368405,258.6990353028913,0.9101143484851183,0.5930956423316356
2020-07-01,양천구,1723.0,1055.0,1061.0,API_2017_2025,2020,7,3,여름,403633.89890000003,396117.32938387094,5823.046380645162,1693.5231322580646,427803.6115967742,374425.3555548387,382338.3209064516,418845.02603548387,185348.27003870968,29856.62394516129,93422.62705806452,62069.01903548387,-36506.705129032256,0,10,2,24,2,0,147,0,0,53,0,0,0,1,946011.0,623949.0,322062.0,0.3404,,614171.0,455373.0,158798.0,0.2586,,426.8719759900225,261.37546991844096,0.9128395877716846,0.612304120719675
2020-08-01,양천구,1872.0,1065.0,1073.0,API_2017_2025,2020,8,3,여름,399294.06116451614,392185.3625225806,5805.655409677419,1303.0432322580646,419705.5114064516,375082.69868387096,381608.63571935485,411926.5079322581,178563.36133870968,28049.141493548388,90087.37576774193,60426.84407741935,-30317.872212903214,0,10,2,24,2,0,147,0,0,53,0,0,0,1,946011.0,623949.0,322062.0,0.3404,,614171.0,455373.0,158798.0,0.2586,,468.8274086873292,266.72072128846446,0.9263998028068419,0.5689102564102564
2020-09-01,양천구,1602.0,970.0,974.0,API_2017_2025,2020,9,3,가을,400628.19737999997,393414.61308,5705.51551,1508.068803333333,422200.26620666665,374367.39042999997,381234.13956,414481.09580999997,169991.08846666667,27736.537360000002,84000.40039666666,58254.150709999994,-33246.956249999996,0,10,2,24,2,0,147,0,0,53,0,0,0,1,946011.0,623949.0,322062.0,0.3404,,614171.0,455373.0,158798.0,0.2586,,399.872003637449,242.11975251456028,0.9197865558017138,0.6054931335830213
2020-10-01,양천구,1746.0,1052.0,1058.0,API_2017_2025,2020,10,4,가을,395827.62311290327,388752.26872580644,5655.326874193549,1420.0275161290324,417791.2122193549,367508.8503354839,376108.6802064516,409912.5823387097,173048.29822258066,29779.892390322584,81972.63524516129,61295.77058709677,-33803.90213225807,0,10,2,24,2,0,147,0,0,53,0,0,0,1,946011.0,623949.0,322062.0,0.3404,,614171.0,455373.0,158798.0,0.2586,,441.1011000871918,265.7722550353527,0.9175338752975238,0.6025200458190149
2020-11-01,양천구,1575.0,963.0,1005.0,API_2017_2025,2020,11,4,가을,395443.17818,388369.42009333335,5560.477716666666,1513.2803733333335,416379.82053666667,368436.05091,376341.50867,409087.22784,173134.30744666667,29704.694843333335,81538.14349666666,61891.469106666664,-32745.719169999997,0,10,2,24,2,0,147,0,0,53,0,0,0,1,946011.0,623949.0,322062.0,0.3404,,614171.0,455373.0,158798.0,0.2586,,398.2873107708746,243.52424144276335,0.9199541883942479,0.6114285714285714
2020-12-01,양천구,1606.0,910.0,1005.0,API_2017_2025,2020,12,4,겨울,400066.2171967742,393078.1153193548,5489.596158064516,1498.505735483871,418025.6786129032,377644.79232258064,383234.3742354839,412088.9621774194,159949.44812580646,27034.566335483873,77185.24355806451,55729.63823225807,-28854.587941935486,0,10,2,24,2,0,147,0,0,53,0,0,0,1,946011.0,623949.0,322062.0,0.3404,,614171.0,455373.0,158798.0,0.2586,,401.4335454898163,227.46234520282246,0.9299797116878065,0.5666251556662516
2021-01-01,양천구,1404.0,883.0,921.0,건별집계|API_2017_2025,2021,1,1,겨울,402462.357683871,395551.7121903226,5483.506803225807,1427.1387064516127,419083.12406451616,381329.2058741935,387006.978483871,413501.91426129034,165687.5603,28405.172799999997,80505.87763870967,56776.50986129032,-26494.935777419356,0,7,2,34,4,0,130,0,0,49,0,0,0,10,978694.0,654517.0,324177.0,0.3312,107012.0,700062.0,528700.0,171362.0,0.2448,132047.0,348.852500909619,219.39940050085008,0.9359254821715836,0.6289173789173789
2021-02-01,양천구,1353.0,837.0,843.0,건별집계|API_2017_2025,2021,2,1,겨울,401089.735975,393495.92905,5561.885178571429,2031.921732142857,419920.10636785714,376853.80668928573,383965.97899285716,413320.99095357145,172351.15351428572,30619.493478571425,81805.91850714285,59925.74152857142,-29355.011960714288,0,7,2,34,4,0,130,0,0,49,0,0,0,10,978694.0,654517.0,324177.0,0.3312,107012.0,700062.0,528700.0,171362.0,0.2448,132047.0,337.330995696268,208.68148070789087,0.9289776890039158,0.6186252771618626
2021-03-01,양천구,1393.0,903.0,986.0,건별집계|API_2017_2025,2021,3,1,봄,397941.0512677419,391287.83771935484,5416.880493548387,1236.3330612903226,419777.4620032258,369839.9396741935,377791.53612580645,412333.56210000004,164069.7267451613,28611.740796774193,77390.02447741936,58067.96147096775,-34542.02597419355,0,7,2,34,4,0,130,0,0,49,0,0,0,10,978694.0,654517.0,324177.0,0.3312,107012.0,700062.0,528700.0,171362.0,0.2448,132047.0,350.0518470165986,226.9180314831217,0.9162279543817091,0.6482412060301508
2021-04-01,양천구,1500.0,886.0,1016.0,건별집계|API_2017_2025,2021,4,2,봄,392538.9670866666,386126.8980666667,5305.444546666667,1106.6244766666666,416357.9369833333,363533.07464666665,371947.3457866667,407247.26800333336,171618.48452,29495.16430333333,80727.57777,61395.74244666667,-35299.922216666666,0,7,2,34,4,0,130,0,0,49,0,0,0,10,978694.0,654517.0,324177.0,0.3312,107012.0,700062.0,528700.0,171362.0,0.2448,132047.0,382.12766776573875,225.71007576029635,0.9133206653792021,0.5906666666666667
2021-05-01,양천구,1644.0,1056.0,1160.0,건별집계|API_2017_2025,2021,5,2,봄,392085.7047032258,385517.5783290323,5360.729638709678,1207.3967451612903,415145.696816129,364587.55700967746,372881.69912903226,405802.8515451613,160225.74115161292,28967.867461290323,72979.07785806451,58278.79583225806,-32921.152416129036,0,7,2,34,4,0,130,0,0,49,0,0,0,10,978694.0,654517.0,324177.0,0.3312,107012.0,700062.0,528700.0,171362.0,0.2448,132047.0,419.2960825349046,269.32887053336935,0.918874023948387,0.6423357664233577
2021-06-01,양천구,1853.0,1167.0,1285.0,건별집계|API_2017_2025,2021,6,2,여름,392004.06349333335,385490.5215733333,5416.928326666666,1096.61359,415427.7775066666,363281.02890333335,371679.8520166667,406521.35742,163483.1729,29297.168943333334,74263.43911666666,59922.56484,-34841.505403333336,0,7,2,34,4,0,130,0,0,49,0,0,0,10,978694.0,654517.0,324177.0,0.3312,107012.0,700062.0,528700.0,171362.0,0.2448,132047.0,472.69918160721136,297.7009956479307,0.9142935425964923,0.6297895304910955
2021-07-01,양천구,1910.0,1240.0,1373.0,건별집계|API_2017_2025,2021,7,3,여름,390393.55820322584,383380.49123548385,5472.981370967742,1540.0856129032259,411710.56317419355,365566.05032903224,372473.5728612903,403193.5477419355,155834.9407,28064.09341935484,70994.09838709676,56776.74889354839,-30719.97488064516,0,7,2,34,4,0,130,0,0,49,0,0,0,10,978694.0,654517.0,324177.0,0.3312,107012.0,700062.0,528700.0,171362.0,0.2448,132047.0,489.2498761482427,317.6281918449324,0.9238083668434408,0.6492146596858639
2021-08-01,양천구,1878.0,1240.0,1301.0,건별집계|API_2017_2025,2021,8,3,여름,387056.25090645166,380174.6458483871,5355.216019354839,1526.3890580645161,407930.3680129032,362077.0128064516,369461.32007741934,399624.05866774195,153711.61661612903,26910.609051612904,71601.28438064516,55199.72318387097,-30162.73859032258,0,7,2,34,4,0,130,0,0,49,0,0,0,10,978694.0,654517.0,324177.0,0.3312,107012.0,700062.0,528700.0,171362.0,0.2448,132047.0,485.2007933218723,320.36687098994764,0.9245222154770198,0.6602768903088392
2021-09-01,양천구,1909.0,1210.0,1301.0,건별집계|API_2017_2025,2021,9,3,가을,385174.1965166667,378252.31251666666,5257.1823466666665,1664.7016466666669,407723.2184033334,357914.0179466667,366611.12381333334,398433.5341533333,154747.28695666665,28480.34179,70515.12551333333,55751.81965333333,-31822.410340000002,0,7,2,34,4,0,130,0,0,49,0,0,0,10,978694.0,654517.0,324177.0,0.3312,107012.0,700062.0,528700.0,171362.0,0.2448,132047.0,495.6199084113353,314.1435773586777,0.9201311947609475,0.6338397066526977
2021-10-01,양천구,1786.0,1139.0,1131.0,건별집계|API_2017_2025,2021,10,4,가을,384217.9117774194,377399.50959354837,5177.545916129032,1640.856283870968,407782.13833548385,355664.2132064516,364683.64252258063,398170.96125806455,151421.10550645163,27050.36599354839,69094.04882903225,55276.69068387097,-33487.318735483874,0,7,2,34,4,0,130,0,0,49,0,0,0,10,978694.0,654517.0,324177.0,0.3312,107012.0,700062.0,528700.0,171362.0,0.2448,132047.0,464.84037970479744,296.4463563738882,0.9158971346637709,0.6377379619260918
2021-11-01,양천구,1811.0,1108.0,1090.0,건별집계|API_2017_2025,2021,11,4,가을,382706.76848333335,375142.56183,5068.32036,2495.8862966666666,407615.87883,353014.07093000005,361626.1228666667,397764.37251333334,156282.56106666668,28835.09329,70937.64049333334,56509.82728333333,-36138.24964666667,0,7,2,34,4,0,130,0,0,49,0,0,0,10,978694.0,654517.0,324177.0,0.3312,107012.0,700062.0,528700.0,171362.0,0.2448,132047.0,473.20824953710434,289.51669822590367,0.909146589931316,0.6118166758696852
2021-12-01,양천구,1898.0,1119.0,1129.0,건별집계|API_2017_2025,2021,12,4,겨울,386049.7474290322,378944.8910903226,5067.018480645162,2037.837864516129,408291.91110645165,358923.2396129032,367001.46280645166,399655.66501612903,150964.00380322582,28026.37685483871,68029.08503225807,54908.54191612903,-32654.20220967741,0,7,2,34,4,0,130,0,0,49,0,0,0,10,978694.0,654517.0,324177.0,0.3312,107012.0,700062.0,528700.0,171362.0,0.2448,132047.0,491.64648148070876,289.8590162154442,0.9182941590272228,0.5895679662802951
2022-01-01,양천구,1626.0,1027.0,,건별집계|xlsx_2022_2024,2022,1,1,겨울,388940.73630000005,381142.587583871,5183.319567741935,2614.829158064516,409650.6914967742,364162.4366516129,371456.0493967742,401429.7983903226,154149.85002580646,29597.10986451613,68627.3904548387,55925.34970645161,-29973.748993548386,1,18,11,215,11,2,157,0,0,75,0,0,0,14,917379.0,611941.0,305438.0,0.3329,110654.0,646409.0,462711.0,183698.0,0.2842,140630.0,418.05854934820303,264.0505105661774,0.9253325261011043,0.6316113161131611
2022-02-01,양천구,1862.0,1059.0,,건별집계|xlsx_2022_2024,2022,2,1,겨울,390365.64109642856,383032.4829178572,5194.355396428572,2138.8027964285716,410156.0778964286,367095.1327,374059.8457642857,402012.6377642857,150978.50802857144,27880.879671428575,68877.05706428572,54220.57129285714,-27952.791999999998,1,18,11,215,11,2,157,0,0,75,0,0,0,14,917379.0,611941.0,305438.0,0.3329,110654.0,646409.0,462711.0,183698.0,0.2842,140630.0,476.9887008421539,271.2841214778953,0.9304678774392418,0.5687432867883996
2022-03-01,양천구,2370.0,1165.0,,건별집계|xlsx_2022_2024,2022,3,1,봄,385477.0505290323,379263.5260129032,5022.544109677419,1190.9804161290322,406193.2941032258,359170.13231612905,367228.4207967742,398511.7860516129,140350.4436580645,24626.6278,65245.45752258065,50478.35833548387,-31283.36525483871,1,18,11,215,11,2,157,0,0,75,0,0,0,14,917379.0,611941.0,305438.0,0.3329,110654.0,646409.0,462711.0,183698.0,0.2842,140630.0,614.8225936530825,302.2229205087938,0.9214995231012139,0.49156118143459915
2022-04-01,양천구,1876.0,1114.0,,건별집계|xlsx_2022_2024,2022,4,2,봄,380456.4282166667,374398.48161333334,5001.136883333334,1056.80972,405737.75036666665,348832.9372933333,358235.2287433333,396328.71356999996,154403.44214,27319.405143333333,71124.23035666667,55959.806639999995,-38093.48482666667,1,18,11,215,11,2,157,0,0,75,0,0,0,14,917379.0,611941.0,305438.0,0.3329,110654.0,646409.0,462711.0,183698.0,0.2842,140630.0,493.09194453448265,292.8061973408389,0.9038841155778673,0.593816631130064
2022-05-01,양천구,1798.0,1124.0,,건별집계|xlsx_2022_2024,2022,5,2,봄,381469.5486064516,375180.08353548386,4960.191635483871,1329.273429032258,409617.4615870968,346791.2053322581,357157.2745419355,398835.4586483871,154622.69793225807,28045.799148387094,71513.08801290322,55063.81077096774,-41678.18410645162,1,18,11,215,11,2,157,0,0,75,0,0,0,14,917379.0,611941.0,305438.0,0.3329,110654.0,646409.0,462711.0,183698.0,0.2842,140630.0,471.33513187835916,294.6499934545471,0.8955003041913706,0.625139043381535
2022-06-01,양천구,1685.0,1036.0,,건별집계|xlsx_2022_2024,2022,6,2,여름,388613.5765533334,382287.9793533333,4979.306606666666,1346.2906033333334,415589.46865666664,355213.3007433333,365323.15958,405249.58867666667,156172.93500666667,27979.31983333333,72893.07598333334,55300.53919,-39926.42909666667,1,18,11,215,11,2,157,0,0,75,0,0,0,14,917379.0,611941.0,305438.0,0.3329,110654.0,646409.0,462711.0,183698.0,0.2842,140630.0,433.59267448772476,266.5887304268741,0.9014769410943869,0.6148367952522256
2022-07-01,양천구,1984.0,1245.0,,건별집계|xlsx_2022_2024,2022,7,3,여름,377397.27965483867,371074.8929322581,4925.970122580646,1396.4166064516128,402239.04430967744,347565.3470419355,355985.5442483871,392691.3763903226,148462.4143548387,27493.022780645162,69163.47349354839,51805.91808064516,-36705.83214193548,1,18,11,215,11,2,157,0,0,75,0,0,0,14,917379.0,611941.0,305438.0,0.3329,110654.0,646409.0,462711.0,183698.0,0.2842,140630.0,525.7059621135938,329.8910901368066,0.9065275319276401,0.6275201612903226
2022-08-01,양천구,2101.0,1229.0,,건별집계|xlsx_2022_2024,2022,8,3,여름,370645.1306064516,364495.1898322581,4842.293164516129,1307.6476193548385,394778.1021870968,341083.32150645164,349478.5284258065,385764.13217096776,147147.47031612904,25997.777103225806,70121.59005483871,51028.103158064514,-36285.60374516129,1,18,11,215,11,2,157,0,0,75,0,0,0,14,917379.0,611941.0,305438.0,0.3329,110654.0,646409.0,462711.0,183698.0,0.2842,140630.0,566.8494812173392,331.5840135250404,0.9059383682434224,0.5849595430747263
2022-09-01,양천구,1830.0,1120.0,,건별집계|xlsx_2022_2024,2022,9,3,가을,364838.2743733333,359127.31407,4708.672390000001,1002.2879200000001,391832.87813,330398.80350000004,340826.16918666667,381989.77807999996,145249.99714333334,26532.45705,68050.32016333334,50667.21993,-41163.60889333333,1,18,11,215,11,2,157,0,0,75,0,0,0,14,917379.0,611941.0,305438.0,0.3329,110654.0,646409.0,462711.0,183698.0,0.2842,140630.0,501.5921104065385,306.9853353307777,0.8922389779636658,0.6120218579234973
2022-10-01,양천구,1597.0,1024.0,,건별집계|xlsx_2022_2024,2022,10,4,가을,365060.0361516129,359311.0182967742,4651.701809677419,1097.3160677419355,391783.4334612903,330420.32620967744,341084.3076225806,382185.55653548386,141645.91928387096,25027.84056451613,65711.11372580646,50906.96499354838,-41101.248912903226,1,18,11,215,11,2,157,0,0,75,0,0,0,14,917379.0,611941.0,305438.0,0.3329,110654.0,646409.0,462711.0,183698.0,0.2842,140630.0,437.46229163708045,280.5018075368631,0.892457346411815,0.641202254226675
2022-11-01,양천구,1760.0,1128.0,,건별집계|xlsx_2022_2024,2022,11,4,가을,365274.37409999996,359722.2363733333,4626.53415,925.6035800000001,391625.78639333334,330259.02350333333,340648.92764,382863.9787166667,150221.31127333333,26049.500466666665,71552.50365666667,52619.30715,-42215.05107666667,1,18,11,215,11,2,157,0,0,75,0,0,0,14,917379.0,611941.0,305438.0,0.3329,110654.0,646409.0,462711.0,183698.0,0.2842,140630.0,481.8295847707539,308.8089611485286,0.8897387755876941,0.6409090909090909
2022-12-01,양천구,1891.0,1154.0,,건별집계|xlsx_2022_2024,2022,12,4,겨울,370623.3276,364716.77519354835,4649.929045161291,1256.6233806451614,394767.9569548387,339802.9519870968,348765.4178548387,386236.120283871,146987.21532258063,26400.554825806452,68382.74557419356,52203.91492258064,-37470.70242903226,1,18,11,215,11,2,157,0,0,75,0,0,0,14,917379.0,611941.0,305438.0,0.3329,110654.0,646409.0,462711.0,183698.0,0.2842,140630.0,510.2215265955644,311.36734092611385,0.9029849864857472,0.6102591221575886
2023-01-01,양천구,1752.0,,,xlsx_2022_2024,2023,1,1,겨울,374270.0954741935,367974.0847741936,4901.75734516129,1394.2533419354838,396010.064916129,347102.49428387097,355295.13015806454,387823.64211935486,148320.36006129032,28516.631825806453,67302.12095806452,52501.60727741936,-32528.511961290325,0,21,6,225,3,0,209,0,0,27,0,0,0,2,895627.0,622163.0,273464.0,0.3053,121234.0,713403.0,508489.0,204914.0,0.2872,147188.0,468.1111371669295,,0.9161255054397135,
2023-02-01,양천구,1580.0,,,xlsx_2022_2024,2023,2,1,겨울,373180.6120535714,367419.62548928574,4872.191625,888.794925,397142.15413214284,342360.29560357146,351375.53768571425,388755.6651785714,144731.52098214286,26583.407907142857,65448.70816428571,52699.404910714286,-37380.127492857144,0,21,6,225,3,0,209,0,0,27,0,0,0,2,895627.0,622163.0,273464.0,0.3053,121234.0,713403.0,508489.0,204914.0,0.2872,147188.0,423.38748288809427,,0.9038467324310581,
2023-03-01,양천구,1594.0,,,xlsx_2022_2024,2023,3,1,봄,368259.10909999994,362916.76248709677,4594.217716129032,748.1288967741935,393470.2661870968,333857.08326774195,344375.64813870966,385318.72407096776,136994.35806129032,24989.529032258066,61943.63016129032,50061.198867741936,-40943.07593225807,0,21,6,225,3,0,209,0,0,27,0,0,0,2,895627.0,622163.0,273464.0,0.3053,121234.0,713403.0,508489.0,204914.0,0.2872,147188.0,432.84740570182413,,0.8937423141557034,
2023-04-01,양천구,1708.0,,,xlsx_2022_2024,2023,4,2,봄,365292.65940999996,359869.22984333336,4544.221793333333,879.2077866666666,390719.30698666663,331381.8353266667,341665.8238933334,382168.97049000004,145383.67884333333,26853.85698,66543.85827333333,51985.96359000001,-40503.146596666666,0,21,6,225,3,0,209,0,0,27,0,0,0,2,895627.0,622163.0,273464.0,0.3053,121234.0,713403.0,508489.0,204914.0,0.2872,147188.0,467.57030452204134,,0.8940176996977663,
2023-05-01,양천구,1868.0,,,xlsx_2022_2024,2023,5,2,봄,362673.06049999996,357327.3857290322,4587.822132258065,757.8526451612903,389594.2008548387,327531.77796774195,338351.40342903225,380045.67270000005,146260.9814548387,26326.3867,67023.89573225807,52910.699022580644,-41694.26927096774,0,21,6,225,3,0,209,0,0,27,0,0,0,2,895627.0,622163.0,273464.0,0.3053,121234.0,713403.0,508489.0,204914.0,0.2872,147188.0,515.0644487971282,,0.8902914247786203,
2023-06-01,양천구,1778.0,,,xlsx_2022_2024,2023,6,2,여름,369972.64908666664,364481.42282,4650.5478299999995,840.6784366666667,395283.74860333337,337289.54054666666,347067.93943666667,386333.15597666666,149736.28790666666,26911.336623333333,67750.36786666667,55074.58341666667,-39265.21654000001,0,21,6,225,3,0,209,0,0,27,0,0,0,2,895627.0,622163.0,273464.0,0.3053,121234.0,713403.0,508489.0,204914.0,0.2872,147188.0,480.5760653900394,,0.8983643626425595,
2023-07-01,양천구,1904.0,,,xlsx_2022_2024,2023,7,3,여름,369773.92016774195,363938.07653225807,4849.050958064517,986.7926580645161,394306.6455483871,339412.0087935484,348043.91227419354,385295.3543451613,143503.51205483873,27250.995045161293,64637.776277419354,51614.74073225806,-37251.44207096774,0,21,6,225,3,0,209,0,0,27,0,0,0,2,895627.0,622163.0,273464.0,0.3053,121234.0,713403.0,508489.0,204914.0,0.2872,147188.0,514.9092178097042,,0.9033171782351764,
2023-08-01,양천구,2067.0,,,xlsx_2022_2024,2023,8,3,여름,367094.0297387097,361410.09390000004,4927.320396774193,756.6154387096774,390537.8538774194,336759.3245290323,345600.75447741937,382446.369216129,142391.59926774193,25911.49889354839,65466.93364516129,51013.16672903226,-36845.61473870968,0,21,6,225,3,0,209,0,0,27,0,0,0,2,895627.0,622163.0,273464.0,0.3053,121234.0,713403.0,508489.0,204914.0,0.2872,147188.0,563.0709934103941,,0.9036580872391878,
2023-09-01,양천구,1836.0,,,xlsx_2022_2024,2023,9,3,가을,368663.35643,363184.18263,4731.725513333334,747.44829,393844.1948366667,336628.31518,346588.74928,384430.93297333334,144764.16939,27587.44295,65356.31741,51820.409029999995,-37842.18369333334,0,21,6,225,3,0,209,0,0,27,0,0,0,2,895627.0,622163.0,273464.0,0.3053,121234.0,713403.0,508489.0,204914.0,0.2872,147188.0,498.0153215603382,,0.9015631145999421,
2023-10-01,양천구,1717.0,,,xlsx_2022_2024,2023,10,4,가을,366158.15760322585,360714.26483870967,4696.842570967742,747.0501838709678,391587.8845258064,332370.11322580645,342829.6320096774,382821.39017096773,140302.89707419355,25558.974887096774,64454.26070645161,50289.66148064516,-39991.75816129032,0,21,6,225,3,0,209,0,0,27,0,0,0,2,895627.0,622163.0,273464.0,0.3053,121234.0,713403.0,508489.0,204914.0,0.2872,147188.0,468.9230498752305,,0.89553415982469,
2023-11-01,양천구,1600.0,,,xlsx_2022_2024,2023,11,4,가을,368465.9797366667,362961.2000333333,4762.322096666667,742.4576199999999,396043.7599633334,333598.1069566666,343671.5404733333,386176.29349666665,146035.41138333332,28090.049703333334,65958.95975333333,51986.401926666666,-42504.75302333334,0,21,6,225,3,0,209,0,0,27,0,0,0,2,895627.0,622163.0,273464.0,0.3053,121234.0,713403.0,508489.0,204914.0,0.2872,147188.0,434.2327617717867,,0.889934328597775,
2023-12-01,양천구,1766.0,,,xlsx_2022_2024,2023,12,4,겨울,374871.5879516129,368686.96128064516,5362.316751612903,822.3099290322581,401479.22758387093,343810.58507419354,352793.78753870964,390641.445383871,143127.3926451613,29793.45460967742,63367.8683516129,49966.06968387097,-37847.6578451613,0,21,6,225,3,0,209,0,0,27,0,0,0,2,895627.0,622163.0,273464.0,0.3053,121234.0,713403.0,508489.0,204914.0,0.2872,147188.0,471.0946512777461,,0.9031140748315386,
2024-01-01,양천구,1719.0,,,xlsx_2022_2024,2024,1,1,겨울,375936.55390967743,369900.3346903226,5279.996922580645,756.2223032258065,403197.1942129032,345397.47250000003,354626.9465387097,391157.70204193547,140571.52987741935,28810.980061290324,62400.36045806452,49360.18935806451,-36530.7555032258,0,27,0,53,1,0,209,11,27,33,12,27,0,50,886194.0,616283.0,269911.0,0.3046,116161.0,744100.0,533157.0,210943.0,0.2835,137453.0,457.25800859817616,,0.9066086253382546,
2024-02-01,양천구,1468.0,,,xlsx_2022_2024,2024,2,1,겨울,376244.70920344826,369895.44826206897,5395.368968965517,953.8919689655172,402641.5662413793,345502.5533034483,354599.8947827586,391705.2909275862,143919.59036206896,28913.392137931034,63978.78483448276,51027.41338965517,-37105.39614482759,0,27,0,53,1,0,209,11,27,33,12,27,0,50,886194.0,616283.0,269911.0,0.3046,116161.0,744100.0,533157.0,210943.0,0.2835,137453.0,390.1715995177497,,0.9052721599522964,
2024-03-01,양천구,1524.0,,,xlsx_2022_2024,2024,3,1,봄,373690.7011419355,368188.6136290323,4831.445180645161,670.642335483871,402315.28802903224,338990.01868064515,349225.47783870966,391165.86065483873,137557.26387741938,26271.899574193547,62454.57799677419,48830.78630645161,-41940.38281612904,0,27,0,53,1,0,209,11,27,33,12,27,0,50,886194.0,616283.0,269911.0,0.3046,116161.0,744100.0,533157.0,210943.0,0.2835,137453.0,407.8239023189269,,0.892781075664635,
2024-04-01,양천구,1563.0,,,xlsx_2022_2024,2024,4,2,봄,367415.90379,361850.15997000004,4844.057866666667,721.6859533333334,396404.81196666666,331396.84276666667,341876.44901333336,385658.37149666663,147116.15475666666,25905.37846666667,69591.21344666666,51619.56284333333,-43781.92248333334,0,27,0,53,1,0,209,11,27,33,12,27,0,50,886194.0,616283.0,269911.0,0.3046,116161.0,744100.0,533157.0,210943.0,0.2835,137453.0,425.40346889647634,,0.8864748551589222,
2024-05-01,양천구,1624.0,,,xlsx_2022_2024,2024,5,2,봄,363131.8965419355,357631.307016129,4804.576835483871,696.0126967741935,391304.41507096775,326805.1815548387,337885.6031903226,381164.9632258064,146322.5055483871,24959.61648064516,70886.51617741935,50476.37289032258,-43279.36003548387,0,27,0,53,1,0,209,11,27,33,12,27,0,50,886194.0,616283.0,269911.0,0.3046,116161.0,744100.0,533157.0,210943.0,0.2835,137453.0,447.22042196380175,,0.8864550412262192,
2024-06-01,양천구,1724.0,,,xlsx_2022_2024,2024,6,2,여름,367208.2518433333,361538.7256233333,4925.160396666667,744.3658366666666,392848.0322,334879.59858999995,344507.9909533333,383422.72391666664,151221.76744,26646.746276666665,72716.01727,51859.003893333334,-38914.73296333333,0,27,0,53,1,0,209,11,27,33,12,27,0,50,886194.0,616283.0,269911.0,0.3046,116161.0,744100.0,533157.0,210943.0,0.2835,137453.0,469.48836017321634,,0.898506972758894,
2024-07-01,양천구,1893.0,,,xlsx_2022_2024,2024,7,3,여름,367944.29208064516,362016.7259548387,5083.952690322581,843.6134451612903,393145.0780967742,336082.87852258066,345356.00653225806,384078.78174838715,149170.56248387098,27221.736183870966,70346.71490645161,51602.11139354839,-38722.775216129034,0,27,0,53,1,0,209,11,27,33,12,27,0,50,886194.0,616283.0,269911.0,0.3046,116161.0,744100.0,533157.0,210943.0,0.2835,137453.0,514.4800560148645,,0.8991801238280935,
2024-08-01,양천구,1977.0,,,xlsx_2022_2024,2024,8,3,여름,368856.3564612903,362979.515383871,5192.311500000001,684.5295838709677,393559.72272258066,338932.36796129035,347691.1570322581,383974.35604516126,151035.14183225806,27497.861203225806,71121.46642258065,52415.814206451614,-36283.19901290322,0,27,0,53,1,0,209,11,27,33,12,27,0,50,886194.0,616283.0,269911.0,0.3046,116161.0,744100.0,533157.0,210943.0,0.2835,137453.0,535.9810032736895,,0.9055061921670735,
2024-09-01,양천구,1582.0,,,xlsx_2022_2024,2024,9,3,가을,364694.10175333335,359054.4157333333,4947.92079,691.7651999999999,389607.9105033333,333449.6072166666,343162.36967,380073.9103766667,150389.02969666666,27231.67772666667,70934.46647333333,52222.88549666667,-36911.54070666666,0,27,0,53,1,0,209,11,27,33,12,27,0,50,886194.0,616283.0,269911.0,0.3046,116161.0,744100.0,533157.0,210943.0,0.2835,137453.0,433.7882056206137,,0.9028832558644027,
2024-10-01,양천구,1501.0,,,xlsx_2022_2024,2024,10,4,가을,364387.4296419355,358889.3592645161,4838.36015483871,659.7102225806451,390514.4477677419,329754.85513548384,340631.93716774194,381355.6385645161,145953.76806129032,25566.297006451612,68676.82598064515,51710.64507419355,-40723.701396774195,0,27,0,53,1,0,209,11,27,33,12,27,0,50,886194.0,616283.0,269911.0,0.3046,116161.0,744100.0,533157.0,210943.0,0.2835,137453.0,411.92419877792,,0.8932133230019498,
2024-11-01,양천구,1408.0,,,xlsx_2022_2024,2024,11,4,가을,363992.24037,358487.75763666665,4854.789543333333,649.6932099999999,391407.9991033333,329256.2339666666,339641.4517333333,381385.66084333335,150087.53292666667,27726.62369666667,68521.23295666667,53839.67627333334,-41744.20911,0,27,0,53,1,0,209,11,27,33,12,27,0,50,886194.0,616283.0,269911.0,0.3046,116161.0,744100.0,533157.0,210943.0,0.2835,137453.0,386.8214329428453,,0.8905459397249131,
2024-12-01,양천구,1710.0,,,xlsx_2022_2024,2024,12,4,겨울,366195.7926096774,360524.4565322581,4873.002438709677,798.3336258064517,392056.9535741935,334172.6912322581,344525.8888967742,381674.29526129033,145172.8960387097,27855.206196774194,65314.73761290322,52002.95222903226,-37148.40636451613,0,27,0,53,1,0,209,11,27,33,12,27,0,50,886194.0,616283.0,269911.0,0.3046,116161.0,744100.0,533157.0,210943.0,0.2835,137453.0,466.96331156995655,,0.9026698763167043,
2018-04-01,영등포구,2165.0,1259.0,1272.0,API_2017_2025,2018,4,2,봄,538299.1544384615,494548.2290961538,36120.81291153846,7630.112434615385,607916.04705,469262.2317961538,593218.4590230769,499071.07974615385,386105.42694230773,102117.31151538462,101575.0963,182413.01912692309,94147.37927692308,0,102,8,305,0,364,511,0,0,292,0,0,0,72,,,,,,,,,,,402.1927179615333,233.88481843582926,1.1886452313061497,0.5815242494226328
2018-05-01,영등포구,2285.0,1359.0,1377.0,API_2017_2025,2018,5,2,봄,529869.5043193548,486041.8953483871,36210.786222580646,7616.822735483871,592221.5192419356,464066.49047741934,579917.6709193549,492845.9888258065,364742.10936129035,95563.90272903226,97135.95647096774,172042.2501612903,87071.6820935484,0,102,8,305,0,364,511,0,0,292,0,0,0,72,,,,,,,,,,,431.2382542066093,256.47824396795716,1.1766711793698363,0.5947483588621444
2018-06-01,영등포구,2146.0,1271.0,1283.0,API_2017_2025,2018,6,2,여름,527120.73425,485335.09109666664,36273.35400666667,5512.289153333333,588170.7940066666,463746.9078666667,576438.51887,491893.7452366667,344269.91074333334,91445.24098,89920.94164666667,162903.7281166667,84544.77363333333,0,102,8,305,0,364,511,0,0,292,0,0,0,72,,,,,,,,,,,407.1173567196859,241.1212303777823,1.1718760900134153,0.592264678471575
2018-07-01,영등포구,2358.0,1393.0,1402.0,API_2017_2025,2018,7,3,여름,538093.4652483871,492169.1804,39015.658764516134,6908.626093548387,606646.747083871,467881.39117419353,593912.7342516129,498222.55883225804,355404.2713903226,96944.60567419355,88033.28141612903,170426.3843,95690.17541935484,0,102,8,305,0,364,511,0,0,292,0,0,0,72,,,,,,,,,,,438.2138331509998,258.876959109136,1.1920631126050074,0.590754877014419
2018-08-01,영등포구,2526.0,1496.0,1510.0,API_2017_2025,2018,8,3,여름,531179.5706677419,485021.4396096774,39250.08169032258,6908.049370967742,597773.7319354839,463379.663583871,584968.8313193548,491609.59940645157,363884.4004129033,95402.72866451612,95459.45886129033,173022.21288709677,93359.23191290321,0,102,8,305,0,364,511,0,0,292,0,0,0,72,,,,,,,,,,,475.5453973549066,281.63733746751393,1.189905225662032,0.5922406967537609
2018-09-01,영등포구,2260.0,1254.0,1265.0,API_2017_2025,2018,9,3,가을,517515.10451,473026.5631333333,37791.37742333333,6697.163963333333,577989.93251,456360.12224,564586.2019100001,483892.8921033333,340897.98233333335,90825.97331666667,91280.73481000001,158791.27420666668,80693.30980666666,0,102,8,305,0,364,511,0,0,292,0,0,0,72,,,,,,,,,,,436.702229617016,242.3117681149283,1.1667586177096294,0.5548672566371682
2018-10-01,영등포구,2129.0,1232.0,1246.0,API_2017_2025,2018,10,4,가을,530244.8080903227,485982.51453548385,36418.1018483871,7844.191712903226,599089.4752612903,463531.79635483876,582815.5156258064,491566.11011612904,356330.7638677419,97318.28466451613,90127.17927419355,168885.29992903225,91249.4055096774,0,102,8,305,0,364,511,0,0,292,0,0,0,72,,,,,,,,,,,401.51265368681237,232.34550931994025,1.185629976582642,0.5786754344762799
2018-11-01,영등포구,2049.0,1210.0,1224.0,API_2017_2025,2018,11,4,가을,542113.2742633333,497633.94521333335,35885.15942,8594.169636666667,615679.4289200001,465246.5433833333,599280.55893,501279.49949666666,381729.49514,105245.19619333332,92795.13010666666,183689.16884,98001.05943333333,0,102,8,305,0,364,511,0,0,292,0,0,0,72,,,,,,,,,,,377.96528830332454,223.20058508883488,1.1955018298808069,0.5905319668130795
2018-12-01,영등포구,2296.0,1326.0,1337.0,API_2017_2025,2018,12,4,겨울,532616.9875387097,486376.04047741933,38160.83649354839,8080.110583870967,601379.0727129031,466270.3896935484,586619.5816709677,494043.70601935487,351304.6396419355,97017.1979967742,87954.29326774193,166333.14837741936,92575.8756516129,0,102,8,305,0,364,511,0,0,292,0,0,0,72,,,,,,,,,,,431.0790030581085,248.95938939679965,1.1873839794408516,0.5775261324041812
2019-01-01,영등포구,2044.0,1165.0,1176.0,API_2017_2025,2019,1,1,겨울,535128.1031419354,486648.80578064517,40731.44123548387,7747.85614516129,603436.0641032258,468620.47615483875,590834.3074580645,495337.9572225807,371493.85886451614,100693.65479032259,95029.17950322581,175771.02457096774,95496.35023548389,0,172,0,412,0,506,430,0,0,272,0,0,1,107,1001675.0,746195.0,255480.0,0.2551,,1673132.0,1241574.0,431558.0,0.2579,,381.96461520127957,217.70488097333202,1.192790293663226,0.5699608610567515
2019-02-01,영등포구,1808.0,1001.0,1010.0,API_2017_2025,2019,2,1,겨울,514923.289275,463268.73321785714,43622.711871428575,8031.8441892857145,576417.13815,455418.7786285714,562891.1202964286,480660.5528392857,347417.16505357146,94396.90925357143,93211.63434285714,159808.62145714284,82230.56745714285,0,172,0,412,0,506,430,0,0,272,0,0,1,107,1001675.0,746195.0,255480.0,0.2551,,1673132.0,1241574.0,431558.0,0.2579,,351.1202615336397,194.3978881610472,1.17107825256598,0.5536504424778761
2019-03-01,영등포구,2046.0,1190.0,1199.0,API_2017_2025,2019,3,1,봄,522289.40127096773,476122.18349677423,39058.01056129033,7109.207212903226,584106.0706612903,462812.71078387095,571982.2707129032,486794.49452258064,331199.87531290326,88884.15090645161,86395.68726129032,155920.03714516127,85187.77619032258,0,172,0,412,0,506,430,0,0,272,0,0,1,107,1001675.0,746195.0,255480.0,0.2551,,1673132.0,1241574.0,431558.0,0.2579,,391.73684072875136,227.8430305313852,1.1749974109174546,0.581622678396872
2019-04-01,영등포구,2174.0,1230.0,1243.0,API_2017_2025,2019,4,2,봄,520714.50210000004,475694.5957266667,37676.88008333334,7343.0262999999995,588213.0604200001,456700.5074633333,573499.13103,483011.1957166667,371618.25899666664,99669.06570666666,94723.12653666666,177226.06675333335,90487.93531333334,0,172,0,412,0,506,430,0,0,272,0,0,1,107,1001675.0,746195.0,255480.0,0.2551,,1673132.0,1241574.0,431558.0,0.2579,,417.5032558594838,236.21389360955152,1.1873412792825062,0.5657773689052438
2019-05-01,영등포구,2339.0,1291.0,1307.0,API_2017_2025,2019,5,2,봄,498893.54051612905,455878.1501483871,36144.5045516129,6870.885841935485,557875.9353677419,440039.02399032254,546374.9043741935,464978.28062903223,330387.05122258066,88131.34168387097,86460.05971612904,155795.64982258066,81396.62374516128,0,172,0,412,0,506,430,0,0,272,0,0,1,107,1001675.0,746195.0,255480.0,0.2551,,1673132.0,1241574.0,431558.0,0.2579,,468.8374993952003,258.7726428897835,1.1750546791885552,0.5519452757588713
2019-06-01,영등포구,2146.0,1254.0,1261.0,API_2017_2025,2019,6,2,여름,494780.92723,452252.4075,35783.338436666665,6745.1813133333335,552781.3249733333,437825.04611000005,541180.84733,461638.1271766667,316834.22913666663,84188.86104999999,84019.08895,148626.27913666665,79542.72015333334,0,172,0,412,0,506,430,0,0,272,0,0,1,107,1001675.0,746195.0,255480.0,0.2551,,1673132.0,1241574.0,431558.0,0.2579,,433.72730877365194,253.4455010261694,1.1723053523325917,0.5843429636533085
2019-07-01,영등포구,2419.0,1370.0,1391.0,API_2017_2025,2019,7,3,여름,503127.0128387097,458408.01282580645,37795.2232032258,6923.776819354838,568507.4895193548,438271.26980645163,556843.2327580645,464758.2843354839,315299.88449354836,86499.0027,78665.2465483871,150135.63524516128,92084.94842258064,0,172,0,412,0,506,430,0,0,272,0,0,1,107,1001675.0,746195.0,255480.0,0.2551,,1673132.0,1241574.0,431558.0,0.2579,,480.79310755979475,272.29704727446006,1.1981351414838028,0.5663497312939231
2019-08-01,영등포구,2363.0,1312.0,1324.0,API_2017_2025,2019,8,3,여름,521883.2496580645,475629.5685580645,39428.30536451613,6825.375741935484,584726.4635483872,460339.11547741934,571481.0674290323,486456.236967742,329061.4907903226,90004.6988548387,82894.14843225807,156162.6435032258,85024.83046129033,0,172,0,412,0,506,430,0,0,272,0,0,1,107,1001675.0,746195.0,255480.0,0.2551,,1673132.0,1241574.0,431558.0,0.2579,,452.78326168702034,251.39722358585303,1.1747841306163138,0.5552264071096065
2019-09-01,영등포구,2291.0,1281.0,1294.0,API_2017_2025,2019,9,3,가을,512487.74346333335,468462.86036333337,37139.57413,6885.308973333334,572902.8319333333,452767.75339,560386.2616966667,478274.51614333334,337252.3959666667,92183.72952000001,86495.98875666667,158572.67768999998,82111.74555333334,0,172,0,412,0,506,430,0,0,272,0,0,1,107,1001675.0,746195.0,255480.0,0.2551,,1673132.0,1241574.0,431558.0,0.2579,,447.03508117436814,249.95719728693393,1.1716832964788897,0.5591444783937145
2019-10-01,영등포구,2282.0,1230.0,1242.0,API_2017_2025,2019,10,4,가을,524711.2634064516,482927.2146741935,33845.926337096775,7938.12239516129,597516.5814032258,455425.61912903225,581076.896932258,484450.0966145161,364479.06554838707,100220.15293064517,89410.68694193549,174848.22567580646,96626.80031774192,0,172,0,412,0,506,430,0,0,272,0,0,1,107,1001675.0,746195.0,255480.0,0.2551,,1673132.0,1241574.0,431558.0,0.2579,,434.90585378044733,234.4146363496714,1.1994566643561417,0.5390008764241893
2019-11-01,영등포구,2102.0,1140.0,1149.0,API_2017_2025,2019,11,4,가을,515035.30609333335,474041.07247333333,33185.27018666667,7808.963423333334,582397.9325333333,451736.18687333335,568254.8176433333,477021.36926999997,347498.77668333333,98182.00178333333,86128.87559333333,163187.89930666666,91233.44837333333,0,172,0,412,0,506,430,0,0,272,0,0,1,107,1001675.0,746195.0,255480.0,0.2551,,1673132.0,1241574.0,431558.0,0.2579,,408.1273604219826,221.34404894436736,1.1912565227695158,0.5423406279733587
2019-12-01,영등포구,2153.0,1237.0,1243.0,API_2017_2025,2019,12,4,겨울,517083.2096967742,475573.1198096774,34310.449574193546,7199.6403193548385,585752.3504806452,452317.72521612904,571051.8733193548,478534.1642548387,361600.9899064516,101401.71246129033,90279.22193870968,169920.05550645164,92517.70906451612,0,172,0,412,0,506,430,0,0,272,0,0,1,107,1001675.0,746195.0,255480.0,0.2551,,1673132.0,1241574.0,431558.0,0.2579,,416.37399157914126,239.22648749809466,1.1933356403269186,0.5745471435206688
2020-01-01,영등포구,2059.0,1178.0,1185.0,API_2017_2025,2020,1,1,겨울,512952.41615483875,466569.37692903227,38088.43274516129,8294.606496774193,577077.5257935484,450126.6606451613,564751.0117419355,475953.41932903224,350542.2027451613,96964.51640967742,89984.77207741936,163592.91425806453,88797.59241290322,3,43,2,235,0,422,308,0,0,166,0,0,0,20,939522.0,692646.0,246876.0,0.2628,,1554607.0,1161879.0,392728.0,0.2526,,401.401754851755,229.6509311390808,1.186567821149566,0.5721223895094706
2020-02-01,영등포구,1637.0,889.0,895.0,API_2017_2025,2020,2,1,겨울,515475.0019172414,469596.3007862069,37423.849520689655,8454.851620689657,577236.7346344828,454901.2996862069,567324.6490689656,478439.5396724138,337341.7563862069,87951.85095517241,90134.67127241379,159255.23415862067,88885.10939655172,3,43,2,235,0,422,308,0,0,166,0,0,0,20,939522.0,692646.0,246876.0,0.2628,,1554607.0,1161879.0,392728.0,0.2526,,317.5711710386331,172.46229141926992,1.1857812785653359,0.5430665852168601
2020-03-01,영등포구,1572.0,781.0,786.0,API_2017_2025,2020,3,1,봄,500914.71188709675,459198.9022129032,36232.445509677425,5483.364174193549,556295.2392612904,448252.49695161293,545882.0503741936,468795.18439999997,312260.4478935484,76534.43624516128,89868.57389032257,145857.43775806454,77086.86597419354,3,43,2,235,0,422,308,0,0,166,0,0,0,20,939522.0,692646.0,246876.0,0.2628,,1554607.0,1161879.0,392728.0,0.2526,,313.825879475131,155.91476582065988,1.164436130189467,0.49681933842239184
2020-04-01,영등포구,1747.0,898.0,903.0,API_2017_2025,2020,4,2,봄,496452.40562000003,456637.97245999996,35579.65018333333,4234.782986666667,549797.1310766666,445191.77109999995,539603.0714266667,465630.50146,325458.6098133334,81259.47080333334,94442.81227666668,149756.32673333335,73972.56996666666,3,43,2,235,0,422,308,0,0,166,0,0,0,20,939522.0,692646.0,246876.0,0.2628,,1554607.0,1161879.0,392728.0,0.2526,,351.8967740358192,180.88340187988874,1.1588653873290586,0.5140240412135089
2020-05-01,영등포구,2049.0,977.0,979.0,API_2017_2025,2020,5,2,봄,493737.5900677419,454377.04856774193,35418.15311290322,3942.3883967741936,547006.1592032259,441409.5402096774,536784.1516322581,462990.0461129032,320165.7003419355,82631.11499032257,90748.09942903226,146786.48592258064,73794.10551935484,3,43,2,235,0,422,308,0,0,166,0,0,0,20,939522.0,692646.0,246876.0,0.2628,,1554607.0,1161879.0,392728.0,0.2526,,414.99777234276866,197.8783912049219,1.1593859439072254,0.47681795998047827
2020-06-01,영등포구,2042.0,906.0,916.0,API_2017_2025,2020,6,2,여름,499251.0152766667,459732.58584666665,34892.70493666667,4625.724516666667,555644.70921,442569.45794666663,545869.76388,465951.9091366667,333231.49598,86178.90727333333,92171.83847333332,154880.75023333335,79917.85474333333,3,43,2,235,0,422,308,0,0,166,0,0,0,20,939522.0,692646.0,246876.0,0.2628,,1554607.0,1161879.0,392728.0,0.2526,,409.01268851068795,181.47183927065785,1.171515242616793,0.4436826640548482
2020-07-01,영등포구,2140.0,951.0,956.0,API_2017_2025,2020,7,3,여름,506433.581216129,463592.1346483871,35863.101977419356,6978.344619354839,564075.8487419354,448074.3370032258,554208.9330903225,472308.3298935484,332315.06212258065,86742.81112903226,89627.4180419355,155944.8329516129,81900.60319677419,3,43,2,235,0,422,308,0,0,166,0,0,0,20,939522.0,692646.0,246876.0,0.2628,,1554607.0,1161879.0,392728.0,0.2526,,422.56281561366666,187.78375591055934,1.173404951835665,0.444392523364486
2020-08-01,영등포구,2165.0,877.0,896.0,API_2017_2025,2020,8,3,여름,491890.0741935484,449599.7031129032,36229.121574193545,6061.249503225807,541370.4922838709,444470.01777741936,531777.6253193548,463398.96625161293,308249.09182903223,77718.63381290324,90231.9088483871,140298.54916774193,68378.65906774194,3,43,2,235,0,422,308,0,0,166,0,0,0,20,939522.0,692646.0,246876.0,0.2628,,1554607.0,1161879.0,392728.0,0.2526,,440.13898909212753,178.2918676368572,1.147558937433223,0.405080831408776
2020-09-01,영등포구,1924.0,826.0,832.0,API_2017_2025,2020,9,3,가을,490906.3709766667,450815.28059333336,34805.664293333335,5285.426093333333,540639.3206533333,443414.8350533333,531141.4828466667,462167.00535,307637.9797533333,75937.95480333334,91581.11797666666,140118.90697333336,68974.47749666666,3,43,2,235,0,422,308,0,0,166,0,0,0,20,939522.0,692646.0,246876.0,0.2628,,1554607.0,1161879.0,392728.0,0.2526,,391.92809744395225,168.26019152219573,1.149241457521253,0.4293139293139293
2020-10-01,영등포구,1959.0,919.0,927.0,API_2017_2025,2020,10,4,가을,489826.0484032258,448746.69714516134,35097.49536129033,5981.8559,538909.2665903226,442928.26307419356,528947.5718064517,461882.1031225807,317923.2253741936,82412.71282903226,91978.17322580646,143532.33931935483,67065.46868387097,3,43,2,235,0,422,308,0,0,166,0,0,0,20,939522.0,692646.0,246876.0,0.2628,,1554607.0,1161879.0,392728.0,0.2526,,399.9378976242904,187.61762527653028,1.145200405537411,0.46911689637570186
2020-11-01,영등포구,1935.0,912.0,922.0,API_2017_2025,2020,11,4,가을,494480.4103733333,454649.37225333333,34345.31561333333,5485.722519999999,547190.0365333332,444487.05902,538153.8992366666,463285.0612066667,325330.68025000003,85159.97245,92016.16803,148154.53977,74868.83803,3,43,2,235,0,422,308,0,0,166,0,0,0,20,939522.0,692646.0,246876.0,0.2628,,1554607.0,1161879.0,392728.0,0.2526,,391.3198499691975,184.43602231106362,1.161604256858612,0.47131782945736433
2020-12-01,영등포구,1784.0,804.0,835.0,API_2017_2025,2020,12,4,겨울,485802.84421935485,446077.10632258066,34312.305822580645,5413.4320677419355,534784.5552129032,441878.3051322581,525789.8883516128,457240.6698322581,292439.75599677424,72482.28014516129,87957.02907096775,132000.44678064517,68549.21851935484,3,43,2,235,0,422,308,0,0,166,0,0,0,20,939522.0,692646.0,246876.0,0.2628,,1554607.0,1161879.0,392728.0,0.2526,,367.22716246479393,165.49923689556854,1.1499193379812485,0.45067264573991034
2021-01-01,영등포구,1829.0,907.0,857.0,건별집계|API_2017_2025,2021,1,1,겨울,489512.65634193545,448005.7200516129,36212.47027741935,5294.466019354839,538832.1948193548,444941.53292258066,529707.6769548387,460801.9273483871,295314.0714354839,75264.73962258064,86038.60638387097,134010.72542903226,68905.7496064516,0,44,2,127,0,693,337,0,0,172,0,0,0,29,1008644.0,740027.0,268617.0,0.2663,105341.0,1558273.0,1164696.0,393577.0,0.2526,179164.0,373.63691751463176,185.28632268221486,1.149534421444283,0.49589939857845816
2021-02-01,영등포구,1761.0,892.0,770.0,건별집계|API_2017_2025,2021,2,1,겨울,497549.04495714285,452970.30723214283,36977.24288571429,7601.494839285714,551781.5793607143,447941.925925,540481.4388142857,466883.0493392857,313351.5725214286,82766.15132142858,85996.87123214286,144588.54996785714,73598.38947499999,0,44,2,127,0,693,337,0,0,172,0,0,0,29,1008644.0,740027.0,268617.0,0.2663,105341.0,1558273.0,1164696.0,393577.0,0.2526,179164.0,353.93495733705737,179.27880860003134,1.1576377415696575,0.5065303804656445
2021-03-01,영등포구,2027.0,970.0,845.0,건별집계|API_2017_2025,2021,3,1,봄,509280.016532258,468097.0282967742,36097.91878387097,5085.069448387097,571803.137316129,452945.7471290323,558813.9970967742,473898.60185806453,332282.47409354843,88025.81098064515,89544.74780645162,154711.9153064516,84915.39523870968,0,44,2,127,0,693,337,0,0,172,0,0,0,29,1008644.0,740027.0,268617.0,0.2663,105341.0,1558273.0,1164696.0,393577.0,0.2526,179164.0,398.0128680096382,190.46496397106517,1.1791847346790492,0.4785397138628515
2021-04-01,영등포구,2038.0,1014.0,929.0,건별집계|API_2017_2025,2021,4,2,봄,505703.57269666664,465161.67165,35919.45504666667,4622.446006666667,565484.2104866666,450690.29258,553502.7548633333,471561.29971666663,350072.19440333336,90336.14199333334,98865.09023666667,160870.96217333333,81941.45514666666,0,44,2,127,0,693,337,0,0,172,0,0,0,29,1008644.0,740027.0,268617.0,0.2663,105341.0,1558273.0,1164696.0,393577.0,0.2526,179164.0,403.00288746871126,200.51272222437353,1.1737662848836419,0.4975466143277723
2021-05-01,영등포구,2309.0,1160.0,1048.0,건별집계|API_2017_2025,2021,5,2,봄,498951.5647290323,457229.51905161294,36770.63664193548,4951.409038709678,554291.2595,448386.83838387096,541784.7919935484,468356.40240967745,327087.15119354834,85013.51663870968,96203.2734483871,145870.3611064516,73428.38958387096,0,44,2,127,0,693,337,0,0,172,0,0,0,29,1008644.0,740027.0,268617.0,0.2663,105341.0,1558273.0,1164696.0,393577.0,0.2526,179164.0,462.7703695556017,232.4874961821126,1.1567788743915626,0.5023819835426592
2021-06-01,영등포구,2509.0,1244.0,1159.0,건별집계|API_2017_2025,2021,6,2,여름,506660.91311,464960.55315666663,37035.20648666667,4665.153466666667,565064.7649966667,451596.11700333335,553432.9092066666,473252.34446,342630.11333666666,90067.42803333333,97475.17229666667,155087.51300666668,80180.56474666667,0,44,2,127,0,693,337,0,0,172,0,0,0,29,1008644.0,740027.0,268617.0,0.2663,105341.0,1558273.0,1164696.0,393577.0,0.2526,179164.0,495.2029917996213,245.52910394528854,1.1694245484154038,0.4958150657632523
2021-07-01,영등포구,2554.0,1263.0,1089.0,건별집계|API_2017_2025,2021,7,3,여름,496101.19902580645,453539.03377741936,37734.34142258065,4827.823829032258,545677.0558129032,449684.593216129,536148.8565451612,467495.72937741934,313113.33941935486,78758.35508709677,95310.93998709678,139044.04434516127,68653.12716774194,0,44,2,127,0,693,337,0,0,172,0,0,0,29,1008644.0,740027.0,268617.0,0.2663,105341.0,1558273.0,1164696.0,393577.0,0.2526,179164.0,514.81431712225,254.58515369044704,1.1468529504198246,0.49451840250587314
2021-08-01,영등포구,2430.0,1310.0,1098.0,건별집계|API_2017_2025,2021,8,3,여름,492847.65573225805,449769.83441935485,38931.719296774194,4146.102003225807,542469.6677935484,447551.14779354836,531767.7433387097,465047.5931516129,308321.32367741934,77533.69349032258,94209.45165806451,136578.17852903227,66720.15018709678,0,44,2,127,0,693,337,0,0,172,0,0,0,29,1008644.0,740027.0,268617.0,0.2663,105341.0,1558273.0,1164696.0,393577.0,0.2526,179164.0,493.05296915526156,265.80221793966774,1.1434695097225134,0.5390946502057613
2021-09-01,영등포구,2582.0,1367.0,1205.0,건별집계|API_2017_2025,2021,9,3,가을,493454.7915966667,449171.5269733333,39615.74589333333,4667.518743333333,543235.0743733334,447439.6587533333,531489.5539766666,466287.10417999997,309832.34533999994,79768.34663333333,92587.97309333333,137476.02561333333,65202.44979666665,0,44,2,127,0,693,337,0,0,172,0,0,0,29,1008644.0,740027.0,268617.0,0.2663,105341.0,1558273.0,1164696.0,393577.0,0.2526,179164.0,523.2495547657869,277.026390923637,1.1398332684137382,0.5294345468628969
2021-10-01,영등포구,2386.0,1262.0,1113.0,건별집계|API_2017_2025,2021,10,4,가을,499240.1153483871,454817.85163548385,38946.12275483871,5476.140970967742,548775.8458,452715.3227935484,537714.8755225807,471758.14380645164,312618.2697225807,80847.48576451612,92894.57420322581,138876.2097548387,65956.73171612903,0,44,2,127,0,693,337,0,0,172,0,0,0,29,1008644.0,740027.0,268617.0,0.2663,105341.0,1558273.0,1164696.0,393577.0,0.2526,179164.0,477.92633777735716,252.78417362742024,1.1398104782758962,0.528918692372171
2021-11-01,영등포구,2607.0,1263.0,1081.0,건별집계|API_2017_2025,2021,11,4,가을,512850.5528333334,466980.64261333336,38879.388249999996,6990.521989999999,570656.9223033334,458475.0084933333,559469.8166933333,479551.07866666664,341613.68022000004,91871.93478,94364.89029,155376.85515000002,79918.73802666667,0,44,2,127,0,693,337,0,0,172,0,0,0,29,1008644.0,740027.0,268617.0,0.2663,105341.0,1558273.0,1164696.0,393577.0,0.2526,179164.0,508.3352227266147,246.27057395616202,1.1666532337887154,0.4844649021864212
2021-12-01,영등포구,2350.0,1099.0,983.0,건별집계|API_2017_2025,2021,12,4,겨울,511870.1577548387,467473.10716129036,39307.30668064516,5089.74390967742,570246.5847,458883.45113225805,558907.8546096773,478271.80287741934,328404.75481612905,86578.31686129032,91702.06753870969,150124.37041612904,80636.05173225807,0,44,2,127,0,693,337,0,0,172,0,0,0,29,1008644.0,740027.0,268617.0,0.2663,105341.0,1558273.0,1164696.0,393577.0,0.2526,179164.0,459.10080210722845,214.70288575142297,1.1685987993587088,0.4676595744680851
2022-01-01,영등포구,2205.0,1156.0,,건별집계|xlsx_2022_2024,2022,1,1,겨울,508979.77703548386,462799.87062903226,41378.239535483866,4801.666870967742,566567.0899322581,457570.7680096774,554575.2982225806,476411.5476225806,327069.78286451614,87376.90529677419,92813.60437096775,146879.27319677421,78163.7506,3,38,45,410,32,291,453,0,0,256,0,0,0,27,924624.0,668959.0,255665.0,0.2765,108456.0,1488567.0,1112680.0,375887.0,0.2525,182457.0,433.21956971313557,227.1210079765917,1.1640677078254247,0.5242630385487528
2022-02-01,영등포구,2230.0,1120.0,,건별집계|xlsx_2022_2024,2022,2,1,겨울,507565.57156428567,461518.5467642857,41112.04469642857,4934.980103571428,561155.6873250001,459799.24997142854,549551.0522571428,477575.9425107143,316462.92586428573,81797.66932142856,94021.91443571428,140643.34210714285,71975.10974642857,3,38,45,410,32,291,453,0,0,256,0,0,0,27,924624.0,668959.0,255665.0,0.2765,108456.0,1488567.0,1112680.0,375887.0,0.2525,182457.0,439.35210048374205,220.66114463757447,1.1507092450428735,0.5022421524663677
2022-03-01,영등포구,2927.0,1218.0,,건별집계|xlsx_2022_2024,2022,3,1,봄,506837.5943064516,463129.0917419355,39863.21163548387,3845.290922580645,557575.5046096775,460768.8726903226,546672.6940129033,478383.9516419355,303644.54141612904,77147.15988064517,90949.28007419355,135548.10146129032,68288.74237096775,3,38,45,410,32,291,453,0,0,256,0,0,0,27,924624.0,668959.0,255665.0,0.2765,108456.0,1488567.0,1112680.0,375887.0,0.2525,182457.0,577.5025437892506,240.3136653007541,1.1427488153325032,0.4161257259993167
2022-04-01,영등포구,2609.0,1266.0,,건별집계|xlsx_2022_2024,2022,4,2,봄,514705.2966366667,470440.38215333334,39170.255886666666,5094.658613333333,578365.1635066667,456719.7991033333,562720.2083533333,480408.93113000004,348890.4704833333,93796.6139,96791.91960666668,158301.93697666665,82311.27722333332,3,38,45,410,32,291,453,0,0,256,0,0,0,27,924624.0,668959.0,255665.0,0.2765,108456.0,1488567.0,1112680.0,375887.0,0.2525,182457.0,506.8920053957998,245.96599418592663,1.1713358597012835,0.4852433882713683
2022-05-01,영등포구,2613.0,1384.0,,건별집계|xlsx_2022_2024,2022,5,2,봄,522174.68831935484,476960.439632258,39421.552809677414,5792.6958774193545,583472.1767677419,463274.0151967742,569571.3804225806,488319.9082580645,348321.53402580647,96132.4202451613,94475.93155806452,157713.18222258065,81251.47216451615,3,38,45,410,32,291,453,0,0,256,0,0,0,27,924624.0,668959.0,255665.0,0.2765,108456.0,1488567.0,1112680.0,375887.0,0.2525,182457.0,500.4072503801496,265.04540165561696,1.1663898415576717,0.5296593953310371
2022-06-01,영등포구,2438.0,1248.0,,건별집계|xlsx_2022_2024,2022,6,2,여름,526967.1161333334,480431.16795,40171.32419,6364.624003333333,589957.1509333333,468644.88076666667,575055.74067,492618.0985966667,346746.72744,94492.55571333334,95199.52655666666,157054.64517,82437.64207333334,3,38,45,410,32,291,453,0,0,256,0,0,0,27,924624.0,668959.0,255665.0,0.2765,108456.0,1488567.0,1112680.0,375887.0,0.2525,182457.0,462.64746420783047,236.82692179301574,1.1673459467043037,0.5118949958982772
2022-07-01,영등포구,2638.0,1321.0,,건별집계|xlsx_2022_2024,2022,7,3,여름,520533.22443225805,472876.39496451616,40381.68299677419,7275.146470967742,583719.9270903225,460581.79923548386,569548.6501677419,485522.20605806453,336190.3640419355,93038.81345483872,90751.88153548387,152399.6690516129,84026.44410967742,3,38,45,410,32,291,453,0,0,256,0,0,0,27,924624.0,668959.0,255665.0,0.2765,108456.0,1488567.0,1112680.0,375887.0,0.2525,182457.0,506.7880158614752,253.77822932259613,1.173064059812804,0.5007581501137225
2022-08-01,영등포구,2781.0,1378.0,,건별집계|xlsx_2022_2024,2022,8,3,여름,516422.6870387097,468018.9386935484,40998.073832258066,7405.674503225806,579365.8961096774,457343.0858419355,565178.7456580646,481596.93087096774,336206.3906516129,92371.23072580645,91120.03543548386,152715.12449032257,83581.81478709678,3,38,45,410,32,291,453,0,0,256,0,0,0,27,924624.0,668959.0,255665.0,0.2765,108456.0,1488567.0,1112680.0,375887.0,0.2525,182457.0,538.5123600876085,266.8356822009078,1.1735513858776865,0.4955052139518159
2022-09-01,영등포구,2618.0,1306.0,,건별집계|xlsx_2022_2024,2022,9,3,가을,510974.97646,464257.38315999997,40206.41208,6511.181223333333,569572.65782,453963.7335833333,556325.3589333333,478581.84613,332505.73617000005,92433.90039000001,89640.38874666666,150431.44703333333,77743.51280333333,3,38,45,410,32,291,453,0,0,256,0,0,0,27,924624.0,668959.0,255665.0,0.2765,108456.0,1488567.0,1112680.0,375887.0,0.2525,182457.0,512.3538569613187,255.58981558116201,1.1624455951097974,0.4988540870893812
2022-10-01,영등포구,2173.0,1224.0,,건별집계|xlsx_2022_2024,2022,10,4,가을,515777.2601677419,467122.2744774193,39688.50589677419,8966.479796774194,579571.0225580644,461346.71578709676,559459.0463387098,484575.98433225806,332646.3961419355,94361.76665483872,90320.25922580644,147964.3702612903,74883.06200645163,3,38,45,410,32,291,453,0,0,256,0,0,0,27,924624.0,668959.0,255665.0,0.2765,108456.0,1488567.0,1112680.0,375887.0,0.2525,182457.0,421.30589458195453,237.31174181698682,1.154533168022431,0.563276576161988
2022-11-01,영등포구,2333.0,1260.0,,건별집계|xlsx_2022_2024,2022,11,4,가을,518725.18284666666,471995.9807666667,38590.928686666666,8138.273396666667,584162.8868033333,459707.08662333334,569565.3739066666,482410.76066333335,349366.04397,98834.50243333333,92482.64492333333,158048.89661333335,87154.61324333334,3,38,45,410,32,291,453,0,0,256,0,0,0,27,924624.0,668959.0,255665.0,0.2765,108456.0,1488567.0,1112680.0,375887.0,0.2525,182457.0,449.7564562408428,242.90318682531586,1.180664737087316,0.5400771538791256
2022-12-01,영등포구,2659.0,1430.0,,건별집계|xlsx_2022_2024,2022,12,4,겨울,521397.2218354839,472808.9424225806,39905.24847741936,8683.030938709677,590919.843,457801.78546774195,574466.4105387097,483490.6584677419,341735.1102354839,97154.80907419356,90041.06815806452,154539.23300322582,90975.75207096773,3,38,45,410,32,291,453,0,0,256,0,0,0,27,924624.0,668959.0,255665.0,0.2765,108456.0,1488567.0,1112680.0,375887.0,0.2525,182457.0,509.97586650720444,274.2630647255744,1.1881644463603172,0.5377961639714178
2023-01-01,영등포구,2290.0,,,xlsx_2022_2024,2023,1,1,겨울,517168.8441935484,465810.66033548384,43267.81884516129,8090.365019354839,579636.2755548387,459427.3846096774,565951.8984903225,482323.80540645163,323626.49526129034,93148.87573225806,83997.94502258065,146479.6745064516,83628.09308387096,2,67,18,657,0,131,409,0,0,130,0,0,0,36,922479.0,687074.0,235405.0,0.2552,122258.0,1442199.0,1086596.0,355603.0,0.2466,185673.0,442.7954285550459,,1.1733857880255318,
2023-02-01,영등포구,2154.0,,,xlsx_2022_2024,2023,2,1,겨울,528974.4665178572,479797.1052035714,41485.07276428572,7692.288557142857,596011.5140678572,466196.1707964285,581988.1851142857,491107.52467142855,339350.2704357143,99369.18874642857,85453.96011428571,154527.121575,90880.66044285714,2,67,18,657,0,131,409,0,0,130,0,0,0,36,922479.0,687074.0,235405.0,0.2552,122258.0,1442199.0,1086596.0,355603.0,0.2466,185673.0,407.2030194915439,,1.1850524699324452,
2023-03-01,영등포구,2324.0,,,xlsx_2022_2024,2023,3,1,봄,522212.09208387096,475623.0773032258,39118.397441935485,7470.61734516129,584907.3050451613,461903.80721612903,572089.2564806452,486585.54609677417,318897.4404354839,92399.6292483871,78007.70597741936,148490.10520967742,85503.71038387097,2,67,18,657,0,131,409,0,0,130,0,0,0,36,922479.0,687074.0,235405.0,0.2552,122258.0,1442199.0,1086596.0,355603.0,0.2466,185673.0,445.0299093470147,,1.1757218459729293,
2023-04-01,영등포구,2473.0,,,xlsx_2022_2024,2023,4,2,봄,523086.0229466667,474365.79931,39567.89381,9152.329826666666,587031.9702966666,464272.5244366667,572956.22995,487464.44651000004,330746.2401666667,98187.49977666668,79163.38140666667,153395.35898333334,85491.78344,2,67,18,657,0,131,409,0,0,130,0,0,0,36,922479.0,687074.0,235405.0,0.2552,122258.0,1442199.0,1086596.0,355603.0,0.2466,185673.0,472.7711870542839,,1.1753805514475528,
2023-05-01,영등포구,2595.0,,,xlsx_2022_2024,2023,5,2,봄,511742.4244709678,463989.42077419354,38670.45975483871,9082.54395483871,570678.2315677418,451946.6337548387,558484.0294580645,478355.56377741933,320611.04994193546,91735.48569354838,81580.02471935484,147295.53952903225,80128.46568064517,2,67,18,657,0,131,409,0,0,130,0,0,0,36,922479.0,687074.0,235405.0,0.2552,122258.0,1442199.0,1086596.0,355603.0,0.2466,185673.0,507.09104344488827,,1.1675081712186988,
2023-06-01,영등포구,2414.0,,,xlsx_2022_2024,2023,6,2,여름,515908.29656,467615.2613633333,39183.50624,9109.528956666667,580208.1267466667,452673.7391866667,566252.2505733334,479948.32941,325083.0911933333,94204.06410333334,79525.77857666666,151353.24851333335,86303.92116333332,2,67,18,657,0,131,409,0,0,130,0,0,0,36,922479.0,687074.0,235405.0,0.2552,122258.0,1442199.0,1086596.0,355603.0,0.2466,185673.0,467.91261472168486,,1.1798191927648267,
2023-07-01,영등포구,2700.0,,,xlsx_2022_2024,2023,7,3,여름,521331.6498870967,470116.45679032255,42388.78316451613,8826.409922580646,587862.4657129033,459840.21689032257,573222.808048387,484266.53691612906,319326.1008290323,94002.05487419355,76947.69032580646,148376.35562903227,88956.27113225807,2,67,18,657,0,131,409,0,0,130,0,0,0,36,922479.0,687074.0,235405.0,0.2552,122258.0,1442199.0,1086596.0,355603.0,0.2466,185673.0,517.9044856733198,,1.1836927897160576,
2023-08-01,영등포구,2794.0,,,xlsx_2022_2024,2023,8,3,여름,519698.66230645165,469122.8629290323,42546.214803225805,8029.58459032258,584776.0034806452,460576.148983871,570551.6687290323,483375.0863,320611.35578387097,93788.1720483871,79028.52161290322,147794.66212258063,87176.58242903226,2,67,18,657,0,131,409,0,0,130,0,0,0,36,922479.0,687074.0,235405.0,0.2552,122258.0,1442199.0,1086596.0,355603.0,0.2466,185673.0,537.619240272829,,1.180349763361464,
2023-09-01,영등포구,2546.0,,,xlsx_2022_2024,2023,9,3,가을,519239.1758166666,470308.69043666666,40761.508,8168.977373333333,582671.50591,460947.01010666665,567145.1039066667,485020.6557633334,320416.86428000004,95414.08339666667,78851.73375666667,146151.04712666667,82124.44814333334,2,67,18,657,0,131,409,0,0,130,0,0,0,36,922479.0,687074.0,235405.0,0.2552,122258.0,1442199.0,1086596.0,355603.0,0.2466,185673.0,490.33280202627543,,1.1693215477886907,
2023-10-01,영등포구,2440.0,,,xlsx_2022_2024,2023,10,4,가을,519482.4696645161,470401.73165806447,40098.3638,8982.374212903225,586102.925151613,462770.34678387095,565666.6504419355,486493.7691032258,319198.5067419355,95355.32333548386,79566.26337096775,144276.92003548387,79172.88133870966,2,67,18,657,0,131,409,0,0,130,0,0,0,36,922479.0,687074.0,235405.0,0.2552,122258.0,1442199.0,1086596.0,355603.0,0.2466,185673.0,469.6982367038799,,1.162741819868839,
2023-11-01,영등포구,2327.0,,,xlsx_2022_2024,2023,11,4,가을,529329.68576,481891.52610666666,38648.082109999996,8790.077536666668,598427.1997966667,468434.7826966667,583565.3145066666,490589.95094,339456.48183999996,102883.07021333333,80834.92907,155738.48255666668,92975.36356666665,2,67,18,657,0,131,409,0,0,130,0,0,0,36,922479.0,687074.0,235405.0,0.2552,122258.0,1442199.0,1086596.0,355603.0,0.2466,185673.0,439.6126011068025,,1.1895174644089634,
2023-12-01,영등포구,2519.0,,,xlsx_2022_2024,2023,12,4,겨울,535833.6516612903,483865.3229967742,43419.16931290323,8549.159358064517,607012.0125774193,474662.5945451613,589194.4452612904,497718.7991032258,328769.7363064516,102020.55148709677,78990.31547741935,147758.86934193547,91475.64615806453,2,67,18,657,0,131,409,0,0,130,0,0,0,36,922479.0,687074.0,235405.0,0.2552,122258.0,1442199.0,1086596.0,355603.0,0.2466,185673.0,470.10858541454644,,1.1837898152990858,
2024-01-01,영등포구,2172.0,,,xlsx_2022_2024,2024,1,1,겨울,524211.8530064516,476280.2322354839,41341.15472580645,6590.466035483871,591009.7714741935,462363.9780290323,575847.6171741935,487329.16431935487,315682.80558064516,95190.60863870969,76008.36386129032,144483.83308064516,88518.45285483872,0,56,0,80,0,36,350,12,185,135,201,37,0,10,903918.0,684001.0,219917.0,0.2433,105486.0,1433175.0,1083094.0,350081.0,0.2443,171296.0,414.33630078052977,,1.1816399660350125,
2024-02-01,영등포구,1942.0,,,xlsx_2022_2024,2024,2,1,겨울,526609.3101310345,475729.9772275862,43332.289962068964,7547.042951724137,593881.6773793104,466200.9352448276,578550.0587413793,489508.77540689654,322669.8545931034,96352.57005517241,79173.03925862069,147144.24527931033,89041.28333448275,0,56,0,80,0,36,350,12,185,135,201,37,0,10,903918.0,684001.0,219917.0,0.2433,105486.0,1433175.0,1083094.0,350081.0,0.2443,171296.0,368.7743385161152,,1.1818992586199677,
2024-03-01,영등포구,2125.0,,,xlsx_2022_2024,2024,3,1,봄,524084.5535451613,478394.60510645167,38427.631945161294,7262.316516129033,591560.5691064516,465905.44722903223,575209.648351613,487566.62868064514,313208.00468387094,93679.55023870968,75521.15489032258,144007.2995548387,87643.01967096777,0,56,0,80,0,36,350,12,185,135,201,37,0,10,903918.0,684001.0,219917.0,0.2433,105486.0,1433175.0,1083094.0,350081.0,0.2443,171296.0,405.46892397905503,,1.1797559851627453,
2024-04-01,영등포구,2166.0,,,xlsx_2022_2024,2024,4,2,봄,523335.3190266667,477081.61472666665,37191.97382,9061.730473333333,592473.1222766667,462029.8058533333,576284.3598266668,485514.5756133333,337426.16572999995,97697.27472,82493.48342666666,157235.40758333335,90769.78421333335,0,56,0,80,0,36,350,12,185,135,201,37,0,10,903918.0,684001.0,219917.0,0.2433,105486.0,1433175.0,1083094.0,350081.0,0.2443,171296.0,413.8837799116002,,1.1869558377287999,
2024-05-01,영등포구,2258.0,,,xlsx_2022_2024,2024,5,2,봄,514727.9829451613,469373.28377419355,36976.51259354838,8378.186577419356,578011.8543258064,457399.0623290322,564111.3112645161,479454.1770096774,324944.1976709678,91821.02402903225,84180.96291290323,148942.21072903226,84657.13425483872,0,56,0,80,0,36,350,12,185,135,201,37,0,10,903918.0,684001.0,219917.0,0.2433,105486.0,1433175.0,1083094.0,350081.0,0.2443,171296.0,438.6783067592744,,1.1765698127459008,
2024-06-01,영등포구,2406.0,,,xlsx_2022_2024,2024,6,2,여름,517130.76418,471356.48345999996,37445.598673333334,8328.68205,583609.1873,458966.35216,567942.27494,480836.8279333333,331745.01547999994,96389.79903666668,85189.91667666666,150165.29976666666,87105.44700666667,0,56,0,80,0,36,350,12,185,135,201,37,0,10,903918.0,684001.0,219917.0,0.2433,105486.0,1433175.0,1083094.0,350081.0,0.2443,171296.0,465.25949849746956,,1.1811538591606041,
2024-07-01,영등포구,2653.0,,,xlsx_2022_2024,2024,7,3,여름,526723.4596677419,479166.32022258063,39633.676364516126,7923.463083870968,600006.4946290323,462373.80493548384,583798.9755967743,485955.2340193548,340291.8727064516,99209.49326774194,84387.21256774194,156695.16687096775,97843.74157741937,0,56,0,80,0,36,350,12,185,135,201,37,0,10,903918.0,684001.0,219917.0,0.2433,105486.0,1433175.0,1083094.0,350081.0,0.2443,171296.0,503.6798629917713,,1.2013431170771638,
2024-08-01,영등포구,2638.0,,,xlsx_2022_2024,2024,8,3,여름,521478.21163870965,474732.3294032258,39347.86610645162,7398.016151612904,589646.1191548386,461529.64187419356,573550.5771354839,484283.6648774193,335168.9322806451,98467.9029967742,85109.96106774193,151591.06821612903,89266.91225806452,0,56,0,80,0,36,350,12,185,135,201,37,0,10,903918.0,684001.0,219917.0,0.2433,105486.0,1433175.0,1083094.0,350081.0,0.2443,171296.0,505.86964922470395,,1.184327737506198,
2024-09-01,영등포구,2121.0,,,xlsx_2022_2024,2024,9,3,가을,503813.48395666666,458889.72813,37837.97488666666,7085.780966666667,565105.1366300001,447748.2631166667,550489.64627,470473.3680233333,320242.19082666666,92807.57818666667,82863.74377666667,144570.86886333334,80016.27824666667,0,56,0,80,0,36,350,12,185,135,201,37,0,10,903918.0,684001.0,219917.0,0.2433,105486.0,1433175.0,1083094.0,350081.0,0.2443,171296.0,420.9891294180663,,1.1700761056525908,
2024-10-01,영등포구,2154.0,,,xlsx_2022_2024,2024,10,4,가을,517460.5230709677,472752.8125419355,36698.82456774193,8008.885977419355,590412.9998290322,458662.5707354839,567026.9622451613,482055.92368387093,333446.76917419356,99579.5587516129,83417.61429032258,150449.59613225807,84971.03856129033,0,56,0,80,0,36,350,12,185,135,201,37,0,10,903918.0,684001.0,219917.0,0.2433,105486.0,1433175.0,1083094.0,350081.0,0.2443,171296.0,416.2636382804002,,1.176268010383405,
2024-11-01,영등포구,1949.0,,,xlsx_2022_2024,2024,11,4,가을,519622.81645,475194.20866,36421.412216666664,8007.195586666667,589581.0244,459551.2831766667,573080.50228,481438.75516999996,348345.82187333336,103188.00600666666,86397.99636,158759.81950666665,91641.74710999998,0,56,0,80,0,36,350,12,185,135,201,37,0,10,903918.0,684001.0,219917.0,0.2433,105486.0,1433175.0,1083094.0,350081.0,0.2443,171296.0,375.07975752784137,,1.1903497508787813,
2024-12-01,영등포구,2441.0,,,xlsx_2022_2024,2024,12,4,겨울,525998.5104516129,481082.44545483874,37222.95582580645,7693.109174193549,615781.3741193549,458291.6811032258,584964.6621193548,483879.83068709675,356052.97181290324,111425.06501612904,83561.5345451613,161066.37225161292,101084.83143225808,0,56,0,80,0,36,350,12,185,135,201,37,0,10,903918.0,684001.0,219917.0,0.2433,105486.0,1433175.0,1083094.0,350081.0,0.2443,171296.0,464.06975523641717,,1.208904825168514,
2018-04-01,용산구,1340.0,770.0,777.0,API_2017_2025,2018,4,2,봄,334492.4490653846,304204.3333,19387.862346153845,10900.25343076923,369577.2145653846,294760.10866153846,362309.95515000005,314622.80186153844,220393.5557423077,58197.5701423077,54167.15427307692,108028.83132692309,47687.153288461544,0,25,1,120,0,103,193,0,0,92,0,0,0,24,,,,,,,,,,,400.6069505437669,230.1995163572392,1.1515692855263813,0.5746268656716418
2018-05-01,용산구,1490.0,845.0,857.0,API_2017_2025,2018,5,2,봄,333971.2145709677,304750.11877096776,19542.480306451613,9678.615487096775,370362.67883548385,293226.0199709678,361144.74822258065,313769.08071290323,214901.15735806452,58018.82825483871,51465.453641935484,105416.87546129031,47375.66750967742,0,25,1,120,0,103,193,0,0,92,0,0,0,24,,,,,,,,,,,446.1462350622378,253.01581787086636,1.1509889610602704,0.5671140939597316
2018-06-01,용산구,1485.0,838.0,846.0,API_2017_2025,2018,6,2,여름,329871.79269,301951.4057666667,19257.984056666668,8662.40286,363921.1244333333,290363.79414333333,357080.75969,310436.81625333335,202453.36029333333,55157.67125,47806.988789999996,99488.70025333334,46643.94343666667,0,25,1,120,0,103,193,0,0,92,0,0,0,24,,,,,,,,,,,450.1748960983585,254.03808951543735,1.1502526150075016,0.5643097643097643
2018-07-01,용산구,1546.0,905.0,916.0,API_2017_2025,2018,7,3,여름,325882.9477516129,297704.43243870966,18860.477506451614,9318.037816129032,361004.55199999997,284652.0422967742,353888.48543548386,305878.99227096775,202542.85622258062,55639.64304516129,47686.238441935486,99216.97473548388,48009.49316451613,0,25,1,120,0,103,193,0,0,92,0,0,0,24,,,,,,,,,,,474.40346623424955,277.70707434799215,1.1569558367120099,0.5853816300129366
2018-08-01,용산구,1539.0,894.0,902.0,API_2017_2025,2018,8,3,여름,322797.09337741934,294550.7016612903,18993.062816129033,9253.328887096775,358068.9006516129,283709.0155612903,350141.8285548387,302529.198016129,204526.6838451613,56076.265290322575,47817.407948387096,100633.01060645161,47612.63053870968,0,25,1,120,0,103,193,0,0,92,0,0,0,24,,,,,,,,,,,476.77009228846356,276.9541666704915,1.1573819348708658,0.580896686159844
2018-09-01,용산구,1420.0,805.0,815.0,API_2017_2025,2018,9,3,가을,321616.42662,292967.87542000005,19133.683743333335,9514.867456666667,355645.24382000003,282283.2778133333,347679.92079666664,302999.64507666667,197369.43351666667,55200.00174666666,45688.813616666666,96480.61815333334,44680.27572,0,25,1,120,0,103,193,0,0,92,0,0,0,24,,,,,,,,,,,441.51973670106565,250.29816059461822,1.147459828570739,0.5669014084507042
2018-10-01,용산구,1380.0,818.0,826.0,API_2017_2025,2018,10,4,가을,331537.6452838709,303207.88157096773,18866.96376129032,9462.799958064516,370319.95759999997,289504.67117096775,360221.1732483871,310317.98685806454,208343.60349354838,59103.858893548386,46808.76661290322,102430.97798709678,49903.186390322575,0,25,1,120,0,103,193,0,0,92,0,0,0,24,,,,,,,,,,,416.242324101207,246.72914573535311,1.1608130643524304,0.5927536231884057
2018-11-01,용산구,1260.0,752.0,754.0,API_2017_2025,2018,11,4,가을,324938.0865066667,296081.4670566667,18188.14835,10668.471106666666,367660.18073333334,277759.5126533333,352492.2418466667,305256.54698333336,212620.39964,59909.85841,48810.023446666666,103900.51778333333,47235.69486333333,0,25,1,120,0,103,193,0,0,92,0,0,0,24,,,,,,,,,,,387.7661783344529,231.4287032599275,1.154740972241661,0.5968253968253968
2018-12-01,용산구,1398.0,834.0,839.0,API_2017_2025,2018,12,4,겨울,331884.5511354839,300217.2880774194,21270.262680645163,10397.000396774194,366316.22671290324,293610.4421935484,358892.6622419355,312593.04320967745,198529.345883871,56633.38774516129,44441.71987419355,97454.23826451613,46299.619032258066,0,25,1,120,0,103,193,0,0,92,0,0,0,24,,,,,,,,,,,421.2308151183874,251.2922030105401,1.1481146814940528,0.5965665236051502
2019-01-01,용산구,1312.0,758.0,764.0,API_2017_2025,2019,1,1,겨울,330151.2624580645,297911.54779032257,23150.045332258065,9089.66933548387,363926.43333870964,293058.1143870968,357385.9934451613,310697.88319032255,208624.6873645161,57920.125596774196,49954.83450645161,100749.72726129033,46688.11025483872,0,32,2,123,0,205,177,0,0,85,0,0,0,15,575383.0,364083.0,211300.0,0.3672,,303681.0,182032.0,121649.0,0.4006,,397.39360383837663,229.59173148589144,1.1502685173630207,0.5777439024390244
2019-02-01,용산구,1119.0,663.0,671.0,API_2017_2025,2019,2,1,겨울,322413.2287071428,290040.48129285715,23512.885217857143,8859.862207142858,356031.833575,287025.66429642856,348123.24525000004,304048.9311857143,200309.52198214288,56831.14063214285,48317.56502857142,95160.81632142856,44074.31406428572,0,32,2,123,0,205,177,0,0,85,0,0,0,15,575383.0,364083.0,211300.0,0.3672,,303681.0,182032.0,121649.0,0.4006,,347.07012627463246,205.63672361043902,1.144957964142176,0.5924932975871313
2019-03-01,용산구,1277.0,753.0,764.0,API_2017_2025,2019,3,1,봄,329699.51512903225,299602.6434258065,21235.644277419353,8861.227448387095,362788.1699419355,294517.82608064514,355941.65395483875,310955.13025483873,193131.69066129034,54272.047538709674,45403.250712903224,93456.39240967743,44986.523700000005,0,32,2,123,0,205,177,0,0,85,0,0,0,15,575383.0,364083.0,211300.0,0.3672,,303681.0,182032.0,121649.0,0.4006,,387.3223773168818,228.38978082976664,1.1446720742736483,0.5896632732967894
2019-04-01,용산구,1315.0,709.0,713.0,API_2017_2025,2019,4,2,봄,327405.74462333333,296307.37866,20964.91174,10133.454216666667,360220.65096,291541.16776333336,354300.69604333333,308195.06505000003,211586.85027666666,56867.799653333335,51356.27941333333,103362.77120999999,46105.63099333333,0,32,2,123,0,205,177,0,0,85,0,0,0,15,575383.0,364083.0,211300.0,0.3672,,303681.0,182032.0,121649.0,0.4006,,401.64231128957516,216.5508735393983,1.1495988619605357,0.5391634980988593
2019-05-01,용산구,1367.0,766.0,775.0,API_2017_2025,2019,5,2,봄,323025.56780645164,290668.42837741936,22556.773916129034,9800.365512903225,355998.6779580645,286802.04517096776,349504.2231935484,304112.24253870966,197267.06046451614,54700.305896774196,46827.021467741935,95739.7331,45391.98065483871,0,32,2,123,0,205,177,0,0,85,0,0,0,15,575383.0,364083.0,211300.0,0.3672,,303681.0,182032.0,121649.0,0.4006,,423.1863159572156,237.132931984804,1.149260616001215,0.5603511338697879
2019-06-01,용산구,1361.0,777.0,781.0,API_2017_2025,2019,6,2,여름,321629.12108666665,290558.84909,22263.83053666667,8806.441466666667,353132.7874833334,286657.93984999997,346387.5187,303944.55138666666,191151.47053333334,52571.92771333333,46567.868493333335,92011.67432666666,42442.967313333334,0,32,2,123,0,205,177,0,0,85,0,0,0,15,575383.0,364083.0,211300.0,0.3672,,303681.0,182032.0,121649.0,0.4006,,423.15820016598025,241.58260215206957,1.1396404940299096,0.5709037472446731
2019-07-01,용산구,1488.0,812.0,816.0,API_2017_2025,2019,7,3,여름,316860.75565161294,286337.78037096775,21441.23400967742,9081.74125483871,349147.37786129036,280883.73420322576,343126.8493548387,298099.2601612903,181649.2127451613,51089.445616129036,42320.59172903226,88239.17540000001,45027.58919354838,0,32,2,123,0,205,177,0,0,85,0,0,0,15,575383.0,364083.0,211300.0,0.3672,,303681.0,182032.0,121649.0,0.4006,,469.6069088581136,256.2639852102071,1.1510489800249275,0.5456989247311828
2019-08-01,용산구,1484.0,828.0,836.0,API_2017_2025,2019,8,3,여름,323084.0781032258,291363.30276129034,22342.82852580645,9377.946819354838,355006.2556580645,288319.50067741936,348272.36114516127,305092.44736774196,188375.44591290323,54441.49345806451,43324.32747419355,90609.62498064517,43179.91377741936,0,32,2,123,0,205,177,0,0,85,0,0,0,15,575383.0,364083.0,211300.0,0.3672,,303681.0,182032.0,121649.0,0.4006,,459.32316092836373,256.28003857728106,1.1415305890065923,0.5579514824797843
2019-09-01,용산구,1359.0,741.0,745.0,API_2017_2025,2019,9,3,가을,321494.61584,289989.23945,21919.19598,9586.18041,351504.09771,287623.10960666667,345607.9411933333,304270.8120166667,192963.10155666666,55614.86539666667,44491.301499999994,92856.93466,41337.12917666666,0,32,2,123,0,205,177,0,0,85,0,0,0,15,575383.0,364083.0,211300.0,0.3672,,303681.0,182032.0,121649.0,0.4006,,422.7131444951915,230.485975033802,1.1358563738095337,0.5452538631346578
2019-10-01,용산구,1368.0,766.0,773.0,API_2017_2025,2019,10,4,가을,330014.5844483871,297293.6156193548,22285.98257580645,10434.986308064517,367295.89412580646,291572.2074903226,358626.70042741933,309577.3587967742,207508.21198225804,59083.5019483871,46546.63273064516,101878.0773032258,49049.34163064516,0,32,2,123,0,205,177,0,0,85,0,0,0,15,575383.0,364083.0,211300.0,0.3672,,303681.0,182032.0,121649.0,0.4006,,414.5271343951617,232.11095390840197,1.158439692816309,0.5599415204678363
2019-11-01,용산구,1304.0,744.0,746.0,API_2017_2025,2019,11,4,가을,330273.22758,298001.25018000003,22325.259663333334,9946.71774,363277.72820333333,293074.37833,357027.68277666665,311162.90243333334,200531.15792,57999.236216666664,44964.14266333333,97567.77904,45864.78034333334,0,32,2,123,0,205,177,0,0,85,0,0,0,15,575383.0,364083.0,211300.0,0.3672,,303681.0,182032.0,121649.0,0.4006,,394.8246152298676,225.2680320023171,1.147397970595675,0.5705521472392638
2019-12-01,용산구,1362.0,861.0,868.0,API_2017_2025,2019,12,4,겨울,332825.9735354839,301313.21314193547,21539.14490967742,9973.615480645161,368107.04977096774,293663.7285967742,360350.3161064516,313165.7288580645,210948.41402903225,60460.94354193548,47961.964167741935,102525.50631935484,47184.5872483871,0,32,2,123,0,205,177,0,0,85,0,0,0,15,575383.0,364083.0,211300.0,0.3672,,303681.0,182032.0,121649.0,0.4006,,409.22286969733506,258.6937524298131,1.1506697026537425,0.6321585903083701
2020-01-01,용산구,1143.0,674.0,679.0,API_2017_2025,2020,1,1,겨울,326324.197783871,294583.05566129036,22004.717212903226,9736.424916129032,358740.66168064513,290594.7284870968,351496.81301290327,308343.7583419355,202794.0178612903,57595.12979032258,47656.802161290325,97542.08590967741,43153.05467096774,0,20,0,50,1,210,69,0,0,35,0,0,0,7,546054.0,346308.0,199746.0,0.3658,,254691.0,161002.0,93689.0,0.3679,,350.26516812492855,206.54306501854927,1.139951121122139,0.5896762904636921
2020-02-01,용산구,1016.0,563.0,566.0,API_2017_2025,2020,2,1,겨울,324875.51788275864,293627.68923448276,23363.6832862069,7884.145375862069,351360.67368275864,294568.1725931035,346733.37897931034,309262.7599724138,187275.62091034485,48129.96127586207,48608.36152413793,90537.29811034483,37470.61900689655,0,20,0,50,1,210,69,0,0,35,0,0,0,7,546054.0,346308.0,199746.0,0.3658,,254691.0,161002.0,93689.0,0.3679,,312.7351690337759,173.29714583269273,1.1211611091171756,0.5541338582677166
2020-03-01,용산구,894.0,483.0,486.0,API_2017_2025,2020,3,1,봄,311711.6924645161,284646.8225612903,23569.90008387097,3494.969816129032,333776.9993935484,286786.1806387097,329947.3931387097,298686.1919870968,168485.27579032257,39107.06573548387,47511.763683870966,81866.44637096774,31261.201151612902,0,20,0,50,1,210,69,0,0,35,0,0,0,7,546054.0,346308.0,199746.0,0.3658,,254691.0,161002.0,93689.0,0.3679,,286.8034859172853,154.95087661974136,1.1046623579872865,0.540268456375839
2020-04-01,용산구,993.0,487.0,490.0,API_2017_2025,2020,4,2,봄,312447.08665,286387.35929999995,23660.76096666667,2398.9663666666665,334516.2959233333,287559.0374766666,330304.6891666667,299691.65628,178570.16331333332,42578.67032666667,50332.87802,85658.61496666666,30613.032886666668,0,20,0,50,1,210,69,0,0,35,0,0,0,7,546054.0,346308.0,199746.0,0.3658,,254691.0,161002.0,93689.0,0.3679,,317.81381309928753,155.86639172140286,1.1021484323809974,0.4904330312185297
2020-05-01,용산구,1196.0,605.0,607.0,API_2017_2025,2020,5,2,봄,308539.73676129035,282661.4711354839,23075.98185483871,2802.2837741935487,330992.8757806452,283950.6294129032,326948.88328387093,295390.34639032255,178852.00195161288,43993.44402258065,51083.35935806452,83775.19857096774,31558.536893548393,0,20,0,50,1,210,69,0,0,35,0,0,0,7,546054.0,346308.0,199746.0,0.3658,,254691.0,161002.0,93689.0,0.3679,,387.63240435552586,196.08495370827183,1.1068367239457704,0.5058528428093646
2020-06-01,용산구,1240.0,582.0,584.0,API_2017_2025,2020,6,2,여름,311538.05449666665,284971.1741933333,22440.50126,4126.37904,335599.3436233334,284195.1926633333,332032.43739,296899.20957999997,185353.27640333335,46248.4054,49818.35280666666,89286.51819666667,35133.22780999999,0,20,0,50,1,210,69,0,0,35,0,0,0,7,546054.0,346308.0,199746.0,0.3658,,254691.0,161002.0,93689.0,0.3679,,398.02521139942075,186.81505889876038,1.1183338543059789,0.4693548387096774
2020-07-01,용산구,1229.0,680.0,687.0,API_2017_2025,2020,7,3,여름,309983.529983871,284576.1046387096,21434.75808387097,3972.667264516129,334733.9386064516,282686.3138451613,330403.37699677417,295397.92497096775,185014.64367419356,46876.609919354836,49175.37296774193,88962.66078709677,35005.45202580645,0,20,0,50,1,210,69,0,0,35,0,0,0,7,546054.0,346308.0,199746.0,0.3658,,254691.0,161002.0,93689.0,0.3679,,396.4726771335068,219.36649345059774,1.1185027011589428,0.5532953620829943
2020-08-01,용산구,1139.0,592.0,602.0,API_2017_2025,2020,8,3,여름,302716.2441387097,278746.16563225805,19617.59359032258,4352.484903225807,324316.54896129033,280017.78242903226,320188.75684516126,290235.87791290326,170412.81053225807,42250.621645161285,48049.18742258064,80113.00146451613,29952.87893225805,0,20,0,50,1,210,69,0,0,35,0,0,0,7,546054.0,346308.0,199746.0,0.3658,,254691.0,161002.0,93689.0,0.3679,,376.2599536872197,195.562680055166,1.1032018479164265,0.5197541703248464
2020-09-01,용산구,980.0,493.0,495.0,API_2017_2025,2020,9,3,가을,300401.41082666663,278177.6816533333,18315.002653333337,3908.7265266666664,321504.56348666665,277563.77188333333,317680.88669666665,288058.9280633333,169096.47373333335,39573.592090000006,48529.79603666666,80993.08560666667,29621.95863333333,0,20,0,50,1,210,69,0,0,35,0,0,0,7,546054.0,346308.0,199746.0,0.3658,,254691.0,161002.0,93689.0,0.3679,,326.23015894072006,164.11374322221937,1.1028329822390388,0.503061224489796
2020-10-01,용산구,989.0,538.0,545.0,API_2017_2025,2020,10,4,가을,301192.41071290325,279415.5184870968,18429.04326451613,3347.8489612903227,324765.4912451613,275850.0709516129,319472.5396451613,288135.1757677419,179783.78251612905,46154.46022903226,48334.414370967745,85294.90791612903,31337.36387741936,0,20,0,50,1,210,69,0,0,35,0,0,0,7,546054.0,346308.0,199746.0,0.3658,,254691.0,161002.0,93689.0,0.3679,,328.3615273237131,178.62335864525545,1.1087592439691556,0.5439838220424671
2020-11-01,용산구,967.0,508.0,514.0,API_2017_2025,2020,11,4,가을,303631.74518333335,281564.75914,18564.246206666667,3502.739833333333,327370.1356366667,277717.03211,323073.6388933333,289744.6782466667,180625.00935666668,46025.7151,48326.188976666665,86273.10528,33328.960646666674,0,20,0,50,1,210,69,0,0,35,0,0,0,7,546054.0,346308.0,199746.0,0.3658,,254691.0,161002.0,93689.0,0.3679,,318.4778980920206,167.3079340545465,1.115028724076488,0.5253360910031024
2020-12-01,용산구,954.0,486.0,507.0,API_2017_2025,2020,12,4,겨울,296956.70001612906,274556.24111935485,18479.81711935484,3920.641777419355,316761.0177870968,276290.1606774194,313492.80388064514,285145.1972580645,157361.77446774195,36588.66902580645,46740.13760645161,74032.96783548388,28347.60662258065,0,20,0,50,1,210,69,0,0,35,0,0,0,7,546054.0,346308.0,199746.0,0.3658,,254691.0,161002.0,93689.0,0.3679,,321.2589579383742,163.66022385539816,1.0994146382094776,0.5094339622641509
2021-01-01,용산구,1110.0,603.0,490.0,건별집계|API_2017_2025,2021,1,1,겨울,295258.1002096774,273786.76915161294,18808.00950967742,2663.321570967742,315219.0606935484,274878.9111483871,311446.9740290323,283694.6189193548,160145.85720645162,38179.26982903226,47498.23864193548,74468.34873548387,27752.355109677417,0,20,2,72,0,340,143,0,0,60,0,0,0,6,578909.0,374856.0,204053.0,0.3525,54812.0,233491.0,149906.0,83585.0,0.358,61788.0,375.94226854800394,204.22809723823994,1.097824749779856,0.5432432432432432
2021-02-01,용산구,1166.0,617.0,491.0,건별집계|API_2017_2025,2021,2,1,겨울,298110.89596071426,275790.1162464286,18796.21392857143,3524.565814285714,321260.1538607143,274851.9940928571,316069.6047357143,285283.24685357144,172628.27555714286,43837.82666785714,47984.100085714286,80806.34880357143,30786.357882142856,0,20,2,72,0,340,143,0,0,60,0,0,0,6,578909.0,374856.0,204053.0,0.3525,54812.0,233491.0,149906.0,83585.0,0.358,61788.0,391.1296151193542,206.96995928699957,1.1079150571289758,0.5291595197255574
2021-03-01,용산구,1205.0,638.0,547.0,건별집계|API_2017_2025,2021,3,1,봄,306624.3923258065,283524.5277612903,18698.87778064516,4400.986777419354,330654.6940870968,281615.7795935484,325712.70177741937,292989.88557741937,177674.26291612902,45675.97586774194,47358.19262903226,84640.09441935485,32722.81620000001,0,20,2,72,0,340,143,0,0,60,0,0,0,6,578909.0,374856.0,204053.0,0.3525,54812.0,233491.0,149906.0,83585.0,0.358,61788.0,392.9889565731667,208.07216123956877,1.11168582197133,0.5294605809128631
2021-04-01,용산구,1317.0,683.0,575.0,건별집계|API_2017_2025,2021,4,2,봄,304592.25860999996,283385.82490666665,18475.293663333334,2731.140046666667,328964.47749666666,279011.90191333333,323952.5889733333,290763.45122,189385.08808000002,46812.48081,51782.626150000004,90789.98112,33189.137753333336,0,20,2,72,0,340,143,0,0,60,0,0,0,6,578909.0,374856.0,204053.0,0.3525,54812.0,233491.0,149906.0,83585.0,0.358,61788.0,432.38131067746116,224.2341952867927,1.1141448060754426,0.5186028853454822
2021-05-01,용산구,1392.0,766.0,601.0,건별집계|API_2017_2025,2021,5,2,봄,301528.512916129,280406.83446774195,18264.04416129032,2857.6343096774194,325827.4047419355,277020.49621612905,320117.0648096774,288250.975867742,181281.88346774195,45559.35732903225,50632.68522258064,85089.84091612902,31866.088941935486,0,20,2,72,0,340,143,0,0,60,0,0,0,6,578909.0,374856.0,204053.0,0.3525,54812.0,233491.0,149906.0,83585.0,0.358,61788.0,461.64788415455376,254.03899372298002,1.1105498041975634,0.5502873563218391
2021-06-01,용산구,1398.0,792.0,669.0,건별집계|API_2017_2025,2021,6,2,여름,304334.95782999997,282843.5064633333,17944.97669,3546.4746633333334,329287.07623,278674.19808,323646.7426266667,290540.82581,187616.14119333334,48253.95467333333,50978.14473000001,88384.04179,33105.91681666668,0,20,2,72,0,340,143,0,0,60,0,0,0,6,578909.0,374856.0,204053.0,0.3525,54812.0,233491.0,149906.0,83585.0,0.358,61788.0,459.3622796303657,260.2395747262158,1.1139458343741213,0.5665236051502146
2021-07-01,용산구,1446.0,802.0,615.0,건별집계|API_2017_2025,2021,7,3,여름,296178.674367742,274765.7212064516,17423.015922580646,3989.9372548387096,316798.50824193546,274529.58803870965,312784.00403225806,284317.7246096774,169300.30486129032,41817.98968064516,48341.230638709676,79141.08454193549,28466.279422580643,0,20,2,72,0,340,143,0,0,60,0,0,0,6,578909.0,374856.0,204053.0,0.3525,54812.0,233491.0,149906.0,83585.0,0.358,61788.0,488.2188101782826,270.7824936120212,1.1001213676061186,0.5546334716459198
2021-08-01,용산구,1324.0,755.0,582.0,건별집계|API_2017_2025,2021,8,3,여름,296069.2387612903,273978.66881935485,17788.929370967744,4301.640583870968,317265.5356806452,274853.869816129,312685.5845967742,284200.4203032258,169149.18343548386,42734.603325806456,47072.33690645161,79342.24320322581,28485.164293548387,0,20,2,72,0,340,143,0,0,60,0,0,0,6,578909.0,374856.0,204053.0,0.3525,54812.0,233491.0,149906.0,83585.0,0.358,61788.0,447.1926923375826,255.00791745836472,1.1002291420370045,0.5702416918429003
2021-09-01,용산구,1415.0,756.0,601.0,건별집계|API_2017_2025,2021,9,3,가을,293557.31424000004,272227.38943333336,17829.12717666667,3500.79764,315177.77625,271634.81370666664,309922.2738566667,281868.0573666667,170437.13057333333,43647.00793,46238.90820333334,80551.21444,28054.216490000006,0,20,2,72,0,340,143,0,0,60,0,0,0,6,578909.0,374856.0,204053.0,0.3525,54812.0,233491.0,149906.0,83585.0,0.358,61788.0,482.01830830321467,257.5306297365585,1.099529605277358,0.5342756183745583
2021-10-01,용산구,1455.0,724.0,570.0,건별집계|API_2017_2025,2021,10,4,가을,297852.2314580645,276897.1881064516,17919.241758064516,3035.801583870968,321046.58213870967,274607.9203419355,314960.37526774197,285632.1287354839,174170.43818064514,45627.224799999996,46235.96097096774,82307.25240967743,29328.24653225807,0,20,2,72,0,340,143,0,0,60,0,0,0,6,578909.0,374856.0,204053.0,0.3525,54812.0,233491.0,149906.0,83585.0,0.358,61788.0,488.4972635180186,243.07355243095907,1.102678387974408,0.49759450171821307
2021-11-01,용산구,1438.0,691.0,529.0,건별집계|API_2017_2025,2021,11,4,가을,304492.84009666665,283355.1413533333,17890.444323333333,3247.254436666667,329219.73283,279253.74744,323722.2841366667,290757.5229433334,186907.3131166667,50543.17876,47123.03137333333,89241.10298333333,32964.76119333333,0,20,2,72,0,340,143,0,0,60,0,0,0,6,578909.0,374856.0,204053.0,0.3525,54812.0,233491.0,149906.0,83585.0,0.358,61788.0,472.2606940588427,226.9347285081087,1.1133754368919904,0.480528511821975
2021-12-01,용산구,1397.0,655.0,473.0,건별집계|API_2017_2025,2021,12,4,겨울,302673.8463290322,281566.7402935484,17679.124541935485,3427.9815129032254,326941.9743935484,278189.3931225806,321715.5778548387,289072.6095387097,176340.32688064515,46875.81581935484,45708.31209677419,83756.19896451612,32642.968316129038,0,20,2,72,0,340,143,0,0,60,0,0,0,6,578909.0,374856.0,204053.0,0.3525,54812.0,233491.0,149906.0,83585.0,0.358,61788.0,461.55292799277487,216.40455822137974,1.112923076206422,0.46886184681460275
2022-01-01,용산구,1261.0,625.0,,건별집계|xlsx_2022_2024,2022,1,1,겨울,297461.60584516125,276390.244532258,17969.500445161288,3101.860874193548,322326.4752580645,273802.02336129034,316198.5644451613,284078.06397741934,173177.0411064516,47177.89086774194,45203.89751935484,80795.25271935483,32120.500467741942,1,24,13,544,0,59,352,0,0,85,0,0,0,18,532367.0,338263.0,194104.0,0.3646,58444.0,253437.0,163137.0,90300.0,0.3563,75623.0,423.9202556636478,210.11114971433773,1.1130692740510058,0.4956383822363204
2022-02-01,용산구,1161.0,526.0,,건별집계|xlsx_2022_2024,2022,2,1,겨울,296288.76175,274832.33069642854,18065.729889285714,3390.701157142857,319133.8336464286,274754.5877428571,313422.8054464286,284050.15910357144,168038.676025,43875.506982142855,46288.900792857145,77874.26825,29372.64634285715,1,24,13,544,0,59,352,0,0,85,0,0,0,18,532367.0,338263.0,194104.0,0.3646,58444.0,253437.0,163137.0,90300.0,0.3563,75623.0,391.84746432590606,177.52951441466544,1.1034065477574586,0.45305770887166236
2022-03-01,용산구,1474.0,618.0,,건별집계|xlsx_2022_2024,2022,3,1,봄,298552.5688870968,277435.11161612906,17888.98517419355,3228.4720838709677,319296.8168290322,277981.2206225806,314394.038083871,287237.23375161295,163041.6670064516,42131.93070322581,44925.88599032258,75983.85031290322,27156.80433225807,1,24,13,544,0,59,352,0,0,85,0,0,0,18,532367.0,338263.0,194104.0,0.3646,58444.0,253437.0,163137.0,90300.0,0.3563,75623.0,493.7153967539367,206.99872129846193,1.094544860976282,0.41926729986431477
2022-04-01,용산구,1497.0,720.0,,건별집계|xlsx_2022_2024,2022,4,2,봄,304352.5100533333,282116.47146666667,17655.339969999997,4580.698616666667,328751.96583,279492.03948,322186.0075033333,291614.29758,185455.12628,49395.864010000005,47703.725326666674,88355.53694333333,30571.709923333332,1,24,13,544,0,59,352,0,0,85,0,0,0,18,532367.0,338263.0,194104.0,0.3646,58444.0,253437.0,163137.0,90300.0,0.3563,75623.0,491.8638587004499,236.5677877517194,1.1048361146111034,0.48096192384769537
2022-05-01,용산구,1619.0,875.0,,건별집계|xlsx_2022_2024,2022,5,2,봄,316308.8966322581,292687.98192903225,17769.50296129032,5851.411751612904,345111.44199354836,286850.2683064516,337441.28899032256,301214.3306483871,195814.33472258065,54914.63106451613,47189.818506451615,93709.8851516129,36226.95834193548,1,24,13,544,0,59,352,0,0,85,0,0,0,18,532367.0,338263.0,194104.0,0.3646,58444.0,253437.0,163137.0,90300.0,0.3563,75623.0,511.8414364052035,276.6283241844058,1.120269703848267,0.5404570722668314
2022-06-01,용산구,1486.0,789.0,,건별집계|xlsx_2022_2024,2022,6,2,여름,317045.44811,293619.28406333335,17312.624786666667,6113.53925,346577.7480433333,287744.4768566667,338209.7096766667,301928.1184366666,193907.06631000002,54603.21305666667,47296.47911,92007.37414333333,36281.591239999994,1,24,13,544,0,59,352,0,0,85,0,0,0,18,532367.0,338263.0,194104.0,0.3646,58444.0,253437.0,163137.0,90300.0,0.3563,75623.0,468.70251847439465,248.86022010517993,1.120166321135839,0.5309555854643337
2022-07-01,용산구,1740.0,867.0,,건별집계|xlsx_2022_2024,2022,7,3,여름,308055.67040967743,284757.5012064516,16676.08323548387,6622.085958064516,336210.2771709677,279581.3897967742,329022.7723516129,293079.1690290323,183934.4526516129,53192.50840322581,44173.52956774194,86568.41468064516,35943.60332258064,1,24,13,544,0,59,352,0,0,85,0,0,0,18,532367.0,338263.0,194104.0,0.3646,58444.0,253437.0,163137.0,90300.0,0.3563,75623.0,564.8329724578699,281.4426362764214,1.1226412762178266,0.4982758620689655
2022-08-01,용산구,1899.0,896.0,,건별집계|xlsx_2022_2024,2022,8,3,여름,305549.9128387097,282056.7081064516,16924.00353548387,6569.2012,334084.23507096776,278178.64907096775,326316.1673225806,290716.873916129,183797.47972258064,53625.28623548387,44172.40476774194,85999.78871935484,35599.29340645161,1,24,13,544,0,59,352,0,0,85,0,0,0,18,532367.0,338263.0,194104.0,0.3646,58444.0,253437.0,163137.0,90300.0,0.3563,75623.0,621.5023864210438,293.2417789537942,1.1224534817222955,0.4718272775144813
2022-09-01,용산구,1620.0,819.0,,건별집계|xlsx_2022_2024,2022,9,3,가을,306276.09685000003,281921.64810666663,17090.72959,7263.719146666666,331950.36173999996,278831.09294,325129.93599,292809.06891,183627.66048,52762.493383333334,44635.892680000004,86229.27441666667,32320.867079999996,1,24,13,544,0,59,352,0,0,85,0,0,0,18,532367.0,338263.0,194104.0,0.3646,58444.0,253437.0,163137.0,90300.0,0.3563,75623.0,528.934519102678,267.405784657465,1.1103820561306947,0.5055555555555555
2022-10-01,용산구,1515.0,783.0,,건별집계|xlsx_2022_2024,2022,10,4,가을,311346.8049096774,286209.3066,17132.942138709677,8004.556187096774,346972.69125806453,279585.60706129036,332011.0203806452,296586.6509903226,188458.29513225806,56125.62609354839,44436.12029354839,87896.54874516129,35424.36939032257,1,24,13,544,0,59,352,0,0,85,0,0,0,18,532367.0,338263.0,194104.0,0.3646,58444.0,253437.0,163137.0,90300.0,0.3563,75623.0,486.59564707577636,251.48804730054977,1.1194402016140588,0.5168316831683168
2022-11-01,용산구,1473.0,742.0,,건별집계|xlsx_2022_2024,2022,11,4,가을,305309.0903766667,281901.66241000005,16322.566946666666,7084.861006666667,335040.61962666665,275618.5802,328691.47766333335,288607.38517666666,186677.85058666667,53700.463696666666,43880.35339333334,89097.03349666667,40084.09248666667,1,24,13,544,0,59,352,0,0,85,0,0,0,18,532367.0,338263.0,194104.0,0.3646,58444.0,253437.0,163137.0,90300.0,0.3563,75623.0,482.46188745403117,243.03239680304898,1.1388879652616297,0.5037338764426341
2022-12-01,용산구,1671.0,900.0,,건별집계|xlsx_2022_2024,2022,12,4,겨울,305131.1668935484,281796.1521483871,15951.787612903227,7383.227129032258,336036.2019548387,274606.9743548387,328528.28620322584,288418.93880967743,180049.85146451613,52713.67329032258,42113.854770967744,85222.3234032258,40109.34739354839,1,24,13,544,0,59,352,0,0,85,0,0,0,18,532367.0,338263.0,194104.0,0.3646,58444.0,253437.0,163137.0,90300.0,0.3563,75623.0,547.6333397902171,294.9551201742641,1.1390662747705893,0.5385996409335727
2023-01-01,용산구,1303.0,,,xlsx_2022_2024,2023,1,1,겨울,299084.42050322576,275830.30839677417,16566.04000967742,6688.072093548388,328911.01461290324,269873.3644129032,321492.8222548387,283078.41926774196,172528.89170645163,51690.46141935484,40233.45260645162,80604.97768064516,38414.402987096764,0,37,11,362,3,95,171,0,0,58,0,0,0,17,509004.0,322354.0,186650.0,0.3667,62475.0,245491.0,157765.0,87726.0,0.3573,77383.0,435.6629468722014,,1.13570233678168,
2023-02-01,용산구,1111.0,,,xlsx_2022_2024,2023,2,1,겨울,307581.03836071433,284898.7358214286,16833.887185714288,5848.415360714286,342317.80765,274074.9446357143,333605.75424642855,288991.95559642854,184123.50015714284,57883.86954642857,40124.278778571424,86115.35183214287,44613.798650000004,0,37,11,362,3,95,171,0,0,58,0,0,0,17,509004.0,322354.0,186650.0,0.3667,62475.0,245491.0,157765.0,87726.0,0.3573,77383.0,361.20562110108995,,1.1543773028488802,
2023-03-01,용산구,1379.0,,,xlsx_2022_2024,2023,3,1,봄,306824.01789677417,283822.21987741935,16230.804851612904,6770.99316451613,339191.3030967742,275079.5970451613,331063.83632580645,289509.86186451616,177801.83232903224,54097.4073032258,38661.08572903226,85043.33929677418,41553.974461290316,0,37,11,362,3,95,171,0,0,58,0,0,0,17,509004.0,322354.0,186650.0,0.3667,62475.0,245491.0,157765.0,87726.0,0.3573,77383.0,449.44330285901594,,1.143532155325115,
2023-04-01,용산구,1411.0,,,xlsx_2022_2024,2023,4,2,봄,307349.1103266666,283224.95876666665,16379.932433333333,7744.219123333333,337870.36268333334,276713.71357333334,330463.16633333336,290839.07032666664,185415.20341000002,55191.553686666666,41674.37632333334,88549.2734,39624.09600666667,0,37,11,362,3,95,171,0,0,58,0,0,0,17,509004.0,322354.0,186650.0,0.3667,62475.0,245491.0,157765.0,87726.0,0.3573,77383.0,459.087061778157,,1.1362406225620287,
2023-05-01,용산구,1615.0,,,xlsx_2022_2024,2023,5,2,봄,306120.8158064516,282159.6249483871,16210.664351612904,7750.526525806452,338807.35060645157,274439.42,330158.3399548387,288951.1557064516,183716.97957096776,54415.700461290326,41711.72346451613,87589.5556451613,41207.18424838709,0,37,11,362,3,95,171,0,0,58,0,0,0,17,509004.0,322354.0,186650.0,0.3667,62475.0,245491.0,157765.0,87726.0,0.3573,77383.0,527.5694812668677,,1.1426095152574847,
2023-06-01,용산구,1648.0,,,xlsx_2022_2024,2023,6,2,여름,307475.88851666666,283400.08602,15906.455450000001,8169.34704,340065.7420433333,274686.6948733333,331638.9002333333,290216.5944333334,185806.8484066667,55343.65088333333,42043.799946666666,88419.39757666667,41422.3058,0,37,11,362,3,95,171,0,0,58,0,0,0,17,509004.0,322354.0,186650.0,0.3667,62475.0,245491.0,157765.0,87726.0,0.3573,77383.0,535.976986016798,,1.1427289362308164,
2023-07-01,용산구,1636.0,,,xlsx_2022_2024,2023,7,3,여름,304896.98506774195,281468.4724096774,15562.906580645162,7865.6060806451615,337173.6854354839,272686.2033290322,329091.6049483871,287615.1137354839,178179.61750967742,54638.15235483871,39698.92311290323,83842.54204193548,41476.491212903224,0,37,11,362,3,95,171,0,0,58,0,0,0,17,509004.0,322354.0,186650.0,0.3667,62475.0,245491.0,157765.0,87726.0,0.3573,77383.0,536.5746727985893,,1.1442083160172472,
2023-08-01,용산구,1703.0,,,xlsx_2022_2024,2023,8,3,여름,302598.1879451613,279653.82343225804,16151.287209677419,6793.077287096774,334605.45872580644,270990.0334903226,326052.7177935484,285844.9523419355,175967.7308,54572.2806,38456.31784516129,82939.13235483872,40207.765451612904,0,37,11,362,3,95,171,0,0,58,0,0,0,17,509004.0,322354.0,186650.0,0.3667,62475.0,245491.0,157765.0,87726.0,0.3573,77383.0,562.7925307697573,,1.140662849290112,
2023-09-01,용산구,1516.0,,,xlsx_2022_2024,2023,9,3,가을,305414.9229033334,280771.87647666666,16320.265813333333,8322.78061,335760.74711,274314.0282,327176.8752233333,289870.67124999996,177300.7396633333,55598.124926666664,38635.310293333336,83067.30444333333,37306.20397333334,0,37,11,362,3,95,171,0,0,58,0,0,0,17,509004.0,322354.0,186650.0,0.3667,62475.0,245491.0,157765.0,87726.0,0.3573,77383.0,496.3739117881374,,1.1286994776410424,
2023-10-01,용산구,1537.0,,,xlsx_2022_2024,2023,10,4,가을,305321.9213483871,280323.53695806453,15853.322903225806,9145.061477419355,340458.47586451616,274198.13125806453,327995.72845161293,289126.34485806455,179336.01408064517,55002.71854193549,39610.124706451614,84723.17083225807,38869.38359354839,0,37,11,362,3,95,171,0,0,58,0,0,0,17,509004.0,322354.0,186650.0,0.3667,62475.0,245491.0,157765.0,87726.0,0.3573,77383.0,503.4030944166006,,1.1344373637505423,
2023-11-01,용산구,1318.0,,,xlsx_2022_2024,2023,11,4,가을,308046.02770333336,282937.9480566667,15411.823206666666,9696.256453333333,338951.6432666667,277452.26259,331099.85976333334,291579.0048,183294.05114,57220.226189999994,39818.43028666666,86255.39466333334,39520.854963333346,0,37,11,362,3,95,171,0,0,58,0,0,0,17,509004.0,322354.0,186650.0,0.3667,62475.0,245491.0,157765.0,87726.0,0.3573,77383.0,427.85813854717594,,1.1355408116247654,
2023-12-01,용산구,1555.0,,,xlsx_2022_2024,2023,12,4,겨울,310026.4678548387,284299.2204516129,16552.655725806453,9174.591680645162,342242.2158935484,277886.01457419357,332968.50417419354,293639.2990580645,177924.41877096775,57272.10548064516,38079.056300000004,82573.25699032257,39329.20511612903,0,37,11,362,3,95,171,0,0,58,0,0,0,17,509004.0,322354.0,186650.0,0.3667,62475.0,245491.0,157765.0,87726.0,0.3573,77383.0,501.570079083727,,1.133937130494076,
2024-01-01,용산구,1308.0,,,xlsx_2022_2024,2024,1,1,겨울,298307.95930645167,275210.1456612903,15612.615503225807,7485.198141935484,327647.7316967742,267967.5710064516,319864.9704774193,282910.094183871,165695.86468387098,52546.40599032258,35859.586141935484,77289.8725516129,36954.87629354839,0,18,0,54,0,51,125,6,68,48,127,13,0,11,505109.0,310847.0,194262.0,0.3846,54247.0,222004.0,142268.0,79736.0,0.3592,65462.0,438.47304746444667,,1.1306240995046657,
2024-02-01,용산구,1201.0,,,xlsx_2022_2024,2024,2,1,겨울,298713.8729724138,275557.35467586207,15899.376196551724,7257.142106896551,330016.5724724138,267382.44928620686,321672.08342758624,282315.15122068964,172187.20916551724,53930.58789310345,37734.990099999995,80521.63117241379,39356.932206896556,0,18,0,54,0,51,125,6,68,48,127,13,0,11,505109.0,310847.0,194262.0,0.3846,54247.0,222004.0,142268.0,79736.0,0.3592,65462.0,402.0569878623991,,1.1394077931585427,
2024-03-01,용산구,1236.0,,,xlsx_2022_2024,2024,3,1,봄,304312.63835161296,280204.2962064516,15386.1101,8722.232038709677,338053.89862258063,272486.59077741933,328358.6685387097,287136.9025129032,174470.09052903226,54843.13816451613,36555.58233225806,83071.37003225806,41221.766025806464,0,18,0,54,0,51,125,6,68,48,127,13,0,11,505109.0,310847.0,194262.0,0.3846,54247.0,222004.0,142268.0,79736.0,0.3592,65462.0,406.1612447958485,,1.1435613662509092,
2024-04-01,용산구,1288.0,,,xlsx_2022_2024,2024,4,2,봄,300233.5658066667,274927.9204633333,15051.477436666666,10254.167909999998,332788.71184999996,268182.93855333334,324163.9055366666,283140.4659966667,183112.30045,54516.98837333333,39765.314419999995,88829.99765666667,41023.43954000001,0,18,0,54,0,51,125,6,68,48,127,13,0,11,505109.0,310847.0,194262.0,0.3846,54247.0,222004.0,142268.0,79736.0,0.3592,65462.0,428.99933474773394,,1.1448872360776678,
2024-05-01,용산구,1447.0,,,xlsx_2022_2024,2024,5,2,봄,296746.157383871,272367.55315483874,14777.384096774194,9601.220138709677,330203.5592580645,263778.48366774194,321336.64939354843,279181.52025806456,174090.54675483872,52821.2622,37449.14357419355,83820.14098064516,42155.12913548388,0,18,0,54,0,51,125,6,68,48,127,13,0,11,505109.0,310847.0,194262.0,0.3846,54247.0,222004.0,142268.0,79736.0,0.3592,65462.0,487.62215246755835,,1.1509954136524414,
2024-06-01,용산구,1433.0,,,xlsx_2022_2024,2024,6,2,여름,295415.90379666665,271312.0533833333,14617.925113333333,9485.925309999999,328706.6171766667,262990.77360666665,319142.7907333333,278468.12744333333,176491.53038333336,54098.98933333333,38618.833743333336,83773.70730666668,40674.663290000004,0,18,0,54,0,51,125,6,68,48,127,13,0,11,505109.0,310847.0,194262.0,0.3846,54247.0,222004.0,142268.0,79736.0,0.3592,65462.0,485.07882669252876,,1.1460657765879403,
2024-07-01,용산구,1549.0,,,xlsx_2022_2024,2024,7,3,여름,292736.09916774195,269828.3693096774,14108.662896774193,8799.066958064515,327675.6518548387,258247.9741064516,318967.4374,273999.42901290325,174040.15517096774,54517.23993225807,36248.80092580645,83274.11431290321,44968.00838709678,0,18,0,54,0,51,125,6,68,48,127,13,0,11,505109.0,310847.0,194262.0,0.3846,54247.0,222004.0,142268.0,79736.0,0.3592,65462.0,529.1455356561272,,1.1641171609338614,
2024-08-01,용산구,1575.0,,,xlsx_2022_2024,2024,8,3,여름,291062.61961935484,268496.43192258064,14689.351464516129,7876.836261290323,326338.52902258065,257058.22094516127,316686.6227032258,272759.7602935484,174688.2186129032,56174.82057096775,36164.8663516129,82348.53169032259,43926.862409677415,0,18,0,54,0,51,125,6,68,48,127,13,0,11,505109.0,310847.0,194262.0,0.3846,54247.0,222004.0,142268.0,79736.0,0.3592,65462.0,541.1206708919716,,1.1610459781985534,
2024-09-01,용산구,1294.0,,,xlsx_2022_2024,2024,9,3,가을,287159.02602,264208.51096,14667.630706666667,8282.88436,320792.4978866667,254121.48680666665,311285.76381000003,269925.64188666665,174728.34466333332,54725.64913666667,37099.03780666667,82903.65772,41360.12192333334,0,18,0,54,0,51,125,6,68,48,127,13,0,11,505109.0,310847.0,194262.0,0.3846,54247.0,222004.0,142268.0,79736.0,0.3592,65462.0,450.62139189379883,,1.1532278357633736,
2024-10-01,용산구,1361.0,,,xlsx_2022_2024,2024,10,4,가을,296931.2426354839,271876.66396451613,14815.904896774195,10238.673787096774,339086.1714612903,260010.73795483873,324140.273216129,277496.2207903226,183937.70753225806,58355.47678387097,37298.562506451606,88283.66824193548,46644.05242580646,0,18,0,54,0,51,125,6,68,48,127,13,0,11,505109.0,310847.0,194262.0,0.3846,54247.0,222004.0,142268.0,79736.0,0.3592,65462.0,458.3552703717267,,1.1680889645738666,
2024-11-01,용산구,1260.0,,,xlsx_2022_2024,2024,11,4,가을,296308.5606133333,272220.77100666665,14704.948013333335,9382.841573333333,334070.25092333334,260014.47362666667,323781.3162966667,276685.1636766667,189437.44774333335,59564.33371666667,38422.231003333334,91450.88302333333,47096.15262,0,18,0,54,0,51,125,6,68,48,127,13,0,11,505109.0,310847.0,194262.0,0.3846,54247.0,222004.0,142268.0,79736.0,0.3592,65462.0,425.2323987507847,,1.1702156776105148,
2024-12-01,용산구,1357.0,,,xlsx_2022_2024,2024,12,4,겨울,295477.21899354836,272155.3562580645,14328.595748387097,8993.267003225807,334191.5762903226,257583.44845483868,323122.8392290323,275730.34740645165,183050.47870645163,58588.34153548387,36903.48623548387,87558.65093548388,47392.49182258064,0,18,0,54,0,51,125,6,68,48,127,13,0,11,505109.0,310847.0,194262.0,0.3846,54247.0,222004.0,142268.0,79736.0,0.3592,65462.0,459.2570637500245,,1.1718798538802833,
2018-04-01,은평구,1803.0,1117.0,1125.0,API_2017_2025,2018,4,2,봄,456518.99622692313,448739.3684230769,6339.321576923077,1440.3062307692308,510418.6952153846,396053.73911923077,410459.4679,489418.6593038461,196712.32389230767,32397.38424230769,124476.7761076923,39838.16354230769,-78959.19140384615,0,24,1,86,171,0,216,0,0,233,0,0,0,14,,,,,,,,,,,394.9452300783948,244.67766056437438,0.8386673864945026,0.6195230171935663
2018-05-01,은평구,1970.0,1285.0,1292.0,API_2017_2025,2018,5,2,봄,454295.0380967742,446656.4466677419,6367.811045161291,1270.7803903225806,508245.4703967742,394824.54083225806,409412.2031483871,485322.8436354839,194648.33251290323,32660.363993548388,122599.60614516129,39388.362374193544,-75910.64048709677,0,24,1,86,171,0,216,0,0,233,0,0,0,14,,,,,,,,,,,433.6388986886424,282.85582985528197,0.8435873326743472,0.6522842639593909
2018-06-01,은평구,1958.0,1256.0,1262.0,API_2017_2025,2018,6,2,여름,458608.16799999995,450872.75394666666,6560.881946666666,1174.5321166666665,509143.03811,403086.92726333335,416024.32364,489025.19968333334,193489.8961,31769.493863333333,124400.99970666667,37319.40253,-73000.87604333334,0,24,1,86,171,0,216,0,0,233,0,0,0,14,,,,,,,,,,,426.9439876177696,273.87213914602586,0.8507216476970823,0.6414708886618999
2018-07-01,은평구,2024.0,1295.0,1306.0,API_2017_2025,2018,7,3,여름,456291.6272290323,448010.71468064515,6806.978577419355,1473.9339741935485,507835.82311612903,402023.6547,413421.75192258065,486912.9667354839,188692.05363870968,32375.03793870968,119645.46548387097,36671.550216129035,-73491.21481290323,0,24,1,86,171,0,216,0,0,233,0,0,0,14,,,,,,,,,,,443.57596747749835,283.80972227438747,0.8490670410656214,0.6398221343873518
2018-08-01,은평구,2033.0,1290.0,1298.0,API_2017_2025,2018,8,3,여름,452085.5317258065,444211.39062258066,6624.569241935484,1249.5718548387097,502300.4604806452,398427.51870645164,410375.201832258,480825.73112258065,187647.83476129032,31256.10853548387,119410.34569032257,36981.38053548387,-70450.52929032258,0,24,1,86,171,0,216,0,0,233,0,0,0,14,,,,,,,,,,,449.6936657625732,285.3442345468369,0.8534801182003254,0.6345302508607968
2018-09-01,은평구,1827.0,1212.0,1224.0,API_2017_2025,2018,9,3,가을,455813.1467633333,447930.15706666664,6560.8242666666665,1322.1654366666667,504416.84448666667,402152.69364,415349.0277533333,484716.0889066666,185326.55520666667,33640.608316666665,115114.38181666666,36571.56507333333,-69367.06115333333,0,24,1,86,171,0,216,0,0,233,0,0,0,14,,,,,,,,,,,400.8221379688754,265.8984297855922,0.8568913581767035,0.6633825944170771
2018-10-01,은평구,1847.0,1174.0,1183.0,API_2017_2025,2018,10,4,가을,454355.90396774194,446440.5567967742,6655.753532258064,1259.593635483871,506518.85882258066,394536.94806774193,409103.84350967745,485599.2977645161,183966.65381935486,31452.98281612903,115772.07250967743,36741.59849354839,-76495.45425483871,0,24,1,86,171,0,216,0,0,233,0,0,0,14,,,,,,,,,,,406.5095190512001,258.38775060428196,0.842472065740231,0.6356253383865729
2018-11-01,은평구,1728.0,1158.0,1163.0,API_2017_2025,2018,11,4,가을,453670.6582933333,445617.7073233333,6694.935626666667,1358.0153466666668,506724.51495,392265.83972,407860.65141000005,486392.09178,187795.93029666666,33093.69603333333,116379.14203333334,38323.092229999995,-78531.44037,0,24,1,86,171,0,216,0,0,233,0,0,0,14,,,,,,,,,,,380.89304838460896,255.25124422996365,0.8385429333717035,0.6701388888888888
2018-12-01,은평구,1928.0,1302.0,1309.0,API_2017_2025,2018,12,4,겨울,458532.67979354836,450462.34928709676,6816.8342870967745,1253.4962096774193,504026.93847419356,407292.89968709677,419587.97475161287,486350.3262419354,183586.4103516129,32729.15169354839,115031.10914838708,35826.14950967742,-66762.35149032257,0,24,1,86,171,0,216,0,0,233,0,0,0,14,,,,,,,,,,,420.4716664618257,283.94922704009184,0.8627278570856524,0.6753112033195021
2019-01-01,은평구,1746.0,1151.0,1158.0,API_2017_2025,2019,1,1,겨울,458143.82068387093,449619.5450548387,7171.892609677419,1352.3830161290323,505124.01987419353,404538.1349290323,417238.5704580645,487361.8565774193,188474.71982903226,32167.44240645161,119957.73216129033,36349.545261290325,-70123.28611935485,0,36,4,74,219,0,166,0,0,166,0,0,0,24,1219226.0,781959.0,437267.0,0.3586,,723353.0,563630.0,159723.0,0.2208,,381.10303384508103,251.2311523228455,0.8561165894027748,0.6592210767468499
2019-02-01,은평구,1513.0,996.0,1001.0,API_2017_2025,2019,2,1,겨울,451942.3943178571,443313.06521785713,7340.4632357142855,1288.8658678571428,494751.8835571428,404394.1850964286,416319.3516785714,477387.42478214286,187637.00524285715,33819.75767142857,116567.43254642856,37249.815024999996,-61068.07310357143,0,36,4,74,219,0,166,0,0,166,0,0,0,24,1219226.0,781959.0,437267.0,0.3586,,723353.0,563630.0,159723.0,0.2208,,334.7771793535012,220.38206915802192,0.8720785887239487,0.6582947785855915
2019-03-01,은평구,1784.0,1177.0,1183.0,API_2017_2025,2019,3,1,봄,455671.10066451615,447204.9613129032,7229.505999999999,1236.633364516129,502944.6829032258,401002.00932258065,414397.19760967745,485152.45998387097,176694.0234451613,30415.35389032258,110564.77258064516,35713.89697419355,-70755.26237419354,0,36,4,74,219,0,166,0,0,166,0,0,0,24,1219226.0,781959.0,437267.0,0.3586,,723353.0,563630.0,159723.0,0.2208,,391.51045510640233,258.3003394956478,0.854158706365117,0.6597533632286996
2019-04-01,은평구,1747.0,1181.0,1188.0,API_2017_2025,2019,4,2,봄,446967.4321533333,438690.92250333336,7060.109736666666,1216.39992,497813.9932466667,388693.0147733333,402667.90346,478609.9526433333,189316.6169366667,31243.591846666666,119322.51987666666,38750.50521333333,-75942.04918333332,0,36,4,74,219,0,166,0,0,166,0,0,0,24,1219226.0,781959.0,437267.0,0.3586,,723353.0,563630.0,159723.0,0.2208,,390.8562177748751,264.22506765433747,0.8413278939062799,0.6760160274756726
2019-05-01,은평구,1875.0,1242.0,1245.0,API_2017_2025,2019,5,2,봄,432801.6579,424532.9036645161,7070.674567741935,1198.0796677419355,481953.21681935486,377314.9200451613,390457.0149870968,463047.83142903226,169892.6872548387,29976.667961290324,104270.12504516129,35645.8942483871,-72590.81644193549,0,36,4,74,219,0,166,0,0,166,0,0,0,24,1219226.0,781959.0,437267.0,0.3586,,723353.0,563630.0,159723.0,0.2208,,433.2238487943186,286.9674774413566,0.8432325744450422,0.6624
2019-06-01,은평구,1797.0,1192.0,1201.0,API_2017_2025,2019,6,2,여름,435768.4639166667,427550.7569266667,7208.388456666667,1009.3185333333333,482369.56371,384564.9109166667,396560.18821,463774.37514666666,163158.40043333333,29207.182793333333,100088.75975333333,33862.45788666667,-67214.18693666667,0,36,4,74,219,0,166,0,0,166,0,0,0,24,1219226.0,781959.0,437267.0,0.3586,,723353.0,563630.0,159723.0,0.2208,,412.3749533981068,273.53975762411983,0.8550713654340854,0.6633277685030606
2019-07-01,은평구,1954.0,1314.0,1316.0,API_2017_2025,2019,7,3,여름,428289.5343516129,419771.37480322586,7292.146687096774,1226.0128806451612,476236.40877419355,377043.5207741935,387830.01490967744,457189.1911225806,157281.88648709678,28264.974322580645,97840.4045,31176.507664516128,-69359.17621290321,0,36,4,74,219,0,166,0,0,166,0,0,0,24,1219226.0,781959.0,437267.0,0.3586,,723353.0,563630.0,159723.0,0.2208,,456.2334223174887,306.80179985935524,0.848292178468614,0.6724667349027635
2019-08-01,은평구,1930.0,1280.0,1282.0,API_2017_2025,2019,8,3,여름,440877.3584322581,432677.685416129,7134.781035483871,1064.8919967741936,488879.5295483871,389639.0231,400931.2185967742,469410.3154548387,168018.69008709677,29821.280316129032,104813.71252903224,33383.697241935486,-68479.09685806451,0,36,4,74,219,0,166,0,0,166,0,0,0,24,1219226.0,781959.0,437267.0,0.3586,,723353.0,563630.0,159723.0,0.2208,,437.7634648472313,290.33017357743836,0.8541167618105897,0.6632124352331606
2019-09-01,은평구,1888.0,1303.0,1308.0,API_2017_2025,2019,9,3,가을,443198.73895,435007.51337,6925.472303333333,1265.7532766666666,490347.3490966667,390822.0369633333,403196.04862333334,471772.08918333333,178482.63378666667,33442.93821,108886.56525,36153.130326666665,-68576.04056000001,0,36,4,74,219,0,166,0,0,166,0,0,0,24,1219226.0,781959.0,437267.0,0.3586,,723353.0,563630.0,159723.0,0.2208,,425.9939918766323,293.99903146994274,0.8546415904367947,0.6901483050847458
2019-10-01,은평구,1828.0,1247.0,1257.0,API_2017_2025,2019,10,4,가을,439060.51798548386,430969.048483871,6817.900475806451,1273.5690387096774,493063.9894032258,377542.6512193548,391604.30993064516,472957.8094758064,177353.79136612904,31450.96845,109518.73076129032,36384.092154838705,-81353.49954516128,0,36,4,74,219,0,166,0,0,166,0,0,0,24,1219226.0,781959.0,437267.0,0.3586,,723353.0,563630.0,159723.0,0.2208,,416.34351646723036,284.01551697737216,0.8279899434680488,0.6821663019693655
2019-11-01,은평구,1675.0,1165.0,1175.0,API_2017_2025,2019,11,4,가을,448453.18823,440367.72160666663,6907.610216666667,1177.85642,500395.9891566666,390073.70773,403621.65864,480475.70938,175587.23399333333,31587.60833,108075.10359,35924.52207333333,-76854.05074,0,36,4,74,219,0,166,0,0,166,0,0,0,24,1219226.0,781959.0,437267.0,0.3586,,723353.0,563630.0,159723.0,0.2208,,373.50609694872674,259.78185250463684,0.8400459185768796,0.6955223880597015
2019-12-01,은평구,1780.0,1252.0,1259.0,API_2017_2025,2019,12,4,겨울,455635.1800548387,447280.22034516133,7047.859380645161,1307.100322580645,503351.5575451613,402620.446683871,414956.91208387096,484691.08576129033,185388.03320967744,33968.94475806452,114071.70357741935,37347.38487419354,-69734.17367741936,0,36,4,74,219,0,166,0,0,166,0,0,0,24,1219226.0,781959.0,437267.0,0.3586,,723353.0,563630.0,159723.0,0.2208,,390.6634250203782,274.78124051995144,0.8561265603474223,0.7033707865168539
2020-01-01,은평구,1837.0,1266.0,1270.0,API_2017_2025,2020,1,1,겨울,459034.14351612906,450119.9991870968,7541.602329032258,1372.5419903225807,504816.8135870968,407782.6272935484,420101.2575419355,486843.3477774193,185448.4115064516,34715.189380645155,114131.05949677419,36602.16262903226,-66742.09023548388,0,24,1,68,163,10,159,0,0,143,0,0,0,10,1161538.0,752842.0,408696.0,0.3519,,922520.0,683635.0,238885.0,0.2589,,400.1880962337289,275.79647786167715,0.8629084888595463,0.6891671203048448
2020-02-01,은평구,1586.0,1019.0,1023.0,API_2017_2025,2020,2,1,겨울,466135.30708275863,456938.3790655172,7802.175913793103,1394.7521137931035,510092.5061793103,416324.4986758621,427316.38042758626,493863.1118448276,176111.8166,28887.83777586207,113648.74982068966,33575.22900344828,-66546.73141724139,0,24,1,68,163,10,159,0,0,143,0,0,0,10,1161538.0,752842.0,408696.0,0.3519,,922520.0,683635.0,238885.0,0.2589,,340.244554725055,218.60605376092752,0.8652526786852823,0.6424968474148802
2020-03-01,은평구,1482.0,873.0,875.0,API_2017_2025,2020,3,1,봄,465299.16277419357,456558.213716129,7692.544825806452,1048.4042290322582,506433.08365483873,416790.7115419355,428619.9446225806,491498.6043129032,168870.84858064516,25063.193245161292,112000.36596774195,31807.289367741934,-62878.65969032258,0,24,1,68,163,10,159,0,0,143,0,0,0,10,1161538.0,752842.0,408696.0,0.3519,,922520.0,683635.0,238885.0,0.2589,,318.5047639381213,187.6212273400674,0.8720674705104715,0.5890688259109311
2020-04-01,은평구,1484.0,885.0,890.0,API_2017_2025,2020,4,2,봄,462627.18336,454006.63281000004,7288.558576666666,1331.99196,505224.5104833333,413796.1298,425561.1178933334,489102.9444133333,178453.89437333334,28254.778486666666,114825.33926666666,35373.776620000004,-63541.82652,0,24,1,68,163,10,159,0,0,143,0,0,0,10,1161538.0,752842.0,408696.0,0.3519,,922520.0,683635.0,238885.0,0.2589,,320.7766541563564,191.29874590860877,0.8700849642272819,0.5963611859838275
2020-05-01,은평구,1510.0,948.0,957.0,API_2017_2025,2020,5,2,봄,457476.69123870967,449314.76990967744,7158.694019354839,1003.2273096774194,500247.2511741935,409258.65427419357,420807.1850516129,483669.19565806456,178755.86223225805,29820.514396774193,113836.89116129033,35098.45667419355,-62862.010606451615,0,24,1,68,163,10,159,0,0,143,0,0,0,10,1161538.0,752842.0,408696.0,0.3519,,922520.0,683635.0,238885.0,0.2589,,330.0714613265592,207.22367240899212,0.8700309815659778,0.6278145695364239
2020-06-01,은평구,1591.0,952.0,958.0,API_2017_2025,2020,6,2,여름,453829.50361333333,445465.24980000005,6870.858626666667,1493.3952033333333,500608.66346,403639.35584333335,414010.42279,482271.7042066667,179308.70991333332,29595.538496666664,113561.43271333333,36151.73870333333,-68261.28141666666,0,24,1,68,163,10,159,0,0,143,0,0,0,10,1161538.0,752842.0,408696.0,0.3519,,922520.0,683635.0,238885.0,0.2589,,350.5721834593517,209.77040770163595,0.8584588711689897,0.5983658076681333
2020-07-01,은평구,1712.0,1053.0,1060.0,API_2017_2025,2020,7,3,여름,453941.09029677423,446054.30092580646,6740.823551612903,1145.9658193548387,501624.7714935484,403056.180116129,413850.5532645161,482577.18820000003,176990.47398064515,29343.462441935484,111648.2369483871,35998.77459032258,-68726.63493548387,0,24,1,68,163,10,159,0,0,143,0,0,0,10,1161538.0,752842.0,408696.0,0.3519,,922520.0,683635.0,238885.0,0.2589,,377.14144777701034,231.96842553106998,0.8575841614233105,0.615070093457944
2020-08-01,은평구,1901.0,1130.0,1142.0,API_2017_2025,2020,8,3,여름,456540.9149322581,448270.7315193548,6625.843032258064,1644.3403806451613,497990.58007741935,411604.51296774193,421386.3098774194,481651.34710322577,171461.21831612903,27405.871993548386,110056.71662258064,33998.6297,-60265.03722580645,0,24,1,68,163,10,159,0,0,143,0,0,0,10,1161538.0,752842.0,408696.0,0.3519,,922520.0,683635.0,238885.0,0.2589,,416.3920336213616,247.51341293642218,0.8748782961196814,0.5944239873750657
2020-09-01,은평구,1653.0,1006.0,1010.0,API_2017_2025,2020,9,3,가을,459086.06676333334,451085.55023666663,6568.714373333333,1431.8021633333333,502211.08176000003,411222.95355,421855.7508066667,485679.14960666664,171176.40322666668,27336.65955666667,110048.38784666666,33791.35582333333,-63823.3988,0,24,1,68,163,10,159,0,0,143,0,0,0,10,1161538.0,752842.0,408696.0,0.3519,,922520.0,683635.0,238885.0,0.2589,,360.0632037591656,219.13102418736878,0.8685893787046692,0.6085904416212946
2020-10-01,은평구,1716.0,1050.0,1057.0,API_2017_2025,2020,10,4,가을,452064.3784451613,444399.91208064515,6385.139764516129,1279.3266032258064,497624.9668032258,400928.9986290322,413379.3418032258,479696.54748387093,176296.90691935483,30272.389212903225,110762.39699354839,35262.12071290323,-66317.20568064516,0,24,1,68,163,10,159,0,0,143,0,0,0,10,1161538.0,752842.0,408696.0,0.3519,,922520.0,683635.0,238885.0,0.2589,,379.59195234582353,232.26780300880813,0.8617517552951015,0.6118881118881119
2020-11-01,은평구,1544.0,966.0,975.0,API_2017_2025,2020,11,4,가을,450177.7340633333,442124.27063,6412.37584,1641.0875899999999,496614.64850333333,398057.35927,410081.8544933333,478817.64805,174315.18431333333,29316.16907,110814.27807333333,34184.73717,-68735.79355666667,0,24,1,68,163,10,159,0,0,143,0,0,0,10,1161538.0,752842.0,408696.0,0.3519,,922520.0,683635.0,238885.0,0.2589,,342.97564787661895,214.58191440985354,0.8564468251398097,0.6256476683937824
2020-12-01,은평구,1403.0,867.0,885.0,API_2017_2025,2020,12,4,겨울,458019.84374516126,450209.3776,6500.548609677419,1309.917541935484,495724.46698064514,413321.24138709676,423742.2637967742,482503.8294193548,165383.70108709676,26694.098661290325,106899.25620967742,31790.346216129034,-58761.565622580645,0,24,1,68,163,10,159,0,0,143,0,0,0,10,1161538.0,752842.0,408696.0,0.3519,,922520.0,683635.0,238885.0,0.2589,,306.31860587695815,189.2931085497667,0.8782153383253056,0.6179615110477548
2021-01-01,은평구,1791.0,1130.0,915.0,건별집계|API_2017_2025,2021,1,1,겨울,459995.38002903224,452221.58780967747,6425.778287096774,1348.0139193548387,496383.53946451616,415563.3271548387,426470.8703677419,483941.4583483871,169253.37523225805,27336.50016451613,110118.34471612902,31798.530351612906,-57470.58798064516,0,11,1,56,167,0,119,0,0,113,0,0,0,11,1231343.0,809436.0,421907.0,0.3426,119631.0,1047746.0,804455.0,243291.0,0.2322,102561.0,389.3517365080846,245.65464112458716,0.8812447518408881,0.6309324399776661
2021-02-01,은평구,1575.0,1012.0,844.0,건별집계|API_2017_2025,2021,2,1,겨울,452148.949275,444855.6634107143,6341.062400000001,952.2234642857142,492072.23547857144,404172.7672392857,416342.3935464286,477725.06051071425,173446.5345,29526.662092857143,110491.68992142857,33428.182485714286,-61382.666964285716,0,11,1,56,167,0,119,0,0,113,0,0,0,11,1231343.0,809436.0,421907.0,0.3426,119631.0,1047746.0,804455.0,243291.0,0.2322,102561.0,348.33653877233155,223.8200490397457,0.8715104732025901,0.6425396825396825
2021-03-01,은평구,1857.0,1179.0,951.0,건별집계|API_2017_2025,2021,3,1,봄,447463.8210741935,440046.87638709677,6280.569393548387,1136.375312903226,492782.90854838706,395001.60683225805,407365.6014774194,476105.40648709674,171190.61453870966,28688.295506451614,109045.68574193548,33456.63329032258,-68739.80500967742,0,11,1,56,167,0,119,0,0,113,0,0,0,11,1231343.0,809436.0,421907.0,0.3426,119631.0,1047746.0,804455.0,243291.0,0.2322,102561.0,415.00561889943117,263.484989058928,0.8556206166259103,0.6348949919224556
2021-04-01,은평구,1840.0,1217.0,1009.0,건별집계|API_2017_2025,2021,4,2,봄,441539.01513333333,434399.05803666665,6051.277503333333,1088.6795933333333,488123.24488333333,387848.0889733333,400496.47401999997,470855.11593,177990.83185666666,29444.43121,113529.47487666667,35016.925769999994,-70358.64190999999,0,11,1,56,167,0,119,0,0,113,0,0,0,11,1231343.0,809436.0,421907.0,0.3426,119631.0,1047746.0,804455.0,243291.0,0.2322,102561.0,416.7242161928471,275.62683212320377,0.8505726293935819,0.6614130434782609
2021-05-01,은평구,2105.0,1335.0,1135.0,건별집계|API_2017_2025,2021,5,2,봄,443423.29272258066,436171.87192258064,6046.671087096774,1204.749722580645,486930.8309096774,394179.56211612903,405982.5330451613,470166.6925064516,175115.32502903225,29630.691183870968,110796.6485032258,34687.985341935484,-64184.15946129032,0,11,1,56,167,0,119,0,0,113,0,0,0,11,1231343.0,809436.0,421907.0,0.3426,119631.0,1047746.0,804455.0,243291.0,0.2322,102561.0,474.7157027037263,301.0667283180402,0.8634863751850954,0.6342042755344418
2021-06-01,은평구,2284.0,1538.0,1254.0,건별집계|API_2017_2025,2021,6,2,여름,440615.40184,433479.91874,6019.302646666666,1116.1804666666665,486376.33858000004,389796.66638666665,400915.69871666667,468972.33265666664,177129.55988333334,30002.136296666667,111996.91333333333,35130.510253333334,-68056.63394,0,11,1,56,167,0,119,0,0,113,0,0,0,11,1231343.0,809436.0,421907.0,0.3426,119631.0,1047746.0,804455.0,243291.0,0.2322,102561.0,518.365901523657,349.057248924424,0.8548813454421328,0.6733800350262698
2021-07-01,은평구,2333.0,1502.0,1199.0,건별집계|API_2017_2025,2021,7,3,여름,440749.3330548387,433453.7436,6095.40974516129,1200.179712903226,482030.49087419355,395391.26959032257,405042.1462903226,466254.46647096775,167606.37655161292,27920.842393548384,107087.76662580644,32597.767532258065,-61212.32018064517,0,11,1,56,167,0,119,0,0,113,0,0,0,11,1231343.0,809436.0,421907.0,0.3426,119631.0,1047746.0,804455.0,243291.0,0.2322,102561.0,529.3258151589135,340.78327233977205,0.8687147800557173,0.6438062580368624
2021-08-01,은평구,2373.0,1600.0,1223.0,건별집계|API_2017_2025,2021,8,3,여름,437366.48396774195,429920.84533870965,5995.5736419354835,1450.0649870967743,476419.9108677419,392297.7778032258,402790.3399193548,462063.7297064516,163043.0516580645,27218.953806451613,104060.33013225807,31763.767719354837,-59273.38978709677,0,11,1,56,167,0,119,0,0,113,0,0,0,11,1231343.0,809436.0,421907.0,0.3426,119631.0,1047746.0,804455.0,243291.0,0.2322,102561.0,542.5655798936392,365.8259282890109,0.8717203148042953,0.67425200168563
2021-09-01,은평구,2439.0,1581.0,1158.0,건별집계|API_2017_2025,2021,9,3,가을,436443.58781,429230.75959333335,5893.653693333333,1319.1745,476614.9077833333,391077.38825333334,401636.87150666665,461305.52802333335,167921.47508333335,30180.689356666666,104212.18662666666,33528.5991,-59668.65651666667,0,11,1,56,167,0,119,0,0,113,0,0,0,11,1231343.0,809436.0,421907.0,0.3426,119631.0,1047746.0,804455.0,243291.0,0.2322,102561.0,558.8351090775532,362.2461285164459,0.8706526306494888,0.6482164821648216
2021-10-01,은평구,2146.0,1409.0,1085.0,건별집계|API_2017_2025,2021,10,4,가을,435301.45434516127,428317.1030225807,5801.926674193549,1182.4246419354838,477307.6807096774,386721.0811870968,398719.0278354839,461431.75901290326,164637.8457032258,28729.32395483871,103098.37816451614,32810.143583870966,-62712.73117741936,0,11,1,56,167,0,119,0,0,113,0,0,0,11,1231343.0,809436.0,421907.0,0.3426,119631.0,1047746.0,804455.0,243291.0,0.2322,102561.0,492.9916908337236,323.68373363686703,0.864090995141785,0.6565703634669152
2021-11-01,은평구,2279.0,1444.0,1094.0,건별집계|API_2017_2025,2021,11,4,가을,432815.5447966667,425969.32620666665,5693.544599999999,1152.6739833333334,478233.00892666663,381412.71501000004,393232.49579,461089.1512266667,169995.9640466667,30368.21067333333,105410.98478,34216.768593333334,-67856.65543666667,0,11,1,56,167,0,119,0,0,113,0,0,0,11,1231343.0,809436.0,421907.0,0.3426,119631.0,1047746.0,804455.0,243291.0,0.2322,102561.0,526.5522524313807,333.62942190035704,0.8528339795977784,0.6336112329969285
2021-12-01,은평구,2384.0,1321.0,1015.0,건별집계|API_2017_2025,2021,12,4,겨울,441560.0799258065,434475.12953870965,5743.949696774193,1341.0006870967743,483836.46793225803,392542.44637419353,403822.70872580644,468515.34508709674,162414.7216516129,29555.8869516129,98208.37843548387,34650.45626451613,-64692.63636129032,0,11,1,56,167,0,119,0,0,113,0,0,0,11,1231343.0,809436.0,421907.0,0.3426,119631.0,1047746.0,804455.0,243291.0,0.2322,102561.0,539.9038790826773,299.1665370252587,0.8619199199350366,0.5541107382550335
2022-01-01,은평구,2026.0,1254.0,,건별집계|xlsx_2022_2024,2022,1,1,겨울,443316.5894032258,436032.76423870964,5864.2851967741935,1419.5399677419355,483735.8239645161,395078.53570967744,406716.1120741936,469459.78749677417,162346.28814193548,30539.584138709677,98615.28851935484,33191.415483870966,-62743.67542258064,1,25,13,213,137,1,152,0,0,63,0,0,0,20,1176849.0,768755.0,408094.0,0.3468,128687.0,893541.0,654656.0,238885.0,0.2673,116035.0,457.0097416673074,282.86782628371344,0.866349201585212,0.6189536031589339
2022-02-01,은평구,2092.0,1209.0,,건별집계|xlsx_2022_2024,2022,2,1,겨울,447696.72773214284,440390.681125,5927.897414285714,1378.1492214285715,486174.4375571428,402251.4769607143,413254.4138428572,472298.3805214286,161085.9584464286,29417.548378571428,98671.40812857143,32997.001939285714,-59043.96667857143,1,25,13,213,137,1,152,0,0,63,0,0,0,20,1176849.0,768755.0,408094.0,0.3468,128687.0,893541.0,654656.0,238885.0,0.2673,116035.0,467.28060993370593,270.0488802150337,0.8749858794489503,0.5779158699808795
2022-03-01,은평구,2877.0,1423.0,,건별집계|xlsx_2022_2024,2022,3,1,봄,447893.9449677419,440779.33468387095,5914.839548387097,1199.770735483871,487125.28271935484,401108.9139322581,412655.50508709677,473064.25917096774,156945.43428387097,27828.1742,97092.4993,32024.760783870966,-60408.75408387097,1,25,13,213,137,1,152,0,0,63,0,0,0,20,1176849.0,768755.0,408094.0,0.3468,128687.0,893541.0,654656.0,238885.0,0.2673,116035.0,642.3395610331831,317.7091398506151,0.8723032803413734,0.494612443517553
2022-04-01,은평구,2163.0,1293.0,,건별집계|xlsx_2022_2024,2022,4,2,봄,436289.7526033333,429163.06783666665,5754.168616666667,1372.5161433333335,482456.22771666665,382379.74225,395574.2865766667,465372.22833333333,166530.95145666666,30004.348103333334,101812.0214,34714.581953333334,-69797.94175666667,1,25,13,213,137,1,152,0,0,63,0,0,0,20,1176849.0,768755.0,408094.0,0.3468,128687.0,893541.0,654656.0,238885.0,0.2673,116035.0,495.771442508887,296.362679225146,0.8500169595279925,0.5977808599167822
2022-05-01,은평구,2104.0,1325.0,,건별집계|xlsx_2022_2024,2022,5,2,봄,437521.4754774194,430258.99526129034,5623.8052,1638.6750000000002,487379.46659032255,381407.08021290327,394835.80861612904,468011.23751935485,166855.1193483871,31297.60390322581,100932.18878064517,34625.326664516135,-73175.42890322581,1,25,13,213,137,1,152,0,0,63,0,0,0,20,1176849.0,768755.0,408094.0,0.3468,128687.0,893541.0,654656.0,238885.0,0.2673,116035.0,480.89068032697924,302.8422772971709,0.8436460002732314,0.6297528517110266
2022-06-01,은평구,2118.0,1346.0,,건별집계|xlsx_2022_2024,2022,6,2,여름,445951.39225,438633.7926333333,5603.361703333333,1714.2379266666665,494584.35396,391378.5076333333,404406.82387,475626.08395,168599.63375333333,31462.08011,101742.89198999999,35394.661653333336,-71219.26008,1,25,13,213,137,1,152,0,0,63,0,0,0,20,1176849.0,768755.0,408094.0,0.3468,128687.0,893541.0,654656.0,238885.0,0.2673,116035.0,474.9396541434388,301.8266168446972,0.8502620809007463,0.6355051935788479
2022-07-01,은평구,2387.0,1492.0,,건별집계|xlsx_2022_2024,2022,7,3,여름,434124.0052032258,427088.5842548387,5585.263093548388,1450.1578451612902,480054.5610451613,383792.82583870966,394896.79807419353,462143.4388516129,160480.4933516129,30429.037958064513,97122.34205806452,32929.113335483875,-67246.64077741935,1,25,13,213,137,1,152,0,0,63,0,0,0,20,1176849.0,768755.0,408094.0,0.3468,128687.0,893541.0,654656.0,238885.0,0.2673,116035.0,549.8428954378087,343.6806032648557,0.8544896776106536,0.6250523669878508
2022-08-01,은평구,2615.0,1618.0,,건별집계|xlsx_2022_2024,2022,8,3,여름,427596.5518709678,420834.61993870966,5485.515719354839,1276.4162161290321,472610.43647741934,377071.14427419356,388460.95966774196,455550.5462967742,156885.74918064516,28565.650077419356,96308.95468387096,32011.144419354838,-67089.58662903226,1,25,13,213,137,1,152,0,0,63,0,0,0,20,1176849.0,768755.0,408094.0,0.3468,128687.0,893541.0,654656.0,238885.0,0.2673,116035.0,611.5577846823018,378.3940709812483,0.8527285563053065,0.6187380497131931
2022-09-01,은평구,2283.0,1400.0,,건별집계|xlsx_2022_2024,2022,9,3,가을,427623.79891333333,420751.74651666667,5505.461139999999,1366.5912533333333,475055.83464,374444.15691,386876.6098566667,456728.93396,158227.27203,30920.047123333334,94803.49659000001,32503.728316666668,-69852.32410333333,1,25,13,213,137,1,152,0,0,63,0,0,0,20,1176849.0,768755.0,408094.0,0.3468,128687.0,893541.0,654656.0,238885.0,0.2673,116035.0,533.880482284078,327.390571702895,0.8470595600377467,0.6132282084975909
2022-10-01,은평구,2147.0,1394.0,,건별집계|xlsx_2022_2024,2022,10,4,가을,427969.2336419355,421143.36932258063,5512.495261290323,1313.3690548387096,474842.8232290322,373234.5442,387051.664416129,457196.0688,152549.18497419354,28982.282099999997,91957.14859677419,31609.754277419353,-70144.40438387096,1,25,13,213,137,1,152,0,0,63,0,0,0,20,1176849.0,768755.0,408094.0,0.3468,128687.0,893541.0,654656.0,238885.0,0.2673,116035.0,501.67157618538243,325.72434895315473,0.8465769739272285,0.6492780624126688
2022-11-01,은평구,2243.0,1389.0,,건별집계|xlsx_2022_2024,2022,11,4,가을,426289.30260999996,419546.74241666665,5472.115486666667,1270.4447066666667,474621.25072,370218.59207,383450.55383333337,456888.4088833333,156612.21908666665,29638.926393333335,94325.72447666667,32647.56821666667,-73437.85504999998,1,25,13,213,137,1,152,0,0,63,0,0,0,20,1176849.0,768755.0,408094.0,0.3468,128687.0,893541.0,654656.0,238885.0,0.2673,116035.0,526.1684931493712,325.83505884283403,0.8392652262081082,0.6192599197503343
2022-12-01,은평구,2459.0,1535.0,,건별집계|xlsx_2022_2024,2022,12,4,겨울,432175.48938387097,425374.2171290323,5423.694648387096,1377.5776064516128,475547.22112580645,381856.71755483875,393742.2043129032,459627.8358516129,153744.20718064517,30067.213138709678,91815.51258387096,31861.481458064518,-65885.63153870967,1,25,13,213,137,1,152,0,0,63,0,0,0,20,1176849.0,768755.0,408094.0,0.3468,128687.0,893541.0,654656.0,238885.0,0.2673,116035.0,568.981828077678,355.1797910122959,0.856654392098262,0.6242374949166328
2023-01-01,은평구,2345.0,,,xlsx_2022_2024,2023,1,1,겨울,432958.9145870968,425846.54647096776,5589.414422580646,1522.9537,474582.37700322585,385114.52106451616,396695.21340322576,458861.5582903226,154078.52403225808,31334.765416129034,91696.19429354838,31047.564322580645,-62166.34488709678,3,44,22,262,218,1,210,0,0,111,0,0,0,17,1115494.0,726161.0,389333.0,0.349,142461.0,890846.0,644332.0,246514.0,0.2767,138875.0,541.6218308465536,,0.8645204773336796,
2023-02-01,은평구,1863.0,,,xlsx_2022_2024,2023,2,1,겨울,430602.1875535714,423620.7484428571,5704.128889285714,1277.3102142857144,476427.60521785717,377468.62637857144,389966.9640535714,459627.34717857145,155207.66227857143,30503.625003571426,93194.36378928572,31509.673485714284,-69660.383125,3,44,22,262,218,1,210,0,0,111,0,0,0,17,1115494.0,726161.0,389333.0,0.349,142461.0,890846.0,644332.0,246514.0,0.2767,138875.0,432.6499153625928,,0.8484416048074354,
2023-03-01,은평구,2204.0,,,xlsx_2022_2024,2023,3,1,봄,426600.9165064516,419843.41859354835,5509.651712903226,1247.8462,473943.5957064516,371221.4897967742,384406.90576129034,456739.49560967745,151054.55236451613,29745.873535483872,89574.0595032258,31734.619325806452,-72332.5898483871,3,44,22,262,218,1,210,0,0,111,0,0,0,17,1115494.0,726161.0,389333.0,0.349,142461.0,890846.0,644332.0,246514.0,0.2767,138875.0,516.642115551261,,0.8416327238093694,
2023-04-01,은평구,2295.0,,,xlsx_2022_2024,2023,4,2,봄,424122.14900000003,417460.6004733333,5437.519263333334,1224.02929,471418.6394433333,368927.13652,382301.08075666666,453994.3406266667,158594.76093666666,30928.40958,94407.90610333333,33258.44525333333,-71693.25987,3,44,22,262,218,1,210,0,0,111,0,0,0,17,1115494.0,726161.0,389333.0,0.349,142461.0,890846.0,644332.0,246514.0,0.2767,138875.0,541.1176957890968,,0.8420833621603324,
2023-05-01,은평구,2411.0,,,xlsx_2022_2024,2023,5,2,봄,420685.7713451613,414229.40026774193,5420.082416129032,1036.288664516129,468327.9730903226,366925.194316129,379626.2274612903,450014.01697419357,153749.85502903227,30191.518129032258,90797.30188387095,32761.035016129033,-70387.78951290324,3,44,22,262,218,1,210,0,0,111,0,0,0,17,1115494.0,726161.0,389333.0,0.349,142461.0,890846.0,644332.0,246514.0,0.2767,138875.0,573.1118483733645,,0.8435875620360072,
2023-06-01,은평구,2262.0,,,xlsx_2022_2024,2023,6,2,여름,421366.50489000004,414781.1112766667,5452.98898,1132.4046466666666,468795.0508,368801.65671,380655.28661333333,450445.94652,154922.4589666667,29897.13179,92319.40913,32705.918046666666,-69790.65990666667,3,44,22,262,218,1,210,0,0,111,0,0,0,17,1115494.0,726161.0,389333.0,0.349,142461.0,890846.0,644332.0,246514.0,0.2767,138875.0,536.8248244104043,,0.8450631858365099,
2023-07-01,은평구,2373.0,,,xlsx_2022_2024,2023,7,3,여름,424690.91637096775,417829.0685967742,5701.846996774194,1160.000793548387,470458.00268387096,374900.7273645161,385783.30217096774,452482.069383871,152075.1355451613,30356.87321290323,89561.20288064516,32157.059451612902,-66698.76721290323,3,44,22,262,218,1,210,0,0,111,0,0,0,17,1115494.0,726161.0,389333.0,0.349,142461.0,890846.0,644332.0,246514.0,0.2767,138875.0,558.7593020066347,,0.8525935683954844,
2023-08-01,은평구,2397.0,,,xlsx_2022_2024,2023,8,3,여름,421229.04480645165,414616.64754516125,5650.521612903226,961.8756483870968,467720.40453225805,370456.3243451613,381699.6966064516,449464.29351935483,151063.5221096774,29215.679587096773,89399.3000483871,32448.542474193546,-67764.59691290323,3,44,22,262,218,1,210,0,0,111,0,0,0,17,1115494.0,726161.0,389333.0,0.349,142461.0,890846.0,644332.0,246514.0,0.2767,138875.0,569.0490790114876,,0.8492325243851987,
2023-09-01,은평구,2264.0,,,xlsx_2022_2024,2023,9,3,가을,425520.19941666664,418810.11320666666,5692.814936666667,1017.27128,473899.6010833334,373054.82252999995,385255.07774,454281.00061000005,155327.64554,31972.24973,89550.94229666666,33804.453513333334,-69025.92287,3,44,22,262,218,1,210,0,0,111,0,0,0,17,1115494.0,726161.0,389333.0,0.349,142461.0,890846.0,644332.0,246514.0,0.2767,138875.0,532.054648193823,,0.8480545680375949,
2023-10-01,은평구,2234.0,,,xlsx_2022_2024,2023,10,4,가을,423498.9540870968,416818.6623677419,5641.970964516129,1038.3207516129032,470906.7140935484,368666.8930225806,382269.5468967742,452948.5306483871,152205.2167451613,30256.910103225808,89576.08375806452,32372.222883870967,-70678.98375161289,3,44,22,262,218,1,210,0,0,111,0,0,0,17,1115494.0,726161.0,389333.0,0.349,142461.0,890846.0,644332.0,246514.0,0.2767,138875.0,527.510157567132,,0.8439580239935047,
2023-11-01,은평구,2067.0,,,xlsx_2022_2024,2023,11,4,가을,425672.71334666666,418942.00458,5691.953543333334,1038.75524,477075.21404666663,368670.5071866667,381865.72348,456963.4204,158319.52962333334,33014.33087666667,91036.96374333333,34268.235003333335,-75097.69692,3,44,22,262,218,1,210,0,0,111,0,0,0,17,1115494.0,726161.0,389333.0,0.349,142461.0,890846.0,644332.0,246514.0,0.2767,138875.0,485.58433162161396,,0.8356592813178269,
2023-12-01,은평구,2392.0,,,xlsx_2022_2024,2023,12,4,겨울,437092.47354838706,429543.56615806447,6462.157412903226,1086.7499741935483,486759.8544032258,384318.6030225807,397007.11068387097,465724.8756032258,158364.71476451613,35651.02022580645,88802.79329032259,33910.9012483871,-68717.76491935484,3,44,22,262,218,1,210,0,0,111,0,0,0,17,1115494.0,726161.0,389333.0,0.349,142461.0,890846.0,644332.0,246514.0,0.2767,138875.0,547.2526169534239,,0.8524498721904241,
2024-01-01,은평구,2103.0,,,xlsx_2022_2024,2024,1,1,겨울,431357.0017870967,424366.33603548387,6083.148958064517,907.5168258064516,478887.17680645164,379169.69819032255,392713.54087741935,458959.473883871,151028.21079354838,33389.54291935484,86383.10338387097,31255.56449032258,-66245.93300645161,0,22,0,68,159,0,190,13,84,92,24,41,0,25,1106800.0,698473.0,408327.0,0.3689,132152.0,871672.0,642130.0,229542.0,0.2633,144774.0,487.5312076278687,,0.8556606045282037,
2024-02-01,은평구,1801.0,,,xlsx_2022_2024,2024,2,1,겨울,432325.6089965517,425202.1112137931,6015.296117241379,1108.2016827586208,476806.31919310347,380448.0463103448,393625.5738862069,459968.49122068967,156851.92622413795,33842.833399999996,90244.36370689655,32764.72911724138,-66342.91733448274,0,22,0,68,159,0,190,13,84,92,24,41,0,25,1106800.0,698473.0,408327.0,0.3689,132152.0,871672.0,642130.0,229542.0,0.2633,144774.0,416.58415844950906,,0.8557663870444293,
2024-03-01,은평구,2009.0,,,xlsx_2022_2024,2024,3,1,봄,428766.8383,421946.73288064514,5745.689183870968,1074.4162516129031,474861.0641967742,373916.425916129,387853.21561612905,457990.85450967745,153521.7301483871,31939.758512903227,89088.04186129032,32493.929774193548,-70137.63889354838,0,22,0,68,159,0,190,13,84,92,24,41,0,25,1106800.0,698473.0,408327.0,0.3689,132152.0,871672.0,642130.0,229542.0,0.2633,144774.0,468.5530270870297,,0.8468579924622351,
2024-04-01,은평구,2042.0,,,xlsx_2022_2024,2024,4,2,봄,422031.4722866667,415275.61284333334,5600.718739999999,1155.1406866666666,471879.32912,364460.8138633333,378552.8457066667,453087.6341266667,158415.57481666666,30331.914256666667,94191.79347333334,33891.867086666665,-74534.78842000001,0,22,0,68,159,0,190,13,84,92,24,41,0,25,1106800.0,698473.0,408327.0,0.3689,132152.0,871672.0,642130.0,229542.0,0.2633,144774.0,483.8501709211304,,0.8354958670110983,
2024-05-01,은평구,2068.0,,,xlsx_2022_2024,2024,5,2,봄,420823.6483258065,414125.468683871,5630.198893548388,1067.9807483870968,469034.8128870968,365583.74075161293,379018.73932580644,450684.2976096774,143772.84751612903,28966.251606451613,82978.43995483872,31828.15595483871,-71665.55828387097,0,22,0,68,159,0,190,13,84,92,24,41,0,25,1106800.0,698473.0,408327.0,0.3689,132152.0,871672.0,642130.0,229542.0,0.2633,144774.0,491.4172500113232,,0.8409850117610751,
2024-06-01,은평구,2112.0,,,xlsx_2022_2024,2024,6,2,여름,423612.8791166667,416817.02969,5792.181549999999,1003.6678800000001,469829.01078,371632.30989333335,384063.0313166667,451862.77039666666,145938.20107333333,30530.988063333334,82934.89473,32472.31828,-67799.73908,0,22,0,68,159,0,190,13,84,92,24,41,0,25,1106800.0,698473.0,408327.0,0.3689,132152.0,871672.0,642130.0,229542.0,0.2633,144774.0,498.5684109520043,,0.8499550228037549,
2024-07-01,은평구,2204.0,,,xlsx_2022_2024,2024,7,3,여름,426334.9641290323,419209.4177580645,6008.920948387096,1116.6254322580646,473637.80687741935,373381.973,385374.4800129032,455592.45280645165,144517.61297419356,30575.40582580645,81743.72578387096,32198.481364516127,-70217.9727935484,0,22,0,68,159,0,190,13,84,92,24,41,0,25,1106800.0,698473.0,408327.0,0.3689,132152.0,871672.0,642130.0,229542.0,0.2633,144774.0,516.9644025097949,,0.8458754697076183,
2024-08-01,은평구,2420.0,,,xlsx_2022_2024,2024,8,3,여름,424382.22735483875,417309.8546387096,6121.584670967742,950.7880451612904,469650.82515806454,374909.2299387097,385918.85695483873,451856.0633612903,147259.80417096775,30773.725367741936,83723.7664032258,32762.312400000003,-65937.20640645162,0,22,0,68,159,0,190,13,84,92,24,41,0,25,1106800.0,698473.0,408327.0,0.3689,132152.0,871672.0,642130.0,229542.0,0.2633,144774.0,570.2406566560963,,0.8540747557619246,
2024-09-01,은평구,1953.0,,,xlsx_2022_2024,2024,9,3,가을,423320.0669,416158.19053,6089.54438,1072.3319966666668,468600.36397,373819.87357,385512.66853,450325.3514666667,153247.41986,32455.951553333332,86709.61084333334,34081.857463333334,-64812.68293666667,0,22,0,68,159,0,190,13,84,92,24,41,0,25,1106800.0,698473.0,408327.0,0.3689,132152.0,871672.0,642130.0,229542.0,0.2633,144774.0,461.35304057328165,,0.8560758733089799,
2024-10-01,은평구,1967.0,,,xlsx_2022_2024,2024,10,4,가을,423077.97791290324,415767.9587935484,6016.887032258064,1293.1320838709676,471116.4512193549,367862.5021548387,381348.1789419355,452884.97720645164,149247.54583225807,30588.916322580644,85256.47991612904,33402.14959354839,-71536.79826451612,0,22,0,68,159,0,190,13,84,92,24,41,0,25,1106800.0,698473.0,408327.0,0.3689,132152.0,871672.0,642130.0,229542.0,0.2633,144774.0,464.92611355085364,,0.8420420153793146,
2024-11-01,은평구,1885.0,,,xlsx_2022_2024,2024,11,4,가을,422728.19217,415735.81494333333,5868.365616666666,1124.01163,471185.8649666666,366909.66739,380680.8936666667,452761.97683,153862.56524666667,32064.943160000003,86642.29034,35155.33174666667,-72081.08316333333,0,22,0,68,159,0,190,13,84,92,24,41,0,25,1106800.0,698473.0,408327.0,0.3689,132152.0,871672.0,642130.0,229542.0,0.2633,144774.0,445.91300862232254,,0.8407969598772252,
2024-12-01,은평구,1964.0,,,xlsx_2022_2024,2024,12,4,겨울,426388.93006451614,419303.4622677419,5882.386848387097,1203.080964516129,471412.95063870965,375153.0836935484,387996.7170129032,453811.93938709673,150799.846983871,32390.83397419355,84741.59525483871,33667.41775483871,-65815.22237419354,0,22,0,68,159,0,190,13,84,92,24,41,0,25,1106800.0,698473.0,408327.0,0.3689,132152.0,871672.0,642130.0,229542.0,0.2633,144774.0,460.6123333696376,,0.8549724750232852,
2018-04-01,종로구,1599.0,902.0,909.0,API_2017_2025,2018,4,2,봄,379032.15570384613,342123.8175423077,20254.073734615384,16654.26443076923,523693.89743846154,268618.82828846155,480991.8420307692,306203.80833846156,343196.2579269231,89902.41188076923,43392.72295384616,209901.1230923077,174788.0336923077,0,28,4,114,77,0,181,0,0,84,0,0,0,26,,,,,,,,,,,421.8639437149408,237.97453235201786,1.5708225336606727,0.5641025641025641
2018-05-01,종로구,1811.0,1015.0,1029.0,API_2017_2025,2018,5,2,봄,378427.4131967742,343912.2941903226,20020.726796774194,14494.392206451614,527388.230583871,267030.9039870968,481636.91516774194,303773.4093451613,341407.1206516129,92738.2235516129,42881.61322258064,205787.28387741937,177863.50582258066,0,28,4,114,77,0,181,0,0,84,0,0,0,26,,,,,,,,,,,478.55941109063326,268.215241445054,1.5855137426478432,0.560463832136941
2018-06-01,종로구,1828.0,1010.0,1020.0,API_2017_2025,2018,6,2,여름,359478.47442,327129.94180333335,19351.03601666667,12997.496623333334,490746.4948366667,257891.42050333333,451948.05443333334,293428.77441333333,309227.59150333336,81870.20898666668,40064.81508666666,187292.56743,158519.28002,0,28,4,114,77,0,181,0,0,84,0,0,0,26,,,,,,,,,,,508.51445359819775,280.96258103620335,1.5402308629647363,0.5525164113785558
2018-07-01,종로구,1867.0,1102.0,1115.0,API_2017_2025,2018,7,3,여름,343811.1416580645,313531.3950677419,16537.767109677417,13741.97947096774,461851.8428096774,249053.7086483871,430774.1805709677,281694.6852935484,295815.8461096774,77641.51642258064,39182.68438387097,178991.6453032258,149079.49527741937,0,28,4,114,77,0,181,0,0,84,0,0,0,26,,,,,,,,,,,543.0306856829017,320.52480751074324,1.5292236703793918,0.5902517407605785
2018-08-01,종로구,1926.0,1036.0,1045.0,API_2017_2025,2018,8,3,여름,334826.9419806452,304753.67181612906,15917.088748387097,14156.181412903226,449744.6668451613,244165.20427096772,418288.2567129032,274517.3029451613,293768.60587096773,76619.70444193548,38876.28679032258,178272.61463870967,143770.95376774194,0,28,4,114,77,0,181,0,0,84,0,0,0,26,,,,,,,,,,,575.2225279742671,309.41357164140226,1.523722738877637,0.5379023883696781
2018-09-01,종로구,1670.0,915.0,924.0,API_2017_2025,2018,9,3,가을,346000.73034666665,311999.51827,19160.55905,14840.65303,472492.25131666666,253334.88841,432447.86026000004,284252.7804133333,295794.5843333333,81591.25751,36730.06943333334,177473.25738999998,148195.07984666666,0,28,4,114,77,0,181,0,0,84,0,0,0,26,,,,,,,,,,,482.6579407294273,264.4503088427701,1.5213496227941044,0.5479041916167665
2018-10-01,종로구,1658.0,918.0,931.0,API_2017_2025,2018,10,4,가을,362251.8399709678,326460.3240967742,19216.355,16575.160880645162,505584.0920096774,260396.6868935484,459053.56605483865,292347.0748612903,317908.8232483871,88718.6723,37824.99039032258,191365.16055806453,166706.4911935484,0,28,4,114,77,0,181,0,0,84,0,0,0,26,,,,,,,,,,,457.69263729147053,253.41486190203253,1.5702348527778,0.5536791314837153
2018-11-01,종로구,1544.0,852.0,859.0,API_2017_2025,2018,11,4,가을,366392.94653666666,330187.3892533333,19572.525616666666,16633.031676666666,506835.0344066667,262323.50086333335,462717.88155666663,297589.42155,327055.78396666667,90292.07442333334,38467.09774333333,198296.6118,165128.4600066667,0,28,4,114,77,0,181,0,0,84,0,0,0,26,,,,,,,,,,,421.405492271256,232.53722760045994,1.5548868610537026,0.5518134715025906
2018-12-01,종로구,1767.0,954.0,960.0,API_2017_2025,2018,12,4,겨울,349729.8822677419,314873.3088451613,19205.308867741936,15651.264551612903,474580.1432580645,254546.21399032258,435677.78926451615,288338.5201354839,297851.1271451613,82164.05987741935,37812.58864193549,177874.47862580643,147339.26912903227,0,28,4,114,77,0,181,0,0,84,0,0,0,26,,,,,,,,,,,505.2470748402454,272.7819521208795,1.510994053308593,0.5398981324278438
2019-01-01,종로구,1428.0,822.0,829.0,API_2017_2025,2019,1,1,겨울,338030.20441612904,307743.1344967742,16385.95316451613,13901.116758064516,466578.87772903225,243901.38888709678,426171.0516483871,275072.45638064516,309801.35992580646,86022.25580322581,38843.789364516124,184935.31475806452,151098.5952677419,0,22,1,69,86,0,130,0,0,97,0,0,2,14,393826.0,263424.0,130402.0,0.3311,,1212638.0,682907.0,529731.0,0.4368,,422.447456275852,243.17353575542742,1.549304707769984,0.5756302521008403
2019-02-01,종로구,1299.0,745.0,753.0,API_2017_2025,2019,2,1,겨울,320851.5747642857,291767.10793928575,15963.7417,13120.725135714285,438818.93757857144,236665.5412857143,399373.57833214285,264764.42935,287736.21113571426,81209.29794285714,36645.9516,169880.96159285711,134609.14898214285,0,22,1,69,86,0,130,0,0,97,0,0,2,14,393826.0,263424.0,130402.0,0.3311,,1212638.0,682907.0,529731.0,0.4368,,404.8600979921364,232.19459045738387,1.508411002613191,0.573518090839107
2019-03-01,종로구,1499.0,826.0,828.0,API_2017_2025,2019,3,1,봄,346945.36988387094,314102.9137838709,19535.28323870968,13307.172883870968,475204.43977096776,254012.2786419355,434781.5492967742,284205.2417612903,287676.99052580644,80464.39072903227,34451.560348387095,172761.0394483871,150576.30753548385,0,22,1,69,86,0,130,0,0,97,0,0,2,14,393826.0,263424.0,130402.0,0.3311,,1212638.0,682907.0,529731.0,0.4368,,432.05649364963233,238.0778277215452,1.5298153777964305,0.5510340226817878
2019-04-01,종로구,1468.0,833.0,838.0,API_2017_2025,2019,4,2,봄,349683.17495666665,315552.93712,19500.935279999998,14629.30256,481426.85903666663,253930.42511,440336.16488999996,284931.0392966667,315806.25770666666,84031.25421666667,39185.522286666666,192589.48120333333,155405.12559333336,0,22,1,69,86,0,130,0,0,97,0,0,2,14,393826.0,263424.0,130402.0,0.3311,,1212638.0,682907.0,529731.0,0.4368,,419.8085882118627,238.2156362264861,1.545413114615173,0.5674386920980926
2019-05-01,종로구,1669.0,942.0,951.0,API_2017_2025,2019,5,2,봄,342521.9268903226,309013.9178419355,19641.59029032258,13866.418761290322,470848.21242580644,248359.7317967742,431185.3658967742,279190.8990354839,291101.16045806446,81070.31960967742,36017.693151612904,174013.1476967742,151994.4668612903,0,22,1,69,86,0,130,0,0,97,0,0,2,14,393826.0,263424.0,130402.0,0.3311,,1212638.0,682907.0,529731.0,0.4368,,487.2680751134578,275.0188896086742,1.5444105355381679,0.5644098262432594
2019-06-01,종로구,1600.0,904.0,911.0,API_2017_2025,2019,6,2,여름,330377.8425,297878.5840566667,19524.551866666665,12974.706573333333,443409.29176000005,245353.49034333334,409130.47565333336,274125.96169,265607.8099033333,71918.88048,34242.36361,159446.56581333332,135004.51396333333,0,22,1,69,86,0,130,0,0,97,0,0,2,14,393826.0,263424.0,130402.0,0.3311,,1212638.0,682907.0,529731.0,0.4368,,484.2939792489261,273.62609827564324,1.492490799233403,0.565
2019-07-01,종로구,1678.0,953.0,972.0,API_2017_2025,2019,7,3,여름,324134.82135161286,294926.50758709677,16828.17290645161,12380.140841935483,438370.2714967742,235234.66996129032,406813.14414193545,265078.87650645163,252748.49691612902,69905.44904838709,30495.555648387097,152347.49221935484,141734.26763548388,0,22,1,69,86,0,130,0,0,97,0,0,2,14,393826.0,263424.0,130402.0,0.3311,,1212638.0,682907.0,529731.0,0.4368,,517.6858175875371,294.0134589755202,1.5346871448356776,0.567938021454112
2019-08-01,종로구,1673.0,948.0,955.0,API_2017_2025,2019,8,3,여름,329357.8284967742,299676.2127645161,16191.679509677419,13489.936206451614,443618.3320580645,242809.883216129,409705.7084225806,271966.4856870968,264371.4077483871,74600.75973225807,32075.32621935484,157695.3217967742,137739.22273548387,0,22,1,69,86,0,130,0,0,97,0,0,2,14,393826.0,263424.0,130402.0,0.3311,,1212638.0,682907.0,529731.0,0.4368,,507.95817049066613,287.8328425733123,1.5064566039727254,0.56664674237896
2019-09-01,종로구,1689.0,865.0,875.0,API_2017_2025,2019,9,3,가을,338801.4743,305231.0970633334,19551.600063333335,14018.777183333334,459012.87303,249871.36231666667,421937.91239,279418.30425333336,281418.14841666666,79369.42283333333,33179.714256666666,168869.01132666666,142519.60813666665,0,22,1,69,86,0,130,0,0,97,0,0,2,14,393826.0,263424.0,130402.0,0.3311,,1212638.0,682907.0,529731.0,0.4368,,498.52203373366495,255.31175795122564,1.5100582387310313,0.5121373593842511
2019-10-01,종로구,1765.0,961.0,973.0,API_2017_2025,2019,10,4,가을,362284.8499274194,325827.4482612903,19682.63685483871,16774.764808064516,516572.96132903226,253575.2047887097,467094.2129693549,287421.0191629032,324348.93369032256,93255.5166967742,33558.344659677416,197535.07233387098,179673.1938064516,0,22,1,69,86,0,130,0,0,97,0,0,2,14,393826.0,263424.0,130402.0,0.3311,,1212638.0,682907.0,529731.0,0.4368,,487.18570493731727,265.26088523782545,1.6251219703059272,0.5444759206798867
2019-11-01,종로구,1642.0,934.0,941.0,API_2017_2025,2019,11,4,가을,353387.87701,317609.6126066667,19534.76898333333,16243.49542,490715.12798000005,253600.3590366667,447654.9917933333,286054.22361,304312.56611,87249.67480666666,32350.055996666666,184712.83530666668,161600.76818333333,0,22,1,69,86,0,130,0,0,97,0,0,2,14,393826.0,263424.0,130402.0,0.3311,,1212638.0,682907.0,529731.0,0.4368,,464.64525435702353,264.2988231239098,1.564930544090327,0.5688185140073082
2019-12-01,종로구,1602.0,912.0,917.0,API_2017_2025,2019,12,4,겨울,345149.87300967745,310594.9880870968,19017.81494193548,15537.070003225806,470727.1328516129,250909.8664483871,431603.90660322586,283396.9918677419,303252.80126451614,86051.59527096774,34291.64023225806,182909.56576129032,148206.91473548388,0,22,1,69,86,0,130,0,0,97,0,0,2,14,393826.0,263424.0,130402.0,0.3311,,1212638.0,682907.0,529731.0,0.4368,,464.1461942404025,264.2330394177572,1.5229657300125838,0.5692883895131086
2020-01-01,종로구,1402.0,832.0,851.0,API_2017_2025,2020,1,1,겨울,319075.13143548387,289418.1998064516,15821.775283870968,13835.15635483871,435236.4142419355,235829.32412258064,397819.1506741936,262829.40341612906,282013.34326774196,79743.03116774194,33261.01487419355,169009.29722580645,134989.7472580645,0,15,2,52,121,0,119,0,0,65,0,0,0,5,380719.0,255353.0,125366.0,0.3293,,1152046.0,663885.0,488161.0,0.4237,,439.39494553917643,260.75363387203623,1.5136021522079846,0.5934379457917262
2020-02-01,종로구,1249.0,629.0,637.0,API_2017_2025,2020,2,1,겨울,310324.96677241375,283793.6094034483,15696.911489655173,10834.44587586207,408632.36273103446,234543.93304827588,382327.7362758621,258894.41713793104,257432.9498586207,64458.04483448276,34336.185489655174,158638.71953448278,123433.31913793103,0,15,2,52,121,0,119,0,0,65,0,0,0,5,380719.0,255353.0,125366.0,0.3293,,1152046.0,663885.0,488161.0,0.4237,,402.4813127317571,202.69074916595295,1.4767708802008255,0.5036028823058447
2020-03-01,종로구,1018.0,489.0,494.0,API_2017_2025,2020,3,1,봄,285991.8058548387,265353.3741,15575.217367741934,5063.214387096775,366184.5269967742,224847.02057419354,344944.8203612903,243882.50976451611,224081.5686612903,51507.145987096774,33391.59871612903,139182.82395806452,101062.3105967742,0,15,2,52,121,0,119,0,0,65,0,0,0,5,380719.0,255353.0,125366.0,0.3293,,1152046.0,663885.0,488161.0,0.4237,,355.95425433856934,170.98391981489235,1.4143893331848856,0.48035363457760316
2020-04-01,종로구,1150.0,575.0,578.0,API_2017_2025,2020,4,2,봄,290488.38319333334,272074.21874000004,15916.17999,2497.984466666667,378167.09042,224369.96002333332,353878.8501366667,245209.47824,244638.47693333335,58268.22479666666,34910.85788333333,151459.39425333336,108669.37189666666,0,15,2,52,121,0,119,0,0,65,0,0,0,5,380719.0,255353.0,125366.0,0.3293,,1152046.0,663885.0,488161.0,0.4237,,395.8850220990153,197.94251104950766,1.4431695409029255,0.5
2020-05-01,종로구,1340.0,652.0,655.0,API_2017_2025,2020,5,2,봄,293561.87420322583,275369.46318709676,16294.886451612903,1897.5245612903227,384563.6928258065,224041.55252903225,359050.869532258,246784.02038709677,250973.17557419356,61393.5806483871,35120.434941935484,154459.15998387095,112266.8491451613,0,15,2,52,121,0,119,0,0,65,0,0,0,5,380719.0,255353.0,125366.0,0.3293,,1152046.0,663885.0,488161.0,0.4237,,456.4625442717913,222.0996857203044,1.4549194432000232,0.48656716417910445
2020-06-01,종로구,1442.0,721.0,728.0,API_2017_2025,2020,6,2,여름,304648.96323,285128.00513,16785.31670666667,2735.64139,400021.1871033333,228046.45645666667,376009.54219,253677.12110666666,263864.94634333334,63790.67519,35429.73059666667,164644.54055666664,122332.42108333335,0,15,2,52,121,0,119,0,0,65,0,0,0,5,380719.0,255353.0,125366.0,0.3293,,1152046.0,663885.0,488161.0,0.4237,,473.331661697249,236.6658308486245,1.4822367131480287,0.5
2020-07-01,종로구,1484.0,744.0,748.0,API_2017_2025,2020,7,3,여름,307947.48208064516,288884.58744516125,16668.891987096773,2394.0026580645163,407005.41178709676,229038.4933516129,381138.8751483871,255667.91562580646,267219.0620806452,66261.45606774194,34642.35719677419,166315.24881612902,125470.95952258066,0,15,2,52,121,0,119,0,0,65,0,0,0,5,380719.0,255353.0,125366.0,0.3293,,1152046.0,663885.0,488161.0,0.4237,,481.9003519604588,241.5996373710117,1.4907575485780504,0.5013477088948787
2020-08-01,종로구,1403.0,690.0,715.0,API_2017_2025,2020,8,3,여름,287503.1764774193,267153.2492645161,16254.437570967742,4095.4896451612904,367454.83586774196,225866.26755483873,345866.7537548387,245814.90701290322,232279.23081290323,55976.15282903225,33636.17489032258,142666.90309354838,100051.84674193549,0,15,2,52,121,0,119,0,0,65,0,0,0,5,380719.0,255353.0,125366.0,0.3293,,1152046.0,663885.0,488161.0,0.4237,,487.99460833442043,239.99734836119038,1.407021071088596,0.4918032786885246
2020-09-01,종로구,1141.0,602.0,609.0,API_2017_2025,2020,9,3,가을,286807.74854999996,266557.66003666667,15925.478343333332,4324.610176666666,367708.74499333336,225172.45384333332,346029.57744333334,244506.44218333333,230845.89573,53300.883389999995,33730.42597333333,143814.58636666666,101523.13526,0,15,2,52,121,0,119,0,0,65,0,0,0,5,380719.0,255353.0,125366.0,0.3293,,1152046.0,663885.0,488161.0,0.4237,,397.82746657595493,209.89670015663881,1.415216606783215,0.5276073619631901
2020-10-01,종로구,1354.0,665.0,675.0,API_2017_2025,2020,10,4,가을,295850.67443225806,276902.07187419356,16123.936396774194,2824.666183870968,389207.1971258064,225260.32810967744,362048.2590612903,248566.68541290323,255907.15785161292,64190.56059032258,34485.74715161291,157230.85010967744,113481.5736483871,0,15,2,52,121,0,119,0,0,65,0,0,0,5,380719.0,255353.0,125366.0,0.3293,,1152046.0,663885.0,488161.0,0.4237,,457.6633136288591,224.77555654593155,1.4565437780202872,0.4911373707533235
2020-11-01,종로구,1164.0,631.0,636.0,API_2017_2025,2020,11,4,가을,300949.85688,280931.5343266667,16240.16912,3778.1534366666665,398412.92274999997,227721.10821333333,370892.4358166667,250990.87192333335,261583.46781,64964.24698,35053.18999,161566.03084000002,119901.56389333332,0,15,2,52,121,0,119,0,0,65,0,0,0,5,380719.0,255353.0,125366.0,0.3293,,1152046.0,663885.0,488161.0,0.4237,,386.77539576439494,209.66948000629998,1.4777128465849467,0.5420962199312714
2020-12-01,종로구,1007.0,547.0,593.0,API_2017_2025,2020,12,4,겨울,273887.8066935484,255716.99864193547,15378.290338709678,2792.517722580645,347955.43410645163,219379.11588387098,328175.0562096774,235111.19987741936,212183.63437419356,47877.04674516129,32825.2224,131481.36522903226,93063.85633225806,0,15,2,52,121,0,119,0,0,65,0,0,0,5,380719.0,255353.0,125366.0,0.3293,,1152046.0,663885.0,488161.0,0.4237,,367.668795539601,199.7168134659004,1.3958291071662219,0.5431976166832175
2021-01-01,종로구,1113.0,570.0,535.0,건별집계|API_2017_2025,2021,1,1,겨울,268758.06197419355,252005.9686483871,14568.147764516129,2183.945577419355,343302.58132903225,215287.29232258064,322242.39252580644,230554.96872903226,215446.74553225806,49955.44779677419,33452.144661290324,132039.15307419354,91687.4237967742,2,6,2,53,116,1,114,0,0,69,0,0,1,39,402570.0,276471.0,126099.0,0.3132,38771.0,1322586.0,798246.0,524340.0,0.3965,223820.0,414.1271118805997,212.08666107092708,1.3976814045787624,0.5121293800539084
2021-02-01,종로구,1032.0,534.0,584.0,건별집계|API_2017_2025,2021,2,1,겨울,277923.8072035714,259628.6901285714,14759.617907142858,3535.499164285714,363817.93434642855,216409.35912142857,338251.03010000003,234832.93369642858,236856.9070428571,59339.940735714285,33656.73639285714,143860.2299142857,103418.09640357143,2,6,2,53,116,1,114,0,0,69,0,0,1,39,402570.0,276471.0,126099.0,0.3132,38771.0,1322586.0,798246.0,524340.0,0.3965,223820.0,371.32479235364275,192.13899139229187,1.4403900882883034,0.5174418604651163
2021-03-01,종로구,1135.0,590.0,601.0,건별집계|API_2017_2025,2021,3,1,봄,296989.04098064516,277142.2325774193,15114.339954838708,4732.468441935484,393173.85987096775,224594.71198387095,366592.7068967742,247272.13674193548,253838.1597548387,64639.834977419356,33875.23040645161,155323.09437096774,119320.57015483872,2,6,2,53,116,1,114,0,0,69,0,0,1,39,402570.0,276471.0,126099.0,0.3132,38771.0,1322586.0,798246.0,524340.0,0.3965,223820.0,382.16898382926126,198.66052903899927,1.4825475758288411,0.5198237885462555
2021-04-01,종로구,1185.0,609.0,671.0,건별집계|API_2017_2025,2021,4,2,봄,294800.91389666667,276899.0066266667,15130.371543333335,2771.53572,390679.12725333334,221850.92671,364564.1579966667,244970.02525,264084.08337,64260.557856666666,36313.120630000005,163510.40488333334,119594.13274666667,2,6,2,53,116,1,114,0,0,69,0,0,1,39,402570.0,276471.0,126099.0,0.3132,38771.0,1322586.0,798246.0,524340.0,0.3965,223820.0,401.9661894316125,206.58009229017048,1.4881990464940227,0.5139240506329114
2021-05-01,종로구,1344.0,689.0,731.0,건별집계|API_2017_2025,2021,5,2,봄,289514.1898322581,271044.4809064516,15298.68094516129,3171.0279967741935,380476.4054548387,221383.8175580645,354222.07395806455,243294.2726096774,249225.8704903226,61598.799506451614,35645.85046451613,151981.22051935483,110927.8013483871,2,6,2,53,116,1,114,0,0,69,0,0,1,39,402570.0,276471.0,126099.0,0.3132,38771.0,1322586.0,798246.0,524340.0,0.3965,223820.0,464.225950644665,237.98488094804623,1.4559408660077715,0.5126488095238095
2021-06-01,종로구,1443.0,744.0,827.0,건별집계|API_2017_2025,2021,6,2,여름,294342.0578733333,276007.75053,14731.96867,3602.3386766666667,388653.4583033333,221432.13848666666,363794.29104,244733.31991333334,259777.95294666666,64825.407080000004,35828.692200000005,159123.8536666667,119060.97112666667,2,6,2,53,116,1,114,0,0,69,0,0,1,39,402570.0,276471.0,126099.0,0.3132,38771.0,1322586.0,798246.0,524340.0,0.3965,223820.0,490.24594392860377,252.76713948917617,1.4864926899566815,0.5155925155925156
2021-07-01,종로구,1456.0,808.0,738.0,건별집계|API_2017_2025,2021,7,3,여름,278791.76752580644,261693.67363225805,14032.96769032258,3065.1262129032257,359687.43348387093,216843.48323870968,338525.3671290322,236124.91067419355,230893.16552903227,55532.08960645161,32963.92397096774,142397.1519516129,102400.4564548387,2,6,2,53,116,1,114,0,0,69,0,0,1,39,402570.0,276471.0,126099.0,0.3132,38771.0,1322586.0,798246.0,524340.0,0.3965,223820.0,522.25358478895,289.8220443059558,1.4336707048928496,0.554945054945055
2021-08-01,종로구,1511.0,908.0,752.0,건별집계|API_2017_2025,2021,8,3,여름,275721.6785870968,255941.1788516129,13994.628493548387,5785.8712516129035,356139.155967742,217022.02026451615,333265.629716129,234618.85636451613,225007.1939580645,54953.23982903225,31876.105354838706,138177.84877419355,98646.77335161291,2,6,2,53,116,1,114,0,0,69,0,0,1,39,402570.0,276471.0,126099.0,0.3132,38771.0,1322586.0,798246.0,524340.0,0.3965,223820.0,548.0163938298001,329.31759470381104,1.420455435169073,0.600926538716082
2021-09-01,종로구,1573.0,894.0,794.0,건별집계|API_2017_2025,2021,9,3,가을,279122.01448333333,258690.60762333332,14564.506566666667,5866.90031,364144.3999266667,217492.32402333335,338846.4889333333,236461.67560333334,231776.98819666667,58424.064483333335,31540.12406,141812.79965333332,102384.81333,2,6,2,53,116,1,114,0,0,69,0,0,1,39,402570.0,276471.0,126099.0,0.3132,38771.0,1322586.0,798246.0,524340.0,0.3965,223820.0,563.5528257818322,320.29003575903243,1.4329869230130614,0.5683407501589319
2021-10-01,종로구,1518.0,872.0,718.0,건별집계|API_2017_2025,2021,10,4,가을,284639.9334645161,266078.21088387095,14667.931706451614,3893.790880645161,376175.9263935484,219774.30950967743,347889.92381612904,239461.36893548386,239960.10263870968,61750.59105161291,31652.76241935484,146556.74916774195,108428.55488064516,2,6,2,53,116,1,114,0,0,69,0,0,1,39,402570.0,276471.0,126099.0,0.3132,38771.0,1322586.0,798246.0,524340.0,0.3965,223820.0,533.3053523177687,306.35195469110295,1.452801866800729,0.5744400527009222
2021-11-01,종로구,1559.0,856.0,752.0,건별집계|API_2017_2025,2021,11,4,가을,296732.94937,277856.7993633333,15320.594563333334,3555.5554466666667,396851.6988333333,222567.39042333333,366497.05938000005,246901.44222666667,263623.78833,70326.09022,32885.12339,160412.57472,119595.61715333334,2,6,2,53,116,1,114,0,0,69,0,0,1,39,402570.0,276471.0,126099.0,0.3132,38771.0,1322586.0,798246.0,524340.0,0.3965,223820.0,525.388233194172,288.47487338948764,1.4843860613966735,0.5490699166132136
2021-12-01,종로구,1413.0,705.0,665.0,건별집계|API_2017_2025,2021,12,4,겨울,285601.61814838706,267465.1869451613,15086.154370967743,3050.276829032258,373092.5336096774,220242.5696451613,348051.3839451613,240994.64258387097,237099.9395451613,60265.88092580645,30985.76781935484,145848.2908,107056.74136129032,2,6,2,53,116,1,114,0,0,69,0,0,1,39,402570.0,276471.0,126099.0,0.3132,38771.0,1322586.0,798246.0,524340.0,0.3965,223820.0,494.7450960399889,246.84734091167175,1.444228719001637,0.4989384288747346
2022-01-01,종로구,1170.0,593.0,,건별집계|xlsx_2022_2024,2022,1,1,겨울,274646.1481580645,257426.95063870968,14466.302212903225,2752.895290322581,360949.4545548387,213759.32159677419,334878.3916129033,231623.1170967742,230371.40132580645,60542.96959354839,30535.932258064517,139292.49947419355,103255.27451612902,2,21,20,84,59,0,388,0,0,60,0,0,0,13,375503.0,255953.0,119550.0,0.3184,37887.0,1310138.0,745904.0,564234.0,0.4307,237973.0,426.0026975971427,215.91418775650052,1.4457900222152182,0.5068376068376068
2022-02-01,종로구,1194.0,604.0,,건별집계|xlsx_2022_2024,2022,2,1,겨울,278264.3651714286,256013.47139285714,14938.124178571428,7312.769603571428,360458.928925,219299.55117142858,335602.34449642856,237308.66563928573,224453.58184642857,58202.130417857144,30779.473842857144,135471.97758571428,98293.67885714285,2,21,20,84,59,0,388,0,0,60,0,0,0,13,375503.0,255953.0,119550.0,0.3184,37887.0,1310138.0,745904.0,564234.0,0.4307,237973.0,429.0883596483581,217.05977322245252,1.4142018100870843,0.5058626465661642
2022-03-01,종로구,1512.0,652.0,,건별집계|xlsx_2022_2024,2022,3,1,봄,285889.2470032258,264145.1338419355,15585.569632258066,6158.543529032258,370845.3633064516,223114.28205161288,345624.17053225805,243221.44448387096,225540.54446451613,58387.43892903226,30092.9638516129,137060.14168387096,102402.72604838709,2,21,20,84,59,0,388,0,0,60,0,0,0,13,375503.0,255953.0,119550.0,0.3184,37887.0,1310138.0,745904.0,564234.0,0.4307,237973.0,528.8761350240429,228.06034393893916,1.4210267160681131,0.4312169312169312
2022-04-01,종로구,1362.0,636.0,,건별집계|xlsx_2022_2024,2022,4,2,봄,299673.6212733333,278240.4045933333,16160.64857,5272.568126666666,399601.1012466667,224417.64371,369709.33473,249648.11169999998,260087.64084,68759.32112000001,32269.963573333334,159058.35614666666,120061.22303,2,21,20,84,59,0,388,0,0,60,0,0,0,13,375503.0,255953.0,119550.0,0.3184,37887.0,1310138.0,745904.0,564234.0,0.4307,237973.0,454.4944577413156,212.23089216114295,1.4809218151598782,0.4669603524229075
2022-05-01,종로구,1576.0,751.0,,건별집계|xlsx_2022_2024,2022,5,2,봄,316676.60057741933,293012.9584419355,17178.843348387094,6484.798783870968,428511.3510129032,231638.17845161288,395403.0777548387,260443.4025870968,277483.95272903226,78306.62437741936,32714.985967741934,166462.34238387097,134959.67516774195,2,21,20,84,59,0,388,0,0,60,0,0,0,13,375503.0,255953.0,119550.0,0.3184,37887.0,1310138.0,745904.0,564234.0,0.4307,237973.0,497.66859854070844,237.15045526908128,1.5181919519831533,0.47652284263959394
2022-06-01,종로구,1477.0,773.0,,건별집계|xlsx_2022_2024,2022,6,2,여름,313369.38754666667,289442.5416033333,16757.05018,7169.795773333333,420305.91751,232504.08205666667,388524.85767666664,259686.90888666667,268996.31280666665,76003.56680666665,32410.774646666665,160581.97135333333,128837.94879000001,2,21,20,84,59,0,388,0,0,60,0,0,0,13,375503.0,255953.0,119550.0,0.3184,37887.0,1310138.0,745904.0,564234.0,0.4307,237973.0,471.3287445092404,246.67374374112583,1.4961280079244494,0.5233581584292485
2022-07-01,종로구,1700.0,876.0,,건별집계|xlsx_2022_2024,2022,7,3,여름,299820.97428387095,276042.2801161291,16172.26738064516,7606.426793548388,394964.0104516129,225551.07612903227,368580.42244516127,250707.08271612902,246172.64003225806,69288.65973225806,30359.00768064516,146524.97261935484,117873.33972903228,2,21,20,84,59,0,388,0,0,60,0,0,0,13,375503.0,255953.0,119550.0,0.3184,37887.0,1310138.0,745904.0,564234.0,0.4307,237973.0,567.0050282707831,292.1743557442388,1.4701635807493243,0.5152941176470588
2022-08-01,종로구,1587.0,803.0,,건별집계|xlsx_2022_2024,2022,8,3,여름,297450.2631290323,271194.5526903226,16433.595461290322,9822.114980645161,391636.7797903226,225528.80408387096,364588.66737741936,249494.2600967742,245075.85131612903,69215.18969677419,29827.99012580645,146032.67149354838,115094.40728064517,2,21,20,84,59,0,388,0,0,60,0,0,0,13,375503.0,255953.0,119550.0,0.3184,37887.0,1310138.0,745904.0,564234.0,0.4307,237973.0,533.5345759339833,269.96109922809615,1.4613108423255996,0.5059861373660995
2022-09-01,종로구,1536.0,802.0,,건별집계|xlsx_2022_2024,2022,9,3,가을,308105.22022666666,279348.1711833333,17522.2174,11234.831646666666,413741.33226,229346.12459000002,381928.48452,255374.31717000002,258153.15321000002,74797.00480666666,29742.25278,153613.89562333332,126554.16735,2,21,20,84,59,0,388,0,0,60,0,0,0,13,375503.0,255953.0,119550.0,0.3184,37887.0,1310138.0,745904.0,564234.0,0.4307,237973.0,498.53098849477345,260.30068539896376,1.4955634096350974,0.5221354166666666
2022-10-01,종로구,1434.0,767.0,,건별집계|xlsx_2022_2024,2022,10,4,가을,314778.37528064515,285295.2478,17619.553396774194,11863.574093548388,435171.71786774194,232286.3914419355,394885.8352354839,257558.76104193548,267130.3064225806,81981.5003032258,29626.75103548387,155522.05508387098,137327.07419354838,2,21,20,84,59,0,388,0,0,60,0,0,0,13,375503.0,255953.0,119550.0,0.3184,37887.0,1310138.0,745904.0,564234.0,0.4307,237973.0,455.5586128562665,243.6634979503183,1.5331873535887561,0.5348675034867504
2022-11-01,종로구,1443.0,766.0,,건별집계|xlsx_2022_2024,2022,11,4,가을,316516.61639333336,287321.6705033333,18254.324943333333,10940.620946666666,433615.84428,231916.42949,397356.2379033333,258774.02960333333,271170.06316666666,77995.64546666667,30804.83898,162369.57872000002,138582.2083,2,21,20,84,59,0,388,0,0,60,0,0,0,13,375503.0,255953.0,119550.0,0.3184,37887.0,1310138.0,745904.0,564234.0,0.4307,237973.0,455.90023564727875,242.00941129994143,1.5355336797607873,0.5308385308385308
2022-12-01,종로구,1623.0,809.0,,건별집계|xlsx_2022_2024,2022,12,4,겨울,308312.52728064515,279377.0597774194,17545.999019354836,11389.468487096774,409390.21935161285,231617.26181935484,379139.64791612903,257721.72681935484,247998.0966,70303.9632548387,29767.955477419353,147926.17786774194,121417.9210967742,2,21,20,84,59,0,388,0,0,60,0,0,0,13,375503.0,255953.0,119550.0,0.3184,37887.0,1310138.0,745904.0,564234.0,0.4307,237973.0,526.413900309229,262.396084627336,1.471120237301063,0.4984596426370918
2023-01-01,종로구,1433.0,,,xlsx_2022_2024,2023,1,1,겨울,288015.23972580646,263129.1553387097,15400.382541935483,9485.70186451613,383102.16158387094,218771.5491,353452.0254870968,241274.67848387096,232351.36538387096,67906.80748064516,28553.106848387095,135891.4510548387,112177.3470032258,2,34,5,203,102,0,125,0,0,79,0,0,0,17,341554.0,239988.0,101566.0,0.2974,42540.0,1190302.0,660920.0,529382.0,0.4447,259145.0,497.54311659488263,,1.46493626147646,
2023-02-01,종로구,1218.0,,,xlsx_2022_2024,2023,2,1,겨울,308403.5667392857,281739.4532107143,16311.328360714284,10352.785157142858,421559.91771785717,225965.419875,386219.42775,252820.8088642857,260406.06954642857,80353.60521785714,29330.160810714286,150722.30351785713,133398.61888571427,2,34,5,203,102,0,125,0,0,79,0,0,0,17,341554.0,239988.0,101566.0,0.2974,42540.0,1190302.0,660920.0,529382.0,0.4447,259145.0,394.9370666746074,,1.5276409781495586,
2023-03-01,종로구,1455.0,,,xlsx_2022_2024,2023,3,1,봄,319668.0005354839,287972.8448516129,18853.666461290322,12841.489216129032,436830.3155419355,234015.29886129033,400710.6792225806,261780.37291290323,258779.74082903223,76716.88030322581,28928.608203225805,153134.25232258064,138930.30630967743,2,34,5,203,102,0,125,0,0,79,0,0,0,17,341554.0,239988.0,101566.0,0.2974,42540.0,1190302.0,660920.0,529382.0,0.4447,259145.0,455.15972745557673,,1.5307132263727838,
2023-04-01,종로구,1423.0,,,xlsx_2022_2024,2023,4,2,봄,317143.26582333335,284577.77986666665,18887.06266666667,13678.4233,431006.6950966667,234290.9087,395800.1838033333,260959.75299333333,266201.49099333334,76990.95162333334,31486.679333333333,157723.86003666665,134840.43081,2,34,5,203,102,0,125,0,0,79,0,0,0,17,341554.0,239988.0,101566.0,0.2974,42540.0,1190302.0,660920.0,529382.0,0.4447,259145.0,448.6931154933276,,1.5167096813332925,
2023-05-01,종로구,1601.0,,,xlsx_2022_2024,2023,5,2,봄,316774.9977387097,285384.3693387097,18885.744219354838,12504.884161290322,428694.57331935485,233177.75602580645,394896.68935806456,260973.78944193549,259899.68511290321,75731.10759677419,30583.791741935485,153584.78577419356,133922.89991612904,2,34,5,203,102,0,125,0,0,79,0,0,0,17,341554.0,239988.0,101566.0,0.2974,42540.0,1190302.0,660920.0,529382.0,0.4447,259145.0,505.40604890812034,,1.5131660930490716,
2023-06-01,종로구,1592.0,,,xlsx_2022_2024,2023,6,2,여름,309928.8272833333,279333.95574,16879.78384,13715.087703333333,413984.82943,230648.86749666664,383847.0219433333,257130.11679333335,252872.24978666665,71562.80045,30301.409516666667,151008.03982,126716.90515,2,34,5,203,102,0,125,0,0,79,0,0,0,17,341554.0,239988.0,101566.0,0.2974,42540.0,1190302.0,660920.0,529382.0,0.4447,259145.0,513.6663194432741,,1.4928123812577268,
2023-07-01,종로구,1698.0,,,xlsx_2022_2024,2023,7,3,여름,297869.28523548384,270624.3124741935,14577.827622580644,12667.145138709679,395356.87941935484,223017.89852258065,367822.1813774194,247902.93086451612,238084.15824193548,68582.57874193549,28371.25456451613,141130.32493548386,119919.25051290322,2,34,5,203,102,0,125,0,0,79,0,0,0,17,341554.0,239988.0,101566.0,0.2974,42540.0,1190302.0,660920.0,529382.0,0.4447,259145.0,570.0487039667844,,1.4837347025091912,
2023-08-01,종로구,1593.0,,,xlsx_2022_2024,2023,8,3,여름,295544.23406774196,268638.96330967743,15156.200406451611,11749.070354838708,391933.944283871,221021.2100548387,364778.3258516129,246091.31137419355,236365.48279354838,68164.75643548387,28290.146841935482,139910.57951612902,118687.01447741935,2,34,5,203,102,0,125,0,0,79,0,0,0,17,341554.0,239988.0,101566.0,0.2974,42540.0,1190302.0,660920.0,529382.0,0.4447,259145.0,539.0056094394544,,1.4822885205278544,
2023-09-01,종로구,1687.0,,,xlsx_2022_2024,2023,9,3,가을,310683.87675,278569.30703666667,18257.569333333333,13857.000403333333,416698.9335633333,231170.24287333334,385062.34047,257556.40267333333,248155.35158,74404.41043333334,28919.210343333332,144831.73080333334,127505.93779666667,2,34,5,203,102,0,125,0,0,79,0,0,0,17,341554.0,239988.0,101566.0,0.2974,42540.0,1190302.0,660920.0,529382.0,0.4447,259145.0,542.9956705984744,,1.4950602527182613,
2023-10-01,종로구,1476.0,,,xlsx_2022_2024,2023,10,4,가을,316416.9604451613,282749.48567741935,18243.345441935482,15424.129316129032,437262.756816129,231889.40821612903,397782.7244935484,258298.55755483868,261384.16198709677,79922.2964516129,30269.32577419355,151192.5397612903,139484.16693870968,2,34,5,203,102,0,125,0,0,79,0,0,0,17,341554.0,239988.0,101566.0,0.2974,42540.0,1190302.0,660920.0,529382.0,0.4447,259145.0,466.47309863650867,,1.5400114048608118,
2023-11-01,종로구,1304.0,,,xlsx_2022_2024,2023,11,4,가을,321384.29482,287928.9736666667,18367.757996666667,15087.56315,437170.6789766667,236129.04020000002,402311.34473333333,263579.25916333334,268424.3236566667,80292.70493666666,30673.82079,157457.79793,138732.08557,2,34,5,203,102,0,125,0,0,79,0,0,0,17,341554.0,239988.0,101566.0,0.2974,42540.0,1190302.0,660920.0,529382.0,0.4447,259145.0,405.7447800087246,,1.526339158894256,
2023-12-01,종로구,1524.0,,,xlsx_2022_2024,2023,12,4,겨울,316221.35075483867,283404.2901580645,18566.6283,14250.432309677419,420186.5186,236855.19265806454,388191.47745161294,264814.11741290323,250129.66837419357,76780.51518387097,29443.404367741936,143905.74882258064,123377.3600387097,2,34,5,203,102,0,125,0,0,79,0,0,0,17,341554.0,239988.0,101566.0,0.2974,42540.0,1190302.0,660920.0,529382.0,0.4447,259145.0,481.9408924672935,,1.4659017473994311,
2024-01-01,종로구,1348.0,,,xlsx_2022_2024,2024,1,1,겨울,295191.08298709674,270053.18016451615,13710.654325806452,11427.2485,393092.02483548387,220842.78787741935,364228.74465161294,245878.46751935483,235054.9843483871,71407.37188709677,27496.50567096774,136151.10679032258,118350.27713225807,0,24,0,68,100,0,93,12,38,42,18,9,0,12,340996.0,237684.0,103312.0,0.303,38064.0,964822.0,561443.0,403379.0,0.4181,197816.0,456.6533603790881,,1.4813364843464463,
2024-02-01,종로구,1205.0,,,xlsx_2022_2024,2024,2,1,겨울,292195.9712758621,266471.0176413793,13665.275289655174,12059.67836551724,396114.05526896555,217302.6189862069,362797.56751034484,241766.25970344828,240524.1999310345,73690.20003448275,27970.726720689654,138863.27317586206,121031.30780689656,0,24,0,68,100,0,93,12,38,42,18,9,0,12,340996.0,237684.0,103312.0,0.303,38064.0,964822.0,561443.0,403379.0,0.4181,197816.0,412.3944607238818,,1.500612897578654,
2024-03-01,종로구,1310.0,,,xlsx_2022_2024,2024,3,1,봄,313804.19177741936,281570.7863967742,17222.057177419352,15011.348216129034,427748.9239806452,231949.25472258063,391437.50606774195,258351.82442903228,248995.9854483871,76604.2933,27631.95871935484,144759.73342903226,133085.68163870968,0,24,0,68,100,0,93,12,38,42,18,9,0,12,340996.0,237684.0,103312.0,0.303,38064.0,964822.0,561443.0,403379.0,0.4181,197816.0,417.4577760035724,,1.5151335080866346,
2024-04-01,종로구,1407.0,,,xlsx_2022_2024,2024,4,2,봄,316530.93411,282658.34740666667,17318.167383333333,16554.41932,432163.2685966667,230568.35731,397096.84768,258983.85299,264624.30161666666,75251.00083666667,30758.555103333332,158614.74567666667,138112.99469,0,24,0,68,100,0,93,12,38,42,18,9,0,12,340996.0,237684.0,103312.0,0.303,38064.0,964822.0,561443.0,403379.0,0.4181,197816.0,444.5063178283369,,1.5332880528861885,
2024-05-01,종로구,1503.0,,,xlsx_2022_2024,2024,5,2,봄,315466.38450322585,283122.51924193546,17169.592687096774,15174.272583870968,431103.72732580645,228031.95198387097,396378.0928129032,257672.3071580645,249818.5507548387,74804.13200322581,26680.02442903226,148334.39432258063,138705.78565483872,0,24,0,68,100,0,93,12,38,42,18,9,0,12,340996.0,237684.0,103312.0,0.303,38064.0,964822.0,561443.0,403379.0,0.4181,197816.0,476.4374506547878,,1.5383030376242648,
2024-06-01,종로구,1573.0,,,xlsx_2022_2024,2024,6,2,여름,306304.64510666666,275218.49849666667,16721.30188,14364.844736666668,409539.45003666665,227185.91443333335,379209.36574000004,254229.8446733333,239260.45911333335,71041.80843666666,26533.97425666667,141684.67642,124979.52106666667,0,24,0,68,100,0,93,12,38,42,18,9,0,12,340996.0,237684.0,103312.0,0.303,38064.0,964822.0,561443.0,403379.0,0.4181,197816.0,513.5410203956335,,1.4916005090875788,
2024-07-01,종로구,1456.0,,,xlsx_2022_2024,2024,7,3,여름,297758.7435451613,270197.7231483871,14034.322209677419,13526.698199999999,398602.36851612903,218888.3976096774,370933.80981290323,245490.83907741937,232618.33241290323,68640.97022580645,25125.72188064516,138851.64030645162,125442.97073548388,0,24,0,68,100,0,93,12,38,42,18,9,0,12,340996.0,237684.0,103312.0,0.303,38064.0,964822.0,561443.0,403379.0,0.4181,197816.0,488.98648035138797,,1.5109883986176913,
2024-08-01,종로구,1694.0,,,xlsx_2022_2024,2024,8,3,여름,290170.3064548387,263133.33059354837,13885.826841935483,13151.149022580645,384581.50802580646,216479.4614483871,358181.79901290324,241590.6689064516,227234.29138064515,68496.70613225807,24948.66071612903,133788.92453225807,116591.1301064516,0,24,0,68,100,0,93,12,38,42,18,9,0,12,340996.0,237684.0,103312.0,0.303,38064.0,964822.0,561443.0,403379.0,0.4181,197816.0,583.7950894067961,,1.4825978198338359,
2024-09-01,종로구,1326.0,,,xlsx_2022_2024,2024,9,3,가을,297254.88909333333,267042.63157333335,16484.626433333335,13727.631083333334,398236.12173333333,221137.41672333333,367578.3427366667,247023.85076666667,237872.39790333333,72542.26034666666,26344.00662,138986.13093666668,120554.49197,0,24,0,68,100,0,93,12,38,42,18,9,0,12,340996.0,237684.0,103312.0,0.303,38064.0,964822.0,561443.0,403379.0,0.4181,197816.0,446.0818135050613,,1.4880277414340575,
2024-10-01,종로구,1285.0,,,xlsx_2022_2024,2024,10,4,가을,314680.6276612903,282020.63036129036,16761.968787096775,15898.028512903225,437122.10882580647,227629.1861903226,397589.9244,255459.70142258063,260638.8530580645,81400.33201935483,27484.881687096775,151753.6393516129,142130.22297741935,0,24,0,68,100,0,93,12,38,42,18,9,0,12,340996.0,237684.0,103312.0,0.303,38064.0,964822.0,561443.0,403379.0,0.4181,197816.0,408.35052654818105,,1.5563704262783429,
2024-11-01,종로구,1307.0,,,xlsx_2022_2024,2024,11,4,가을,312703.37127666664,281251.60969,16726.535736666665,14725.225853333333,431284.38739,226815.61499333332,394072.69663,254582.42459666668,268288.9602833333,80554.72885,28465.77574,159268.45569333335,139490.27203333334,0,24,0,68,100,0,93,12,38,42,18,9,0,12,340996.0,237684.0,103312.0,0.303,38064.0,964822.0,561443.0,403379.0,0.4181,197816.0,417.96799141113894,,1.5479179179565397,
2024-12-01,종로구,1414.0,,,xlsx_2022_2024,2024,12,4,겨울,304011.0758290323,273871.5138870968,16067.35103548387,14072.210893548387,410173.07752903225,223734.74781290322,377098.2129903226,251805.97784193547,247767.60970967743,74391.91500967742,27341.66838064516,146034.02631935483,125292.2351483871,0,24,0,68,100,0,93,12,38,42,18,9,0,12,340996.0,237684.0,103312.0,0.303,38064.0,964822.0,561443.0,403379.0,0.4181,197816.0,465.1146331244839,,1.4975745064600334,
2018-04-01,중구,1520.0,891.0,901.0,API_2017_2025,2018,4,2,봄,388279.70296923077,305935.3209038462,24938.296234615384,57406.08584615385,542810.2304923077,258162.33701538463,504937.67628461536,304952.5791769231,365279.27231153846,95985.12091153846,35511.18318461539,233782.96821538464,199985.0971076923,0,24,11,115,2,0,351,0,0,147,0,0,0,38,,,,,,,,,,,391.4703726144687,229.473751315455,1.6557908040897984,0.5861842105263158
2018-05-01,중구,1594.0,954.0,962.0,API_2017_2025,2018,5,2,봄,380333.3473935484,303647.5642645161,24888.799829032258,51796.9833,533759.3553645161,253304.76041935483,493278.4343580645,298706.10297741933,353240.67339999997,94296.69594193548,35487.70152903226,223456.27592903224,194572.33138064516,0,24,11,115,2,0,351,0,0,147,0,0,0,38,,,,,,,,,,,419.10603183333666,250.83259370702834,1.6513838500157925,0.5984943538268507
2018-06-01,중구,1615.0,924.0,925.0,API_2017_2025,2018,6,2,여름,363235.15405333333,295561.2403366667,24100.955646666665,43572.95807666667,510844.75893333333,240306.40051,473613.4165066667,284393.5380233333,331861.94042666664,87714.41215,33615.152949999996,210532.37532666666,189219.87848333333,0,24,11,115,2,0,351,0,0,147,0,0,0,38,,,,,,,,,,,444.615556060103,254.3806648913531,1.6653452107192699,0.5721362229102167
2018-07-01,중구,1776.0,997.0,1009.0,API_2017_2025,2018,7,3,여름,372610.5431741936,295557.8625645161,23871.361732258065,53181.31886774193,518317.01217096776,249977.79027096773,484089.5080903226,292982.7111,333270.50923870964,88735.9537935484,32702.234851612906,211832.3205935484,191106.7969903226,0,24,11,115,2,0,351,0,0,147,0,0,0,38,,,,,,,,,,,476.63707657615277,267.5716021094732,1.652280116710008,0.5613738738738738
2018-08-01,중구,1734.0,995.0,999.0,API_2017_2025,2018,8,3,여름,367620.380383871,289435.8607193548,23733.775819354836,54450.743848387094,507481.4335935484,249414.51881290323,475189.79846774193,290099.3665225806,334102.2404451613,87553.58160967742,32976.30175806452,213572.35707741938,185090.43194516128,0,24,11,115,2,0,351,0,0,147,0,0,0,38,,,,,,,,,,,471.6822277887175,270.65964051313375,1.6380242541162333,0.5738177623990772
2018-09-01,중구,1557.0,902.0,909.0,API_2017_2025,2018,9,3,가을,361123.74923,283974.91363666666,24364.396596666666,52784.43899333334,498726.6832833334,247797.15653333333,461842.1391233334,289182.0421533333,314422.52639666665,84726.13011333333,31474.049783333332,198222.34649999999,172660.09696999998,0,24,11,115,2,0,351,0,0,147,0,0,0,38,,,,,,,,,,,431.15414129363876,249.77587376163274,1.5970636893090695,0.5793192035966602
2018-10-01,중구,1532.0,876.0,880.0,API_2017_2025,2018,10,4,가을,386479.6882483871,302551.5576645161,24610.695412903224,59317.43518387097,538125.7775451613,259954.56733548385,499140.2829580645,305257.9994967742,344092.832816129,93193.53699354839,33900.70435806452,216998.59146451612,193882.28346129032,0,24,11,115,2,0,351,0,0,147,0,0,0,38,,,,,,,,,,,396.39858098193173,226.6613295954127,1.6351423509978782,0.5718015665796344
2018-11-01,중구,1399.0,789.0,792.0,API_2017_2025,2018,11,4,가을,396197.8972633333,309977.12199333333,24870.86854666667,61349.90673,553186.0334966666,265201.4392466667,512508.98913333326,313118.54594,362033.26929333335,99641.12131,35221.792219999996,227170.35576333333,199390.4431933333,0,24,11,115,2,0,351,0,0,147,0,0,0,38,,,,,,,,,,,353.10636670798715,199.14290445504065,1.6367889918329546,0.5639742673338098
2018-12-01,중구,1482.0,850.0,861.0,API_2017_2025,2018,12,4,겨울,374653.90057096776,290582.30216129037,24361.547919354838,59710.050512903224,515457.97442580643,256294.91107096776,479617.43003548385,299679.95096129033,325007.09081935487,89260.80455806451,32261.515119354837,203484.77114193546,179937.47907419354,0,24,11,115,2,0,351,0,0,147,0,0,0,38,,,,,,,,,,,395.5650795951813,226.87605779750612,1.6004321560284693,0.573549257759784
2019-01-01,중구,1242.0,739.0,742.0,API_2017_2025,2019,1,1,겨울,369893.75029677415,292631.55496774195,23936.210796774194,53325.98453548387,517177.9062870968,249484.66998064515,479893.1870935484,291322.7240129032,347357.75162580644,93922.03490967742,34230.426787096774,219205.28992903227,188570.4630806452,0,22,8,77,1,1,240,0,0,106,0,0,2,21,369492.0,240208.0,129284.0,0.3499,,267541.0,192343.0,75198.0,0.2811,,335.77209644756505,199.78710086533863,1.6472906077601177,0.5950080515297906
2019-02-01,중구,1169.0,671.0,677.0,API_2017_2025,2019,2,1,겨울,342495.53276785713,271666.6456142857,22844.36724642857,47984.51991785714,474057.46881785715,235016.68656785713,438754.5137107143,273739.1177892857,313209.112725,85532.83165,32844.22433571429,194832.05673928573,165015.39592142854,0,22,8,77,1,1,240,0,0,106,0,0,2,21,369492.0,240208.0,129284.0,0.3499,,267541.0,192343.0,75198.0,0.2811,,341.3183204326189,195.9149640806564,1.6028199303559214,0.5739948674080411
2019-03-01,중구,1416.0,789.0,792.0,API_2017_2025,2019,3,1,봄,362191.89914838714,293794.5316483871,23959.99555806452,44437.37195483871,511620.60976774193,240319.16198064515,471841.3222774193,283870.8826290323,316074.19362903223,88236.70984193549,29244.04485483871,198593.43893225805,187970.4396483871,0,22,8,77,1,1,240,0,0,106,0,0,2,21,369492.0,240208.0,129284.0,0.3499,,267541.0,192343.0,75198.0,0.2811,,390.95297363894827,217.8403221759394,1.6621687927536768,0.5572033898305084
2019-04-01,중구,1317.0,817.0,828.0,API_2017_2025,2019,4,2,봄,371640.50362333335,300386.3178866666,24149.11299,47105.07275666667,524321.4506333333,243980.58352333333,485868.4742833333,290049.09601000004,356079.2961133334,95524.70775,35038.08953333333,225516.49883,195819.37827333334,0,22,8,77,1,1,240,0,0,106,0,0,2,21,369492.0,240208.0,129284.0,0.3499,,267541.0,192343.0,75198.0,0.2811,,354.3747215816959,219.83610290982955,1.675124939077838,0.6203492786636294
2019-05-01,중구,1520.0,893.0,899.0,API_2017_2025,2019,5,2,봄,363596.7658354839,291049.5776419355,24198.021325806454,48349.16688709678,508265.51332258066,242519.97717741935,471631.65378064517,286428.98872258066,321778.8527387097,87736.3439,32196.48622903226,201846.0226096774,185202.6650580645,0,22,8,77,1,1,240,0,0,106,0,0,2,21,369492.0,240208.0,129284.0,0.3499,,267541.0,192343.0,75198.0,0.2811,,418.04552262925023,245.60174454468452,1.6465919035780334,0.5875
2019-06-01,중구,1364.0,808.0,810.0,API_2017_2025,2019,6,2,여름,351435.3846233333,283560.40307999996,24352.66982,43522.31172,491504.70039666665,236246.75743666667,455080.9778666666,277402.81799666665,305276.31807,83146.05175333333,30707.587959999997,191422.67835666667,177678.15987,0,22,8,77,1,1,240,0,0,106,0,0,2,21,369492.0,240208.0,129284.0,0.3499,,267541.0,192343.0,75198.0,0.2811,,388.1225567146372,229.91424180749766,1.6405059658483174,0.592375366568915
2019-07-01,중구,1545.0,886.0,892.0,API_2017_2025,2019,7,3,여름,358633.9605903226,288214.4108967742,24073.77114516129,46345.77855161291,503025.5172,238104.51816451614,468843.8362870967,279912.6208,302546.80797419354,83364.54302258063,28113.135167741933,191069.12978387097,188931.21548709675,0,22,8,77,1,1,240,0,0,106,0,0,2,21,369492.0,240208.0,129284.0,0.3499,,267541.0,192343.0,75198.0,0.2811,,430.8013656757107,247.0485501544852,1.6749649763812893,0.573462783171521
2019-08-01,중구,1545.0,870.0,878.0,API_2017_2025,2019,8,3,여름,365044.70752580644,293134.11046451615,24836.978183870968,47073.618867741934,505142.94000967743,248035.8047032258,470645.3302935484,289615.69128387095,308442.2752032258,85691.97002258064,30299.049967741936,192451.25521290323,181029.63900967743,0,22,8,77,1,1,240,0,0,106,0,0,2,21,369492.0,240208.0,129284.0,0.3499,,267541.0,192343.0,75198.0,0.2811,,423.23583061145405,238.32697257732366,1.625068476805142,0.5631067961165048
2019-09-01,중구,1432.0,832.0,834.0,API_2017_2025,2019,9,3,가을,364542.99724,291562.19206333335,25171.313233333334,47809.491916666666,505469.79225666664,248808.66081,469072.9015833333,289878.77983666665,319178.25514,88397.21376,31183.416536666668,199597.62484333335,179194.12174666667,0,22,8,77,1,1,240,0,0,106,0,0,2,21,369492.0,240208.0,129284.0,0.3499,,267541.0,192343.0,75198.0,0.2811,,392.8206030130461,228.23096487908822,1.6181691597005974,0.5810055865921788
2019-10-01,중구,1487.0,835.0,838.0,API_2017_2025,2019,10,4,가을,389021.2375451613,312006.8631274194,25338.61517903226,51675.759256451616,555970.5536080645,251759.2229967742,514227.7067629032,299588.0452612903,361604.20096451615,100470.10884032257,32845.17177903226,228288.92034516128,214639.66150161292,0,22,8,77,1,1,240,0,0,106,0,0,2,21,369492.0,240208.0,129284.0,0.3499,,267541.0,192343.0,75198.0,0.2811,,382.24134224224065,214.6412379100679,1.7164493540268326,0.5615332885003362
2019-11-01,중구,1406.0,858.0,864.0,API_2017_2025,2019,11,4,가을,381874.61430666666,300654.5943833333,25091.503090000002,56128.51684333334,536756.07148,254037.81301999997,498243.80064333335,298753.76692666666,342581.44180666667,96273.37151333333,32692.435056666665,213615.63523666665,199490.0337166667,0,22,8,77,1,1,240,0,0,106,0,0,2,21,369492.0,240208.0,129284.0,0.3499,,267541.0,192343.0,75198.0,0.2811,,368.18367792075946,224.68107799147342,1.6677406473192165,0.6102418207681366
2019-12-01,중구,1461.0,888.0,894.0,API_2017_2025,2019,12,4,겨울,375735.00535161287,295924.5818516129,24961.6065,54848.81701290323,522079.8657354839,252133.53586774194,485796.49981935485,297119.6521548387,346881.7301612903,96342.61959999999,34733.79411612903,215805.3164451613,188676.84766451613,0,22,8,77,1,1,240,0,0,106,0,0,2,21,369492.0,240208.0,129284.0,0.3499,,267541.0,192343.0,75198.0,0.2811,,388.83787222135345,236.3367765452169,1.635019751457539,0.6078028747433265
2020-01-01,중구,1313.0,763.0,785.0,API_2017_2025,2020,1,1,겨울,345720.10016774194,273743.9773935484,22873.188548387097,49102.93422903226,481522.730083871,235475.9417483871,447462.3053032258,273047.0965096774,320124.8793290322,87873.53101612904,32581.289974193547,199670.0583387097,174415.20879354837,0,34,4,56,0,0,101,0,0,55,0,0,0,131,359912.0,224773.0,135139.0,0.3755,,200309.0,140247.0,60062.0,0.2998,,379.7870009186443,220.69876747976053,1.6387733509093247,0.5811119573495811
2020-02-01,중구,1000.0,568.0,573.0,API_2017_2025,2020,2,1,겨울,322111.5059310345,266907.935,20999.98137586207,34203.58952413793,442288.19553793105,221615.4289413793,416548.0621931035,254656.82287931035,295075.7828758621,75267.90474827586,32288.27948965517,187519.59863793105,161891.2393137931,0,34,4,56,0,0,101,0,0,55,0,0,0,131,359912.0,224773.0,135139.0,0.3755,,200309.0,140247.0,60062.0,0.2998,,310.45149943017077,176.336451676337,1.6357231566912243,0.568
2020-03-01,중구,974.0,437.0,438.0,API_2017_2025,2020,3,1,봄,272003.3382483871,246672.94196129031,18706.751467741935,6623.644816129032,379422.8960935484,185493.51361290325,354951.6534387097,212754.5417,258505.29598387095,62007.600348387095,31868.167841935487,164629.5277935484,142197.11173870967,0,34,4,56,0,0,101,0,0,55,0,0,0,131,359912.0,224773.0,135139.0,0.3755,,200309.0,140247.0,60062.0,0.2998,,358.08384054116493,160.65979293274034,1.6683622854886846,0.4486652977412731
2020-04-01,중구,1024.0,494.0,495.0,API_2017_2025,2020,4,2,봄,271389.02416333335,248482.8087,18986.597973333333,3919.617493333333,381683.02464333334,183883.78503666667,354732.45552333334,211858.00175,270421.12745666667,66112.22185,33046.36922,171262.53638666667,142874.45377333334,0,34,4,56,0,0,101,0,0,55,0,0,0,131,359912.0,224773.0,135139.0,0.3755,,200309.0,140247.0,60062.0,0.2998,,377.3181333168852,182.02652134623173,1.6743878097270561,0.482421875
2020-05-01,중구,1249.0,619.0,628.0,API_2017_2025,2020,5,2,봄,271633.831583871,249176.81101612904,19160.10335483871,3296.917241935484,382157.77828709676,183466.77373548388,354277.19333870965,212602.85892580645,269898.0052516129,67595.45803870968,32907.5700483871,169394.97716451614,141674.33441290323,0,34,4,56,0,0,101,0,0,55,0,0,0,131,359912.0,224773.0,135139.0,0.3755,,200309.0,140247.0,60062.0,0.2998,,459.81017633819766,227.8803035655279,1.6663801941738907,0.4955964771817454
2020-06-01,중구,1205.0,600.0,606.0,API_2017_2025,2020,6,2,여름,285638.1845066667,262058.4161633333,19703.76846666667,3875.999893333333,406777.4195466667,187427.72492,378542.11692999996,219278.23277333332,292371.5603366667,72978.5393,33545.82553,185847.19550666667,159263.88415666667,0,34,4,56,0,0,101,0,0,55,0,0,0,131,359912.0,224773.0,135139.0,0.3755,,200309.0,140247.0,60062.0,0.2998,,421.8623648239424,210.05594928992983,1.7263095937173885,0.4979253112033195
2020-07-01,중구,1271.0,655.0,662.0,API_2017_2025,2020,7,3,여름,288436.05071290326,263699.59217419353,19688.85463548387,5047.603887096774,411568.96590645163,189847.3178064516,381721.68001935486,221803.4583516129,291075.1953870968,73676.53941935484,32896.60302580645,184502.0529419355,159918.22166774195,0,34,4,56,0,0,101,0,0,55,0,0,0,131,359912.0,224773.0,135139.0,0.3755,,200309.0,140247.0,60062.0,0.2998,,440.6522682787313,227.08673148903935,1.7209906592810305,0.5153422501966956
2020-08-01,중구,1346.0,631.0,632.0,API_2017_2025,2020,8,3,여름,267673.21147096774,242150.24217096774,18599.638112903227,6923.331183870968,367484.9540451613,187127.5489967742,344042.1360935484,213123.97960967742,254861.02733870968,62872.09667419355,32377.969996774194,159610.96066774192,130918.15648387096,0,34,4,56,0,0,101,0,0,55,0,0,0,131,359912.0,224773.0,135139.0,0.3755,,200309.0,140247.0,60062.0,0.2998,,502.85196363252413,235.73520731955625,1.6142816811305747,0.4687964338781575
2020-09-01,중구,1044.0,524.0,528.0,API_2017_2025,2020,9,3,가을,270070.4777433333,243132.80806333333,18649.45950333333,8288.210186666667,374426.20892666664,187291.85102,349479.94832,213349.42734666666,257452.63733333335,62510.786753333334,31440.496933333336,163501.35364666668,136130.52097333333,0,34,4,56,0,0,101,0,0,55,0,0,0,131,359912.0,224773.0,135139.0,0.3755,,200309.0,140247.0,60062.0,0.2998,,386.5657619164822,194.02342839486272,1.638063681099729,0.5019157088122606
2020-10-01,중구,1075.0,577.0,590.0,API_2017_2025,2020,10,4,가을,272496.78663870966,246714.40343870968,18627.950651612904,7154.432548387097,381737.12566774193,186784.5671451613,353623.0122322581,214549.48265806452,269129.44518064515,68439.5176516129,32289.182267741933,168400.7452612903,139073.52957419356,0,34,4,56,0,0,101,0,0,55,0,0,0,131,359912.0,224773.0,135139.0,0.3755,,200309.0,140247.0,60062.0,0.2998,,394.5000648485777,211.74561620244586,1.6482119082796403,0.5367441860465116
2020-11-01,중구,981.0,565.0,580.0,API_2017_2025,2020,11,4,가을,282393.82213,255241.89255333334,18972.273186666665,8179.6564033333325,399506.3536333333,191572.0209166667,370166.0388133333,219699.38165333334,282808.7932633333,72457.30365,32156.867256666665,178194.62235666666,150466.65716,0,34,4,56,0,0,101,0,0,55,0,0,0,131,359912.0,224773.0,135139.0,0.3755,,200309.0,140247.0,60062.0,0.2998,,347.3872029496441,200.07519843684906,1.684875196405529,0.5759429153924567
2020-12-01,중구,1024.0,530.0,548.0,API_2017_2025,2020,12,4,겨울,259548.40123548388,234147.8379548387,18307.841877419356,7092.721422580646,358830.2002064516,184000.98986129032,334458.73903870967,206041.01710645162,243296.76570000002,58438.86507419355,30981.407729032257,153876.49289677417,128417.72193225806,0,34,4,56,0,0,101,0,0,55,0,0,0,131,359912.0,224773.0,135139.0,0.3755,,200309.0,140247.0,60062.0,0.2998,,394.5314227040613,204.2008340167505,1.6232629004442873,0.517578125
2021-01-01,중구,1148.0,619.0,547.0,건별집계|API_2017_2025,2021,1,1,겨울,253509.2782451613,229190.92478387096,17849.80898064516,6468.544464516129,351526.86319999996,180067.61207419354,326675.73952903226,201247.52017741936,241981.92347741936,58945.99044193548,31000.740329032258,152035.1927064516,125428.2193516129,1,6,0,34,5,0,93,0,0,36,0,0,0,82,374191.0,243540.0,130651.0,0.3492,36553.0,230832.0,170519.0,60313.0,0.2613,46654.0,452.8433862250214,244.1725227119236,1.6232534902344917,0.539198606271777
2021-02-01,중구,1055.0,576.0,481.0,건별집계|API_2017_2025,2021,2,1,겨울,261626.98098928572,234978.02334285714,17758.648664285713,8890.30897857143,366078.5528892857,182073.67863928573,339195.53461785713,206220.87124642855,255689.16609285717,65118.04284285714,31046.643760714283,159524.4794892857,132974.66337142859,1,6,0,34,5,0,93,0,0,36,0,0,0,82,374191.0,243540.0,130651.0,0.3492,36553.0,230832.0,170519.0,60313.0,0.2613,46654.0,403.2458716645914,220.16077922161577,1.6448167082590168,0.5459715639810426
2021-03-01,중구,1207.0,617.0,552.0,건별집계|API_2017_2025,2021,3,1,봄,280090.7516677419,251960.0470483871,18576.20759032258,9554.497045161292,397246.077932258,189362.32469032257,367646.35183548386,217551.0372903226,274331.37736129033,71124.94425483872,30363.024770967742,172843.40833548387,150095.3145451613,1,6,0,34,5,0,93,0,0,36,0,0,0,82,374191.0,243540.0,130651.0,0.3492,36553.0,230832.0,170519.0,60313.0,0.2613,46654.0,430.9317579438701,220.28574536153099,1.6899315048765249,0.5111847555923777
2021-04-01,중구,1229.0,655.0,614.0,건별집계|API_2017_2025,2021,4,2,봄,282017.24484666664,253751.87882,18423.158466666664,9842.207546666667,400761.7591466667,190077.70551000003,371031.82057000004,218435.40503,290425.2695733334,73197.27384,33291.53128333334,183936.46445,152596.41554000002,1,6,0,34,5,0,93,0,0,36,0,0,0,82,374191.0,243540.0,130651.0,0.3492,36553.0,230832.0,170519.0,60313.0,0.2613,46654.0,435.7889534975813,232.25530068422762,1.698588287549092,0.532953620829943
2021-05-01,중구,1354.0,775.0,705.0,건별집계|API_2017_2025,2021,5,2,봄,269267.0624483871,242860.18955161292,18262.477838709678,8144.395048387097,376497.69061935483,185782.3285451613,348612.3623193548,212591.8482354839,264426.99892580643,67331.43322580645,32069.475812903227,165026.08988709678,136020.51408387098,1,6,0,34,5,0,93,0,0,36,0,0,0,82,374191.0,243540.0,130651.0,0.3492,36553.0,230832.0,170519.0,60313.0,0.2613,46654.0,502.84650030656223,287.8183439716291,1.6398199893967882,0.5723781388478582
2021-06-01,중구,1459.0,776.0,704.0,건별집계|API_2017_2025,2021,6,2,여름,280867.9846133333,253813.34932,18550.014583333334,8504.620716666666,398574.2516633334,189398.04009333334,369351.06818,217665.78208333335,286333.2874466667,74321.49484333333,32355.339533333332,179656.45307,151685.28609666665,1,6,0,34,5,0,93,0,0,36,0,0,0,82,374191.0,243540.0,130651.0,0.3492,36553.0,230832.0,170519.0,60313.0,0.2613,46654.0,519.461127621428,276.2863845333983,1.6968724465777258,0.5318711446196025
2021-07-01,중구,1398.0,791.0,639.0,건별집계|API_2017_2025,2021,7,3,여름,267519.27843548387,240267.94957741935,17587.298793548387,9664.030083870968,371339.92672903225,186657.2021548387,346173.4051322581,211337.75938064515,257676.76230645162,64597.999548387095,31454.45123870968,161624.31151935484,134835.6457516129,1,6,0,34,5,0,93,0,0,36,0,0,0,82,374191.0,243540.0,130651.0,0.3492,36553.0,230832.0,170519.0,60313.0,0.2613,46654.0,522.579160715383,295.6796252688612,1.6380101982095752,0.5658082975679543
2021-08-01,중구,1362.0,840.0,703.0,건별집계|API_2017_2025,2021,8,3,여름,259775.89316774192,230520.0986,17091.737935483874,12164.056638709677,360375.9464612903,182887.9843032258,335027.5003709678,206024.74517419355,247805.94019032258,62693.25691612903,30843.936458064516,154268.74681612905,129002.7551967742,1,6,0,34,5,0,93,0,0,36,0,0,0,82,374191.0,243540.0,130651.0,0.3492,36553.0,230832.0,170519.0,60313.0,0.2613,46654.0,524.2980722312568,323.35563926156806,1.6261517522455986,0.6167400881057269
2021-09-01,중구,1418.0,798.0,654.0,건별집계|API_2017_2025,2021,9,3,가을,260732.41652666667,232895.87322333333,17295.52848,10541.014806666668,363338.81634,182606.58006,336202.7762233333,206825.01672,250098.13143,64411.14362333333,30050.048113333334,155636.93969333332,129377.75950333333,1,6,0,34,5,0,93,0,0,36,0,0,0,82,374191.0,243540.0,130651.0,0.3492,36553.0,230832.0,170519.0,60313.0,0.2613,46654.0,543.8525899041682,306.06090743549095,1.6255421203639262,0.5627644569816643
2021-10-01,중구,1321.0,782.0,668.0,건별집계|API_2017_2025,2021,10,4,가을,270799.8522451613,242153.83737419354,17520.54041935484,11125.47444516129,380052.4400258064,188358.69537096773,349927.41447741934,214280.16491290324,261062.3815548387,68613.19355483871,30700.1741,161749.0139,135647.24956451613,1,6,0,34,5,0,93,0,0,36,0,0,0,82,374191.0,243540.0,130651.0,0.3492,36553.0,230832.0,170519.0,60313.0,0.2613,46654.0,487.814150948675,288.77416051617246,1.6330368917704146,0.5919757759273278
2021-11-01,중구,1593.0,858.0,655.0,건별집계|API_2017_2025,2021,11,4,가을,288220.20265000005,259131.09180666666,17996.713873333334,11092.396996666668,410761.95004666667,193376.06484333333,379117.1065966667,223293.84269666666,292416.68933,78961.53511999999,31734.763326666667,181720.39088333334,155823.26390000002,1,6,0,34,5,0,93,0,0,36,0,0,0,82,374191.0,243540.0,130651.0,0.3492,36553.0,230832.0,170519.0,60313.0,0.2613,46654.0,552.7024078650234,297.6890558369052,1.6978395016098944,0.5386064030131826
2021-12-01,중구,1437.0,721.0,610.0,건별집계|API_2017_2025,2021,12,4,겨울,286301.3956806452,255463.14001290323,18129.606403225807,12708.649241935484,401089.2451,196016.99458709676,372757.30545806454,224547.17438709678,276641.3990354839,73447.0143483871,30407.40518064516,172786.9795064516,148210.13107096773,1,6,0,34,5,0,93,0,0,36,0,0,0,82,374191.0,243540.0,130651.0,0.3492,36553.0,230832.0,170519.0,60313.0,0.2613,46654.0,501.91861502585937,251.83251317581392,1.6600400627418646,0.5017397355601948
2022-01-01,중구,1333.0,761.0,,건별집계|xlsx_2022_2024,2022,1,1,겨울,268153.7188483871,240380.94572258065,17562.04405483871,10210.729074193549,375463.59504838707,186473.0215451613,347934.5535354839,211167.40836451613,259825.15373548388,69277.0173032258,29963.994958064515,160584.14147419357,136767.14517096773,0,12,12,38,0,0,186,0,0,37,0,0,0,11,348467.0,227897.0,120570.0,0.346,38641.0,193644.0,140465.0,53179.0,0.2746,40900.0,497.10293249882994,283.792446835416,1.6476716564844183,0.5708927231807952
2022-02-01,중구,1242.0,709.0,,건별집계|xlsx_2022_2024,2022,2,1,겨울,266130.7413178571,236489.5385035714,17857.337267857143,11783.865560714286,366667.2925,188373.75381785716,340931.0795,212701.92833928572,250296.8391607143,65630.36085,30327.945275000002,154338.53303571427,128229.15116071429,0,12,12,38,0,0,186,0,0,37,0,0,0,11,348467.0,227897.0,120570.0,0.346,38641.0,193644.0,140465.0,53179.0,0.2746,40900.0,466.6879120577052,266.4104103453406,1.6028584327461903,0.57085346215781
2022-03-01,중구,1483.0,748.0,,건별집계|xlsx_2022_2024,2022,3,1,봄,275760.8525903226,245373.97340967742,18218.3091,12168.570083870967,380965.25826451613,194717.04358064514,353662.2453903226,220117.00058387098,252391.10878064515,66945.32850967742,29260.58977096774,156185.1905,133545.2448064516,0,12,12,38,0,0,186,0,0,37,0,0,0,11,348467.0,227897.0,120570.0,0.346,38641.0,193644.0,140465.0,53179.0,0.2746,40900.0,537.7848182835374,271.24952398926905,1.606701183698744,0.5043830074173972
2022-04-01,중구,1229.0,636.0,,건별집계|xlsx_2022_2024,2022,4,2,봄,290351.32194,260799.80194666664,18298.46123,11253.05878,411766.06348333333,196536.29005,379929.30062666663,226367.05145,291513.6329233333,78805.09752333333,32011.431446666666,180697.1039533333,153562.24917666666,0,12,12,38,0,0,186,0,0,37,0,0,0,11,348467.0,227897.0,120570.0,0.346,38641.0,193644.0,140465.0,53179.0,0.2746,40900.0,423.2803184047387,219.04498169683794,1.6783772116702482,0.5174938974776241
2022-05-01,중구,1377.0,744.0,,건별집계|xlsx_2022_2024,2022,5,2,봄,303043.8164903226,271210.98026774195,18607.886416129033,13224.94982580645,430213.18724516133,202304.04415161288,397342.6769161291,235687.48761612904,300803.0931580645,84068.44258064516,31884.71720967742,184849.93336774193,161655.1893,0,12,12,38,0,0,186,0,0,37,0,0,0,11,348467.0,227897.0,120570.0,0.346,38641.0,193644.0,140465.0,53179.0,0.2746,40900.0,454.38973675411495,245.50905166671137,1.6858878718385444,0.5403050108932462
2022-06-01,중구,1409.0,783.0,,건별집계|xlsx_2022_2024,2022,6,2,여름,304830.8228666667,270568.45649333333,19012.729943333332,15249.63643,429770.9443066667,206401.17422,397488.86170666665,238646.50940666668,298697.07457999996,83462.34283,31520.26053666667,183714.47121333334,158842.3523,0,12,12,38,0,0,186,0,0,37,0,0,0,11,348467.0,227897.0,120570.0,0.346,38641.0,193644.0,140465.0,53179.0,0.2746,40900.0,462.22359889646,256.86378845701074,1.6655967970992775,0.5557132718239887
2022-07-01,중구,1463.0,759.0,,건별집계|xlsx_2022_2024,2022,7,3,여름,299727.0083645161,261642.16486129034,18685.30382580645,19399.53969032258,418192.77382580645,205315.05526129034,388689.7730967742,236182.17640645162,283350.61520967743,80301.87293548387,29375.88039677419,173672.86187741935,152507.59669032256,0,12,12,38,0,0,186,0,0,37,0,0,0,11,348467.0,227897.0,120570.0,0.346,38641.0,193644.0,140465.0,53179.0,0.2746,40900.0,488.11083391616063,253.23043263319613,1.6457201767328478,0.518796992481203
2022-08-01,중구,1535.0,825.0,,건별집계|xlsx_2022_2024,2022,8,3,여름,293264.08299677423,254175.7420032258,18325.644716129034,20762.696293548386,407525.15841290326,201791.11965483872,379523.8777451613,231649.9439032258,277558.6935387097,78914.52120645161,28753.022180645163,169891.1501516129,147873.93384193548,0,12,12,38,0,0,186,0,0,37,0,0,0,11,348467.0,227897.0,120570.0,0.346,38641.0,193644.0,140465.0,53179.0,0.2746,40900.0,523.4190236711954,281.31641337376954,1.638350829489997,0.5374592833876222
2022-09-01,중구,1426.0,742.0,,건별집계|xlsx_2022_2024,2022,9,3,가을,301897.54756,258746.55305000002,18903.235963333333,24247.758556666668,421939.6491,206360.57362666668,391061.22983333335,238209.20307333334,284117.47517000005,81840.66482666667,28245.613013333335,174031.19733,152852.02675999998,0,12,12,38,0,0,186,0,0,37,0,0,0,11,348467.0,227897.0,120570.0,0.346,38641.0,193644.0,140465.0,53179.0,0.2746,40900.0,472.3456720749255,245.77874381458258,1.6416713745226044,0.520336605890603
2022-10-01,중구,1341.0,723.0,,건별집계|xlsx_2022_2024,2022,10,4,가을,313002.06256774196,262734.3547129032,19133.37904193548,31134.328806451613,437226.2460032258,217490.66318064518,402484.1548354838,249086.28237419357,285610.8708580645,84089.5879967742,28689.826203225806,172831.4566580645,153397.8724612903,0,12,12,38,0,0,186,0,0,37,0,0,0,11,348467.0,227897.0,120570.0,0.346,38641.0,193644.0,140465.0,53179.0,0.2746,40900.0,428.4316815675207,230.98889319412186,1.6158423137523326,0.5391498881431768
2022-11-01,중구,1453.0,801.0,,건별집계|xlsx_2022_2024,2022,11,4,가을,323321.15386,271156.17196666665,19617.057960000002,32547.923956666666,455254.2169766667,219510.25663333334,421567.5313166667,253145.16997333334,305418.63744666666,88511.51698333333,29377.48816,187529.63230333335,168422.36134333335,0,12,12,38,0,0,186,0,0,37,0,0,0,11,348467.0,227897.0,120570.0,0.346,38641.0,193644.0,140465.0,53179.0,0.2746,40900.0,449.3983714499415,247.741290799314,1.6653192765284646,0.5512732278045424
2022-12-01,중구,1565.0,852.0,,건별집계|xlsx_2022_2024,2022,12,4,겨울,320323.4980580645,267040.25452258065,19978.071048387097,33305.17249677419,443260.46157419356,219248.52202258064,412648.6226451613,254376.9804870968,289512.3248903226,83675.13942258064,28361.914354838707,177475.27111290323,158271.6421580645,0,12,12,38,0,0,186,0,0,37,0,0,0,11,348467.0,227897.0,120570.0,0.346,38641.0,193644.0,140465.0,53179.0,0.2746,40900.0,488.5685906552866,265.9811113343797,1.6221932576406723,0.544408945686901
2023-01-01,중구,1350.0,,,xlsx_2022_2024,2023,1,1,겨울,294858.03139032255,247783.75739032257,17984.578393548385,29089.695603225806,406448.66732258064,205554.54787741936,378850.03221290326,234863.74508709676,265169.46082903224,76307.70240967741,27108.918390322582,161752.84002903226,143986.28712580644,0,9,12,286,1,1,114,0,0,32,0,0,0,13,330845.0,222447.0,108398.0,0.3276,41221.0,177231.0,134587.0,42644.0,0.2406,47919.0,457.8474575152128,,1.6130630637453673,
2023-02-01,중구,1271.0,,,xlsx_2022_2024,2023,2,1,겨울,319919.55010714283,269905.8397357143,19395.535724999998,30618.17465714286,447119.10660714284,219413.08745,415089.08475,251941.31108214287,295057.563525,88291.82521071428,27211.394017857143,179554.34429642858,163147.77366785714,0,9,12,286,1,1,114,0,0,32,0,0,0,13,330845.0,222447.0,108398.0,0.3276,41221.0,177231.0,134587.0,42644.0,0.2406,47919.0,397.2873803974578,,1.647562612765258,
2023-03-01,중구,1330.0,,,xlsx_2022_2024,2023,3,1,봄,326649.7281483871,271920.5715677419,19559.111396774195,35170.04517741936,460428.1159354839,221793.83943225807,425656.33622903225,255930.72238064517,291307.9297096774,86623.12880967742,26659.661374193547,178025.13952580644,169725.6138483871,0,9,12,286,1,1,114,0,0,32,0,0,0,13,330845.0,222447.0,108398.0,0.3276,41221.0,177231.0,134587.0,42644.0,0.2406,47919.0,407.16396965615144,,1.6631701433482244,
2023-04-01,중구,1416.0,,,xlsx_2022_2024,2023,4,2,봄,328860.93665333337,266702.51231333334,19266.639913333336,42891.78443,456062.9831633333,227799.41308333335,422947.6342766667,261656.15263666667,297680.58242,86359.53996666666,29991.40041,181329.64204333336,161291.48163999998,0,9,12,286,1,1,114,0,0,32,0,0,0,13,330845.0,222447.0,108398.0,0.3276,41221.0,177231.0,134587.0,42644.0,0.2406,47919.0,430.5771352505352,,1.6164253353673967,
2023-05-01,중구,1631.0,,,xlsx_2022_2024,2023,5,2,봄,329863.31729677424,268745.94405806455,19513.285296774193,41604.0879516129,457122.30110000004,227271.75760322582,423598.4704064516,262909.6364935484,294760.4294,86399.23551612903,28863.213693548387,179497.9801903226,160688.83391290324,0,9,12,286,1,1,114,0,0,32,0,0,0,13,330845.0,222447.0,108398.0,0.3276,41221.0,177231.0,134587.0,42644.0,0.2406,47919.0,494.4472193410363,,1.6111941580233649,
2023-06-01,중구,1446.0,,,xlsx_2022_2024,2023,6,2,여름,327279.8894,267545.13675,19616.64631,40118.10636,455349.0174966667,224012.23420666668,422832.71834,259027.8687533333,295338.20657333336,85613.81653333333,28575.985243333333,181148.40479666664,163804.84958666668,0,9,12,286,1,1,114,0,0,32,0,0,0,13,330845.0,222447.0,108398.0,0.3276,41221.0,177231.0,134587.0,42644.0,0.2406,47919.0,441.8236643415341,,1.6323831114197775,
2023-07-01,중구,1587.0,,,xlsx_2022_2024,2023,7,3,여름,316237.27677096776,259651.30407096774,18796.313651612905,37789.65903870968,436426.7877806451,217866.3574935484,407127.7697096774,251315.49608387097,277840.8634870968,80881.98106129032,27110.22888064516,169848.6535451613,155812.27362580647,0,9,12,286,1,1,114,0,0,32,0,0,0,13,330845.0,222447.0,108398.0,0.3276,41221.0,177231.0,134587.0,42644.0,0.2406,47919.0,501.83837155585286,,1.6199867340206013,
2023-08-01,중구,1614.0,,,xlsx_2022_2024,2023,8,3,여름,306590.4592870968,253953.64866129032,18214.01327419355,34422.79736129032,424509.00677419355,210082.7697,396118.1679516129,242642.09596774195,273358.34643548384,79652.97363870968,26396.837703225807,167308.5350935484,153476.07198387096,0,9,12,286,1,1,114,0,0,32,0,0,0,13,330845.0,222447.0,108398.0,0.3276,41221.0,177231.0,134587.0,42644.0,0.2406,47919.0,526.4351681891775,,1.6325203851036418,
2023-09-01,중구,1511.0,,,xlsx_2022_2024,2023,9,3,가을,312781.64231,257330.73181666667,19125.18906333333,36325.72141666667,432927.8198233333,215395.97032999998,402290.539,248846.71609666667,275495.22912,81979.90666000001,26153.80728333333,167361.51517666664,153443.82290333332,0,9,12,286,1,1,114,0,0,32,0,0,0,13,330845.0,222447.0,108398.0,0.3276,41221.0,177231.0,134587.0,42644.0,0.2406,47919.0,483.08461738379054,,1.6166198425689762,
2023-10-01,중구,1463.0,,,xlsx_2022_2024,2023,10,4,가을,318129.9531870968,260744.78364193547,18957.95623548387,38427.21333225807,442495.2234451613,216980.89732580644,409995.63858387095,252511.60648064516,280845.39164193545,82753.00414838709,27512.259896774194,170580.1275967742,157484.0321032258,0,9,12,286,1,1,114,0,0,32,0,0,0,13,330845.0,222447.0,108398.0,0.3276,41221.0,177231.0,134587.0,42644.0,0.2406,47919.0,459.8749615820012,,1.6236704692435469,
2023-11-01,중구,1312.0,,,xlsx_2022_2024,2023,11,4,가을,334237.2361133333,275368.78265666665,19336.793603333335,39531.659876666665,470343.5416266667,223255.86140333334,437000.4256566667,260834.95786666666,308540.3545,93092.88256999999,28303.44833,187144.0236,176165.46779,0,9,12,286,1,1,114,0,0,32,0,0,0,13,330845.0,222447.0,108398.0,0.3276,41221.0,177231.0,134587.0,42644.0,0.2406,47919.0,392.53555805347986,,1.675390558193707,
2023-12-01,중구,1525.0,,,xlsx_2022_2024,2023,12,4,겨울,334156.67222580645,271309.2878516129,21315.912406451615,41531.47196129032,461194.70902903227,230080.0727064516,427522.42126774194,267466.8514612903,291467.84088387096,91063.93562258066,27698.406683870966,172705.49857741935,160055.56980645162,0,9,12,286,1,1,114,0,0,32,0,0,0,13,330845.0,222447.0,108398.0,0.3276,41221.0,177231.0,134587.0,42644.0,0.2406,47919.0,456.37275169220055,,1.59841273388458,
2024-01-01,중구,1333.0,,,xlsx_2022_2024,2024,1,1,겨울,318985.21293548384,262966.58402258065,18257.51504516129,37761.11388709678,437028.75167419354,221670.43723870968,408618.586783871,254961.37446774193,274171.61192258063,83252.33423548387,26196.28617096774,164722.99151612903,153657.21231612904,0,19,0,27,0,0,160,4,25,32,21,12,0,1,337701.0,225335.0,112366.0,0.3327,35441.0,133003.0,100486.0,32517.0,0.2445,31361.0,417.8877095063354,,1.6026685910244416,
2024-02-01,중구,1128.0,,,xlsx_2022_2024,2024,2,1,겨울,311716.3826655173,257067.8678413793,18044.88760689655,36603.6272137931,433863.3174758621,213343.15036896552,402921.54148965515,246569.8406586207,278745.6414448276,84318.44048275863,26070.904937931035,168356.29602413793,156351.70083103448,0,19,0,27,0,0,160,4,25,32,21,12,0,1,337701.0,225335.0,112366.0,0.3327,35441.0,133003.0,100486.0,32517.0,0.2445,31361.0,361.867409840433,,1.634107157685621,
2024-03-01,중구,1260.0,,,xlsx_2022_2024,2024,3,1,봄,321883.5483903226,266711.4745225806,18818.510496774194,36353.56337741935,455877.0398032258,216337.3580935484,419880.38452258066,251885.8083096774,281551.610616129,87326.73487419356,25082.394551612902,169142.48119032258,167994.57621290322,0,19,0,27,0,0,160,4,25,32,21,12,0,1,337701.0,225335.0,112366.0,0.3327,35441.0,133003.0,100486.0,32517.0,0.2445,31361.0,391.4459146175741,,1.6669473653170834,
2024-04-01,중구,1306.0,,,xlsx_2022_2024,2024,4,2,봄,332969.05473333335,272863.99794666667,19232.488473333335,40872.56831,471082.2428333333,221979.54080666666,435232.2170133333,259923.93881666666,308679.62203333335,90279.70593333333,28824.19311,189575.72299,175308.27819666668,0,19,0,27,0,0,160,4,25,32,21,12,0,1,337701.0,225335.0,112366.0,0.3327,35441.0,133003.0,100486.0,32517.0,0.2445,31361.0,392.22864150121785,,1.6744599169848593,
2024-05-01,중구,1474.0,,,xlsx_2022_2024,2024,5,2,봄,327054.37409354834,269217.47676451615,19083.61007096774,38753.28725806452,460142.87339677423,217534.03459999998,426465.9161032258,256046.12979677418,286576.04377741937,85668.47465483872,25894.37400967742,175013.19511290322,170419.78630645163,0,19,0,27,0,0,160,4,25,32,21,12,0,1,337701.0,225335.0,112366.0,0.3327,35441.0,133003.0,100486.0,32517.0,0.2445,31361.0,450.6895845943914,,1.6655823559673217,
2024-06-01,중구,1367.0,,,xlsx_2022_2024,2024,6,2,여름,317470.60519333335,261515.36696333333,18895.355046666667,37059.88318333333,445826.8788833333,212883.80609666667,412929.3198766667,249285.80898333335,280935.84275,84943.60452333333,25177.916559999998,170814.32166666668,163643.51089333332,0,19,0,27,0,0,160,4,25,32,21,12,0,1,337701.0,225335.0,112366.0,0.3327,35441.0,133003.0,100486.0,32517.0,0.2445,31361.0,430.5910461119775,,1.6564493645295075,
2024-07-01,중구,1530.0,,,xlsx_2022_2024,2024,7,3,여름,322897.1065129032,266110.19787741936,18799.167987096775,37987.74064516129,453952.721383871,214501.5210096774,423408.70158709673,251103.1100129032,284720.1512548387,85262.20758709678,24127.69076451613,175330.2529032258,172305.59157419356,0,19,0,27,0,0,160,4,25,32,21,12,0,1,337701.0,225335.0,112366.0,0.3327,35441.0,133003.0,100486.0,32517.0,0.2445,31361.0,473.8351534094221,,1.686194573875805,
2024-08-01,중구,1521.0,,,xlsx_2022_2024,2024,8,3,여름,306666.6333258064,253054.27109032255,18052.44468387097,35559.91754193549,426977.74141290324,207320.89517096776,397893.71859999996,241504.4295483871,270867.86912580644,82275.59974838709,24057.876377419354,164534.393,156389.2890516129,0,19,0,27,0,0,160,4,25,32,21,12,0,1,337701.0,225335.0,112366.0,0.3327,35441.0,133003.0,100486.0,32517.0,0.2445,31361.0,495.97831479242507,,1.6475628183883029,
2024-09-01,중구,1387.0,,,xlsx_2022_2024,2024,9,3,가을,303127.29748666665,250324.68136999998,18317.005336666665,34485.61079,421620.20387,204238.78481,392403.33331666666,239358.70047,270460.30599,81342.13054666667,24474.69875,164643.47669333333,153044.63284666665,0,19,0,27,0,0,160,4,25,32,21,12,0,1,337701.0,225335.0,112366.0,0.3327,35441.0,133003.0,100486.0,32517.0,0.2445,31361.0,457.56354228078334,,1.639394484287186,
2024-10-01,중구,1360.0,,,xlsx_2022_2024,2024,10,4,가을,325297.1049483871,266822.3799580645,18857.784300000003,39616.94070967742,464631.5832258065,215242.3049483871,425938.7432645162,253410.22046129033,295733.0074451613,91003.17830967743,25261.564264516128,179468.26487096775,172528.52280322582,0,19,0,27,0,0,160,4,25,32,21,12,0,1,337701.0,225335.0,112366.0,0.3327,35441.0,133003.0,100486.0,32517.0,0.2445,31361.0,418.0793432563081,,1.6808270104069478,
2024-11-01,중구,1289.0,,,xlsx_2022_2024,2024,11,4,가을,328449.1299133333,270492.82066333335,18797.27492333333,39159.03432333333,468520.40849999996,215791.02852333334,431841.9070633333,254597.14625000002,311126.20909333334,94568.81866333334,26968.396729999997,189588.9937,177244.76081333336,0,19,0,27,0,0,160,4,25,32,21,12,0,1,337701.0,225335.0,112366.0,0.3327,35441.0,133003.0,100486.0,32517.0,0.2445,31361.0,392.45042309599785,,1.696177327295291,
2024-12-01,중구,1332.0,,,xlsx_2022_2024,2024,12,4,겨울,323424.2557129032,265103.46058387094,18583.299212903228,39737.495919354835,454580.2583354839,214257.45594193548,420959.2989225806,253756.36772580646,294186.1843580645,90034.22552580645,25740.73666129032,178411.22217096773,167202.9311967742,0,19,0,27,0,0,160,4,25,32,21,12,0,1,337701.0,225335.0,112366.0,0.3327,35441.0,133003.0,100486.0,32517.0,0.2445,31361.0,411.84295131605336,,1.6589112726323516,
2018-04-01,중랑구,1786.0,1223.0,1235.0,API_2017_2025,2018,4,2,봄,369455.5518461538,363324.7427153846,5416.330765384615,714.4783576923078,409886.31790384615,324119.5018115385,335674.4513423077,393584.90934230766,176823.87446923077,27156.85035,105805.01997307691,43862.00414615385,-57910.45799999999,1,36,5,80,18,6,163,0,0,152,0,0,0,35,,,,,,,,,,,483.4140375142377,331.0276415900967,0.8528641301396181,0.6847704367301232
2018-05-01,중랑구,1933.0,1403.0,1417.0,API_2017_2025,2018,5,2,봄,368448.86898387095,362327.3564580645,5476.183561290322,645.3289741935483,407909.1650322581,324768.98566129035,336251.3864064516,390606.68861935486,176015.54857741937,27146.684390322578,105274.51921935483,43594.344967741934,-54355.30221290323,1,36,5,80,18,6,163,0,0,152,0,0,0,35,,,,,,,,,,,524.6318180677108,380.785535824624,0.8608439030959033,0.7258147956544232
2018-06-01,중랑구,1893.0,1296.0,1304.0,API_2017_2025,2018,6,2,여름,370364.23505333334,364152.35572333337,5526.02079,685.8585266666666,408985.73749333335,328019.71298333333,338535.63119,393098.9520666667,169848.08447,26107.064926666666,103106.00307,40635.01647333334,-54563.320876666665,1,36,5,80,18,6,163,0,0,152,0,0,0,35,,,,,,,,,,,511.11846685936166,349.92579664539505,0.8611969821089395,0.6846275752773375
2018-07-01,중랑구,2108.0,1409.0,1416.0,API_2017_2025,2018,7,3,여름,370896.1253451613,364412.5878129032,5828.365751612903,655.1717741935485,409881.79814838705,328800.7484483871,338616.56268064515,393952.95582258067,170927.4025967742,26979.64166451613,103676.29574516129,40271.46518709677,-55336.393141935485,1,36,5,80,18,6,163,0,0,152,0,0,0,35,,,,,,,,,,,568.3532007885672,379.8907305081077,0.8595355300066422,0.6684060721062619
2018-08-01,중랑구,2070.0,1462.0,1478.0,API_2017_2025,2018,8,3,여름,368904.5710709677,362298.29798709677,6000.760809677419,605.512264516129,407442.3737516129,326622.1259096774,336959.8961516129,390862.8316064516,169485.96672903225,26217.584003225806,102943.66786774194,40324.714858064515,-53902.93545483871,1,36,5,80,18,6,163,0,0,152,0,0,0,35,,,,,,,,,,,561.1207239830557,396.30845336387796,0.862092450097399,0.706280193236715
2018-09-01,중랑구,1902.0,1325.0,1338.0,API_2017_2025,2018,9,3,가을,372609.25353333337,366082.5773933333,5888.25489,638.4212466666667,409135.51897333335,332031.8266233333,342689.0775233333,393980.8078333333,168421.02710666665,28438.29222,99374.11046000001,40608.62442666666,-51291.73031,1,36,5,80,18,6,163,0,0,152,0,0,0,35,,,,,,,,,,,510.4543115781338,355.6004010730953,0.8698116017577737,0.6966351209253417
2018-10-01,중랑구,1824.0,1273.0,1278.0,API_2017_2025,2018,10,4,가을,370280.78098064516,363897.7385096774,5755.9273096774195,627.1151580645161,409824.5989580645,324902.62759999995,336661.68008064514,393420.4593548387,166331.67013225806,26033.535635483873,100295.07145483872,40003.06304193548,-56758.77927419354,1,36,5,80,18,6,163,0,0,152,0,0,0,35,,,,,,,,,,,492.5991554758392,343.79316059251283,0.8557299755908195,0.6979166666666666
2018-11-01,중랑구,1764.0,1214.0,1220.0,API_2017_2025,2018,11,4,가을,368962.73639333335,362616.48701000004,5652.41916,693.8302233333333,409038.35035,324489.37521666667,335486.61476333335,392874.25182666664,169898.74800666666,27993.11924666667,100392.29664999999,41513.332109999996,-57387.637063333335,1,36,5,80,18,6,163,0,0,152,0,0,0,35,,,,,,,,,,,478.09706130309183,329.03051724600533,0.8539287398028509,0.6882086167800453
2018-12-01,중랑구,1868.0,1349.0,1355.0,API_2017_2025,2018,12,4,겨울,376486.7545290323,370000.72476451617,5895.988006451613,590.0417612903226,410531.864,338378.81111935485,348195.1093483871,396695.07252580643,165754.02103548386,28035.523358064514,97766.93164193549,39951.56603548388,-48499.96317741935,1,36,5,80,18,6,163,0,0,152,0,0,0,35,,,,,,,,,,,496.16619377135396,358.31273843552276,0.8777399404822095,0.7221627408993576
2019-01-01,중랑구,1727.0,1177.0,1189.0,API_2017_2025,2019,1,1,겨울,376593.0743290322,369766.1218580645,6143.25045483871,683.7020193548387,411518.2064645161,337113.7243,346943.4192193548,397771.3994,172374.77057741937,27578.771348387098,104117.90164838711,40678.09758064516,-50827.98018064516,0,32,1,84,15,1,192,0,0,153,0,0,0,16,1073246.0,734544.0,338702.0,0.3156,,720415.0,524894.0,195521.0,0.2714,,458.5851726235164,312.53893930392525,0.872218112570903,0.6815286624203821
2019-02-01,중랑구,1524.0,1025.0,1029.0,API_2017_2025,2019,2,1,겨울,372476.3764464286,365250.50856785715,6451.339717857142,774.5281607142857,403516.44565,338209.38169999997,347033.24585,390650.04115357145,170238.59700714285,29454.062560714287,100457.47610357143,40327.05834285715,-43616.79530357143,0,32,1,84,15,1,192,0,0,153,0,0,0,16,1073246.0,734544.0,338702.0,0.3156,,720415.0,524894.0,195521.0,0.2714,,409.1534648558281,275.1852371897794,0.888348161503393,0.6725721784776902
2019-03-01,중랑구,1730.0,1188.0,1195.0,API_2017_2025,2019,3,1,봄,370873.67712258064,364289.7144483871,5914.759874193548,669.2028096774194,406252.10209999996,330074.6990903226,340861.6240419355,392310.8578967742,159228.77756774196,26191.61187419355,95007.94015483871,38029.225538709674,-51449.23385483871,0,32,1,84,15,1,192,0,0,153,0,0,0,16,1073246.0,734544.0,338702.0,0.3156,,720415.0,524894.0,195521.0,0.2714,,466.46610603971305,320.3247017197567,0.8688559523163232,0.6867052023121387
2019-04-01,중랑구,1836.0,1257.0,1265.0,API_2017_2025,2019,4,2,봄,362081.7125533333,355728.07912666665,5744.91227,608.7211566666666,400151.2343333333,318749.39501333336,329774.35224,385158.39847333333,170578.56373666666,27015.592859999997,101601.04534666667,41961.92553,-55384.046233333334,0,32,1,84,15,1,192,0,0,153,0,0,0,16,1073246.0,734544.0,338702.0,0.3156,,720415.0,524894.0,195521.0,0.2714,,507.06786240400476,347.15920644980065,0.8562044954676798,0.684640522875817
2019-05-01,중랑구,1924.0,1307.0,1317.0,API_2017_2025,2019,5,2,봄,351306.90882903227,344974.2260548387,5721.833174193548,610.8496032258065,387166.6840387097,310219.2189580645,320748.7447806451,373134.16886451613,156645.05887419355,26112.03481935484,91571.22858064517,38961.79547419355,-52385.424083870974,0,32,1,84,15,1,192,0,0,153,0,0,0,16,1073246.0,734544.0,338702.0,0.3156,,720415.0,524894.0,195521.0,0.2714,,547.6692748266837,372.03936704702477,0.8596070034452085,0.6793139293139293
2019-06-01,중랑구,1853.0,1248.0,1254.0,API_2017_2025,2019,6,2,여름,350758.76116,344597.39258,5583.58237,577.7862233333333,385180.58573,312632.00739,322314.7393233333,371075.91963666666,148141.60216666668,25071.52587,87382.76759333332,35687.308703333336,-48761.18031333334,0,32,1,84,15,1,192,0,0,153,0,0,0,16,1073246.0,734544.0,338702.0,0.3156,,720415.0,524894.0,195521.0,0.2714,,528.2833118328715,355.8000934524683,0.8685951371862741,0.6735024284943335
2019-07-01,중랑구,1876.0,1242.0,1251.0,API_2017_2025,2019,7,3,여름,344825.5234612903,338478.02580000006,5699.997761290322,647.4998967741935,379883.7448451613,306225.4026064516,315540.9484290323,365743.0770451613,138932.32857741936,23706.267670967743,81893.05131935484,33333.00958709678,-50202.12861612903,0,32,1,84,15,1,192,0,0,153,0,0,0,16,1073246.0,734544.0,338702.0,0.3156,,720415.0,524894.0,195521.0,0.2714,,544.043254446215,360.1821545960549,0.8627393605869125,0.662046908315565
2019-08-01,중랑구,1924.0,1269.0,1275.0,API_2017_2025,2019,8,3,여름,361001.8375193548,354615.21812903223,5879.512332258065,507.1070290322581,396007.43416129035,322268.95661935484,331851.0101709678,381823.8570387097,148954.4592032258,25901.86267096774,87004.24329032257,36048.35324193548,-49972.846867741944,0,32,1,84,15,1,192,0,0,153,0,0,0,16,1073246.0,734544.0,338702.0,0.3156,,720415.0,524894.0,195521.0,0.2714,,532.9612761034343,351.52175643204686,0.8691206797414034,0.6595634095634095
2019-09-01,중랑구,1846.0,1274.0,1281.0,API_2017_2025,2019,9,3,가을,363873.81135000003,357523.5823933333,5733.860243333333,616.3687133333333,397214.02913,326162.85095,335915.5230066666,383844.0172933333,159895.26372333334,29442.284483333333,91198.58030666667,39254.39893333334,-47928.49428666667,0,32,1,84,15,1,192,0,0,153,0,0,0,16,1073246.0,734544.0,338702.0,0.3156,,720415.0,524894.0,195521.0,0.2714,,507.3187304002992,350.12137731851635,0.8751354922120884,0.6901408450704225
2019-10-01,중랑구,1763.0,1219.0,1226.0,API_2017_2025,2019,10,4,가을,354748.28787580645,348663.6133032258,5525.822791935484,558.8517661290323,394243.506266129,310404.76239677414,321111.3978612903,378774.637883871,156653.81187096774,26090.96621935484,91353.10428225806,39209.74136935484,-57663.24002258064,0,32,1,84,15,1,192,0,0,153,0,0,0,16,1073246.0,734544.0,338702.0,0.3156,,720415.0,524894.0,195521.0,0.2714,,496.9720954980923,343.6239276302748,0.8477637247711931,0.6914350538854226
2019-11-01,중랑구,1683.0,1190.0,1193.0,API_2017_2025,2019,11,4,가을,362906.6484433333,356683.46640333335,5613.56361,609.6184333333333,400173.52159,320728.0929733334,331354.9659666667,385443.5644966667,153758.15616666665,27264.67251333333,87928.36944666666,38565.11420666667,-54088.59853,0,32,1,84,15,1,192,0,0,153,0,0,0,16,1073246.0,734544.0,338702.0,0.3156,,720415.0,524894.0,195521.0,0.2714,,463.75562619729607,327.9080185233407,0.8596718079840512,0.7070707070707071
2019-12-01,중랑구,1757.0,1237.0,1244.0,API_2017_2025,2019,12,4,겨울,366534.2957,360146.25706451613,5867.918106451612,520.1205387096774,400654.93996129034,328404.7983419355,337934.0900419355,386963.0140258065,163549.7880870968,28806.42447419355,94685.75437096774,40057.60924193548,-49028.92398387096,0,32,1,84,15,1,192,0,0,153,0,0,0,16,1073246.0,734544.0,338702.0,0.3156,,720415.0,524894.0,195521.0,0.2714,,479.35487091174264,337.48547257702086,0.8732981649233245,0.7040409789413773
2020-01-01,중랑구,1683.0,1146.0,1147.0,API_2017_2025,2020,1,1,겨울,371782.9584419355,364836.7152322581,6237.241325806452,709.0018870967741,404123.5102935484,336133.47598064516,344949.82752903225,390949.480516129,163482.65022580643,29807.68061935484,94287.53388387097,39387.435722580645,-45999.652987096764,0,28,2,74,29,2,121,0,0,96,0,0,0,10,1046760.0,701525.0,345235.0,0.3298,,602878.0,460562.0,142316.0,0.2361,,452.6834707682946,308.2443597744894,0.8823386261407272,0.6809269162210339
2020-02-01,중랑구,1445.0,933.0,952.0,API_2017_2025,2020,2,1,겨울,374670.82979310345,367257.2861517241,6392.302237931035,1021.2414,405826.96364482754,339681.9817413793,347737.6597034483,393908.80844137934,156124.2693,24749.089720689655,94279.22641034483,37095.95316896551,-46171.148737931035,0,28,2,74,29,2,121,0,0,96,0,0,0,10,1046760.0,701525.0,345235.0,0.3298,,602878.0,460562.0,142316.0,0.2361,,385.6718711723413,249.0185853313456,0.8827872143285617,0.6456747404844291
2020-03-01,중랑구,1391.0,785.0,799.0,API_2017_2025,2020,3,1,봄,374067.1156612903,366852.9203258064,6406.19259032258,808.0027451612904,403291.1156645161,340153.3615903226,348520.99251290323,392314.34649032255,150032.04488387096,21637.328593548387,92448.78451290322,35945.931777419355,-43793.353977419356,0,28,2,74,29,2,121,0,0,96,0,0,0,10,1046760.0,701525.0,345235.0,0.3298,,602878.0,460562.0,142316.0,0.2361,,371.8584023460433,209.85538881498488,0.8883717754163253,0.5643421998562186
2020-04-01,중랑구,1504.0,956.0,964.0,API_2017_2025,2020,4,2,봄,370834.13430333335,363376.5190266667,6369.660186666666,1087.9550966666668,401658.42548,335464.77814,344299.14413666667,389787.6987066667,155657.22355999998,23102.04640666667,94876.26810666667,37678.90904666667,-45488.55457,0,28,2,74,29,2,121,0,0,96,0,0,0,10,1046760.0,701525.0,345235.0,0.3298,,602878.0,460562.0,142316.0,0.2361,,405.5721577048148,257.7971959879009,0.8832991530493827,0.6356382978723404
2020-05-01,중랑구,1598.0,1004.0,1011.0,API_2017_2025,2020,5,2,봄,366766.31353548385,359774.86103870964,6312.7064451612905,678.7460612903226,397455.0434129032,332188.25412903226,340819.0404580645,385300.0800290323,156804.74336774193,24468.095941935484,94642.30557096774,37694.341854838705,-44481.03957096774,0,28,2,74,29,2,121,0,0,96,0,0,0,10,1046760.0,701525.0,345235.0,0.3298,,602878.0,460562.0,142316.0,0.2361,,435.69977422296637,273.74378805998634,0.8845548135686446,0.6282853566958698
2020-06-01,중랑구,1659.0,1057.0,1068.0,API_2017_2025,2020,6,2,여름,361277.28661,354274.07969,6305.99144,697.21549,394851.73093333334,324561.36819666665,333117.06001333334,381391.7341833333,153699.51281333333,23747.834909999998,92291.52283666666,37660.155066666666,-48274.67417,0,28,2,74,29,2,121,0,0,96,0,0,0,10,1046760.0,701525.0,345235.0,0.3298,,602878.0,460562.0,142316.0,0.2361,,459.2040688655016,292.57305653456007,0.8734249595802868,0.6371308016877637
2020-07-01,중랑구,1669.0,1041.0,1049.0,API_2017_2025,2020,7,3,여름,360223.2460290323,353309.44466774195,6169.833061290323,743.968306451613,393372.67859354836,323824.7954741936,332584.0176677419,379965.5520129032,152512.40181935483,24067.013241935485,91312.55733870967,37132.831238709674,-47381.53434516129,0,28,2,74,29,2,121,0,0,96,0,0,0,10,1046760.0,701525.0,345235.0,0.3298,,602878.0,460562.0,142316.0,0.2361,,463.32379112076694,288.9874574935401,0.8753004473848928,0.6237267825044938
2020-08-01,중랑구,1713.0,978.0,1017.0,API_2017_2025,2020,8,3,여름,363748.7046580645,356825.79471935483,6148.161496774194,774.7484483870968,391893.50731935486,332267.98362258065,339876.7398258064,380800.10812903225,152560.6513032258,23338.03889032258,92260.33569354839,36962.276719354835,-40923.368303225805,0,28,2,74,29,2,121,0,0,96,0,0,0,10,1046760.0,701525.0,345235.0,0.3298,,602878.0,460562.0,142316.0,0.2361,,470.9295120680293,268.8669368374388,0.8925332019880646,0.5709281961471103
2020-09-01,중랑구,1400.0,817.0,835.0,API_2017_2025,2020,9,3,가을,367924.0639866667,360964.27317666664,6288.193426666667,671.5973966666667,397123.6530966667,334439.87526666664,342590.35414666665,386019.5710033334,154685.49219666666,23492.372866666665,92839.21014333333,38353.90918666667,-43429.21685666667,0,28,2,74,29,2,121,0,0,96,0,0,0,10,1046760.0,701525.0,345235.0,0.3298,,602878.0,460562.0,142316.0,0.2361,,380.51330071488206,222.05669048861333,0.8874947797496731,0.5835714285714285
2020-10-01,중랑구,1585.0,951.0,953.0,API_2017_2025,2020,10,4,가을,363116.13797419355,356072.48785806453,6238.8153483870965,804.8347612903226,394577.50776451617,326441.2450451613,336252.6912516129,382304.3142,158048.0399580645,25633.498448387098,93854.57808064517,38559.963429032265,-46051.6229483871,0,28,2,74,29,2,121,0,0,96,0,0,0,10,1046760.0,701525.0,345235.0,0.3298,,602878.0,460562.0,142316.0,0.2361,,436.4994651140085,261.8996790684051,0.8795419741868372,0.6
2020-11-01,중랑구,1468.0,884.0,890.0,API_2017_2025,2020,11,4,가을,361886.23885666666,354778.09903,6187.4650366666665,920.67477,394071.6499433333,325390.38975000003,334431.54354,381496.73552,158065.58600333333,25155.18416,94058.34937333333,38852.05247,-47065.19198000001,0,28,2,74,29,2,121,0,0,96,0,0,0,10,1046760.0,701525.0,345235.0,0.3298,,602878.0,460562.0,142316.0,0.2361,,405.65234108872403,244.275660437624,0.8766301580121054,0.6021798365122616
2020-12-01,중랑구,1380.0,888.0,915.0,API_2017_2025,2020,12,4,겨울,368995.8881709677,361986.24496774195,6314.525909677419,695.1173,395643.31907096773,337328.95446129027,345136.7136967742,386038.1556451613,149767.6815064516,22336.768541935482,91025.92274516128,36404.99021935484,-40901.4419483871,0,28,2,74,29,2,121,0,0,96,0,0,0,10,1046760.0,701525.0,345235.0,0.3298,,602878.0,460562.0,142316.0,0.2361,,373.9879072475197,240.65308814188222,0.8940481883713514,0.6434782608695652
2021-01-01,중랑구,1606.0,958.0,847.0,건별집계|API_2017_2025,2021,1,1,겨울,370358.71098064515,363615.03981290327,6182.758751612903,560.9124129032258,396209.42354193545,339308.22598064516,347009.2038451613,387036.9303548387,152499.21616129033,22857.621270967742,93824.02975806451,35817.56513225806,-40027.72650967741,0,9,3,43,13,5,81,0,0,67,0,0,0,3,1114194.0,765681.0,348513.0,0.3128,116201.0,784087.0,623138.0,160949.0,0.2053,83359.0,433.6336509400826,258.66814296425844,0.8965790513246897,0.5965130759651308
2021-02-01,중랑구,1602.0,963.0,817.0,건별집계|API_2017_2025,2021,2,1,겨울,366560.51929285715,359788.8710785714,6097.297635714285,674.3505857142857,395191.0016928571,332655.872975,341298.08107142855,384605.1180214286,156395.91183571427,25249.006703571427,93793.93773571428,37352.96739642857,-43307.03695,0,9,3,43,13,5,81,0,0,67,0,0,0,3,1114194.0,765681.0,348513.0,0.3128,116201.0,784087.0,623138.0,160949.0,0.2053,83359.0,437.03560958786994,262.71241699944994,0.8873986982472054,0.601123595505618
2021-03-01,중랑구,1606.0,992.0,893.0,건별집계|API_2017_2025,2021,3,1,봄,360746.1416935484,353933.8884258065,6073.523629032258,738.7296419354839,393513.7842,323080.67883225804,332330.16438709677,381043.2683516129,153217.5168483871,24286.109322580643,92031.78643548387,36899.62109032258,-48713.103964516136,0,9,3,43,13,5,81,0,0,67,0,0,0,3,1114194.0,765681.0,348513.0,0.3128,116201.0,784087.0,623138.0,160949.0,0.2053,83359.0,445.1884065787977,274.9856160187841,0.8721586024200132,0.6176836861768369
2021-04-01,중랑구,1641.0,1057.0,950.0,건별집계|API_2017_2025,2021,4,2,봄,356491.5739466667,349791.9151566667,5976.060323333333,723.5984533333334,390027.1689866667,317635.1708233334,327292.91105666663,377347.7617166667,160935.39701666668,25001.592703333336,96420.84676,39512.95755333333,-50054.850660000004,0,9,3,43,13,5,81,0,0,67,0,0,0,3,1114194.0,765681.0,348513.0,0.3128,116201.0,784087.0,623138.0,160949.0,0.2053,83359.0,460.31943527661156,296.50069657975524,0.8673508743439057,0.64411943936624
2021-05-01,중랑구,1884.0,1178.0,1005.0,건별집계|API_2017_2025,2021,5,2,봄,357700.30095483875,350994.76671935484,6044.5568741935485,660.9773677419355,388475.8317387097,322529.49812903226,331220.16978064517,376614.6803677419,157627.71786451613,25142.333822580644,93900.7450064516,38584.639035483866,-45394.510587096775,0,9,3,43,13,5,81,0,0,67,0,0,0,3,1114194.0,765681.0,348513.0,0.3128,116201.0,784087.0,623138.0,160949.0,0.2053,83359.0,526.6979074300145,329.3259739663254,0.8794669646367165,0.6252653927813163
2021-06-01,중랑구,1937.0,1199.0,1075.0,건별집계|API_2017_2025,2021,6,2,여름,354616.66028333333,347990.57430333336,5901.412983333333,724.6730133333333,387886.43849333335,317459.8736,326042.5380233333,375026.7476333333,160410.6312466667,24927.945596666665,96822.49709333334,38660.18855666667,-48984.209610000005,0,9,3,43,13,5,81,0,0,67,0,0,0,3,1114194.0,765681.0,348513.0,0.3128,116201.0,784087.0,623138.0,160949.0,0.2053,83359.0,546.2236315835714,338.11158196628924,0.8693847574363088,0.6189984512132163
2021-07-01,중랑구,2056.0,1293.0,1009.0,건별집계|API_2017_2025,2021,7,3,여름,356128.36582580645,349317.6759,5912.574919354839,898.1150096774194,386502.9484580645,322022.66313225805,329959.1663258064,374820.6511870968,153895.96317096776,23262.49166451613,94178.9443,36454.52720645161,-44861.48486129033,0,9,3,43,13,5,81,0,0,67,0,0,0,3,1114194.0,765681.0,348513.0,0.3128,116201.0,784087.0,623138.0,160949.0,0.2053,83359.0,577.319920931447,363.07133159745183,0.8803121313641357,0.6288910505836576
2021-08-01,중랑구,2061.0,1310.0,1001.0,건별집계|API_2017_2025,2021,8,3,여름,354625.58369677415,348056.1266193549,5946.233838709678,623.223235483871,383025.18357419356,321352.03102580644,329634.4851225806,372476.3684129032,152366.62022580646,22920.37514516129,93512.08557419354,35934.159506451615,-42841.883290322585,0,9,3,43,13,5,81,0,0,67,0,0,0,3,1114194.0,765681.0,348513.0,0.3128,116201.0,784087.0,623138.0,160949.0,0.2053,83359.0,581.1763433746722,369.4036922954006,0.8849809359104606,0.6356137797185832
2021-09-01,중랑구,1968.0,1230.0,964.0,건별집계|API_2017_2025,2021,9,3,가을,355854.6836466667,349262.5591533333,5955.354990000001,636.7695,384465.47536333336,322238.51406333334,330901.90852999996,373678.0944533333,155713.83469,25529.498333333333,92661.87030666666,37522.46605,-42776.18592333332,0,9,3,43,13,5,81,0,0,67,0,0,0,3,1114194.0,765681.0,348513.0,0.3128,116201.0,784087.0,623138.0,160949.0,0.2053,83359.0,553.0347331198979,345.64670819993614,0.8855266429628097,0.625
2021-10-01,중랑구,1887.0,1206.0,959.0,건별집계|API_2017_2025,2021,10,4,가을,354483.1957129032,347654.2801645161,5952.461096774194,876.4544645161291,384655.2807419355,318710.6795096774,328073.8858806452,373346.98847741936,153010.31320645162,24116.876638709677,91615.62426451613,37277.81230322581,-45273.1025967742,0,9,3,43,13,5,81,0,0,67,0,0,0,3,1114194.0,765681.0,348513.0,0.3128,116201.0,784087.0,623138.0,160949.0,0.2053,83359.0,532.324246345456,340.2135882843773,0.8787371962436162,0.6391096979332274
2021-11-01,중랑구,1927.0,1179.0,933.0,건별집계|API_2017_2025,2021,11,4,가을,352838.73064666666,346455.3748066667,5755.5353233333335,627.82051,384852.5396566667,316115.69850666664,325134.06349333335,372627.77861000004,157562.11612666666,25843.91289,93048.44801,38669.75522666667,-47493.715116666666,0,9,3,43,13,5,81,0,0,67,0,0,0,3,1114194.0,765681.0,348513.0,0.3128,116201.0,784087.0,623138.0,160949.0,0.2053,83359.0,546.1418581991503,334.14699056398456,0.8725438149194599,0.6118318629994811
2021-12-01,중랑구,1964.0,1104.0,863.0,건별집계|API_2017_2025,2021,12,4,겨울,357314.2986064516,350802.16063548386,5759.632629032258,752.5053225806452,386546.4848,323587.27916451613,331562.2164483871,375708.6430129032,152850.53502258065,24864.48283870968,90615.53974193548,37370.51244193548,-44146.42656451612,0,9,3,43,13,5,81,0,0,67,0,0,0,3,1114194.0,765681.0,348513.0,0.3128,116201.0,784087.0,623138.0,160949.0,0.2053,83359.0,549.6561452087768,308.9716824391495,0.8824982406300406,0.5621181262729125
2022-01-01,중랑구,1775.0,1083.0,,건별집계|xlsx_2022_2024,2022,1,1,겨울,359356.3129903226,352708.67048709677,5898.028577419354,749.6139419354838,387041.73555161286,326312.54736774194,334500.1345354839,377110.7261903226,151686.41992903224,25528.459306451612,89805.66707096774,36352.2935516129,-42610.5916548387,1,12,11,218,11,2,164,0,0,94,0,0,0,12,1063760.0,740070.0,323690.0,0.3043,124565.0,688532.0,518215.0,170317.0,0.2474,115746.0,493.9387276181789,301.3721926819649,0.887007744156994,0.6101408450704225
2022-02-01,중랑구,1821.0,1011.0,,건별집계|xlsx_2022_2024,2022,2,1,겨울,362628.03764999995,355929.55040714284,5928.935728571429,769.5515285714285,389338.05390357145,330744.68648214283,338789.0060642857,379655.9173714286,150860.70336071428,24551.55465714286,90216.68378928571,36092.464914285716,-40866.91130714286,1,12,11,218,11,2,164,0,0,94,0,0,0,12,1063760.0,740070.0,323690.0,0.3043,124565.0,688532.0,518215.0,170317.0,0.2474,115746.0,502.1674583688938,278.79807820480596,0.8923580288433604,0.5551894563426688
2022-03-01,중랑구,2438.0,1306.0,,건별집계|xlsx_2022_2024,2022,3,1,봄,360938.9487645161,354327.9091548387,5845.045183870968,765.994429032258,389081.2218032258,327822.14899677417,336153.58657741937,378642.7788870968,146072.64228064514,22885.61207741935,87928.67091290322,35258.35929032258,-42489.19230967742,1,12,11,218,11,2,164,0,0,94,0,0,0,12,1063760.0,740070.0,323690.0,0.3043,124565.0,688532.0,518215.0,170317.0,0.2474,115746.0,675.4604922370406,361.8340454723441,0.8877855470146262,0.5356849876948319
2022-04-01,중랑구,2050.0,1260.0,,건별집계|xlsx_2022_2024,2022,4,2,봄,353822.5579866666,346727.96873666666,5758.629346666667,1335.95992,388027.8528733334,314023.58191999997,324265.1897666667,374934.96386333334,153995.46401333335,24500.29292666667,91643.41738666667,37851.7537,-50669.774096666675,1,12,11,218,11,2,164,0,0,94,0,0,0,12,1063760.0,740070.0,323690.0,0.3043,124565.0,688532.0,518215.0,170317.0,0.2474,115746.0,579.3864618652301,356.1107033903366,0.8648571646277935,0.6146341463414634
2022-05-01,중랑구,2108.0,1260.0,,건별집계|xlsx_2022_2024,2022,5,2,봄,357962.3208354839,351319.85959354835,5849.878674193548,792.582570967742,392662.0184129032,318664.9147354838,328522.54712258064,378990.7306387097,156905.95650967743,26415.997845161288,91039.75688387096,39450.20178064516,-50468.18351612903,1,12,11,218,11,2,164,0,0,94,0,0,0,12,1063760.0,740070.0,323690.0,0.3043,124565.0,688532.0,518215.0,170317.0,0.2474,115746.0,588.8887956363477,351.9923541279877,0.8668353090560409,0.5977229601518027
2022-06-01,중랑구,2022.0,1249.0,,건별집계|xlsx_2022_2024,2022,6,2,여름,360805.0219166667,354049.8496233334,5779.220336666666,975.9519666666667,395983.24565666664,321095.37222333334,331074.4647466667,382041.1341966667,153835.45556,25276.805379999998,91151.56167,37407.08851,-50966.66945,1,12,11,218,11,2,164,0,0,94,0,0,0,12,1063760.0,740070.0,323690.0,0.3043,124565.0,688532.0,518215.0,170317.0,0.2474,115746.0,560.4134857266513,346.17034800820346,0.8665937646814664,0.6177052423343224
2022-07-01,중랑구,2181.0,1400.0,,건별집계|xlsx_2022_2024,2022,7,3,여름,351692.2674451613,345026.7262612903,5812.479406451613,853.0617838709678,385060.2311419355,314777.7528645161,323500.52282580646,371829.2278806452,145981.5014580645,24462.22489677419,86264.98252580645,35254.29403548387,-48328.705054838705,1,12,11,218,11,2,164,0,0,94,0,0,0,12,1063760.0,740070.0,323690.0,0.3043,124565.0,688532.0,518215.0,170317.0,0.2474,115746.0,620.1444279237897,398.07528615007135,0.8700244589961283,0.6419073819348923
2022-08-01,중랑구,2316.0,1457.0,,건별집계|xlsx_2022_2024,2022,8,3,여름,348141.2656774193,341509.3709290323,5821.752703225806,810.1420387096774,380960.21741290326,310928.5496935484,319948.9650548387,368278.6232645161,144057.51222903226,23657.681777419355,85935.86430967742,34463.96614193548,-48329.658209677415,1,12,11,218,11,2,164,0,0,94,0,0,0,12,1063760.0,740070.0,323690.0,0.3043,124565.0,688532.0,518215.0,170317.0,0.2474,115746.0,665.2471936911836,418.50827340589575,0.868768765937944,0.6291018998272885
2022-09-01,중랑구,2115.0,1301.0,,건별집계|xlsx_2022_2024,2022,9,3,가을,349934.98924333334,343257.00492000004,5742.438713333334,935.5456333333333,383174.37837,311934.29932,321508.81577,370239.39886666666,145912.61498666665,26152.69234,83622.9198,36137.00284666666,-48730.58309666666,1,12,11,218,11,2,164,0,0,94,0,0,0,12,1063760.0,740070.0,323690.0,0.3043,124565.0,688532.0,518215.0,170317.0,0.2474,115746.0,604.3979781996874,371.783342618342,0.868380882083768,0.6151300236406619
2022-10-01,중랑구,1882.0,1212.0,,건별집계|xlsx_2022_2024,2022,10,4,가을,349558.0058935484,342772.95292258065,5812.8603225806455,972.1926612903226,383029.9482129032,309901.6801516129,320548.5957451613,370279.0131516129,140821.1245451613,24339.693677419353,81538.71903548387,34942.711832258065,-49730.41740645162,1,12,11,218,11,2,164,0,0,94,0,0,0,12,1063760.0,740070.0,323690.0,0.3043,124565.0,688532.0,518215.0,170317.0,0.2474,115746.0,538.3941915989558,346.72357078529984,0.8656947446651826,0.6439957492029755
2022-11-01,중랑구,2058.0,1299.0,,건별집계|xlsx_2022_2024,2022,11,4,가을,349077.9354533333,342575.44066333334,5698.368733333334,804.1260866666667,383697.4635633333,309003.5102866666,318925.7737566667,370615.19381,145159.25603333334,24957.211923333336,83902.10486,36299.93925,-51689.42005333334,1,12,11,218,11,2,164,0,0,94,0,0,0,12,1063760.0,740070.0,323690.0,0.3043,124565.0,688532.0,518215.0,170317.0,0.2474,115746.0,589.5531601925396,372.123204611326,0.8605307582726021,0.6311953352769679
2022-12-01,중랑구,2136.0,1333.0,,건별집계|xlsx_2022_2024,2022,12,4,겨울,354259.3115387097,347675.2914290322,5747.3560935483865,836.6640258064516,385764.027467742,318210.45535161294,327093.89842580643,373663.1780387096,141622.81375483872,25110.551748387094,81699.66800967742,34812.593996774194,-46569.27961290323,1,12,11,218,11,2,164,0,0,94,0,0,0,12,1063760.0,740070.0,323690.0,0.3043,124565.0,688532.0,518215.0,170317.0,0.2474,115746.0,602.9481598443746,376.2780417006326,0.8753709694989565,0.6240636704119851
2023-01-01,중랑구,2046.0,,,xlsx_2022_2024,2023,1,1,겨울,357228.61092903226,350368.3222516129,5864.153474193548,996.1352129032258,386711.32037419354,323365.1016,331883.0732387097,375332.56644193555,141741.50066451615,26105.9133516129,81853.4270967742,33782.16021612903,-43449.49320322581,6,26,10,157,34,0,197,0,0,78,0,0,0,34,1033385.0,733211.0,300174.0,0.2905,144025.0,739855.0,542342.0,197513.0,0.267,151696.0,572.7424784591127,,0.884237348186658,
2023-02-01,중랑구,1873.0,,,xlsx_2022_2024,2023,2,1,겨울,354389.6348357143,347858.45292857144,5835.038571428571,696.1433357142857,387292.0892071429,316045.80455,325585.9654642857,374963.6843571429,142767.09849642857,25513.371460714287,82864.50494642857,34389.222089285715,-49377.71889285715,6,26,10,157,34,0,197,0,0,78,0,0,0,34,1033385.0,733211.0,300174.0,0.2905,144025.0,739855.0,542342.0,197513.0,0.267,151696.0,528.514328831393,,0.8683133301895278,
2023-03-01,중랑구,2004.0,,,xlsx_2022_2024,2023,3,1,봄,350145.61237741937,343953.52304838714,5683.231629032258,508.8577064516129,384137.17323225806,309728.9459741936,320234.7742580645,371510.49673225806,139527.2108129032,25229.730187096775,79544.57417741936,34752.9064483871,-51275.72247419354,6,26,10,157,34,0,197,0,0,78,0,0,0,34,1033385.0,733211.0,300174.0,0.2905,144025.0,739855.0,542342.0,197513.0,0.267,151696.0,572.3333176712501,,0.8619804206739623,
2023-04-01,중랑구,2061.0,,,xlsx_2022_2024,2023,4,2,봄,347324.68479666667,340921.84638,5671.642313333333,731.1960966666667,381912.56468,306279.93077000004,317085.48857,368924.1106833333,145145.8671166667,25721.123513333332,83412.3911,36012.352503333335,-51838.62211333333,6,26,10,157,34,0,197,0,0,78,0,0,0,34,1033385.0,733211.0,300174.0,0.2905,144025.0,739855.0,542342.0,197513.0,0.267,151696.0,593.3928943767891,,0.8594870310392125,
2023-05-01,중랑구,2206.0,,,xlsx_2022_2024,2023,5,2,봄,347190.01852903224,340822.56328709674,5685.082570967742,682.3726838709676,380194.6546387097,309508.1803451613,318967.0295709677,367349.29638387094,144907.7866064516,26255.49164193548,81531.34090000001,37120.95406451613,-48382.26681290322,6,26,10,157,34,0,197,0,0,78,0,0,0,34,1033385.0,733211.0,300174.0,0.2905,144025.0,739855.0,542342.0,197513.0,0.267,151696.0,635.386930000562,,0.8682935634036305,
2023-06-01,중랑구,2177.0,,,xlsx_2022_2024,2023,6,2,여름,345216.24198333337,338947.4837733333,5613.649766666666,655.1084466666667,379884.9809533333,305815.31512000004,315658.9334366667,366328.60522666667,142928.30176333335,25158.99426,82858.60066,34910.70684333333,-50669.67179000001,6,26,10,157,34,0,197,0,0,78,0,0,0,34,1033385.0,733211.0,300174.0,0.2905,144025.0,739855.0,542342.0,197513.0,0.267,151696.0,630.6192279635276,,0.8616824592263331,
2023-07-01,중랑구,2313.0,,,xlsx_2022_2024,2023,7,3,여름,348161.7836516129,341568.74148387095,5843.134832258065,749.9073580645161,380913.5004483871,310854.90600645164,320091.52328709676,368211.9696451613,138867.90902903225,24887.33742903226,80658.33629354839,33322.235306451614,-48120.44635806452,6,26,10,157,34,0,197,0,0,78,0,0,0,34,1033385.0,733211.0,300174.0,0.2905,144025.0,739855.0,542342.0,197513.0,0.267,151696.0,664.3463207652042,,0.8693131936899355,
2023-08-01,중랑구,2375.0,,,xlsx_2022_2024,2023,8,3,여름,342738.5849967742,336450.43009354844,5699.937564516129,588.2173612903226,376213.84179032256,304825.49775806454,314321.80432258063,363036.28548064514,136928.12504516132,23640.41345483871,80803.88611935485,32483.82547096774,-48714.48115806451,6,26,10,157,34,0,197,0,0,78,0,0,0,34,1033385.0,733211.0,300174.0,0.2905,144025.0,739855.0,542342.0,197513.0,0.267,151696.0,692.94795041018,,0.8658137406469755,
2023-09-01,중랑구,2136.0,,,xlsx_2022_2024,2023,9,3,가을,346204.31342333334,339970.72145333333,5695.125313333334,538.4666566666667,379537.23144,308909.88798999996,318420.70313333336,366049.74937000003,141130.82733666667,26764.325363333333,79999.43266666666,34367.069306666664,-47629.04623666666,6,26,10,157,34,0,197,0,0,78,0,0,0,34,1033385.0,733211.0,300174.0,0.2905,144025.0,739855.0,542342.0,197513.0,0.267,151696.0,616.9767149573702,,0.8698836802411696,
2023-10-01,중랑구,2179.0,,,xlsx_2022_2024,2023,10,4,가을,343665.9459064516,337434.2420516129,5651.1511838709675,580.5526774193548,377699.48748387094,303802.53029354836,314388.8179096774,364578.1802064516,137709.12093870968,24651.273741935485,79754.56811935484,33303.279077419356,-50189.36229677419,6,26,10,157,34,0,197,0,0,78,0,0,0,34,1033385.0,733211.0,300174.0,0.2905,144025.0,739855.0,542342.0,197513.0,0.267,151696.0,634.0459466394555,,0.8623358033430492,
2023-11-01,중랑구,1854.0,,,xlsx_2022_2024,2023,11,4,가을,344146.17806,338055.1939566667,5581.653633333333,509.33047999999997,381618.2390566667,303656.80712666665,313274.76789333334,366197.18533,143137.81216,27499.056226666667,80678.19149000001,34960.56444333333,-52922.41743666667,6,26,10,157,34,0,197,0,0,78,0,0,0,34,1033385.0,733211.0,300174.0,0.2905,144025.0,739855.0,542342.0,197513.0,0.267,151696.0,538.7245647914083,,0.855481091726646,
2023-12-01,중랑구,2150.0,,,xlsx_2022_2024,2023,12,4,겨울,353912.24549032253,347052.45289354835,6340.770880645162,519.021735483871,390587.9499064516,316451.62867096777,325642.9495451613,374104.5997419355,142758.06120645162,29565.95784516129,78699.5766064516,34492.526754838706,-48461.6501967742,6,26,10,157,34,0,197,0,0,78,0,0,0,34,1033385.0,733211.0,300174.0,0.2905,144025.0,739855.0,542342.0,197513.0,0.267,151696.0,607.4952272480185,,0.8704596248476923,
2024-01-01,중랑구,1812.0,,,xlsx_2022_2024,2024,1,1,겨울,351246.7592838709,344800.5484870968,5986.861219354839,459.34955806451615,386192.2877580645,314055.0608225806,323599.90011935483,370994.5158225806,136113.2854903226,27446.73321935484,76538.58026774193,32127.972003225805,-47394.615703225805,0,23,0,53,15,1,178,13,89,55,30,5,0,13,1008537.0,709276.0,299261.0,0.2967,129922.0,762508.0,569201.0,193307.0,0.2535,133360.0,515.8766457217549,,0.8722498212725842,
2024-02-01,중랑구,1677.0,,,xlsx_2022_2024,2024,2,1,겨울,350863.5016896552,344387.6356103449,5879.220717241379,596.6453689655173,383411.49929999997,313643.1405724138,323570.2494344828,370358.6818896552,140486.60214137932,27943.301944827585,79344.4832,33198.81699655172,-46788.43245517242,0,23,0,53,15,1,178,13,89,55,30,5,0,13,1008537.0,709276.0,299261.0,0.2967,129922.0,762508.0,569201.0,193307.0,0.2535,133360.0,477.963650229808,,0.8736672454485283,
2024-03-01,중랑구,1883.0,,,xlsx_2022_2024,2024,3,1,봄,347868.37072903226,341622.0135322581,5723.4121129032255,522.9450838709678,382128.01381290326,308181.6704548387,318638.5046580645,368746.8465064516,138193.3553483871,26449.4301,78522.44753225807,33221.47771612903,-50108.34184838709,0,23,0,53,15,1,178,13,89,55,30,5,0,13,1008537.0,709276.0,299261.0,0.2967,129922.0,762508.0,569201.0,193307.0,0.2535,133360.0,541.2966968091329,,0.8641118091636062,
2024-04-01,중랑구,1944.0,,,xlsx_2022_2024,2024,4,2,봄,341741.21476666664,335572.57301000005,5634.374323333333,534.2674666666667,377944.64987333334,299862.66188333335,310702.16985999997,363911.9611633333,142672.60406333333,24755.164926666665,82518.58787333334,35398.85126333333,-53209.79130333334,0,23,0,53,15,1,178,13,89,55,30,5,0,13,1008537.0,709276.0,299261.0,0.2967,129922.0,762508.0,569201.0,193307.0,0.2535,133360.0,568.8514922987326,,0.8537838901111267,
2024-05-01,중랑구,1899.0,,,xlsx_2022_2024,2024,5,2,봄,341125.6253,335035.14407741936,5602.012512903226,488.46872258064514,374197.8225193548,302789.77539354836,312895.89730322576,361289.7167064516,130469.42367096774,24606.8312516129,72527.12886129033,33335.46355806451,-48393.81940322581,0,23,0,53,15,1,178,13,89,55,30,5,0,13,1008537.0,709276.0,299261.0,0.2967,129922.0,762508.0,569201.0,193307.0,0.2535,133360.0,556.6864108581525,,0.8660525966684353,
2024-06-01,중랑구,2050.0,,,xlsx_2022_2024,2024,6,2,여름,338962.89887,332719.55225,5684.911553333333,558.4350666666667,371927.6588766667,301126.86394333333,310959.08312666666,358965.62438666663,128354.38019333333,23869.988983333333,72530.27309666667,31954.118113333338,-48006.54125999999,0,23,0,53,15,1,178,13,89,55,30,5,0,13,1008537.0,709276.0,299261.0,0.2967,129922.0,762508.0,569201.0,193307.0,0.2535,133360.0,604.7859535170609,,0.8662642381369398,
2024-07-01,중랑구,2063.0,,,xlsx_2022_2024,2024,7,3,여름,337716.9956580645,331360.29369677417,5803.537322580645,553.1646451612903,370502.03374838707,299487.5822129032,308992.6195645161,358234.4071516129,126099.99056129032,23558.233112903225,71782.15969032257,30759.597758064516,-49241.78758709678,0,23,0,53,15,1,178,13,89,55,30,5,0,13,1008537.0,709276.0,299261.0,0.2967,129922.0,762508.0,569201.0,193307.0,0.2535,133360.0,610.8665025815785,,0.8625431097514412,
2024-08-01,중랑구,2232.0,,,xlsx_2022_2024,2024,8,3,여름,332296.3616967742,326122.07733548386,5697.457651612903,476.8267064516129,364421.79658387095,295239.0600677419,304648.9021419355,352044.5470870968,124750.54370967743,22636.85145483871,71828.51778709677,30285.174467741937,-47395.644945161286,0,23,0,53,15,1,178,13,89,55,30,5,0,13,1008537.0,709276.0,299261.0,0.2967,129922.0,762508.0,569201.0,193307.0,0.2535,133360.0,671.6895690951729,,0.8653703193606476,
2024-09-01,중랑구,1868.0,,,xlsx_2022_2024,2024,9,3,가을,335133.78652333334,328841.3237766667,5736.186776666666,556.2759733333334,365546.1321166667,299837.8975866667,309227.7736633333,353638.08143333334,135414.07218,25552.051706666665,76403.84125999999,33458.17921333333,-44410.30777000001,0,23,0,53,15,1,178,13,89,55,30,5,0,13,1008537.0,709276.0,299261.0,0.2967,129922.0,762508.0,569201.0,193307.0,0.2535,133360.0,557.3893397554957,,0.8744187628492943,
2024-10-01,중랑구,1757.0,,,xlsx_2022_2024,2024,10,4,가을,334763.93334516126,328493.4802,5665.040112903226,605.413035483871,367523.1714354839,294958.84847741935,305776.6856064516,355469.11030322575,130686.56210000001,23553.5447,74410.58429032257,32722.43310967742,-49692.4246967742,0,23,0,53,15,1,178,13,89,55,30,5,0,13,1008537.0,709276.0,299261.0,0.2967,129922.0,762508.0,569201.0,193307.0,0.2535,133360.0,524.8474596540332,,0.8602060678229255,
2024-11-01,중랑구,1652.0,,,xlsx_2022_2024,2024,11,4,가을,334518.9990266666,328205.47434333334,5730.179533333333,583.3451566666666,367195.05728,295143.40887000004,305539.02398999996,355218.98121666664,135692.31114666667,24998.34431,76589.42687000001,34104.53996666667,-49679.95722666667,0,23,0,53,15,1,178,13,89,55,30,5,0,13,1008537.0,709276.0,299261.0,0.2967,129922.0,762508.0,569201.0,193307.0,0.2535,133360.0,493.8434004665632,,0.8601427292637713,
2024-12-01,중랑구,1850.0,,,xlsx_2022_2024,2024,12,4,겨울,338069.04741935484,331685.632916129,5783.624961290323,599.7895483870967,368483.50311935483,302234.0603451613,311878.02317096776,356776.92185806454,132170.07513548387,24881.364496774193,74494.80967741935,32793.900961290325,-44898.89868709678,0,23,0,53,15,1,178,13,89,55,30,5,0,13,1008537.0,709276.0,299261.0,0.2967,129922.0,762508.0,569201.0,193307.0,0.2535,133360.0,547.2254896217054,,0.8741541396420288,
