ds,District,출처,연도,월,전월_y,전월_transport_cnt,전월_no_transport_cnt,전월_fire_activity_cnt,전월_disease_cnt,전월_non_disease_cnt,전월_etc_cnt,전년동월_y,전년동월_transport_cnt,전월_total_pop,전월_내국인생활인구수,전월_장기체류외국인인구수,전월_단기체류외국인인구수,전월_일최대인구수,전월_일최소인구수,전월_day_pop,전월_night_pop,전월_일최대이동인구수,전월_서울외유입인구수,전월_동일자치구행정동간이동인구수,전월_자치구간이동인구수,전월_pop_diff,전년_총입원연인원,전년_서울내입원연인원,전년_서울외유출연인원,전년_유출률,전년_응급실입원연인원,전년_총처리연인원,전년_서울내환자연인원,전년_서울외유입연인원,전년_유입률,전년_응급실처리연인원,전년_건물사고,전년_교통사고,전년_기계사고,전년_기타/미상,전년_산악사고,전년_수난사고,전년_승강기사고,전년_안전조치,전년_위치추적,전년_인명갇힘,전년_자살추정,전년_잠금장치개방,전년_폭발사고,전년_화재,transport_cnt
2017-01-01,강남구,API_2017_2025,2017,1,,,,,,,,,,,,,,,,,,,,,,,,,,,,,,,,,3,92,20,222,9,40,401,0,0,350,0,0,0,70,1472.0
2017-02-01,강남구,API_2017_2025,2017,2,2483.0,1472.0,,,,,,,,,,,,,,,,,,,,,,,,,,,,,,,3,92,20,222,9,40,401,0,0,350,0,0,0,70,1255.0
2017-03-01,강남구,API_2017_2025,2017,3,2105.0,1255.0,,,,,,,,,,,,,,,,,,,,,,,,,,,,,,,3,92,20,222,9,40,401,0,0,350,0,0,0,70,1438.0
2017-04-01,강남구,API_2017_2025,2017,4,2417.0,1438.0,,,,,,,,,,,,,,,,,,,,,,,,,,,,,,,3,92,20,222,9,40,401,0,0,350,0,0,0,70,1512.0
2017-05-01,강남구,API_2017_2025,2017,5,2550.0,1512.0,,,,,,,,,,,,,,,,,,,,,,,,,,,,,,,3,92,20,222,9,40,401,0,0,350,0,0,0,70,1543.0
2017-06-01,강남구,API_2017_2025,2017,6,2650.0,1543.0,,,,,,,,,,,,,,,,,,,,,,,,,,,,,,,3,92,20,222,9,40,401,0,0,350,0,0,0,70,1643.0
2017-07-01,강남구,API_2017_2025,2017,7,2773.0,1643.0,,,,,,,,,,,,,,,,,,,,,,,,,,,,,,,3,92,20,222,9,40,401,0,0,350,0,0,0,70,1691.0
2017-08-01,강남구,API_2017_2025,2017,8,2963.0,1691.0,,,,,,,,,,,,,,,,,,,,,,,,,,,,,,,3,92,20,222,9,40,401,0,0,350,0,0,0,70,1584.0
2017-09-01,강남구,API_2017_2025,2017,9,2727.0,1584.0,,,,,,,,,,,,,,,,,,,,,,,,,,,,,,,3,92,20,222,9,40,401,0,0,350,0,0,0,70,1618.0
2017-10-01,강남구,API_2017_2025,2017,10,2755.0,1618.0,,,,,,,,,,,,,,,,,,,,,,,,,,,,,,,3,92,20,222,9,40,401,0,0,350,0,0,0,70,1459.0
2017-11-01,강남구,API_2017_2025,2017,11,2504.0,1459.0,,,,,,,,,,,,,,,,,,,,,,,,,,,,,,,3,92,20,222,9,40,401,0,0,350,0,0,0,70,1514.0
2017-12-01,강남구,API_2017_2025,2017,12,2481.0,1514.0,,,,,,,,,,,,,,,,,,,,,,,,,,,,,,,3,92,20,222,9,40,401,0,0,350,0,0,0,70,1698.0
2018-01-01,강남구,API_2017_2025,2018,1,2830.0,1698.0,,,,,,2483.0,1472.0,,,,,,,,,,,,,,,,,,,,,,,,6,169,8,268,8,32,580,0,0,337,0,0,0,36,1585.0
2018-02-01,강남구,API_2017_2025,2018,2,2740.0,1585.0,,,,,,2105.0,1255.0,,,,,,,,,,,,,,,,,,,,,,,,6,169,8,268,8,32,580,0,0,337,0,0,0,36,1366.0
2018-03-01,강남구,API_2017_2025,2018,3,2406.0,1366.0,,,,,,2417.0,1438.0,,,,,,,,,,,,,,,,,,,,,,,,6,169,8,268,8,32,580,0,0,337,0,0,0,36,1486.0
2018-04-01,강남구,API_2017_2025,2018,4,2647.0,1486.0,,,,,,2550.0,1512.0,,,,,,,,,,,,,,,,,,,,,,,,6,169,8,268,8,32,580,0,0,337,0,0,0,36,1508.0
2018-05-01,강남구,API_2017_2025,2018,5,2576.0,1508.0,,,,,,2650.0,1543.0,858066.5640807692,817036.3880884616,21099.74638846154,19930.42961923077,1049526.350946154,685937.4424230768,1010618.5387307692,749100.8679115383,653647.9840115384,196616.7521730769,133339.75189615384,323691.4799423077,261517.67081923079,,,,,,,,,,,6,169,8,268,8,32,580,0,0,337,0,0,0,36,1660.0
2018-06-01,강남구,API_2017_2025,2018,6,2765.0,1660.0,,,,,,2773.0,1643.0,846701.2681935483,805368.1257548387,20771.92381612903,20561.21861935484,1029229.0106064517,680210.6829612902,992015.9888419355,740797.242667742,623595.2215580645,188246.48781612903,127280.06521290322,308068.66852903226,251218.74617419357,,,,,,,,,,,6,169,8,268,8,32,580,0,0,337,0,0,0,36,1673.0
2018-07-01,강남구,API_2017_2025,2018,7,2831.0,1673.0,,,,,,2963.0,1691.0,855382.4456666667,815268.1658366666,21182.554283333335,18931.725570000002,1045679.81666,686486.6557199999,1005697.3347433334,748014.6677400001,600353.00791,185564.33091,120738.49931,294050.17769000004,257682.6670033333,,,,,,,,,,,6,169,8,268,8,32,580,0,0,337,0,0,0,36,1822.0
2018-08-01,강남구,API_2017_2025,2018,8,3213.0,1822.0,,,,,,2727.0,1584.0,877646.7028322581,834267.3592290323,22302.81355483871,21076.530038709676,1091580.4722935485,690608.9910129033,1045776.6265483871,757553.9002032258,639512.3181806452,203945.09152580643,123926.46448387096,311640.76217096776,288222.72634516127,,,,,,,,,,,6,169,8,268,8,32,580,0,0,337,0,0,0,36,1743.0
2018-09-01,강남구,API_2017_2025,2018,9,3059.0,1743.0,,,,,,2755.0,1618.0,864336.7162645161,822891.0720451613,22196.516503225805,19249.127719354838,1068190.8632387097,685601.7235870968,1025316.6880096773,747578.2320096774,647877.5270451612,198686.91048387095,131861.26711935483,317329.3494419355,277738.456,,,,,,,,,,,6,169,8,268,8,32,580,0,0,337,0,0,0,36,1514.0
2018-10-01,강남구,API_2017_2025,2018,10,2522.0,1514.0,,,,,,2504.0,1459.0,818212.2730133333,778798.4199866666,20172.45037,19241.40267,987529.0913699999,665462.4754633333,949878.21991,724165.1680866666,572932.08624,172816.99793333333,123643.17483999999,276471.91346666665,225713.05182333334,,,,,,,,,,,6,169,8,268,8,32,580,0,0,337,0,0,0,36,1522.0
2018-11-01,강남구,API_2017_2025,2018,11,2587.0,1522.0,,,,,,2481.0,1514.0,857251.6860354838,815086.583251613,20739.52139032258,21425.581403225806,1044345.8121354838,686912.3320645161,1006977.0548225805,748637.1418774194,614462.3424548387,191440.0220580645,123762.1744548387,299260.1459419355,258339.9129451613,,,,,,,,,,,6,169,8,268,8,32,580,0,0,337,0,0,0,36,1510.0
2018-12-01,강남구,API_2017_2025,2018,12,2516.0,1510.0,,,,,,2830.0,1698.0,871978.04081,829232.3575166666,21149.51398666667,21596.16931,1078222.8909166667,688925.09052,1034699.7519166667,755748.2471566667,656558.84936,211296.86786333335,127575.77324333334,317686.20825333335,278951.50476,,,,,,,,,,,6,169,8,268,8,32,580,0,0,337,0,0,0,36,1703.0
2019-01-01,강남구,API_2017_2025,2019,1,2837.0,1703.0,,,,,,2740.0,1585.0,858440.0901096774,816053.8469870968,21652.867187096774,20733.375925806453,1048862.6647290322,689881.5569580646,1005758.0842645161,753212.951432258,611156.547751613,194890.81946129035,123728.85941935483,292536.86887096777,252545.13283225807,,,,,,,,,,,0,53,6,167,4,28,467,0,0,268,0,0,0,42,1529.0
2019-02-01,강남구,API_2017_2025,2019,2,2575.0,1529.0,,,,,,2406.0,1366.0,882023.0274774194,839806.2279645161,22946.83352580645,19269.966003225807,1096711.289387097,694059.4814870968,1049747.6182225808,762219.7483741936,670797.3460096775,215506.21413548387,130025.41873870968,325265.7131354839,287527.8698483871,,,,,,,,,,,0,53,6,167,4,28,467,0,0,268,0,0,0,42,1280.0
2019-03-01,강남구,API_2017_2025,2019,3,2204.0,1280.0,,,,,,2647.0,1486.0,818553.6957535715,780619.8186214286,22166.671807142855,15767.205339285714,1000438.1328464287,656136.9729428571,957807.7617107143,719086.5057857143,599382.0133250001,186260.18057142856,124730.26075,288391.57200357143,238721.255925,,,,,,,,,,,0,53,6,167,4,28,467,0,0,268,0,0,0,42,1523.0
2019-04-01,강남구,API_2017_2025,2019,4,2500.0,1523.0,,,,,,2576.0,1508.0,853372.7204032257,813693.3362193549,22372.96719032258,17306.41698064516,1043405.930083871,685371.073616129,1002361.1615290323,746952.4053032257,588801.5678677419,183594.40957741934,119502.25368387098,285704.90460645163,255408.7562258065,,,,,,,,,,,0,53,6,167,4,28,467,0,0,268,0,0,0,42,1509.0
2019-05-01,강남구,API_2017_2025,2019,5,2479.0,1509.0,,,,,,2765.0,1660.0,848924.44197,808913.9816533333,22543.386019999998,17467.074303333335,1041278.2144666667,677206.95305,1001710.6509833334,739791.43554,646093.6629700001,197834.57543666667,129735.76121,318523.3263233333,261919.21544333332,,,,,,,,,,,0,53,6,167,4,28,467,0,0,268,0,0,0,42,1616.0
2019-06-01,강남구,API_2017_2025,2019,6,2717.0,1616.0,,,,,,2831.0,1673.0,819731.4237419355,779189.6723419355,21641.81895483871,18899.93244516129,1002433.4392806451,656139.0620548388,964756.9949290322,716141.7300483871,586111.076983871,181404.37062258064,119871.26678064516,284835.4395806452,248615.26488064515,,,,,,,,,,,0,53,6,167,4,28,467,0,0,268,0,0,0,42,1565.0
2019-07-01,강남구,API_2017_2025,2019,7,2610.0,1565.0,,,,,,3213.0,1822.0,825761.9263533334,784684.07045,21880.304173333334,19197.551743333333,1009333.7211166668,664287.0862866666,969456.7979166667,723122.7323866667,566086.5728,174764.55008,118600.11975999999,272721.90296,246334.06552999996,,,,,,,,,,,0,53,6,167,4,28,467,0,0,268,0,0,0,42,1746.0
2019-08-01,강남구,API_2017_2025,2019,8,2965.0,1746.0,,,,,,3059.0,1743.0,849977.673167742,808712.3787935484,23106.01009032258,18159.28429354839,1063726.3569741936,663616.1919322581,1017832.6307322581,730081.2749064517,586488.6175903226,187139.25632903227,113519.16801935484,285830.19324193546,287751.35582580644,,,,,,,,,,,0,53,6,167,4,28,467,0,0,268,0,0,0,42,1694.0
2019-09-01,강남구,API_2017_2025,2019,9,2945.0,1694.0,,,,,,2522.0,1514.0,863811.588116129,822263.4811483871,23329.81948064516,18218.28748064516,1063273.7544096773,687399.1466612903,1019725.6371225805,752444.4102580645,592468.970316129,185121.6136451613,118816.06457096773,288531.29209999996,267281.22686451615,,,,,,,,,,,0,53,6,167,4,28,467,0,0,268,0,0,0,42,1535.0
2019-10-01,강남구,API_2017_2025,2019,10,2654.0,1535.0,,,,,,2587.0,1522.0,834951.98071,794565.4042233333,21708.94415666667,18677.63233666667,1015321.1950533333,672468.6136133333,975658.6727633333,734447.20066,588068.7316633334,180754.20836,122705.28468666667,284609.2386166667,241211.47210333336,,,,,,,,,,,0,53,6,167,4,28,467,0,0,268,0,0,0,42,1670.0
2019-11-01,강남구,API_2017_2025,2019,11,2797.0,1670.0,,,,,,2516.0,1510.0,883406.2082032259,836111.0154548388,23189.127914516128,24106.06480967742,1097767.364383871,687383.4828451612,1057633.418982258,758958.2004903225,654965.3465709678,205303.70356935484,125888.1020032258,323773.5409983871,298675.2184919355,,,,,,,,,,,0,53,6,167,4,28,467,0,0,268,0,0,0,42,1609.0
2019-12-01,강남구,API_2017_2025,2019,12,2605.0,1609.0,,,,,,2837.0,1703.0,880952.2457033334,837268.2839866667,22447.46727,21236.494466666667,1092505.8225966666,697285.9488333333,1047186.7748933334,762213.2962933333,643055.6722166667,206011.36794333335,125041.82351,312002.4807633333,284973.47860000003,,,,,,,,,,,0,53,6,167,4,28,467,0,0,268,0,0,0,42,1733.0
2020-01-01,강남구,API_2017_2025,2020,1,2815.0,1733.0,,,,,,2575.0,1529.0,882208.1168193548,838621.6734290322,22461.380435483872,21125.062977419355,1090627.9946612904,699816.1155516129,1043765.8077419355,766809.766167742,663037.7436451613,212289.36496129032,131233.57358387095,319514.8051,276956.0415741935,1002129.0,582232.0,419897.0,0.419,,2201848.0,853651.0,1348197.0,0.6123,,0,29,1,174,8,71,434,0,0,226,0,0,0,7,1479.0
2020-02-01,강남구,API_2017_2025,2020,2,2397.0,1479.0,,,,,,2204.0,1280.0,862862.4038935484,823733.3627741935,22268.734203225806,16860.306929032256,1069665.385696774,682165.4451451612,1022102.9378741935,749119.1653387097,647116.9087032258,206216.84293225806,129168.29720322581,311731.76856774196,272983.7725354839,1002129.0,582232.0,419897.0,0.419,,2201848.0,853651.0,1348197.0,0.6123,,0,29,1,174,8,71,434,0,0,226,0,0,0,7,1177.0
2020-03-01,강남구,API_2017_2025,2020,3,2153.0,1177.0,,,,,,2500.0,1523.0,881777.3000931034,844520.5262275862,21773.724872413793,15483.049013793103,1090369.1973793104,701385.8184,1046124.7337896551,764386.2760344828,641748.596251724,196533.98196206897,130723.92268275861,314490.6916068966,281738.45775517245,1002129.0,582232.0,419897.0,0.419,,2201848.0,853651.0,1348197.0,0.6123,,0,29,1,174,8,71,434,0,0,226,0,0,0,7,1095.0
2020-04-01,강남구,API_2017_2025,2020,4,2100.0,1095.0,,,,,,2479.0,1509.0,836903.2031451613,806111.2717419354,19895.78046451613,10896.15093548387,1009673.0519483871,686715.9256354838,973319.3994193549,739463.0629419355,556747.2139677419,164346.17406451612,119091.78754516129,273309.2523580645,233856.3364774194,1002129.0,582232.0,419897.0,0.419,,2201848.0,853651.0,1348197.0,0.6123,,0,29,1,174,8,71,434,0,0,226,0,0,0,7,1046.0
2020-05-01,강남구,API_2017_2025,2020,5,1930.0,1046.0,,,,,,2717.0,1616.0,837914.78799,807983.7655466667,19793.891756666664,10137.13069,1011391.5562233333,684857.58814,975861.6891633333,739381.2871833333,586731.0515266667,174372.93598333333,126741.17504999999,285616.9404933333,236480.40198000002,1002129.0,582232.0,419897.0,0.419,,2201848.0,853651.0,1348197.0,0.6123,,0,29,1,174,8,71,434,0,0,226,0,0,0,7,1177.0
2020-06-01,강남구,API_2017_2025,2020,6,2275.0,1177.0,,,,,,2610.0,1565.0,828149.7786806452,799265.408816129,19907.475461290323,8976.894403225806,999435.2740387097,676526.7320806452,963795.7777806452,731259.7793290323,581012.253551613,172856.4986,126689.45614193549,281466.2988096774,232535.9984516129,1002129.0,582232.0,419897.0,0.419,,2201848.0,853651.0,1348197.0,0.6123,,0,29,1,174,8,71,434,0,0,226,0,0,0,7,1268.0
2020-07-01,강남구,API_2017_2025,2020,7,2452.0,1268.0,,,,,,2965.0,1746.0,849618.1967933333,821657.1942766666,20786.573633333333,7174.428866666666,1043698.30793,677442.1642233334,1004756.83004,738804.8873033334,628660.6734766667,189045.35691,129317.17994666667,310298.13662,265951.94273666665,1002129.0,582232.0,419897.0,0.419,,2201848.0,853651.0,1348197.0,0.6123,,0,29,1,174,8,71,434,0,0,226,0,0,0,7,1413.0
2020-08-01,강남구,API_2017_2025,2020,8,2627.0,1413.0,,,,,,2945.0,1694.0,865009.3934225807,834377.3238774193,21125.56106451613,9506.508503225807,1064176.5761903226,686461.7066516129,1023943.6776354839,751484.9047161291,635647.697567742,194110.07760967742,127480.57128387096,314057.04867419356,272458.77291935484,1002129.0,582232.0,419897.0,0.419,,2201848.0,853651.0,1348197.0,0.6123,,0,29,1,174,8,71,434,0,0,226,0,0,0,7,1222.0
2020-09-01,강남구,API_2017_2025,2020,9,2550.0,1222.0,,,,,,2654.0,1535.0,826552.5134806451,794765.5410774194,20255.348806451613,11531.623599999999,997442.1025064515,675967.886367742,961578.2706354839,730105.5440774193,570516.0411870967,169692.82268709678,123050.35183548386,277772.8666645161,231472.72655806452,1002129.0,582232.0,419897.0,0.419,,2201848.0,853651.0,1348197.0,0.6123,,0,29,1,174,8,71,434,0,0,226,0,0,0,7,1087.0
2020-10-01,강남구,API_2017_2025,2020,10,2357.0,1087.0,,,,,,2797.0,1670.0,806555.2294966667,778093.6713633334,19767.189046666666,8694.369086666666,971993.4270633333,662781.5313433333,937598.5656233333,712952.8465533333,548460.05553,160414.98250333333,118273.73762,269771.3354066667,224645.71907000002,1002129.0,582232.0,419897.0,0.419,,2201848.0,853651.0,1348197.0,0.6123,,0,29,1,174,8,71,434,0,0,226,0,0,0,7,1179.0
2020-11-01,강남구,API_2017_2025,2020,11,2453.0,1179.0,,,,,,2605.0,1609.0,811489.6183193548,784087.0200548387,19925.149132258062,7477.449141935484,978448.8620322581,661523.8375612904,943324.2500580646,717322.0242161291,575103.6330387098,173867.25669032257,122725.2836032258,278511.09274516127,226002.2258419355,1002129.0,582232.0,419897.0,0.419,,2201848.0,853651.0,1348197.0,0.6123,,0,29,1,174,8,71,434,0,0,226,0,0,0,7,1204.0
2020-12-01,강남구,API_2017_2025,2020,12,2289.0,1204.0,,,,,,2815.0,1733.0,832259.0002433334,805155.72849,20542.114573333336,6561.157173333334,1016774.2248466667,668999.10515,979613.1332666667,727006.0480933334,603806.3173633333,184706.69526333333,124032.81205000001,295066.81005000003,252607.08517333335,1002129.0,582232.0,419897.0,0.419,,2201848.0,853651.0,1348197.0,0.6123,,0,29,1,174,8,71,434,0,0,226,0,0,0,7,1036.0
2021-01-01,강남구,건별집계|API_2017_2025,2021,1,2038.0,1036.0,,,,,,2397.0,1479.0,790193.7408354839,763508.9405225806,19241.64969032258,7443.150619354838,954043.0284677419,654949.3299903226,919085.3324774194,698128.3182258063,518105.711916129,153549.28471290323,111711.0175483871,252845.4096548387,220957.0142516129,991115.0,588825.0,402290.0,0.4059,,2112265.0,827508.0,1284757.0,0.6082,,0,33,0,154,13,76,286,0,0,204,0,0,0,43,1307.0
2021-02-01,강남구,건별집계|API_2017_2025,2021,2,2327.0,1307.0,777.0,243.0,870.0,1370.0,87.0,2153.0,1177.0,793527.650832258,768545.0572774194,19063.559158064516,5919.034393548387,961286.9687129032,655450.424283871,924938.5624935484,699662.7139322581,539115.6781096774,162412.0390419355,116421.1974516129,260282.44161612904,225275.84856129033,991115.0,588825.0,402290.0,0.4059,,2112265.0,827508.0,1284757.0,0.6082,,0,33,0,154,13,76,286,0,0,204,0,0,0,43,1191.0
2021-03-01,강남구,건별집계|API_2017_2025,2021,3,2173.0,1191.0,753.0,229.0,791.0,1294.0,88.0,2100.0,1095.0,801461.6919214285,775298.2491928572,19460.140982142857,6703.301764285715,978504.745825,650558.0830499999,939367.0410928571,702957.8711,573796.1826964285,174882.47490714284,121265.06452142856,277648.64326785714,236409.16999285715,991115.0,588825.0,402290.0,0.4059,,2112265.0,827508.0,1284757.0,0.6082,,0,33,0,154,13,76,286,0,0,204,0,0,0,43,1373.0
2021-04-01,강남구,건별집계|API_2017_2025,2021,4,2595.0,1373.0,967.0,255.0,902.0,1560.0,133.0,1930.0,1046.0,836926.4784580646,810231.2718967743,20415.55427419355,6279.652287096774,1032963.1713290323,665764.8449806452,992623.5478612903,725714.2860161291,605473.7067354838,186676.38538709676,121969.76813548387,296827.5532129032,266909.2618451613,991115.0,588825.0,402290.0,0.4059,,2112265.0,827508.0,1284757.0,0.6082,,0,33,0,154,13,76,286,0,0,204,0,0,0,43,1473.0
2021-05-01,강남구,건별집계|API_2017_2025,2021,5,2646.0,1473.0,919.0,254.0,960.0,1554.0,132.0,2275.0,1177.0,828750.08857,803243.9942099999,20480.90266,5025.191696666667,1024186.0119899999,658654.6756233333,984378.5584066666,717586.8958299999,633121.0216933334,191705.25308333334,129118.86826333334,312296.90034666663,266791.6625766667,991115.0,588825.0,402290.0,0.4059,,2112265.0,827508.0,1284757.0,0.6082,,0,33,0,154,13,76,286,0,0,204,0,0,0,43,1637.0
2021-06-01,강남구,건별집계|API_2017_2025,2021,6,2929.0,1637.0,937.0,355.0,1121.0,1710.0,98.0,2452.0,1268.0,809312.0577193548,784103.8257290322,19779.28958387097,5428.94240967742,986772.4979096774,653396.5220451613,949535.0965935484,709152.744248387,589350.2906419354,177328.72832258063,127270.0586419355,284751.5036774193,240382.3523451613,991115.0,588825.0,402290.0,0.4059,,2112265.0,827508.0,1284757.0,0.6082,,0,33,0,154,13,76,286,0,0,204,0,0,0,43,1779.0
2021-07-01,강남구,건별집계|API_2017_2025,2021,7,3267.0,1779.0,1099.0,389.0,1151.0,1920.0,196.0,2627.0,1413.0,835716.63555,807640.3129666667,20633.278306666667,7443.04429,1034626.78229,663223.8548266666,993455.52929,723045.9971866666,634301.9296633333,193936.5544833333,130509.17922666666,309856.19595333334,270409.53210333333,991115.0,588825.0,402290.0,0.4059,,2112265.0,827508.0,1284757.0,0.6082,,0,33,0,154,13,76,286,0,0,204,0,0,0,43,1805.0
2021-08-01,강남구,건별집계|API_2017_2025,2021,8,3184.0,1805.0,1041.0,338.0,1217.0,1736.0,231.0,2550.0,1222.0,808641.6506032258,781690.768216129,19791.123361290323,7159.759041935484,992065.362732258,653301.2723935484,952638.4447096774,705786.7976935484,579400.4462903226,175572.08481612903,122438.63934193549,281389.72213225806,246851.64701612905,991115.0,588825.0,402290.0,0.4059,,2112265.0,827508.0,1284757.0,0.6082,,0,33,0,154,13,76,286,0,0,204,0,0,0,43,1776.0
2021-09-01,강남구,건별집계|API_2017_2025,2021,9,3061.0,1776.0,1027.0,258.0,1241.0,1644.0,176.0,2357.0,1087.0,795719.2384870969,769158.8128677419,19104.802980645163,7455.622629032258,972441.2022419354,647531.4880258065,933323.3180290322,697430.610232258,564312.3449451614,169240.07380967744,120976.24479354838,274096.0263419355,235892.7077967742,991115.0,588825.0,402290.0,0.4059,,2112265.0,827508.0,1284757.0,0.6082,,0,33,0,154,13,76,286,0,0,204,0,0,0,43,1632.0
2021-10-01,강남구,건별집계|API_2017_2025,2021,10,2994.0,1632.0,1154.0,208.0,1190.0,1663.0,141.0,2453.0,1179.0,782926.6777100001,757475.65177,18600.505343333334,6850.520596666667,950213.2525833334,639915.19833,912817.5294799999,690147.4978733334,552390.5315466666,165807.27398,120565.80539000001,266017.45217666664,222670.0316066667,991115.0,588825.0,402290.0,0.4059,,2112265.0,827508.0,1284757.0,0.6082,,0,33,0,154,13,76,286,0,0,204,0,0,0,43,1694.0
2021-11-01,강남구,건별집계|API_2017_2025,2021,11,2917.0,1694.0,1009.0,214.0,1172.0,1576.0,169.0,2289.0,1204.0,799479.6601096774,772594.9992870967,19027.338029032257,7857.322812903226,971916.7017806451,650740.5317870968,934772.4504290323,702841.9527387096,566791.6401709678,172478.7939483871,121998.84099354838,272314.00522903225,231930.49769032258,991115.0,588825.0,402290.0,0.4059,,2112265.0,827508.0,1284757.0,0.6082,,0,33,0,154,13,76,286,0,0,204,0,0,0,43,1656.0
2021-12-01,강남구,건별집계|API_2017_2025,2021,12,3054.0,1656.0,1162.0,236.0,1327.0,1473.0,254.0,2038.0,1036.0,836540.79238,806499.2798266667,19804.983643333333,10236.528913333334,1031735.3587133333,665558.1340166667,990803.8548733334,726352.8905966667,630904.9669766667,197911.53397666666,125775.08303000001,307218.34997,264450.96427666664,991115.0,588825.0,402290.0,0.4059,,2112265.0,827508.0,1284757.0,0.6082,,0,33,0,154,13,76,286,0,0,204,0,0,0,43,1508.0
2022-01-01,강남구,건별집계|API_2017_2025|xlsx_2022_2024,2022,1,2955.0,1508.0,1171.0,276.0,1301.0,1131.0,523.0,2327.0,1307.0,825072.2090580645,797138.9294064516,19126.58884516129,8806.690806451612,1015244.6499612903,661819.8988709677,974832.543516129,718100.5415870968,595242.1223774193,185062.4948483871,121575.33556129033,288604.2919677419,256732.00192903224,1027077.0,625196.0,401881.0,0.3913,89369.0,2195633.0,863320.0,1332313.0,0.6068,233772.0,0,51,4,246,18,144,313,0,0,258,0,0,0,51,1417.0
2022-02-01,강남구,건별집계|xlsx_2022_2024,2022,2,2600.0,1417.0,955.0,228.0,1039.0,1424.0,137.0,2173.0,1191.0,813482.9152645161,786969.1453548387,18856.187258064518,7657.582661290323,1002179.9677290323,653413.6686483872,961545.8051870967,707723.7081741936,593207.7549774194,185615.73733870967,123419.88531612903,284172.13232258067,253822.09701290325,1027077.0,625196.0,401881.0,0.3913,89369.0,2195633.0,863320.0,1332313.0,0.6068,233772.0,0,51,4,246,18,144,313,0,0,258,0,0,0,51,1282.0
2022-03-01,강남구,건별집계|xlsx_2022_2024,2022,3,2667.0,1282.0,1174.0,211.0,1145.0,1412.0,110.0,2595.0,1373.0,809263.3539535714,778636.3433999999,18628.536957142856,11998.473610714285,988258.6703892857,658232.7787857142,948024.1260714286,710148.5167357143,568903.0170464285,174106.40056428572,123061.0906892857,271735.5257928571,237875.60933571428,1027077.0,625196.0,401881.0,0.3913,89369.0,2195633.0,863320.0,1332313.0,0.6068,233772.0,0,51,4,246,18,144,313,0,0,258,0,0,0,51,1523.0
2022-04-01,강남구,건별집계|xlsx_2022_2024,2022,4,3465.0,1523.0,1742.0,200.0,1483.0,1805.0,177.0,2646.0,1473.0,815774.8093129032,787418.085167742,18683.221893548387,9673.502258064516,987287.2824741936,666227.0715161291,951255.8133580645,719002.6635806451,551347.4703709678,167156.20987096775,119884.1701548387,264307.09034516127,232253.14977741934,1027077.0,625196.0,401881.0,0.3913,89369.0,2195633.0,863320.0,1332313.0,0.6068,233772.0,0,51,4,246,18,144,313,0,0,258,0,0,0,51,1588.0
2022-05-01,강남구,건별집계|xlsx_2022_2024,2022,5,3048.0,1588.0,1220.0,240.0,1292.0,1611.0,145.0,2929.0,1637.0,833432.4203066666,802085.2031633334,19293.532393333335,12053.684736666668,1019076.8313133332,670139.62345,980498.4670966666,728385.2440233334,617272.9767233334,189941.30310000002,128262.81765333333,299068.85597,252113.22307333333,1027077.0,625196.0,401881.0,0.3913,89369.0,2195633.0,863320.0,1332313.0,0.6068,233772.0,0,51,4,246,18,144,313,0,0,258,0,0,0,51,1752.0
2022-06-01,강남구,건별집계|xlsx_2022_2024,2022,6,3226.0,1752.0,1243.0,231.0,1298.0,1760.0,168.0,3267.0,1779.0,853718.0181193548,818133.4937,19616.79337419355,15967.73104516129,1044975.7095032259,682434.9928516129,1005680.6549967743,745173.2774967742,628984.2481806452,196813.83953870967,128173.2027,303997.2059419355,260507.37750000003,1027077.0,625196.0,401881.0,0.3913,89369.0,2195633.0,863320.0,1332313.0,0.6068,233772.0,0,51,4,246,18,144,313,0,0,258,0,0,0,51,1651.0
2022-07-01,강남구,건별집계|xlsx_2022_2024,2022,7,3163.0,1651.0,1273.0,239.0,1196.0,1803.0,164.0,3184.0,1805.0,870905.93617,833873.0314033333,19734.417436666667,17298.487326666665,1071583.4589633334,696245.0555066667,1028124.3001566667,758607.1047666667,636911.76866,200089.73482333336,129486.94110333333,307335.0927333333,269517.19539,1027077.0,625196.0,401881.0,0.3913,89369.0,2195633.0,863320.0,1332313.0,0.6068,233772.0,0,51,4,246,18,144,313,0,0,258,0,0,0,51,1854.0
2022-08-01,강남구,건별집계|xlsx_2022_2024,2022,8,3614.0,1854.0,1514.0,246.0,1419.0,2027.0,168.0,3061.0,1776.0,861738.726783871,823399.738067742,20080.010519354837,18258.978203225804,1067991.5868935485,682957.2139806452,1023357.7154806452,746296.5920032258,625957.6289645161,201013.62536774194,123416.27464838709,301527.7289483871,277061.1234774194,1027077.0,625196.0,401881.0,0.3913,89369.0,2195633.0,863320.0,1332313.0,0.6068,233772.0,0,51,4,246,18,144,313,0,0,258,0,0,0,51,1931.0
2022-09-01,강남구,건별집계|xlsx_2022_2024,2022,9,3782.0,1931.0,1544.0,307.0,1544.0,2073.0,165.0,2994.0,1632.0,844638.407832258,807623.917383871,19686.571551612902,17327.91890967742,1043558.5597645161,671810.4970612903,1001165.7694580645,732833.1495290323,616359.7030290322,193525.96808387095,124969.88063870968,297863.8543064516,268332.6199290323,1027077.0,625196.0,401881.0,0.3913,89369.0,2195633.0,863320.0,1332313.0,0.6068,233772.0,0,51,4,246,18,144,313,0,0,258,0,0,0,51,1663.0
2022-10-01,강남구,건별집계|xlsx_2022_2024,2022,10,3232.0,1663.0,1317.0,252.0,1233.0,1853.0,146.0,2917.0,1694.0,827500.2501166667,791511.4960366667,19298.05201333333,16690.70207,1013748.1769433334,662811.5011433333,973035.21614,723546.7029533333,596437.3980333334,186846.91548333332,122458.93773666667,287131.5448133333,249488.51318666668,1027077.0,625196.0,401881.0,0.3913,89369.0,2195633.0,863320.0,1332313.0,0.6068,233772.0,0,51,4,246,18,144,313,0,0,258,0,0,0,51,1560.0
2022-11-01,강남구,건별집계|xlsx_2022_2024,2022,11,2916.0,1560.0,1136.0,220.0,1085.0,1711.0,120.0,3054.0,1656.0,832802.2085741935,793167.5174580646,19380.76799032258,20253.92314516129,1015103.3668967743,672918.8058645162,975825.7725741935,730642.5200193549,586023.2922516129,185910.52379354837,121134.64289999999,278978.12555806455,245183.25255483872,1027077.0,625196.0,401881.0,0.3913,89369.0,2195633.0,863320.0,1332313.0,0.6068,233772.0,0,51,4,246,18,144,313,0,0,258,0,0,0,51,1716.0
2022-12-01,강남구,건별집계|xlsx_2022_2024,2022,12,3139.0,1716.0,1224.0,199.0,1233.0,1758.0,148.0,2955.0,1508.0,854042.8565266667,814648.6779733334,19791.347983333333,19602.830576666667,1055825.2534966667,678117.9924266667,1014757.9294133334,739246.3759,632566.8290899999,201547.55641666666,124471.67424666668,306547.5984266667,275511.5535133334,1027077.0,625196.0,401881.0,0.3913,89369.0,2195633.0,863320.0,1332313.0,0.6068,233772.0,0,51,4,246,18,144,313,0,0,258,0,0,0,51,1828.0
2017-01-01,강동구,API_2017_2025,2017,1,,,,,,,,,,,,,,,,,,,,,,,,,,,,,,,,,5,68,4,101,0,27,345,0,0,254,0,0,0,17,1085.0
2017-02-01,강동구,API_2017_2025,2017,2,1662.0,1085.0,,,,,,,,,,,,,,,,,,,,,,,,,,,,,,,5,68,4,101,0,27,345,0,0,254,0,0,0,17,945.0
2017-03-01,강동구,API_2017_2025,2017,3,1492.0,945.0,,,,,,,,,,,,,,,,,,,,,,,,,,,,,,,5,68,4,101,0,27,345,0,0,254,0,0,0,17,1015.0
2017-04-01,강동구,API_2017_2025,2017,4,1612.0,1015.0,,,,,,,,,,,,,,,,,,,,,,,,,,,,,,,5,68,4,101,0,27,345,0,0,254,0,0,0,17,1066.0
2017-05-01,강동구,API_2017_2025,2017,5,1687.0,1066.0,,,,,,,,,,,,,,,,,,,,,,,,,,,,,,,5,68,4,101,0,27,345,0,0,254,0,0,0,17,1184.0
2017-06-01,강동구,API_2017_2025,2017,6,1848.0,1184.0,,,,,,,,,,,,,,,,,,,,,,,,,,,,,,,5,68,4,101,0,27,345,0,0,254,0,0,0,17,1207.0
2017-07-01,강동구,API_2017_2025,2017,7,1872.0,1207.0,,,,,,,,,,,,,,,,,,,,,,,,,,,,,,,5,68,4,101,0,27,345,0,0,254,0,0,0,17,1283.0
2017-08-01,강동구,API_2017_2025,2017,8,1953.0,1283.0,,,,,,,,,,,,,,,,,,,,,,,,,,,,,,,5,68,4,101,0,27,345,0,0,254,0,0,0,17,1223.0
2017-09-01,강동구,API_2017_2025,2017,9,1927.0,1223.0,,,,,,,,,,,,,,,,,,,,,,,,,,,,,,,5,68,4,101,0,27,345,0,0,254,0,0,0,17,1194.0
2017-10-01,강동구,API_2017_2025,2017,10,1890.0,1194.0,,,,,,,,,,,,,,,,,,,,,,,,,,,,,,,5,68,4,101,0,27,345,0,0,254,0,0,0,17,1233.0
2017-11-01,강동구,API_2017_2025,2017,11,1835.0,1233.0,,,,,,,,,,,,,,,,,,,,,,,,,,,,,,,5,68,4,101,0,27,345,0,0,254,0,0,0,17,1099.0
2017-12-01,강동구,API_2017_2025,2017,12,1654.0,1099.0,,,,,,,,,,,,,,,,,,,,,,,,,,,,,,,5,68,4,101,0,27,345,0,0,254,0,0,0,17,1269.0
2018-01-01,강동구,API_2017_2025,2018,1,1900.0,1269.0,,,,,,1662.0,1085.0,,,,,,,,,,,,,,,,,,,,,,,,0,58,3,158,2,26,356,0,0,301,0,0,0,13,1257.0
2018-02-01,강동구,API_2017_2025,2018,2,1858.0,1257.0,,,,,,1492.0,945.0,,,,,,,,,,,,,,,,,,,,,,,,0,58,3,158,2,26,356,0,0,301,0,0,0,13,953.0
2018-03-01,강동구,API_2017_2025,2018,3,1467.0,953.0,,,,,,1612.0,1015.0,,,,,,,,,,,,,,,,,,,,,,,,0,58,3,158,2,26,356,0,0,301,0,0,0,13,1094.0
2018-04-01,강동구,API_2017_2025,2018,4,1760.0,1094.0,,,,,,1687.0,1066.0,,,,,,,,,,,,,,,,,,,,,,,,0,58,3,158,2,26,356,0,0,301,0,0,0,13,1078.0
2018-05-01,강동구,API_2017_2025,2018,5,1665.0,1078.0,,,,,,1848.0,1184.0,492872.7544384615,481461.8398653846,10183.282803846154,1227.6317846153847,531122.1581269231,448402.34560384613,459546.4881346154,516677.23038076924,239201.06196153845,47716.155900000005,141170.77120000002,50314.13486153846,-57130.74224615385,,,,,,,,,,,0,58,3,158,2,26,356,0,0,301,0,0,0,13,1180.0
2018-06-01,강동구,API_2017_2025,2018,6,1747.0,1180.0,,,,,,1872.0,1207.0,491738.4208451613,480481.73276774195,10200.333387096774,1056.3547,533721.1500612904,445413.5820419355,457416.9549451613,515130.1141903226,231510.8968935484,46776.56646774193,135787.5798451613,48946.75058064516,-57713.15924516129,,,,,,,,,,,0,58,3,158,2,26,356,0,0,301,0,0,0,13,1207.0
2018-07-01,강동구,API_2017_2025,2018,7,1786.0,1207.0,,,,,,1953.0,1283.0,497941.87784666667,486125.36803666665,10488.310836666667,1328.1989733333332,532766.3286366666,458093.34949666663,468175.4916566667,519203.5822666667,219072.84232666667,46870.32570666667,125367.22561000001,46835.29101,-51028.09061,,,,,,,,,,,0,58,3,158,2,26,356,0,0,301,0,0,0,13,1205.0
2018-08-01,강동구,API_2017_2025,2018,8,1907.0,1205.0,,,,,,1927.0,1223.0,498456.3323967742,486178.0871419355,10961.162406451613,1317.0828483870966,532391.3773516129,460752.7780935484,469752.33157741936,518959.1901225806,221928.0918612903,48450.810525806446,126299.23554193549,47178.04579354839,-49206.8585451613,,,,,,,,,,,0,58,3,158,2,26,356,0,0,301,0,0,0,13,1321.0
2018-09-01,강동구,API_2017_2025,2018,9,1953.0,1321.0,,,,,,1890.0,1194.0,494401.65647741937,482481.1409516129,10756.844658064516,1163.6708645161289,527634.0857709678,456506.484416129,465577.1684967742,513850.42957419355,230072.2047870968,47115.632970967745,135165.4015935484,47791.170222580644,-48273.26107741935,,,,,,,,,,,0,58,3,158,2,26,356,0,0,301,0,0,0,13,1183.0
2018-10-01,강동구,API_2017_2025,2018,10,1752.0,1183.0,,,,,,1835.0,1233.0,491711.94478333334,480414.57926666667,10232.499609999999,1064.8659033333333,527286.7380166666,452313.3619,462650.4352566667,512470.1658633333,221338.11038333332,47418.6202,127935.11432333334,45984.37586,-49819.730606666664,,,,,,,,,,,0,58,3,158,2,26,356,0,0,301,0,0,0,13,1126.0
2018-11-01,강동구,API_2017_2025,2018,11,1679.0,1126.0,,,,,,1654.0,1099.0,494860.7215741935,483336.5990064516,10411.28035483871,1112.842222580645,530771.5002032259,451527.2042645161,462870.5849903226,516567.1680741936,224574.68856774192,46960.61440967742,130231.95467419355,47382.11948387096,-53696.583083870966,,,,,,,,,,,0,58,3,158,2,26,356,0,0,301,0,0,0,13,1064.0
2018-12-01,강동구,API_2017_2025,2018,12,1563.0,1064.0,,,,,,1900.0,1269.0,494651.91497333336,483126.46421,10331.70428,1193.7464666666667,530968.7894233334,452261.37492000003,462706.91557,517469.77169333334,240083.05754333333,50000.772280000005,141366.17742666666,48716.10783666666,-54762.85612333333,,,,,,,,,,,0,58,3,158,2,26,356,0,0,301,0,0,0,13,1214.0
2019-01-01,강동구,API_2017_2025,2019,1,1828.0,1214.0,,,,,,1858.0,1257.0,504363.08350967744,492902.53938387096,10211.666806451613,1248.8773225806451,534067.5185225806,469570.33347741934,478918.6053419355,522537.71079032257,235100.5358967742,49923.53536774193,137608.1029,47568.89762903225,-43619.1054483871,,,,,,,,,,,0,53,5,129,5,39,359,0,0,171,0,0,0,25,1112.0
2019-02-01,강동구,API_2017_2025,2019,2,1651.0,1112.0,,,,,,1467.0,953.0,504287.4332548387,492212.44602258067,10763.541822580644,1311.4454225806453,535541.2977064516,467617.6038580645,476913.609583871,523840.1644419355,243918.91509677417,50667.62789677419,144927.5682451613,48323.71895483871,-46926.55485806451,,,,,,,,,,,0,53,5,129,5,39,359,0,0,171,0,0,0,25,976.0
2019-03-01,강동구,API_2017_2025,2019,3,1421.0,976.0,,,,,,1760.0,1094.0,491321.9096821429,479137.70285357145,10825.235907142856,1358.970932142857,522661.3372678571,457175.4418535714,466572.34114642855,509000.172925,234027.18401785713,49434.80323214286,138592.8500392857,45999.53074642857,-42427.831778571424,,,,,,,,,,,0,53,5,129,5,39,359,0,0,171,0,0,0,25,1074.0
2019-04-01,강동구,API_2017_2025,2019,4,1661.0,1074.0,,,,,,1665.0,1078.0,495515.53717419354,484207.50486774195,10097.08329032258,1210.949029032258,527349.9562645161,457813.13758064515,467383.6882483871,515609.71497741935,226203.17987419356,46464.958387096776,134553.71401935484,45184.50746774193,-48226.02672903226,,,,,,,,,,,0,53,5,129,5,39,359,0,0,171,0,0,0,25,1104.0
2019-05-01,강동구,API_2017_2025,2019,5,1705.0,1104.0,,,,,,1747.0,1180.0,485289.89111666667,474571.1117,9719.29429,999.4851266666667,519710.32318666665,444083.25118666666,454726.3939266667,507120.96054,244155.97354666665,49309.17608,145298.09651,49548.70095666666,-52394.56661333332,,,,,,,,,,,0,53,5,129,5,39,359,0,0,171,0,0,0,25,1163.0
2019-06-01,강동구,API_2017_2025,2019,6,1774.0,1163.0,,,,,,1786.0,1207.0,467931.9246451613,457478.3215645161,9242.125612903224,1211.477477419355,502095.3258032258,428408.8238451613,438469.4991709678,488976.51426774194,226993.75576774194,46350.22613225807,135046.62952903225,45596.90010645161,-50507.01509677418,,,,,,,,,,,0,53,5,129,5,39,359,0,0,171,0,0,0,25,1135.0
2019-07-01,강동구,API_2017_2025,2019,7,1699.0,1135.0,,,,,,1907.0,1205.0,472267.15529,461754.0105766666,9317.015210000001,1196.1295133333333,503779.22568000003,436667.3191233333,445619.7501333334,491301.01611666667,219435.59524333334,45457.39842333333,130569.50015333334,43408.69666666666,-45681.26598333334,,,,,,,,,,,0,53,5,129,5,39,359,0,0,171,0,0,0,25,1226.0
2019-08-01,강동구,API_2017_2025,2019,8,1888.0,1226.0,,,,,,1953.0,1321.0,468234.0052451613,457563.60692580644,9671.630138709677,998.7681935483871,499052.1440612903,434264.28863870964,441976.752067742,486989.1860967742,208926.97935161288,44776.82825806452,121864.09708387096,42286.05400967742,-45012.43402903225,,,,,,,,,,,0,53,5,129,5,39,359,0,0,171,0,0,0,25,1312.0
2019-09-01,강동구,API_2017_2025,2019,9,1995.0,1312.0,,,,,,1752.0,1183.0,486842.93656451616,475765.03723225807,10006.264380645162,1071.6349483870968,518152.57258387096,452013.0059064516,460395.1741548387,505734.19542580645,220228.04702903226,48170.96613870967,127285.82209032259,44771.258799999996,-45339.02127096774,,,,,,,,,,,0,53,5,129,5,39,359,0,0,171,0,0,0,25,1146.0
2019-10-01,강동구,API_2017_2025,2019,10,1817.0,1146.0,,,,,,1679.0,1126.0,487103.13045666664,476329.4957733333,9400.10939,1373.5253033333333,519884.6959033333,450423.67544666666,459826.47576666664,506586.45523,226784.18817,50131.97665,129805.48434333333,46846.72717666666,-46759.97946333334,,,,,,,,,,,0,53,5,129,5,39,359,0,0,171,0,0,0,25,1176.0
2019-11-01,강동구,API_2017_2025,2019,11,1754.0,1176.0,,,,,,1563.0,1064.0,493190.2875612903,481836.7179516129,9379.123570967742,1974.4460532258065,529011.00865,450202.43422096776,461074.59803870966,516130.0658274194,238332.45432741934,51526.80145967742,136238.7404967742,50566.91237096774,-55055.467788709684,,,,,,,,,,,0,53,5,129,5,39,359,0,0,171,0,0,0,25,1153.0
2019-12-01,강동구,API_2017_2025,2019,12,1743.0,1153.0,,,,,,1828.0,1214.0,496797.75695,486536.3273033333,9083.984883333333,1177.4447633333334,530690.0041799999,455324.20866,465918.90103999997,518854.08259,236499.30386333333,50609.14584,136446.02237,49444.13565333334,-52935.18155,,,,,,,,,,,0,53,5,129,5,39,359,0,0,171,0,0,0,25,1197.0
2020-01-01,강동구,API_2017_2025,2020,1,1778.0,1197.0,,,,,,1651.0,1112.0,504659.1751258064,494504.57586129033,8994.234883870968,1160.364370967742,536433.4262,467407.02914193546,476945.5882451613,524454.5943225806,249854.4195,52694.22424516129,146787.43200967743,50372.763245161295,-47509.00607741935,915412.0,637381.0,278031.0,0.3037,,1516483.0,879553.0,636930.0,0.42,,0,47,2,67,5,54,255,0,0,140,0,0,0,61,1118.0
2020-02-01,강동구,API_2017_2025,2020,2,1731.0,1118.0,,,,,,1421.0,976.0,508662.50686774193,497475.74160967744,9745.754203225808,1441.011070967742,541171.0480096774,471524.8550387097,481227.72237419354,528258.7815064517,250045.08276774193,53430.62071935484,147771.55353548386,48842.908512903225,-47031.059132258066,915412.0,637381.0,278031.0,0.3037,,1516483.0,879553.0,636930.0,0.42,,0,47,2,67,5,54,255,0,0,140,0,0,0,61,906.0
2020-03-01,강동구,API_2017_2025,2020,3,1438.0,906.0,,,,,,1661.0,1074.0,523004.0886689655,511395.9104551724,10010.567979310345,1597.6102482758622,551821.1634344828,488478.2094551724,496650.0459689655,541828.4049034483,245431.54106206895,47273.58925172414,150371.82022068964,47786.13158965517,-45178.35893448275,915412.0,637381.0,278031.0,0.3037,,1516483.0,879553.0,636930.0,0.42,,0,47,2,67,5,54,255,0,0,140,0,0,0,61,844.0
2020-04-01,강동구,API_2017_2025,2020,4,1472.0,844.0,,,,,,1705.0,1104.0,526964.2728193548,515649.59862580645,9853.9494,1460.7247967741935,555739.9814096774,491353.01903870964,500550.21874516126,545831.4543129032,238572.50575806454,42845.596687096775,150005.95354193548,45720.95552903226,-45281.23556774195,915412.0,637381.0,278031.0,0.3037,,1516483.0,879553.0,636930.0,0.42,,0,47,2,67,5,54,255,0,0,140,0,0,0,61,875.0
2020-05-01,강동구,API_2017_2025,2020,5,1475.0,875.0,,,,,,1774.0,1163.0,523764.69314999995,512862.7483533333,9461.58304,1440.36176,555905.47507,485344.85475666664,495252.0146666666,544130.8920633333,245887.19084999998,45361.349213333335,154943.65007333332,45582.191563333334,-48878.87739666666,915412.0,637381.0,278031.0,0.3037,,1516483.0,879553.0,636930.0,0.42,,0,47,2,67,5,54,255,0,0,140,0,0,0,61,973.0
2020-06-01,강동구,API_2017_2025,2020,6,1688.0,973.0,,,,,,1699.0,1135.0,519119.61719677417,508445.2056064516,9386.159141935483,1288.2524225806453,551815.9739032259,481491.92027096776,490876.6612580645,539293.157132258,228154.2915483871,45490.399777419356,137762.69427419355,44901.19749677419,-48416.49587419354,915412.0,637381.0,278031.0,0.3037,,1516483.0,879553.0,636930.0,0.42,,0,47,2,67,5,54,255,0,0,140,0,0,0,61,971.0
2020-07-01,강동구,API_2017_2025,2020,7,1658.0,971.0,,,,,,1888.0,1226.0,514059.72318666667,503305.63447666663,9260.056716666668,1494.0320033333335,549059.2473666667,475264.39678333333,484057.0352366667,535490.2145866667,228106.74740666666,45418.18755333334,136760.70599,45927.85386333334,-51433.17935,915412.0,637381.0,278031.0,0.3037,,1516483.0,879553.0,636930.0,0.42,,0,47,2,67,5,54,255,0,0,140,0,0,0,61,1121.0
2020-08-01,강동구,API_2017_2025,2020,8,1934.0,1121.0,,,,,,1995.0,1312.0,513948.26091935486,502088.96513870964,9231.11787096774,2628.17790967742,548749.3856258064,474803.3725677419,483935.6864129032,535385.8141354838,223415.4167032258,45466.9496483871,133048.9701967742,44899.496858064515,-51450.12772258065,915412.0,637381.0,278031.0,0.3037,,1516483.0,879553.0,636930.0,0.42,,0,47,2,67,5,54,255,0,0,140,0,0,0,61,982.0
2020-09-01,강동구,API_2017_2025,2020,9,1874.0,982.0,,,,,,1817.0,1146.0,511015.83654838713,499921.5561064516,9141.940229032258,1952.3402129032258,542333.7308516129,475761.11173548386,484280.9828032258,530112.1606741935,214047.79071290322,41912.79027419355,131246.4394580645,40888.56098064516,-45831.17787096773,915412.0,637381.0,278031.0,0.3037,,1516483.0,879553.0,636930.0,0.42,,0,47,2,67,5,54,255,0,0,140,0,0,0,61,939.0
2020-10-01,강동구,API_2017_2025,2020,10,1675.0,939.0,,,,,,1754.0,1176.0,515061.39462000004,502697.76172666665,9021.11161,3342.5212733333333,547531.54102,478656.03687,486938.6514033333,535149.0683366667,212018.44318333332,41912.54758333333,127996.61175333333,42109.283846666665,-48210.41693333334,915412.0,637381.0,278031.0,0.3037,,1516483.0,879553.0,636930.0,0.42,,0,47,2,67,5,54,255,0,0,140,0,0,0,61,1010.0
2020-11-01,강동구,API_2017_2025,2020,11,1749.0,1010.0,,,,,,1743.0,1153.0,506547.09414516133,496045.2325451613,8942.937358064517,1558.924235483871,542331.9961967742,465847.95252903225,476063.0699225807,528321.397148387,216990.98608064518,45060.98192258064,128353.5782516129,43576.425906451615,-52258.327225806446,915412.0,637381.0,278031.0,0.3037,,1516483.0,879553.0,636930.0,0.42,,0,47,2,67,5,54,255,0,0,140,0,0,0,61,956.0
2020-12-01,강동구,API_2017_2025,2020,12,1614.0,956.0,,,,,,1778.0,1197.0,506901.2955,496691.12981333333,8924.751916666666,1285.4137699999999,541082.09887,467636.49615,476976.98673999996,528275.8017566666,216651.30878,44572.7478,127655.72315,44422.83783,-51298.81501666667,915412.0,637381.0,278031.0,0.3037,,1516483.0,879553.0,636930.0,0.42,,0,47,2,67,5,54,255,0,0,140,0,0,0,61,883.0
2021-01-01,강동구,건별집계|API_2017_2025,2021,1,1563.0,883.0,,,,,,1731.0,1118.0,514605.35497096775,504254.7062612903,8914.725735483871,1435.9229870967742,541826.9245129032,481079.56922580645,489503.6701580645,532535.1298516128,202723.15623225807,40583.576112903225,122109.81537741935,40029.76474193548,-43031.4596935484,920822.0,623794.0,297028.0,0.3226,,1371398.0,801660.0,569738.0,0.4154,,0,26,3,66,5,34,153,0,0,76,0,0,0,11,898.0
2021-02-01,강동구,건별집계|API_2017_2025,2021,2,1464.0,898.0,446.0,120.0,709.0,721.0,34.0,1438.0,906.0,518513.7799354839,508337.850916129,9086.987516129033,1088.9415161290322,544777.1859096774,485422.97482258064,493929.9313548387,536073.6717935484,208270.78833870968,42586.47098709677,125204.23690322581,40480.0804483871,-42143.740438709676,920822.0,623794.0,297028.0,0.3226,,1371398.0,801660.0,569738.0,0.4154,,0,26,3,66,5,34,153,0,0,76,0,0,0,11,844.0
2021-03-01,강동구,건별집계|API_2017_2025,2021,3,1403.0,844.0,442.0,117.0,681.0,669.0,53.0,1472.0,844.0,513499.7818928571,503131.0964071429,9030.131599999999,1338.5538857142856,543580.0367464286,476329.284825,486221.77703214285,532984.071075,214753.23579642858,45368.396875,126005.24971428572,43379.58920714286,-46762.29404285715,920822.0,623794.0,297028.0,0.3226,,1371398.0,801660.0,569738.0,0.4154,,0,26,3,66,5,34,153,0,0,76,0,0,0,11,993.0
2021-04-01,강동구,건별집계|API_2017_2025,2021,4,1660.0,993.0,545.0,122.0,810.0,782.0,68.0,1475.0,875.0,516656.0745806452,506571.4675096774,8900.03361935484,1184.5734483870967,550581.8295999999,477318.75552258064,486466.4852032258,538220.0669935484,215720.2154903226,45986.77991935484,124486.35625806451,45247.07931290323,-51753.58179032258,920822.0,623794.0,297028.0,0.3226,,1371398.0,801660.0,569738.0,0.4154,,0,26,3,66,5,34,153,0,0,76,0,0,0,11,995.0
2021-05-01,강동구,건별집계|API_2017_2025,2021,5,1671.0,995.0,530.0,146.0,775.0,826.0,70.0,1688.0,973.0,509674.84503333335,499986.97335333336,8684.411506666665,1003.4601666666666,544916.8514766666,468402.50141333335,478105.6752333333,532224.25204,224558.75372,47437.43739666666,130505.66812,46615.64820333334,-54118.57680666667,920822.0,623794.0,297028.0,0.3226,,1371398.0,801660.0,569738.0,0.4154,,0,26,3,66,5,34,153,0,0,76,0,0,0,11,1123.0
2021-06-01,강동구,건별집계|API_2017_2025,2021,6,1886.0,1123.0,535.0,228.0,919.0,905.0,62.0,1658.0,971.0,510937.75233870966,500947.51691612904,8693.049567741935,1297.1858806451614,545772.4406580644,471228.13988387096,480948.25116451614,532358.8246193549,218734.0441387097,45907.476022580646,129272.25892580645,43554.30919032258,-51410.573454838704,920822.0,623794.0,297028.0,0.3226,,1371398.0,801660.0,569738.0,0.4154,,0,26,3,66,5,34,153,0,0,76,0,0,0,11,1196.0
2021-07-01,강동구,건별집계|API_2017_2025,2021,7,2046.0,1196.0,650.0,200.0,967.0,987.0,92.0,1934.0,1121.0,512368.72021666664,502327.00208,8777.712876666666,1264.00527,548442.98688,472222.00764666667,480984.85905666667,534785.7639,227674.67102666668,46716.76729333333,136030.29573333333,44927.608,-53800.90484333333,920822.0,623794.0,297028.0,0.3226,,1371398.0,801660.0,569738.0,0.4154,,0,26,3,66,5,34,153,0,0,76,0,0,0,11,1364.0
2021-08-01,강동구,건별집계|API_2017_2025,2021,8,2244.0,1364.0,632.0,248.0,1134.0,1015.0,95.0,1874.0,982.0,513320.6679322581,503152.13461612904,8921.7122,1246.8211258064516,545747.4707129032,476919.29051935486,485222.38961612905,533390.866716129,218062.2781,44721.20643870968,130782.94925806452,42558.12240322581,-48168.47710000001,920822.0,623794.0,297028.0,0.3226,,1371398.0,801660.0,569738.0,0.4154,,0,26,3,66,5,34,153,0,0,76,0,0,0,11,1251.0
2021-09-01,강동구,건별집계|API_2017_2025,2021,9,2009.0,1251.0,654.0,104.0,1110.0,822.0,77.0,1675.0,939.0,512310.49586774193,502018.06282580644,8978.80402580645,1313.6290193548389,544082.2231354838,475405.28604838706,484358.6046935484,532276.1324032258,212815.34998387098,43747.374567741936,127271.2836064516,41796.691809677424,-47917.52770967742,920822.0,623794.0,297028.0,0.3226,,1371398.0,801660.0,569738.0,0.4154,,0,26,3,66,5,34,153,0,0,76,0,0,0,11,1235.0
2021-10-01,강동구,건별집계|API_2017_2025,2021,10,2055.0,1235.0,691.0,129.0,1108.0,882.0,65.0,1749.0,1010.0,512130.9155266667,501623.06536666665,9091.169456666667,1416.68072,545433.10751,474508.63134666666,483642.6098566667,532479.7053066667,238520.34290666666,45886.26789,149099.43337333333,43534.641643333336,-48837.09545000001,920822.0,623794.0,297028.0,0.3226,,1371398.0,801660.0,569738.0,0.4154,,0,26,3,66,5,34,153,0,0,76,0,0,0,11,1210.0
2021-11-01,강동구,건별집계|API_2017_2025,2021,11,2052.0,1210.0,679.0,163.0,999.0,992.0,61.0,1614.0,956.0,512248.94048064516,501930.00057419355,8974.215183870969,1344.724706451613,546637.3261516129,471942.8039451613,482237.0204290323,533686.0262290323,236368.4412935484,44982.646167741936,147757.03149999998,43628.76362580645,-51449.0058,920822.0,623794.0,297028.0,0.3226,,1371398.0,801660.0,569738.0,0.4154,,0,26,3,66,5,34,153,0,0,76,0,0,0,11,1231.0
2021-12-01,강동구,건별집계|API_2017_2025,2021,12,2135.0,1231.0,767.0,137.0,1127.0,832.0,176.0,1563.0,883.0,512053.37657666666,501192.80157666665,8948.036903333334,1912.5381033333333,547739.5702866666,470275.66794,480349.07146,534699.30881,244179.8129,48793.45239666667,149970.41990666665,45415.94059666667,-54350.23734999999,920822.0,623794.0,297028.0,0.3226,,1371398.0,801660.0,569738.0,0.4154,,0,26,3,66,5,34,153,0,0,76,0,0,0,11,1151.0
2022-01-01,강동구,건별집계|API_2017_2025|xlsx_2022_2024,2022,1,2054.0,1151.0,733.0,170.0,1158.0,607.0,289.0,1464.0,898.0,515858.15108064516,505340.4779096774,8963.815312903225,1553.8578580645162,547959.6288967741,478222.71720645163,486940.6795612903,536513.4878870968,232615.5976,46217.97746451613,142701.36315806452,43696.256977419354,-49572.80832580645,1018452.0,705694.0,312758.0,0.3071,97254.0,1397831.0,843726.0,554105.0,0.3964,172022.0,0,16,1,55,0,26,127,0,0,73,0,0,0,9,1069.0
2022-02-01,강동구,건별집계|xlsx_2022_2024,2022,2,1848.0,1069.0,635.0,144.0,920.0,857.0,71.0,1403.0,844.0,516060.16806451615,504288.432116129,9067.632106451612,2704.1038612903226,547329.4695612903,478178.6103548387,487612.82301935484,536379.7002612903,231159.33238709677,46649.39028709678,142316.16433548386,42193.77776451613,-48766.87724193549,1018452.0,705694.0,312758.0,0.3071,97254.0,1397831.0,843726.0,554105.0,0.3964,172022.0,0,16,1,55,0,26,127,0,0,73,0,0,0,9,1173.0
2022-03-01,강동구,건별집계|xlsx_2022_2024,2022,3,2080.0,1173.0,769.0,138.0,1131.0,879.0,70.0,1660.0,993.0,519149.595475,507314.7480964285,9097.860732142857,2736.986646428571,548985.6430928571,483705.7165107143,492602.4834678572,538111.8183321429,228599.01746428572,44629.97801785714,142974.73864642857,40994.300800000005,-45509.33486428571,1018452.0,705694.0,312758.0,0.3071,97254.0,1397831.0,843726.0,554105.0,0.3964,172022.0,0,16,1,55,0,26,127,0,0,73,0,0,0,9,1230.0
2022-04-01,강동구,건별집계|xlsx_2022_2024,2022,4,2519.0,1230.0,1192.0,97.0,1404.0,1047.0,68.0,1671.0,995.0,517634.4023451613,507385.9548741935,8941.703512903227,1306.7439387096774,547330.6913548387,482361.21671290323,490949.99787741934,536694.6912354839,225173.27100322582,42122.053432258064,142394.68208709676,40656.53548387097,-45744.69335806453,1018452.0,705694.0,312758.0,0.3071,97254.0,1397831.0,843726.0,554105.0,0.3964,172022.0,0,16,1,55,0,26,127,0,0,73,0,0,0,9,1152.0
2022-05-01,강동구,건별집계|xlsx_2022_2024,2022,5,2037.0,1152.0,768.0,117.0,1052.0,929.0,56.0,1886.0,1123.0,506624.70789666666,496289.8557833333,8677.04611,1657.8060366666666,543125.6048966667,464382.34903,474720.41502333333,529413.4885399999,236344.61733333333,46438.00354666667,145243.02150333335,44663.59228333333,-54693.07351666667,1018452.0,705694.0,312758.0,0.3071,97254.0,1397831.0,843726.0,554105.0,0.3964,172022.0,0,16,1,55,0,26,127,0,0,73,0,0,0,9,1189.0
2022-06-01,강동구,건별집계|xlsx_2022_2024,2022,6,1960.0,1189.0,652.0,119.0,982.0,923.0,55.0,2046.0,1196.0,509836.32921612903,499610.2422096774,8495.95285483871,1730.1341645161292,549072.6879774194,466127.40022258065,476679.2879548387,533519.9301225806,238684.02928064516,48340.79269032258,145155.66421935486,45187.57237096775,-56840.64216774193,1018452.0,705694.0,312758.0,0.3071,97254.0,1397831.0,843726.0,554105.0,0.3964,172022.0,0,16,1,55,0,26,127,0,0,73,0,0,0,9,1215.0
2022-07-01,강동구,건별집계|xlsx_2022_2024,2022,7,2005.0,1215.0,675.0,115.0,955.0,975.0,75.0,2244.0,1364.0,519924.86164333334,509417.0377966667,8417.653523333332,2090.170343333333,557772.7892966666,477626.36158666667,487802.40833,542869.4711533333,243791.41260666668,48269.21577,150550.59440666667,44971.60243,-55067.06282333333,1018452.0,705694.0,312758.0,0.3071,97254.0,1397831.0,843726.0,554105.0,0.3964,172022.0,0,16,1,55,0,26,127,0,0,73,0,0,0,9,1336.0
2022-08-01,강동구,건별집계|xlsx_2022_2024,2022,8,2259.0,1336.0,788.0,135.0,1107.0,1079.0,73.0,2009.0,1251.0,508856.1938548387,498323.24958387093,8523.402864516129,2009.541422580645,545242.154383871,469466.4563516129,478304.44844838715,530678.8691483871,234225.18626451612,47362.75228064516,144533.79797096772,42328.636012903225,-52374.4207,1018452.0,705694.0,312758.0,0.3071,97254.0,1397831.0,843726.0,554105.0,0.3964,172022.0,0,16,1,55,0,26,127,0,0,73,0,0,0,9,1372.0
2022-09-01,강동구,건별집계|xlsx_2022_2024,2022,9,2348.0,1372.0,832.0,144.0,1217.0,1068.0,63.0,2055.0,1235.0,503150.82951935485,493336.31474193546,8464.30740967742,1350.2073516129033,538836.3361096774,462993.471183871,472283.4985322581,525198.9230774193,231770.88711612902,45072.48369354839,145197.42916451613,41500.97425806452,-52915.42454516129,1018452.0,705694.0,312758.0,0.3071,97254.0,1397831.0,843726.0,554105.0,0.3964,172022.0,0,16,1,55,0,26,127,0,0,73,0,0,0,9,1187.0
2022-10-01,강동구,건별집계|xlsx_2022_2024,2022,10,2029.0,1187.0,744.0,98.0,996.0,970.0,63.0,2052.0,1210.0,501846.62174333335,492189.91220666666,8315.188993333333,1341.5205433333333,540395.60253,459509.49316,469561.5506566667,524907.3868,232865.22918,46938.17253333333,143435.01544000002,42492.04120666666,-55345.836143333334,1018452.0,705694.0,312758.0,0.3071,97254.0,1397831.0,843726.0,554105.0,0.3964,172022.0,0,16,1,55,0,26,127,0,0,73,0,0,0,9,1202.0
2022-11-01,강동구,건별집계|xlsx_2022_2024,2022,11,1940.0,1202.0,645.0,93.0,966.0,927.0,47.0,2135.0,1231.0,502787.8022806452,493010.69976129034,8426.046261290323,1351.0562548387097,540901.5572516129,458160.5639419355,469594.91223225807,526497.0094806452,229668.81837741935,45254.45745161291,142876.82997419353,41537.5309516129,-56902.097248387094,1018452.0,705694.0,312758.0,0.3071,97254.0,1397831.0,843726.0,554105.0,0.3964,172022.0,0,16,1,55,0,26,127,0,0,73,0,0,0,9,1282.0
2022-12-01,강동구,건별집계|xlsx_2022_2024,2022,12,2075.0,1282.0,673.0,120.0,1055.0,964.0,56.0,2054.0,1151.0,504879.3331133333,494903.57727,8507.611840000001,1468.1440033333333,542773.3851533333,460439.2843633333,470935.30421,529125.0680633333,235560.73667333333,47672.94883666666,144294.82189666666,43592.96594,-58189.763853333345,1018452.0,705694.0,312758.0,0.3071,97254.0,1397831.0,843726.0,554105.0,0.3964,172022.0,0,16,1,55,0,26,127,0,0,73,0,0,0,9,1282.0
2017-01-01,강북구,API_2017_2025,2017,1,,,,,,,,,,,,,,,,,,,,,,,,,,,,,,,,,1,13,7,75,102,0,147,0,0,173,0,0,0,4,1033.0
2017-02-01,강북구,API_2017_2025,2017,2,1639.0,1033.0,,,,,,,,,,,,,,,,,,,,,,,,,,,,,,,1,13,7,75,102,0,147,0,0,173,0,0,0,4,895.0
2017-03-01,강북구,API_2017_2025,2017,3,1363.0,895.0,,,,,,,,,,,,,,,,,,,,,,,,,,,,,,,1,13,7,75,102,0,147,0,0,173,0,0,0,4,1047.0
2017-04-01,강북구,API_2017_2025,2017,4,1600.0,1047.0,,,,,,,,,,,,,,,,,,,,,,,,,,,,,,,1,13,7,75,102,0,147,0,0,173,0,0,0,4,996.0
2017-05-01,강북구,API_2017_2025,2017,5,1578.0,996.0,,,,,,,,,,,,,,,,,,,,,,,,,,,,,,,1,13,7,75,102,0,147,0,0,173,0,0,0,4,1094.0
2017-06-01,강북구,API_2017_2025,2017,6,1730.0,1094.0,,,,,,,,,,,,,,,,,,,,,,,,,,,,,,,1,13,7,75,102,0,147,0,0,173,0,0,0,4,1101.0
2017-07-01,강북구,API_2017_2025,2017,7,1717.0,1101.0,,,,,,,,,,,,,,,,,,,,,,,,,,,,,,,1,13,7,75,102,0,147,0,0,173,0,0,0,4,1202.0
2017-08-01,강북구,API_2017_2025,2017,8,1871.0,1202.0,,,,,,,,,,,,,,,,,,,,,,,,,,,,,,,1,13,7,75,102,0,147,0,0,173,0,0,0,4,1161.0
2017-09-01,강북구,API_2017_2025,2017,9,1799.0,1161.0,,,,,,,,,,,,,,,,,,,,,,,,,,,,,,,1,13,7,75,102,0,147,0,0,173,0,0,0,4,1187.0
2017-10-01,강북구,API_2017_2025,2017,10,1764.0,1187.0,,,,,,,,,,,,,,,,,,,,,,,,,,,,,,,1,13,7,75,102,0,147,0,0,173,0,0,0,4,1129.0
2017-11-01,강북구,API_2017_2025,2017,11,1730.0,1129.0,,,,,,,,,,,,,,,,,,,,,,,,,,,,,,,1,13,7,75,102,0,147,0,0,173,0,0,0,4,1120.0
2017-12-01,강북구,API_2017_2025,2017,12,1713.0,1120.0,,,,,,,,,,,,,,,,,,,,,,,,,,,,,,,1,13,7,75,102,0,147,0,0,173,0,0,0,4,1255.0
2018-01-01,강북구,API_2017_2025,2018,1,1961.0,1255.0,,,,,,1639.0,1033.0,,,,,,,,,,,,,,,,,,,,,,,,1,25,5,90,56,0,199,0,0,148,0,0,0,17,1258.0
2018-02-01,강북구,API_2017_2025,2018,2,1904.0,1258.0,,,,,,1363.0,895.0,,,,,,,,,,,,,,,,,,,,,,,,1,25,5,90,56,0,199,0,0,148,0,0,0,17,997.0
2018-03-01,강북구,API_2017_2025,2018,3,1655.0,997.0,,,,,,1600.0,1047.0,,,,,,,,,,,,,,,,,,,,,,,,1,25,5,90,56,0,199,0,0,148,0,0,0,17,1038.0
2018-04-01,강북구,API_2017_2025,2018,4,1661.0,1038.0,,,,,,1578.0,996.0,,,,,,,,,,,,,,,,,,,,,,,,1,25,5,90,56,0,199,0,0,148,0,0,0,17,1053.0
2018-05-01,강북구,API_2017_2025,2018,5,1646.0,1053.0,,,,,,1730.0,1094.0,313534.50271538465,307784.3508307692,4952.569303846154,797.582576923077,347949.80427307694,277416.48425,285289.8281,333709.2703153846,142643.1045846154,13531.270126923077,78999.04281153846,50112.79164615385,-48419.44221538462,,,,,,,,,,,1,25,5,90,56,0,199,0,0,148,0,0,0,17,1247.0
2018-06-01,강북구,API_2017_2025,2018,6,1940.0,1247.0,,,,,,1717.0,1101.0,312415.05979677424,306461.95323870966,5083.598419354839,869.5081354838709,346676.74799999996,277464.7167806452,285231.76681612903,331119.09349999996,141570.62131612905,14040.25926451613,77705.03648387096,49825.32556774194,-45887.32668387097,,,,,,,,,,,1,25,5,90,56,0,199,0,0,148,0,0,0,17,1158.0
2018-07-01,강북구,API_2017_2025,2018,7,1846.0,1158.0,,,,,,1871.0,1202.0,315417.42437666666,309459.89103,5143.450293333333,814.0830766666667,347982.1096,281503.42432,288694.93897666666,334504.91395333334,139056.40537333334,13131.786273333333,77663.34008333334,48261.27901666667,-45809.974976666665,,,,,,,,,,,1,25,5,90,56,0,199,0,0,148,0,0,0,17,1234.0
2018-08-01,강북구,API_2017_2025,2018,8,1941.0,1234.0,,,,,,1799.0,1161.0,314742.5434354839,308684.75192903227,5134.274041935484,923.5174741935484,346829.4455580645,281837.371616129,288628.64774838707,333395.3260903226,139582.62342580647,13352.18846451613,78534.22675806453,47696.20820322581,-44766.67834193548,,,,,,,,,,,1,25,5,90,56,0,199,0,0,148,0,0,0,17,1298.0
2018-09-01,강북구,API_2017_2025,2018,9,2004.0,1298.0,,,,,,1764.0,1187.0,311142.74087096774,304935.7897483871,5230.676074193549,976.2750322580646,343171.1137516129,278517.5609290323,285344.2058387097,328835.76204838714,137226.9738935484,12973.448009677419,77159.73564193548,47093.79024193549,-43491.556209677416,,,,,,,,,,,1,25,5,90,56,0,199,0,0,148,0,0,0,17,1105.0
2018-10-01,강북구,API_2017_2025,2018,10,1730.0,1105.0,,,,,,1730.0,1129.0,313541.16256,307320.28480666666,5341.069286666667,879.8084566666668,345400.6706566667,280384.54259666667,287968.7749866667,331807.1536733333,136625.21527333334,15300.218383333333,74933.97726,46391.01963,-43838.37868666668,,,,,,,,,,,1,25,5,90,56,0,199,0,0,148,0,0,0,17,1099.0
2018-11-01,강북구,API_2017_2025,2018,11,1698.0,1099.0,,,,,,1713.0,1120.0,311027.85585483874,304954.17476774193,5199.1964935483875,874.4846032258064,345231.2273580645,275197.1016967742,283076.16812903224,330258.68176129035,135063.45903870967,12849.0045,75472.65852903227,46741.79600967742,-47182.51363225807,,,,,,,,,,,1,25,5,90,56,0,199,0,0,148,0,0,0,17,1057.0
2018-12-01,강북구,API_2017_2025,2018,12,1636.0,1057.0,,,,,,1961.0,1255.0,310641.57221333333,304749.4236066667,5065.77982,826.3687766666667,345944.8598033333,275043.5045833333,282530.13824666664,330721.16789333336,137676.56451999999,13703.510046666666,75822.72087333332,48150.3336,-48191.02964666667,,,,,,,,,,,1,25,5,90,56,0,199,0,0,148,0,0,0,17,1165.0
2019-01-01,강북구,API_2017_2025,2019,1,1834.0,1165.0,,,,,,1904.0,1258.0,310881.9963741935,305012.88193870964,5115.25549032258,753.8589451612903,339197.0551548387,280688.0569645162,287500.26096129033,327583.2359483871,131936.33846774194,13597.244670967742,73280.8683483871,45058.2254483871,-40082.97498709678,,,,,,,,,,,0,15,1,67,80,0,180,0,0,113,0,0,0,12,1027.0
2019-02-01,강북구,API_2017_2025,2019,2,1613.0,1027.0,,,,,,1655.0,997.0,309620.78646451613,303675.2558032258,5077.125567741935,868.4050935483871,338682.7514193548,277838.0207806452,285041.86947096774,327177.15575161285,135960.8881419355,13342.070322580645,77447.14693548388,45171.67088387097,-42135.28628064515,,,,,,,,,,,0,15,1,67,80,0,180,0,0,113,0,0,0,12,1055.0
2019-03-01,강북구,API_2017_2025,2019,3,1548.0,1055.0,,,,,,1661.0,1038.0,309658.04958214285,303517.6238392857,5205.723146428571,934.702575,336394.1308607143,281477.6239464286,287973.98011071427,325146.6706285714,137170.805225,15697.450364285714,75521.01251071428,45952.34235,-37172.69051785714,,,,,,,,,,,0,15,1,67,80,0,180,0,0,113,0,0,0,12,1046.0
2019-04-01,강북구,API_2017_2025,2019,4,1628.0,1046.0,,,,,,1646.0,1053.0,309573.5426516129,303857.81240967737,5048.141816129032,667.5884258064516,339678.5870419355,276634.47613870964,284338.3228967742,327598.6996290323,127942.85762903227,13178.993148387097,70887.59199032259,43876.27249032258,-43260.37673225806,,,,,,,,,,,0,15,1,67,80,0,180,0,0,113,0,0,0,12,1038.0
2019-05-01,강북구,API_2017_2025,2019,5,1551.0,1038.0,,,,,,1940.0,1247.0,302848.09103,297091.77517333336,4921.414476666667,834.90138,335126.6078066667,268663.33428333333,276373.85937666666,321758.2565,138965.90268333335,13026.32533,77007.78369333333,48931.793659999996,-45384.397123333336,,,,,,,,,,,0,15,1,67,80,0,180,0,0,113,0,0,0,12,1147.0
2019-06-01,강북구,API_2017_2025,2019,6,1778.0,1147.0,,,,,,1846.0,1158.0,294542.9503129032,288902.7503387097,4854.7163580645165,785.4836258064516,325008.1262580645,262266.03487096773,269473.5089193548,312449.6941645161,127228.23652258064,12944.205593548386,69295.30278064516,44988.7281483871,-42976.18524516129,,,,,,,,,,,0,15,1,67,80,0,180,0,0,113,0,0,0,12,1109.0
2019-07-01,강북구,API_2017_2025,2019,7,1682.0,1109.0,,,,,,1941.0,1234.0,294121.2981133333,288379.11050333333,4881.532923333333,860.6547066666666,322952.8475133333,264000.7676533333,270832.99557333335,310755.79995,167942.36901,12179.146326666667,113368.12492666667,42395.09775666667,-39922.804376666674,,,,,,,,,,,0,15,1,67,80,0,180,0,0,113,0,0,0,12,1144.0
2019-08-01,강북구,API_2017_2025,2019,8,1796.0,1144.0,,,,,,2004.0,1298.0,288673.69236451614,282996.53112903226,4752.97204516129,924.1891870967742,317734.4852516129,258692.7258548387,264924.7784903226,305637.20227096777,155367.73232903227,11520.792919354839,104651.80813870968,39195.13127096774,-40712.42378064516,,,,,,,,,,,0,15,1,67,80,0,180,0,0,113,0,0,0,12,1131.0
2019-09-01,강북구,API_2017_2025,2019,9,1775.0,1131.0,,,,,,1730.0,1105.0,302081.7514064516,296390.1405935484,4995.613600000001,695.9972064516129,332329.6292096774,271318.8427354839,277880.6346064516,319368.2634064516,162724.73109032257,12129.532967741936,108409.82113225806,42185.37699032258,-41487.62880000001,,,,,,,,,,,0,15,1,67,80,0,180,0,0,113,0,0,0,12,1080.0
2019-10-01,강북구,API_2017_2025,2019,10,1730.0,1080.0,,,,,,1698.0,1099.0,308275.2013233333,302234.2728933333,5197.690453333333,843.23798,338271.3047366667,277080.71575333335,284104.75466333335,325539.80609,179187.67386,14972.203539999999,118595.90322666666,45619.56709333333,-41435.05142666666,,,,,,,,,,,0,15,1,67,80,0,180,0,0,113,0,0,0,12,1122.0
2019-11-01,강북구,API_2017_2025,2019,11,1765.0,1122.0,,,,,,1636.0,1057.0,306294.07886290323,300355.5068612903,5040.4398532258065,898.1321580645161,340813.6589354839,270795.7139951613,278178.942333871,326376.31925,180405.44992580646,12616.747251612902,121194.95045645161,46593.75221774194,-48197.37691612903,,,,,,,,,,,0,15,1,67,80,0,180,0,0,113,0,0,0,12,1079.0
2019-12-01,강북구,API_2017_2025,2019,12,1687.0,1079.0,,,,,,1834.0,1165.0,308819.06589666667,302863.0375433333,5131.428123333333,824.6002566666666,341367.88987333333,274755.04888666666,282119.30767333333,327890.32177333336,178492.12880333333,13330.86467,119959.95787333333,45201.30626,-45771.0141,,,,,,,,,,,0,15,1,67,80,0,180,0,0,113,0,0,0,12,1122.0
2020-01-01,강북구,API_2017_2025,2020,1,1726.0,1122.0,,,,,,1613.0,1027.0,314119.17438387097,308087.46223225805,5169.752096774194,861.9600677419355,343918.6137806452,283386.27966129035,290039.4769,331318.9583225807,189970.6417451613,14507.02535483871,127318.29669999999,48145.319690322576,-41279.48142258065,910537.0,692635.0,217902.0,0.2393,,514534.0,405141.0,109393.0,0.2126,,0,6,0,71,77,1,100,0,0,108,0,0,0,4,1058.0
2020-02-01,강북구,API_2017_2025,2020,2,1663.0,1058.0,,,,,,1548.0,1055.0,315351.1612451613,309211.4056516129,5121.378409677419,1018.377193548387,343410.6147032258,285892.53318064514,292539.76504838705,331645.01567096775,189978.2679,15706.944532258065,127799.55802903225,46471.76533870967,-39105.25062258065,910537.0,692635.0,217902.0,0.2393,,514534.0,405141.0,109393.0,0.2126,,0,6,0,71,77,1,100,0,0,108,0,0,0,4,865.0
2020-03-01,강북구,API_2017_2025,2020,3,1449.0,865.0,,,,,,1628.0,1046.0,318344.2374586207,312015.7781034483,5361.966110344828,966.4932344827587,344438.3115655172,291630.2851689655,296879.9083827586,333675.9010827586,185636.25787931035,12430.108703448277,128144.88461034483,45061.264565517246,-36795.992699999995,910537.0,692635.0,217902.0,0.2393,,514534.0,405141.0,109393.0,0.2126,,0,6,0,71,77,1,100,0,0,108,0,0,0,4,756.0
2020-04-01,강북구,API_2017_2025,2020,4,1351.0,756.0,,,,,,1551.0,1038.0,318757.89686774195,312440.8633967742,5446.117487096774,870.9159774193548,342079.07828387094,294391.55043225805,299539.4410032258,332485.3653612903,180078.65740967743,11401.231022580645,125291.88897419354,43385.53741290323,-32945.92435806451,910537.0,692635.0,217902.0,0.2393,,514534.0,405141.0,109393.0,0.2126,,0,6,0,71,77,1,100,0,0,108,0,0,0,4,812.0
2020-05-01,강북구,API_2017_2025,2020,5,1451.0,812.0,,,,,,1778.0,1147.0,315185.35419000004,309096.13997666666,5380.742696666667,708.4715166666666,339203.97915333335,290237.3991,295537.79398333334,329219.32578333333,184997.03953333333,12133.731913333333,126870.07433666666,45993.233283333335,-33681.53179999999,910537.0,692635.0,217902.0,0.2393,,514534.0,405141.0,109393.0,0.2126,,0,6,0,71,77,1,100,0,0,108,0,0,0,4,838.0
2020-06-01,강북구,API_2017_2025,2020,6,1476.0,838.0,,,,,,1682.0,1109.0,311448.1883354839,305334.76786774193,5358.892435483871,754.5280419354838,335705.5141129032,286677.07791935484,291986.35063548386,325349.5009870968,182798.41657096776,13159.565077419355,124023.0796483871,45615.77184516129,-33363.1503516129,910537.0,692635.0,217902.0,0.2393,,514534.0,405141.0,109393.0,0.2126,,0,6,0,71,77,1,100,0,0,108,0,0,0,4,843.0
2020-07-01,강북구,API_2017_2025,2020,7,1536.0,843.0,,,,,,1796.0,1144.0,305920.45683333336,299901.72564666666,5200.53623,818.19497,332491.89965333336,279380.7278033333,284543.36911666667,321189.80521333334,180693.20166333334,12195.302090000001,122946.95383666667,45550.94573666667,-36646.43609666668,910537.0,692635.0,217902.0,0.2393,,514534.0,405141.0,109393.0,0.2126,,0,6,0,71,77,1,100,0,0,108,0,0,0,4,894.0
2020-08-01,강북구,API_2017_2025,2020,8,1539.0,894.0,,,,,,1775.0,1131.0,304692.83448387095,298973.51767419354,5137.057493548386,582.2593258064517,331058.58955806453,278444.5351129032,283650.1952,319723.2911387097,177898.7027516129,12268.075141935484,120738.76845161291,44891.859158064515,-36073.09593870969,910537.0,692635.0,217902.0,0.2393,,514534.0,405141.0,109393.0,0.2126,,0,6,0,71,77,1,100,0,0,108,0,0,0,4,894.0
2020-09-01,강북구,API_2017_2025,2020,9,1642.0,894.0,,,,,,1730.0,1080.0,305521.1157870968,299689.5708322581,5192.280477419355,639.2644806451613,328351.43224193546,282215.5356,287158.1791193548,318637.49911290326,175999.78812903227,11664.751735483871,121672.40008709677,42662.63630645161,-31479.31999354839,910537.0,692635.0,217902.0,0.2393,,514534.0,405141.0,109393.0,0.2126,,0,6,0,71,77,1,100,0,0,108,0,0,0,4,859.0
2020-10-01,강북구,API_2017_2025,2020,10,1498.0,859.0,,,,,,1765.0,1122.0,307807.63705,301673.9596766667,5202.6150800000005,931.0622999999999,331008.28546999994,283979.46191666665,289166.30310666666,321122.87559,177973.22554333333,12093.221469999999,122034.99701666666,43845.00705666667,-31956.572483333337,910537.0,692635.0,217902.0,0.2393,,514534.0,405141.0,109393.0,0.2126,,0,6,0,71,77,1,100,0,0,108,0,0,0,4,985.0
2020-11-01,강북구,API_2017_2025,2020,11,1748.0,985.0,,,,,,1687.0,1079.0,304960.11327096773,299003.9460258064,5172.515141935484,783.6521064516129,329642.91262258065,279481.2435064516,285140.81991612905,319116.7513903226,181164.5608580645,13752.008570967742,121493.92683870967,45918.625448387094,-33975.931474193545,910537.0,692635.0,217902.0,0.2393,,514534.0,405141.0,109393.0,0.2126,,0,6,0,71,77,1,100,0,0,108,0,0,0,4,911.0
2020-12-01,강북구,API_2017_2025,2020,12,1522.0,911.0,,,,,,1726.0,1122.0,302933.8551666666,297184.10885666666,4988.664856666667,761.0814433333333,328266.3452766667,276878.24920333334,282428.13956,317580.79488999996,180085.13378333335,12515.108546666666,122064.21682,45505.80841666667,-35152.65533000001,910537.0,692635.0,217902.0,0.2393,,514534.0,405141.0,109393.0,0.2126,,0,6,0,71,77,1,100,0,0,108,0,0,0,4,842.0
2021-01-01,강북구,건별집계|API_2017_2025,2021,1,1457.0,842.0,,,,,,1663.0,1058.0,307142.9929516129,301162.63852903224,5100.202906451614,880.1515064516129,328152.7197774194,284919.3330419355,289747.98928387096,319567.99555161287,174175.7380064516,11406.320703225805,121370.88366129031,41398.533641935486,-29820.006267741937,874078.0,661597.0,212481.0,0.2431,,535357.0,427991.0,107366.0,0.2006,,8,8,0,43,88,0,63,0,0,92,0,0,0,16,902.0
2021-02-01,강북구,건별집계|API_2017_2025,2021,2,1395.0,902.0,400.0,93.0,671.0,690.0,34.0,1449.0,865.0,308128.16722580645,302276.4615096774,5104.445803225806,747.2599193548386,328707.8737806452,285957.30308387097,290977.9232193548,320378.3415322581,177927.80203225807,12070.678741935482,124136.0104516129,41721.112838709676,-29400.41831290323,874078.0,661597.0,212481.0,0.2431,,535357.0,427991.0,107366.0,0.2006,,8,8,0,43,88,0,63,0,0,92,0,0,0,16,799.0
2021-03-01,강북구,건별집계|API_2017_2025,2021,3,1324.0,799.0,461.0,64.0,632.0,647.0,45.0,1351.0,756.0,305456.3508892857,299461.7764714286,5110.633421428572,883.941,327735.01254285715,281802.350525,287264.1812428571,318450.75778928574,180122.61548571428,13619.991899999999,122579.30911785715,43923.31446785714,-31186.57654642857,874078.0,661597.0,212481.0,0.2431,,535357.0,427991.0,107366.0,0.2006,,8,8,0,43,88,0,63,0,0,92,0,0,0,16,885.0
2021-04-01,강북구,건별집계|API_2017_2025,2021,4,1460.0,885.0,502.0,73.0,734.0,687.0,39.0,1451.0,812.0,302668.2931612903,296693.51248387096,5032.755025806452,942.0256612903225,327925.15525806457,276803.54031290323,282334.653567742,317192.3214451613,176640.26677741937,13255.57532903226,119340.11787419354,44044.57357419355,-34857.66787741935,874078.0,661597.0,212481.0,0.2431,,535357.0,427991.0,107366.0,0.2006,,8,8,0,43,88,0,63,0,0,92,0,0,0,16,949.0
2021-05-01,강북구,건별집계|API_2017_2025,2021,5,1532.0,949.0,483.0,100.0,720.0,755.0,57.0,1476.0,838.0,298411.48475,292829.19126,4952.818613333334,629.47489,324373.32971333334,271984.91485666664,277416.28715,313408.05449666665,181818.47123999998,12746.120906666667,122096.47184666667,46975.87848666667,-35991.76734666666,874078.0,661597.0,212481.0,0.2431,,535357.0,427991.0,107366.0,0.2006,,8,8,0,43,88,0,63,0,0,92,0,0,0,16,1002.0
2021-06-01,강북구,건별집계|API_2017_2025,2021,6,1646.0,1002.0,522.0,122.0,776.0,801.0,69.0,1536.0,843.0,298782.69816774194,293254.69772903225,4882.468029032258,645.5324193548388,323297.96913870965,273961.97502258065,279271.4943354839,312719.27233548387,178070.0732032258,13038.10907419355,120002.62481612903,45029.33931290322,-33447.778000000006,874078.0,661597.0,212481.0,0.2431,,535357.0,427991.0,107366.0,0.2006,,8,8,0,43,88,0,63,0,0,92,0,0,0,16,1188.0
2021-07-01,강북구,건별집계|API_2017_2025,2021,7,1944.0,1188.0,622.0,134.0,906.0,939.0,99.0,1539.0,894.0,298319.27208666666,292694.2689966667,4813.82564,811.1774566666667,324328.85921,272480.23952,277442.77472333336,313231.0559166667,179450.29987000002,12685.065786666668,121064.05814666668,45701.17593666667,-35788.281193333336,874078.0,661597.0,212481.0,0.2431,,535357.0,427991.0,107366.0,0.2006,,8,8,0,43,88,0,63,0,0,92,0,0,0,16,1105.0
2021-08-01,강북구,건별집계|API_2017_2025,2021,8,1788.0,1105.0,543.0,140.0,948.0,771.0,69.0,1642.0,894.0,299882.08661612903,294132.04016774194,4889.199696774193,860.8467741935484,323514.84067096777,275901.8547096774,280905.2249935484,313436.9877709677,175619.10566451613,12260.389987096774,119820.6275548387,43538.088122580644,-32531.762777419346,874078.0,661597.0,212481.0,0.2431,,535357.0,427991.0,107366.0,0.2006,,8,8,0,43,88,0,63,0,0,92,0,0,0,16,1110.0
2021-09-01,강북구,건별집계|API_2017_2025,2021,9,1732.0,1110.0,533.0,89.0,845.0,774.0,113.0,1498.0,859.0,299130.4018774194,293509.2967387097,4953.379903225807,667.7252419354838,321571.9918870968,275920.8115225806,280846.6011451613,312190.2595354839,177435.65636774193,12560.49287096774,120930.44892580646,43944.71457096774,-31343.65839032259,874078.0,661597.0,212481.0,0.2431,,535357.0,427991.0,107366.0,0.2006,,8,8,0,43,88,0,63,0,0,92,0,0,0,16,1100.0
2021-10-01,강북구,건별집계|API_2017_2025,2021,10,1866.0,1100.0,642.0,124.0,857.0,908.0,101.0,1748.0,985.0,299804.1643266667,294082.50014,4872.068263333334,849.5959133333333,321869.87511666666,277200.61780999997,282012.2059466667,312512.7060266667,179983.56259000002,14318.333953333333,119689.43434666666,45975.79429,-30500.50008000001,874078.0,661597.0,212481.0,0.2431,,535357.0,427991.0,107366.0,0.2006,,8,8,0,43,88,0,63,0,0,92,0,0,0,16,1140.0
2021-11-01,강북구,건별집계|API_2017_2025,2021,11,1741.0,1140.0,509.0,92.0,840.0,829.0,72.0,1522.0,911.0,297138.75151290325,291516.3304322581,4768.07374516129,854.3473322580645,319983.7285322581,273131.3689193548,278375.80459032254,310540.85647096776,178274.15950322582,12771.186854838708,119135.42812258065,46367.54452580646,-32165.051880645162,874078.0,661597.0,212481.0,0.2431,,535357.0,427991.0,107366.0,0.2006,,8,8,0,43,88,0,63,0,0,92,0,0,0,16,933.0
2021-12-01,강북구,건별집계|API_2017_2025,2021,12,1683.0,933.0,632.0,118.0,851.0,694.0,138.0,1457.0,842.0,295160.81443333335,289638.13392,4751.229586666667,771.4509333333333,319579.18540666666,270246.90072333335,275242.38958333334,309388.26075333334,180874.10429666666,13442.753803333333,119723.80161,47707.54888333334,-34145.871170000006,874078.0,661597.0,212481.0,0.2431,,535357.0,427991.0,107366.0,0.2006,,8,8,0,43,88,0,63,0,0,92,0,0,0,16,988.0
2022-01-01,강북구,건별집계|API_2017_2025|xlsx_2022_2024,2022,1,1793.0,988.0,696.0,109.0,1013.0,538.0,242.0,1395.0,902.0,296147.8651064516,290691.99219354836,4737.608816129033,718.2640935483871,318452.34700967744,272882.79960967746,277693.5328032258,309329.53102903225,176723.92752580644,12712.754616129032,118504.35401290323,45506.818896774195,-31635.998225806445,926426.0,696709.0,229717.0,0.248,82209.0,543307.0,435977.0,107330.0,0.1975,39.0,1,14,1,74,129,3,82,0,0,129,0,0,0,7,963.0
2022-02-01,강북구,건별집계|xlsx_2022_2024,2022,2,1637.0,963.0,562.0,112.0,825.0,741.0,71.0,1324.0,799.0,296944.5731645162,291527.3325516129,4737.612906451613,679.6277193548386,318706.48252258066,273686.8422870968,278796.38797419355,309907.5626,178728.7818451613,13908.610316129034,120585.02117419355,44235.15035483871,-31111.17462580645,926426.0,696709.0,229717.0,0.248,82209.0,543307.0,435977.0,107330.0,0.1975,39.0,1,14,1,74,129,3,82,0,0,129,0,0,0,7,957.0
2022-03-01,강북구,건별집계|xlsx_2022_2024,2022,3,1731.0,957.0,693.0,81.0,860.0,813.0,58.0,1460.0,885.0,300164.53085000004,294104.35775,4783.8610607142855,1276.312042857143,320106.97906071425,278529.74722142855,283515.60988214286,312056.6172642857,180258.30968214286,13457.795846428573,121695.21899642856,45105.294839285714,-28541.007382142856,926426.0,696709.0,229717.0,0.248,82209.0,543307.0,435977.0,107330.0,0.1975,39.0,1,14,1,74,129,3,82,0,0,129,0,0,0,7,1166.0
2022-04-01,강북구,건별집계|xlsx_2022_2024,2022,4,2301.0,1166.0,1055.0,80.0,1212.0,983.0,106.0,1532.0,949.0,300797.1812774193,294416.5931129032,4871.694325806452,1508.8938548387096,320950.5719516129,278487.5587580645,283665.03563225805,313034.42817741935,174222.3773548387,12842.280154838709,116632.97710322581,44747.1200967742,-29369.39254516128,926426.0,696709.0,229717.0,0.248,82209.0,543307.0,435977.0,107330.0,0.1975,39.0,1,14,1,74,129,3,82,0,0,129,0,0,0,7,1039.0
2022-05-01,강북구,건별집계|xlsx_2022_2024,2022,5,1830.0,1039.0,693.0,98.0,958.0,813.0,59.0,1646.0,1002.0,290933.7156533333,285245.86830666667,4754.8989833333335,932.9483733333333,313645.09057666664,266035.3384533333,271653.98658333335,304704.9507033333,178049.84971,13062.211733333334,117886.62883,47101.00914666666,-33050.96412,926426.0,696709.0,229717.0,0.248,82209.0,543307.0,435977.0,107330.0,0.1975,39.0,1,14,1,74,129,3,82,0,0,129,0,0,0,7,1130.0
2022-06-01,강북구,건별집계|xlsx_2022_2024,2022,6,1898.0,1130.0,661.0,107.0,899.0,916.0,83.0,1944.0,1188.0,293744.8550774194,288043.5097709677,4786.9276193548385,914.4176838709677,317778.08630322583,268104.43307741935,273769.59943225805,308012.8948225806,178729.8413451613,14253.075206451615,116459.83635806451,48016.92978064516,-34243.29539032258,926426.0,696709.0,229717.0,0.248,82209.0,543307.0,435977.0,107330.0,0.1975,39.0,1,14,1,74,129,3,82,0,0,129,0,0,0,7,1025.0
2022-07-01,강북구,건별집계|xlsx_2022_2024,2022,7,1711.0,1025.0,603.0,83.0,886.0,763.0,62.0,1788.0,1105.0,296822.1257833333,291133.2930366667,4854.228453333333,834.6043133333334,321104.8756166667,271874.18988,277182.06274,310850.7422633333,178996.76093333334,13649.084253333334,117651.44732,47696.22936,-33668.67952333334,926426.0,696709.0,229717.0,0.248,82209.0,543307.0,435977.0,107330.0,0.1975,39.0,1,14,1,74,129,3,82,0,0,129,0,0,0,7,1249.0
2022-08-01,강북구,건별집계|xlsx_2022_2024,2022,8,2035.0,1249.0,692.0,94.0,1034.0,912.0,89.0,1732.0,1110.0,290029.5061064516,284326.93740967737,4775.514351612904,927.0543580645161,313048.4278903226,266121.10406129033,271194.6207419355,303482.9956645161,171982.6938935484,13456.955748387096,113457.30400645161,45068.43413870968,-32288.37492258065,926426.0,696709.0,229717.0,0.248,82209.0,543307.0,435977.0,107330.0,0.1975,39.0,1,14,1,74,129,3,82,0,0,129,0,0,0,7,1256.0
2022-09-01,강북구,건별집계|xlsx_2022_2024,2022,9,2151.0,1256.0,786.0,109.0,1066.0,991.0,94.0,1866.0,1100.0,286842.53333225806,280914.6775870968,4902.686048387097,1025.1697,309858.09210645163,262818.60012258065,267966.1691548387,300325.6506032258,170091.5152516129,13063.794387096774,113216.13571935483,43811.58514516129,-32359.4814483871,926426.0,696709.0,229717.0,0.248,82209.0,543307.0,435977.0,107330.0,0.1975,39.0,1,14,1,74,129,3,82,0,0,129,0,0,0,7,1113.0
2022-10-01,강북구,건별집계|xlsx_2022_2024,2022,10,1836.0,1113.0,657.0,66.0,925.0,818.0,93.0,1741.0,1140.0,288452.6132966667,282168.94944,5025.919726666666,1257.74412,312242.8506066667,263609.69229,269094.58398,302279.77707,170975.73326666665,14920.974446666667,110717.67294666666,45337.08587333334,-33185.19309,926426.0,696709.0,229717.0,0.248,82209.0,543307.0,435977.0,107330.0,0.1975,39.0,1,14,1,74,129,3,82,0,0,129,0,0,0,7,1064.0
2022-11-01,강북구,건별집계|xlsx_2022_2024,2022,11,1640.0,1064.0,513.0,63.0,856.0,725.0,59.0,1683.0,933.0,287654.8986064516,281662.95824838715,5065.559022580645,926.3813548387096,311718.47291290323,262072.11757419354,267973.278516129,301713.19867741934,166582.77561612902,13126.986425806452,108907.17706129033,44548.612129032255,-33739.92016129032,926426.0,696709.0,229717.0,0.248,82209.0,543307.0,435977.0,107330.0,0.1975,39.0,1,14,1,74,129,3,82,0,0,129,0,0,0,7,1170.0
2022-12-01,강북구,건별집계|xlsx_2022_2024,2022,12,1826.0,1170.0,571.0,85.0,959.0,812.0,55.0,1793.0,988.0,287144.20275,281103.8330066667,5144.415336666667,895.9544000000001,311418.09547999996,261045.33386666665,266779.3562433334,301690.52168666665,169489.10116,13371.108806666665,110644.57331333334,45473.41903999999,-34911.16544333334,926426.0,696709.0,229717.0,0.248,82209.0,543307.0,435977.0,107330.0,0.1975,39.0,1,14,1,74,129,3,82,0,0,129,0,0,0,7,1140.0
2017-01-01,강서구,API_2017_2025,2017,1,,,,,,,,,,,,,,,,,,,,,,,,,,,,,,,,,7,126,7,111,4,47,430,0,0,268,0,0,0,63,1349.0
2017-02-01,강서구,API_2017_2025,2017,2,2058.0,1349.0,,,,,,,,,,,,,,,,,,,,,,,,,,,,,,,7,126,7,111,4,47,430,0,0,268,0,0,0,63,1121.0
2017-03-01,강서구,API_2017_2025,2017,3,1724.0,1121.0,,,,,,,,,,,,,,,,,,,,,,,,,,,,,,,7,126,7,111,4,47,430,0,0,268,0,0,0,63,1269.0
2017-04-01,강서구,API_2017_2025,2017,4,1931.0,1269.0,,,,,,,,,,,,,,,,,,,,,,,,,,,,,,,7,126,7,111,4,47,430,0,0,268,0,0,0,63,1320.0
2017-05-01,강서구,API_2017_2025,2017,5,2063.0,1320.0,,,,,,,,,,,,,,,,,,,,,,,,,,,,,,,7,126,7,111,4,47,430,0,0,268,0,0,0,63,1367.0
2017-06-01,강서구,API_2017_2025,2017,6,2145.0,1367.0,,,,,,,,,,,,,,,,,,,,,,,,,,,,,,,7,126,7,111,4,47,430,0,0,268,0,0,0,63,1367.0
2017-07-01,강서구,API_2017_2025,2017,7,2080.0,1367.0,,,,,,,,,,,,,,,,,,,,,,,,,,,,,,,7,126,7,111,4,47,430,0,0,268,0,0,0,63,1450.0
2017-08-01,강서구,API_2017_2025,2017,8,2200.0,1450.0,,,,,,,,,,,,,,,,,,,,,,,,,,,,,,,7,126,7,111,4,47,430,0,0,268,0,0,0,63,1463.0
2017-09-01,강서구,API_2017_2025,2017,9,2192.0,1463.0,,,,,,,,,,,,,,,,,,,,,,,,,,,,,,,7,126,7,111,4,47,430,0,0,268,0,0,0,63,1342.0
2017-10-01,강서구,API_2017_2025,2017,10,2060.0,1342.0,,,,,,,,,,,,,,,,,,,,,,,,,,,,,,,7,126,7,111,4,47,430,0,0,268,0,0,0,63,1268.0
2017-11-01,강서구,API_2017_2025,2017,11,1976.0,1268.0,,,,,,,,,,,,,,,,,,,,,,,,,,,,,,,7,126,7,111,4,47,430,0,0,268,0,0,0,63,1321.0
2017-12-01,강서구,API_2017_2025,2017,12,2023.0,1321.0,,,,,,,,,,,,,,,,,,,,,,,,,,,,,,,7,126,7,111,4,47,430,0,0,268,0,0,0,63,1491.0
2018-01-01,강서구,API_2017_2025,2018,1,2302.0,1491.0,,,,,,2058.0,1349.0,,,,,,,,,,,,,,,,,,,,,,,,0,97,4,116,6,21,407,0,0,286,0,0,0,27,1548.0
2018-02-01,강서구,API_2017_2025,2018,2,2349.0,1548.0,,,,,,1724.0,1121.0,,,,,,,,,,,,,,,,,,,,,,,,0,97,4,116,6,21,407,0,0,286,0,0,0,27,1325.0
2018-03-01,강서구,API_2017_2025,2018,3,2080.0,1325.0,,,,,,1931.0,1269.0,,,,,,,,,,,,,,,,,,,,,,,,0,97,4,116,6,21,407,0,0,286,0,0,0,27,1290.0
2018-04-01,강서구,API_2017_2025,2018,4,2088.0,1290.0,,,,,,2063.0,1320.0,,,,,,,,,,,,,,,,,,,,,,,,0,97,4,116,6,21,407,0,0,286,0,0,0,27,1335.0
2018-05-01,강서구,API_2017_2025,2018,5,2058.0,1335.0,,,,,,2145.0,1367.0,564115.69315,544716.6057538462,9685.841892307693,9713.245507692307,602550.6627846154,522819.00328846154,533500.8589615385,585983.4318692307,284403.6783769231,63684.25446923077,151837.83142307692,68881.59248461538,-52482.572907692316,,,,,,,,,,,0,97,4,116,6,21,407,0,0,286,0,0,0,27,1417.0
2018-06-01,강서구,API_2017_2025,2018,6,2205.0,1417.0,,,,,,2080.0,1367.0,562865.419883871,544646.4903483872,9738.823361290322,8480.106167741935,603204.9399258064,521161.2221129032,532016.7472806452,583610.598216129,274402.1445483871,62441.88026774193,144074.96164838708,67885.30263225807,-51593.85093548387,,,,,,,,,,,0,97,4,116,6,21,407,0,0,286,0,0,0,27,1404.0
2018-07-01,강서구,API_2017_2025,2018,7,2153.0,1404.0,,,,,,2200.0,1450.0,568186.20848,550112.3354033333,10147.203993333333,7926.669103333334,605448.42042,531084.1896966667,540320.7927933333,588090.0768366667,259822.76429333334,61053.576916666665,134248.87499333333,64520.31238333333,-47769.28404333335,,,,,,,,,,,0,97,4,116,6,21,407,0,0,286,0,0,0,27,1578.0
2018-08-01,강서구,API_2017_2025,2018,8,2461.0,1578.0,,,,,,2192.0,1463.0,571794.8503064516,551904.4275548387,10432.180512903225,9458.24224516129,606646.5422129033,537264.5336838709,545373.4422774194,590667.284632258,262572.7543516129,63679.31548387097,133624.43972258063,65268.999145161295,-45293.8423548387,,,,,,,,,,,0,97,4,116,6,21,407,0,0,286,0,0,0,27,1540.0
2018-09-01,강서구,API_2017_2025,2018,9,2352.0,1540.0,,,,,,2060.0,1342.0,567230.4767354839,547915.5937032258,10473.682874193548,8841.200174193547,601749.9690258064,533324.1899225807,541122.8609741936,584579.0648322582,269800.75108387094,63042.95642580646,140156.75576774194,66601.03889032258,-43456.203858064524,,,,,,,,,,,0,97,4,116,6,21,407,0,0,286,0,0,0,27,1458.0
2018-10-01,강서구,API_2017_2025,2018,10,2191.0,1458.0,,,,,,1976.0,1268.0,562318.6874533333,543689.5208966667,9928.009759999999,8701.156806666668,598719.3527,525456.75802,535834.91007,581235.6712999999,256014.46620333334,61245.403013333336,131688.83933666666,63080.22385333334,-45400.76123000001,,,,,,,,,,,0,97,4,116,6,21,407,0,0,286,0,0,0,27,1449.0
2018-11-01,강서구,API_2017_2025,2018,11,2155.0,1449.0,,,,,,2023.0,1321.0,568778.5404870968,549292.6385387097,9884.895796774194,9601.006145161291,606616.7099806451,529830.1445967742,539449.2010354839,588409.9970935483,259959.2800451613,63079.05600967742,132505.16632258066,64375.057712903224,-48960.796058064516,,,,,,,,,,,0,97,4,116,6,21,407,0,0,286,0,0,0,27,1335.0
2018-12-01,강서구,API_2017_2025,2018,12,1985.0,1335.0,,,,,,2302.0,1491.0,570202.0018133334,550421.1159533333,9941.392416666667,9839.49345,607139.8305533334,533545.9925566666,542653.0187333333,589879.84689,272090.1036066667,68142.36502333333,135137.10580333334,68810.63278,-47226.82815666668,,,,,,,,,,,0,97,4,116,6,21,407,0,0,286,0,0,0,27,1473.0
2019-01-01,강서구,API_2017_2025,2019,1,2227.0,1473.0,,,,,,2349.0,1548.0,578641.1921064516,559122.905716129,10320.352077419355,9197.934306451612,609844.0214032258,546505.6977580645,554804.9854870967,595667.0539806451,262628.02005483874,64304.81545806451,133717.59969354837,64605.60490322581,-40862.06849354839,,,,,,,,,,,0,72,3,116,3,19,364,0,0,243,0,0,0,25,1277.0
2019-02-01,강서구,API_2017_2025,2019,2,2052.0,1277.0,,,,,,2080.0,1325.0,581238.7700483871,560735.6722451613,10849.051370967742,9654.046441935483,612620.2433838709,548938.7044709676,556596.2880774193,598840.5428935484,271993.31676129036,66979.6712516129,138008.12314193547,67005.52236774194,-42244.25481612905,,,,,,,,,,,0,72,3,116,3,19,364,0,0,243,0,0,0,25,1220.0
2019-03-01,강서구,API_2017_2025,2019,3,1851.0,1220.0,,,,,,2088.0,1290.0,566962.5717178572,547043.3072892857,10977.708267857142,8941.556167857143,596718.9777214286,537922.9396142857,546291.3097428571,581727.75885,264751.90682857146,67444.88613214286,132212.03118214285,65094.98951428571,-35436.44910714285,,,,,,,,,,,0,72,3,116,3,19,364,0,0,243,0,0,0,25,1297.0
2019-04-01,강서구,API_2017_2025,2019,4,1972.0,1297.0,,,,,,2058.0,1335.0,570426.1770483871,552741.7454419355,10156.233003225807,7528.198638709677,601943.2452806452,537886.337316129,545409.2989032258,588295.3757451613,251988.19967096773,61870.16917419355,126984.17598064516,63133.85451612903,-42886.07684193547,,,,,,,,,,,0,72,3,116,3,19,364,0,0,243,0,0,0,25,1331.0
2019-05-01,강서구,API_2017_2025,2019,5,2026.0,1331.0,,,,,,2205.0,1417.0,556381.50579,538728.2892333333,9857.410456666667,7795.806113333334,589911.8181299999,521024.5372466667,529944.9232,575264.7790766667,268812.6863066667,64652.904493333335,135593.19306000002,68566.58875333333,-45319.85587666668,,,,,,,,,,,0,72,3,116,3,19,364,0,0,243,0,0,0,25,1425.0
2019-06-01,강서구,API_2017_2025,2019,6,2148.0,1425.0,,,,,,2153.0,1404.0,538419.4815612903,520669.24751612905,9523.288387096774,8226.945670967742,571860.8759129032,505421.9715032258,513284.74821935483,556372.8625451614,249661.7268,60801.87698387097,125624.29690645162,63235.55290967742,-43088.11432580646,,,,,,,,,,,0,72,3,116,3,19,364,0,0,243,0,0,0,25,1378.0
2019-07-01,강서구,API_2017_2025,2019,7,2060.0,1378.0,,,,,,2461.0,1578.0,543067.3278033334,525174.6638633333,9954.118856666666,7938.54509,573959.2099633333,512298.6354533333,520027.86059,559524.0901066667,242678.99787333334,58933.94641333333,123005.16502666665,60739.886433333326,-39496.22951666665,,,,,,,,,,,0,72,3,116,3,19,364,0,0,243,0,0,0,25,1494.0
2019-08-01,강서구,API_2017_2025,2019,8,2247.0,1494.0,,,,,,2352.0,1540.0,540638.8888225807,522061.3265193548,10540.660087096776,8036.902245161291,570829.8388129033,510731.05819677416,517780.71160967747,556966.1582741935,229697.79397741935,58202.42580967742,113611.41168064516,57883.95648709677,-39185.44666451614,,,,,,,,,,,0,72,3,116,3,19,364,0,0,243,0,0,0,25,1411.0
2019-09-01,강서구,API_2017_2025,2019,9,2182.0,1411.0,,,,,,2191.0,1458.0,544463.9517451612,526300.5669935484,10666.823458064517,7496.5613,575508.6217677419,514030.4124935484,521615.21085806447,560784.4809612903,236101.07682258065,60718.33407096774,115837.21667096774,59545.52608064516,-39169.27010322581,,,,,,,,,,,0,72,3,116,3,19,364,0,0,243,0,0,0,25,1364.0
2019-10-01,강서구,API_2017_2025,2019,10,2100.0,1364.0,,,,,,2155.0,1449.0,546511.2728466666,528372.45369,10249.117460000001,7889.701706666666,577242.6160733333,516650.53629333334,523582.85001,562888.71775,244121.3387366667,64184.96307666667,116924.30327,63012.07239,-39305.86774,,,,,,,,,,,0,72,3,116,3,19,364,0,0,243,0,0,0,25,1427.0
2019-11-01,강서구,API_2017_2025,2019,11,2112.0,1427.0,,,,,,1985.0,1335.0,554707.3310306452,536057.5000758065,10008.610851612904,8641.220082258063,587538.8568887097,520160.6481854839,528145.8614967741,573679.8092645161,252991.6402483871,65529.65334193548,120633.72522903226,66828.26167741936,-45533.947767741905,,,,,,,,,,,0,72,3,116,3,19,364,0,0,243,0,0,0,25,1388.0
2019-12-01,강서구,API_2017_2025,2019,12,2040.0,1388.0,,,,,,2227.0,1473.0,563845.9417799999,544353.7945399999,10030.382616666668,9461.76463,595688.9137533333,531633.59938,539347.33079,581344.9496366667,251917.22883333333,66512.05717999999,119907.97611333334,65497.19554,-41997.61884666667,,,,,,,,,,,0,72,3,116,3,19,364,0,0,243,0,0,0,25,1495.0
2020-01-01,강서구,API_2017_2025,2020,1,2153.0,1495.0,,,,,,2052.0,1277.0,566760.0574225807,547212.9112129032,10105.79666451613,9441.34955483871,595496.741232258,537357.1073193548,544710.8303709677,582509.5053225806,264614.0903870968,68522.16480967742,128881.39359354839,67210.53198387097,-37798.67495161291,1419243.0,895605.0,523638.0,0.369,,853664.0,615640.0,238024.0,0.2788,,0,34,3,74,1,26,139,0,0,109,0,0,0,6,1362.0
2020-02-01,강서구,API_2017_2025,2020,2,1998.0,1362.0,,,,,,1851.0,1220.0,564392.7935096774,544688.8788354839,10852.765216129032,8851.149461290323,592246.0927677419,537008.0649870968,543702.1045064516,579171.8570741935,263258.31558064517,69424.35235806451,128453.04766774194,65380.91555483871,-35469.75256774194,1419243.0,895605.0,523638.0,0.369,,853664.0,615640.0,238024.0,0.2788,,0,34,3,74,1,26,139,0,0,109,0,0,0,6,1104.0
2020-03-01,강서구,API_2017_2025,2020,3,1701.0,1104.0,,,,,,1972.0,1297.0,572199.9718275862,552687.463437931,10791.787103448276,8720.72128275862,596765.9945482758,545966.1246689655,552045.6663379311,586595.9043275862,251879.02998620688,60551.49564137931,128063.9337,63263.60064482759,-34550.23798965517,1419243.0,895605.0,523638.0,0.369,,853664.0,615640.0,238024.0,0.2788,,0,34,3,74,1,26,139,0,0,109,0,0,0,6,924.0
2020-04-01,강서구,API_2017_2025,2020,4,1562.0,924.0,,,,,,2026.0,1331.0,564437.5117258064,549883.9828709677,10424.830970967743,4128.697903225806,585741.2657258065,539481.349,546252.7478161291,577426.628816129,238822.14538064515,53961.0190032258,125796.9692,59064.15717741936,-31173.881000000012,1419243.0,895605.0,523638.0,0.369,,853664.0,615640.0,238024.0,0.2788,,0,34,3,74,1,26,139,0,0,109,0,0,0,6,1060.0
2020-05-01,강서구,API_2017_2025,2020,5,1707.0,1060.0,,,,,,2148.0,1425.0,557250.5134133333,544367.18911,10000.90706,2882.41725,580639.9966000001,531097.2268033333,538042.58971,570970.45892,247520.92089333333,57276.20415,128092.12534,62152.59140333333,-32927.869210000004,1419243.0,895605.0,523638.0,0.369,,853664.0,615640.0,238024.0,0.2788,,0,34,3,74,1,26,139,0,0,109,0,0,0,6,1210.0
2020-06-01,강서구,API_2017_2025,2020,6,1907.0,1210.0,,,,,,2060.0,1378.0,552863.1307290322,540395.954232258,9926.728687096775,2540.4478129032254,575377.8702451613,528690.7953096774,534767.2783193549,565788.7396064516,246446.79432258065,58827.92481935484,124785.15282258064,62833.716680645164,-31021.46128709678,1419243.0,895605.0,523638.0,0.369,,853664.0,615640.0,238024.0,0.2788,,0,34,3,74,1,26,139,0,0,109,0,0,0,6,1237.0
2020-07-01,강서구,API_2017_2025,2020,7,1931.0,1237.0,,,,,,2247.0,1494.0,552867.5598233334,538969.64749,9694.869876666666,4203.042456666667,576519.2155,529226.8080833333,534532.2748133333,565964.1919566666,250048.54840333335,60714.91169666666,123808.15557333334,65525.48113333333,-31431.91714333334,1419243.0,895605.0,523638.0,0.369,,853664.0,615640.0,238024.0,0.2788,,0,34,3,74,1,26,139,0,0,109,0,0,0,6,1227.0
2020-08-01,강서구,API_2017_2025,2020,8,2022.0,1227.0,,,,,,2182.0,1411.0,553098.233416129,539874.9366032259,9790.550351612903,3432.746451612903,577363.9035193549,528245.7163935484,534414.0070258065,566444.109416129,248078.76601612906,60641.26358709677,121708.54426451614,65728.95816451612,-32030.102390322572,1419243.0,895605.0,523638.0,0.369,,853664.0,615640.0,238024.0,0.2788,,0,34,3,74,1,26,139,0,0,109,0,0,0,6,1208.0
2020-09-01,강서구,API_2017_2025,2020,9,2083.0,1208.0,,,,,,2100.0,1364.0,549904.7726290323,537249.1265806452,9739.665041935483,2915.9810032258065,569472.9291193548,529371.8122903226,534852.6217645161,560656.3089741936,238367.71591290325,57427.61008387097,120035.78265483871,60904.323174193545,-25803.687209677417,1419243.0,895605.0,523638.0,0.369,,853664.0,615640.0,238024.0,0.2788,,0,34,3,74,1,26,139,0,0,109,0,0,0,6,1095.0
2020-10-01,강서구,API_2017_2025,2020,10,1799.0,1095.0,,,,,,2112.0,1427.0,554063.1784133333,541104.2483733334,9763.09312,3195.8369233333333,574313.2249166666,532213.9069766667,537951.4738333334,565571.5388300001,239072.90255333335,56923.50436,119747.59162666668,62401.806566666666,-27620.06499666667,1419243.0,895605.0,523638.0,0.369,,853664.0,615640.0,238024.0,0.2788,,0,34,3,74,1,26,139,0,0,109,0,0,0,6,1171.0
2020-11-01,강서구,API_2017_2025,2020,11,1951.0,1171.0,,,,,,2040.0,1388.0,549368.3259354838,535641.7973387097,9762.524293548388,3964.0043193548386,571936.9808935483,526129.446432258,532293.9319483871,561564.321648387,246797.74556129033,62545.807487096776,121074.10282903226,63177.83524516129,-29270.38969999998,1419243.0,895605.0,523638.0,0.369,,853664.0,615640.0,238024.0,0.2788,,0,34,3,74,1,26,139,0,0,109,0,0,0,6,1080.0
2020-12-01,강서구,API_2017_2025,2020,12,1803.0,1080.0,,,,,,2153.0,1495.0,552330.46462,538402.758,9835.571663333334,4092.1349800000003,574010.1579199999,530812.0042,535870.8338966666,564087.3437366667,248840.95343000002,64033.62511666667,120643.61259666667,64163.715716666666,-28216.509840000006,1419243.0,895605.0,523638.0,0.369,,853664.0,615640.0,238024.0,0.2788,,0,34,3,74,1,26,139,0,0,109,0,0,0,6,996.0
2021-01-01,강서구,건별집계|API_2017_2025,2021,1,1734.0,996.0,,,,,,1998.0,1362.0,554743.1358774194,540795.7950290323,9930.564787096773,4016.77605483871,571474.2023580645,535573.0864,540375.5879129032,565005.6701451613,228219.92329032256,55115.21228387097,115009.49204516129,58095.218961290324,-24630.08223225806,1381596.0,898712.0,482884.0,0.3495,,904257.0,668630.0,235627.0,0.2606,,0,18,0,46,5,27,107,0,0,88,0,0,0,2,1293.0
2021-02-01,강서구,건별집계|API_2017_2025,2021,2,2183.0,1293.0,689.0,201.0,1043.0,1088.0,52.0,1701.0,1104.0,556917.4865225806,542863.2789935484,9933.288274193548,4120.919248387097,572604.8476290323,538050.4275580646,542946.2474032259,566896.9430419354,236357.3656903226,57462.669780645156,119940.04441935483,58954.651490322576,-23950.695638709672,1381596.0,898712.0,482884.0,0.3495,,904257.0,668630.0,235627.0,0.2606,,0,18,0,46,5,27,107,0,0,88,0,0,0,2,1274.0
2021-03-01,강서구,건별집계|API_2017_2025,2021,3,2068.0,1274.0,639.0,155.0,1024.0,1006.0,38.0,1562.0,924.0,551888.9456107143,538104.4905178571,9990.33580357143,3794.1193035714286,570826.0168571429,531246.011525,537071.9076535715,562472.5441500001,246604.50767857142,63141.725257142854,121073.94962142858,62388.8328,-25400.636496428575,1381596.0,898712.0,482884.0,0.3495,,904257.0,668630.0,235627.0,0.2606,,0,18,0,46,5,27,107,0,0,88,0,0,0,2,1399.0
2021-04-01,강서구,건별집계|API_2017_2025,2021,4,2263.0,1399.0,706.0,158.0,1110.0,1104.0,49.0,1707.0,1060.0,555691.6179774193,542371.6814387097,9908.459212903226,3411.477335483871,576671.4231741936,533835.2406612904,539467.8010741936,567280.058616129,247373.37859354838,64697.09755483871,118703.82335806452,63972.45768064516,-27812.25754193548,1381596.0,898712.0,482884.0,0.3495,,904257.0,668630.0,235627.0,0.2606,,0,18,0,46,5,27,107,0,0,88,0,0,0,2,1531.0
2021-05-01,강서구,건별집계|API_2017_2025,2021,5,2425.0,1531.0,724.0,170.0,1194.0,1168.0,63.0,1907.0,1210.0,548575.5376533333,535107.22155,9765.241626666666,3703.0744733333336,570397.2813266667,526147.3685366666,531753.0965966667,560591.5669766667,259250.61075666666,66446.26817,125389.55323333334,67414.78935333334,-28838.470380000006,1381596.0,898712.0,482884.0,0.3495,,904257.0,668630.0,235627.0,0.2606,,0,18,0,46,5,27,107,0,0,88,0,0,0,2,1607.0
2021-06-01,강서구,건별집계|API_2017_2025,2021,6,2696.0,1607.0,779.0,310.0,1257.0,1365.0,74.0,1931.0,1237.0,548491.3563322581,535154.0414774193,9545.274232258065,3792.040606451613,569414.4252935485,527333.9897580645,532976.2553451613,559573.571332258,245434.9180032258,64164.26988387097,118592.07327741936,62678.57484193548,-26597.31598709678,1381596.0,898712.0,482884.0,0.3495,,904257.0,668630.0,235627.0,0.2606,,0,18,0,46,5,27,107,0,0,88,0,0,0,2,1694.0
2021-07-01,강서구,건별집계|API_2017_2025,2021,7,2764.0,1694.0,806.0,264.0,1383.0,1303.0,78.0,2022.0,1227.0,550114.3235,537048.67609,9544.09188,3521.5555233333334,572076.4913199999,528545.0379066666,534023.5365066667,561607.7427733333,253262.07955,66711.83263666666,121969.83730333335,64580.40961,-27584.20626666668,1381596.0,898712.0,482884.0,0.3495,,904257.0,668630.0,235627.0,0.2606,,0,18,0,46,5,27,107,0,0,88,0,0,0,2,1900.0
2021-08-01,강서구,건별집계|API_2017_2025,2021,8,2977.0,1900.0,853.0,224.0,1496.0,1403.0,78.0,2083.0,1208.0,552745.0802258065,539499.3255451613,9665.574183870967,3580.180506451613,571277.8532,535187.3885806452,539470.7413258065,562226.7508774193,241691.81743225807,63101.74688709677,116779.25789354838,61810.8126516129,-22756.009551612893,1381596.0,898712.0,482884.0,0.3495,,904257.0,668630.0,235627.0,0.2606,,0,18,0,46,5,27,107,0,0,88,0,0,0,2,1725.0
2021-09-01,강서구,건별집계|API_2017_2025,2021,9,2714.0,1725.0,829.0,160.0,1436.0,1222.0,56.0,1799.0,1095.0,551278.7007612904,537850.8378354838,9559.349406451613,3868.5135322580645,569230.2374,532143.7162677419,537321.4366967742,561248.1750935485,237384.25947741937,60778.53417741935,115234.55904193548,61371.16625806452,-23926.738396774195,1381596.0,898712.0,482884.0,0.3495,,904257.0,668630.0,235627.0,0.2606,,0,18,0,46,5,27,107,0,0,88,0,0,0,2,1728.0
2021-10-01,강서구,건별집계|API_2017_2025,2021,10,2781.0,1728.0,919.0,134.0,1470.0,1265.0,46.0,1951.0,1171.0,548516.5979766666,535819.53628,9447.710373333333,3249.35135,567715.3513133334,529372.10998,534581.0927833333,558470.53028,241302.68308333334,63362.966936666664,115892.09472666666,62047.621419999996,-23889.437496666673,1381596.0,898712.0,482884.0,0.3495,,904257.0,668630.0,235627.0,0.2606,,0,18,0,46,5,27,107,0,0,88,0,0,0,2,1706.0
2021-11-01,강서구,건별집계|API_2017_2025,2021,11,2787.0,1706.0,902.0,179.0,1358.0,1392.0,37.0,1803.0,1080.0,552481.4158709678,539269.2470290322,9437.146651612902,3775.0221967741936,572196.1030161291,532218.005848387,537911.3092290323,562888.6349096774,241113.56721612904,63750.728625806456,115102.95155806452,62259.88703225806,-24977.325680645157,1381596.0,898712.0,482884.0,0.3495,,904257.0,668630.0,235627.0,0.2606,,0,18,0,46,5,27,107,0,0,88,0,0,0,2,1588.0
2021-12-01,강서구,건별집계|API_2017_2025,2021,12,2797.0,1588.0,1038.0,171.0,1568.0,1107.0,122.0,1734.0,996.0,554588.3215466667,539343.9982,9222.885243333332,6021.438093333333,574479.96249,534239.4952033333,540081.40217,564950.4068233334,253328.12867666667,69376.52761,117959.24780666667,65992.35326,-24869.004653333344,1381596.0,898712.0,482884.0,0.3495,,904257.0,668630.0,235627.0,0.2606,,0,18,0,46,5,27,107,0,0,88,0,0,0,2,1563.0
2022-01-01,강서구,건별집계|API_2017_2025|xlsx_2022_2024,2022,1,2904.0,1563.0,1148.0,193.0,1773.0,785.0,346.0,2183.0,1293.0,555991.6633548387,541945.0613451613,9227.909732258064,4818.692270967742,573531.2860419354,537358.3366677419,542707.9902387097,565480.0013032258,241648.37816774193,65277.958954838716,114444.02122903227,61926.397983870964,-22772.011064516122,1392943.0,905530.0,487413.0,0.3499,147034.0,1008630.0,739872.0,268758.0,0.2665,115301.0,0,10,2,48,10,24,143,0,0,86,0,0,0,11,1468.0
2022-02-01,강서구,건별집계|xlsx_2022_2024,2022,2,2547.0,1468.0,910.0,169.0,1334.0,1097.0,116.0,2068.0,1274.0,553901.967932258,539310.1093193549,9287.206887096774,5304.651732258065,570383.9970548387,535176.3925322581,541098.8321258065,563047.0649483871,239393.59762580643,66499.5471516129,112186.57388709678,60707.476587096775,-21948.232822580652,1392943.0,905530.0,487413.0,0.3499,147034.0,1008630.0,739872.0,268758.0,0.2665,115301.0,0,10,2,48,10,24,143,0,0,86,0,0,0,11,1406.0
2022-03-01,강서구,건별집계|xlsx_2022_2024,2022,3,2680.0,1406.0,1117.0,157.0,1406.0,1180.0,94.0,2263.0,1399.0,557764.3258107143,542601.2769,9352.027203571428,5811.021710714286,573605.2433678572,539908.5799857143,545746.7379214286,566348.3171642857,235880.753475,63441.87124285714,112988.16096071429,59450.72127142857,-20601.579242857148,1392943.0,905530.0,487413.0,0.3499,147034.0,1008630.0,739872.0,268758.0,0.2665,115301.0,0,10,2,48,10,24,143,0,0,86,0,0,0,11,1607.0
2022-04-01,강서구,건별집계|xlsx_2022_2024,2022,4,3520.0,1607.0,1770.0,143.0,1929.0,1526.0,65.0,2425.0,1531.0,557235.1297129032,544382.3739419355,9130.309983870968,3722.445793548387,573026.6273580645,538643.3680387096,544290.2613709677,566481.4642290323,226601.02324838712,59559.3696483871,108998.76737419356,58042.886225806455,-22191.20285806451,1392943.0,905530.0,487413.0,0.3499,147034.0,1008630.0,739872.0,268758.0,0.2665,115301.0,0,10,2,48,10,24,143,0,0,86,0,0,0,11,1615.0
2022-05-01,강서구,건별집계|xlsx_2022_2024,2022,5,2820.0,1615.0,1009.0,196.0,1548.0,1204.0,68.0,2696.0,1607.0,546822.6061133334,534203.4775500001,9061.608686666666,3557.5198766666667,566963.35116,524467.6947633333,531356.0818833333,557870.12343,247531.76179,66391.32196666667,116897.12442000001,64243.31540333333,-26514.04154666667,1392943.0,905530.0,487413.0,0.3499,147034.0,1008630.0,739872.0,268758.0,0.2665,115301.0,0,10,2,48,10,24,143,0,0,86,0,0,0,11,1662.0
2022-06-01,강서구,건별집계|xlsx_2022_2024,2022,6,2767.0,1662.0,932.0,173.0,1513.0,1176.0,78.0,2764.0,1694.0,554518.2727032258,541683.7488193548,9165.305170967744,3669.2187032258066,576143.7403870968,532334.9600870968,538868.1455032259,565696.9349903227,252556.03362258064,70640.38069677418,115779.28379999999,66136.36912580645,-26828.78948709678,1392943.0,905530.0,487413.0,0.3499,147034.0,1008630.0,739872.0,268758.0,0.2665,115301.0,0,10,2,48,10,24,143,0,0,86,0,0,0,11,1588.0
2022-07-01,강서구,건별집계|xlsx_2022_2024,2022,7,2693.0,1588.0,914.0,191.0,1347.0,1281.0,65.0,2977.0,1900.0,563714.4050133333,550672.7489033333,9085.281976666667,3956.374146666667,584530.2396366667,542435.8832133333,549128.56508,574132.86213,252670.70570666666,71329.42792,115745.08242666668,65596.19536,-25004.29705000002,1392943.0,905530.0,487413.0,0.3499,147034.0,1008630.0,739872.0,268758.0,0.2665,115301.0,0,10,2,48,10,24,143,0,0,86,0,0,0,11,1791.0
2022-08-01,강서구,건별집계|xlsx_2022_2024,2022,8,3134.0,1791.0,1131.0,212.0,1597.0,1449.0,88.0,2714.0,1725.0,547713.7341193549,534211.3509967742,9075.739151612903,4426.643977419355,567328.0898967743,528603.6287290322,534045.2397580645,557476.9443870968,238623.24631290324,67272.65148709678,109583.9285483871,61766.666277419354,-23431.70462903227,1392943.0,905530.0,487413.0,0.3499,147034.0,1008630.0,739872.0,268758.0,0.2665,115301.0,0,10,2,48,10,24,143,0,0,86,0,0,0,11,1797.0
2022-09-01,강서구,건별집계|xlsx_2022_2024,2022,9,3277.0,1797.0,1276.0,204.0,1750.0,1443.0,84.0,2781.0,1728.0,545653.1935483871,532165.4379419355,9092.094532258065,4395.661087096774,563959.316251613,527355.364316129,532866.8772935484,554786.2766096775,240358.2044903226,67124.05296774194,109215.93852580646,64018.21299677419,-21919.399316129042,1392943.0,905530.0,487413.0,0.3499,147034.0,1008630.0,739872.0,268758.0,0.2665,115301.0,0,10,2,48,10,24,143,0,0,86,0,0,0,11,1620.0
2022-10-01,강서구,건별집계|xlsx_2022_2024,2022,10,2825.0,1620.0,1032.0,173.0,1429.0,1325.0,71.0,2787.0,1706.0,544774.26082,530836.0618766666,8920.375999999998,5017.82294,565479.95263,524620.92762,530766.8587666667,554779.5480033333,242421.9289933333,68567.00676,108682.28094666667,65172.641286666665,-24012.689236666658,1392943.0,905530.0,487413.0,0.3499,147034.0,1008630.0,739872.0,268758.0,0.2665,115301.0,0,10,2,48,10,24,143,0,0,86,0,0,0,11,1594.0
2022-11-01,강서구,건별집계|xlsx_2022_2024,2022,11,2730.0,1594.0,955.0,181.0,1353.0,1326.0,51.0,2797.0,1588.0,546705.8023967742,532630.4929290323,8842.017980645162,5233.2915096774195,568218.3286096775,524873.7320419356,531621.2301774194,557480.4968612903,237391.5993967742,66956.28228387097,107408.45232258065,63026.86479032258,-25859.266683870963,1392943.0,905530.0,487413.0,0.3499,147034.0,1008630.0,739872.0,268758.0,0.2665,115301.0,0,10,2,48,10,24,143,0,0,86,0,0,0,11,1705.0
2022-12-01,강서구,건별집계|xlsx_2022_2024,2022,12,2884.0,1705.0,1004.0,175.0,1393.0,1427.0,64.0,2904.0,1563.0,549444.1418466667,534883.0905633334,8774.98955,5786.061753333333,571198.9601366667,528012.7030433334,533874.3206033333,560565.4427499999,249005.54398333334,69950.49289333333,111281.93324333333,67773.11784666666,-26691.12214666668,1392943.0,905530.0,487413.0,0.3499,147034.0,1008630.0,739872.0,268758.0,0.2665,115301.0,0,10,2,48,10,24,143,0,0,86,0,0,0,11,1685.0
2017-01-01,관악구,API_2017_2025,2017,1,,,,,,,,,,,,,,,,,,,,,,,,,,,,,,,,,1,39,4,322,173,0,354,0,0,342,0,0,0,101,1313.0
2017-02-01,관악구,API_2017_2025,2017,2,1935.0,1313.0,,,,,,,,,,,,,,,,,,,,,,,,,,,,,,,1,39,4,322,173,0,354,0,0,342,0,0,0,101,1093.0
2017-03-01,관악구,API_2017_2025,2017,3,1645.0,1093.0,,,,,,,,,,,,,,,,,,,,,,,,,,,,,,,1,39,4,322,173,0,354,0,0,342,0,0,0,101,1231.0
2017-04-01,관악구,API_2017_2025,2017,4,1898.0,1231.0,,,,,,,,,,,,,,,,,,,,,,,,,,,,,,,1,39,4,322,173,0,354,0,0,342,0,0,0,101,1276.0
2017-05-01,관악구,API_2017_2025,2017,5,1977.0,1276.0,,,,,,,,,,,,,,,,,,,,,,,,,,,,,,,1,39,4,322,173,0,354,0,0,342,0,0,0,101,1324.0
2017-06-01,관악구,API_2017_2025,2017,6,1989.0,1324.0,,,,,,,,,,,,,,,,,,,,,,,,,,,,,,,1,39,4,322,173,0,354,0,0,342,0,0,0,101,1304.0
2017-07-01,관악구,API_2017_2025,2017,7,2081.0,1304.0,,,,,,,,,,,,,,,,,,,,,,,,,,,,,,,1,39,4,322,173,0,354,0,0,342,0,0,0,101,1465.0
2017-08-01,관악구,API_2017_2025,2017,8,2206.0,1465.0,,,,,,,,,,,,,,,,,,,,,,,,,,,,,,,1,39,4,322,173,0,354,0,0,342,0,0,0,101,1443.0
2017-09-01,관악구,API_2017_2025,2017,9,2202.0,1443.0,,,,,,,,,,,,,,,,,,,,,,,,,,,,,,,1,39,4,322,173,0,354,0,0,342,0,0,0,101,1397.0
2017-10-01,관악구,API_2017_2025,2017,10,2158.0,1397.0,,,,,,,,,,,,,,,,,,,,,,,,,,,,,,,1,39,4,322,173,0,354,0,0,342,0,0,0,101,1305.0
2017-11-01,관악구,API_2017_2025,2017,11,2064.0,1305.0,,,,,,,,,,,,,,,,,,,,,,,,,,,,,,,1,39,4,322,173,0,354,0,0,342,0,0,0,101,1280.0
2017-12-01,관악구,API_2017_2025,2017,12,1956.0,1280.0,,,,,,,,,,,,,,,,,,,,,,,,,,,,,,,1,39,4,322,173,0,354,0,0,342,0,0,0,101,1482.0
2018-01-01,관악구,API_2017_2025,2018,1,2222.0,1482.0,,,,,,1935.0,1313.0,,,,,,,,,,,,,,,,,,,,,,,,0,64,3,288,202,4,346,0,0,348,0,0,0,48,1452.0
2018-02-01,관악구,API_2017_2025,2018,2,2246.0,1452.0,,,,,,1645.0,1093.0,,,,,,,,,,,,,,,,,,,,,,,,0,64,3,288,202,4,346,0,0,348,0,0,0,48,1155.0
2018-03-01,관악구,API_2017_2025,2018,3,1924.0,1155.0,,,,,,1898.0,1231.0,,,,,,,,,,,,,,,,,,,,,,,,0,64,3,288,202,4,346,0,0,348,0,0,0,48,1369.0
2018-04-01,관악구,API_2017_2025,2018,4,2136.0,1369.0,,,,,,1977.0,1276.0,,,,,,,,,,,,,,,,,,,,,,,,0,64,3,288,202,4,346,0,0,348,0,0,0,48,1245.0
2018-05-01,관악구,API_2017_2025,2018,5,1976.0,1245.0,,,,,,1989.0,1324.0,528556.0409538462,504623.1473576923,21881.420265384615,2051.4733423076923,592225.0771192308,459407.9229846154,474643.4789307692,567065.0138423077,247022.22006153845,36270.95614615385,139659.23416153848,71092.02975384615,-92421.53491153846,,,,,,,,,,,0,64,3,288,202,4,346,0,0,348,0,0,0,48,1393.0
2018-06-01,관악구,API_2017_2025,2018,6,2134.0,1393.0,,,,,,2081.0,1304.0,526730.5124322581,502825.2215064516,21831.642525806452,2073.6484032258063,591563.2223580645,457396.6897548387,473317.93163225806,563684.4909516129,239505.0415064516,35535.1175,135096.04963548385,68873.87437096775,-90366.55931935484,,,,,,,,,,,0,64,3,288,202,4,346,0,0,348,0,0,0,48,1356.0
2018-07-01,관악구,API_2017_2025,2018,7,2106.0,1356.0,,,,,,2206.0,1465.0,531493.33202,507725.32400666666,21871.482913333333,1896.5251099999998,593538.7143566667,464922.5780433333,479479.00681666663,568646.4214466666,226137.43382666667,34730.611163333335,127414.57226,63992.25040333333,-89167.41463,,,,,,,,,,,0,64,3,288,202,4,346,0,0,348,0,0,0,48,1475.0
2018-08-01,관악구,API_2017_2025,2018,8,2238.0,1475.0,,,,,,2202.0,1443.0,527376.2811387096,502579.1254064516,22521.652654838712,2275.503051612903,591084.1067451612,460080.6688741935,474123.3313935484,565414.1023806451,223209.9406,36298.494067741936,124617.01326451612,62294.43326774194,-91290.77098709678,,,,,,,,,,,0,64,3,288,202,4,346,0,0,348,0,0,0,48,1559.0
2018-09-01,관악구,API_2017_2025,2018,9,2463.0,1559.0,,,,,,2158.0,1397.0,521340.9416548387,496579.8948129032,22554.18942903226,2206.857419354839,583978.1849806452,454298.79283870966,468747.036983871,557682.0081225807,226295.07284516128,35392.55871290322,127714.86328709677,63187.6508451613,-88934.97113870968,,,,,,,,,,,0,64,3,288,202,4,346,0,0,348,0,0,0,48,1390.0
2018-10-01,관악구,API_2017_2025,2018,10,2200.0,1390.0,,,,,,2064.0,1305.0,520228.30755666667,495691.05124,22141.591460000003,2395.6648733333336,581459.8530066666,456919.5319,471749.74079333333,554855.8552533333,222323.36152666667,37929.64015666667,120473.92026333333,63919.801106666666,-83106.11446000001,,,,,,,,,,,0,64,3,288,202,4,346,0,0,348,0,0,0,48,1408.0
2018-11-01,관악구,API_2017_2025,2018,11,2063.0,1408.0,,,,,,1956.0,1280.0,527463.4549516129,503357.54845161294,22032.168906451614,2073.7376,590274.9672548388,458150.4188290323,473808.0529451613,564526.345383871,224503.7962516129,35056.88142580645,125836.16517741936,63610.74964838709,-90718.29243870967,,,,,,,,,,,0,64,3,288,202,4,346,0,0,348,0,0,0,48,1244.0
2018-12-01,관악구,API_2017_2025,2018,12,1915.0,1244.0,,,,,,2222.0,1482.0,522533.9825866667,498888.69407666667,21769.512693333334,1875.7758233333334,587430.6251266667,452799.4185433333,468129.22252,561394.52549,230288.06873666667,36533.694840000004,128083.60978999999,65670.76410666667,-93265.30296999999,,,,,,,,,,,0,64,3,288,202,4,346,0,0,348,0,0,0,48,1343.0
2019-01-01,관악구,API_2017_2025,2019,1,2095.0,1343.0,,,,,,2246.0,1452.0,532431.5186967743,507406.4880516129,22851.53176451613,2173.4988903225803,588166.2755677418,471482.28531935485,485288.72070967744,566104.9458451612,226232.38388709674,37877.11690645161,124653.3074516129,63701.95952903226,-80816.22513548387,,,,,,,,,,,1,43,5,125,188,1,313,0,0,272,0,0,0,40,1304.0
2019-02-01,관악구,API_2017_2025,2019,2,1988.0,1304.0,,,,,,1924.0,1155.0,535075.536516129,508876.2962,23552.25106129032,2646.989264516129,591332.4400935484,472831.0556,486257.81447096774,569945.3379806452,236361.98603548386,40242.75986774194,129389.79954193547,66729.42662580646,-83687.52350967743,,,,,,,,,,,1,43,5,125,188,1,313,0,0,272,0,0,0,40,1091.0
2019-03-01,관악구,API_2017_2025,2019,3,1764.0,1091.0,,,,,,2136.0,1369.0,517432.47091785714,490825.0903785714,23766.867446428572,2840.513082142857,569372.9991714286,463219.3732535714,475708.38072142855,547235.3924821428,227965.59402857142,41261.310225,122392.41870714286,64311.86509642857,-71527.01176071427,,,,,,,,,,,1,43,5,125,188,1,313,0,0,272,0,0,0,40,1270.0
2019-04-01,관악구,API_2017_2025,2019,4,2042.0,1270.0,,,,,,1976.0,1245.0,529934.5958064516,505442.10785806447,22483.643154838708,2008.8448032258066,583903.0443290323,469771.4401774194,483533.11987096776,563078.5071903226,220353.5027,39283.78564516129,117554.00551290324,63515.71154193549,-79545.38731935482,,,,,,,,,,,1,43,5,125,188,1,313,0,0,272,0,0,0,40,1286.0
2019-05-01,관악구,API_2017_2025,2019,5,2009.0,1286.0,,,,,,2134.0,1393.0,517501.3104333334,493662.90363333334,21962.184383333333,1876.2224266666667,575300.2389566667,452960.5147666667,467591.4372066667,553151.21988,235677.69571,37240.77497,129587.98373333334,68848.93700666666,-85559.78267333333,,,,,,,,,,,1,43,5,125,188,1,313,0,0,272,0,0,0,40,1386.0
2019-06-01,관악구,API_2017_2025,2019,6,2126.0,1386.0,,,,,,2106.0,1356.0,500107.3052516129,476857.1228193548,21342.299648387096,1907.8828,556571.5789354839,438709.8516709677,452546.3062741936,534079.4473806451,219114.8497483871,34987.14538064516,120884.27748387096,63243.42688387097,-81533.14110645161,,,,,,,,,,,1,43,5,125,188,1,313,0,0,272,0,0,0,40,1260.0
2019-07-01,관악구,API_2017_2025,2019,7,1994.0,1260.0,,,,,,2238.0,1475.0,503062.77391999995,479840.71711333335,21470.77812,1751.2786899999999,557067.1463433333,444653.60496666667,457967.14889,535273.9346833334,210500.08658,33927.58052333333,116765.97079333334,59806.53526333333,-77306.78579333333,,,,,,,,,,,1,43,5,125,188,1,313,0,0,272,0,0,0,40,1418.0
2019-08-01,관악구,API_2017_2025,2019,8,2230.0,1418.0,,,,,,2463.0,1559.0,494985.2833548387,471123.83397419355,21792.141383870967,2069.3080032258063,551140.0256064517,434956.7948451613,447428.66558064515,528954.2960516129,197071.38412903226,33683.63491935484,107405.5396548387,55982.20955483871,-81525.63047096775,,,,,,,,,,,1,43,5,125,188,1,313,0,0,272,0,0,0,40,1436.0
2019-09-01,관악구,API_2017_2025,2019,9,2198.0,1436.0,,,,,,2200.0,1390.0,500681.23475161294,476634.5714129032,21979.495774193547,2067.167558064516,554840.9093193549,442401.86323225807,455119.8479580645,533225.0824580645,202816.5508516129,34909.69699354839,110648.92163548387,57257.93222258064,-78105.23449999998,,,,,,,,,,,1,43,5,125,188,1,313,0,0,272,0,0,0,40,1359.0
2019-10-01,관악구,API_2017_2025,2019,10,2079.0,1359.0,,,,,,2063.0,1408.0,500897.0857066667,477047.5118966667,21604.37123333333,2245.202576666667,552486.5713166667,445807.51773,458472.16706,531200.5990233333,215040.77333999999,38912.140269999996,113555.04743333333,62573.58563666666,-72728.43196333334,,,,,,,,,,,1,43,5,125,188,1,313,0,0,272,0,0,0,40,1386.0
2019-11-01,관악구,API_2017_2025,2019,11,2098.0,1386.0,,,,,,1915.0,1244.0,506548.0893322581,483099.6834016129,21429.728741935483,2018.6772129032258,564875.6819290323,439464.408533871,454442.61685,543766.283966129,217054.34693709677,35035.27488387097,117910.59397419354,64108.478079032255,-89323.66711612903,,,,,,,,,,,1,43,5,125,188,1,313,0,0,272,0,0,0,40,1302.0
2019-12-01,관악구,API_2017_2025,2019,12,1967.0,1302.0,,,,,,2095.0,1343.0,516169.34839,492633.78158999997,21636.86463,1898.70218,572678.3674833333,452669.96382,466949.1764033333,551326.6140966667,215552.99525333333,36584.5719,116202.60571,62765.817643333336,-84377.43769333333,,,,,,,,,,,1,43,5,125,188,1,313,0,0,272,0,0,0,40,1331.0
2020-01-01,관악구,API_2017_2025,2020,1,1985.0,1331.0,,,,,,1988.0,1304.0,519950.7362451613,495824.0553451613,22150.35301935484,1976.3278870967742,572263.9233032258,461244.8996741936,474672.6062548387,552292.2576612904,227770.70776451615,39104.047648387095,123031.39101612903,65635.2691,-77619.65140645161,1141886.0,804299.0,337587.0,0.2956,,524411.0,418800.0,105611.0,0.2014,,0,32,0,114,164,4,192,0,0,285,0,0,0,32,1357.0
2020-02-01,관악구,API_2017_2025,2020,2,1974.0,1357.0,,,,,,1764.0,1091.0,515473.01757741935,489684.1374548387,23052.83235483871,2736.0477709677416,566711.1000870967,458979.3972709678,471929.5825612903,546575.4711548387,223716.30448387098,40729.83006774193,120578.4075483871,62408.06686774194,-74645.88859354838,1141886.0,804299.0,337587.0,0.2956,,524411.0,418800.0,105611.0,0.2014,,0,32,0,114,164,4,192,0,0,285,0,0,0,32,1062.0
2020-03-01,관악구,API_2017_2025,2020,3,1700.0,1062.0,,,,,,2042.0,1270.0,528225.831462069,501372.66006551724,23609.691127586208,3243.480275862069,576012.9968172414,472469.3234034483,484537.0455586207,559432.1071,214159.87261379312,34447.32152068966,119948.32275862069,59764.22833448276,-74895.06154137931,1141886.0,804299.0,337587.0,0.2956,,524411.0,418800.0,105611.0,0.2014,,0,32,0,114,164,4,192,0,0,285,0,0,0,32,999.0
2020-04-01,관악구,API_2017_2025,2020,4,1585.0,999.0,,,,,,2009.0,1286.0,528352.3323870967,501372.296016129,23677.29895483871,3302.737412903226,571454.2609870967,477048.2485935484,489053.3824967742,556423.0108903226,202467.35781935486,30442.147348387094,116070.61304193549,55954.597429032256,-67369.62839354838,1141886.0,804299.0,337587.0,0.2956,,524411.0,418800.0,105611.0,0.2014,,0,32,0,114,164,4,192,0,0,285,0,0,0,32,1016.0
2020-05-01,관악구,API_2017_2025,2020,5,1643.0,1016.0,,,,,,2126.0,1386.0,521113.8742166667,494848.20753666665,23198.318649999997,3067.3480233333335,566843.9760066667,467006.81714,479945.44931,550519.8920066666,210388.49799333332,31978.05428,120263.65655,58146.787163333334,-70574.44269666667,1141886.0,804299.0,337587.0,0.2956,,524411.0,418800.0,105611.0,0.2014,,0,32,0,114,164,4,192,0,0,285,0,0,0,32,1175.0
2020-06-01,관악구,API_2017_2025,2020,6,1932.0,1175.0,,,,,,1994.0,1260.0,514221.2584096774,488781.2725516129,22876.17398064516,2563.811887096774,560152.9674677419,461436.5840225807,473815.76397419354,543082.3258709677,211429.8418387097,33678.39728387097,119276.8669032258,58474.577651612904,-69266.56189677419,1141886.0,804299.0,337587.0,0.2956,,524411.0,418800.0,105611.0,0.2014,,0,32,0,114,164,4,192,0,0,285,0,0,0,32,1162.0
2020-07-01,관악구,API_2017_2025,2020,7,1906.0,1162.0,,,,,,2230.0,1418.0,511332.0181866667,486308.0891933333,22360.2336,2663.69539,560902.9554433334,455443.25007,467504.01509666664,542637.7346966666,212918.53572,33003.99897666667,120292.01941333334,59622.517329999995,-75133.7196,1141886.0,804299.0,337587.0,0.2956,,524411.0,418800.0,105611.0,0.2014,,0,32,0,114,164,4,192,0,0,285,0,0,0,32,1305.0
2020-08-01,관악구,API_2017_2025,2020,8,2100.0,1305.0,,,,,,2198.0,1436.0,507624.54759032256,481889.53931612906,22106.68980645161,3628.318461290323,558309.7777741936,451040.84231290326,463416.3833129032,539201.8077806452,208217.2600193548,32492.97327419355,117387.58815806452,58336.69858709678,-75785.42446774195,1141886.0,804299.0,337587.0,0.2956,,524411.0,418800.0,105611.0,0.2014,,0,32,0,114,164,4,192,0,0,285,0,0,0,32,1186.0
2020-09-01,관악구,API_2017_2025,2020,9,2078.0,1186.0,,,,,,2079.0,1359.0,508866.59424516134,482337.07150322583,22389.976541935484,4139.546209677419,552219.3617806451,459914.1373322581,470880.65722580644,535999.406383871,203102.9206967742,31377.26123548387,115090.8478,56634.81166129032,-65118.749158064515,1141886.0,804299.0,337587.0,0.2956,,524411.0,418800.0,105611.0,0.2014,,0,32,0,114,164,4,192,0,0,285,0,0,0,32,1000.0
2020-10-01,관악구,API_2017_2025,2020,10,1727.0,1000.0,,,,,,2098.0,1386.0,511132.82539333333,486225.8844866667,22129.079163333336,2777.8617566666667,554766.0743099999,460727.9917266667,472351.70397000003,538833.6264033333,204181.51878333333,31314.654053333332,114499.97061333334,58366.89411666666,-66481.92243333333,1141886.0,804299.0,337587.0,0.2956,,524411.0,418800.0,105611.0,0.2014,,0,32,0,114,164,4,192,0,0,285,0,0,0,32,1105.0
2020-11-01,관악구,API_2017_2025,2020,11,1861.0,1105.0,,,,,,1967.0,1302.0,501121.6712870968,476625.25353548385,21584.01037419355,2912.407387096774,547608.162867742,447368.6155645161,460564.30653548386,530091.2175451614,208185.61298064515,34461.043683870965,115253.8146483871,58470.7546483871,-69526.91100967742,1141886.0,804299.0,337587.0,0.2956,,524411.0,418800.0,105611.0,0.2014,,0,32,0,114,164,4,192,0,0,285,0,0,0,32,1129.0
2020-12-01,관악구,API_2017_2025,2020,12,1775.0,1129.0,,,,,,1985.0,1331.0,501324.81513999996,477293.01277,21317.948673333332,2713.853713333333,548201.3434,446834.82304,459180.27319000004,531428.0593966667,205743.67137666667,32970.88735,114556.75309333335,58216.030933333335,-72247.78620666666,1141886.0,804299.0,337587.0,0.2956,,524411.0,418800.0,105611.0,0.2014,,0,32,0,114,164,4,192,0,0,285,0,0,0,32,1000.0
2021-01-01,관악구,건별집계|API_2017_2025,2021,1,1719.0,1000.0,,,,,,1974.0,1357.0,505973.7091419355,481233.21754838707,21993.042387096775,2747.4492193548385,543529.2434096774,460182.53272580646,470666.57172903226,531193.0929870968,191226.9161935484,29391.1654483871,107933.08626451614,53902.664480645166,-60526.52125806451,1082872.0,768962.0,313910.0,0.2899,,490474.0,397272.0,93202.0,0.19,,0,27,1,87,214,10,170,0,0,185,0,0,0,8,1215.0
2021-02-01,관악구,건별집계|API_2017_2025,2021,2,2041.0,1215.0,595.0,231.0,881.0,1095.0,65.0,1700.0,1062.0,507264.3255548387,482173.49170645163,22676.632461290323,2414.2013967741937,543990.7217935483,461480.99933870963,472415.8882903226,532156.0664612903,196222.8643612903,31811.78881935484,109674.68052903227,54736.395012903224,-59740.178170967745,1082872.0,768962.0,313910.0,0.2899,,490474.0,397272.0,93202.0,0.19,,0,27,1,87,214,10,170,0,0,185,0,0,0,8,1105.0
2021-03-01,관악구,건별집계|API_2017_2025,2021,3,1783.0,1105.0,556.0,122.0,850.0,867.0,66.0,1585.0,999.0,497853.8998928572,472378.8906392857,22400.540696428572,3074.4685535714284,540049.8874035714,447628.10975357145,460100.4344892857,524820.660875,202024.14183214286,34477.6336,110878.02827142857,56668.479960714285,-64720.2263857143,1082872.0,768962.0,313910.0,0.2899,,490474.0,397272.0,93202.0,0.19,,0,27,1,87,214,10,170,0,0,185,0,0,0,8,1189.0
2021-04-01,관악구,건별집계|API_2017_2025,2021,4,1929.0,1189.0,602.0,138.0,954.0,908.0,67.0,1643.0,1016.0,503223.0238064516,478839.892816129,21684.695303225806,2698.435693548387,550094.3871516129,447770.48761612904,460724.8382645161,533578.8706354839,205399.85648709678,36658.29872580645,109717.62436451613,59023.93339677419,-72854.03237096773,1082872.0,768962.0,313910.0,0.2899,,490474.0,397272.0,93202.0,0.19,,0,27,1,87,214,10,170,0,0,185,0,0,0,8,1227.0
2021-05-01,관악구,건별집계|API_2017_2025,2021,5,1997.0,1227.0,610.0,160.0,972.0,954.0,71.0,1932.0,1175.0,497989.9721366667,474672.8527933333,21064.138446666664,2252.9809,546647.2500666666,441035.72817,454348.0814833333,529162.7511733334,212806.20849333334,33902.62665333333,116748.40721333332,62155.17462666667,-74814.66969,1082872.0,768962.0,313910.0,0.2899,,490474.0,397272.0,93202.0,0.19,,0,27,1,87,214,10,170,0,0,185,0,0,0,8,1383.0
2021-06-01,관악구,건별집계|API_2017_2025,2021,6,2291.0,1383.0,644.0,264.0,1038.0,1192.0,61.0,1906.0,1162.0,498561.08106129034,474541.8475290322,21229.991283870968,2789.242241935484,544911.7184322581,445693.11224193545,458435.80376774195,527221.9933935484,205604.94794193548,33033.03656774194,113320.08019032258,59251.83118387097,-68786.18962580645,1082872.0,768962.0,313910.0,0.2899,,490474.0,397272.0,93202.0,0.19,,0,27,1,87,214,10,170,0,0,185,0,0,0,8,1478.0
2021-07-01,관악구,건별집계|API_2017_2025,2021,7,2335.0,1478.0,671.0,186.0,1155.0,1083.0,97.0,2100.0,1305.0,494354.85477333335,470883.69411333336,20764.616736666667,2706.5439199999996,543643.9003433333,438914.2521,451204.56345666666,525176.49142,207423.67959333333,33339.60135333333,113939.56323333333,60144.51500666667,-73971.92796333335,1082872.0,768962.0,313910.0,0.2899,,490474.0,397272.0,93202.0,0.19,,0,27,1,87,214,10,170,0,0,185,0,0,0,8,1628.0
2021-08-01,관악구,건별집계|API_2017_2025,2021,8,2581.0,1628.0,741.0,212.0,1304.0,1145.0,132.0,2078.0,1186.0,490832.7045967742,467068.4716967742,20898.407241935485,2865.825651612903,535386.5131645161,440474.2375032258,451601.78234516125,518854.79192903225,194307.88858064517,31111.570125806455,107024.45046129033,56171.86799354838,-67253.00958387097,1082872.0,768962.0,313910.0,0.2899,,490474.0,397272.0,93202.0,0.19,,0,27,1,87,214,10,170,0,0,185,0,0,0,8,1490.0
2021-09-01,관악구,건별집계|API_2017_2025,2021,9,2336.0,1490.0,679.0,167.0,1179.0,1069.0,88.0,1727.0,1000.0,485135.4525677419,462106.5374548387,20675.42570967742,2353.4893967741937,527368.994367742,436439.8520225806,447611.01971935487,511938.61888064514,189338.46152580646,30824.023587096777,103806.03696774194,54708.40097096774,-64327.599161290316,1082872.0,768962.0,313910.0,0.2899,,490474.0,397272.0,93202.0,0.19,,0,27,1,87,214,10,170,0,0,185,0,0,0,8,1426.0
2021-10-01,관악구,건별집계|API_2017_2025,2021,10,2267.0,1426.0,713.0,128.0,1193.0,971.0,103.0,1861.0,1105.0,480050.89998333337,456639.76599333336,20553.980213333332,2857.1537766666665,523179.8276933333,431724.6387233333,443131.1650466667,506422.1392333333,191194.17193,33760.250036666665,102233.79392666667,55200.12796666667,-63290.97418666667,1082872.0,768962.0,313910.0,0.2899,,490474.0,397272.0,93202.0,0.19,,0,27,1,87,214,10,170,0,0,185,0,0,0,8,1465.0
2021-11-01,관악구,건별집계|API_2017_2025,2021,11,2358.0,1465.0,727.0,166.0,1197.0,1089.0,72.0,1775.0,1129.0,486279.153783871,463131.68306451617,20200.016774193547,2947.4539580645164,530801.3180451613,434451.77392580645,447120.38765806454,514249.7010258064,191027.73297419355,32472.660987096773,103226.28592903225,55328.786058064514,-67129.31336774194,1082872.0,768962.0,313910.0,0.2899,,490474.0,397272.0,93202.0,0.19,,0,27,1,87,214,10,170,0,0,185,0,0,0,8,1479.0
2021-12-01,관악구,건별집계|API_2017_2025,2021,12,2441.0,1479.0,797.0,165.0,1302.0,935.0,204.0,1719.0,1000.0,484426.42937333335,460823.7609966667,20143.254039999996,3459.414313333333,532489.5425233333,429142.13901,441819.7306866667,514859.78557,197568.26317999998,33978.242073333335,105483.06015333332,58106.960953333335,-73040.05488333333,1082872.0,768962.0,313910.0,0.2899,,490474.0,397272.0,93202.0,0.19,,0,27,1,87,214,10,170,0,0,185,0,0,0,8,1352.0
2022-01-01,관악구,건별집계|API_2017_2025|xlsx_2022_2024,2022,1,2381.0,1352.0,860.0,169.0,1394.0,617.0,370.0,2041.0,1215.0,488306.53490645165,464697.62158064515,20423.812751612903,3185.1005806451612,532683.5596129032,436985.2107419355,448437.76105161285,516784.23051290325,190013.28947419356,32601.079322580645,101348.63663225807,56063.57351935484,-68346.46946129033,1145854.0,810276.0,335578.0,0.2929,124722.0,486624.0,393749.0,92875.0,0.1909,54729.0,0,35,1,187,265,2,251,0,0,304,0,0,1,23,1392.0
2022-02-01,관악구,건별집계|xlsx_2022_2024,2022,2,2361.0,1392.0,791.0,178.0,1141.0,1025.0,195.0,1783.0,1105.0,487023.18343870965,462712.008083871,20802.01097096774,3509.1644096774194,528413.0486548387,437383.94918064517,449125.05489354837,514093.27526774193,189489.35136451613,34786.03930645161,98376.07370967742,56327.2383483871,-64968.220374193545,1145854.0,810276.0,335578.0,0.2929,124722.0,486624.0,393749.0,92875.0,0.1909,54729.0,0,35,1,187,265,2,251,0,0,304,0,0,1,23,1219.0
2022-03-01,관악구,건별집계|xlsx_2022_2024,2022,3,2334.0,1219.0,957.0,158.0,1162.0,1065.0,107.0,1929.0,1189.0,492936.2469321429,468474.05129285716,21101.42472142857,3360.7709142857143,532734.8639,446371.07394642854,457345.3311857143,518358.3296071429,190668.9074142857,34558.486964285716,99484.64827857143,56625.772171428565,-61012.998421428565,1145854.0,810276.0,335578.0,0.2929,124722.0,486624.0,393749.0,92875.0,0.1909,54729.0,0,35,1,187,265,2,251,0,0,304,0,0,1,23,1370.0
2022-04-01,관악구,건별집계|xlsx_2022_2024,2022,4,3016.0,1370.0,1547.0,99.0,1593.0,1334.0,89.0,1997.0,1227.0,501075.5946451613,477486.22173870966,20758.8596,2830.5133193548386,543278.0766806451,452076.5850935484,463538.3673580645,527887.8998645161,188936.52934838712,34488.590812903225,98171.09923870968,56276.8392967742,-64349.532506451615,1145854.0,810276.0,335578.0,0.2929,124722.0,486624.0,393749.0,92875.0,0.1909,54729.0,0,35,1,187,265,2,251,0,0,304,0,0,1,23,1446.0
2022-05-01,관악구,건별집계|xlsx_2022_2024,2022,5,2550.0,1446.0,967.0,137.0,1318.0,1135.0,97.0,2291.0,1383.0,491747.4010233333,469117.4735533333,20125.316253333334,2504.6112033333334,543054.4856033333,433951.83416,447589.8143166667,523288.53438666667,197280.96578,33496.95559666667,103871.86868666667,59912.14149666667,-75698.72007000001,1145854.0,810276.0,335578.0,0.2929,124722.0,486624.0,393749.0,92875.0,0.1909,54729.0,0,35,1,187,265,2,251,0,0,304,0,0,1,23,1436.0
2022-06-01,관악구,건별집계|xlsx_2022_2024,2022,6,2498.0,1436.0,905.0,157.0,1182.0,1193.0,123.0,2335.0,1478.0,494804.9337387097,472096.62160645163,20529.42600967742,2178.886129032258,547943.5496387098,436352.743616129,449724.7852322581,527005.0398096774,199324.1700677419,35533.14050967742,102840.46628064517,60950.56327741936,-77280.25457741934,1145854.0,810276.0,335578.0,0.2929,124722.0,486624.0,393749.0,92875.0,0.1909,54729.0,0,35,1,187,265,2,251,0,0,304,0,0,1,23,1399.0
2022-07-01,관악구,건별집계|xlsx_2022_2024,2022,7,2388.0,1399.0,814.0,175.0,1172.0,1119.0,97.0,2581.0,1628.0,500385.9365666667,477162.05317,20652.140623333333,2571.7427633333336,552714.3596633333,442869.57687999995,455939.03638,532133.7224166667,197102.25749333334,34715.14936333333,101530.84082999999,60856.2673,-76194.68603666667,1145854.0,810276.0,335578.0,0.2929,124722.0,486624.0,393749.0,92875.0,0.1909,54729.0,0,35,1,187,265,2,251,0,0,304,0,0,1,23,1653.0
2022-08-01,관악구,건별집계|xlsx_2022_2024,2022,8,2743.0,1653.0,930.0,160.0,1465.0,1161.0,117.0,2336.0,1490.0,484980.92,462319.4824709677,19945.99371935484,2715.4438161290323,535726.6059612903,430512.61170645163,442169.38122903224,515560.59056129033,187098.96102258065,34490.77785806452,95749.67513870967,56858.50802580645,-73391.20933225806,1145854.0,810276.0,335578.0,0.2929,124722.0,486624.0,393749.0,92875.0,0.1909,54729.0,0,35,1,187,265,2,251,0,0,304,0,0,1,23,1767.0
2022-09-01,관악구,건별집계|xlsx_2022_2024,2022,9,3132.0,1767.0,1148.0,217.0,1641.0,1370.0,121.0,2267.0,1426.0,479235.734732258,456750.38392903225,19839.81768387097,2645.5331258064516,527978.9730419355,425442.1084548387,437160.5171548387,509289.46159677417,185636.99747741935,34038.00270645161,94999.02138387096,56599.973387096776,-72128.94444193548,1145854.0,810276.0,335578.0,0.2929,124722.0,486624.0,393749.0,92875.0,0.1909,54729.0,0,35,1,187,265,2,251,0,0,304,0,0,1,23,1573.0
2022-10-01,관악구,건별집계|xlsx_2022_2024,2022,10,2604.0,1573.0,861.0,170.0,1335.0,1175.0,94.0,2358.0,1465.0,478333.44641333335,455671.2523,19794.445826666666,2867.7483166666666,529510.49226,424080.1197033333,436415.1068133333,508275.1175766667,189904.79469333336,37319.20710666667,93806.21420333332,58779.37338333333,-71860.01076333334,1145854.0,810276.0,335578.0,0.2929,124722.0,486624.0,393749.0,92875.0,0.1909,54729.0,0,35,1,187,265,2,251,0,0,304,0,0,1,23,1474.0
2022-11-01,관악구,건별집계|xlsx_2022_2024,2022,11,2428.0,1474.0,797.0,157.0,1244.0,1091.0,93.0,2441.0,1479.0,482792.15157419356,460663.1914,19606.325793548385,2522.6343935483874,533520.373767742,425837.39066451613,439668.0232419355,513595.1003935484,186277.55390645162,34145.33047419354,94769.99962258064,57362.223809677416,-73927.07715161289,1145854.0,810276.0,335578.0,0.2929,124722.0,486624.0,393749.0,92875.0,0.1909,54729.0,0,35,1,187,265,2,251,0,0,304,0,0,1,23,1549.0
2022-12-01,관악구,건별집계|xlsx_2022_2024,2022,12,2476.0,1549.0,760.0,167.0,1313.0,1082.0,81.0,2381.0,1352.0,482056.74853333336,459839.74144666665,19625.607103333336,2591.4000066666663,535440.7649933334,422567.33884333336,435456.49865333334,515342.6413233334,192725.72251333334,34528.841016666665,98130.31390333334,60066.56759333333,-79886.14267,1145854.0,810276.0,335578.0,0.2929,124722.0,486624.0,393749.0,92875.0,0.1909,54729.0,0,35,1,187,265,2,251,0,0,304,0,0,1,23,1748.0
2017-01-01,광진구,API_2017_2025,2017,1,,,,,,,,,,,,,,,,,,,,,,,,,,,,,,,,,0,111,8,142,44,41,265,0,0,240,0,0,0,75,1635.0
2017-02-01,광진구,API_2017_2025,2017,2,2486.0,1635.0,,,,,,,,,,,,,,,,,,,,,,,,,,,,,,,0,111,8,142,44,41,265,0,0,240,0,0,0,75,1307.0
2017-03-01,광진구,API_2017_2025,2017,3,2038.0,1307.0,,,,,,,,,,,,,,,,,,,,,,,,,,,,,,,0,111,8,142,44,41,265,0,0,240,0,0,0,75,1542.0
2017-04-01,광진구,API_2017_2025,2017,4,2463.0,1542.0,,,,,,,,,,,,,,,,,,,,,,,,,,,,,,,0,111,8,142,44,41,265,0,0,240,0,0,0,75,1648.0
2017-05-01,광진구,API_2017_2025,2017,5,2565.0,1648.0,,,,,,,,,,,,,,,,,,,,,,,,,,,,,,,0,111,8,142,44,41,265,0,0,240,0,0,0,75,1734.0
2017-06-01,광진구,API_2017_2025,2017,6,2711.0,1734.0,,,,,,,,,,,,,,,,,,,,,,,,,,,,,,,0,111,8,142,44,41,265,0,0,240,0,0,0,75,1709.0
2017-07-01,광진구,API_2017_2025,2017,7,2706.0,1709.0,,,,,,,,,,,,,,,,,,,,,,,,,,,,,,,0,111,8,142,44,41,265,0,0,240,0,0,0,75,1437.0
2017-08-01,광진구,API_2017_2025,2017,8,2303.0,1437.0,,,,,,,,,,,,,,,,,,,,,,,,,,,,,,,0,111,8,142,44,41,265,0,0,240,0,0,0,75,891.0
2017-09-01,광진구,API_2017_2025,2017,9,1392.0,891.0,,,,,,,,,,,,,,,,,,,,,,,,,,,,,,,0,111,8,142,44,41,265,0,0,240,0,0,0,75,883.0
2017-10-01,광진구,API_2017_2025,2017,10,1421.0,883.0,,,,,,,,,,,,,,,,,,,,,,,,,,,,,,,0,111,8,142,44,41,265,0,0,240,0,0,0,75,843.0
2017-11-01,광진구,API_2017_2025,2017,11,1352.0,843.0,,,,,,,,,,,,,,,,,,,,,,,,,,,,,,,0,111,8,142,44,41,265,0,0,240,0,0,0,75,773.0
2017-12-01,광진구,API_2017_2025,2017,12,1237.0,773.0,,,,,,,,,,,,,,,,,,,,,,,,,,,,,,,0,111,8,142,44,41,265,0,0,240,0,0,0,75,875.0
2018-01-01,광진구,API_2017_2025,2018,1,1419.0,875.0,,,,,,2486.0,1635.0,,,,,,,,,,,,,,,,,,,,,,,,3,113,3,165,34,59,294,0,0,282,0,0,0,68,870.0
2018-02-01,광진구,API_2017_2025,2018,2,1419.0,870.0,,,,,,2038.0,1307.0,,,,,,,,,,,,,,,,,,,,,,,,3,113,3,165,34,59,294,0,0,282,0,0,0,68,741.0
2018-03-01,광진구,API_2017_2025,2018,3,1266.0,741.0,,,,,,2463.0,1542.0,,,,,,,,,,,,,,,,,,,,,,,,3,113,3,165,34,59,294,0,0,282,0,0,0,68,809.0
2018-04-01,광진구,API_2017_2025,2018,4,1327.0,809.0,,,,,,2565.0,1648.0,,,,,,,,,,,,,,,,,,,,,,,,3,113,3,165,34,59,294,0,0,282,0,0,0,68,839.0
2018-05-01,광진구,API_2017_2025,2018,5,1353.0,839.0,,,,,,2711.0,1734.0,421205.23313846154,395171.25760769227,23734.121038461537,2299.854503846154,444023.16116538463,397197.3009115384,405775.7156384615,432226.3170692307,221980.84134615384,43575.279661538465,96008.53030769232,82397.03137692307,-26450.601430769228,,,,,,,,,,,3,113,3,165,34,59,294,0,0,282,0,0,0,68,842.0
2018-06-01,광진구,API_2017_2025,2018,6,1402.0,842.0,,,,,,2706.0,1709.0,420698.3602935484,394492.9052225806,23858.4739,2346.9811677419357,446153.7778,396254.4262064516,406037.91620000004,430208.6668322581,216500.29200000002,42890.84241612903,92748.43005161292,80861.01953225807,-24170.750632258067,,,,,,,,,,,3,113,3,165,34,59,294,0,0,282,0,0,0,68,882.0
2018-07-01,광진구,API_2017_2025,2018,7,1386.0,882.0,,,,,,2303.0,1437.0,418788.92948000005,393078.4127733334,23390.432923333334,2320.083786666667,441796.67571000004,394829.30252666667,402504.36547333334,430420.76092333335,197876.89899666666,39941.01218,84691.20625666667,73244.68056,-27916.395450000004,,,,,,,,,,,3,113,3,165,34,59,294,0,0,282,0,0,0,68,875.0
2018-08-01,광진구,API_2017_2025,2018,8,1457.0,875.0,,,,,,1392.0,891.0,408386.6415,385144.9254483871,21005.328480645163,2236.387577419355,433566.7218903226,380706.66218387097,389441.5596129032,421918.8428483871,191520.58029032257,38854.44006129032,83417.02314193548,69249.11708709678,-32477.283235483872,,,,,,,,,,,3,113,3,165,34,59,294,0,0,282,0,0,0,68,900.0
2018-09-01,광진구,API_2017_2025,2018,9,1432.0,900.0,,,,,,1421.0,883.0,407942.3037774193,383641.09228387097,21543.43277419355,2757.778716129032,432823.1922322581,382472.23957741936,391029.5353967742,419066.16058709676,199717.05133548388,39784.86380322581,88603.09248064515,71329.0950516129,-28036.625190322582,,,,,,,,,,,3,113,3,165,34,59,294,0,0,282,0,0,0,68,792.0
2018-10-01,광진구,API_2017_2025,2018,10,1285.0,792.0,,,,,,1352.0,843.0,415392.9039466667,388672.3988233333,23785.10465,2935.40048,437978.08634,392226.25092333334,401830.27186,425080.49831,199879.81258,43214.76528666667,83746.91586666666,72918.13142666666,-23250.226449999995,,,,,,,,,,,3,113,3,165,34,59,294,0,0,282,0,0,0,68,846.0
2018-11-01,광진구,API_2017_2025,2018,11,1351.0,846.0,,,,,,1237.0,773.0,419501.6690516129,393565.3487354838,23712.6526516129,2223.6676451612902,443446.8020129032,394339.0760193548,402842.0784548387,430409.7504774194,202591.7886451613,40563.84389354839,87931.53797741936,74096.40677419354,-27567.672022580653,,,,,,,,,,,3,113,3,165,34,59,294,0,0,282,0,0,0,68,804.0
2018-12-01,광진구,API_2017_2025,2018,12,1231.0,804.0,,,,,,1419.0,875.0,420655.0672766667,394461.4797833333,23772.691833333334,2420.8956933333334,446193.51913333335,394463.51181666664,403729.28402666666,432744.91246333334,208212.38695333333,42784.38972,89352.48864333333,76075.50859,-29015.62843666667,,,,,,,,,,,3,113,3,165,34,59,294,0,0,282,0,0,0,68,885.0
2019-01-01,광진구,API_2017_2025,2019,1,1347.0,885.0,,,,,,1419.0,870.0,422799.67435161286,395545.5427806452,24620.70229677419,2633.4292612903228,444158.9517870968,399366.3801193549,408022.78572903224,433354.59479999996,198670.82310645163,41145.04178387097,85345.34526451613,72180.43605806452,-25331.809070967738,,,,,,,,,,,0,40,4,120,31,61,176,0,0,202,0,0,1,82,774.0
2019-02-01,광진구,API_2017_2025,2019,2,1186.0,774.0,,,,,,1266.0,741.0,414918.67213225807,390125.3969741935,22450.9934,2342.2817580645165,438713.71311290324,387552.308232258,396371.2226516129,428166.85031935485,199450.7679516129,39941.73064516129,87746.52688064516,71762.51042580645,-31795.627667741934,,,,,,,,,,,0,40,4,120,31,61,176,0,0,202,0,0,1,82,667.0
2019-03-01,광진구,API_2017_2025,2019,3,1040.0,667.0,,,,,,1327.0,809.0,401628.7019071429,377264.83093928575,21551.145014285714,2812.725957142857,423572.3454607143,379064.186725,387911.2223678571,411426.9015892857,194626.62320357142,40860.02981785714,84876.06711071428,68890.526275,-23515.679221428574,,,,,,,,,,,0,40,4,120,31,61,176,0,0,202,0,0,1,82,763.0
2019-04-01,광진구,API_2017_2025,2019,4,1268.0,763.0,,,,,,1353.0,839.0,421211.5476774194,393295.72392258066,25511.71926129032,2404.104509677419,442724.9126032258,397978.72773225803,406417.5452,431778.6923,190669.7468032258,41463.312332258065,81373.03513548386,67833.39933548387,-25361.1471,,,,,,,,,,,0,40,4,120,31,61,176,0,0,202,0,0,1,82,805.0
2019-05-01,광진구,API_2017_2025,2019,5,1285.0,805.0,,,,,,1402.0,842.0,415975.1547166667,388287.7385733333,25616.216923333333,2071.19921,438059.31566666666,391471.7210333333,401354.88081999996,426418.20750333334,213850.17973,41631.940279999995,93591.62639,78626.61305999999,-25063.32668333334,,,,,,,,,,,0,40,4,120,31,61,176,0,0,202,0,0,1,82,854.0
2019-06-01,광진구,API_2017_2025,2019,6,1355.0,854.0,,,,,,1386.0,882.0,402745.4603580645,375628.3042709677,25136.852041935483,1980.3040451612903,424910.801483871,379511.21801935486,388550.2413516129,412884.90249999997,196069.02155806453,39580.95190322581,85191.8471516129,71296.2225032258,-24334.661148387102,,,,,,,,,,,0,40,4,120,31,61,176,0,0,202,0,0,1,82,827.0
2019-07-01,광진구,API_2017_2025,2019,7,1280.0,827.0,,,,,,1457.0,875.0,402165.10077666666,374767.60132,25377.9846,2019.5148833333333,422942.55623333337,379929.1275466667,387723.15282333334,412480.7779166667,185460.38911333334,37158.69324,82344.93124333333,65956.76463,-24757.62509333334,,,,,,,,,,,0,40,4,120,31,61,176,0,0,202,0,0,1,82,856.0
2019-08-01,광진구,API_2017_2025,2019,8,1295.0,856.0,,,,,,1432.0,900.0,385685.3801967742,361033.47936129034,22521.384832258067,2130.516012903226,409147.4140935484,358039.75853225804,366753.97902258066,399207.8096096774,167689.8374903226,33833.92332580645,74439.57377096775,59416.34039354839,-32453.830587096774,,,,,,,,,,,0,40,4,120,31,61,176,0,0,202,0,0,1,82,843.0
2019-09-01,광진구,API_2017_2025,2019,9,1316.0,843.0,,,,,,1285.0,792.0,396839.44623548386,371690.5870064516,22930.32488387097,2218.534341935484,419566.4546451613,370740.5152870968,379532.2607096774,409201.7216096774,177256.67471290322,36270.27245483871,77488.13450967742,63498.267748387094,-29669.460900000002,,,,,,,,,,,0,40,4,120,31,61,176,0,0,202,0,0,1,82,762.0
2019-10-01,광진구,API_2017_2025,2019,10,1284.0,762.0,,,,,,1351.0,846.0,404549.86816,376217.4129,25188.712786666663,3143.742493333333,426156.43157,381395.73745333333,389944.5230666667,414982.25752333336,187596.90909333335,40802.21424,78486.02441,68308.67044333334,-25037.734456666665,,,,,,,,,,,0,40,4,120,31,61,176,0,0,202,0,0,1,82,882.0
2019-11-01,광진구,API_2017_2025,2019,11,1379.0,882.0,,,,,,1231.0,804.0,402292.1806419355,375557.41031935485,24341.724262903226,2393.046041935484,424458.0206806452,375589.0652112903,384196.45587258064,415217.69830483873,190176.0539532258,38025.813756451615,81143.11190322581,71007.12829354838,-31021.242432258077,,,,,,,,,,,0,40,4,120,31,61,176,0,0,202,0,0,1,82,765.0
2019-12-01,광진구,API_2017_2025,2019,12,1202.0,765.0,,,,,,1347.0,885.0,406015.5811,380485.69159666664,23420.280130000003,2109.60938,427878.99802666664,381383.6792133333,389614.3620566667,417730.7375566667,188287.54614000002,39606.01745,76993.77169666668,71687.75699333333,-28116.3755,,,,,,,,,,,0,40,4,120,31,61,176,0,0,202,0,0,1,82,809.0
2020-01-01,광진구,API_2017_2025,2020,1,1255.0,809.0,,,,,,1186.0,774.0,407206.2865451613,381315.6977677419,23685.70065483871,2204.8881290322583,428499.48615483876,383518.8623387097,391275.795816129,418585.2084903226,196878.58020645162,40678.28042258065,83169.24820645161,73031.05157741936,-27309.412674193554,690755.0,504227.0,186528.0,0.27,,684649.0,488724.0,195925.0,0.2862,,0,34,2,92,28,89,182,0,0,179,0,0,0,29,838.0
2020-02-01,광진구,API_2017_2025,2020,2,1255.0,838.0,,,,,,1040.0,667.0,394147.19321935484,369838.8231290323,21819.02669354839,2489.3433903225805,417339.6727354839,368376.4419612903,376923.1827548387,406450.0578387097,186194.23817096773,38604.84581612903,80402.65951290322,67186.73284193549,-29526.875083870968,690755.0,504227.0,186528.0,0.27,,684649.0,488724.0,195925.0,0.2862,,0,34,2,92,28,89,182,0,0,179,0,0,0,29,617.0
2020-03-01,광진구,API_2017_2025,2020,3,996.0,617.0,,,,,,1268.0,763.0,398599.8514103448,373150.36856206896,22051.295841379313,3398.1870137931032,420101.3570413793,372522.00669310347,380133.28084827587,411790.2589586207,173693.46267931035,32071.820651724134,79368.42414827585,62253.217879310345,-31656.978110344833,690755.0,504227.0,186528.0,0.27,,684649.0,488724.0,195925.0,0.2862,,0,34,2,92,28,89,182,0,0,179,0,0,0,29,578.0
2020-04-01,광진구,API_2017_2025,2020,4,1030.0,578.0,,,,,,1285.0,805.0,395917.5234419355,370428.0985354839,22149.0569,3340.368006451613,415247.05700967746,371282.3417806452,378817.52002580644,408131.8116,164292.8997967742,27924.66351935484,77532.97489677419,58835.26138064516,-29314.29157419355,690755.0,504227.0,186528.0,0.27,,684649.0,488724.0,195925.0,0.2862,,0,34,2,92,28,89,182,0,0,179,0,0,0,29,622.0
2020-05-01,광진구,API_2017_2025,2020,5,1017.0,622.0,,,,,,1355.0,854.0,400827.45546666667,375302.13793333335,22767.556103333332,2757.76144,420657.77857,374860.55676999997,382794.6708233334,413708.01594,177414.64337,31131.77349666667,81650.20362666667,64632.66624666667,-30913.34511666667,690755.0,504227.0,186528.0,0.27,,684649.0,488724.0,195925.0,0.2862,,0,34,2,92,28,89,182,0,0,179,0,0,0,29,692.0
2020-06-01,광진구,API_2017_2025,2020,6,1170.0,692.0,,,,,,1280.0,827.0,398424.53797096777,372726.67457741936,23074.257367741935,2623.606022580645,418034.7540129032,373627.12675483874,381586.1582193548,410451.95206774195,176588.99241935482,33286.85710967742,81869.28960967742,61432.8457,-28865.793848387093,690755.0,504227.0,186528.0,0.27,,684649.0,488724.0,195925.0,0.2862,,0,34,2,92,28,89,182,0,0,179,0,0,0,29,679.0
2020-07-01,광진구,API_2017_2025,2020,7,1116.0,679.0,,,,,,1295.0,856.0,394696.1583966667,369330.55598,22712.809833333336,2652.79259,414926.6827933333,368118.78562000004,376000.38155666663,408050.2847066667,176114.64485333333,32058.77121,82092.09668333334,61963.77696,-32049.903150000006,690755.0,504227.0,186528.0,0.27,,684649.0,488724.0,195925.0,0.2862,,0,34,2,92,28,89,182,0,0,179,0,0,0,29,672.0
2020-08-01,광진구,API_2017_2025,2020,8,1121.0,672.0,,,,,,1316.0,843.0,392393.41245161294,365797.5181806452,22424.17273870968,4171.721522580645,413489.6021451613,365284.47175483865,373166.17400967743,406127.1541806452,174260.19611612902,32383.292725806452,80249.64056129033,61627.26282903226,-32960.98017096774,690755.0,504227.0,186528.0,0.27,,684649.0,488724.0,195925.0,0.2862,,0,34,2,92,28,89,182,0,0,179,0,0,0,29,647.0
2020-09-01,광진구,API_2017_2025,2020,9,1168.0,647.0,,,,,,1284.0,762.0,387992.0641870968,361791.1251322581,22512.00573548387,3688.933316129032,405911.3084903226,364675.8543483871,371631.00542580645,399678.5347387097,164961.7961354839,29845.459258064515,77122.29715483871,57994.039722580645,-28047.529312903225,690755.0,504227.0,186528.0,0.27,,684649.0,488724.0,195925.0,0.2862,,0,34,2,92,28,89,182,0,0,179,0,0,0,29,631.0
2020-10-01,광진구,API_2017_2025,2020,10,1126.0,631.0,,,,,,1379.0,882.0,391270.4477966667,364260.32953,22126.420776666666,4883.697486666667,408439.42875,367964.64516333333,374985.8485533333,402902.3043933333,165055.72560666667,29819.390823333335,76777.84089,58458.49389333333,-27916.45584,690755.0,504227.0,186528.0,0.27,,684649.0,488724.0,195925.0,0.2862,,0,34,2,92,28,89,182,0,0,179,0,0,0,29,702.0
2020-11-01,광진구,API_2017_2025,2020,11,1235.0,702.0,,,,,,1202.0,765.0,387022.1727387097,362507.76951935486,21467.416674193548,3046.98654516129,405296.1537548387,364309.98098709673,371158.38487741933,398353.4497741935,174607.8458419355,33651.55837741935,78646.3088516129,62309.97861290322,-27195.064896774198,690755.0,504227.0,186528.0,0.27,,684649.0,488724.0,195925.0,0.2862,,0,34,2,92,28,89,182,0,0,179,0,0,0,29,683.0
2020-12-01,광진구,API_2017_2025,2020,12,1155.0,683.0,,,,,,1255.0,809.0,386284.69488333334,362395.8885266667,20837.67362,3051.1327499999998,403749.98707,362690.96482,369634.5220266667,398177.6755,172526.42945333335,32309.88434,78279.71147666666,61936.83363666667,-28543.153473333343,690755.0,504227.0,186528.0,0.27,,684649.0,488724.0,195925.0,0.2862,,0,34,2,92,28,89,182,0,0,179,0,0,0,29,611.0
2021-01-01,광진구,건별집계|API_2017_2025,2021,1,1061.0,611.0,,,,,,1255.0,838.0,383588.2323645161,360871.4978709678,20552.225477419353,2164.5090096774193,397314.6484580645,363518.5370548387,369706.19506129035,393503.9732967742,157123.06747741933,27477.303967741933,74475.5486,55170.214909677416,-23797.778235483875,662616.0,487387.0,175229.0,0.2645,,644078.0,463868.0,180210.0,0.2798,,0,35,1,64,34,109,72,0,0,106,0,0,0,4,684.0
2021-02-01,광진구,건별집계|API_2017_2025,2021,2,1224.0,684.0,414.0,126.0,504.0,664.0,56.0,996.0,617.0,382873.16811612906,360337.4464612903,20513.89791612903,2021.8237258064516,396986.85632258066,362813.9989387097,369222.6018903226,392623.57258064515,162374.13828387097,29043.640067741937,76715.85905483871,56614.639161290324,-23400.970690322585,662616.0,487387.0,175229.0,0.2645,,644078.0,463868.0,180210.0,0.2798,,0,35,1,64,34,109,72,0,0,106,0,0,0,4,702.0
2021-03-01,광진구,건별집계|API_2017_2025,2021,3,1202.0,702.0,405.0,95.0,537.0,630.0,35.0,1030.0,578.0,380118.1279642857,356431.58775714284,20494.34528214286,3192.1949285714286,395552.4935964286,359587.85321071424,365712.89011785714,390407.58357142855,169018.67410357142,32328.633085714286,76863.12618571428,59826.91483214286,-24694.693453571435,662616.0,487387.0,175229.0,0.2645,,644078.0,463868.0,180210.0,0.2798,,0,35,1,64,34,109,72,0,0,106,0,0,0,4,755.0
2021-04-01,광진구,건별집계|API_2017_2025,2021,4,1280.0,755.0,417.0,108.0,587.0,647.0,46.0,1017.0,622.0,384738.5216129032,361269.6250451613,20377.15645483871,3091.7401258064515,401700.7264354839,361410.0379,368480.2116741935,396351.6001483871,171442.12718709678,34129.70966451613,76458.08865806452,60854.32886451613,-27871.388474193554,662616.0,487387.0,175229.0,0.2645,,644078.0,463868.0,180210.0,0.2798,,0,35,1,64,34,109,72,0,0,106,0,0,0,4,782.0
2021-05-01,광진구,건별집계|API_2017_2025,2021,5,1321.0,782.0,432.0,107.0,572.0,709.0,40.0,1170.0,692.0,382275.6543,359629.96037000004,20364.784436666665,2280.909493333333,399034.75550666667,358511.34931666666,366152.62029666663,393792.1071733333,181642.03052666664,33544.30806333334,82049.20011666667,66048.52234666666,-27639.48687666667,662616.0,487387.0,175229.0,0.2645,,644078.0,463868.0,180210.0,0.2798,,0,35,1,64,34,109,72,0,0,106,0,0,0,4,850.0
2021-06-01,광진구,건별집계|API_2017_2025,2021,6,1545.0,850.0,520.0,175.0,611.0,872.0,62.0,1116.0,679.0,381328.12697741936,358201.10286451614,20684.39912580645,2442.6249774193548,397466.8578967742,359487.9464580645,367081.7129290323,391504.1370096774,176250.21937096774,33366.79765483871,79649.61244516128,63233.809270967744,-24422.424080645163,662616.0,487387.0,175229.0,0.2645,,644078.0,463868.0,180210.0,0.2798,,0,35,1,64,34,109,72,0,0,106,0,0,0,4,900.0
2021-07-01,광진구,건별집계|API_2017_2025,2021,7,1561.0,900.0,514.0,147.0,709.0,807.0,45.0,1121.0,672.0,377447.23303,354722.1582433333,20323.229059999998,2401.8457399999998,394942.00998,353463.74009000004,361046.71073000005,389161.89180333336,176525.02593,32516.18758,80583.15366333333,63425.68468666667,-28115.18107333333,662616.0,487387.0,175229.0,0.2645,,644078.0,463868.0,180210.0,0.2798,,0,35,1,64,34,109,72,0,0,106,0,0,0,4,938.0
2021-08-01,광진구,건별집계|API_2017_2025,2021,8,1562.0,938.0,491.0,133.0,736.0,770.0,56.0,1168.0,647.0,372857.6928870968,349987.66051290324,20252.770732258065,2617.261629032258,389502.65394193545,349734.47879677423,356944.55280967744,384224.22151935485,164940.27053548387,29279.009283870968,77099.0618483871,58562.19940322581,-27279.66870967742,662616.0,487387.0,175229.0,0.2645,,644078.0,463868.0,180210.0,0.2798,,0,35,1,64,34,109,72,0,0,106,0,0,0,4,1034.0
2021-09-01,광진구,건별집계|API_2017_2025,2021,9,1640.0,1034.0,507.0,99.0,807.0,786.0,47.0,1126.0,631.0,369963.43057741935,346776.1089548387,20118.941912903225,3068.379706451613,385864.46659677423,348248.5475322581,355356.3260516129,380397.0766806452,162976.2394967742,29581.25678387097,76600.70836129032,56794.274351612905,-25040.750629032256,662616.0,487387.0,175229.0,0.2645,,644078.0,463868.0,180210.0,0.2798,,0,35,1,64,34,109,72,0,0,106,0,0,0,4,1037.0
2021-10-01,광진구,건별집계|API_2017_2025,2021,10,1739.0,1037.0,574.0,128.0,839.0,853.0,47.0,1235.0,702.0,371778.40587333334,348049.09572333336,20200.455243333334,3528.8549133333336,386747.08741,351603.48109,358930.6405766666,380955.3810866667,168736.54785,32884.11949333333,76347.45729,59504.971066666665,-22024.740510000007,662616.0,487387.0,175229.0,0.2645,,644078.0,463868.0,180210.0,0.2798,,0,35,1,64,34,109,72,0,0,106,0,0,0,4,930.0
2021-11-01,광진구,건별집계|API_2017_2025,2021,11,1546.0,930.0,502.0,114.0,724.0,776.0,46.0,1155.0,683.0,374383.8927612903,351614.96751290327,20106.65696451613,2662.268280645161,389562.86427741934,353286.5943548387,360693.4276451613,384162.79641612904,168381.05376129033,32015.810761290326,76691.76225483872,59673.48074516129,-23469.368770967747,662616.0,487387.0,175229.0,0.2645,,644078.0,463868.0,180210.0,0.2798,,0,35,1,64,34,109,72,0,0,106,0,0,0,4,894.0
2021-12-01,광진구,건별집계|API_2017_2025,2021,12,1565.0,894.0,521.0,150.0,750.0,695.0,120.0,1061.0,611.0,376075.35152333335,352454.79014666664,19873.481953333332,3747.0794233333336,393722.11564333335,352291.63961,360403.21769666666,387269.73282333335,175110.83981333335,34291.69439333333,77922.32567333334,62896.81974666667,-26866.51512666666,662616.0,487387.0,175229.0,0.2645,,644078.0,463868.0,180210.0,0.2798,,0,35,1,64,34,109,72,0,0,106,0,0,0,4,890.0
2022-01-01,광진구,건별집계|API_2017_2025|xlsx_2022_2024,2022,1,1563.0,890.0,559.0,114.0,793.0,591.0,179.0,1224.0,684.0,376274.4712419355,352987.8080612903,20313.440041935486,2973.2231387096776,391672.94630645163,354470.4645225807,361537.87218387093,386800.61342903227,166046.05038709677,31712.50550967742,75075.46510967742,59258.07976774194,-25262.741245161287,707992.0,526595.0,181397.0,0.2562,72146.0,676466.0,496584.0,179882.0,0.2659,109490.0,0,23,4,120,78,152,64,0,0,144,0,0,1,21,908.0
2022-02-01,광진구,건별집계|xlsx_2022_2024,2022,2,1539.0,908.0,524.0,107.0,710.0,753.0,76.0,1202.0,702.0,374092.6724774193,350825.3920032258,20604.144777419355,2663.1357032258065,389206.7019580645,352795.15642258065,359963.4285354839,384184.9895806451,166494.83666129032,32891.67380967742,75322.48633225806,58280.676519354834,-24221.561045161285,707992.0,526595.0,181397.0,0.2562,72146.0,676466.0,496584.0,179882.0,0.2659,109490.0,0,23,4,120,78,152,64,0,0,144,0,0,1,21,838.0
2022-03-01,광진구,건별집계|xlsx_2022_2024,2022,3,1487.0,838.0,554.0,95.0,755.0,690.0,42.0,1280.0,755.0,377963.42715714284,354325.83052142855,20634.387542857145,3003.2090821428574,392406.43043214286,358478.5392214286,365106.7056214286,387146.79969285714,165424.2153,32089.996610714286,75757.06848571428,57577.15020357143,-22040.09407142858,707992.0,526595.0,181397.0,0.2562,72146.0,676466.0,496584.0,179882.0,0.2659,109490.0,0,23,4,120,78,152,64,0,0,144,0,0,1,21,884.0
2022-04-01,광진구,건별집계|xlsx_2022_2024,2022,4,1897.0,884.0,914.0,99.0,876.0,961.0,60.0,1321.0,782.0,388532.58498064516,362891.01999999996,21044.70702903226,4596.857929032259,402544.05538709677,369819.2240516129,375955.6324548387,397516.12249032257,165387.92386129033,33405.37417096774,74556.1549,57426.39479032258,-21560.490035483865,707992.0,526595.0,181397.0,0.2562,72146.0,676466.0,496584.0,179882.0,0.2659,109490.0,0,23,4,120,78,152,64,0,0,144,0,0,1,21,984.0
2022-05-01,광진구,건별집계|xlsx_2022_2024,2022,5,1769.0,984.0,684.0,101.0,794.0,909.0,66.0,1545.0,850.0,384473.47404,360768.3985266667,20957.645650000002,2747.42985,401661.0698733333,362572.7314666667,370991.59122,394103.39032999997,182170.47299666665,35659.17247333333,80437.17026333333,66074.13025999999,-23111.799110000004,707992.0,526595.0,181397.0,0.2562,72146.0,676466.0,496584.0,179882.0,0.2659,109490.0,0,23,4,120,78,152,64,0,0,144,0,0,1,21,1009.0
2022-06-01,광진구,건별집계|xlsx_2022_2024,2022,6,1724.0,1009.0,597.0,118.0,809.0,864.0,51.0,1561.0,900.0,388863.70768064517,365004.0988935484,21226.49549032258,2633.1133032258067,406571.4799516129,366732.2015096774,375406.47142580646,398476.01930000004,184290.5143677419,37595.950158064516,79732.67173548386,66961.89247419355,-23069.54787419355,707992.0,526595.0,181397.0,0.2562,72146.0,676466.0,496584.0,179882.0,0.2659,109490.0,0,23,4,120,78,152,64,0,0,144,0,0,1,21,947.0
2022-07-01,광진구,건별집계|xlsx_2022_2024,2022,7,1660.0,947.0,575.0,138.0,750.0,864.0,46.0,1562.0,938.0,390598.7148833333,366284.25329,21616.301,2698.1605733333336,408649.6412333333,367547.3961333333,375388.38241666666,401463.2380633333,179189.22054666665,35110.09036333334,80010.02939000001,64069.10079333334,-26074.855646666667,707992.0,526595.0,181397.0,0.2562,72146.0,676466.0,496584.0,179882.0,0.2659,109490.0,0,23,4,120,78,152,64,0,0,144,0,0,1,21,1119.0
2022-08-01,광진구,건별집계|xlsx_2022_2024,2022,8,1856.0,1119.0,609.0,128.0,882.0,913.0,61.0,1640.0,1034.0,375927.74689999997,352383.18876451615,20743.903312903225,2800.654835483871,393709.49473870965,352580.94233870966,360065.25120967743,387258.1009612903,167417.58078709678,33409.54389354839,74044.10050967742,59963.93638387097,-27192.8497516129,707992.0,526595.0,181397.0,0.2562,72146.0,676466.0,496584.0,179882.0,0.2659,109490.0,0,23,4,120,78,152,64,0,0,144,0,0,1,21,1082.0
2022-09-01,광진구,건별집계|xlsx_2022_2024,2022,9,1865.0,1082.0,706.0,77.0,899.0,922.0,44.0,1739.0,1037.0,374220.88301935483,349284.00456774194,20990.92865483871,3945.9497903225806,392884.52657419356,350942.17474193545,358457.6558290323,385480.3310064516,166072.6846483871,33266.560154838706,73304.96487419355,59501.15961935484,-27022.675177419358,707992.0,526595.0,181397.0,0.2562,72146.0,676466.0,496584.0,179882.0,0.2659,109490.0,0,23,4,120,78,152,64,0,0,144,0,0,1,21,1012.0
2022-10-01,광진구,건별집계|xlsx_2022_2024,2022,10,1707.0,1012.0,615.0,80.0,733.0,917.0,57.0,1546.0,930.0,381428.7657433333,354371.1835433334,21985.651153333332,5071.931026666667,399030.17418333335,360141.20571999997,367944.0088666667,391060.7349366667,174265.89229,38429.8381,73198.90558666666,62637.14860333333,-23116.726069999997,707992.0,526595.0,181397.0,0.2562,72146.0,676466.0,496584.0,179882.0,0.2659,109490.0,0,23,4,120,78,152,64,0,0,144,0,0,1,21,971.0
2022-11-01,광진구,건별집계|xlsx_2022_2024,2022,11,1534.0,971.0,481.0,82.0,760.0,740.0,34.0,1565.0,894.0,381216.43971935485,356320.8961354839,21958.762651612902,2936.780935483871,398424.20112580643,360101.5252516129,367279.1179903226,391171.66952580644,170118.95906451612,35568.804425806455,73003.93945161291,61546.21518709677,-23892.55153548387,707992.0,526595.0,181397.0,0.2562,72146.0,676466.0,496584.0,179882.0,0.2659,109490.0,0,23,4,120,78,152,64,0,0,144,0,0,1,21,975.0
2022-12-01,광진구,건별집계|xlsx_2022_2024,2022,12,1630.0,975.0,568.0,87.0,747.0,841.0,42.0,1563.0,890.0,381256.0374,356595.8782466667,21905.950043333334,2754.20912,399139.78816999996,358481.28396666667,366145.67483,392049.15353333333,173807.03320333333,35601.764123333334,74543.07034666667,63662.19873333334,-25903.478703333338,707992.0,526595.0,181397.0,0.2562,72146.0,676466.0,496584.0,179882.0,0.2659,109490.0,0,23,4,120,78,152,64,0,0,144,0,0,1,21,1064.0
2017-01-01,구로구,API_2017_2025,2017,1,,,,,,,,,,,,,,,,,,,,,,,,,,,,,,,,,0,45,5,73,3,2,265,0,0,184,0,0,0,22,1971.0
2017-02-01,구로구,API_2017_2025,2017,2,2926.0,1971.0,,,,,,,,,,,,,,,,,,,,,,,,,,,,,,,0,45,5,73,3,2,265,0,0,184,0,0,0,22,1664.0
2017-03-01,구로구,API_2017_2025,2017,3,2535.0,1664.0,,,,,,,,,,,,,,,,,,,,,,,,,,,,,,,0,45,5,73,3,2,265,0,0,184,0,0,0,22,1922.0
2017-04-01,구로구,API_2017_2025,2017,4,2985.0,1922.0,,,,,,,,,,,,,,,,,,,,,,,,,,,,,,,0,45,5,73,3,2,265,0,0,184,0,0,0,22,1927.0
2017-05-01,구로구,API_2017_2025,2017,5,2936.0,1927.0,,,,,,,,,,,,,,,,,,,,,,,,,,,,,,,0,45,5,73,3,2,265,0,0,184,0,0,0,22,2021.0
2017-06-01,구로구,API_2017_2025,2017,6,3030.0,2021.0,,,,,,,,,,,,,,,,,,,,,,,,,,,,,,,0,45,5,73,3,2,265,0,0,184,0,0,0,22,2002.0
2017-07-01,구로구,API_2017_2025,2017,7,3157.0,2002.0,,,,,,,,,,,,,,,,,,,,,,,,,,,,,,,0,45,5,73,3,2,265,0,0,184,0,0,0,22,2195.0
2017-08-01,구로구,API_2017_2025,2017,8,3425.0,2195.0,,,,,,,,,,,,,,,,,,,,,,,,,,,,,,,0,45,5,73,3,2,265,0,0,184,0,0,0,22,2060.0
2017-09-01,구로구,API_2017_2025,2017,9,3279.0,2060.0,,,,,,,,,,,,,,,,,,,,,,,,,,,,,,,0,45,5,73,3,2,265,0,0,184,0,0,0,22,2069.0
2017-10-01,구로구,API_2017_2025,2017,10,3252.0,2069.0,,,,,,,,,,,,,,,,,,,,,,,,,,,,,,,0,45,5,73,3,2,265,0,0,184,0,0,0,22,2116.0
2017-11-01,구로구,API_2017_2025,2017,11,3268.0,2116.0,,,,,,,,,,,,,,,,,,,,,,,,,,,,,,,0,45,5,73,3,2,265,0,0,184,0,0,0,22,1951.0
2017-12-01,구로구,API_2017_2025,2017,12,3022.0,1951.0,,,,,,,,,,,,,,,,,,,,,,,,,,,,,,,0,45,5,73,3,2,265,0,0,184,0,0,0,22,2212.0
2018-01-01,구로구,API_2017_2025,2018,1,3394.0,2212.0,,,,,,2926.0,1971.0,,,,,,,,,,,,,,,,,,,,,,,,1,57,7,125,3,1,389,0,0,256,0,0,0,62,2180.0
2018-02-01,구로구,API_2017_2025,2018,2,3319.0,2180.0,,,,,,2535.0,1664.0,,,,,,,,,,,,,,,,,,,,,,,,1,57,7,125,3,1,389,0,0,256,0,0,0,62,1906.0
2018-03-01,구로구,API_2017_2025,2018,3,2982.0,1906.0,,,,,,2985.0,1922.0,,,,,,,,,,,,,,,,,,,,,,,,1,57,7,125,3,1,389,0,0,256,0,0,0,62,2006.0
2018-04-01,구로구,API_2017_2025,2018,4,3140.0,2006.0,,,,,,2936.0,1927.0,,,,,,,,,,,,,,,,,,,,,,,,1,57,7,125,3,1,389,0,0,256,0,0,0,62,1996.0
2018-05-01,구로구,API_2017_2025,2018,5,3032.0,1996.0,,,,,,3030.0,2021.0,434126.9395384615,402237.97443846153,27514.34086153846,4374.624246153846,449663.30393076927,419621.8176346154,428010.3423153846,438495.9375576923,232952.80265384616,70980.46846153846,80926.55952692308,81045.77466538461,-10485.595242307692,,,,,,,,,,,1,57,7,125,3,1,389,0,0,256,0,0,0,62,2218.0
2018-06-01,구로구,API_2017_2025,2018,6,3265.0,2218.0,,,,,,3157.0,2002.0,434057.8936709677,401805.5132451613,27669.424912903225,4582.955506451613,452006.22806129034,416906.4881419355,426282.62179999996,438585.0780580645,227442.4337548387,69053.07630967742,79003.68136774193,79385.67607741935,-12302.456258064525,,,,,,,,,,,1,57,7,125,3,1,389,0,0,256,0,0,0,62,2093.0
2018-07-01,구로구,API_2017_2025,2018,7,3089.0,2093.0,,,,,,3425.0,2195.0,435371.91446,403732.04450333334,27534.5854,4105.284573333333,452610.60051333334,420704.26273333334,429860.13114,439308.90256666666,216805.91483,68036.20273,74513.76853666667,74255.94356333333,-9448.771426666672,,,,,,,,,,,1,57,7,125,3,1,389,0,0,256,0,0,0,62,2353.0
2018-08-01,구로구,API_2017_2025,2018,8,3537.0,2353.0,,,,,,3279.0,2060.0,437417.15586129035,403105.6793967742,29308.786525806452,5002.68994516129,454148.2975322581,422838.6102483871,431773.0722741935,441448.64414193545,219277.7871129032,68947.28698387096,75333.51614193547,74996.98398709677,-9675.571867741934,,,,,,,,,,,1,57,7,125,3,1,389,0,0,256,0,0,0,62,2198.0
2018-09-01,구로구,API_2017_2025,2018,9,3317.0,2198.0,,,,,,3252.0,2069.0,431638.9335354839,397250.38993225805,29683.02791612903,4705.515687096774,445827.5906387097,418195.72637419356,425934.83767419355,434742.9979548387,223293.1841064516,67688.45389354839,78955.08429032257,76649.64592258065,-8808.160280645166,,,,,,,,,,,1,57,7,125,3,1,389,0,0,256,0,0,0,62,2030.0
2018-10-01,구로구,API_2017_2025,2018,10,3109.0,2030.0,,,,,,3268.0,2116.0,431437.77241,398012.6776333333,28998.49643,4426.59832,447246.6084466667,416459.64085333335,424385.12883666664,436475.37495,214278.32560333333,67422.81719,74521.6351,72333.87331333333,-12090.246113333335,,,,,,,,,,,1,57,7,125,3,1,389,0,0,256,0,0,0,62,2101.0
2018-11-01,구로구,API_2017_2025,2018,11,3122.0,2101.0,,,,,,3022.0,1951.0,434365.2361870968,402188.4993193548,27688.027716129032,4488.7091709677425,451229.37299354834,417099.2524290323,426247.8668,439179.6691322581,217762.2971483871,67612.02802903226,76757.09613225806,73393.17298709678,-12931.802332258065,,,,,,,,,,,1,57,7,125,3,1,389,0,0,256,0,0,0,62,2015.0
2018-12-01,구로구,API_2017_2025,2018,12,2936.0,2015.0,,,,,,3394.0,2212.0,433807.15824333334,402220.8818433333,27064.35261,4521.923796666667,448399.98663666664,418903.7507733333,427484.2201966667,438323.54255666665,227653.06061666665,72622.67436666667,78230.96263666666,76799.42361333333,-10839.322359999996,,,,,,,,,,,1,57,7,125,3,1,389,0,0,256,0,0,0,62,2157.0
2019-01-01,구로구,API_2017_2025,2019,1,3306.0,2157.0,,,,,,3319.0,2180.0,438170.0460645161,405881.3774903226,28007.569132258064,4281.099448387097,450071.5187387097,426436.3514129032,433853.66056774196,441253.17857419356,217572.80617741938,69622.45870645161,76140.56267096773,71809.78480000001,-7399.51800645161,,,,,,,,,,,3,28,6,77,8,0,434,0,0,194,0,0,0,17,2023.0
2019-02-01,구로구,API_2017_2025,2019,2,3082.0,2023.0,,,,,,2982.0,1906.0,440481.73311290325,406305.1010580645,29343.67008387097,4832.96199032258,455460.8204354838,427212.86107096775,436673.7848129032,443201.6962064516,229866.9007967742,72870.6154935484,80776.7861483871,76219.4991548387,-6527.911393548388,,,,,,,,,,,3,28,6,77,8,0,434,0,0,194,0,0,0,17,1690.0
2019-03-01,구로구,API_2017_2025,2019,3,2618.0,1690.0,,,,,,3140.0,2006.0,430800.2256464286,394090.140575,31183.513335714288,5526.571735714286,443841.71795714286,419537.47594285716,426793.87438571424,433661.90511785715,219039.47518928573,70305.57537142858,76760.26798928573,71973.63182857142,-6868.030732142854,,,,,,,,,,,3,28,6,77,8,0,434,0,0,194,0,0,0,17,1916.0
2019-04-01,구로구,API_2017_2025,2019,4,2985.0,1916.0,,,,,,3032.0,1996.0,430750.98191612907,399338.04359032254,27518.377916129033,3894.5604322580643,443193.1898483871,419550.14424516127,426290.6248967742,433936.95121612906,206739.74272903227,64672.60442258065,71913.35630645162,70153.782,-7646.326319354836,,,,,,,,,,,3,28,6,77,8,0,434,0,0,194,0,0,0,17,1989.0
2019-05-01,구로구,API_2017_2025,2019,5,3017.0,1989.0,,,,,,3265.0,2218.0,423724.8230066667,393964.4558,26420.36231,3340.00491,436530.5753233333,409308.45865333336,417549.77175,428135.5738966667,225708.52646999998,70591.53245999999,77988.53781333333,77128.45619666667,-10585.802146666661,,,,,,,,,,,3,28,6,77,8,0,434,0,0,194,0,0,0,17,1992.0
2019-06-01,구로구,API_2017_2025,2019,6,3123.0,1992.0,,,,,,3089.0,2093.0,409069.70350967743,379739.8903387097,25749.664190322583,3580.1489870967744,422182.3192677419,393538.4990516129,401614.86439677415,414394.5885935484,205855.54004838708,64266.2478,72335.65406451613,69253.63818387096,-12779.724196774192,,,,,,,,,,,3,28,6,77,8,0,434,0,0,194,0,0,0,17,1961.0
2019-07-01,구로구,API_2017_2025,2019,7,2972.0,1961.0,,,,,,3537.0,2353.0,410445.84968,380883.5812933333,26126.875923333333,3435.392456666667,422951.2735633334,398214.38237,404803.01972333336,414476.4424966667,198725.63197,62057.64681666667,70209.66642333333,66458.31873,-9673.422773333332,,,,,,,,,,,3,28,6,77,8,0,434,0,0,194,0,0,0,17,2214.0
2019-08-01,구로구,API_2017_2025,2019,8,3430.0,2214.0,,,,,,3317.0,2198.0,417284.6151516129,385493.44263225805,27802.382812903226,3988.789729032258,429264.7661806452,404300.34943548386,411262.0678451613,421586.4346516129,192701.31893870968,60943.37798387097,66747.7566451613,65010.18430967742,-10324.366806451611,,,,,,,,,,,3,28,6,77,8,0,434,0,0,194,0,0,0,17,2085.0
2019-09-01,구로구,API_2017_2025,2019,9,3264.0,2085.0,,,,,,3109.0,2030.0,429355.99896774197,395575.43380322575,29514.691661290322,4265.873496774194,442716.8562967742,416402.23788709677,423959.105083871,433210.92316451616,205625.73935806451,66507.00379032257,70356.14268387097,68762.59288387097,-9251.818080645158,,,,,,,,,,,3,28,6,77,8,0,434,0,0,194,0,0,0,17,2104.0
2019-10-01,구로구,API_2017_2025,2019,10,3276.0,2104.0,,,,,,3122.0,2101.0,429968.34908333333,397155.47888,28280.965036666665,4531.905163333333,441664.55461,419259.6689,426167.2134366667,432683.44598,214337.57445666665,70905.09231666666,71674.61040666667,71757.87173333332,-6516.232543333325,,,,,,,,,,,3,28,6,77,8,0,434,0,0,194,0,0,0,17,1995.0
2019-11-01,구로구,API_2017_2025,2019,11,3131.0,1995.0,,,,,,2936.0,2015.0,427159.62466451613,396420.5999209677,26274.850858064514,4464.173888709678,437706.4062629032,414039.27842741937,421526.7640258065,431183.0965290323,217894.98933709678,71225.33331290323,72439.4657548387,74230.19026935483,-9656.33250322582,,,,,,,,,,,3,28,6,77,8,0,434,0,0,194,0,0,0,17,1889.0
2019-12-01,구로구,API_2017_2025,2019,12,2991.0,1889.0,,,,,,3306.0,2157.0,425554.3749333333,395378.14509,25758.928983333335,4417.30085,437964.56875333335,411998.2285466667,419349.7871833333,429986.2233233333,210189.60721333334,69471.26303666667,69853.19124666667,70865.15293000001,-10636.43614,,,,,,,,,,,3,28,6,77,8,0,434,0,0,194,0,0,0,17,2076.0
2020-01-01,구로구,API_2017_2025,2020,1,3079.0,2076.0,,,,,,3082.0,2023.0,430861.9223129033,399702.9986967742,26982.13749032258,4176.7861354838715,441704.73366774194,420132.0418129032,426425.6201935484,434030.70955483866,219841.4281419355,72570.31383870967,73679.8951483871,73591.21915483872,-7605.089361290322,1020385.0,665822.0,354563.0,0.3475,,1343972.0,928918.0,415054.0,0.3088,,0,66,3,74,1,0,304,0,0,166,0,0,0,17,1989.0
2020-02-01,구로구,API_2017_2025,2020,2,2965.0,1989.0,,,,,,2618.0,1690.0,433368.53002903226,397170.12055161287,30678.144777419355,5520.26470967742,444996.5282516129,421729.13496451615,428462.3976,436872.9103451613,215760.72471290323,71904.52912258064,72715.17046129033,71141.02512903226,-8410.512745161299,1020385.0,665822.0,354563.0,0.3475,,1343972.0,928918.0,415054.0,0.3088,,0,66,3,74,1,0,304,0,0,166,0,0,0,17,1484.0
2020-03-01,구로구,API_2017_2025,2020,3,2369.0,1484.0,,,,,,2985.0,1916.0,436501.50665862067,400042.0570862069,30304.06632758621,6155.383237931034,445656.6731068965,426386.0711862069,431734.25568620686,439906.68592758616,202961.78612068968,63468.77385172414,72083.37510344827,67409.63716551724,-8172.430241379307,1020385.0,665822.0,354563.0,0.3475,,1343972.0,928918.0,415054.0,0.3088,,0,66,3,74,1,0,304,0,0,166,0,0,0,17,1414.0
2020-04-01,구로구,API_2017_2025,2020,4,2413.0,1414.0,,,,,,3017.0,1989.0,427032.8062064516,393880.6156677419,29116.983196774192,4035.207335483871,437183.096432258,414693.1194419355,420677.5211935484,431572.2954935484,189717.315,55060.88309032258,74285.1049032258,60371.32700645161,-10894.774300000008,1020385.0,665822.0,354563.0,0.3475,,1343972.0,928918.0,415054.0,0.3088,,0,66,3,74,1,0,304,0,0,166,0,0,0,17,1473.0
2020-05-01,구로구,API_2017_2025,2020,5,2525.0,1473.0,,,,,,3123.0,1992.0,423779.90091,390622.83844666666,29191.25791333333,3965.8045533333334,434547.85515666666,410643.59937333333,416718.1177333333,428824.03175333334,200360.60608333335,58908.84612333333,77286.64003666668,64165.11992333333,-12105.914019999997,1020385.0,665822.0,354563.0,0.3475,,1343972.0,928918.0,415054.0,0.3088,,0,66,3,74,1,0,304,0,0,166,0,0,0,17,1684.0
2020-06-01,구로구,API_2017_2025,2020,6,2835.0,1684.0,,,,,,2972.0,1961.0,420758.6426516129,387168.7259129032,30137.72430645161,3452.1924387096774,431976.7252096774,408450.95123548387,414085.1281096774,425525.43876451615,199192.48730322582,60221.53575806452,75507.81431290323,63463.137232258065,-11440.310654838713,1020385.0,665822.0,354563.0,0.3475,,1343972.0,928918.0,415054.0,0.3088,,0,66,3,74,1,0,304,0,0,166,0,0,0,17,1700.0
2020-07-01,구로구,API_2017_2025,2020,7,2935.0,1700.0,,,,,,3430.0,2214.0,420031.24747,386784.21587666665,29653.74811333333,3593.2834900000003,430903.5192733333,408345.37307,413593.0799933334,424629.93852333335,204225.32088,62117.205136666664,75467.04657,66641.06917333334,-11036.858529999998,1020385.0,665822.0,354563.0,0.3475,,1343972.0,928918.0,415054.0,0.3088,,0,66,3,74,1,0,304,0,0,166,0,0,0,17,1812.0
2020-08-01,구로구,API_2017_2025,2020,8,3133.0,1812.0,,,,,,3264.0,2085.0,422903.2487516129,386612.968083871,29510.749729032257,6779.530948387097,433568.908016129,411458.4016612903,417004.83687096776,427116.40010645165,202994.55298709677,61882.98913548388,74910.39495806451,66201.16889354838,-10111.56323548387,1020385.0,665822.0,354563.0,0.3475,,1343972.0,928918.0,415054.0,0.3088,,0,66,3,74,1,0,304,0,0,166,0,0,0,17,1675.0
2020-09-01,구로구,API_2017_2025,2020,9,3192.0,1675.0,,,,,,3276.0,2104.0,420090.1677903226,383501.27520967746,29978.039458064515,6610.853119354839,430357.8288870968,409174.20492903225,414246.53811612906,424264.1890032258,194506.34413548387,57537.75262580645,75061.75817741935,61906.833332258066,-10017.65088709678,1020385.0,665822.0,354563.0,0.3475,,1343972.0,928918.0,415054.0,0.3088,,0,66,3,74,1,0,304,0,0,166,0,0,0,17,1574.0
2020-10-01,구로구,API_2017_2025,2020,10,2873.0,1574.0,,,,,,3131.0,1995.0,423570.3103333333,388333.79690666666,28862.875123333335,6373.6383166666665,434315.3471566666,412053.62583333335,417349.3600733334,428013.8462433333,195603.39532333333,57727.49018333333,75458.02822333334,62417.87691666667,-10664.48617,1020385.0,665822.0,354563.0,0.3475,,1343972.0,928918.0,415054.0,0.3088,,0,66,3,74,1,0,304,0,0,166,0,0,0,17,1707.0
2020-11-01,구로구,API_2017_2025,2020,11,3030.0,1707.0,,,,,,2991.0,1889.0,423455.75491290324,384385.2549580645,28898.81259032258,10171.68738064516,436025.1064,409475.2371451613,416103.35659354844,428707.46800967737,201405.38636451613,61151.597712903225,76601.00008709678,63652.78856451613,-12604.111416129024,1020385.0,665822.0,354563.0,0.3475,,1343972.0,928918.0,415054.0,0.3088,,0,66,3,74,1,0,304,0,0,166,0,0,0,17,1542.0
2020-12-01,구로구,API_2017_2025,2020,12,2755.0,1542.0,,,,,,3079.0,2076.0,420756.4421266667,386830.67820666666,28655.085863333334,5270.678056666667,433447.37482666667,408723.28018,415007.06129,424863.14271333336,205047.25373333332,62841.09486,76072.29309333333,66133.86578000001,-9856.081423333331,1020385.0,665822.0,354563.0,0.3475,,1343972.0,928918.0,415054.0,0.3088,,0,66,3,74,1,0,304,0,0,166,0,0,0,17,1417.0
2021-01-01,구로구,건별집계|API_2017_2025,2021,1,2611.0,1417.0,,,,,,2965.0,1989.0,421763.2395354839,387649.9008354839,28818.279548387094,5295.059141935484,432340.44795483875,410861.56697419356,416347.0982806452,425631.9118483871,189175.0590451613,55466.5257516129,74625.55446129032,59082.978832258064,-9284.813567741932,1008824.0,664129.0,344695.0,0.3417,,1326737.0,928558.0,398179.0,0.3001,,0,18,2,43,6,2,198,0,0,110,0,0,1,12,893.0
2021-02-01,구로구,건별집계|API_2017_2025,2021,2,1524.0,893.0,508.0,123.0,671.0,827.0,26.0,2369.0,1484.0,424157.9844032258,388397.9881645161,30487.770732258065,5272.22550967742,434462.68827096774,413572.9165806452,418919.05183225806,427900.07909677416,193205.33046451613,56527.687900000004,77730.41777741937,58947.22478709678,-8981.027264516133,1008824.0,664129.0,344695.0,0.3417,,1326737.0,928558.0,398179.0,0.3001,,0,18,2,43,6,2,198,0,0,110,0,0,1,12,790.0
2021-03-01,구로구,건별집계|API_2017_2025,2021,3,1428.0,790.0,552.0,86.0,659.0,734.0,35.0,2413.0,1414.0,420510.4774535714,383991.3014107143,30819.640196428572,5699.5358642857145,430675.0669678571,408233.5016142857,414216.14970357146,425006.4258678571,199970.89287857144,60708.79608571429,78103.19042500001,61158.90636785714,-10790.276164285708,1008824.0,664129.0,344695.0,0.3417,,1326737.0,928558.0,398179.0,0.3001,,0,18,2,43,6,2,198,0,0,110,0,0,1,12,963.0
2021-04-01,구로구,건별집계|API_2017_2025,2021,4,1658.0,963.0,599.0,96.0,801.0,809.0,48.0,2525.0,1473.0,419381.7620290323,384631.07045161293,29302.64163548387,5448.049951612903,430112.660083871,406306.37342580647,412516.1476677419,424285.77228387096,200969.75,60928.179851612906,76829.69070645161,63211.87944193549,-11769.624616129027,1008824.0,664129.0,344695.0,0.3417,,1326737.0,928558.0,398179.0,0.3001,,0,18,2,43,6,2,198,0,0,110,0,0,1,12,963.0
2021-05-01,구로구,건별집계|API_2017_2025,2021,5,1725.0,963.0,632.0,130.0,744.0,938.0,43.0,2835.0,1684.0,416376.37525333336,381863.68381,29039.481336666668,5473.210123333333,428416.4096866667,401946.66657,408946.41479666665,421683.48986333335,210762.05253,63293.53506666667,80942.84922,66525.66824333333,-12737.075066666666,1008824.0,664129.0,344695.0,0.3417,,1326737.0,928558.0,398179.0,0.3001,,0,18,2,43,6,2,198,0,0,110,0,0,1,12,1149.0
2021-06-01,구로구,건별집계|API_2017_2025,2021,6,1859.0,1149.0,572.0,138.0,874.0,917.0,68.0,2935.0,1700.0,416545.95567096776,379617.56387741934,29818.29551935484,7110.096267741936,429231.3877387097,401918.0514548387,408661.8679193549,422177.44691612903,200927.98983870968,60335.25905806452,78814.7080516129,61778.02272903226,-13515.578996774195,1008824.0,664129.0,344695.0,0.3417,,1326737.0,928558.0,398179.0,0.3001,,0,18,2,43,6,2,198,0,0,110,0,0,1,12,1209.0
2021-07-01,구로구,건별집계|API_2017_2025,2021,7,2012.0,1209.0,663.0,140.0,934.0,997.0,81.0,3133.0,1812.0,418097.63535666664,382563.60318,29780.7768,5753.255383333333,430787.1621166666,404679.93239,411316.1185433333,422941.57594333333,209292.63567333334,63427.188070000004,79992.81679333333,65872.63081,-11625.457399999996,1008824.0,664129.0,344695.0,0.3417,,1326737.0,928558.0,398179.0,0.3001,,0,18,2,43,6,2,198,0,0,110,0,0,1,12,1247.0
2021-08-01,구로구,건별집계|API_2017_2025,2021,8,2106.0,1247.0,662.0,197.0,1011.0,1013.0,82.0,3192.0,1675.0,418062.03972580645,380546.8570096774,30824.8138,6690.3689129032255,430040.13846129033,404602.76170000003,410990.2151064516,423113.34302258067,196908.9757580645,58151.353022580646,77819.01550000001,60938.60723548387,-12123.12791612904,1008824.0,664129.0,344695.0,0.3417,,1326737.0,928558.0,398179.0,0.3001,,0,18,2,43,6,2,198,0,0,110,0,0,1,12,1213.0
2021-09-01,구로구,건별집계|API_2017_2025,2021,9,1978.0,1213.0,667.0,98.0,1047.0,870.0,61.0,2873.0,1574.0,414938.22687741934,378338.8941354839,31599.557651612904,4999.775096774193,427540.5720354839,400521.8593193549,407307.3733032258,420388.83657741937,191743.4148129032,56371.03246129032,76317.54053225806,59054.841819354835,-13081.463274193538,1008824.0,664129.0,344695.0,0.3417,,1326737.0,928558.0,398179.0,0.3001,,0,18,2,43,6,2,198,0,0,110,0,0,1,12,1442.0
2021-10-01,구로구,건별집계|API_2017_2025,2021,10,2318.0,1442.0,748.0,128.0,1221.0,1013.0,84.0,3030.0,1707.0,415835.5420966667,379181.77866666665,32114.68181,4539.081613333333,429289.46619999997,400497.40452333336,407390.24012333335,421867.9006633333,194090.41969333336,58791.29531333333,75600.08778333334,59699.036596666665,-14477.660540000004,1008824.0,664129.0,344695.0,0.3417,,1326737.0,928558.0,398179.0,0.3001,,0,18,2,43,6,2,198,0,0,110,0,0,1,12,1293.0
2021-11-01,구로구,건별집계|API_2017_2025,2021,11,2135.0,1293.0,711.0,131.0,1083.0,965.0,87.0,2755.0,1542.0,417784.6531032258,380592.39321612904,31374.67941935484,5817.580477419356,432972.6390354839,400018.5003451613,407742.58992258064,424957.55538387096,193804.87780322583,57442.526683870965,76426.51919354837,59935.83192580645,-17214.965461290332,1008824.0,664129.0,344695.0,0.3417,,1326737.0,928558.0,398179.0,0.3001,,0,18,2,43,6,2,198,0,0,110,0,0,1,12,1171.0
2021-12-01,구로구,건별집계|API_2017_2025,2021,12,2063.0,1171.0,770.0,122.0,1126.0,814.0,123.0,2611.0,1417.0,421450.26769999997,383395.02979,30991.794953333334,7063.442956666667,435715.27158,405772.33571666665,413381.58509666665,427213.6124133334,206907.01791666666,63883.02206333333,77687.92044666667,65336.07540666666,-13832.02731666667,1008824.0,664129.0,344695.0,0.3417,,1326737.0,928558.0,398179.0,0.3001,,0,18,2,43,6,2,198,0,0,110,0,0,1,12,1095.0
2022-01-01,구로구,건별집계|API_2017_2025|xlsx_2022_2024,2022,1,2085.0,1095.0,860.0,130.0,1291.0,549.0,245.0,1524.0,893.0,424275.4591806452,386146.3427032258,31448.191477419354,6680.924996774194,435974.96461612906,410964.42792580643,417685.70956129034,428982.4232129032,198753.04228064517,60625.297722580646,74683.74811290322,63443.99644516129,-11296.71365161291,1091918.0,715754.0,376164.0,0.3445,114891.0,1179486.0,829330.0,350156.0,0.2969,136054.0,1,8,0,54,3,0,193,0,0,73,0,0,0,7,1086.0
2022-02-01,구로구,건별집계|xlsx_2022_2024,2022,2,1919.0,1086.0,700.0,133.0,993.0,848.0,78.0,1428.0,790.0,424576.06371935486,384720.0697580645,33549.000058064514,6306.993903225806,436461.69731612905,410529.7942225806,417289.32902258064,429780.8742193548,198539.63193870967,60948.4295516129,75138.27023548387,62452.9321516129,-12491.545196774201,1091918.0,715754.0,376164.0,0.3445,114891.0,1179486.0,829330.0,350156.0,0.2969,136054.0,1,8,0,54,3,0,193,0,0,73,0,0,0,7,1058.0
2022-03-01,구로구,건별집계|xlsx_2022_2024,2022,3,1961.0,1058.0,792.0,111.0,1000.0,867.0,94.0,1658.0,963.0,423563.862875,386203.09725,33113.654871428575,4247.110767857143,435468.5035357143,409903.68961071427,416551.3019928572,428572.83495,194646.93815,58087.16974642857,76340.52868928571,60219.239714285715,-12021.53295714286,1091918.0,715754.0,376164.0,0.3445,114891.0,1179486.0,829330.0,350156.0,0.2969,136054.0,1,8,0,54,3,0,193,0,0,73,0,0,0,7,1204.0
2022-04-01,구로구,건별집계|xlsx_2022_2024,2022,4,2582.0,1204.0,1274.0,104.0,1280.0,1228.0,74.0,1725.0,963.0,423091.0342064516,386217.62217419356,32062.624403225807,4810.787629032257,435014.71522580646,408734.1162290323,415518.0859935484,428500.2829096774,186904.06344516127,55020.05348064516,73483.0889516129,58400.92101290323,-12982.196916129029,1091918.0,715754.0,376164.0,0.3445,114891.0,1179486.0,829330.0,350156.0,0.2969,136054.0,1,8,0,54,3,0,193,0,0,73,0,0,0,7,1124.0
2022-05-01,구로구,건별집계|xlsx_2022_2024,2022,5,2140.0,1124.0,893.0,123.0,1052.0,1026.0,62.0,1859.0,1149.0,418503.98202999996,381880.02866333333,31367.876863333335,5256.07651,433278.9816066667,400719.82705333334,408817.69945333333,425422.75530333334,203199.28384000002,61385.637819999996,77398.06458,64415.581439999994,-16605.05585,1091918.0,715754.0,376164.0,0.3445,114891.0,1179486.0,829330.0,350156.0,0.2969,136054.0,1,8,0,54,3,0,193,0,0,73,0,0,0,7,1247.0
2022-06-01,구로구,건별집계|xlsx_2022_2024,2022,6,2085.0,1247.0,714.0,124.0,1025.0,1027.0,33.0,2012.0,1209.0,421402.1650290323,384078.8912129032,31045.131848387096,6278.141970967742,436491.246483871,402805.26023225806,411157.1925774194,428720.0025032258,204841.96908709678,63611.6678451613,76398.2467,64832.05454193548,-17562.809925806454,1091918.0,715754.0,376164.0,0.3445,114891.0,1179486.0,829330.0,350156.0,0.2969,136054.0,1,8,0,54,3,0,193,0,0,73,0,0,0,7,1121.0
2022-07-01,구로구,건별집계|xlsx_2022_2024,2022,7,1992.0,1121.0,709.0,162.0,946.0,992.0,54.0,2106.0,1247.0,427158.5077533333,390712.0278666666,31723.081869999998,4723.3980366666665,442509.5244066667,410913.7706333333,418568.36242666666,433294.32583000005,206525.80422333334,64184.152233333334,76747.14553333333,65594.50645666667,-14725.963403333333,1091918.0,715754.0,376164.0,0.3445,114891.0,1179486.0,829330.0,350156.0,0.2969,136054.0,1,8,0,54,3,0,193,0,0,73,0,0,0,7,1289.0
2022-08-01,구로구,건별집계|xlsx_2022_2024,2022,8,2270.0,1289.0,810.0,171.0,1100.0,1115.0,55.0,1978.0,1213.0,418250.2352677419,381615.1025225806,31493.18850967742,5141.944238709677,431685.6126548387,403054.20613548387,409656.0428064516,424388.9441709678,197402.8844354839,61835.76664516129,73684.32623548387,61882.79155483871,-14732.901364516127,1091918.0,715754.0,376164.0,0.3445,114891.0,1179486.0,829330.0,350156.0,0.2969,136054.0,1,8,0,54,3,0,193,0,0,73,0,0,0,7,1359.0
2022-09-01,구로구,건별집계|xlsx_2022_2024,2022,9,2402.0,1359.0,917.0,126.0,1210.0,1146.0,46.0,2318.0,1442.0,414125.4692032258,377332.68952258065,31576.465141935485,5216.314554838709,429145.52222580643,397936.37253548385,405225.0456,420482.9146193548,195102.7923483871,60301.97528064516,73746.55669354838,61054.260374193545,-15257.869019354846,1091918.0,715754.0,376164.0,0.3445,114891.0,1179486.0,829330.0,350156.0,0.2969,136054.0,1,8,0,54,3,0,193,0,0,73,0,0,0,7,1263.0
2022-10-01,구로구,건별집계|xlsx_2022_2024,2022,10,2161.0,1263.0,787.0,111.0,1043.0,1067.0,51.0,2135.0,1293.0,413288.53979,378147.49024,31155.838273333335,3985.2112733333333,427493.7835333334,396779.73096666666,404303.74221,419706.2523433333,198351.17851,63665.48939333333,73140.33808,61545.35103666667,-15402.510133333333,1091918.0,715754.0,376164.0,0.3445,114891.0,1179486.0,829330.0,350156.0,0.2969,136054.0,1,8,0,54,3,0,193,0,0,73,0,0,0,7,1251.0
2022-11-01,구로구,건별집계|xlsx_2022_2024,2022,11,2000.0,1251.0,646.0,103.0,1006.0,963.0,31.0,2063.0,1171.0,414579.019,378722.2631806452,30237.83018064516,5618.925651612903,431425.0671806451,395036.18707419356,403460.6613290323,422520.7030580645,193487.72738709676,61313.79123225807,72422.32409354839,59751.612061290325,-19060.04172903226,1091918.0,715754.0,376164.0,0.3445,114891.0,1179486.0,829330.0,350156.0,0.2969,136054.0,1,8,0,54,3,0,193,0,0,73,0,0,0,7,1296.0
2022-12-01,구로구,건별집계|xlsx_2022_2024,2022,12,2107.0,1296.0,688.0,123.0,1042.0,1015.0,50.0,2085.0,1095.0,420367.0853833333,385142.53276,30132.198663333333,5092.3539599999995,436077.81732666667,403444.48139666667,411686.5879666667,426567.4406766667,208613.44410666666,66184.60708666667,76167.95018666667,66260.88683333334,-14880.852709999996,1091918.0,715754.0,376164.0,0.3445,114891.0,1179486.0,829330.0,350156.0,0.2969,136054.0,1,8,0,54,3,0,193,0,0,73,0,0,0,7,1335.0
2021-01-01,금천구,건별집계,2021,1,,,,,,,,,,239628.59762903224,220322.19809032258,17079.593974193547,2226.8055548387097,260092.4942903226,220981.69508064518,256326.51568064519,227701.51331612904,140011.9971032258,50097.86640645161,43713.42239354838,46200.7083032258,28625.002364516124,634119.0,452689.0,181430.0,0.2861,,448905.0,346745.0,102160.0,0.2276,,0,27,0,30,19,0,91,0,0,78,0,0,0,3,603.0
2021-02-01,금천구,건별집계,2021,2,1094.0,603.0,377.0,114.0,455.0,610.0,29.0,,,241209.9010516129,220848.62836451613,17806.940090322583,2554.3326032258065,261565.29762903225,223049.8310548387,257789.73181290325,229367.16480967743,142541.75383225808,50871.9901483871,45312.86429677419,46356.899387096775,28422.567003225802,634119.0,452689.0,181430.0,0.2861,,448905.0,346745.0,102160.0,0.2276,,0,27,0,30,19,0,91,0,0,78,0,0,0,3,490.0
2021-03-01,금천구,건별집계,2021,3,962.0,490.0,388.0,84.0,409.0,511.0,42.0,,,237797.51522142856,218171.16511428572,17732.711160714283,1893.638975,258747.90048928573,218809.74945357142,254159.17266071428,226110.617075,146084.63115,52548.82639642857,45867.639182142855,47668.165571428566,28048.555585714294,634119.0,452689.0,181430.0,0.2861,,448905.0,346745.0,102160.0,0.2276,,0,27,0,30,19,0,91,0,0,78,0,0,0,3,601.0
2021-04-01,금천구,건별집계,2021,4,1160.0,601.0,440.0,119.0,499.0,628.0,33.0,,,239229.3523129032,220459.59258387095,16617.37910645161,2152.3806193548385,261659.5489,217748.0162516129,257492.77478064515,226184.05053870968,148408.5149096774,53460.45571935484,44887.638032258066,50060.42115806452,31308.724241935484,634119.0,452689.0,181430.0,0.2861,,448905.0,346745.0,102160.0,0.2276,,0,27,0,30,19,0,91,0,0,78,0,0,0,3,643.0
2021-05-01,금천구,건별집계,2021,5,1225.0,643.0,493.0,89.0,504.0,685.0,36.0,,,237178.15058333334,218919.24813333334,16228.693529999999,2030.20893,260642.50128333332,214190.17552333334,255680.67344,223962.06282666666,156145.73247333334,56112.44540666667,47055.79223333333,52977.49483333333,31718.610613333338,634119.0,452689.0,181430.0,0.2861,,448905.0,346745.0,102160.0,0.2276,,0,27,0,30,19,0,91,0,0,78,0,0,0,3,683.0
2021-06-01,금천구,건별집계,2021,6,1277.0,683.0,466.0,128.0,527.0,698.0,52.0,,,234308.7499,215058.94633225806,16448.15008387097,2801.6534870967744,255545.39671290322,213885.63732580646,249870.49048387096,223193.22092258066,144724.74228064518,51316.985467741935,45373.934145161285,48033.82266774194,26677.269561290326,634119.0,452689.0,181430.0,0.2861,,448905.0,346745.0,102160.0,0.2276,,0,27,0,30,19,0,91,0,0,78,0,0,0,3,723.0
2021-07-01,금천구,건별집계,2021,7,1392.0,723.0,518.0,151.0,593.0,755.0,44.0,,,236722.94097999998,218264.78822333334,16297.76884,2160.383906666667,260822.05625,213589.57349666668,255188.92232666668,223532.95430666668,153992.31811333334,55947.480820000004,46026.47621666666,52018.36107666666,31655.968019999997,634119.0,452689.0,181430.0,0.2861,,448905.0,346745.0,102160.0,0.2276,,0,27,0,30,19,0,91,0,0,78,0,0,0,3,744.0
2021-08-01,금천구,건별집계,2021,8,1390.0,744.0,521.0,125.0,589.0,760.0,41.0,,,236791.4031096774,217154.70077419357,16952.24795483871,2684.454380645161,258772.88963225804,214255.95337096773,254207.65971290323,224351.21982258066,147151.6255419355,52688.554106451615,45182.59057096774,49280.48086451613,29856.439890322577,634119.0,452689.0,181430.0,0.2861,,448905.0,346745.0,102160.0,0.2276,,0,27,0,30,19,0,91,0,0,78,0,0,0,3,762.0
2021-09-01,금천구,건별집계,2021,9,1321.0,762.0,469.0,90.0,635.0,654.0,32.0,,,234568.4790064516,215663.43371935483,17198.928296774193,1706.116993548387,254948.5566935484,213723.05032903227,250175.3815064516,223420.6914967742,143272.86670322582,50329.14837096774,45900.96861290323,47042.74971935484,26754.69000967742,634119.0,452689.0,181430.0,0.2861,,448905.0,346745.0,102160.0,0.2276,,0,27,0,30,19,0,91,0,0,78,0,0,0,3,773.0
2021-10-01,금천구,건별집계,2021,10,1339.0,773.0,472.0,94.0,640.0,676.0,23.0,,,235739.53132333333,216591.87761999998,17255.72398,1891.9297233333334,255784.94895333334,215967.34045333334,250952.09209,224873.41649666667,145535.73074,51863.47448,46368.759843333326,47303.49641666667,26078.675593333333,634119.0,452689.0,181430.0,0.2861,,448905.0,346745.0,102160.0,0.2276,,0,27,0,30,19,0,91,0,0,78,0,0,0,3,746.0
2021-11-01,금천구,건별집계,2021,11,1302.0,746.0,465.0,91.0,623.0,648.0,31.0,,,236643.04970967743,217430.40238387097,16839.077306451614,2373.5700096774194,256176.84812903227,217078.06708064515,250912.71423548387,226450.43218387096,144081.54331290323,50442.30249354839,46350.376848387095,47288.863970967745,24462.282051612903,634119.0,452689.0,181430.0,0.2861,,448905.0,346745.0,102160.0,0.2276,,0,27,0,30,19,0,91,0,0,78,0,0,0,3,729.0
2021-12-01,금천구,건별집계,2021,12,1335.0,729.0,524.0,82.0,666.0,569.0,100.0,,,240887.67282333333,222297.95235666668,16476.590836666666,2113.1296466666668,263855.28695333336,218307.98092666667,259121.89582,227863.22784666668,156319.61268666666,56877.20785666667,47030.67924,52411.72559,31258.667973333333,634119.0,452689.0,181430.0,0.2861,,448905.0,346745.0,102160.0,0.2276,,0,27,0,30,19,0,91,0,0,78,0,0,0,3,694.0
2022-01-01,금천구,건별집계|API_2017_2025|xlsx_2022_2024,2022,1,1315.0,694.0,540.0,81.0,748.0,384.0,183.0,1094.0,603.0,242336.23847096774,223034.70615483873,16754.084493548387,2547.447816129032,264597.35342258064,221019.13577419354,260157.35197419356,229606.87167419356,150671.71567096774,54627.21748064516,45888.78370967742,50155.71448064516,30550.4803,668275.0,472584.0,195691.0,0.2928,74036.0,442206.0,344165.0,98041.0,0.2217,31380.0,0,20,0,58,23,0,66,0,0,73,0,0,0,1,660.0
2022-02-01,금천구,건별집계|xlsx_2022_2024,2022,2,1195.0,660.0,446.0,89.0,594.0,519.0,82.0,962.0,490.0,240788.27797419357,220876.7132935484,17624.23276129032,2287.3319193548386,261854.94743870967,220924.1464580645,256943.70169032257,229248.6896096774,147558.99307419354,53596.91927419355,45569.00772580645,48393.06607419354,27695.012080645163,668275.0,472584.0,195691.0,0.2928,74036.0,442206.0,344165.0,98041.0,0.2217,31380.0,0,20,0,58,23,0,66,0,0,73,0,0,0,1,730.0
2022-03-01,금천구,건별집계|xlsx_2022_2024,2022,3,1318.0,730.0,500.0,88.0,707.0,547.0,64.0,1160.0,601.0,239688.46341071426,219856.45260714288,17536.364485714286,2295.646325,259096.99154285714,221016.15382142857,254487.4457607143,229117.76173571427,141526.30251785714,50336.32461785715,44925.509789285716,46264.46811071428,25369.684025,668275.0,472584.0,195691.0,0.2928,74036.0,442206.0,344165.0,98041.0,0.2217,31380.0,0,20,0,58,23,0,66,0,0,73,0,0,0,1,711.0
2022-04-01,금천구,건별집계|xlsx_2022_2024,2022,4,1682.0,711.0,864.0,107.0,837.0,807.0,38.0,1225.0,643.0,237066.60091935482,218446.97743548386,16845.62048064516,1774.0030032258064,255475.83735483873,219129.81738709676,251222.43684516128,226955.2895354839,135134.40629354838,47452.333667741936,43025.345487096776,44656.72713870968,24267.147309677417,668275.0,472584.0,195691.0,0.2928,74036.0,442206.0,344165.0,98041.0,0.2217,31380.0,0,20,0,58,23,0,66,0,0,73,0,0,0,1,748.0
2022-05-01,금천구,건별집계|xlsx_2022_2024,2022,5,1415.0,748.0,577.0,90.0,678.0,705.0,32.0,1277.0,683.0,236623.07222333332,218760.49230666665,16347.502896666667,1515.0770233333335,257203.5312,216868.99765333335,251523.47550333335,225979.92703,146904.1127633333,52901.61196333333,44188.391809999994,49814.10899,25543.54847333334,668275.0,472584.0,195691.0,0.2928,74036.0,442206.0,344165.0,98041.0,0.2217,31380.0,0,20,0,58,23,0,66,0,0,73,0,0,0,1,766.0
2022-06-01,금천구,건별집계|xlsx_2022_2024,2022,6,1412.0,766.0,525.0,121.0,639.0,746.0,27.0,1392.0,723.0,237933.20639032256,220118.83883548385,16111.501483870969,1702.866070967742,259092.1158129032,217873.7077064516,252796.4339935484,227316.6152483871,147619.88370322582,53584.31494516129,44149.40644516129,49886.16231290322,25479.818745161294,668275.0,472584.0,195691.0,0.2928,74036.0,442206.0,344165.0,98041.0,0.2217,31380.0,0,20,0,58,23,0,66,0,0,73,0,0,0,1,820.0
2022-07-01,금천구,건별집계|xlsx_2022_2024,2022,7,1407.0,820.0,455.0,132.0,656.0,726.0,25.0,1390.0,744.0,240470.61237666666,222271.1976,16370.88498,1828.52979,262391.7092766667,220275.36240666668,255919.24407,229435.87546333333,146966.03040333334,53703.93305666666,43198.34008333333,50063.75726333333,26483.368606666667,668275.0,472584.0,195691.0,0.2928,74036.0,442206.0,344165.0,98041.0,0.2217,31380.0,0,20,0,58,23,0,66,0,0,73,0,0,0,1,815.0
2022-08-01,금천구,건별집계|xlsx_2022_2024,2022,8,1531.0,815.0,579.0,137.0,718.0,782.0,31.0,1321.0,762.0,236805.00617419355,218173.31541935483,16427.772996774194,2203.9177548387097,257539.3977967742,217653.17200967742,251870.18996451612,226044.16061612903,141758.80367419354,52341.53480645161,41327.55727741936,48089.711590322586,25826.0293483871,668275.0,472584.0,195691.0,0.2928,74036.0,442206.0,344165.0,98041.0,0.2217,31380.0,0,20,0,58,23,0,66,0,0,73,0,0,0,1,876.0
2022-09-01,금천구,건별집계|xlsx_2022_2024,2022,9,1618.0,876.0,649.0,93.0,812.0,768.0,38.0,1339.0,773.0,234954.05620000002,216342.71930967743,16548.667606451614,2062.6692677419355,255607.97717419354,216305.52756774196,249655.22828387097,224453.21900967744,140943.7141483871,51560.8429516129,41750.12906451613,47632.74213225806,25202.00927419355,668275.0,472584.0,195691.0,0.2928,74036.0,442206.0,344165.0,98041.0,0.2217,31380.0,0,20,0,58,23,0,66,0,0,73,0,0,0,1,831.0
2022-10-01,금천구,건별집계|xlsx_2022_2024,2022,10,1475.0,831.0,564.0,80.0,745.0,681.0,49.0,1302.0,746.0,232544.80151666666,214603.53283666668,16356.62187,1584.6467966666667,252135.52922666667,214438.8556766667,246532.42839666668,222553.63947,139792.41597,52304.40363333333,41035.008343333335,46453.00399333333,23978.788926666668,668275.0,472584.0,195691.0,0.2928,74036.0,442206.0,344165.0,98041.0,0.2217,31380.0,0,20,0,58,23,0,66,0,0,73,0,0,0,1,683.0
2022-11-01,금천구,건별집계|xlsx_2022_2024,2022,11,1238.0,683.0,456.0,99.0,600.0,606.0,32.0,1335.0,729.0,232342.35707419354,213744.53292903226,16157.94879032258,2439.8753677419354,250613.97361290324,215770.6246451613,243872.21342258065,224106.7453967742,135115.3584612903,49792.710332258066,40725.82521935484,44596.822909677416,19765.46802580645,668275.0,472584.0,195691.0,0.2928,74036.0,442206.0,344165.0,98041.0,0.2217,31380.0,0,20,0,58,23,0,66,0,0,73,0,0,0,1,823.0
2022-12-01,금천구,건별집계|xlsx_2022_2024,2022,12,1440.0,823.0,517.0,100.0,662.0,734.0,44.0,1315.0,694.0,236054.98349,217771.88358666666,16005.608496666666,2277.4914166666663,256825.91955999998,217514.65648,251221.96288,225221.42677666666,145428.83623000002,54400.22632666666,41589.78448333334,49438.82542,26000.536103333336,668275.0,472584.0,195691.0,0.2928,74036.0,442206.0,344165.0,98041.0,0.2217,31380.0,0,20,0,58,23,0,66,0,0,73,0,0,0,1,814.0
2017-01-01,노원구,API_2017_2025,2017,1,,,,,,,,,,,,,,,,,,,,,,,,,,,,,,,,,1,104,7,233,123,11,557,0,0,514,0,0,0,33,1479.0
2017-02-01,노원구,API_2017_2025,2017,2,2170.0,1479.0,,,,,,,,,,,,,,,,,,,,,,,,,,,,,,,1,104,7,233,123,11,557,0,0,514,0,0,0,33,1183.0
2017-03-01,노원구,API_2017_2025,2017,3,1744.0,1183.0,,,,,,,,,,,,,,,,,,,,,,,,,,,,,,,1,104,7,233,123,11,557,0,0,514,0,0,0,33,1405.0
2017-04-01,노원구,API_2017_2025,2017,4,2068.0,1405.0,,,,,,,,,,,,,,,,,,,,,,,,,,,,,,,1,104,7,233,123,11,557,0,0,514,0,0,0,33,1436.0
2017-05-01,노원구,API_2017_2025,2017,5,2119.0,1436.0,,,,,,,,,,,,,,,,,,,,,,,,,,,,,,,1,104,7,233,123,11,557,0,0,514,0,0,0,33,1523.0
2017-06-01,노원구,API_2017_2025,2017,6,2211.0,1523.0,,,,,,,,,,,,,,,,,,,,,,,,,,,,,,,1,104,7,233,123,11,557,0,0,514,0,0,0,33,1464.0
2017-07-01,노원구,API_2017_2025,2017,7,2141.0,1464.0,,,,,,,,,,,,,,,,,,,,,,,,,,,,,,,1,104,7,233,123,11,557,0,0,514,0,0,0,33,1565.0
2017-08-01,노원구,API_2017_2025,2017,8,2329.0,1565.0,,,,,,,,,,,,,,,,,,,,,,,,,,,,,,,1,104,7,233,123,11,557,0,0,514,0,0,0,33,1568.0
2017-09-01,노원구,API_2017_2025,2017,9,2274.0,1568.0,,,,,,,,,,,,,,,,,,,,,,,,,,,,,,,1,104,7,233,123,11,557,0,0,514,0,0,0,33,1519.0
2017-10-01,노원구,API_2017_2025,2017,10,2223.0,1519.0,,,,,,,,,,,,,,,,,,,,,,,,,,,,,,,1,104,7,233,123,11,557,0,0,514,0,0,0,33,1507.0
2017-11-01,노원구,API_2017_2025,2017,11,2239.0,1507.0,,,,,,,,,,,,,,,,,,,,,,,,,,,,,,,1,104,7,233,123,11,557,0,0,514,0,0,0,33,1422.0
2017-12-01,노원구,API_2017_2025,2017,12,2082.0,1422.0,,,,,,,,,,,,,,,,,,,,,,,,,,,,,,,1,104,7,233,123,11,557,0,0,514,0,0,0,33,1626.0
2018-01-01,노원구,API_2017_2025,2018,1,2346.0,1626.0,,,,,,2170.0,1479.0,,,,,,,,,,,,,,,,,,,,,,,,1,108,4,274,77,5,663,0,0,467,0,0,0,85,1748.0
2018-02-01,노원구,API_2017_2025,2018,2,2455.0,1748.0,,,,,,1744.0,1183.0,,,,,,,,,,,,,,,,,,,,,,,,1,108,4,274,77,5,663,0,0,467,0,0,0,85,1354.0
2018-03-01,노원구,API_2017_2025,2018,3,1901.0,1354.0,,,,,,2068.0,1405.0,,,,,,,,,,,,,,,,,,,,,,,,1,108,4,274,77,5,663,0,0,467,0,0,0,85,1449.0
2018-04-01,노원구,API_2017_2025,2018,4,2062.0,1449.0,,,,,,2119.0,1436.0,,,,,,,,,,,,,,,,,,,,,,,,1,108,4,274,77,5,663,0,0,467,0,0,0,85,1455.0
2018-05-01,노원구,API_2017_2025,2018,5,2053.0,1455.0,,,,,,2211.0,1523.0,542736.2670576924,536820.9033807692,4986.6736,928.6900692307693,585009.8318730769,497666.88556538464,507449.06812692306,567941.4091384615,252418.08297307693,39330.920911538466,142836.92629615383,70250.23576538461,-60492.341011538454,,,,,,,,,,,1,108,4,274,77,5,663,0,0,467,0,0,0,85,1532.0
2018-06-01,노원구,API_2017_2025,2018,6,2186.0,1532.0,,,,,,2141.0,1464.0,534368.7158967742,528426.7203290323,5098.073238709678,843.9223258064516,576657.8304419356,490534.21493225807,500472.11370322586,557352.0542258065,251324.93122258064,39538.44420645161,142970.8302612903,68815.65675483871,-56879.940522580655,,,,,,,,,,,1,108,4,274,77,5,663,0,0,467,0,0,0,85,1598.0
2018-07-01,노원구,API_2017_2025,2018,7,2239.0,1598.0,,,,,,2329.0,1565.0,535636.59989,529824.3877266666,4852.95191,959.2602566666667,574979.0645733332,494293.49726333335,503055.67801,558908.68697,238461.26477333333,37272.310483333335,136355.21233666668,64833.74195333334,-55853.00896000001,,,,,,,,,,,1,108,4,274,77,5,663,0,0,467,0,0,0,85,1564.0
2018-08-01,노원구,API_2017_2025,2018,8,2316.0,1564.0,,,,,,2274.0,1568.0,527696.9902903226,521646.68186129036,4905.805329032259,1144.5030903225806,569551.7624580645,483880.1473451613,492652.8822,552728.4960483871,234350.8133387097,36804.286045161294,136337.14967096774,61209.37762258064,-60075.6138483871,,,,,,,,,,,1,108,4,274,77,5,663,0,0,467,0,0,0,85,1617.0
2018-09-01,노원구,API_2017_2025,2018,9,2423.0,1617.0,,,,,,2223.0,1519.0,524253.71657741937,518417.11633870966,4903.081780645161,933.518464516129,562550.306367742,483122.7395838709,491502.56714193546,546448.9238193549,235038.43505483872,36469.20830967742,136932.93915483874,61636.28759032258,-54946.356677419346,,,,,,,,,,,1,108,4,274,77,5,663,0,0,467,0,0,0,85,1471.0
2018-10-01,노원구,API_2017_2025,2018,10,2207.0,1471.0,,,,,,2239.0,1507.0,535225.8355133333,529296.1011933334,4892.293273333333,1037.4410733333332,571285.9840366667,497481.2381866667,506013.2216733333,556091.98827,237015.42196,43673.51901333334,128182.13349,65159.76945666667,-50078.76659666667,,,,,,,,,,,1,108,4,274,77,5,663,0,0,467,0,0,0,85,1419.0
2018-11-01,노원구,API_2017_2025,2018,11,2059.0,1419.0,,,,,,2082.0,1422.0,536786.8520419354,530887.3192741936,5095.051016129032,804.4817709677419,573506.8751935484,494407.1811967742,504325.72367096774,558723.8714419354,233854.00883870968,38614.92324516129,129475.8718,65763.21379354839,-54398.14777096774,,,,,,,,,,,1,108,4,274,77,5,663,0,0,467,0,0,0,85,1374.0
2018-12-01,노원구,API_2017_2025,2018,12,1974.0,1374.0,,,,,,2346.0,1626.0,535976.3154333333,529754.7225366667,5275.929736666667,945.6631600000001,575000.49451,494349.83593666664,503433.06903666665,559221.4914466667,239417.01208333333,41086.10922,130791.60795,67539.29491333333,-55788.42240999999,,,,,,,,,,,1,108,4,274,77,5,663,0,0,467,0,0,0,85,1497.0
2019-01-01,노원구,API_2017_2025,2019,1,2125.0,1497.0,,,,,,2455.0,1748.0,539463.3939967742,533256.7235548387,5276.351493548387,930.3189645161291,572701.5524612903,501708.3325387096,510619.5126096774,560066.1664387097,229246.1645580645,39252.260993548385,127410.6798,62583.22376451613,-49446.653829032264,,,,,,,,,,,0,82,3,126,93,11,464,0,0,235,0,0,0,40,1349.0
2019-02-01,노원구,API_2017_2025,2019,2,1954.0,1349.0,,,,,,1901.0,1354.0,533047.2507096775,526733.2918419355,5263.252606451612,1050.7062451612903,569382.5510612903,490892.60997419356,500453.1434483871,556328.7558741936,234004.50493548386,38183.40914516129,133910.6050580645,61910.49073225806,-55875.612425806445,,,,,,,,,,,0,82,3,126,93,11,464,0,0,235,0,0,0,40,1261.0
2019-03-01,노원구,API_2017_2025,2019,3,1834.0,1261.0,,,,,,2062.0,1449.0,524486.0500821428,518214.8755035714,5178.153707142857,1093.020882142857,557904.3162821429,487894.5868107143,496783.41816785716,544273.6443357143,231426.67591785712,40556.05013928572,129856.59300357143,61014.03277499999,-47490.22616785713,,,,,,,,,,,0,82,3,126,93,11,464,0,0,235,0,0,0,40,1440.0
2019-04-01,노원구,API_2017_2025,2019,4,2085.0,1440.0,,,,,,2053.0,1455.0,540061.4991741935,533508.3710064517,5562.395274193548,990.7328903225806,571026.1793161291,503922.98387096776,512306.8163806452,559886.272583871,229386.6746709677,43061.6541483871,122930.44662903225,63394.57389354839,-47579.45620322581,,,,,,,,,,,0,82,3,126,93,11,464,0,0,235,0,0,0,40,1449.0
2019-05-01,노원구,API_2017_2025,2019,5,2048.0,1449.0,,,,,,2186.0,1532.0,529692.61298,523176.93169,5685.540903333333,830.1403866666666,563748.5857966667,490093.27845,499171.26989999996,551493.5723133334,247150.40674,40604.8536,135652.67555333333,70892.87758666667,-52322.30241333334,,,,,,,,,,,0,82,3,126,93,11,464,0,0,235,0,0,0,40,1496.0
2019-06-01,노원구,API_2017_2025,2019,6,2182.0,1496.0,,,,,,2239.0,1598.0,509540.9963677419,502939.02278709674,5626.510187096775,975.4634,543366.3243387096,471219.8611032258,480173.06182580645,530518.0924645162,226205.2848548387,38760.166280645164,123355.30897741936,64089.80959677419,-50345.03063870967,,,,,,,,,,,0,82,3,126,93,11,464,0,0,235,0,0,0,40,1479.0
2019-07-01,노원구,API_2017_2025,2019,7,2099.0,1479.0,,,,,,2316.0,1564.0,509867.7568833333,503524.29194666666,5401.8973633333335,941.5675633333334,541897.9077233333,473978.4564233333,482357.25064333336,529518.1184833334,214330.5706,36178.887603333336,118769.56768000001,59382.11531666667,-47160.86784,,,,,,,,,,,0,82,3,126,93,11,464,0,0,235,0,0,0,40,1532.0
2019-08-01,노원구,API_2017_2025,2019,8,2226.0,1532.0,,,,,,2423.0,1617.0,495784.2181548387,489703.8171935484,5000.350983870968,1080.0499741935485,532355.2575709678,456251.5201064516,464604.2786645161,518055.60352258064,195425.94669354838,33519.08247096774,109317.92650967742,52588.93771290322,-53451.324858064516,,,,,,,,,,,0,82,3,126,93,11,464,0,0,235,0,0,0,40,1530.0
2019-09-01,노원구,API_2017_2025,2019,9,2236.0,1530.0,,,,,,2207.0,1471.0,518702.3919774194,512508.42229677417,5218.646561290322,975.3231290322581,555615.667951613,479065.3062322581,487472.57577096776,541009.4035677419,210107.74318064513,35330.92149354839,119591.29718064517,55185.52450645161,-53536.827796774174,,,,,,,,,,,0,82,3,126,93,11,464,0,0,235,0,0,0,40,1509.0
2019-10-01,노원구,API_2017_2025,2019,10,2145.0,1509.0,,,,,,2059.0,1419.0,532819.3536800001,526120.2366333333,5590.121116666666,1108.9959433333331,568826.2973433334,495900.6633833333,503814.45228666667,553537.1404133333,232879.11763999998,43830.701329999996,127105.03072333333,61943.38558666666,-49722.68812666667,,,,,,,,,,,0,82,3,126,93,11,464,0,0,235,0,0,0,40,1478.0
2019-11-01,노원구,API_2017_2025,2019,11,2144.0,1478.0,,,,,,1974.0,1374.0,535060.2785112903,528372.8399080645,5924.887967741935,762.550635483871,575499.5699129032,491076.31377741933,500179.3782951613,559975.2072048386,229499.07121774193,39539.406701612905,126707.48075,63252.18376612903,-59795.8289096774,,,,,,,,,,,0,82,3,126,93,11,464,0,0,235,0,0,0,40,1399.0
2019-12-01,노원구,API_2017_2025,2019,12,2019.0,1399.0,,,,,,2125.0,1497.0,539384.6365533334,532552.7597533333,5884.738759999999,947.1380533333333,577695.8300800001,498559.50237,507290.1848033333,562309.2449633334,226152.25107333335,40676.32249333333,124608.71482666668,60867.21375333333,-55019.06015999999,,,,,,,,,,,0,82,3,126,93,11,464,0,0,235,0,0,0,40,1458.0
2020-01-01,노원구,API_2017_2025,2020,1,2068.0,1458.0,,,,,,1954.0,1349.0,543126.2376483871,536563.7108612903,5512.314025806451,1050.2127677419355,580053.542667742,503686.5460580645,512294.0612419355,565149.2208032259,233816.28920645162,40863.618061290326,130392.17052903226,62560.50061612903,-52855.159561290326,1284432.0,856256.0,428176.0,0.3334,,1021288.0,732608.0,288680.0,0.2827,,0,39,2,123,78,4,277,0,0,234,0,0,0,43,1445.0
2020-02-01,노원구,API_2017_2025,2020,2,2078.0,1445.0,,,,,,1834.0,1261.0,539183.4734387096,532694.1267258065,5298.327641935484,1191.0190677419355,576883.2178096775,498414.2189580645,507810.4677354839,561592.7632387097,228331.04014838708,40832.428787096775,128534.71303548387,58963.898325806455,-53782.29550322581,1284432.0,856256.0,428176.0,0.3334,,1021288.0,732608.0,288680.0,0.2827,,0,39,2,123,78,4,277,0,0,234,0,0,0,43,1160.0
2020-03-01,노원구,API_2017_2025,2020,3,1859.0,1160.0,,,,,,2085.0,1440.0,546464.9490724138,539839.4772551723,5408.634227586206,1216.8376137931036,581069.3532965517,507102.2598172414,515518.8247862069,568569.3235724138,217430.11368965518,34138.21157241379,129007.12760344827,54284.774513793105,-53050.4987862069,1284432.0,856256.0,428176.0,0.3334,,1021288.0,732608.0,288680.0,0.2827,,0,39,2,123,78,4,277,0,0,234,0,0,0,43,1048.0
2020-04-01,노원구,API_2017_2025,2020,4,1781.0,1048.0,,,,,,2048.0,1449.0,545250.9242225806,538125.5851354839,5343.913483870968,1781.4256096774193,578935.6347935484,505792.4974516129,514649.6650322581,567108.9665032258,202835.22007096774,29841.656777419354,123061.62424193548,49931.939051612906,-52459.301470967745,1284432.0,856256.0,428176.0,0.3334,,1021288.0,732608.0,288680.0,0.2827,,0,39,2,123,78,4,277,0,0,234,0,0,0,43,1042.0
2020-05-01,노원구,API_2017_2025,2020,5,1680.0,1042.0,,,,,,2182.0,1496.0,541621.2132766667,534866.5076199999,5408.76641,1345.9392599999999,576785.2944233333,500920.16345666663,510343.9471666667,563962.11763,213727.93362,32116.128416666666,128011.18613333332,53600.61907,-53618.17046333331,1284432.0,856256.0,428176.0,0.3334,,1021288.0,732608.0,288680.0,0.2827,,0,39,2,123,78,4,277,0,0,234,0,0,0,43,1092.0
2020-06-01,노원구,API_2017_2025,2020,6,1857.0,1092.0,,,,,,2099.0,1479.0,535520.5980322581,529121.2102129032,5428.583877419354,970.8039354838709,570393.6638225806,496379.9357645161,505519.07877741934,556950.2546451613,215806.1031064516,34389.9720483871,126921.84662903227,54494.28442903226,-51431.17586774194,1284432.0,856256.0,428176.0,0.3334,,1021288.0,732608.0,288680.0,0.2827,,0,39,2,123,78,4,277,0,0,234,0,0,0,43,1112.0
2020-07-01,노원구,API_2017_2025,2020,7,1911.0,1112.0,,,,,,2226.0,1532.0,531075.91065,524464.3529233333,5419.767543333333,1191.7901966666666,567364.3828466666,492199.9714466667,500070.26674,553222.7991633334,217875.44769333335,34874.49220666667,126392.19551,56608.75997666667,-53152.53242333334,1284432.0,856256.0,428176.0,0.3334,,1021288.0,732608.0,288680.0,0.2827,,0,39,2,123,78,4,277,0,0,234,0,0,0,43,1241.0
2020-08-01,노원구,API_2017_2025,2020,8,1879.0,1241.0,,,,,,2236.0,1530.0,525933.9688870967,519700.41589999996,5306.926441935483,926.6265419354838,562816.6591516129,486471.49666451616,494657.0879064516,548274.5981516129,213247.75997419356,33687.69020645161,123775.38194516128,55784.68782258064,-53617.51024516129,1284432.0,856256.0,428176.0,0.3334,,1021288.0,732608.0,288680.0,0.2827,,0,39,2,123,78,4,277,0,0,234,0,0,0,43,1170.0
2020-09-01,노원구,API_2017_2025,2020,9,2056.0,1170.0,,,,,,2145.0,1509.0,524910.5199774194,518293.7415548387,5239.226283870968,1377.5521419354839,557776.2668548387,490134.8237516129,497491.01228709676,544495.8826032258,205273.8083096774,31730.978945161292,121344.96375483871,52197.86560967742,-47004.870316129025,1284432.0,856256.0,428176.0,0.3334,,1021288.0,732608.0,288680.0,0.2827,,0,39,2,123,78,4,277,0,0,234,0,0,0,43,1042.0
2020-10-01,노원구,API_2017_2025,2020,10,1817.0,1042.0,,,,,,2144.0,1478.0,529975.11361,523431.2104133333,5316.32772,1227.57549,564652.2831266667,492491.46031,500433.9656966666,551075.9335633334,203812.91808,32184.26022333333,119365.45214333334,52263.20571333334,-50641.96786666666,1284432.0,856256.0,428176.0,0.3334,,1021288.0,732608.0,288680.0,0.2827,,0,39,2,123,78,4,277,0,0,234,0,0,0,43,1185.0
2020-11-01,노원구,API_2017_2025,2020,11,1934.0,1185.0,,,,,,2019.0,1399.0,527490.4269354838,521086.5639612903,5362.655490322581,1041.2074741935485,562207.0681774194,489518.24734193546,498322.26564193546,548324.8278483871,217273.9725548387,36794.467777419355,123603.4813516129,56876.02342580645,-50002.562206451614,1284432.0,856256.0,428176.0,0.3334,,1021288.0,732608.0,288680.0,0.2827,,0,39,2,123,78,4,277,0,0,234,0,0,0,43,1084.0
2020-12-01,노원구,API_2017_2025,2020,12,1794.0,1084.0,,,,,,2068.0,1458.0,525454.4487766667,519203.78576,5270.655613333333,980.0074066666667,560107.2632899999,487767.0964133333,496125.6229633333,546403.6100666667,213960.51457333332,34614.37573666666,123226.95173333334,56119.18710333333,-50277.98710333334,1284432.0,856256.0,428176.0,0.3334,,1021288.0,732608.0,288680.0,0.2827,,0,39,2,123,78,4,277,0,0,234,0,0,0,43,978.0
2021-01-01,노원구,건별집계|API_2017_2025,2021,1,1674.0,978.0,,,,,,2078.0,1445.0,528956.3267258065,522434.3127709678,5221.636625806452,1300.3773322580646,558096.0889806452,495739.9374709677,503298.0879935484,547283.6401161291,195774.8406612903,30147.386645161292,116219.25207096773,49408.20194516129,-43985.55212258065,1227244.0,829846.0,397398.0,0.3238,,934601.0,672508.0,262093.0,0.2804,,0,29,0,67,122,3,160,0,0,140,0,0,1,53,1170.0
2021-02-01,노원구,건별집계|API_2017_2025,2021,2,1914.0,1170.0,620.0,124.0,1027.0,801.0,86.0,1859.0,1160.0,526353.2837,520403.38778064516,5097.124896774193,852.7710193548387,554993.5225741935,493377.87477419357,501029.10746774194,544441.9809999999,201071.41697419353,31032.70101935484,120442.89371290323,49595.82224193548,-43412.87353225806,1227244.0,829846.0,397398.0,0.3238,,934601.0,672508.0,262093.0,0.2804,,0,29,0,67,122,3,160,0,0,140,0,0,1,53,1109.0
2021-03-01,노원구,건별집계|API_2017_2025,2021,3,1823.0,1109.0,597.0,117.0,983.0,750.0,90.0,1781.0,1048.0,520482.14055,514716.3796857143,5025.8396,739.9212749999999,552150.5800642857,485015.25507857144,493279.7350892857,539912.4301714286,209270.291675,34634.720603571426,122131.027875,52504.54319642857,-46632.695082142855,1227244.0,829846.0,397398.0,0.3238,,934601.0,672508.0,262093.0,0.2804,,0,29,0,67,122,3,160,0,0,140,0,0,1,53,1200.0
2021-04-01,노원구,건별집계|API_2017_2025,2021,4,1925.0,1200.0,627.0,98.0,1035.0,802.0,88.0,1680.0,1042.0,524110.7567419355,518021.56534516125,5157.650183870968,931.5412225806452,557845.4103774194,487334.548216129,495234.1861548387,544736.878583871,210960.18982580645,36973.88920322581,120232.53887741936,53753.76174516129,-49502.69242903224,1227244.0,829846.0,397398.0,0.3238,,934601.0,672508.0,262093.0,0.2804,,0,29,0,67,122,3,160,0,0,140,0,0,1,53,1274.0
2021-05-01,노원구,건별집계|API_2017_2025,2021,5,2073.0,1274.0,688.0,111.0,1077.0,885.0,111.0,1857.0,1092.0,519253.26872666663,512963.2237,5283.897943333333,1006.1470800000001,553691.8589100001,481688.65329,489710.2834633334,540355.4010366666,219664.86034333333,34678.244763333336,127279.43722333334,57707.17835666667,-50645.11757333333,1227244.0,829846.0,397398.0,0.3238,,934601.0,672508.0,262093.0,0.2804,,0,29,0,67,122,3,160,0,0,140,0,0,1,53,1451.0
2021-06-01,노원구,건별집계|API_2017_2025,2021,6,2338.0,1451.0,734.0,153.0,1229.0,994.0,115.0,1911.0,1112.0,517289.48085483874,510938.98167741933,5329.176503225806,1021.3226774193548,550650.3117709678,481566.7788935484,489652.48070322577,537030.1952645162,211577.50776451614,34214.63236129032,122624.92200967742,54737.95339354839,-47377.714561290326,1227244.0,829846.0,397398.0,0.3238,,934601.0,672508.0,262093.0,0.2804,,0,29,0,67,122,3,160,0,0,140,0,0,1,53,1514.0
2021-07-01,노원구,건별집계|API_2017_2025,2021,7,2452.0,1514.0,771.0,167.0,1278.0,1009.0,165.0,1879.0,1241.0,514232.82799,507629.41402,5280.590556666666,1322.8234066666666,548444.41937,477131.06274666666,485092.63162,535047.2539633333,213398.31711333335,34156.38107333333,124118.20106,55123.734979999994,-49954.62234333333,1227244.0,829846.0,397398.0,0.3238,,934601.0,672508.0,262093.0,0.2804,,0,29,0,67,122,3,160,0,0,140,0,0,1,53,1473.0
2021-08-01,노원구,건별집계|API_2017_2025,2021,8,2335.0,1473.0,684.0,178.0,1235.0,949.0,151.0,2056.0,1170.0,508596.5115064516,502290.57995161286,5129.281761290323,1176.649806451613,541332.6387709677,473118.9761322581,480766.0972967742,528475.3787967742,200133.97267096775,31499.114283870967,117817.42030967741,50817.438077419356,-47709.2815,1227244.0,829846.0,397398.0,0.3238,,934601.0,672508.0,262093.0,0.2804,,0,29,0,67,122,3,160,0,0,140,0,0,1,53,1441.0
2021-09-01,노원구,건별집계|API_2017_2025,2021,9,2232.0,1441.0,673.0,118.0,1192.0,946.0,94.0,1817.0,1042.0,506099.2405225806,499907.23962903226,5071.596738709678,1120.4041516129032,537896.1619,470747.61156451615,478803.88621290325,525595.9221677419,198722.00653870968,31498.28405483871,116796.13695806451,50427.585525806455,-46792.0359548387,1227244.0,829846.0,397398.0,0.3238,,934601.0,672508.0,262093.0,0.2804,,0,29,0,67,122,3,160,0,0,140,0,0,1,53,1376.0
2021-10-01,노원구,건별집계|API_2017_2025,2021,10,2201.0,1376.0,716.0,109.0,1148.0,936.0,117.0,1934.0,1185.0,509434.65807,503042.70244,5184.158876666666,1207.7967533333333,541018.4026766666,475223.1480066666,482862.74063666665,528414.5991133334,207273.78812,36675.89842666667,117119.48375,53478.40594333333,-45551.858476666646,1227244.0,829846.0,397398.0,0.3238,,934601.0,672508.0,262093.0,0.2804,,0,29,0,67,122,3,160,0,0,140,0,0,1,53,1407.0
2021-11-01,노원구,건별집계|API_2017_2025,2021,11,2256.0,1407.0,756.0,93.0,1221.0,929.0,106.0,1794.0,1084.0,509177.8234129032,502928.243,5343.15814516129,906.4222870967742,541445.4029354838,473061.8758516129,481821.8348419355,528717.8152677419,204263.58882580645,33834.422238709674,116904.4297451613,53524.73684193548,-46895.980425806454,1227244.0,829846.0,397398.0,0.3238,,934601.0,672508.0,262093.0,0.2804,,0,29,0,67,122,3,160,0,0,140,0,0,1,53,1374.0
2021-12-01,노원구,건별집계|API_2017_2025,2021,12,2271.0,1374.0,797.0,100.0,1313.0,800.0,158.0,1674.0,978.0,506959.16338,500412.7706633333,5570.3528400000005,976.03988,541316.9644933332,469226.80537333334,477526.8544333333,527982.2412166666,208832.11905666668,35252.08902333333,118285.24895666666,55294.781076666666,-50455.386783333335,1227244.0,829846.0,397398.0,0.3238,,934601.0,672508.0,262093.0,0.2804,,0,29,0,67,122,3,160,0,0,140,0,0,1,53,1175.0
2022-01-01,노원구,건별집계|API_2017_2025|xlsx_2022_2024,2022,1,2173.0,1175.0,878.0,120.0,1325.0,565.0,283.0,1914.0,1170.0,510692.3183129032,504082.2820967742,5468.888838709678,1141.1473903225806,541793.5470419355,476230.01642903226,483709.54168064514,529965.7302,201222.1764129032,33984.39496129032,114650.19721290322,52587.58423870968,-46256.18851935484,1296460.0,881661.0,414799.0,0.3199,124879.0,939136.0,691702.0,247434.0,0.2635,148191.0,0,16,2,70,137,1,109,0,0,140,0,0,0,24,1179.0
2022-02-01,노원구,건별집계|xlsx_2022_2024,2022,2,2038.0,1179.0,731.0,128.0,1114.0,827.0,97.0,1823.0,1109.0,506245.1637354839,499745.0827064516,5323.341212903226,1176.7398322580646,536946.3339612903,471023.1691935484,479306.1518193548,525487.3151064516,197451.96731935482,34579.386600000005,111878.2329967742,50994.34772258064,-46181.163287096766,1296460.0,881661.0,414799.0,0.3199,124879.0,939136.0,691702.0,247434.0,0.2635,148191.0,0,16,2,70,137,1,109,0,0,140,0,0,0,24,1257.0
2022-03-01,노원구,건별집계|xlsx_2022_2024,2022,3,2223.0,1257.0,885.0,81.0,1311.0,821.0,91.0,1925.0,1200.0,509653.5070142857,503069.0176285714,5316.332953571428,1268.1564321428573,539244.6846964286,476681.8688464286,484356.8633392857,527722.5382071428,195927.4438285714,34458.759346428575,111648.88471428571,49819.79976785714,-43365.674867857146,1296460.0,881661.0,414799.0,0.3199,124879.0,939136.0,691702.0,247434.0,0.2635,148191.0,0,16,2,70,137,1,109,0,0,140,0,0,0,24,1419.0
2022-04-01,노원구,건별집계|xlsx_2022_2024,2022,4,2868.0,1419.0,1362.0,87.0,1657.0,1094.0,117.0,2073.0,1274.0,514731.853116129,508018.0794516129,5445.145819354839,1268.6278387096775,541980.639183871,484406.21111290326,491417.3706516129,531385.0548741935,195090.4784129032,36031.15570645161,108009.76699999999,51049.55570645161,-39967.68422258065,1296460.0,881661.0,414799.0,0.3199,124879.0,939136.0,691702.0,247434.0,0.2635,148191.0,0,16,2,70,137,1,109,0,0,140,0,0,0,24,1361.0
2022-05-01,노원구,건별집계|xlsx_2022_2024,2022,5,2340.0,1361.0,866.0,113.0,1297.0,950.0,93.0,2338.0,1451.0,506031.91022666666,499479.9933833333,5498.964606666666,1052.9522266666668,538586.2663333333,470959.58514000004,478971.1693333333,525361.01087,208032.96579666666,35805.30347333333,114738.02523666667,57489.63708666667,-46389.84153666668,1296460.0,881661.0,414799.0,0.3199,124879.0,939136.0,691702.0,247434.0,0.2635,148191.0,0,16,2,70,137,1,109,0,0,140,0,0,0,24,1406.0
2022-06-01,노원구,건별집계|xlsx_2022_2024,2022,6,2291.0,1406.0,763.0,122.0,1211.0,988.0,92.0,2452.0,1514.0,509389.3920064516,502437.00003870967,5741.436670967742,1210.9553129032258,545506.3469290322,473178.25900322583,480779.0318580645,529825.3635387097,210748.04510645164,37901.306670967744,114166.32128709678,58680.417148387096,-49046.33168064516,1296460.0,881661.0,414799.0,0.3199,124879.0,939136.0,691702.0,247434.0,0.2635,148191.0,0,16,2,70,137,1,109,0,0,140,0,0,0,24,1344.0
2022-07-01,노원구,건별집계|xlsx_2022_2024,2022,7,2139.0,1344.0,672.0,123.0,1185.0,851.0,103.0,2335.0,1473.0,512803.0785566667,506021.8423433333,5452.539353333333,1328.6968733333333,549347.3642366666,474277.61349666666,483229.4313033334,533927.1123133333,205615.91512333334,35467.48849333333,114934.70197000001,55213.72466,-50697.681009999986,1296460.0,881661.0,414799.0,0.3199,124879.0,939136.0,691702.0,247434.0,0.2635,148191.0,0,16,2,70,137,1,109,0,0,140,0,0,0,24,1598.0
2022-08-01,노원구,건별집계|xlsx_2022_2024,2022,8,2525.0,1598.0,836.0,91.0,1457.0,969.0,99.0,2232.0,1441.0,495306.84894516127,488849.5525064516,5206.040577419355,1251.2558548387096,530988.1695967742,457595.18621290324,465961.302116129,516267.9538193548,194035.5918548387,33769.272848387096,109849.09997096776,50417.219035483875,-50306.651703225805,1296460.0,881661.0,414799.0,0.3199,124879.0,939136.0,691702.0,247434.0,0.2635,148191.0,0,16,2,70,137,1,109,0,0,140,0,0,0,24,1649.0
2022-09-01,노원구,건별집계|xlsx_2022_2024,2022,9,2734.0,1649.0,962.0,123.0,1624.0,980.0,130.0,2201.0,1376.0,487785.7384032258,481432.69103870966,5121.78794516129,1231.2594193548387,522604.08469354844,449857.52059354837,458356.932016129,508806.3144064516,190367.4350096774,32477.23181612903,108824.6776,49065.52559354839,-50449.382390322586,1296460.0,881661.0,414799.0,0.3199,124879.0,939136.0,691702.0,247434.0,0.2635,148191.0,0,16,2,70,137,1,109,0,0,140,0,0,0,24,1509.0
2022-10-01,노원구,건별집계|xlsx_2022_2024,2022,10,2526.0,1509.0,899.0,118.0,1432.0,982.0,112.0,2256.0,1407.0,495219.69613,488355.78394000005,5421.786133333333,1442.1260499999999,529023.1059033333,460584.69244333333,468076.18372333335,514607.91926666663,201398.50388,40286.896259999994,106648.71421666667,54462.893403333335,-46531.735543333336,1296460.0,881661.0,414799.0,0.3199,124879.0,939136.0,691702.0,247434.0,0.2635,148191.0,0,16,2,70,137,1,109,0,0,140,0,0,0,24,1382.0
2022-11-01,노원구,건별집계|xlsx_2022_2024,2022,11,2138.0,1382.0,658.0,98.0,1212.0,846.0,80.0,2271.0,1374.0,495579.35163225804,489132.13763225806,5506.812329032258,940.4016709677419,529343.8318419355,458939.5648741935,467730.32440322585,515471.5139419355,191772.72233548388,35196.18802903226,104019.51068709679,52557.02361935484,-47741.189538709674,1296460.0,881661.0,414799.0,0.3199,124879.0,939136.0,691702.0,247434.0,0.2635,148191.0,0,16,2,70,137,1,109,0,0,140,0,0,0,24,1411.0
2022-12-01,노원구,건별집계|xlsx_2022_2024,2022,12,2213.0,1411.0,668.0,134.0,1258.0,871.0,84.0,2173.0,1175.0,495298.66908333334,488930.76546,5567.4835766666665,800.4200400000001,529229.5453733334,458591.18604666664,466779.7008233333,515669.3607,196825.52977,36706.799256666665,105614.69302666667,54504.03748666667,-48889.659876666665,1296460.0,881661.0,414799.0,0.3199,124879.0,939136.0,691702.0,247434.0,0.2635,148191.0,0,16,2,70,137,1,109,0,0,140,0,0,0,24,1560.0
2017-01-01,도봉구,API_2017_2025,2017,1,,,,,,,,,,,,,,,,,,,,,,,,,,,,,,,,,1,46,7,358,180,2,156,0,0,242,0,0,0,41,952.0
2017-02-01,도봉구,API_2017_2025,2017,2,1388.0,952.0,,,,,,,,,,,,,,,,,,,,,,,,,,,,,,,1,46,7,358,180,2,156,0,0,242,0,0,0,41,771.0
2017-03-01,도봉구,API_2017_2025,2017,3,1129.0,771.0,,,,,,,,,,,,,,,,,,,,,,,,,,,,,,,1,46,7,358,180,2,156,0,0,242,0,0,0,41,887.0
2017-04-01,도봉구,API_2017_2025,2017,4,1302.0,887.0,,,,,,,,,,,,,,,,,,,,,,,,,,,,,,,1,46,7,358,180,2,156,0,0,242,0,0,0,41,903.0
2017-05-01,도봉구,API_2017_2025,2017,5,1366.0,903.0,,,,,,,,,,,,,,,,,,,,,,,,,,,,,,,1,46,7,358,180,2,156,0,0,242,0,0,0,41,1029.0
2017-06-01,도봉구,API_2017_2025,2017,6,1505.0,1029.0,,,,,,,,,,,,,,,,,,,,,,,,,,,,,,,1,46,7,358,180,2,156,0,0,242,0,0,0,41,947.0
2017-07-01,도봉구,API_2017_2025,2017,7,1371.0,947.0,,,,,,,,,,,,,,,,,,,,,,,,,,,,,,,1,46,7,358,180,2,156,0,0,242,0,0,0,41,1038.0
2017-08-01,도봉구,API_2017_2025,2017,8,1517.0,1038.0,,,,,,,,,,,,,,,,,,,,,,,,,,,,,,,1,46,7,358,180,2,156,0,0,242,0,0,0,41,1006.0
2017-09-01,도봉구,API_2017_2025,2017,9,1500.0,1006.0,,,,,,,,,,,,,,,,,,,,,,,,,,,,,,,1,46,7,358,180,2,156,0,0,242,0,0,0,41,977.0
2017-10-01,도봉구,API_2017_2025,2017,10,1435.0,977.0,,,,,,,,,,,,,,,,,,,,,,,,,,,,,,,1,46,7,358,180,2,156,0,0,242,0,0,0,41,920.0
2017-11-01,도봉구,API_2017_2025,2017,11,1379.0,920.0,,,,,,,,,,,,,,,,,,,,,,,,,,,,,,,1,46,7,358,180,2,156,0,0,242,0,0,0,41,953.0
2017-12-01,도봉구,API_2017_2025,2017,12,1337.0,953.0,,,,,,,,,,,,,,,,,,,,,,,,,,,,,,,1,46,7,358,180,2,156,0,0,242,0,0,0,41,1030.0
2018-01-01,도봉구,API_2017_2025,2018,1,1484.0,1030.0,,,,,,1388.0,952.0,,,,,,,,,,,,,,,,,,,,,,,,2,59,0,367,201,3,212,0,0,234,0,0,0,46,1076.0
2018-02-01,도봉구,API_2017_2025,2018,2,1576.0,1076.0,,,,,,1129.0,771.0,,,,,,,,,,,,,,,,,,,,,,,,2,59,0,367,201,3,212,0,0,234,0,0,0,46,865.0
2018-03-01,도봉구,API_2017_2025,2018,3,1318.0,865.0,,,,,,1302.0,887.0,,,,,,,,,,,,,,,,,,,,,,,,2,59,0,367,201,3,212,0,0,234,0,0,0,46,896.0
2018-04-01,도봉구,API_2017_2025,2018,4,1355.0,896.0,,,,,,1366.0,903.0,,,,,,,,,,,,,,,,,,,,,,,,2,59,0,367,201,3,212,0,0,234,0,0,0,46,927.0
2018-05-01,도봉구,API_2017_2025,2018,5,1349.0,927.0,,,,,,1505.0,1029.0,299371.6302307692,295883.41710769234,2994.588357692308,493.6247730769231,326285.7626346154,267935.12887692306,276234.95543076925,315897.8265192308,152560.6449076923,21620.60758076923,84326.26838846154,46613.768938461544,-39662.87108846155,,,,,,,,,,,2,59,0,367,201,3,212,0,0,234,0,0,0,46,995.0
2018-06-01,도봉구,API_2017_2025,2018,6,1442.0,995.0,,,,,,1371.0,947.0,299781.5100967742,296276.31449677417,2953.3242870967742,551.8713322580645,327205.33042580646,267832.9555612903,276371.52242258063,315828.6634580645,151104.03088064515,21594.621580645162,82889.57219354839,46619.83710645161,-39457.14103548387,,,,,,,,,,,2,59,0,367,201,3,212,0,0,234,0,0,0,46,935.0
2018-07-01,도봉구,API_2017_2025,2018,7,1395.0,935.0,,,,,,1517.0,1038.0,302977.63035,299595.4291,2854.05399,528.1472633333334,329246.87677,273370.5308033333,280955.99715,318707.3683533333,148324.5617033333,20837.08815666667,82749.81146666667,44737.66208,-37751.371203333336,,,,,,,,,,,2,59,0,367,201,3,212,0,0,234,0,0,0,46,969.0
2018-08-01,도봉구,API_2017_2025,2018,8,1456.0,969.0,,,,,,1500.0,1006.0,301176.8347677419,297745.39188709675,2888.800841935484,542.6420322580644,328138.9818903226,270940.4354032258,278508.6427322581,317368.4004967742,147130.9555096774,20937.047212903228,82028.58227096774,44165.32602580645,-38859.75776451612,,,,,,,,,,,2,59,0,367,201,3,212,0,0,234,0,0,0,46,1074.0
2018-09-01,도봉구,API_2017_2025,2018,9,1624.0,1074.0,,,,,,1435.0,977.0,297396.90340645163,294085.8803419355,2820.3200741935484,490.70299677419354,325153.40548709675,266360.97239677416,274346.1477967742,313167.83149677416,148466.74411612903,19902.28943548387,85017.62481935484,43546.82986129032,-38821.683699999994,,,,,,,,,,,2,59,0,367,201,3,212,0,0,234,0,0,0,46,935.0
2018-10-01,도봉구,API_2017_2025,2018,10,1488.0,935.0,,,,,,1379.0,920.0,300612.65897,297296.46466999996,2777.6052166666664,538.58908,326078.3504666667,272188.02692333335,279831.0053133333,315456.6973,147974.44199000002,22804.23325,81276.00156,43894.207180000005,-35625.69198666667,,,,,,,,,,,2,59,0,367,201,3,212,0,0,234,0,0,0,46,962.0
2018-11-01,도봉구,API_2017_2025,2018,11,1423.0,962.0,,,,,,1337.0,953.0,298555.5467935484,295341.9439193549,2766.911906451613,446.6909741935484,326907.57758387097,266256.90480645164,274686.5606451613,314899.90340645163,145492.58426774194,20294.66906451613,82041.80117096774,43156.11403225806,-40213.34276129032,,,,,,,,,,,2,59,0,367,201,3,212,0,0,234,0,0,0,46,874.0
2018-12-01,도봉구,API_2017_2025,2018,12,1219.0,874.0,,,,,,1484.0,1030.0,297129.5345266667,293869.28031,2825.2015499999998,435.0526766666666,326473.83308333333,265362.5828166667,273057.1512833333,314324.09399333334,147881.91177,21504.448026666665,82874.22139666667,43503.242346666666,-41266.942709999996,,,,,,,,,,,2,59,0,367,201,3,212,0,0,234,0,0,0,46,989.0
2019-01-01,도봉구,API_2017_2025,2019,1,1440.0,989.0,,,,,,1576.0,1076.0,304172.28818064515,300595.0375967742,2977.1603387096775,600.0902548387097,329435.3451548387,275538.6805709677,283222.9815580645,319136.07864516124,145220.96217741934,21460.347187096773,81160.64222903225,42599.97276129032,-35913.09708709678,,,,,,,,,,,0,30,1,465,168,2,245,0,0,219,0,0,0,47,921.0
2019-02-01,도봉구,API_2017_2025,2019,2,1346.0,921.0,,,,,,1318.0,865.0,302500.84071290324,298934.9516548387,3005.043312903226,560.8457483870967,327620.37852258066,273190.8800064516,280885.1240709678,317940.6383258065,151710.2990612903,21199.16531935484,87553.31473870967,42957.819003225806,-37055.51425483871,,,,,,,,,,,0,30,1,465,168,2,245,0,0,219,0,0,0,47,857.0
2019-03-01,도봉구,API_2017_2025,2019,3,1208.0,857.0,,,,,,1355.0,896.0,296268.5845928571,292698.2225035714,3005.139503571428,565.2225642857143,319276.9499285714,270220.84926071425,277502.76964285714,309672.7381214286,148567.78950714288,22455.963085714287,84811.5077,41300.31872142857,-32169.96847857143,,,,,,,,,,,0,30,1,465,168,2,245,0,0,219,0,0,0,47,883.0
2019-04-01,도봉구,API_2017_2025,2019,4,1359.0,883.0,,,,,,1349.0,927.0,295687.3868451613,292316.95366129035,2933.7123741935484,436.7208225806451,321357.22950645164,266345.27302580647,273937.8241129032,311222.78882258065,139539.9190516129,20084.719703225805,79776.62355483872,39678.57579354839,-37284.96470967742,,,,,,,,,,,0,30,1,465,168,2,245,0,0,219,0,0,0,47,882.0
2019-05-01,도봉구,API_2017_2025,2019,5,1328.0,882.0,,,,,,1442.0,995.0,289996.87196,286682.8068966667,2864.516966666667,449.5481,317458.1187966667,259346.43447333333,266966.57296666666,306447.0855333333,151390.90940666667,20601.7675,87043.66207333333,43745.47983333333,-39480.51256666667,,,,,,,,,,,0,30,1,465,168,2,245,0,0,219,0,0,0,47,931.0
2019-06-01,도봉구,API_2017_2025,2019,6,1459.0,931.0,,,,,,1395.0,935.0,281085.9835516129,277715.64985806454,2832.508358064516,537.8253387096775,307427.5533806452,251722.05479032258,259166.9151967742,296742.4609612903,139812.78399677417,19889.187077419356,79763.06326774193,40160.5336516129,-37575.54576451613,,,,,,,,,,,0,30,1,465,168,2,245,0,0,219,0,0,0,47,895.0
2019-07-01,도봉구,API_2017_2025,2019,7,1342.0,895.0,,,,,,1456.0,969.0,281487.06095,278092.80121,2938.0673266666663,456.19241666666665,305806.0777466667,254292.74116666667,261368.01030999998,295857.81141333334,134471.76145,18962.651476666666,76977.29597666668,38531.81399666667,-34489.80110333333,,,,,,,,,,,0,30,1,465,168,2,245,0,0,219,0,0,0,47,969.0
2019-08-01,도봉구,API_2017_2025,2019,8,1504.0,969.0,,,,,,1624.0,1074.0,274396.5570483871,270866.36766129034,2962.144164516129,568.0452419354839,298509.4109870967,247101.93716451613,253600.47035806451,289250.90468064515,122565.32954193548,17343.30948064516,70266.23787096774,34955.782190322585,-35650.434322580644,,,,,,,,,,,0,30,1,465,168,2,245,0,0,219,0,0,0,47,988.0
2019-09-01,도봉구,API_2017_2025,2019,9,1490.0,988.0,,,,,,1488.0,935.0,277086.58507096773,273777.29259032256,2892.964693548387,416.32779999999997,300765.45586451615,249662.91545483872,256782.7690419355,291589.31082258065,127084.19678387097,18005.247661290323,73385.68101935483,35693.268103225804,-34806.541780645166,,,,,,,,,,,0,30,1,465,168,2,245,0,0,219,0,0,0,47,876.0
2019-10-01,도봉구,API_2017_2025,2019,10,1399.0,876.0,,,,,,1423.0,962.0,276671.33504333335,273260.82519,2934.1308266666665,476.37903,297365.21409333334,251810.4271666667,258522.20298333332,289635.00080333336,135623.74362666666,21672.551776666667,73682.20536666666,40268.986483333334,-31112.797819999996,,,,,,,,,,,0,30,1,465,168,2,245,0,0,219,0,0,0,47,926.0
2019-11-01,도봉구,API_2017_2025,2019,11,1372.0,926.0,,,,,,1219.0,874.0,275598.3442403226,272110.08521935483,3024.4728741935487,463.78612258064516,300703.0930290322,245929.7459983871,253243.31261935484,291566.2239693549,134810.8240387097,19026.610503225806,73546.00332419355,42238.21021129032,-38322.91135000001,,,,,,,,,,,0,30,1,465,168,2,245,0,0,219,0,0,0,47,864.0
2019-12-01,도봉구,API_2017_2025,2019,12,1321.0,864.0,,,,,,1440.0,989.0,282015.3772333333,278695.07188,2867.0234933333336,453.28186666666664,305393.0525633333,254292.59143,261447.99431333333,296706.36502,133000.36076333333,19947.332739999998,71814.04644666666,41238.98157666667,-35258.37070666668,,,,,,,,,,,0,30,1,465,168,2,245,0,0,219,0,0,0,47,922.0
2020-01-01,도봉구,API_2017_2025,2020,1,1389.0,922.0,,,,,,1346.0,921.0,285670.51288709673,282298.2988387097,2896.5025387096775,475.7115258064516,306783.53657419357,260236.25135806453,267229.08446451614,298842.9617612903,142637.81145483872,21363.39473548387,78952.81696129033,42321.59975806452,-31613.877296774193,816939.0,586689.0,230250.0,0.2818,,751182.0,622972.0,128210.0,0.1707,,0,522,2,299,103,1,270,0,0,191,0,0,0,89,895.0
2020-02-01,도봉구,API_2017_2025,2020,2,1293.0,895.0,,,,,,1208.0,857.0,287669.1352741936,284116.63728387095,2954.8035129032255,597.6944677419355,307304.9594032258,263620.6752903226,270463.0206483871,299959.21715483867,141974.38905806452,22151.22132580645,78313.79478709678,41509.37294516129,-29496.196506451615,816939.0,586689.0,230250.0,0.2818,,751182.0,622972.0,128210.0,0.1707,,0,522,2,299,103,1,270,0,0,191,0,0,0,89,674.0
2020-03-01,도봉구,API_2017_2025,2020,3,1079.0,674.0,,,,,,1359.0,883.0,289526.8059448276,285771.8471862069,3032.1164586206896,722.8422931034484,308307.2365,266420.42714827583,272294.56596896553,301835.5487827586,133950.60177586207,17818.077151724137,76712.56368965517,39419.960934482755,-29540.982813793093,816939.0,586689.0,230250.0,0.2818,,751182.0,622972.0,128210.0,0.1707,,0,522,2,299,103,1,270,0,0,191,0,0,0,89,658.0
2020-04-01,도봉구,API_2017_2025,2020,4,1108.0,658.0,,,,,,1328.0,882.0,290432.01707096776,286786.6902516129,3071.697770967742,573.6290451612904,307045.85362580646,269846.48913548386,275090.16989677417,301390.4793516129,129355.85237096774,15993.010712903226,74568.7666,38794.07505806451,-26300.309454838716,816939.0,586689.0,230250.0,0.2818,,751182.0,622972.0,128210.0,0.1707,,0,522,2,299,103,1,270,0,0,191,0,0,0,89,672.0
2020-05-01,도봉구,API_2017_2025,2020,5,1103.0,672.0,,,,,,1459.0,931.0,287576.51300000004,283982.4905633333,3044.5736433333336,549.44878,305114.0509533333,266283.94207666663,271746.27634,298883.8248933333,136016.94980666667,17364.597856666667,77110.76944666666,41541.58250333333,-27137.54855333333,816939.0,586689.0,230250.0,0.2818,,751182.0,622972.0,128210.0,0.1707,,0,522,2,299,103,1,270,0,0,191,0,0,0,89,763.0
2020-06-01,도봉구,API_2017_2025,2020,6,1273.0,763.0,,,,,,1342.0,895.0,286483.29143548384,282867.6933612903,3010.428838709677,605.1692548387097,304510.1131645161,265371.5237129032,270781.7271645161,297698.6945064516,137638.59754193548,18720.967396774195,76277.39632903226,42640.23381612903,-26916.967341935488,816939.0,586689.0,230250.0,0.2818,,751182.0,622972.0,128210.0,0.1707,,0,522,2,299,103,1,270,0,0,191,0,0,0,89,769.0
2020-07-01,도봉구,API_2017_2025,2020,7,1238.0,769.0,,,,,,1504.0,969.0,285170.47535333334,281454.25106,2966.1090266666665,750.1152833333333,304865.65317666664,262438.3661733333,267790.2315733333,297584.9352133333,138468.98374333335,18085.22614333333,77302.16935666667,43081.58824333334,-29794.703640000003,816939.0,586689.0,230250.0,0.2818,,751182.0,622972.0,128210.0,0.1707,,0,522,2,299,103,1,270,0,0,191,0,0,0,89,862.0
2020-08-01,도봉구,API_2017_2025,2020,8,1383.0,862.0,,,,,,1490.0,988.0,283548.02594516124,279945.0786548387,2893.9057838709678,709.0415161290323,303387.7031322581,260694.26367741937,266217.4986580645,295926.9740290323,134718.11777419355,18080.868832258064,74471.58393225807,42165.66500967742,-29709.475370967746,816939.0,586689.0,230250.0,0.2818,,751182.0,622972.0,128210.0,0.1707,,0,522,2,299,103,1,270,0,0,191,0,0,0,89,843.0
2020-09-01,도봉구,API_2017_2025,2020,9,1515.0,843.0,,,,,,1399.0,876.0,283251.81287419354,279637.4568096774,2822.345129032258,792.010941935484,300504.35847419355,262791.83811290324,268016.3474935484,294134.2881516129,131218.87199354838,16764.469051612905,74822.04755806451,39632.35538387096,-26117.940658064515,816939.0,586689.0,230250.0,0.2818,,751182.0,622972.0,128210.0,0.1707,,0,522,2,299,103,1,270,0,0,191,0,0,0,89,769.0
2020-10-01,도봉구,API_2017_2025,2020,10,1267.0,769.0,,,,,,1372.0,926.0,286671.03546,283322.12227666663,2916.0119,432.90127666666666,303651.0469433333,266171.28509333334,271309.03473666665,297643.8931133334,133327.52879666668,17439.007456666666,74518.48663,41370.03471,-26334.858376666667,816939.0,586689.0,230250.0,0.2818,,751182.0,622972.0,128210.0,0.1707,,0,522,2,299,103,1,270,0,0,191,0,0,0,89,826.0
2020-11-01,도봉구,API_2017_2025,2020,11,1333.0,826.0,,,,,,1321.0,864.0,281348.4560903226,278102.2802806452,2880.2613677419354,365.914435483871,298880.2273580645,260102.6970483871,265902.21975806454,292381.4820387097,137242.65533548387,19499.156374193546,74728.0024064516,43015.49655483871,-26479.262280645165,816939.0,586689.0,230250.0,0.2818,,751182.0,622972.0,128210.0,0.1707,,0,522,2,299,103,1,270,0,0,191,0,0,0,89,754.0
2020-12-01,도봉구,API_2017_2025,2020,12,1235.0,754.0,,,,,,1389.0,922.0,278132.86633333337,274728.68284666666,2792.6397866666666,611.54371,296020.6381866667,257069.93167666666,262166.88105333335,289537.14153666666,135011.44305,18295.97373,74118.38202333334,42597.08729666667,-27370.26048333333,816939.0,586689.0,230250.0,0.2818,,751182.0,622972.0,128210.0,0.1707,,0,522,2,299,103,1,270,0,0,191,0,0,0,89,635.0
2021-01-01,도봉구,건별집계|API_2017_2025,2021,1,1106.0,635.0,,,,,,1293.0,895.0,284844.4818548387,281191.6150870968,2926.194164516129,726.6726096774194,300405.5750451613,265657.43479354837,270385.8089741936,295172.1053548387,126589.9805032258,16525.44343548387,70649.82323870967,39414.713829032255,-24786.296380645163,780430.0,565939.0,214491.0,0.2748,,681868.0,563647.0,118221.0,0.1734,,0,44,0,60,158,4,154,0,0,98,0,0,0,28,753.0
2021-02-01,도봉구,건별집계|API_2017_2025,2021,2,1189.0,753.0,345.0,91.0,588.0,563.0,38.0,1079.0,674.0,285590.46259354835,282048.39182258066,2956.084148387097,585.9866258064516,300708.13292580645,266836.9905225806,271400.3801903226,295726.2357354839,128941.55817096774,16855.606067741937,72949.32714516128,39136.624958064516,-24325.85554516129,780430.0,565939.0,214491.0,0.2748,,681868.0,563647.0,118221.0,0.1734,,0,44,0,60,158,4,154,0,0,98,0,0,0,28,722.0
2021-03-01,도봉구,건별집계|API_2017_2025,2021,3,1155.0,722.0,381.0,52.0,586.0,528.0,41.0,1108.0,658.0,283402.77693928574,279924.0640642857,2925.8377928571426,552.8750714285715,299838.4092357143,262828.0817607143,268197.89740714285,294263.4051678571,133465.57516785714,18700.799121428572,73992.48229285715,40772.29375357142,-26065.50776071428,780430.0,565939.0,214491.0,0.2748,,681868.0,563647.0,118221.0,0.1734,,0,44,0,60,158,4,154,0,0,98,0,0,0,28,777.0
2021-04-01,도봉구,건별집계|API_2017_2025,2021,4,1269.0,777.0,418.0,74.0,609.0,616.0,44.0,1103.0,672.0,280484.299316129,276870.91746774194,3055.149741935484,558.2321193548387,299591.9068064516,257852.14372580647,263169.7714387097,292851.819216129,130015.6146,18011.573622580643,71529.89226451612,40474.148712903225,-29682.04777741935,780430.0,565939.0,214491.0,0.2748,,681868.0,563647.0,118221.0,0.1734,,0,44,0,60,158,4,154,0,0,98,0,0,0,28,833.0
2021-05-01,도봉구,건별집계|API_2017_2025,2021,5,1306.0,833.0,395.0,78.0,676.0,595.0,35.0,1273.0,763.0,277741.37572,273988.60424333334,3118.6754333333333,634.0960433333333,297544.5304233333,253921.71359333335,259680.91666333334,290641.70361333335,136519.12311333333,18220.535733333334,75463.84741,42834.73997,-30960.786949999998,780430.0,565939.0,214491.0,0.2748,,681868.0,563647.0,118221.0,0.1734,,0,44,0,60,158,4,154,0,0,98,0,0,0,28,918.0
2021-06-01,도봉구,건별집계|API_2017_2025,2021,6,1503.0,918.0,487.0,98.0,728.0,723.0,52.0,1238.0,769.0,279011.4074064516,275323.2684709677,2984.0344548387097,704.1044774193548,297144.1188935484,257346.3776451613,262840.48532903224,290562.0660290323,133090.1281967742,18502.742216129034,72651.59994193548,41935.78603870967,-27721.5807,780430.0,565939.0,214491.0,0.2748,,681868.0,563647.0,118221.0,0.1734,,0,44,0,60,158,4,154,0,0,98,0,0,0,28,1017.0
2021-07-01,도봉구,건별집계|API_2017_2025,2021,7,1610.0,1017.0,492.0,101.0,831.0,727.0,52.0,1383.0,862.0,274866.86061333335,271224.60236333334,2974.274823333333,667.9834333333333,294773.57409999997,252158.72611666666,257327.97823333333,287394.6337566667,131858.96697333333,17951.24309,73130.70381666668,40777.020066666664,-30066.655523333335,780430.0,565939.0,214491.0,0.2748,,681868.0,563647.0,118221.0,0.1734,,0,44,0,60,158,4,154,0,0,98,0,0,0,28,952.0
2021-08-01,도봉구,건별집계|API_2017_2025,2021,8,1493.0,952.0,446.0,95.0,793.0,652.0,48.0,1515.0,843.0,276688.26673870964,273080.746667742,2925.7914645161286,681.7286032258064,295326.45807096775,254749.0517935484,260077.87207741936,288552.8343612903,127349.92997741935,16931.0106516129,72319.44698709677,38099.47233870968,-28474.962283870973,780430.0,565939.0,214491.0,0.2748,,681868.0,563647.0,118221.0,0.1734,,0,44,0,60,158,4,154,0,0,98,0,0,0,28,1020.0
2021-09-01,도봉구,건별집계|API_2017_2025,2021,9,1628.0,1020.0,519.0,89.0,827.0,753.0,48.0,1267.0,769.0,276546.9393967742,273160.2548258064,2856.728687096774,529.9558838709677,294489.8359225806,254065.65368064516,260013.9167064516,288356.24131935486,128685.72148064517,16584.477306451612,73882.09811290322,38219.146061290325,-28342.32461290322,780430.0,565939.0,214491.0,0.2748,,681868.0,563647.0,118221.0,0.1734,,0,44,0,60,158,4,154,0,0,98,0,0,0,28,1008.0
2021-10-01,도봉구,건별집계|API_2017_2025,2021,10,1556.0,1008.0,478.0,70.0,804.0,690.0,62.0,1333.0,826.0,279074.08896,275661.26576,2806.837226666667,605.9859866666667,297254.4897533333,257148.12822666668,262898.8420633333,290627.8367366667,133287.26114666666,18984.193366666666,73936.63812666666,40366.42965333334,-27728.994673333327,780430.0,565939.0,214491.0,0.2748,,681868.0,563647.0,118221.0,0.1734,,0,44,0,60,158,4,154,0,0,98,0,0,0,28,916.0
2021-11-01,도봉구,건별집계|API_2017_2025,2021,11,1469.0,916.0,475.0,78.0,732.0,674.0,63.0,1235.0,754.0,276272.6672032258,272827.3209516129,2764.347635483871,680.9986354838709,296204.05896451615,252401.22542258064,258706.0040483871,288820.2837451613,130111.38893870967,17658.923474193547,73290.64311612904,39161.82234838709,-30114.279696774196,780430.0,565939.0,214491.0,0.2748,,681868.0,563647.0,118221.0,0.1734,,0,44,0,60,158,4,154,0,0,98,0,0,0,28,930.0
2021-12-01,도봉구,건별집계|API_2017_2025,2021,12,1582.0,930.0,559.0,93.0,804.0,660.0,118.0,1106.0,635.0,274451.29066,271186.2201533333,2790.0391299999997,475.0313766666667,295245.38471666665,250090.83093000003,256200.08675333334,287487.86490000004,132819.48278999998,18618.21505,73841.20104,40360.066699999996,-31287.778146666664,780430.0,565939.0,214491.0,0.2748,,681868.0,563647.0,118221.0,0.1734,,0,44,0,60,158,4,154,0,0,98,0,0,0,28,871.0
2022-01-01,도봉구,건별집계|API_2017_2025|xlsx_2022_2024,2022,1,1562.0,871.0,604.0,87.0,905.0,435.0,222.0,1189.0,753.0,277432.26791935484,274134.9238516129,2813.74114516129,483.60293548387097,296419.4023129032,254689.58006774192,260243.20042580646,289710.17329677416,128448.86894193549,17571.679719354837,72039.41552580646,38837.773696774195,-29466.972870967737,826775.0,603716.0,223059.0,0.2698,84187.0,662698.0,548153.0,114545.0,0.1728,52543.0,0,13,0,84,180,0,105,0,0,81,0,0,0,1,861.0
2022-02-01,도봉구,건별집계|xlsx_2022_2024,2022,2,1441.0,861.0,483.0,97.0,754.0,590.0,97.0,1155.0,722.0,279105.72475161287,275404.80570322584,2833.8131,867.1059387096774,297173.3665,256915.42838064514,262576.7438741936,290912.1396516129,129459.78701290322,18733.13788064516,72430.33721935483,38296.31191290323,-28335.39577741936,826775.0,603716.0,223059.0,0.2698,84187.0,662698.0,548153.0,114545.0,0.1728,52543.0,0,13,0,84,180,0,105,0,0,81,0,0,0,1,838.0
2022-03-01,도봉구,건별집계|xlsx_2022_2024,2022,3,1481.0,838.0,580.0,63.0,798.0,622.0,61.0,1269.0,777.0,279581.3316678571,275999.4443321429,2784.541314285714,797.3460321428572,296769.5616214286,258418.78126428573,264037.80503214285,290683.8506928572,127567.14912142858,17736.98889642857,71961.8086,37868.351625,-26646.045660714288,826775.0,603716.0,223059.0,0.2698,84187.0,662698.0,548153.0,114545.0,0.1728,52543.0,0,13,0,84,180,0,105,0,0,81,0,0,0,1,930.0
2022-04-01,도봉구,건별집계|xlsx_2022_2024,2022,4,1895.0,930.0,908.0,57.0,1022.0,792.0,81.0,1306.0,833.0,277678.30302903225,274242.5189032258,2747.3348322580646,688.4493,295305.52473225805,257069.96910000002,261955.12909354837,288909.1415612903,122408.11532580646,16800.84412903226,68405.29396129033,37201.97723548387,-26954.012467741934,826775.0,603716.0,223059.0,0.2698,84187.0,662698.0,548153.0,114545.0,0.1728,52543.0,0,13,0,84,180,0,105,0,0,81,0,0,0,1,929.0
2022-05-01,도봉구,건별집계|xlsx_2022_2024,2022,5,1603.0,929.0,571.0,103.0,846.0,681.0,76.0,1503.0,918.0,273182.84282,269679.0046366667,2751.2878800000003,752.5503066666666,294665.61398333334,248634.43716333335,254587.88128666667,286464.95821,131193.77258333334,17733.63032,73030.98990333333,40429.15236,-31877.07692333333,826775.0,603716.0,223059.0,0.2698,84187.0,662698.0,548153.0,114545.0,0.1728,52543.0,0,13,0,84,180,0,105,0,0,81,0,0,0,1,961.0
2022-06-01,도봉구,건별집계|xlsx_2022_2024,2022,6,1481.0,961.0,460.0,60.0,779.0,633.0,69.0,1610.0,1017.0,275027.7218516129,271540.65272258065,2770.8838967741935,716.1852387096774,297851.6791451613,249480.7513612903,255820.62192903223,288747.0789548387,132263.7829516129,19050.44280645161,72410.29550967742,40803.044635483864,-32926.45702580645,826775.0,603716.0,223059.0,0.2698,84187.0,662698.0,548153.0,114545.0,0.1728,52543.0,0,13,0,84,180,0,105,0,0,81,0,0,0,1,953.0
2022-07-01,도봉구,건별집계|xlsx_2022_2024,2022,7,1498.0,953.0,454.0,91.0,800.0,613.0,85.0,1493.0,952.0,277468.73151,273948.93821,2774.6514933333333,745.1418233333334,299513.59081666666,252383.78727666667,258613.22092666666,290936.9533633333,131001.7694,18246.083543333334,72963.08784,39792.59801666667,-32323.732436666676,826775.0,603716.0,223059.0,0.2698,84187.0,662698.0,548153.0,114545.0,0.1728,52543.0,0,13,0,84,180,0,105,0,0,81,0,0,0,1,1061.0
2022-08-01,도봉구,건별집계|xlsx_2022_2024,2022,8,1650.0,1061.0,507.0,82.0,890.0,683.0,77.0,1628.0,1020.0,269380.19287096773,265798.7799967742,2838.391558064516,743.0213161290324,290509.2112935484,245256.26227096774,251056.025283871,282468.88399999996,123198.77426129032,17591.33893870968,68490.43446451613,37117.000858064515,-31412.85871612903,826775.0,603716.0,223059.0,0.2698,84187.0,662698.0,548153.0,114545.0,0.1728,52543.0,0,13,0,84,180,0,105,0,0,81,0,0,0,1,1194.0
2022-09-01,도봉구,건별집계|xlsx_2022_2024,2022,9,1955.0,1194.0,663.0,98.0,1086.0,783.0,86.0,1556.0,1008.0,266278.7220451613,262704.1631225807,2742.4761548387096,832.0827838709677,286838.67125161295,242139.54415806453,248132.04858064518,279240.63167419354,120076.03601935484,16712.017306451613,66941.59536129032,36422.4233516129,-31108.583093548386,826775.0,603716.0,223059.0,0.2698,84187.0,662698.0,548153.0,114545.0,0.1728,52543.0,0,13,0,84,180,0,105,0,0,81,0,0,0,1,1013.0
2022-10-01,도봉구,건별집계|xlsx_2022_2024,2022,10,1654.0,1013.0,560.0,81.0,908.0,674.0,72.0,1469.0,916.0,268564.25881666667,265078.1968,2722.09184,763.97018,289222.0544466667,245063.88408666666,250889.89788666664,281188.80234999995,122588.96061666666,19567.427366666667,64944.246210000005,38077.287039999996,-30298.90446333333,826775.0,603716.0,223059.0,0.2698,84187.0,662698.0,548153.0,114545.0,0.1728,52543.0,0,13,0,84,180,0,105,0,0,81,0,0,0,1,983.0
2022-11-01,도봉구,건별집계|xlsx_2022_2024,2022,11,1474.0,983.0,423.0,68.0,795.0,630.0,49.0,1582.0,930.0,267025.68797419354,263567.24452580645,2686.8824322580645,771.5610322580645,288170.9717064516,242224.6524548387,248776.2080967742,280061.0307451613,117109.56872903225,17858.092616129034,62634.77147096774,36616.70464193548,-31284.822648387097,826775.0,603716.0,223059.0,0.2698,84187.0,662698.0,548153.0,114545.0,0.1728,52543.0,0,13,0,84,180,0,105,0,0,81,0,0,0,1,975.0
2022-12-01,도봉구,건별집계|xlsx_2022_2024,2022,12,1534.0,975.0,479.0,80.0,858.0,630.0,46.0,1562.0,871.0,266426.4941,263259.31914,2655.5106366666664,511.66429666666664,288597.39467666665,240939.86606666667,247144.82579333335,280199.1142866667,118882.58308666667,18162.686953333334,63726.360146666666,36993.53598666667,-33054.28849333333,826775.0,603716.0,223059.0,0.2698,84187.0,662698.0,548153.0,114545.0,0.1728,52543.0,0,13,0,84,180,0,105,0,0,81,0,0,0,1,1033.0
2017-01-01,동대문구,API_2017_2025,2017,1,,,,,,,,,,,,,,,,,,,,,,,,,,,,,,,,,0,44,8,140,2,0,284,0,0,257,0,0,0,43,1133.0
2017-02-01,동대문구,API_2017_2025,2017,2,1724.0,1133.0,,,,,,,,,,,,,,,,,,,,,,,,,,,,,,,0,44,8,140,2,0,284,0,0,257,0,0,0,43,924.0
2017-03-01,동대문구,API_2017_2025,2017,3,1436.0,924.0,,,,,,,,,,,,,,,,,,,,,,,,,,,,,,,0,44,8,140,2,0,284,0,0,257,0,0,0,43,1082.0
2017-04-01,동대문구,API_2017_2025,2017,4,1770.0,1082.0,,,,,,,,,,,,,,,,,,,,,,,,,,,,,,,0,44,8,140,2,0,284,0,0,257,0,0,0,43,1088.0
2017-05-01,동대문구,API_2017_2025,2017,5,1743.0,1088.0,,,,,,,,,,,,,,,,,,,,,,,,,,,,,,,0,44,8,140,2,0,284,0,0,257,0,0,0,43,1219.0
2017-06-01,동대문구,API_2017_2025,2017,6,1942.0,1219.0,,,,,,,,,,,,,,,,,,,,,,,,,,,,,,,0,44,8,140,2,0,284,0,0,257,0,0,0,43,1279.0
2017-07-01,동대문구,API_2017_2025,2017,7,2053.0,1279.0,,,,,,,,,,,,,,,,,,,,,,,,,,,,,,,0,44,8,140,2,0,284,0,0,257,0,0,0,43,1276.0
2017-08-01,동대문구,API_2017_2025,2017,8,2038.0,1276.0,,,,,,,,,,,,,,,,,,,,,,,,,,,,,,,0,44,8,140,2,0,284,0,0,257,0,0,0,43,1346.0
2017-09-01,동대문구,API_2017_2025,2017,9,2067.0,1346.0,,,,,,,,,,,,,,,,,,,,,,,,,,,,,,,0,44,8,140,2,0,284,0,0,257,0,0,0,43,1202.0
2017-10-01,동대문구,API_2017_2025,2017,10,1959.0,1202.0,,,,,,,,,,,,,,,,,,,,,,,,,,,,,,,0,44,8,140,2,0,284,0,0,257,0,0,0,43,1144.0
2017-11-01,동대문구,API_2017_2025,2017,11,1859.0,1144.0,,,,,,,,,,,,,,,,,,,,,,,,,,,,,,,0,44,8,140,2,0,284,0,0,257,0,0,0,43,1119.0
2017-12-01,동대문구,API_2017_2025,2017,12,1686.0,1119.0,,,,,,,,,,,,,,,,,,,,,,,,,,,,,,,0,44,8,140,2,0,284,0,0,257,0,0,0,43,1218.0
2018-01-01,동대문구,API_2017_2025,2018,1,1977.0,1218.0,,,,,,1724.0,1133.0,,,,,,,,,,,,,,,,,,,,,,,,0,80,5,104,4,0,365,0,0,222,0,0,0,31,1258.0
2018-02-01,동대문구,API_2017_2025,2018,2,2034.0,1258.0,,,,,,1436.0,924.0,,,,,,,,,,,,,,,,,,,,,,,,0,80,5,104,4,0,365,0,0,222,0,0,0,31,1076.0
2018-03-01,동대문구,API_2017_2025,2018,3,1761.0,1076.0,,,,,,1770.0,1082.0,,,,,,,,,,,,,,,,,,,,,,,,0,80,5,104,4,0,365,0,0,222,0,0,0,31,1156.0
2018-04-01,동대문구,API_2017_2025,2018,4,1880.0,1156.0,,,,,,1743.0,1088.0,,,,,,,,,,,,,,,,,,,,,,,,0,80,5,104,4,0,365,0,0,222,0,0,0,31,1105.0
2018-05-01,동대문구,API_2017_2025,2018,5,1798.0,1105.0,,,,,,1942.0,1219.0,414345.8346346154,384336.9149115384,26371.939888461537,3636.9798115384615,422758.7916653846,404683.12513846153,413159.5666076923,415193.16894615383,228166.09085,37522.32681153846,90339.32706153845,100304.43697692307,-2033.6023384615435,,,,,,,,,,,0,80,5,104,4,0,365,0,0,222,0,0,0,31,1291.0
2018-06-01,동대문구,API_2017_2025,2018,6,1951.0,1291.0,,,,,,2053.0,1279.0,408923.86031290324,379606.8201483871,26110.604296774192,3206.4358806451614,418396.5648548387,398606.08781612903,407768.5915064516,408801.6495774194,221284.45435161292,36800.84437096774,87776.55530967742,96707.05467096774,-1033.0580709677438,,,,,,,,,,,0,80,5,104,4,0,365,0,0,222,0,0,0,31,1253.0
2018-07-01,동대문구,API_2017_2025,2018,7,1964.0,1253.0,,,,,,2038.0,1276.0,407178.3029633333,379025.76424333337,25080.23843,3072.300296666667,415887.17515666666,397050.27362666663,406108.6876633333,407942.31389666663,212796.67565000002,35046.324106666674,87095.68821666666,90654.66332666666,-1833.6262333333336,,,,,,,,,,,0,80,5,104,4,0,365,0,0,222,0,0,0,31,1325.0
2018-08-01,동대문구,API_2017_2025,2018,8,2126.0,1325.0,,,,,,2067.0,1346.0,390642.5736032258,366944.3446451613,20082.466616129033,3615.7623451612903,400292.0666225807,380669.3144516129,388023.4376709678,392513.38498064515,205833.72524838708,35172.189170967744,84193.46142580645,86468.0746516129,-4489.947309677418,,,,,,,,,,,0,80,5,104,4,0,365,0,0,222,0,0,0,31,1276.0
2018-09-01,동대문구,API_2017_2025,2018,9,2118.0,1276.0,,,,,,1959.0,1202.0,388528.6790483871,364268.7942612903,19889.97902580645,4369.905770967742,397403.39696451614,379596.7410870968,385623.52157741936,389725.0882967742,205725.24103870968,35285.59693548387,83415.74750322581,87023.89660000001,-4101.566719354836,,,,,,,,,,,0,80,5,104,4,0,365,0,0,222,0,0,0,31,1177.0
2018-10-01,동대문구,API_2017_2025,2018,10,1869.0,1177.0,,,,,,1859.0,1144.0,407719.72181333334,378116.6799033333,25079.27430666667,4523.767613333333,417717.5371133333,397305.0952366667,408518.23778666666,407149.35326,209452.6551433333,40397.461260000004,79640.35969,89414.83419333333,1368.8845266666651,,,,,,,,,,,0,80,5,104,4,0,365,0,0,222,0,0,0,31,1164.0
2018-11-01,동대문구,API_2017_2025,2018,11,1849.0,1164.0,,,,,,1686.0,1119.0,413838.9912032258,383990.66879354836,26105.12030967742,3743.2020967741937,422035.0478548387,404716.8070354839,412956.85882258066,413529.5896225807,213924.21410967744,36412.9075,83833.27728064515,93678.02932903226,-572.7308000000006,,,,,,,,,,,0,80,5,104,4,0,365,0,0,222,0,0,0,31,1043.0
2018-12-01,동대문구,API_2017_2025,2018,12,1693.0,1043.0,,,,,,1977.0,1218.0,414179.92637000006,384708.34901,25653.050706666665,3818.52665,423509.6095266667,404356.51623666665,414613.7078,413870.0824766667,221939.76661666666,39229.50361666667,85695.58453000001,97014.67847,743.6253233333351,,,,,,,,,,,0,80,5,104,4,0,365,0,0,222,0,0,0,31,1242.0
2019-01-01,동대문구,API_2017_2025,2019,1,1953.0,1242.0,,,,,,2034.0,1258.0,410605.50491935486,380697.2791451613,25842.070906451616,4066.1548741935485,417800.3638483871,401140.4696354839,411694.39032903226,409827.72963225807,207689.17631935485,36827.312667741935,81670.23898387096,89191.62466774193,1866.6606967741955,,,,,,,,,,,0,58,4,107,4,1,340,0,0,188,0,0,0,10,1070.0
2019-02-01,동대문구,API_2017_2025,2019,2,1702.0,1070.0,,,,,,1761.0,1076.0,396572.15911612904,371439.4367612903,21328.107032258064,3804.615329032258,404109.45378387097,387896.8873580645,396843.5784645161,396378.28816129034,213852.0826645161,37829.59194838709,84554.18052580644,91468.31019032259,465.2903032258093,,,,,,,,,,,0,58,4,107,4,1,340,0,0,188,0,0,0,10,939.0
2019-03-01,동대문구,API_2017_2025,2019,3,1531.0,939.0,,,,,,1880.0,1156.0,382543.4248642857,359177.0183071429,19345.85422857143,4020.5523214285713,390427.9847678571,373470.4734285714,383125.59278571425,382127.5906464286,203313.08057142858,38395.884874999996,79494.35285,85422.84284642858,998.0021392857141,,,,,,,,,,,0,58,4,107,4,1,340,0,0,188,0,0,0,10,1143.0
2019-04-01,동대문구,API_2017_2025,2019,4,1829.0,1143.0,,,,,,1798.0,1105.0,409290.3112258065,379783.4031709677,25723.653938709675,3783.2541225806453,416893.8477,401499.58212903223,411111.27929032256,407989.6197322581,199374.0156483871,41386.46809354839,72860.12030967743,85127.42724516129,3121.6595580645107,,,,,,,,,,,0,58,4,107,4,1,340,0,0,188,0,0,0,10,1126.0
2019-05-01,동대문구,API_2017_2025,2019,5,1804.0,1126.0,,,,,,1951.0,1291.0,403318.27713,374119.97812,25933.33644333333,3264.962566666667,410288.60945000005,395828.72515666665,403158.01334,403432.75128,220496.41025333334,37290.818686666666,86015.35054666667,97190.24102,-274.7379400000015,,,,,,,,,,,0,58,4,107,4,1,340,0,0,188,0,0,0,10,1192.0
2019-06-01,동대문구,API_2017_2025,2019,6,1926.0,1192.0,,,,,,1964.0,1253.0,390138.1041709677,361015.3137225807,25876.93701290323,3245.8534322580645,397531.9357612903,381992.7633258065,389132.1458419355,390856.64583870966,197955.30244516127,34619.798106451606,76757.60138387096,86577.9029548387,-1724.4999967741821,,,,,,,,,,,0,58,4,107,4,1,340,0,0,188,0,0,0,10,1115.0
2019-07-01,동대문구,API_2017_2025,2019,7,1778.0,1115.0,,,,,,2126.0,1325.0,387382.1482966666,358814.15479999996,25579.497483333333,2988.496013333333,395299.48454333335,378240.43714,386014.51793333335,388359.0271233333,186636.23240666665,32880.336143333334,73815.01224333333,79940.88402,-2344.509189999996,,,,,,,,,,,0,58,4,107,4,1,340,0,0,188,0,0,0,10,1167.0
2019-08-01,동대문구,API_2017_2025,2019,8,1921.0,1167.0,,,,,,2118.0,1276.0,366487.5961193548,342568.6124032258,20291.132132258062,3627.8515838709677,375881.42631290323,356812.05058387097,363319.71267096774,368750.37001612905,172110.68821290322,30876.649796774193,67281.00878387097,73953.02963225807,-5430.657345161287,,,,,,,,,,,0,58,4,107,4,1,340,0,0,188,0,0,0,10,1249.0
2019-09-01,동대문구,API_2017_2025,2019,9,1997.0,1249.0,,,,,,1869.0,1177.0,376538.0308709678,353421.12136129034,19330.155048387096,3786.754464516129,386435.7294548387,365424.7437548387,372776.5652516129,379224.7920419355,179249.90741290324,32236.47400967742,70946.54480645161,76066.8885967742,-6448.226790322577,,,,,,,,,,,0,58,4,107,4,1,340,0,0,188,0,0,0,10,1191.0
2019-10-01,동대문구,API_2017_2025,2019,10,1902.0,1191.0,,,,,,1849.0,1164.0,394805.20173666667,365164.43542666663,25323.199243333333,4317.567053333333,404085.06676333334,384155.6394066667,393875.17394666665,395469.50729,195832.48711000002,39081.679286666666,72376.93030666668,84373.87751666667,-1594.3333433333298,,,,,,,,,,,0,58,4,107,4,1,340,0,0,188,0,0,0,10,1156.0
2019-11-01,동대문구,API_2017_2025,2019,11,1775.0,1156.0,,,,,,1693.0,1043.0,398088.5184435484,368820.05703064514,25561.140448387097,3707.320964516129,406463.48112258065,387776.28015967744,396149.2659645161,399473.69879677414,204604.79668064517,35830.02915967742,77629.7747935484,91144.99272741935,-3324.4328322580604,,,,,,,,,,,0,58,4,107,4,1,340,0,0,188,0,0,0,10,1085.0
2019-12-01,동대문구,API_2017_2025,2019,12,1734.0,1085.0,,,,,,1953.0,1242.0,401514.94361666666,371739.89495333337,25751.468076666664,4023.5805866666665,410508.6244166667,390483.29213,400187.50581666664,402463.11347333336,198752.41147999998,36385.53785333333,75300.08329,87066.79033666666,-2275.6076566666734,,,,,,,,,,,0,58,4,107,4,1,340,0,0,188,0,0,0,10,1119.0
2020-01-01,동대문구,API_2017_2025,2020,1,1816.0,1119.0,,,,,,1702.0,1070.0,399992.17681290326,370279.5662225806,25720.04019354839,3992.570406451613,408782.6157903226,388690.2512967742,398445.2531419355,401097.1222935484,205259.81730645162,37101.66753225806,79503.69308064516,88654.45669354839,-2651.8691516129106,935118.0,690054.0,245064.0,0.2621,,1580636.0,1208757.0,371879.0,0.2353,,0,28,3,75,3,0,222,0,0,158,0,0,0,26,1044.0
2020-02-01,동대문구,API_2017_2025,2020,2,1629.0,1044.0,,,,,,1531.0,939.0,381587.7814258064,357586.52593225805,19868.001180645162,4133.254293548387,390649.0247806452,370984.53091290325,378569.0993709677,383743.9828967742,195176.24021612905,36484.760341935485,75398.17078709678,83293.30908709677,-5174.883525806449,935118.0,690054.0,245064.0,0.2621,,1580636.0,1208757.0,371879.0,0.2353,,0,28,3,75,3,0,222,0,0,158,0,0,0,26,823.0
2020-03-01,동대문구,API_2017_2025,2020,3,1418.0,823.0,,,,,,1829.0,1143.0,389359.19376896555,363235.5776655172,21302.077096551726,4821.539003448276,397624.89617931034,381115.52298965515,386089.90502068965,391694.4000310345,184445.0256137931,31025.70132413793,75261.37602758622,78157.94826206897,-5604.495010344829,935118.0,690054.0,245064.0,0.2621,,1580636.0,1208757.0,371879.0,0.2353,,0,28,3,75,3,0,222,0,0,158,0,0,0,26,682.0
2020-04-01,동대문구,API_2017_2025,2020,4,1281.0,682.0,,,,,,1804.0,1126.0,386170.000616129,358554.1134612903,22444.511906451615,5171.375267741935,393852.5761451613,378416.44912580645,382150.88496774196,389040.7975225806,171078.3279580645,26727.249109677417,73058.22081935484,71292.85802903226,-6889.912554838707,935118.0,690054.0,245064.0,0.2621,,1580636.0,1208757.0,371879.0,0.2353,,0,28,3,75,3,0,222,0,0,158,0,0,0,26,756.0
2020-05-01,동대문구,API_2017_2025,2020,5,1380.0,756.0,,,,,,1926.0,1192.0,386799.8954733333,358526.11234000005,24034.92857,4238.854563333333,395978.5352733333,377205.12949,382021.38253666664,390213.11901666666,182138.1996033333,28623.813626666666,77812.63955666666,75701.74642,-8191.736479999994,935118.0,690054.0,245064.0,0.2621,,1580636.0,1208757.0,371879.0,0.2353,,0,28,3,75,3,0,222,0,0,158,0,0,0,26,831.0
2020-06-01,동대문구,API_2017_2025,2020,6,1556.0,831.0,,,,,,1778.0,1115.0,384678.44312580646,357462.9427064516,24274.009612903224,2941.4908,393715.2267258064,374702.59585806454,380308.868316129,387799.56798064517,183889.48991935485,29937.997406451614,77843.7659548387,76107.72655806452,-7490.6996645161325,935118.0,690054.0,245064.0,0.2621,,1580636.0,1208757.0,371879.0,0.2353,,0,28,3,75,3,0,222,0,0,158,0,0,0,26,896.0
2020-07-01,동대문구,API_2017_2025,2020,7,1609.0,896.0,,,,,,1921.0,1167.0,387065.82355,359044.83736666664,24851.688693333334,3169.29747,397103.0858933333,377148.03175333334,382867.16832,390064.8629966667,188092.93439,30624.934503333334,78413.26510666666,79054.73478,-7197.69467666667,935118.0,690054.0,245064.0,0.2621,,1580636.0,1208757.0,371879.0,0.2353,,0,28,3,75,3,0,222,0,0,158,0,0,0,26,1007.0
2020-08-01,동대문구,API_2017_2025,2020,8,1741.0,1007.0,,,,,,1997.0,1249.0,380277.7948516129,353352.4213967742,23138.300867741935,3787.0726032258067,391885.66038387094,369001.2729967742,374916.8315032258,384107.0544032258,181945.3199483871,29473.210196774195,76102.87572903225,76369.23402258064,-9190.222899999999,935118.0,690054.0,245064.0,0.2621,,1580636.0,1208757.0,371879.0,0.2353,,0,28,3,75,3,0,222,0,0,158,0,0,0,26,918.0
2020-09-01,동대문구,API_2017_2025,2020,9,1793.0,918.0,,,,,,1902.0,1191.0,378344.1986935484,348573.0128096774,23017.11048387097,6754.075419354838,387500.68233870965,369880.52532580646,374115.18575161294,381364.92222580645,174528.4172451613,27324.62413548387,75149.73388387097,72054.05922580646,-7249.736474193546,935118.0,690054.0,245064.0,0.2621,,1580636.0,1208757.0,371879.0,0.2353,,0,28,3,75,3,0,222,0,0,158,0,0,0,26,854.0
2020-10-01,동대문구,API_2017_2025,2020,10,1703.0,854.0,,,,,,1775.0,1156.0,384940.97976666666,353552.8361366667,23037.26399,8350.879646666666,392822.55905333336,377130.66444333334,382590.5537033333,386619.85553,179626.16193,29052.998773333333,74416.19812,76156.96503666668,-4029.301826666668,935118.0,690054.0,245064.0,0.2621,,1580636.0,1208757.0,371879.0,0.2353,,0,28,3,75,3,0,222,0,0,158,0,0,0,26,863.0
2020-11-01,동대문구,API_2017_2025,2020,11,1701.0,863.0,,,,,,1734.0,1085.0,377580.40404193546,350557.00349354843,22484.9393,4538.461248387097,387026.3412903226,367911.579183871,374083.04163225804,380078.5200645161,185173.2149387097,31737.28977096774,75605.13538709677,77830.78978064517,-5995.478432258062,935118.0,690054.0,245064.0,0.2621,,1580636.0,1208757.0,371879.0,0.2353,,0,28,3,75,3,0,222,0,0,158,0,0,0,26,779.0
2020-12-01,동대문구,API_2017_2025,2020,12,1560.0,779.0,,,,,,1816.0,1119.0,378298.00219,352127.51214999997,22428.87717,3741.6128633333333,386398.9323766667,370336.3816466667,375968.96808,379961.5979766667,186024.85527,30516.641353333333,76093.98417000001,79414.22974666666,-3992.6298966666627,935118.0,690054.0,245064.0,0.2621,,1580636.0,1208757.0,371879.0,0.2353,,0,28,3,75,3,0,222,0,0,158,0,0,0,26,739.0
2021-01-01,동대문구,건별집계|API_2017_2025,2021,1,1417.0,739.0,,,,,,1629.0,1044.0,378669.651316129,350589.63229032257,23081.282303225806,4998.736751612903,384532.0548903226,372534.2392451613,376936.50642903225,379907.61197741935,172738.20522903223,25875.95726451613,74733.7209967742,72128.52696774194,-2971.1055483870946,925391.0,689936.0,235455.0,0.2544,,1422647.0,1130028.0,292619.0,0.2057,,0,22,1,76,7,1,150,0,0,108,0,0,0,9,887.0
2021-02-01,동대문구,건별집계|API_2017_2025,2021,2,1596.0,887.0,559.0,150.0,665.0,872.0,59.0,1418.0,823.0,371142.33971612906,347009.7165225806,21446.202577419353,2686.420616129032,377165.4881483871,363995.26216774195,368733.1761548387,372863.17082903226,174901.43902258066,27108.64204516129,75549.05669354838,72243.74028387097,-4129.994674193544,925391.0,689936.0,235455.0,0.2544,,1422647.0,1130028.0,292619.0,0.2057,,0,22,1,76,7,1,150,0,0,108,0,0,0,9,777.0
2021-03-01,동대문구,건별집계|API_2017_2025,2021,3,1403.0,777.0,541.0,85.0,603.0,708.0,92.0,1281.0,682.0,367491.60354285716,342672.2351607143,21086.58825714286,3732.7801357142857,375047.3274857143,358439.8424142857,364449.13100714283,369664.7982357143,180548.37452142857,30557.792275000003,75273.31725357144,74717.26499285715,-5215.6672285714285,925391.0,689936.0,235455.0,0.2544,,1422647.0,1130028.0,292619.0,0.2057,,0,22,1,76,7,1,150,0,0,108,0,0,0,9,907.0
2021-04-01,동대문구,건별집계|API_2017_2025,2021,4,1595.0,907.0,607.0,81.0,684.0,834.0,77.0,1380.0,756.0,377339.8328225806,350685.2028322581,21937.594432258065,4717.0355709677415,385784.3104451613,368668.5262354839,374113.72487419355,379644.19565806456,184551.32652580645,34565.32227741935,73421.49731612903,76564.50693225807,-5530.4707838709655,925391.0,689936.0,235455.0,0.2544,,1422647.0,1130028.0,292619.0,0.2057,,0,22,1,76,7,1,150,0,0,108,0,0,0,9,921.0
2021-05-01,동대문구,건별집계|API_2017_2025,2021,5,1582.0,921.0,546.0,115.0,700.0,799.0,83.0,1556.0,831.0,375370.04989333334,348818.46674999996,22074.516059999998,4477.06708,385004.4256733333,365298.9842933333,370973.85329,378510.19031000003,191589.67448000002,30256.331376666665,80784.02004,80549.32306333333,-7536.337020000003,925391.0,689936.0,235455.0,0.2544,,1422647.0,1130028.0,292619.0,0.2057,,0,22,1,76,7,1,150,0,0,108,0,0,0,9,986.0
2021-06-01,동대문구,건별집계|API_2017_2025,2021,6,1778.0,986.0,631.0,161.0,758.0,937.0,83.0,1609.0,896.0,371817.9768096774,346445.29107419355,22266.749432258064,3105.9363193548384,381664.3481806452,360832.525383871,366894.07971290324,375335.04617096775,182426.2891387097,29205.706874193547,78031.59600322582,75188.98626129032,-8440.966458064513,925391.0,689936.0,235455.0,0.2544,,1422647.0,1130028.0,292619.0,0.2057,,0,22,1,76,7,1,150,0,0,108,0,0,0,9,1189.0
2021-07-01,동대문구,건별집계|API_2017_2025,2021,7,1999.0,1189.0,663.0,147.0,927.0,976.0,96.0,1741.0,1007.0,370953.90014,344544.5509533333,21993.849646666666,4415.499543333333,381238.4813033333,359805.84068333334,366212.06936,374340.92211,184277.17171666666,29719.725326666667,78174.52994666666,76382.91644333334,-8128.852750000001,925391.0,689936.0,235455.0,0.2544,,1422647.0,1130028.0,292619.0,0.2057,,0,22,1,76,7,1,150,0,0,108,0,0,0,9,1235.0
2021-08-01,동대문구,건별집계|API_2017_2025,2021,8,2175.0,1235.0,746.0,194.0,993.0,1044.0,138.0,1793.0,918.0,361108.5152645162,337064.0794096774,21204.13536451613,2840.3004903225806,370555.8320580645,350661.63449354836,356012.6689580645,364748.40547419357,169851.35764193546,27092.963370967744,72180.8701548387,70577.52411612903,-8735.736516129034,925391.0,689936.0,235455.0,0.2544,,1422647.0,1130028.0,292619.0,0.2057,,0,22,1,76,7,1,150,0,0,108,0,0,0,9,1187.0
2021-09-01,동대문구,건별집계|API_2017_2025,2021,9,1915.0,1187.0,621.0,107.0,984.0,829.0,102.0,1703.0,854.0,362018.2579451613,334904.9404032258,21501.644667741937,5611.672870967742,371384.8851032258,351268.76998064516,356418.8958709677,366017.80230000004,168178.07919999998,27714.20267741936,71726.6326064516,68737.24391612904,-9598.906429032264,925391.0,689936.0,235455.0,0.2544,,1422647.0,1130028.0,292619.0,0.2057,,0,22,1,76,7,1,150,0,0,108,0,0,0,9,1266.0
2021-10-01,동대문구,건별집계|API_2017_2025,2021,10,2116.0,1266.0,740.0,110.0,1024.0,969.0,123.0,1701.0,863.0,369428.63949333335,338459.22882,22215.59043,8753.820249999999,379275.8212033333,358154.1350066667,365096.32944000006,372523.14668,172521.20473333335,31246.373770000002,70837.44936,70437.38160333334,-7426.81724,925391.0,689936.0,235455.0,0.2544,,1422647.0,1130028.0,292619.0,0.2057,,0,22,1,76,7,1,150,0,0,108,0,0,0,9,1196.0
2021-11-01,동대문구,건별집계|API_2017_2025,2021,11,2023.0,1196.0,708.0,119.0,978.0,959.0,86.0,1560.0,779.0,369100.32861612906,341753.92411935487,22745.57614516129,4600.82835483871,379237.5701483871,356608.284,364322.4325645161,372513.11151612905,172720.83254838712,29181.708806451614,71990.0480935484,71549.0756483871,-8190.678951612905,925391.0,689936.0,235455.0,0.2544,,1422647.0,1130028.0,292619.0,0.2057,,0,22,1,76,7,1,150,0,0,108,0,0,0,9,1188.0
2021-12-01,동대문구,건별집계|API_2017_2025,2021,12,1969.0,1188.0,696.0,85.0,1037.0,759.0,173.0,1417.0,739.0,371678.2596233333,344381.42585999996,23467.8569,3828.9768833333337,382519.54096,359367.15143333335,367842.9430833334,374417.77144000004,183449.28679666668,31751.512143333333,74548.79842333333,77148.97623,-6574.828356666669,925391.0,689936.0,235455.0,0.2544,,1422647.0,1130028.0,292619.0,0.2057,,0,22,1,76,7,1,150,0,0,108,0,0,0,9,1187.0
2022-01-01,동대문구,건별집계|API_2017_2025|xlsx_2022_2024,2022,1,2110.0,1187.0,801.0,122.0,1227.0,591.0,292.0,1596.0,887.0,371277.7775,343451.19205161295,24021.908267741936,3804.677170967742,381399.88088709675,358887.7694935484,367063.6607677419,374287.86087741936,173591.16082903225,29024.599496774194,71765.94235806451,72800.61897419355,-7224.200109677425,969877.0,737020.0,232857.0,0.2401,93822.0,1555312.0,1242204.0,313108.0,0.2013,140259.0,0,10,4,72,8,1,100,0,0,96,0,0,0,14,1097.0
2022-02-01,동대문구,건별집계|xlsx_2022_2024,2022,2,1900.0,1097.0,692.0,111.0,915.0,884.0,101.0,1403.0,777.0,363389.08434838714,338278.3644451613,22653.195625806453,2457.524280645161,372817.872,351035.82323225803,359011.2006774193,366516.14412580646,173443.00077419356,30216.53698064516,71168.94648064517,72057.51731290323,-7504.943448387104,969877.0,737020.0,232857.0,0.2401,93822.0,1555312.0,1242204.0,313108.0,0.2013,140259.0,0,10,4,72,8,1,100,0,0,96,0,0,0,14,946.0
2022-03-01,동대문구,건별집계|xlsx_2022_2024,2022,3,1785.0,946.0,734.0,105.0,852.0,855.0,78.0,1595.0,907.0,368926.46593214286,340537.46536071424,22946.964064285716,5442.0365,377593.0354214286,359145.66364642855,364851.7878785714,371836.9502642857,171534.52669642857,30189.535339285714,71264.44133571429,70080.55002142857,-6985.16238571429,969877.0,737020.0,232857.0,0.2401,93822.0,1555312.0,1242204.0,313108.0,0.2013,140259.0,0,10,4,72,8,1,100,0,0,96,0,0,0,14,1207.0
2022-04-01,동대문구,건별집계|xlsx_2022_2024,2022,4,2411.0,1207.0,1085.0,119.0,1236.0,1081.0,94.0,1582.0,921.0,380022.5211419355,349655.68273225805,24114.191141935484,6252.647287096774,388000.19748064515,370651.7164870968,376436.0438516129,382584.29065161286,172382.01802903228,32878.73425806451,69137.70023548386,70365.58353548388,-6148.246800000002,969877.0,737020.0,232857.0,0.2401,93822.0,1555312.0,1242204.0,313108.0,0.2013,140259.0,0,10,4,72,8,1,100,0,0,96,0,0,0,14,1131.0
2022-05-01,동대문구,건별집계|xlsx_2022_2024,2022,5,2051.0,1131.0,776.0,144.0,991.0,991.0,69.0,1778.0,986.0,373746.54013333336,346014.56710333336,24498.97582666667,3232.9972199999997,384638.93833333335,361058.81113000005,368348.39431999996,377602.3585866667,182851.12284999999,30464.254456666666,75949.93092,76436.93747333334,-9253.964266666675,969877.0,737020.0,232857.0,0.2401,93822.0,1555312.0,1242204.0,313108.0,0.2013,140259.0,0,10,4,72,8,1,100,0,0,96,0,0,0,14,1155.0
2022-06-01,동대문구,건별집계|xlsx_2022_2024,2022,6,1958.0,1155.0,685.0,118.0,922.0,971.0,65.0,1999.0,1189.0,379837.2507516129,350997.8361419355,25301.84768064516,3537.566929032258,390996.3316354839,367833.9548516129,374795.7345354839,383438.33378387097,186442.6302548387,32588.62749032258,75600.78151935483,78253.22124516129,-8642.599248387101,969877.0,737020.0,232857.0,0.2401,93822.0,1555312.0,1242204.0,313108.0,0.2013,140259.0,0,10,4,72,8,1,100,0,0,96,0,0,0,14,1025.0
2022-07-01,동대문구,건별집계|xlsx_2022_2024,2022,7,1796.0,1025.0,636.0,135.0,846.0,903.0,47.0,2175.0,1235.0,385099.8966733333,354937.18670666666,26129.770656666667,4032.9393166666664,396328.4712566667,372746.2452333334,380575.20474333334,388331.81947333337,184749.08422333334,31261.24939333333,75979.78235333334,77508.05247666666,-7756.614730000001,969877.0,737020.0,232857.0,0.2401,93822.0,1555312.0,1242204.0,313108.0,0.2013,140259.0,0,10,4,72,8,1,100,0,0,96,0,0,0,14,1232.0
2022-08-01,동대문구,건별집계|xlsx_2022_2024,2022,8,2110.0,1232.0,759.0,119.0,1045.0,1015.0,50.0,1915.0,1187.0,366522.40166774194,338916.3749741935,24549.28389032258,3056.7428161290322,378510.5023774193,353215.85416129034,360941.43077096774,370508.8094741936,172502.79896774195,29900.700587096773,70662.97289354839,71939.12548709677,-9567.378703225811,969877.0,737020.0,232857.0,0.2401,93822.0,1555312.0,1242204.0,313108.0,0.2013,140259.0,0,10,4,72,8,1,100,0,0,96,0,0,0,14,1270.0
2022-09-01,동대문구,건별집계|xlsx_2022_2024,2022,9,2176.0,1270.0,751.0,155.0,1104.0,1006.0,66.0,2116.0,1266.0,364245.3660645161,332892.9040483871,24492.33144516129,6860.1305741935485,375369.2720935484,350881.0756290323,357992.1482,368711.9502516129,170010.76463548388,29935.3546,69919.16915806451,70156.24087741935,-10719.802051612907,969877.0,737020.0,232857.0,0.2401,93822.0,1555312.0,1242204.0,313108.0,0.2013,140259.0,0,10,4,72,8,1,100,0,0,96,0,0,0,14,1220.0
2022-10-01,동대문구,건별집계|xlsx_2022_2024,2022,10,2084.0,1220.0,734.0,130.0,981.0,1047.0,56.0,2023.0,1196.0,375952.71173333336,342179.0997833333,25818.2875,7955.3244466666665,387052.50162,363509.48026333336,372184.39444666664,378644.3669466667,180111.04148666665,36423.15456666667,68588.93497999999,75098.95194,-6459.972500000002,969877.0,737020.0,232857.0,0.2401,93822.0,1555312.0,1242204.0,313108.0,0.2013,140259.0,0,10,4,72,8,1,100,0,0,96,0,0,0,14,1105.0
2022-11-01,동대문구,건별집계|xlsx_2022_2024,2022,11,1863.0,1105.0,639.0,119.0,875.0,944.0,44.0,1969.0,1188.0,375005.88040645164,344784.29999354837,26362.865596774194,3858.7148193548387,386316.27352903225,361518.96701935487,370030.2635354839,378559.892467742,173803.41757096775,31267.043851612903,68146.7498516129,74389.62386774193,-8529.628932258056,969877.0,737020.0,232857.0,0.2401,93822.0,1555312.0,1242204.0,313108.0,0.2013,140259.0,0,10,4,72,8,1,100,0,0,96,0,0,0,14,1133.0
2022-12-01,동대문구,건별집계|xlsx_2022_2024,2022,12,1889.0,1133.0,642.0,114.0,928.0,915.0,46.0,2110.0,1187.0,379474.80343,348980.7889,27280.99601,3213.018536666667,390539.56697999995,366263.08216,375142.30687000003,382569.4438233333,182176.79873666668,32864.514416666665,70691.86276333334,78620.42155666667,-7427.1369533333345,969877.0,737020.0,232857.0,0.2401,93822.0,1555312.0,1242204.0,313108.0,0.2013,140259.0,0,10,4,72,8,1,100,0,0,96,0,0,0,14,1181.0
2017-01-01,동작구,API_2017_2025,2017,1,,,,,,,,,,,,,,,,,,,,,,,,,,,,,,,,,0,75,11,77,2,12,223,0,0,203,0,0,0,18,822.0
2017-02-01,동작구,API_2017_2025,2017,2,1241.0,822.0,,,,,,,,,,,,,,,,,,,,,,,,,,,,,,,0,75,11,77,2,12,223,0,0,203,0,0,0,18,781.0
2017-03-01,동작구,API_2017_2025,2017,3,1184.0,781.0,,,,,,,,,,,,,,,,,,,,,,,,,,,,,,,0,75,11,77,2,12,223,0,0,203,0,0,0,18,836.0
2017-04-01,동작구,API_2017_2025,2017,4,1282.0,836.0,,,,,,,,,,,,,,,,,,,,,,,,,,,,,,,0,75,11,77,2,12,223,0,0,203,0,0,0,18,840.0
2017-05-01,동작구,API_2017_2025,2017,5,1316.0,840.0,,,,,,,,,,,,,,,,,,,,,,,,,,,,,,,0,75,11,77,2,12,223,0,0,203,0,0,0,18,931.0
2017-06-01,동작구,API_2017_2025,2017,6,1428.0,931.0,,,,,,,,,,,,,,,,,,,,,,,,,,,,,,,0,75,11,77,2,12,223,0,0,203,0,0,0,18,936.0
2017-07-01,동작구,API_2017_2025,2017,7,1428.0,936.0,,,,,,,,,,,,,,,,,,,,,,,,,,,,,,,0,75,11,77,2,12,223,0,0,203,0,0,0,18,958.0
2017-08-01,동작구,API_2017_2025,2017,8,1486.0,958.0,,,,,,,,,,,,,,,,,,,,,,,,,,,,,,,0,75,11,77,2,12,223,0,0,203,0,0,0,18,978.0
2017-09-01,동작구,API_2017_2025,2017,9,1535.0,978.0,,,,,,,,,,,,,,,,,,,,,,,,,,,,,,,0,75,11,77,2,12,223,0,0,203,0,0,0,18,948.0
2017-10-01,동작구,API_2017_2025,2017,10,1488.0,948.0,,,,,,,,,,,,,,,,,,,,,,,,,,,,,,,0,75,11,77,2,12,223,0,0,203,0,0,0,18,893.0
2017-11-01,동작구,API_2017_2025,2017,11,1399.0,893.0,,,,,,,,,,,,,,,,,,,,,,,,,,,,,,,0,75,11,77,2,12,223,0,0,203,0,0,0,18,882.0
2017-12-01,동작구,API_2017_2025,2017,12,1309.0,882.0,,,,,,,,,,,,,,,,,,,,,,,,,,,,,,,0,75,11,77,2,12,223,0,0,203,0,0,0,18,1034.0
2018-01-01,동작구,API_2017_2025,2018,1,1550.0,1034.0,,,,,,1241.0,822.0,,,,,,,,,,,,,,,,,,,,,,,,0,90,7,88,3,28,158,0,0,178,0,0,0,39,1030.0
2018-02-01,동작구,API_2017_2025,2018,2,1581.0,1030.0,,,,,,1184.0,781.0,,,,,,,,,,,,,,,,,,,,,,,,0,90,7,88,3,28,158,0,0,178,0,0,0,39,839.0
2018-03-01,동작구,API_2017_2025,2018,3,1312.0,839.0,,,,,,1282.0,836.0,,,,,,,,,,,,,,,,,,,,,,,,0,90,7,88,3,28,158,0,0,178,0,0,0,39,814.0
2018-04-01,동작구,API_2017_2025,2018,4,1259.0,814.0,,,,,,1316.0,840.0,,,,,,,,,,,,,,,,,,,,,,,,0,90,7,88,3,28,158,0,0,178,0,0,0,39,864.0
2018-05-01,동작구,API_2017_2025,2018,5,1360.0,864.0,,,,,,1428.0,931.0,434117.5581153846,416305.096926923,16157.381334615386,1655.079873076923,463598.2871653846,401991.1289923077,409614.4860769231,451619.7524384615,204109.96945384613,39009.788957692304,81185.94609615384,83914.23439999999,-42005.266361538466,,,,,,,,,,,0,90,7,88,3,28,158,0,0,178,0,0,0,39,979.0
2018-06-01,동작구,API_2017_2025,2018,6,1469.0,979.0,,,,,,1428.0,936.0,430338.15747741936,412211.1076612903,16217.773858064515,1909.2759741935486,461282.5469451613,397008.3387387097,405506.56631612906,447081.1296806451,197251.79486129034,37983.73250967742,78721.28567096774,80546.77668064515,-41574.56336451612,,,,,,,,,,,0,90,7,88,3,28,158,0,0,178,0,0,0,39,915.0
2018-07-01,동작구,API_2017_2025,2018,7,1441.0,915.0,,,,,,1486.0,958.0,430853.74719333334,413966.75844666664,15188.48429,1698.5044633333334,460955.00402,397904.2239233333,406093.8381066667,448539.3965466667,183558.33535333336,36260.62066666667,73175.07331333333,74122.64137333333,-42445.55844,,,,,,,,,,,0,90,7,88,3,28,158,0,0,178,0,0,0,39,1002.0
2018-08-01,동작구,API_2017_2025,2018,8,1499.0,1002.0,,,,,,1535.0,978.0,423087.24822258065,407589.4331,13624.49050967742,1873.3246096774192,456826.51386129035,386683.9572967742,395271.6236709677,442955.5514709677,181038.87533870968,36667.95834193548,73200.44325806451,71170.47373870967,-47683.9278,,,,,,,,,,,0,90,7,88,3,28,158,0,0,178,0,0,0,39,1050.0
2018-09-01,동작구,API_2017_2025,2018,9,1609.0,1050.0,,,,,,1488.0,948.0,421369.8906451613,405739.78132903227,13651.947422580644,1978.161880645161,454228.0968903226,385380.075316129,394202.79974516126,439809.1196580645,184872.9575032258,34931.75579032258,75876.86331612903,74064.3383967742,-45606.31991290323,,,,,,,,,,,0,90,7,88,3,28,158,0,0,178,0,0,0,39,901.0
2018-10-01,동작구,API_2017_2025,2018,10,1399.0,901.0,,,,,,1399.0,893.0,428254.28978333337,410175.49724,15445.73231,2633.06025,456749.67016000004,397407.28311333334,405508.66305,444501.16603333334,188839.78054333333,40743.35653,73280.00446,74816.41955333334,-38992.50298333333,,,,,,,,,,,0,90,7,88,3,28,158,0,0,178,0,0,0,39,894.0
2018-11-01,동작구,API_2017_2025,2018,11,1306.0,894.0,,,,,,1309.0,882.0,437609.5096967742,419902.3305580645,16009.641916129032,1697.5372258064517,464641.3800645161,404715.2873451613,413166.67967096774,454056.06702258065,192285.47461290323,38176.69250967742,74673.04728064516,79435.73482258065,-40889.387351612895,,,,,,,,,,,0,90,7,88,3,28,158,0,0,178,0,0,0,39,907.0
2018-12-01,동작구,API_2017_2025,2018,12,1332.0,907.0,,,,,,1550.0,1034.0,438119.92866,419714.42024,16679.6003,1725.90812,468237.51402,404052.5062566667,414203.27954666666,455203.24947,200734.32269333335,41090.912646666664,76476.25761,83167.15243666667,-40999.96992333334,,,,,,,,,,,0,90,7,88,3,28,158,0,0,178,0,0,0,39,1006.0
2019-01-01,동작구,API_2017_2025,2019,1,1490.0,1006.0,,,,,,1581.0,1030.0,435937.9567032258,417673.95382903225,16241.29670967742,2022.7061612903226,462038.08628387103,406629.24570967746,413853.27896774194,451712.7265064516,189331.84131612902,38074.801,75471.55102580645,75785.48929032258,-37859.44753870968,,,,,,,,,,,1,26,3,77,3,28,239,0,0,176,0,0,0,14,904.0
2019-02-01,동작구,API_2017_2025,2019,2,1366.0,904.0,,,,,,1312.0,839.0,428400.39415806456,412284.1582322581,14361.2414,1754.9945483870968,458276.20752580644,394221.55663548387,402583.09424838715,446841.32268064516,191760.7292612903,38936.44469354839,77701.10439032258,75123.18017741936,-44258.22843225807,,,,,,,,,,,1,26,3,77,3,28,239,0,0,176,0,0,0,14,766.0
2019-03-01,동작구,API_2017_2025,2019,3,1144.0,766.0,,,,,,1259.0,814.0,415985.0151142857,399343.2253,14421.327235714285,2220.4625785714284,444569.093375,385617.2180178571,393503.6621464286,432043.1243892857,184534.2281107143,38097.001150000004,74507.18354642857,71930.04341428571,-38539.462242857146,,,,,,,,,,,1,26,3,77,3,28,239,0,0,176,0,0,0,14,807.0
2019-04-01,동작구,API_2017_2025,2019,4,1286.0,807.0,,,,,,1360.0,864.0,437870.5890548387,418294.69435161294,17557.23802580645,2018.656670967742,465234.3091387097,406346.08370967745,414320.5701225806,454692.03114193544,185322.3018451613,40879.74186774194,71745.0666,72697.49337741935,-40371.46101935484,,,,,,,,,,,1,26,3,77,3,28,239,0,0,176,0,0,0,14,896.0
2019-05-01,동작구,API_2017_2025,2019,5,1362.0,896.0,,,,,,1469.0,979.0,428482.8616633333,409058.19618,17878.322823333332,1546.3426666666667,457915.12587333337,394936.08875999996,402736.17102,446873.35499333334,198191.98518,37721.80383999999,79399.17246666667,81071.00887333333,-44137.18397333334,,,,,,,,,,,1,26,3,77,3,28,239,0,0,176,0,0,0,14,927.0
2019-06-01,동작구,API_2017_2025,2019,6,1443.0,927.0,,,,,,1441.0,915.0,412859.3464548387,393532.3539419355,17678.013722580643,1648.9787967741936,443217.9337580645,379216.4873806451,387417.59460645163,431032.0263612903,181915.04821290323,35375.20334838709,72972.27833548386,73567.56652903226,-43614.431754838704,,,,,,,,,,,1,26,3,77,3,28,239,0,0,176,0,0,0,14,917.0
2019-07-01,동작구,API_2017_2025,2019,7,1405.0,917.0,,,,,,1499.0,1002.0,412301.17270666664,393344.07234666665,17373.049489999998,1584.0508933333333,442624.67562666663,378995.8155533334,387325.93546666665,430140.6279033333,171515.19413333334,33110.770853333335,69820.62786666668,68583.79541333333,-42814.692436666664,,,,,,,,,,,1,26,3,77,3,28,239,0,0,176,0,0,0,14,949.0
2019-08-01,동작구,API_2017_2025,2019,8,1486.0,949.0,,,,,,1609.0,1050.0,399343.7430096774,382444.5960096774,15278.240006451613,1620.9070161290322,431582.01120967744,362838.09063548385,371620.9437774194,419145.74247096776,158762.37142258065,31799.140306451613,64073.84359677419,62889.387519354845,-47524.798693548386,,,,,,,,,,,1,26,3,77,3,28,239,0,0,176,0,0,0,14,966.0
2019-09-01,동작구,API_2017_2025,2019,9,1476.0,966.0,,,,,,1399.0,901.0,408960.4464,391859.02688064513,15211.139874193548,1890.2796483870968,441706.15476451616,372092.66628387093,381382.0794193548,428659.27995483874,165314.09586129032,32711.06168387097,66182.27472580645,66420.7594516129,-47277.20053548388,,,,,,,,,,,1,26,3,77,3,28,239,0,0,176,0,0,0,14,939.0
2019-10-01,동작구,API_2017_2025,2019,10,1440.0,939.0,,,,,,1306.0,894.0,418966.69127666665,400027.8147033333,16574.233573333335,2364.6429866666667,448475.46973333333,386250.65518,394544.51410333335,436411.10354333336,179736.36627,39523.39995,67881.72877,72331.23755,-41866.58944,,,,,,,,,,,1,26,3,77,3,28,239,0,0,176,0,0,0,14,904.0
2019-11-01,동작구,API_2017_2025,2019,11,1388.0,904.0,,,,,,1332.0,907.0,426797.5885935484,408163.2263096774,17022.64100483871,1611.721258064516,456358.35034354834,390051.3513225806,398803.56341774197,446793.3208532258,187003.40947741934,37614.22395483871,71129.91140645162,78259.27411612903,-47989.75743548387,,,,,,,,,,,1,26,3,77,3,28,239,0,0,176,0,0,0,14,882.0
2019-12-01,동작구,API_2017_2025,2019,12,1364.0,882.0,,,,,,1490.0,1006.0,433051.77831666666,413633.71629666665,17841.971706666667,1576.0903033333334,462873.9164066667,397259.1834266667,406289.3439566667,452167.8028633333,184657.36536666667,38301.76521333333,70639.49526,75716.10489333334,-45878.458906666674,,,,,,,,,,,1,26,3,77,3,28,239,0,0,176,0,0,0,14,918.0
2020-01-01,동작구,API_2017_2025,2020,1,1379.0,918.0,,,,,,1366.0,904.0,432939.76532903226,413480.2871870968,17627.376422580644,1832.101729032258,461524.7582064516,399508.8078419355,407827.91214838705,450876.8033096774,192765.36100645163,39452.30080967742,75102.45520000001,78210.6049967742,-43048.89116129032,870363.0,615490.0,254873.0,0.2928,,782269.0,596284.0,185985.0,0.2378,,0,23,4,67,13,66,190,0,0,152,0,0,0,9,896.0
2020-02-01,동작구,API_2017_2025,2020,2,1334.0,896.0,,,,,,1144.0,766.0,420240.29511935485,402474.13238709676,15716.46449032258,2049.6982612903225,449779.17486774194,386067.2929483871,395142.17776129034,438167.52181290323,184876.9018516129,39166.55132580645,73417.43136129032,72292.91916451613,-43025.344051612905,870363.0,615490.0,254873.0,0.2928,,782269.0,596284.0,185985.0,0.2378,,0,23,4,67,13,66,190,0,0,152,0,0,0,9,682.0
2020-03-01,동작구,API_2017_2025,2020,3,1077.0,682.0,,,,,,1286.0,807.0,429841.5825689655,410287.09753793105,16549.8151862069,3004.66984137931,457074.28796551726,397199.2377379311,404989.61044827587,447592.9912413793,175695.26678965517,32234.4205,74500.09465862068,68960.75163103448,-42603.38079310343,870363.0,615490.0,254873.0,0.2928,,782269.0,596284.0,185985.0,0.2378,,0,23,4,67,13,66,190,0,0,152,0,0,0,9,689.0
2020-04-01,동작구,API_2017_2025,2020,4,1106.0,689.0,,,,,,1362.0,896.0,428459.7085193548,408343.90443870967,16887.744738709676,3228.0593516129034,454114.93801290327,397528.90033548384,405193.7573580645,445078.24507096777,165046.7076387097,27317.495245161288,73051.29296774193,64677.91942580645,-39884.487712903225,870363.0,615490.0,254873.0,0.2928,,782269.0,596284.0,185985.0,0.2378,,0,23,4,67,13,66,190,0,0,152,0,0,0,9,671.0
2020-05-01,동작구,API_2017_2025,2020,5,1068.0,671.0,,,,,,1443.0,927.0,424786.5833033333,405807.40018,16584.600786666666,2394.582336666667,452147.32722000004,391664.80644,400183.68519333337,442360.08195333334,171554.59780333334,29211.491423333333,74499.08859666667,67844.01778333333,-42176.39676,870363.0,615490.0,254873.0,0.2928,,782269.0,596284.0,185985.0,0.2378,,0,23,4,67,13,66,190,0,0,152,0,0,0,9,724.0
2020-06-01,동작구,API_2017_2025,2020,6,1169.0,724.0,,,,,,1405.0,917.0,418847.25827419356,400164.97697741934,16473.81648064516,2208.464822580645,446177.1050483871,386878.33436774195,395059.90262903227,435838.2265935484,169585.423216129,31064.192148387097,71629.24780967741,66891.98325806452,-40778.32396451612,870363.0,615490.0,254873.0,0.2928,,782269.0,596284.0,185985.0,0.2378,,0,23,4,67,13,66,190,0,0,152,0,0,0,9,779.0
2020-07-01,동작구,API_2017_2025,2020,7,1222.0,779.0,,,,,,1486.0,949.0,414764.06739000004,396066.5416666667,16216.420436666667,2481.1053033333333,444795.032,380937.32725333335,388653.78767333337,433414.2672066667,169851.83828999999,31043.41295,71040.58101000001,67767.84433,-44760.47953333333,870363.0,615490.0,254873.0,0.2928,,782269.0,596284.0,185985.0,0.2378,,0,23,4,67,13,66,190,0,0,152,0,0,0,9,852.0
2020-08-01,동작구,API_2017_2025,2020,8,1292.0,852.0,,,,,,1476.0,966.0,412570.3375451613,392412.99594193546,15814.498906451614,4342.842709677419,442850.83948387095,377658.02522258065,386134.0016064516,431453.4346516129,167034.4199064516,31310.696925806453,69069.94819032258,66653.77479032258,-45319.43304516129,870363.0,615490.0,254873.0,0.2928,,782269.0,596284.0,185985.0,0.2378,,0,23,4,67,13,66,190,0,0,152,0,0,0,9,789.0
2020-09-01,동작구,API_2017_2025,2020,9,1302.0,789.0,,,,,,1440.0,939.0,407616.8981032258,388274.001883871,15259.618906451613,4083.2773096774195,434724.85970967746,376862.3313645161,384433.7659516129,424176.2782032258,158046.80216774193,27667.80022580645,68095.60118387097,62283.40075806452,-39742.512251612905,870363.0,615490.0,254873.0,0.2928,,782269.0,596284.0,185985.0,0.2378,,0,23,4,67,13,66,190,0,0,152,0,0,0,9,617.0
2020-10-01,동작구,API_2017_2025,2020,10,1051.0,617.0,,,,,,1388.0,904.0,406304.33189333335,387658.19081,14798.068943333334,3848.0721466666664,435113.05413,373412.6871033333,381230.23067,424214.40421999997,155854.84141333334,26834.556709999997,67776.38728666666,61243.89741666667,-42984.17355,870363.0,615490.0,254873.0,0.2928,,782269.0,596284.0,185985.0,0.2378,,0,23,4,67,13,66,190,0,0,152,0,0,0,9,654.0
2020-11-01,동작구,API_2017_2025,2020,11,1101.0,654.0,,,,,,1364.0,882.0,401127.76333548385,384119.8170967742,14499.186029032258,2508.760216129032,430252.36396451615,366761.83322258067,375928.6449483871,419127.13361935486,162535.8634580645,30762.78611935484,67090.96146129032,64682.11587741935,-43198.48867096775,870363.0,615490.0,254873.0,0.2928,,782269.0,596284.0,185985.0,0.2378,,0,23,4,67,13,66,190,0,0,152,0,0,0,9,563.0
2020-12-01,동작구,API_2017_2025,2020,12,996.0,563.0,,,,,,1379.0,918.0,400867.1356,384502.78971000004,14312.7524,2051.5935,429553.14221333334,367449.2051466667,375645.52822,418882.56945,157003.62125999999,29888.22621333333,62142.79654,64972.59850666667,-43237.04123,870363.0,615490.0,254873.0,0.2928,,782269.0,596284.0,185985.0,0.2378,,0,23,4,67,13,66,190,0,0,152,0,0,0,9,563.0
2021-01-01,동작구,건별집계|API_2017_2025,2021,1,960.0,563.0,,,,,,1334.0,896.0,400393.5126451613,383490.75430322584,14366.816374193548,2535.9419806451615,424005.2786612903,372182.81233870966,378963.675667742,415700.5390774194,142576.40664516127,24977.004967741934,59411.86597419354,58187.5357032258,-36736.86340967742,839908.0,592292.0,247616.0,0.2948,,706679.0,547509.0,159170.0,0.2252,,0,22,1,48,18,85,133,0,0,104,0,0,0,2,832.0
2021-02-01,동작구,건별집계|API_2017_2025,2021,2,1349.0,832.0,427.0,90.0,619.0,705.0,25.0,1077.0,682.0,399617.5406064516,383889.0333225806,13964.518667741935,1763.9886193548386,422569.2964096774,371136.5155870968,378414.2166354839,414762.7720096774,147959.95960645162,26514.594770967742,61540.16835483871,59905.19648064516,-36348.555374193544,839908.0,592292.0,247616.0,0.2948,,706679.0,547509.0,159170.0,0.2252,,0,22,1,48,18,85,133,0,0,104,0,0,0,2,772.0
2021-03-01,동작구,건별집계|API_2017_2025,2021,3,1245.0,772.0,404.0,69.0,609.0,620.0,16.0,1106.0,689.0,395334.4608178571,378773.3123821429,13829.98500357143,2731.163414285714,421245.6952571428,365226.8369357143,372837.67897142854,411403.59069285716,156044.95818214284,29609.883475000002,62907.09063928572,63527.98406785714,-38565.91172142857,839908.0,592292.0,247616.0,0.2948,,706679.0,547509.0,159170.0,0.2252,,0,22,1,48,18,85,133,0,0,104,0,0,0,2,817.0
2021-04-01,동작구,건별집계|API_2017_2025,2021,4,1348.0,817.0,450.0,81.0,649.0,670.0,29.0,1068.0,671.0,398914.0406193548,381831.76311935484,13873.862393548387,3208.4151,427082.7993903226,366351.4606,374184.93477096775,416577.6876451613,162479.33211612902,31542.445696774193,66537.75860322581,64399.12781612903,-42392.752874193546,839908.0,592292.0,247616.0,0.2948,,706679.0,547509.0,159170.0,0.2252,,0,22,1,48,18,85,133,0,0,104,0,0,0,2,943.0
2021-05-01,동작구,건별집계|API_2017_2025,2021,5,1489.0,943.0,452.0,94.0,712.0,740.0,37.0,1169.0,724.0,395251.3345566666,379291.74703,13867.888743333333,2091.6987766666666,424570.1485966667,360908.33669333335,369375.48316666664,413734.0855333333,171552.45146,30075.444583333334,73555.5376,67921.46927666667,-44358.602366666666,839908.0,592292.0,247616.0,0.2948,,706679.0,547509.0,159170.0,0.2252,,0,22,1,48,18,85,133,0,0,104,0,0,0,2,947.0
2021-06-01,동작구,건별집계|API_2017_2025,2021,6,1563.0,947.0,471.0,145.0,708.0,836.0,19.0,1222.0,779.0,393153.858632258,377442.1570322581,13591.615887096776,2120.0857258064516,421811.9419129032,360296.8200129032,368563.5465032258,410718.36729032255,163931.8201064516,28931.916032258065,70645.01261612904,64354.891458064514,-42154.820787096774,839908.0,592292.0,247616.0,0.2948,,706679.0,547509.0,159170.0,0.2252,,0,22,1,48,18,85,133,0,0,104,0,0,0,2,1038.0
2021-07-01,동작구,건별집계|API_2017_2025,2021,7,1650.0,1038.0,484.0,128.0,808.0,808.0,34.0,1292.0,852.0,390710.1217666667,374745.93915999995,13275.367446666667,2688.8151666666668,420901.29025666666,356805.32658,364647.1296666667,409326.54470666667,165554.37519666666,29564.55659333333,71426.28609333333,64563.532510000005,-44679.41504000001,839908.0,592292.0,247616.0,0.2948,,706679.0,547509.0,159170.0,0.2252,,0,22,1,48,18,85,133,0,0,104,0,0,0,2,982.0
2021-08-01,동작구,건별집계|API_2017_2025,2021,8,1629.0,982.0,503.0,144.0,793.0,808.0,28.0,1302.0,789.0,390980.4637516129,375660.2764903226,13162.382558064517,2157.8047193548387,418257.24469354836,360552.88096451614,367602.8786774193,407678.7388096774,159036.91658064516,28075.638448387097,68898.02634193549,62063.25179032258,-40075.86013225807,839908.0,592292.0,247616.0,0.2948,,706679.0,547509.0,159170.0,0.2252,,0,22,1,48,18,85,133,0,0,104,0,0,0,2,983.0
2021-09-01,동작구,건별집계|API_2017_2025,2021,9,1544.0,983.0,471.0,90.0,784.0,722.0,38.0,1051.0,617.0,389942.6302516129,374208.7048451613,13219.354403225807,2514.571009677419,416776.0659,358958.5694580645,366799.48475161294,406473.44846129033,156716.24616451614,27435.88138064516,68375.49539354838,60904.86939032258,-39673.963709677424,839908.0,592292.0,247616.0,0.2948,,706679.0,547509.0,159170.0,0.2252,,0,22,1,48,18,85,133,0,0,104,0,0,0,2,997.0
2021-10-01,동작구,건별집계|API_2017_2025,2021,10,1640.0,997.0,550.0,93.0,841.0,768.0,31.0,1101.0,654.0,389968.7531133333,373603.44348333334,13300.278626666666,3065.0310099999997,417247.87511333334,358571.90332333336,366571.20812333334,406681.2852566667,159831.70009333332,30214.05129,67142.69776666666,62474.951036666665,-40110.07713333333,839908.0,592292.0,247616.0,0.2948,,706679.0,547509.0,159170.0,0.2252,,0,22,1,48,18,85,133,0,0,104,0,0,0,2,984.0
2021-11-01,동작구,건별집계|API_2017_2025,2021,11,1588.0,984.0,512.0,92.0,809.0,758.0,21.0,996.0,563.0,391380.5550290323,375794.90803548385,13296.0767,2289.570293548387,419344.01392903225,358446.5482419355,367201.922,408651.00721935485,159126.64326774195,28993.148148387096,66979.65513225806,63153.83998709678,-41449.08521935484,839908.0,592292.0,247616.0,0.2948,,706679.0,547509.0,159170.0,0.2252,,0,22,1,48,18,85,133,0,0,104,0,0,0,2,964.0
2021-12-01,동작구,건별집계|API_2017_2025,2021,12,1601.0,964.0,554.0,83.0,882.0,639.0,80.0,960.0,563.0,391207.55164,375536.1170166667,13318.756636666665,2352.6779833333335,419454.7539633333,357669.55803,366074.30357000005,409159.87167666666,166158.58300333333,31560.736373333333,68536.0443,66061.80233,-43085.56810666667,839908.0,592292.0,247616.0,0.2948,,706679.0,547509.0,159170.0,0.2252,,0,22,1,48,18,85,133,0,0,104,0,0,0,2,866.0
2022-01-01,동작구,건별집계|API_2017_2025|xlsx_2022_2024,2022,1,1595.0,866.0,615.0,114.0,916.0,514.0,165.0,1349.0,832.0,394658.6825516129,378304.0789645161,13509.163367741934,2845.4402387096775,421585.0011258065,362769.315016129,370435.8760580645,411960.68720322585,158469.78378064517,29410.17273870968,66245.4518,62814.159241935486,-41524.81114516129,869130.0,625104.0,244026.0,0.2808,86570.0,761982.0,601704.0,160278.0,0.2103,113381.0,0,11,0,60,8,76,115,0,0,90,0,0,0,13,925.0
2022-02-01,동작구,건별집계|xlsx_2022_2024,2022,2,1575.0,925.0,560.0,90.0,763.0,751.0,61.0,1245.0,772.0,391617.41598064516,375751.6021935484,13385.195341935485,2480.618441935484,417660.5809483871,360121.64088064514,368173.22044838715,408363.2699225806,158253.12695806453,30855.023216129033,66062.29659032257,61335.8071516129,-40190.04947419355,869130.0,625104.0,244026.0,0.2808,86570.0,761982.0,601704.0,160278.0,0.2103,113381.0,0,11,0,60,8,76,115,0,0,90,0,0,0,13,842.0
2022-03-01,동작구,건별집계|xlsx_2022_2024,2022,3,1603.0,842.0,639.0,122.0,783.0,759.0,61.0,1348.0,817.0,395868.4483321429,378835.97118214285,13411.203182142857,3621.2739857142856,420573.9739964286,366295.06151785713,374071.69619642856,411437.5570107143,156171.09183214285,29335.19355,66033.90971071429,60801.98857142857,-37365.86081428571,869130.0,625104.0,244026.0,0.2808,86570.0,761982.0,601704.0,160278.0,0.2103,113381.0,0,11,0,60,8,76,115,0,0,90,0,0,0,13,907.0
2022-04-01,동작구,건별집계|xlsx_2022_2024,2022,4,2045.0,907.0,1038.0,100.0,1024.0,964.0,57.0,1489.0,943.0,404818.1586096774,386935.5389322581,13685.3729,4197.246783870967,426635.85844838707,376859.38642258063,384627.3611064516,419240.1568290323,157211.65530322582,32059.25584516129,64044.74999032258,61107.64946774193,-34612.79572258065,869130.0,625104.0,244026.0,0.2808,86570.0,761982.0,601704.0,160278.0,0.2103,113381.0,0,11,0,60,8,76,115,0,0,90,0,0,0,13,1074.0
2022-05-01,동작구,건별집계|xlsx_2022_2024,2022,5,1827.0,1074.0,699.0,54.0,926.0,854.0,47.0,1563.0,947.0,397872.1080933333,381703.7132733333,13800.524303333334,2367.870516666667,424012.1889433333,364682.00611,373763.29563,415092.68841,164431.16723333334,30947.845726666666,66959.64803333333,66523.67347333333,-41329.392779999995,869130.0,625104.0,244026.0,0.2808,86570.0,761982.0,601704.0,160278.0,0.2103,113381.0,0,11,0,60,8,76,115,0,0,90,0,0,0,13,1045.0
2022-06-01,동작구,건별집계|xlsx_2022_2024,2022,6,1780.0,1045.0,632.0,103.0,857.0,878.0,45.0,1650.0,1038.0,400989.05516451615,384330.54442903225,14204.530329032259,2453.980412903226,429946.4338,365688.2603677419,375238.2317483871,419382.5004516129,166010.96087096774,32615.574709677418,67076.47217741936,66318.91398387097,-44144.2687032258,869130.0,625104.0,244026.0,0.2808,86570.0,761982.0,601704.0,160278.0,0.2103,113381.0,0,11,0,60,8,76,115,0,0,90,0,0,0,13,999.0
2022-07-01,동작구,건별집계|xlsx_2022_2024,2022,7,1747.0,999.0,656.0,92.0,835.0,870.0,42.0,1629.0,982.0,404623.68584000005,387343.7214766667,14622.08356,2657.8808266666665,433402.42784,369349.8419,378907.76724,422992.1991233333,163098.1483,31657.950946666664,66872.06048333333,64568.13687,-44084.43188333333,869130.0,625104.0,244026.0,0.2808,86570.0,761982.0,601704.0,160278.0,0.2103,113381.0,0,11,0,60,8,76,115,0,0,90,0,0,0,13,1216.0
2022-08-01,동작구,건별집계|xlsx_2022_2024,2022,8,1938.0,1216.0,619.0,103.0,975.0,925.0,38.0,1544.0,983.0,389742.14781935484,373353.5218419355,13942.321435483871,2446.3045677419354,419282.125883871,354543.6591483871,363467.9268870968,408509.4485064516,154583.13336774192,30242.97850967742,64402.31088387097,59937.84397419355,-45041.52161935484,869130.0,625104.0,244026.0,0.2808,86570.0,761982.0,601704.0,160278.0,0.2103,113381.0,0,11,0,60,8,76,115,0,0,90,0,0,0,13,1237.0
2022-09-01,동작구,건별집계|xlsx_2022_2024,2022,9,2258.0,1237.0,871.0,150.0,1102.0,1097.0,59.0,1640.0,997.0,385610.8677193548,368371.01565161295,14034.677567741935,3205.174496774194,414188.8609419355,350564.38094193547,359640.6809580645,404161.00112258067,153512.43819032257,29431.215193548385,65268.52227741936,58812.70071935484,-44520.320164516124,869130.0,625104.0,244026.0,0.2808,86570.0,761982.0,601704.0,160278.0,0.2103,113381.0,0,11,0,60,8,76,115,0,0,90,0,0,0,13,1182.0
2022-10-01,동작구,건별집계|xlsx_2022_2024,2022,10,1996.0,1182.0,722.0,92.0,994.0,953.0,49.0,1588.0,984.0,393924.70920333336,374467.65027,14912.610203333334,4544.448740000001,420353.5488833334,362668.3043166667,370879.36771333334,410385.6674033333,164569.01238333335,36238.821110000004,64625.35298333333,63704.83829,-39506.29969000001,869130.0,625104.0,244026.0,0.2808,86570.0,761982.0,601704.0,160278.0,0.2103,113381.0,0,11,0,60,8,76,115,0,0,90,0,0,0,13,1030.0
2022-11-01,동작구,건별집계|xlsx_2022_2024,2022,11,1700.0,1030.0,575.0,95.0,814.0,845.0,41.0,1601.0,964.0,394193.88122903224,377227.6956516129,14836.313703225807,2129.8718709677423,421521.9394483871,360732.4446064516,369955.2981,411507.15489999996,161094.7745225806,32085.468383870968,65732.51650967741,63276.78962903226,-41551.85680000001,869130.0,625104.0,244026.0,0.2808,86570.0,761982.0,601704.0,160278.0,0.2103,113381.0,0,11,0,60,8,76,115,0,0,90,0,0,0,13,1080.0
2022-12-01,동작구,건별집계|xlsx_2022_2024,2022,12,1789.0,1080.0,590.0,119.0,868.0,890.0,31.0,1595.0,866.0,397918.81971666665,380051.4525033334,15690.688443333334,2176.6787666666664,424601.58506,364986.1056633333,373534.64963666664,415336.08406,168366.99684666668,33421.149373333334,66713.24293666666,68232.60453666667,-41801.43442333333,869130.0,625104.0,244026.0,0.2808,86570.0,761982.0,601704.0,160278.0,0.2103,113381.0,0,11,0,60,8,76,115,0,0,90,0,0,0,13,1162.0
2017-01-01,마포구,API_2017_2025,2017,1,,,,,,,,,,,,,,,,,,,,,,,,,,,,,,,,,0,119,5,160,1,122,311,0,0,290,0,0,1,24,1404.0
2017-02-01,마포구,API_2017_2025,2017,2,2257.0,1404.0,,,,,,,,,,,,,,,,,,,,,,,,,,,,,,,0,119,5,160,1,122,311,0,0,290,0,0,1,24,1110.0
2017-03-01,마포구,API_2017_2025,2017,3,1868.0,1110.0,,,,,,,,,,,,,,,,,,,,,,,,,,,,,,,0,119,5,160,1,122,311,0,0,290,0,0,1,24,1351.0
2017-04-01,마포구,API_2017_2025,2017,4,2181.0,1351.0,,,,,,,,,,,,,,,,,,,,,,,,,,,,,,,0,119,5,160,1,122,311,0,0,290,0,0,1,24,1372.0
2017-05-01,마포구,API_2017_2025,2017,5,2202.0,1372.0,,,,,,,,,,,,,,,,,,,,,,,,,,,,,,,0,119,5,160,1,122,311,0,0,290,0,0,1,24,1479.0
2017-06-01,마포구,API_2017_2025,2017,6,2359.0,1479.0,,,,,,,,,,,,,,,,,,,,,,,,,,,,,,,0,119,5,160,1,122,311,0,0,290,0,0,1,24,1535.0
2017-07-01,마포구,API_2017_2025,2017,7,2461.0,1535.0,,,,,,,,,,,,,,,,,,,,,,,,,,,,,,,0,119,5,160,1,122,311,0,0,290,0,0,1,24,1585.0
2017-08-01,마포구,API_2017_2025,2017,8,2563.0,1585.0,,,,,,,,,,,,,,,,,,,,,,,,,,,,,,,0,119,5,160,1,122,311,0,0,290,0,0,1,24,1540.0
2017-09-01,마포구,API_2017_2025,2017,9,2438.0,1540.0,,,,,,,,,,,,,,,,,,,,,,,,,,,,,,,0,119,5,160,1,122,311,0,0,290,0,0,1,24,1440.0
2017-10-01,마포구,API_2017_2025,2017,10,2367.0,1440.0,,,,,,,,,,,,,,,,,,,,,,,,,,,,,,,0,119,5,160,1,122,311,0,0,290,0,0,1,24,1472.0
2017-11-01,마포구,API_2017_2025,2017,11,2369.0,1472.0,,,,,,,,,,,,,,,,,,,,,,,,,,,,,,,0,119,5,160,1,122,311,0,0,290,0,0,1,24,1366.0
2017-12-01,마포구,API_2017_2025,2017,12,2236.0,1366.0,,,,,,,,,,,,,,,,,,,,,,,,,,,,,,,0,119,5,160,1,122,311,0,0,290,0,0,1,24,1631.0
2018-01-01,마포구,API_2017_2025,2018,1,2603.0,1631.0,,,,,,2257.0,1404.0,,,,,,,,,,,,,,,,,,,,,,,,0,111,2,201,0,128,533,0,0,258,0,0,0,26,1524.0
2018-02-01,마포구,API_2017_2025,2018,2,2468.0,1524.0,,,,,,1868.0,1110.0,,,,,,,,,,,,,,,,,,,,,,,,0,111,2,201,0,128,533,0,0,258,0,0,0,26,1334.0
2018-03-01,마포구,API_2017_2025,2018,3,2218.0,1334.0,,,,,,2181.0,1351.0,,,,,,,,,,,,,,,,,,,,,,,,0,111,2,201,0,128,533,0,0,258,0,0,0,26,1399.0
2018-04-01,마포구,API_2017_2025,2018,4,2206.0,1399.0,,,,,,2202.0,1372.0,,,,,,,,,,,,,,,,,,,,,,,,0,111,2,201,0,128,533,0,0,258,0,0,0,26,1386.0
2018-05-01,마포구,API_2017_2025,2018,5,2220.0,1386.0,,,,,,2359.0,1479.0,515256.59599615383,476705.4302346154,22176.32784230769,16374.83791923077,555929.976,472556.87102692307,535386.4043961539,500878.1614269231,306920.67378461536,74626.23067692308,87546.68426153847,144747.75884615385,34508.24296923078,,,,,,,,,,,0,111,2,201,0,128,533,0,0,258,0,0,0,26,1590.0
2018-06-01,마포구,API_2017_2025,2018,6,2465.0,1590.0,,,,,,2461.0,1535.0,515530.691883871,476555.51451290323,21770.150667741935,17205.02671935484,562354.9746129032,469965.7774451613,536120.9336419355,499577.9299903226,301551.6159645162,76075.45745483872,83329.36575806452,142146.7927516129,36543.0036516129,,,,,,,,,,,0,111,2,201,0,128,533,0,0,258,0,0,0,26,1561.0
2018-07-01,마포구,API_2017_2025,2018,7,2716.0,1561.0,,,,,,2563.0,1585.0,509126.5617266667,472519.91954333335,21193.671433333333,15412.97076,551483.1974599999,467499.2692833334,528479.4713566668,495303.05486,282495.39116666664,70565.52666,79688.48535666666,132241.37915,33176.41649666668,,,,,,,,,,,0,111,2,201,0,128,533,0,0,258,0,0,0,26,1576.0
2018-08-01,마포구,API_2017_2025,2018,8,2777.0,1576.0,,,,,,2438.0,1540.0,508272.53102258063,472118.3937516129,19996.760929032258,16157.37635483871,551238.046916129,466038.41558709677,529993.1190193548,492757.82532580645,287667.0114193548,74221.31727096775,79416.42925483872,134029.2648935484,37235.29369354839,,,,,,,,,,,0,111,2,201,0,128,533,0,0,258,0,0,0,26,1555.0
2018-09-01,마포구,API_2017_2025,2018,9,2596.0,1555.0,,,,,,2367.0,1440.0,510982.4899967742,473124.4607032258,20914.392561290322,16943.636722580646,553716.457816129,470985.3438935484,532029.1240903225,494769.4209096774,297305.84965483873,75167.05357741936,82782.69810000001,139356.09797741935,37259.70318064517,,,,,,,,,,,0,111,2,201,0,128,533,0,0,258,0,0,0,26,1499.0
2018-10-01,마포구,API_2017_2025,2018,10,2359.0,1499.0,,,,,,2369.0,1472.0,509572.0474433333,470568.0700033333,22125.571896666668,16878.40557,551644.36627,470424.57857,528505.8173033333,496047.92613,285014.3499866667,73379.95861333334,78327.71907,133306.67230333333,32457.891173333333,,,,,,,,,,,0,111,2,201,0,128,533,0,0,258,0,0,0,26,1446.0
2018-11-01,마포구,API_2017_2025,2018,11,2306.0,1446.0,,,,,,2236.0,1366.0,527087.0134870968,484980.21338387096,22470.102422580643,19636.69769032258,570164.8612129032,484561.3347354839,550697.0315612903,509040.7079129032,306760.178816129,76574.93831612903,87164.65722258064,143020.58327741935,41656.32364838709,,,,,,,,,,,0,111,2,201,0,128,533,0,0,258,0,0,0,26,1349.0
2018-12-01,마포구,API_2017_2025,2018,12,2152.0,1349.0,,,,,,2603.0,1631.0,515546.3666133333,474389.914,21962.749073333332,19193.703540000002,565433.3075566667,468637.9851466667,534874.9444033334,501740.2396166667,309819.4597333333,76465.73023,91032.37840999999,142321.35109333333,33134.70478666666,,,,,,,,,,,0,111,2,201,0,128,533,0,0,258,0,0,0,26,1560.0
2019-01-01,마포구,API_2017_2025,2019,1,2421.0,1560.0,,,,,,2468.0,1524.0,517916.26689677424,475690.56645806454,22717.461638709676,19508.238806451616,557980.9823129033,481130.8747677419,536647.8991354839,504536.52957741934,287416.0579870968,73354.88111290323,83532.4514483871,130528.72542580645,32111.36955806451,,,,,,,,,,,0,48,2,135,0,142,297,0,0,184,0,0,0,12,1261.0
2019-02-01,마포구,API_2017_2025,2019,2,2053.0,1261.0,,,,,,2218.0,1334.0,517903.18922580645,476778.50573870965,21826.57932580645,19298.104158064514,557426.5109096774,478412.1782,540743.0041709677,501589.03570967744,308417.8718129032,77590.60078709677,90937.35665806451,139889.91436774193,39153.96846129033,,,,,,,,,,,0,48,2,135,0,142,297,0,0,184,0,0,0,12,1183.0
2019-03-01,마포구,API_2017_2025,2019,3,1919.0,1183.0,,,,,,2206.0,1399.0,496943.64326071425,459143.27204999997,21340.565392857145,16459.805803571428,536356.2026321428,458397.72372857144,518633.04886428575,481451.21067500004,292322.96492500004,75379.28621428572,86156.26681785715,130787.41189285714,37181.838189285714,,,,,,,,,,,0,48,2,135,0,142,297,0,0,184,0,0,0,12,1322.0
2019-04-01,마포구,API_2017_2025,2019,4,2115.0,1322.0,,,,,,2220.0,1386.0,517832.2598580645,476679.59177096776,24011.68690967742,17140.981187096775,557363.1795096775,479794.8960290323,538995.7062096774,502715.5124709678,277746.1787516129,71482.47396129032,79851.19345806452,126412.51133225806,36280.19373870967,,,,,,,,,,,0,48,2,135,0,142,297,0,0,184,0,0,0,12,1357.0
2019-05-01,마포구,API_2017_2025,2019,5,2237.0,1357.0,,,,,,2465.0,1590.0,510536.6854633333,468264.6008266667,23790.24269333333,18481.841963333332,544356.93434,474411.0374433333,531575.1546566667,495509.2074733333,306777.77816333337,72644.76760333333,91680.71354,142452.29702,36065.94718333333,,,,,,,,,,,0,48,2,135,0,142,297,0,0,184,0,0,0,12,1482.0
2019-06-01,마포구,API_2017_2025,2019,6,2488.0,1482.0,,,,,,2716.0,1561.0,502578.1694612903,460622.8842322581,23692.441203225804,18262.84402580645,540633.5592516129,464712.19229032256,523475.648,487651.39910645166,284970.77477419353,70212.05530967742,83834.54319032257,130924.17627419354,35824.24889354838,,,,,,,,,,,0,48,2,135,0,142,297,0,0,184,0,0,0,12,1448.0
2019-07-01,마포구,API_2017_2025,2019,7,2300.0,1448.0,,,,,,2777.0,1576.0,502247.95926,461004.11756333336,24604.788826666667,16639.05287666667,540216.11352,465901.29275,520530.8527766667,489188.7496,274103.22519666667,66426.82819333333,82719.96625333333,124956.43075,31342.10317666667,,,,,,,,,,,0,48,2,135,0,142,297,0,0,184,0,0,0,12,1500.0
2019-08-01,마포구,API_2017_2025,2019,8,2492.0,1500.0,,,,,,2596.0,1555.0,493460.7614516129,454977.70532903227,22166.661632258067,16316.394493548387,534044.4681645161,454753.9844419355,515519.2525580645,477704.69638387096,265135.532783871,67743.13397419355,76881.31550645162,120511.08330322581,37814.556174193545,,,,,,,,,,,0,48,2,135,0,142,297,0,0,184,0,0,0,12,1585.0
2019-09-01,마포구,API_2017_2025,2019,9,2588.0,1585.0,,,,,,2359.0,1499.0,509402.0745451613,470182.5909225807,22982.583712903226,16236.899912903225,550105.031516129,470958.4082064516,530283.8284387097,494486.5360451613,277665.54489677417,71338.4965483871,80705.73287096774,125621.31547741935,35797.292393548385,,,,,,,,,,,0,48,2,135,0,142,297,0,0,184,0,0,0,12,1403.0
2019-10-01,마포구,API_2017_2025,2019,10,2282.0,1403.0,,,,,,2306.0,1446.0,512458.7822933334,470138.10817333334,25197.653113333334,17123.02099,551160.6514399999,475139.89709,532770.8980466666,497950.12817333336,288164.91589666664,73588.69574666666,83398.97627666667,131177.24387333333,34820.76987333334,,,,,,,,,,,0,48,2,135,0,142,297,0,0,184,0,0,0,12,1493.0
2019-11-01,마포구,API_2017_2025,2019,11,2385.0,1493.0,,,,,,2152.0,1349.0,526124.4036241935,480225.6143467742,24877.926224193547,21020.863062903223,565830.0529854839,485822.2126354839,553572.6523854838,506518.511666129,310201.0525741935,77716.61947903226,86986.51424032258,145497.91885483873,47054.140719354844,,,,,,,,,,,0,48,2,135,0,142,297,0,0,184,0,0,0,12,1352.0
2019-12-01,마포구,API_2017_2025,2019,12,2176.0,1352.0,,,,,,2421.0,1560.0,524695.57813,478519.3203166667,24391.72008,21784.537733333334,564945.8418966667,483845.4628433333,549112.8081,507254.69958,302135.6908466667,77348.46972333334,84941.22658,139845.99454333333,41858.108519999994,,,,,,,,,,,0,48,2,135,0,142,297,0,0,184,0,0,0,12,1480.0
2020-01-01,마포구,API_2017_2025,2020,1,2306.0,1480.0,,,,,,2053.0,1261.0,524006.2726354839,478766.5673096774,24012.485470967742,21227.219848387096,566585.0853032258,483284.7200806452,546519.9731935484,507925.0579387097,311322.63736774196,80081.53285806451,88270.42309032257,142970.68141935483,38594.915254838714,748423.0,488717.0,259706.0,0.347,,151942.0,103781.0,48161.0,0.317,,0,74,5,194,3,242,246,0,0,203,0,0,0,18,1294.0
2020-02-01,마포구,API_2017_2025,2020,2,2060.0,1294.0,,,,,,1919.0,1183.0,503148.6319580645,462674.6074419355,21042.60230967742,19431.42221612903,543223.7487258064,464738.25016774196,525088.774883871,487477.1012935484,296953.469032258,76717.2280967742,85631.85817741936,134604.38275806452,37611.67359032258,748423.0,488717.0,259706.0,0.347,,151942.0,103781.0,48161.0,0.317,,0,74,5,194,3,242,246,0,0,203,0,0,0,18,1113.0
2020-03-01,마포구,API_2017_2025,2020,3,1800.0,1113.0,,,,,,2115.0,1322.0,508320.3476965517,469171.53390000004,21694.183255172415,17454.630531034483,543712.8986655172,474117.1563689655,530630.9909137931,492384.17396551726,285792.61708275863,69297.27965517242,85964.40761034483,130530.92981724137,38246.81694827586,748423.0,488717.0,259706.0,0.347,,151942.0,103781.0,48161.0,0.317,,0,74,5,194,3,242,246,0,0,203,0,0,0,18,967.0
2020-04-01,마포구,API_2017_2025,2020,4,1648.0,967.0,,,,,,2237.0,1357.0,486044.69413225807,458647.0347096774,20784.330583870968,6613.328835483871,517371.82017741934,456521.3261451613,506116.5119032258,471707.6814483871,263766.6509419355,59623.40332258065,84796.49911612904,119346.74850322581,34408.83045483871,748423.0,488717.0,259706.0,0.347,,151942.0,103781.0,48161.0,0.317,,0,74,5,194,3,242,246,0,0,203,0,0,0,18,1023.0
2020-05-01,마포구,API_2017_2025,2020,5,1720.0,1023.0,,,,,,2488.0,1482.0,483431.96081,458954.90602,21067.782133333334,3409.2726466666663,517679.10817,452847.8681866667,502981.56725666666,469467.95620666665,278727.59762333333,64128.45260333333,88765.45584,125833.68918,33513.61105,748423.0,488717.0,259706.0,0.347,,151942.0,103781.0,48161.0,0.317,,0,74,5,194,3,242,246,0,0,203,0,0,0,18,1106.0
2020-06-01,마포구,API_2017_2025,2020,6,1898.0,1106.0,,,,,,2300.0,1448.0,477526.67433548387,452945.78367419355,21239.575593548387,3341.315070967742,510304.7602967742,448323.55803225806,496434.1594741936,464021.32782580645,274365.5756096774,63186.5987483871,87475.08061290321,123703.8962483871,32412.8316483871,748423.0,488717.0,259706.0,0.347,,151942.0,103781.0,48161.0,0.317,,0,74,5,194,3,242,246,0,0,203,0,0,0,18,1099.0
2020-07-01,마포구,API_2017_2025,2020,7,1930.0,1099.0,,,,,,2492.0,1500.0,488947.07494333334,458107.75619,21395.104633333332,9444.214123333333,523290.5405666667,457118.47592,509564.73199666664,474220.1770466667,284198.40727333335,66579.54828333334,87666.76230333332,129952.09668666666,35344.55495,748423.0,488717.0,259706.0,0.347,,151942.0,103781.0,48161.0,0.317,,0,74,5,194,3,242,246,0,0,203,0,0,0,18,1271.0
2020-08-01,마포구,API_2017_2025,2020,8,2136.0,1271.0,,,,,,2588.0,1585.0,488308.1176,459522.9228258064,21311.652122580646,7473.542670967742,526126.9291354838,454395.962832258,509842.1417774193,472926.6717741935,286437.49033548386,68685.42516129033,86417.23791612903,131334.82725806453,36915.47000322581,748423.0,488717.0,259706.0,0.347,,151942.0,103781.0,48161.0,0.317,,0,74,5,194,3,242,246,0,0,203,0,0,0,18,1213.0
2020-09-01,마포구,API_2017_2025,2020,9,2225.0,1213.0,,,,,,2282.0,1403.0,476517.4833354839,448162.2133387097,21001.43757419355,7353.832403225806,507018.83818387095,448525.7143774194,494994.89438709675,463319.332583871,266795.64152903226,61708.066687096776,85507.2218967742,119580.3529451613,31675.561803225806,748423.0,488717.0,259706.0,0.347,,151942.0,103781.0,48161.0,0.317,,0,74,5,194,3,242,246,0,0,203,0,0,0,18,1026.0
2020-10-01,마포구,API_2017_2025,2020,10,1797.0,1026.0,,,,,,2385.0,1493.0,475710.40766333335,447718.3771733333,20766.04795666667,7225.982536666666,505318.70399666665,448617.8686066667,495010.8154733333,461924.40208333335,262993.33464333334,59134.76663333333,84197.22939666666,119661.33861333334,33086.41339000001,748423.0,488717.0,259706.0,0.347,,151942.0,103781.0,48161.0,0.317,,0,74,5,194,3,242,246,0,0,203,0,0,0,18,1101.0
2020-11-01,마포구,API_2017_2025,2020,11,1985.0,1101.0,,,,,,2176.0,1352.0,473218.43381935486,447532.6599419355,20516.173335483873,5169.600548387097,506668.2112193549,442674.56922580645,491551.47663548385,460123.4032516129,276969.25297419354,66453.34455806452,85055.95958064515,125459.94883548387,31428.073383870968,748423.0,488717.0,259706.0,0.347,,151942.0,103781.0,48161.0,0.317,,0,74,5,194,3,242,246,0,0,203,0,0,0,18,1037.0
2020-12-01,마포구,API_2017_2025,2020,12,1784.0,1037.0,,,,,,2306.0,1480.0,474791.51461666665,448336.12551,20146.6127,6308.77642,506497.33238,445400.74897,494295.02321333333,460860.4370433333,274732.23668,65407.564803333335,84554.93583,124769.73604666667,33434.586169999995,748423.0,488717.0,259706.0,0.347,,151942.0,103781.0,48161.0,0.317,,0,74,5,194,3,242,246,0,0,203,0,0,0,18,881.0
2021-01-01,마포구,건별집계|API_2017_2025,2021,1,1540.0,881.0,,,,,,2060.0,1294.0,460814.05198064516,435034.6575419355,19715.95594516129,6063.438490322581,486200.593416129,438188.23518387094,479991.59147419356,447115.80948064517,242911.53683870967,53225.25727096775,81189.34632903227,108496.93323870968,32875.781993548386,750864.0,494308.0,256556.0,0.3417,,163442.0,121675.0,41767.0,0.2555,,0,60,1,166,2,264,194,0,0,153,0,0,0,17,912.0
2021-02-01,마포구,건별집계|API_2017_2025,2021,2,1571.0,912.0,516.0,143.0,614.0,926.0,31.0,1800.0,1113.0,457646.9682225807,434272.2869225807,18986.98807419355,4387.6932290322575,486012.9020225807,434185.21397096774,477536.61913225806,443440.074716129,251174.63527096776,56824.949925806446,83010.45386451614,111339.23148064516,34096.544416129036,750864.0,494308.0,256556.0,0.3417,,163442.0,121675.0,41767.0,0.2555,,0,60,1,166,2,264,194,0,0,153,0,0,0,17,853.0
2021-03-01,마포구,건별집계|API_2017_2025,2021,3,1482.0,853.0,487.0,142.0,620.0,835.0,27.0,1648.0,967.0,460807.14905,435064.11087499995,19218.671192857142,6524.366982142857,496636.7874678572,431996.04119285714,482943.1587035715,444995.71359999996,269563.75612142857,65155.722075,83877.23087142858,120530.80317500001,37947.44510357142,750864.0,494308.0,256556.0,0.3417,,163442.0,121675.0,41767.0,0.2555,,0,60,1,166,2,264,194,0,0,153,0,0,0,17,1064.0
2021-04-01,마포구,건별집계|API_2017_2025,2021,4,1818.0,1064.0,595.0,159.0,712.0,1085.0,21.0,1720.0,1023.0,471460.5199193548,444982.19420322584,19526.077422580645,6952.248287096774,507357.88917419355,440854.7545548387,493878.0482580645,455447.9996774194,272529.4826451613,66828.98878709678,84029.10955806452,121671.3843,38430.04858064515,750864.0,494308.0,256556.0,0.3417,,163442.0,121675.0,41767.0,0.2555,,0,60,1,166,2,264,194,0,0,153,0,0,0,17,1045.0
2021-05-01,마포구,건별집계|API_2017_2025,2021,5,1809.0,1045.0,597.0,167.0,668.0,1103.0,38.0,1898.0,1106.0,468100.5175633334,444240.46724,19479.03223333333,4381.018083333333,503517.17948333337,437903.48409000004,490316.6223033333,452231.87131666666,289516.8271466667,67760.75887333333,90296.85617,131459.21210333335,38084.750986666666,750864.0,494308.0,256556.0,0.3417,,163442.0,121675.0,41767.0,0.2555,,0,60,1,166,2,264,194,0,0,153,0,0,0,17,1100.0
2021-06-01,마포구,건별집계|API_2017_2025,2021,6,1945.0,1100.0,646.0,199.0,744.0,1154.0,47.0,1930.0,1099.0,467264.7846709677,441764.45032580645,19524.80250322581,5975.5318548387095,504033.2445129032,437647.6039806452,488623.5576258064,452008.51828387094,279022.2118580645,66463.94322258064,87625.1333,124933.13533548388,36615.03934193548,750864.0,494308.0,256556.0,0.3417,,163442.0,121675.0,41767.0,0.2555,,0,60,1,166,2,264,194,0,0,153,0,0,0,17,1310.0
2021-07-01,마포구,건별집계|API_2017_2025,2021,7,2229.0,1310.0,693.0,226.0,910.0,1277.0,42.0,2136.0,1271.0,470325.83067666664,445329.97622333333,19487.258683333333,5508.595766666666,508587.3022033333,438836.6799666667,493409.75979333336,453837.30987666664,289207.9958833333,69574.41017,89867.13307666667,129766.45263666665,39572.44991666666,750864.0,494308.0,256556.0,0.3417,,163442.0,121675.0,41767.0,0.2555,,0,60,1,166,2,264,194,0,0,153,0,0,0,17,1151.0
2021-08-01,마포구,건별집계|API_2017_2025,2021,8,2123.0,1151.0,733.0,239.0,832.0,1257.0,34.0,2225.0,1213.0,459547.68275806453,435845.9256419355,18955.960458064517,4745.796664516129,489072.728116129,432945.3527580645,480250.79506451613,444759.7454096774,263312.28196129034,61146.28053225807,84552.9686,117613.03282903225,35491.04965483872,750864.0,494308.0,256556.0,0.3417,,163442.0,121675.0,41767.0,0.2555,,0,60,1,166,2,264,194,0,0,153,0,0,0,17,1203.0
2021-09-01,마포구,건별집계|API_2017_2025,2021,9,2001.0,1203.0,647.0,151.0,910.0,1064.0,27.0,1797.0,1026.0,457453.97737096774,432017.47664193553,19030.509883870967,6405.990835483872,491273.02048709674,428853.38615483866,479896.21059354837,441423.8107806451,263411.2337548387,62068.89067096774,84630.02789032258,116712.31519354839,38472.39981290322,750864.0,494308.0,256556.0,0.3417,,163442.0,121675.0,41767.0,0.2555,,0,60,1,166,2,264,194,0,0,153,0,0,0,17,1319.0
2021-10-01,마포구,건별집계|API_2017_2025,2021,10,2319.0,1319.0,823.0,177.0,997.0,1295.0,27.0,1985.0,1101.0,453004.9984133334,427785.71585333336,18972.897913333334,6246.38466,488223.4802,423518.26549,474794.99498,437440.7151466666,263162.48232333333,63480.62386666667,82793.01634666667,116888.84211,37354.279833333334,750864.0,494308.0,256556.0,0.3417,,163442.0,121675.0,41767.0,0.2555,,0,60,1,166,2,264,194,0,0,153,0,0,0,17,1232.0
2021-11-01,마포구,건별집계|API_2017_2025,2021,11,2189.0,1232.0,761.0,196.0,896.0,1241.0,52.0,1784.0,1037.0,458931.68888064515,435132.11082258064,19078.18989032258,4721.388158064516,496241.00431935483,428700.0745580645,481584.0470096774,442751.43307096773,266632.50018064515,64881.68192580645,81837.12378709677,119913.69446774194,38832.61393870968,750864.0,494308.0,256556.0,0.3417,,163442.0,121675.0,41767.0,0.2555,,0,60,1,166,2,264,194,0,0,153,0,0,0,17,1158.0
2021-12-01,마포구,건별집계|API_2017_2025,2021,12,2153.0,1158.0,857.0,138.0,945.0,1027.0,181.0,1540.0,881.0,469367.2616866667,443462.83705666667,19389.648483333334,6514.776150000001,505703.60280000005,437476.73363,491061.47638666665,453871.39406666666,282924.50437000004,70866.26363666666,83769.09011666666,128289.15061666668,37190.082319999994,750864.0,494308.0,256556.0,0.3417,,163442.0,121675.0,41767.0,0.2555,,0,60,1,166,2,264,194,0,0,153,0,0,0,17,1060.0
2022-01-01,마포구,건별집계|API_2017_2025|xlsx_2022_2024,2022,1,2031.0,1060.0,820.0,151.0,1026.0,663.0,342.0,1571.0,912.0,466890.0268193548,441435.24516129034,19394.261380645163,6060.520267741936,503724.423316129,435841.4360774194,490229.5970709677,450218.90520000004,263394.34402258066,66973.26960967742,75432.60636774193,120988.46804516128,40010.69187096775,783488.0,530099.0,253389.0,0.3234,79612.0,165348.0,128416.0,36932.0,0.2234,0.0,0,30,0,109,5,312,174,0,0,101,0,0,0,10,1050.0
2022-02-01,마포구,건별집계|xlsx_2022_2024,2022,2,1908.0,1050.0,709.0,149.0,757.0,1081.0,70.0,1482.0,853.0,457535.5653096774,434063.38910322584,18846.7992483871,4625.376951612903,498492.74605483876,424881.67511290323,482753.35072903224,439522.8614419355,263811.0595806452,68542.40452258065,75004.28956451612,120264.3654935484,43230.48928709679,783488.0,530099.0,253389.0,0.3234,79612.0,165348.0,128416.0,36932.0,0.2234,0.0,0,30,0,109,5,312,174,0,0,101,0,0,0,10,1014.0
2022-03-01,마포구,건별집계|xlsx_2022_2024,2022,3,1924.0,1014.0,759.0,151.0,823.0,1062.0,39.0,1818.0,1064.0,459305.1230285714,433440.81612857146,19049.466985714284,6814.839928571429,497642.6726535714,428704.983175,482609.491775,442659.14536428574,256042.04055714284,64608.198467857146,75325.02293214285,116108.81915714286,39950.346410714286,783488.0,530099.0,253389.0,0.3234,79612.0,165348.0,128416.0,36932.0,0.2234,0.0,0,30,0,109,5,312,174,0,0,101,0,0,0,10,1122.0
2022-04-01,마포구,건별집계|xlsx_2022_2024,2022,4,2451.0,1122.0,1175.0,154.0,1011.0,1392.0,48.0,1809.0,1045.0,465196.82822258066,439689.8492354839,19475.089051612904,6031.889938709677,501229.7333258065,435432.3310709677,486260.4768032258,450151.3649677419,249613.6944967742,62811.45086451613,73919.19614193548,112883.04749032258,36109.111835483876,783488.0,530099.0,253389.0,0.3234,79612.0,165348.0,128416.0,36932.0,0.2234,0.0,0,30,0,109,5,312,174,0,0,101,0,0,0,10,1140.0
2022-05-01,마포구,건별집계|xlsx_2022_2024,2022,5,2233.0,1140.0,934.0,159.0,862.0,1331.0,40.0,1945.0,1100.0,470402.0580233334,444317.8525166667,19738.352683333334,6345.852826666667,507947.20534,437948.3544633333,491683.02080666664,455201.3703066667,276922.09324333334,69486.25809666667,78769.20524666666,128666.6299,36481.6505,783488.0,530099.0,253389.0,0.3234,79612.0,165348.0,128416.0,36932.0,0.2234,0.0,0,30,0,109,5,312,174,0,0,101,0,0,0,10,1231.0
2022-06-01,마포구,건별집계|xlsx_2022_2024,2022,6,2280.0,1231.0,883.0,166.0,812.0,1435.0,33.0,2229.0,1310.0,483954.46745483874,454292.3208387097,20332.515122580648,9329.631512903225,523953.53381935484,449073.37302258064,506118.80771290325,468122.7958516129,285323.21477419353,74792.81787096773,78099.4328451613,132430.9640580645,37996.011861290324,783488.0,530099.0,253389.0,0.3234,79612.0,165348.0,128416.0,36932.0,0.2234,0.0,0,30,0,109,5,312,174,0,0,101,0,0,0,10,1133.0
2022-07-01,마포구,건별집계|xlsx_2022_2024,2022,7,2069.0,1133.0,784.0,152.0,780.0,1257.0,32.0,2123.0,1151.0,489830.46581333334,458659.7836033333,20681.203849999998,10489.47837,531620.5986033333,455055.7390966667,510145.7197866666,475319.5701133333,282299.71269333333,72985.89075666666,79117.48752,130196.33441666666,34826.14967333333,783488.0,530099.0,253389.0,0.3234,79612.0,165348.0,128416.0,36932.0,0.2234,0.0,0,30,0,109,5,312,174,0,0,101,0,0,0,10,1301.0
2022-08-01,마포구,건별집계|xlsx_2022_2024,2022,8,2564.0,1301.0,1068.0,195.0,949.0,1563.0,52.0,2001.0,1203.0,480056.1464193549,448495.13596129033,19854.115380645162,11706.895080645161,521431.14480967744,444665.455,501951.3809548387,464416.6931870968,271952.6432548387,72957.50726451614,74360.26817419354,124634.86781612904,37534.68776774193,783488.0,530099.0,253389.0,0.3234,79612.0,165348.0,128416.0,36932.0,0.2234,0.0,0,30,0,109,5,312,174,0,0,101,0,0,0,10,1367.0
2022-09-01,마포구,건별집계|xlsx_2022_2024,2022,9,2680.0,1367.0,1121.0,192.0,1013.0,1619.0,48.0,2319.0,1319.0,474432.9017354839,442214.2820483871,19904.101051612903,12314.518641935483,514265.3685129032,439735.5966322581,496834.3258322581,458431.8845258064,271723.5318516129,72507.75385483871,74758.00907741935,124457.76891935484,38402.441306451605,783488.0,530099.0,253389.0,0.3234,79612.0,165348.0,128416.0,36932.0,0.2234,0.0,0,30,0,109,5,312,174,0,0,101,0,0,0,10,1294.0
2022-10-01,마포구,건별집계|xlsx_2022_2024,2022,10,2490.0,1294.0,1011.0,185.0,932.0,1504.0,54.0,2189.0,1232.0,478792.55348666664,443440.4473866667,20574.63315,14777.472936666667,519984.24977,441721.03142666665,500963.79236666666,462955.95427333337,277133.1983666667,73884.83576333334,76834.56613666666,126413.79646666667,38007.83809333333,783488.0,530099.0,253389.0,0.3234,79612.0,165348.0,128416.0,36932.0,0.2234,0.0,0,30,0,109,5,312,174,0,0,101,0,0,0,10,1201.0
2022-11-01,마포구,건별집계|xlsx_2022_2024,2022,11,2138.0,1201.0,815.0,122.0,867.0,1241.0,30.0,2153.0,1158.0,483884.8028258065,446998.76129677414,20674.106748387097,16211.934767741936,524180.5115645161,446169.221332258,506672.2366677419,467608.06435806456,274615.44738709676,72638.23464193549,75872.45892258066,126104.75382258063,39064.17230967742,783488.0,530099.0,253389.0,0.3234,79612.0,165348.0,128416.0,36932.0,0.2234,0.0,0,30,0,109,5,312,174,0,0,101,0,0,0,10,1204.0
2022-12-01,마포구,건별집계|xlsx_2022_2024,2022,12,2234.0,1204.0,878.0,152.0,880.0,1315.0,39.0,2031.0,1060.0,484172.8041566667,447359.7463366667,20816.22378333333,15996.834036666667,523792.2771333333,446861.8866866667,507576.08684999996,467456.1736766667,282155.0680466667,73377.32960333333,77772.13235666667,131005.60608666667,40119.91317333332,783488.0,530099.0,253389.0,0.3234,79612.0,165348.0,128416.0,36932.0,0.2234,0.0,0,30,0,109,5,312,174,0,0,101,0,0,0,10,1303.0
2017-01-01,서대문구,API_2017_2025,2017,1,,,,,,,,,,,,,,,,,,,,,,,,,,,,,,,,,5,76,6,98,23,1,258,0,0,193,0,0,0,7,963.0
2017-02-01,서대문구,API_2017_2025,2017,2,1548.0,963.0,,,,,,,,,,,,,,,,,,,,,,,,,,,,,,,5,76,6,98,23,1,258,0,0,193,0,0,0,7,790.0
2017-03-01,서대문구,API_2017_2025,2017,3,1320.0,790.0,,,,,,,,,,,,,,,,,,,,,,,,,,,,,,,5,76,6,98,23,1,258,0,0,193,0,0,0,7,875.0
2017-04-01,서대문구,API_2017_2025,2017,4,1495.0,875.0,,,,,,,,,,,,,,,,,,,,,,,,,,,,,,,5,76,6,98,23,1,258,0,0,193,0,0,0,7,911.0
2017-05-01,서대문구,API_2017_2025,2017,5,1553.0,911.0,,,,,,,,,,,,,,,,,,,,,,,,,,,,,,,5,76,6,98,23,1,258,0,0,193,0,0,0,7,983.0
2017-06-01,서대문구,API_2017_2025,2017,6,1632.0,983.0,,,,,,,,,,,,,,,,,,,,,,,,,,,,,,,5,76,6,98,23,1,258,0,0,193,0,0,0,7,915.0
2017-07-01,서대문구,API_2017_2025,2017,7,1592.0,915.0,,,,,,,,,,,,,,,,,,,,,,,,,,,,,,,5,76,6,98,23,1,258,0,0,193,0,0,0,7,974.0
2017-08-01,서대문구,API_2017_2025,2017,8,1678.0,974.0,,,,,,,,,,,,,,,,,,,,,,,,,,,,,,,5,76,6,98,23,1,258,0,0,193,0,0,0,7,1003.0
2017-09-01,서대문구,API_2017_2025,2017,9,1720.0,1003.0,,,,,,,,,,,,,,,,,,,,,,,,,,,,,,,5,76,6,98,23,1,258,0,0,193,0,0,0,7,951.0
2017-10-01,서대문구,API_2017_2025,2017,10,1711.0,951.0,,,,,,,,,,,,,,,,,,,,,,,,,,,,,,,5,76,6,98,23,1,258,0,0,193,0,0,0,7,944.0
2017-11-01,서대문구,API_2017_2025,2017,11,1605.0,944.0,,,,,,,,,,,,,,,,,,,,,,,,,,,,,,,5,76,6,98,23,1,258,0,0,193,0,0,0,7,886.0
2017-12-01,서대문구,API_2017_2025,2017,12,1511.0,886.0,,,,,,,,,,,,,,,,,,,,,,,,,,,,,,,5,76,6,98,23,1,258,0,0,193,0,0,0,7,1014.0
2018-01-01,서대문구,API_2017_2025,2018,1,1651.0,1014.0,,,,,,1548.0,963.0,,,,,,,,,,,,,,,,,,,,,,,,0,62,2,107,21,1,244,0,0,158,0,0,0,35,1041.0
2018-02-01,서대문구,API_2017_2025,2018,2,1753.0,1041.0,,,,,,1320.0,790.0,,,,,,,,,,,,,,,,,,,,,,,,0,62,2,107,21,1,244,0,0,158,0,0,0,35,885.0
2018-03-01,서대문구,API_2017_2025,2018,3,1456.0,885.0,,,,,,1495.0,875.0,,,,,,,,,,,,,,,,,,,,,,,,0,62,2,107,21,1,244,0,0,158,0,0,0,35,971.0
2018-04-01,서대문구,API_2017_2025,2018,4,1593.0,971.0,,,,,,1553.0,911.0,,,,,,,,,,,,,,,,,,,,,,,,0,62,2,107,21,1,244,0,0,158,0,0,0,35,967.0
2018-05-01,서대문구,API_2017_2025,2018,5,1617.0,967.0,,,,,,1632.0,983.0,410564.5320423077,378377.44024230767,23156.940573076925,9030.15123076923,424705.32880769233,396677.07511153846,413886.2880769231,408191.849173077,231083.33316538463,45531.039269230765,74024.8377,111527.45619615384,5694.438903846147,,,,,,,,,,,0,62,2,107,21,1,244,0,0,158,0,0,0,35,987.0
2018-06-01,서대문구,API_2017_2025,2018,6,1718.0,987.0,,,,,,1592.0,915.0,413776.0273451613,381300.1032870968,22979.05358064516,9496.870487096774,431157.6780225806,396561.4112451613,418333.69897096773,409551.184383871,229939.39540322582,46621.663451612905,72181.07072580645,111136.66122580646,8782.514587096774,,,,,,,,,,,0,62,2,107,21,1,244,0,0,158,0,0,0,35,1049.0
2018-07-01,서대문구,API_2017_2025,2018,7,2123.0,1049.0,,,,,,1678.0,974.0,421748.93621,389617.04887999996,22066.98645,10064.900883333332,438076.8323566666,408148.78460333333,427853.22071,417388.73299000005,228692.28985666667,45568.62796,71358.38150666667,111765.28039,10464.487719999996,,,,,,,,,,,0,62,2,107,21,1,244,0,0,158,0,0,0,35,1087.0
2018-08-01,서대문구,API_2017_2025,2018,8,2143.0,1087.0,,,,,,1720.0,1003.0,417049.88379032264,385218.1798,20010.679,11821.024980645161,432929.53305483866,402698.3685967742,424779.3122354839,411528.86347741936,232339.4205064516,48333.395125806455,73705.97248387097,110300.0528967742,13250.448758064522,,,,,,,,,,,0,62,2,107,21,1,244,0,0,158,0,0,0,35,1080.0
2018-09-01,서대문구,API_2017_2025,2018,9,1941.0,1080.0,,,,,,1711.0,951.0,406349.0940129032,374572.6382774193,19417.928677419353,12358.52705483871,420023.47735161294,394201.97963225807,412355.0604451613,401157.70270645164,226085.71783548387,46053.53955483871,73001.45887741937,107030.71940322581,11197.35773870968,,,,,,,,,,,0,62,2,107,21,1,244,0,0,158,0,0,0,35,1012.0
2018-10-01,서대문구,API_2017_2025,2018,10,1686.0,1012.0,,,,,,1605.0,944.0,415787.4015833333,381224.43612666667,22126.990566666664,12435.974893333334,436188.4110266667,399229.67657,424358.4107666667,409665.25217,225484.57265666669,49795.80760666667,69461.85972666666,106226.90532333334,14693.158596666673,,,,,,,,,,,0,62,2,107,21,1,244,0,0,158,0,0,0,35,998.0
2018-11-01,서대문구,API_2017_2025,2018,11,1644.0,998.0,,,,,,1511.0,886.0,426939.8972451613,390471.93710000004,23191.563593548388,13276.396558064516,446611.6903387097,410051.0697322581,437092.31427741935,418749.05132258066,234366.93618064516,48680.43196774194,73010.54073870968,112675.96347419354,18343.26295483871,,,,,,,,,,,0,62,2,107,21,1,244,0,0,158,0,0,0,35,961.0
2018-12-01,서대문구,API_2017_2025,2018,12,1573.0,961.0,,,,,,1651.0,1014.0,424681.50379333337,389321.60867,23115.557426666666,12244.337693333333,450208.92944000004,402734.48565,434629.92627,417575.48775333335,243517.39028,50804.26607333333,75744.53366333334,116968.59054333334,17054.43851666666,,,,,,,,,,,0,62,2,107,21,1,244,0,0,158,0,0,0,35,1073.0
2019-01-01,서대문구,API_2017_2025,2019,1,1719.0,1073.0,,,,,,1753.0,1041.0,429350.54511612904,391179.7924645162,24570.517316129033,13600.235322580646,445735.713616129,416316.951516129,438853.49222258065,422562.7257516129,229281.88523870968,47681.51717741935,72903.23941935484,108697.12864193549,16290.766470967734,,,,,,,,,,,0,72,7,138,28,0,186,0,0,174,0,0,0,25,964.0
2019-02-01,서대문구,API_2017_2025,2019,2,1539.0,964.0,,,,,,1456.0,885.0,417449.48493870965,382246.57481290324,22589.608338709677,12613.30178064516,429699.2821645161,405784.39669032255,423978.2987516129,412786.04648387094,233541.03823225808,48345.505138709676,76705.70881612904,108489.82427741935,11192.252267741937,,,,,,,,,,,0,72,7,138,28,0,186,0,0,174,0,0,0,25,877.0
2019-03-01,서대문구,API_2017_2025,2019,3,1406.0,877.0,,,,,,1593.0,971.0,402206.13525,368539.43640357145,21749.0991,11917.599753571429,415985.5531,387585.99330000003,408093.0502714286,398001.19597142853,221717.63755,47013.69266785715,73177.23041071428,101526.71447142857,10091.854300000006,,,,,,,,,,,0,72,7,138,28,0,186,0,0,174,0,0,0,25,970.0
2019-04-01,서대문구,API_2017_2025,2019,4,1543.0,970.0,,,,,,1617.0,967.0,427383.0420032258,391979.7826612903,24652.748561290322,10750.510787096773,446245.10428064514,409447.74742258067,438152.8986838709,419690.2872290323,223072.75519999999,52040.64923870967,68388.1419548387,102643.96400645161,18462.6114548387,,,,,,,,,,,0,72,7,138,28,0,186,0,0,174,0,0,0,25,978.0
2019-05-01,서대문구,API_2017_2025,2019,5,1582.0,978.0,,,,,,1718.0,987.0,423090.84539333335,387301.7720933333,25431.96430666667,10357.109,443100.3601433334,404437.44752,434446.93026666663,414979.35621,245783.37881,49613.35680666667,79011.14884333333,117158.87316,19467.574056666675,,,,,,,,,,,0,72,7,138,28,0,186,0,0,174,0,0,0,25,1042.0
2019-06-01,서대문구,API_2017_2025,2019,6,1737.0,1042.0,,,,,,2123.0,1049.0,411049.3700774194,374317.9516387097,25885.588732258064,10845.829712903227,431405.59680967743,393297.53269354836,421349.71387741936,403691.98165806447,221928.75053225807,46472.49496129032,70137.84783548387,105318.40773548387,17657.732219354835,,,,,,,,,,,0,72,7,138,28,0,186,0,0,174,0,0,0,25,1009.0
2019-07-01,서대문구,API_2017_2025,2019,7,1611.0,1009.0,,,,,,2143.0,1087.0,403253.3375466667,367870.16063,25851.165763333334,9532.011170000002,418888.13104,389448.4656233333,411132.4593733333,397625.39341,207432.11922999998,42691.956556666664,67905.72921666667,96834.43345666668,13507.06596333334,,,,,,,,,,,0,72,7,138,28,0,186,0,0,174,0,0,0,25,1100.0
2019-08-01,서대문구,API_2017_2025,2019,8,1746.0,1100.0,,,,,,1941.0,1080.0,390467.3042193548,357422.80131290323,22919.23593548387,10125.266977419355,404455.27739354834,378390.2630806452,398541.03218064515,384700.3556709678,196051.02426451613,42397.27568387097,61843.700351612904,91810.04822903225,13840.676509677418,,,,,,,,,,,0,72,7,138,28,0,186,0,0,174,0,0,0,25,1062.0
2019-09-01,서대문구,API_2017_2025,2019,9,1737.0,1062.0,,,,,,1686.0,1012.0,397045.3060096774,363384.61966774194,22689.30557419355,10971.380770967742,411278.0836903226,385060.8014064516,403885.7549580645,392159.2710483871,200257.67857096775,43362.62567741935,62893.35363870968,94001.6992548387,11726.483909677427,,,,,,,,,,,0,72,7,138,28,0,186,0,0,174,0,0,0,25,1010.0
2019-10-01,서대문구,API_2017_2025,2019,10,1646.0,1010.0,,,,,,1644.0,998.0,411373.41732,374982.6981066667,25098.153206666666,11292.56602,432988.8442333333,394494.9267933333,422156.32673666667,403671.33918,220371.67510333334,50736.96684,65498.99900333334,104135.70925999999,18484.987556666674,,,,,,,,,,,0,72,7,138,28,0,186,0,0,174,0,0,0,25,990.0
2019-11-01,서대문구,API_2017_2025,2019,11,1679.0,990.0,,,,,,1573.0,961.0,422523.4278887097,385100.1040919355,25403.454533870965,12019.869235483871,445539.6805112903,404167.9552322581,436819.23137903225,412312.1396435484,235169.9572467742,50623.97323225807,68983.77389516128,115562.21011935484,24507.091735483868,,,,,,,,,,,0,72,7,138,28,0,186,0,0,174,0,0,0,25,969.0
2019-12-01,서대문구,API_2017_2025,2019,12,1541.0,969.0,,,,,,1719.0,1073.0,421179.58703999995,383843.6773,25157.5417,12178.36804,442459.3924566667,403962.1256166667,434008.24349666666,412016.26099000004,226009.98573666668,49437.03152333333,66939.31729333333,109633.63691999999,21991.98250666667,,,,,,,,,,,0,72,7,138,28,0,186,0,0,174,0,0,0,25,1031.0
2020-01-01,서대문구,API_2017_2025,2020,1,1629.0,1031.0,,,,,,1539.0,964.0,418144.3778967742,381959.87133548385,24588.92138387097,11595.585196774195,439287.80230322585,401519.9626580645,431521.3199903226,408589.41928387096,233264.80890645162,51064.7329451613,69586.4036516129,112613.67230967742,22931.90070645161,749418.0,495302.0,254116.0,0.3391,,1277614.0,673296.0,604318.0,0.473,,0,44,2,112,16,1,130,0,0,161,0,0,0,9,983.0
2020-02-01,서대문구,API_2017_2025,2020,2,1545.0,983.0,,,,,,1406.0,877.0,396517.9856,365849.89137741935,19952.538232258063,10715.556006451612,414557.0546483871,381615.1522903226,406694.51985483867,389249.03256774193,218700.5956612903,49163.60103548387,66062.99844516128,103473.99618064516,17445.487287096774,749418.0,495302.0,254116.0,0.3391,,1277614.0,673296.0,604318.0,0.473,,0,44,2,112,16,1,130,0,0,161,0,0,0,9,769.0
2020-03-01,서대문구,API_2017_2025,2020,3,1326.0,769.0,,,,,,1543.0,970.0,402319.17425172415,371245.3430758621,21943.329817241378,9130.501379310344,417983.5041896552,389948.23788620695,412200.2860241379,395261.2372793103,207872.9294586207,42955.0578862069,65093.78936551724,99824.08220689655,16939.04874482759,749418.0,495302.0,254116.0,0.3391,,1277614.0,673296.0,604318.0,0.473,,0,44,2,112,16,1,130,0,0,161,0,0,0,9,736.0
2020-04-01,서대문구,API_2017_2025,2020,4,1280.0,736.0,,,,,,1582.0,978.0,392519.92402903223,365912.1649645161,21234.220567741933,5373.538503225806,405665.0052451613,381130.56195483875,399449.422316129,387570.2824064516,191454.4028419355,36627.62406129033,64418.82426129032,90407.95451935484,11879.139909677418,749418.0,495302.0,254116.0,0.3391,,1277614.0,673296.0,604318.0,0.473,,0,44,2,112,16,1,130,0,0,161,0,0,0,9,745.0
2020-05-01,서대문구,API_2017_2025,2020,5,1390.0,745.0,,,,,,1737.0,1042.0,387970.3197966667,363897.32619333337,20903.335643333332,3169.6579599999995,401839.83345,375862.86447333335,394222.24658,383504.6578033333,199499.12414666667,38720.89193333333,66250.06265,94528.16956333333,10717.58877666667,749418.0,495302.0,254116.0,0.3391,,1277614.0,673296.0,604318.0,0.473,,0,44,2,112,16,1,130,0,0,161,0,0,0,9,827.0
2020-06-01,서대문구,API_2017_2025,2020,6,1514.0,827.0,,,,,,1611.0,1009.0,385977.1972516129,360712.6667967742,22282.75438064516,2981.776083870968,400037.10660967743,374672.15918387094,391224.12191935483,382229.3939193548,198704.4174354839,38915.969141935486,66364.65043870968,93423.79785483872,8994.727999999996,749418.0,495302.0,254116.0,0.3391,,1277614.0,673296.0,604318.0,0.473,,0,44,2,112,16,1,130,0,0,161,0,0,0,9,845.0
2020-07-01,서대문구,API_2017_2025,2020,7,1530.0,845.0,,,,,,1746.0,1100.0,387436.89406333334,361280.2413966667,21977.446359999998,4179.206316666667,403145.1743233333,375906.1058833333,394961.59440666664,382062.1080966667,205970.45120333333,40711.67964,66900.12813,98358.64343333333,12899.486310000006,749418.0,495302.0,254116.0,0.3391,,1277614.0,673296.0,604318.0,0.473,,0,44,2,112,16,1,130,0,0,161,0,0,0,9,873.0
2020-08-01,서대문구,API_2017_2025,2020,8,1500.0,873.0,,,,,,1737.0,1062.0,381337.7911032258,356041.4133290323,21104.727070967743,4191.650703225806,394327.61504838715,371005.49768387096,386464.29193548387,377676.0048032258,199135.1146483871,39457.68065806451,64202.60919032258,95474.8248,8788.287132258063,749418.0,495302.0,254116.0,0.3391,,1277614.0,673296.0,604318.0,0.473,,0,44,2,112,16,1,130,0,0,161,0,0,0,9,869.0
2020-09-01,서대문구,API_2017_2025,2020,9,1618.0,869.0,,,,,,1646.0,1010.0,376525.93932580645,350473.9763935484,20337.148654838707,5714.814274193548,387041.64273870963,367866.93021290324,380182.5680387097,373914.061667742,188574.1514,35722.58372903226,64735.87660645161,88115.69106451613,6268.506370967735,749418.0,495302.0,254116.0,0.3391,,1277614.0,673296.0,604318.0,0.473,,0,44,2,112,16,1,130,0,0,161,0,0,0,9,827.0
2020-10-01,서대문구,API_2017_2025,2020,10,1357.0,827.0,,,,,,1679.0,990.0,380083.8082466667,354662.34269,20144.677353333333,5276.788206666666,391712.9338033333,370126.11484999995,383478.4253666667,377659.0817333333,191105.15347666666,35425.128866666666,66358.94526333333,89321.07934666667,5819.3436333333375,749418.0,495302.0,254116.0,0.3391,,1277614.0,673296.0,604318.0,0.473,,0,44,2,112,16,1,130,0,0,161,0,0,0,9,913.0
2020-11-01,서대문구,API_2017_2025,2020,11,1575.0,913.0,,,,,,1541.0,969.0,378141.90127419354,354866.52472903224,19646.08458387097,3629.2919612903224,391625.0618903226,366580.982216129,381583.36643548385,375683.7118612903,200320.1808548387,39119.78367096774,68731.94166129033,92468.45552258064,5899.654574193549,749418.0,495302.0,254116.0,0.3391,,1277614.0,673296.0,604318.0,0.473,,0,44,2,112,16,1,130,0,0,161,0,0,0,9,877.0
2020-12-01,서대문구,API_2017_2025,2020,12,1419.0,877.0,,,,,,1629.0,1031.0,382120.53089666663,357096.71930666664,19708.241283333333,5315.57032,394759.31534333335,371903.4205866667,386930.4753133334,378684.8563333333,203285.38751,39058.20222,69664.67155666667,94562.51373333334,8245.618979999997,749418.0,495302.0,254116.0,0.3391,,1277614.0,673296.0,604318.0,0.473,,0,44,2,112,16,1,130,0,0,161,0,0,0,9,797.0
2021-01-01,서대문구,건별집계|API_2017_2025,2021,1,1344.0,797.0,,,,,,1545.0,983.0,382954.41480967746,356604.71747096773,19887.15428387097,6462.543058064516,393007.9543290323,374639.1487387097,387180.6446903226,379935.67918387096,187274.4238,33519.46774516129,69370.53083548386,84384.42521935483,7244.965506451614,728555.0,497049.0,231506.0,0.3178,,1257611.0,658294.0,599317.0,0.4766,,1,16,1,62,31,1,75,0,0,119,0,0,0,24,825.0
2021-02-01,서대문구,건별집계|API_2017_2025,2021,2,1261.0,825.0,339.0,97.0,597.0,635.0,29.0,1326.0,769.0,377891.3787451613,354935.2756258065,19310.51444516129,3645.5886774193546,387634.23148064513,369691.66940967744,382091.8296451613,374891.05666129035,191827.23349032257,35006.80807419355,72442.16341612903,84378.262,7200.7729838709665,728555.0,497049.0,231506.0,0.3178,,1257611.0,658294.0,599317.0,0.4766,,1,16,1,62,31,1,75,0,0,119,0,0,0,24,763.0
2021-03-01,서대문구,건별집계|API_2017_2025,2021,3,1187.0,763.0,349.0,75.0,548.0,598.0,41.0,1280.0,736.0,375242.6579714286,351627.79894285713,18986.46471071429,4628.394325,387026.1972535714,365202.7190107143,379096.7585392857,372489.7290107143,199881.44188571427,38771.85683928571,72408.09255,88701.49249642857,6607.02952857143,728555.0,497049.0,231506.0,0.3178,,1257611.0,658294.0,599317.0,0.4766,,1,16,1,62,31,1,75,0,0,119,0,0,0,24,778.0
2021-04-01,서대문구,건별집계|API_2017_2025,2021,4,1259.0,778.0,392.0,89.0,584.0,636.0,39.0,1390.0,745.0,385003.89148064516,360381.79926774197,19373.825287096774,5248.266922580645,398773.98823225807,374176.8551870968,390832.94843870966,380840.27939032257,205578.11808064516,42715.625132258065,70050.81673225807,92811.67621612904,9992.669048387092,728555.0,497049.0,231506.0,0.3178,,1257611.0,658294.0,599317.0,0.4766,,1,16,1,62,31,1,75,0,0,119,0,0,0,24,831.0
2021-05-01,서대문구,건별집계|API_2017_2025,2021,5,1339.0,831.0,409.0,99.0,626.0,676.0,37.0,1514.0,827.0,381026.8712,358076.47606333334,19457.936616666666,3492.458506666667,395287.80676,369868.94105666666,386316.4705233333,377248.58596666664,214785.99313333334,39944.18439666667,75338.30004999999,99503.50868666667,9067.884556666662,728555.0,497049.0,231506.0,0.3178,,1257611.0,658294.0,599317.0,0.4766,,1,16,1,62,31,1,75,0,0,119,0,0,0,24,960.0
2021-06-01,서대문구,건별집계|API_2017_2025,2021,6,1513.0,960.0,409.0,144.0,697.0,765.0,51.0,1530.0,845.0,377371.4318967742,354651.86536774196,19273.330061290322,3446.23645483871,391087.86072258063,366005.8508,381205.79820322583,374632.5988129032,203914.41879032258,38254.73293225807,73006.26033225805,92653.42552580645,6573.19939032258,728555.0,497049.0,231506.0,0.3178,,1257611.0,658294.0,599317.0,0.4766,,1,16,1,62,31,1,75,0,0,119,0,0,0,24,974.0
2021-07-01,서대문구,건별집계|API_2017_2025,2021,7,1603.0,974.0,483.0,146.0,785.0,783.0,35.0,1500.0,873.0,380214.2390533333,357096.75132,18791.981783333333,4325.50595,394581.28886,369298.1214633333,385689.15852,376303.58229333337,211828.43516666666,40339.88933333333,73837.49063333333,97651.0552,9385.57622666667,728555.0,497049.0,231506.0,0.3178,,1257611.0,658294.0,599317.0,0.4766,,1,16,1,62,31,1,75,0,0,119,0,0,0,24,968.0
2021-08-01,서대문구,건별집계|API_2017_2025,2021,8,1606.0,968.0,502.0,136.0,796.0,744.0,66.0,1618.0,869.0,369418.6921,348871.4408870968,17622.924045161293,2924.327164516129,381048.27836129034,360363.54428709677,373520.2856387097,366488.9824096774,194666.78392580643,36568.366112903226,70386.1042483871,87712.31356451612,7031.303229032264,728555.0,497049.0,231506.0,0.3178,,1257611.0,658294.0,599317.0,0.4766,,1,16,1,62,31,1,75,0,0,119,0,0,0,24,1009.0
2021-09-01,서대문구,건별집계|API_2017_2025,2021,9,1563.0,1009.0,468.0,86.0,817.0,702.0,44.0,1357.0,827.0,369913.9393677419,346614.9361516129,17956.442412903223,5342.5608,381203.7911838709,361025.90397419356,372462.025,368093.87821612903,190466.09551935483,35922.80172580645,68875.08582903225,85668.20796451613,4368.146783870966,728555.0,497049.0,231506.0,0.3178,,1257611.0,658294.0,599317.0,0.4766,,1,16,1,62,31,1,75,0,0,119,0,0,0,24,1019.0
2021-10-01,서대문구,건별집계|API_2017_2025,2021,10,1653.0,1019.0,500.0,134.0,824.0,788.0,41.0,1575.0,913.0,372303.5521166667,348757.56809,18373.71586333333,5172.2681600000005,385755.09564666665,361459.71324,374526.33508333337,370715.85001,194025.89071333333,38609.51410666667,68077.47671333334,87338.89989333334,3810.4850733333287,728555.0,497049.0,231506.0,0.3178,,1257611.0,658294.0,599317.0,0.4766,,1,16,1,62,31,1,75,0,0,119,0,0,0,24,982.0
2021-11-01,서대문구,건별집계|API_2017_2025,2021,11,1575.0,982.0,495.0,98.0,803.0,731.0,41.0,1419.0,877.0,375833.0972387097,353315.4398774193,18287.582832258064,4230.074519354839,389430.2298032258,364646.1029064516,378013.2170483871,374275.8687774193,194525.7745548387,37858.72892903226,68495.94015806452,88171.10546774193,3737.3482709677455,728555.0,497049.0,231506.0,0.3178,,1257611.0,658294.0,599317.0,0.4766,,1,16,1,62,31,1,75,0,0,119,0,0,0,24,931.0
2021-12-01,서대문구,건별집계|API_2017_2025,2021,12,1611.0,931.0,588.0,92.0,822.0,654.0,135.0,1344.0,797.0,380138.9214966667,356759.1133966667,18678.692406666665,4701.115703333333,394614.4506766667,369035.1087733333,385557.3792266667,376268.5945566667,209678.75403,41964.82144,71040.86228666667,96673.07030333333,9288.78467,728555.0,497049.0,231506.0,0.3178,,1257611.0,658294.0,599317.0,0.4766,,1,16,1,62,31,1,75,0,0,119,0,0,0,24,919.0
2022-01-01,서대문구,건별집계|xlsx_2022_2024,2022,1,1606.0,919.0,570.0,117.0,940.0,453.0,213.0,1261.0,825.0,375512.8355290323,352264.949432258,18729.463129032258,4518.422974193549,388808.2681580645,365711.19032580644,380897.70382903225,371666.50104838714,200169.73474193548,38882.89817096775,70399.51324193549,90887.32332903227,9231.202780645157,763632.0,527780.0,235852.0,0.3089,76809.0,1311953.0,690112.0,621841.0,0.474,224322.0,0,12,1,39,18,0,59,0,0,60,0,0,0,0,928.0
2022-02-01,서대문구,건별집계|xlsx_2022_2024,2022,2,1516.0,928.0,493.0,95.0,769.0,685.0,62.0,1187.0,763.0,367199.5242806452,345748.54493548383,18222.179358064517,3228.799987096774,379808.48749032256,357347.2243483871,371576.152516129,364073.36126774194,195594.27709032258,39414.654867741934,67273.24091290323,88906.38130967742,7502.791248387098,763632.0,527780.0,235852.0,0.3089,76809.0,1311953.0,690112.0,621841.0,0.474,224322.0,0,12,1,39,18,0,59,0,0,60,0,0,0,0,836.0
2022-03-01,서대문구,건별집계|xlsx_2022_2024,2022,3,1466.0,836.0,545.0,85.0,756.0,662.0,48.0,1259.0,778.0,375249.78239999997,348237.90487857145,18677.7999,8334.077610714286,387582.9468321428,365994.8575571429,380004.3990392857,371853.6276571429,193651.79619999998,38326.59229285714,67317.90952142856,88007.2943857143,8150.771382142858,763632.0,527780.0,235852.0,0.3089,76809.0,1311953.0,690112.0,621841.0,0.474,224322.0,0,12,1,39,18,0,59,0,0,60,0,0,0,0,1006.0
2022-04-01,서대문구,건별집계|xlsx_2022_2024,2022,4,2022.0,1006.0,930.0,86.0,1045.0,901.0,76.0,1339.0,831.0,384039.9252935484,358100.68481935485,19398.48732580645,6540.753158064516,397006.09413870965,374139.96357419353,389340.4502419355,380253.8360419355,192813.10257419356,40970.972254838714,64542.59971935484,87299.5306,9086.614199999998,763632.0,527780.0,235852.0,0.3089,76809.0,1311953.0,690112.0,621841.0,0.474,224322.0,0,12,1,39,18,0,59,0,0,60,0,0,0,0,972.0
2022-05-01,서대문구,건별집계|xlsx_2022_2024,2022,5,1654.0,972.0,607.0,75.0,865.0,741.0,48.0,1513.0,960.0,381394.6922466667,356572.91843666666,19571.440593333333,5250.333226666667,397766.07087999996,368789.81769666664,386930.66933999996,377440.4228933333,209035.44716666668,41362.19169,69627.52300999999,98045.73246666667,9490.246446666662,763632.0,527780.0,235852.0,0.3089,76809.0,1311953.0,690112.0,621841.0,0.474,224322.0,0,12,1,39,18,0,59,0,0,60,0,0,0,0,999.0
2022-06-01,서대문구,건별집계|xlsx_2022_2024,2022,6,1639.0,999.0,577.0,63.0,818.0,766.0,55.0,1603.0,974.0,388504.9321645161,361792.81387741934,20217.93771935484,6494.180570967742,407379.70826774195,373717.6398967742,394663.9886032258,384105.6061387097,213103.2296387097,44346.8165,68640.2691032258,100116.14403548387,10558.382464516131,763632.0,527780.0,235852.0,0.3089,76809.0,1311953.0,690112.0,621841.0,0.474,224322.0,0,12,1,39,18,0,59,0,0,60,0,0,0,0,926.0
2022-07-01,서대문구,건별집계|xlsx_2022_2024,2022,7,1428.0,926.0,441.0,61.0,748.0,622.0,58.0,1606.0,968.0,390690.4123533333,362147.28691666666,20333.064276666668,8210.061169999999,408126.00090000004,376892.89314,396231.48798,386732.5011833333,209724.98547,42964.767400000004,69008.26643999999,97751.95163,9498.986796666666,763632.0,527780.0,235852.0,0.3089,76809.0,1311953.0,690112.0,621841.0,0.474,224322.0,0,12,1,39,18,0,59,0,0,60,0,0,0,0,1066.0
2022-08-01,서대문구,건별집계|xlsx_2022_2024,2022,8,1713.0,1066.0,554.0,93.0,891.0,772.0,50.0,1563.0,1009.0,374363.13448709674,347286.3393064516,19084.320016129033,7992.475174193549,390190.6459129032,360858.3642322581,378522.6577548387,371392.0464290323,196801.87268064517,41468.93655483871,64554.8370032258,90778.09912258065,7130.6113258064515,763632.0,527780.0,235852.0,0.3089,76809.0,1311953.0,690112.0,621841.0,0.474,224322.0,0,12,1,39,18,0,59,0,0,60,0,0,0,0,1093.0
2022-09-01,서대문구,건별집계|xlsx_2022_2024,2022,9,1775.0,1093.0,605.0,77.0,943.0,782.0,50.0,1653.0,1019.0,377594.3823064516,347516.5321225806,19943.900541935483,10133.949632258064,393753.8623806451,364450.16576451616,382052.6088129032,374409.93479354837,200055.54623548387,42550.98361935484,65291.85352580645,92212.70909032259,7642.6740193548385,763632.0,527780.0,235852.0,0.3089,76809.0,1311953.0,690112.0,621841.0,0.474,224322.0,0,12,1,39,18,0,59,0,0,60,0,0,0,0,992.0
2022-10-01,서대문구,건별집계|xlsx_2022_2024,2022,10,1618.0,992.0,547.0,79.0,845.0,720.0,53.0,1575.0,982.0,387693.08145,354792.82312333334,20908.52722666667,11991.731116666666,410289.8570533333,370913.4375833333,395879.95205333334,381845.3167266667,209145.35526,48714.8985,62884.29804,97546.15871999999,14034.635326666674,763632.0,527780.0,235852.0,0.3089,76809.0,1311953.0,690112.0,621841.0,0.474,224322.0,0,12,1,39,18,0,59,0,0,60,0,0,0,0,979.0
2022-11-01,서대문구,건별집계|xlsx_2022_2024,2022,11,1493.0,979.0,453.0,61.0,765.0,678.0,50.0,1611.0,931.0,386181.89187096775,355258.9089516129,20975.795125806453,9947.1878,406746.3535483871,369436.58768064517,392367.5948870968,381763.53257741936,200701.9828,43538.47171612903,62930.60361612903,94232.90746774194,10604.06230967742,763632.0,527780.0,235852.0,0.3089,76809.0,1311953.0,690112.0,621841.0,0.474,224322.0,0,12,1,39,18,0,59,0,0,60,0,0,0,0,968.0
2022-12-01,서대문구,건별집계|xlsx_2022_2024,2022,12,1519.0,968.0,471.0,80.0,795.0,686.0,38.0,1606.0,919.0,392883.92327333335,360799.1305733333,22062.663569999997,10022.129126666667,414365.75679333333,376756.17277,402384.94251666666,386097.4809766667,213297.56582666666,46287.60371333334,64289.02093333333,102720.94118000001,16287.461539999998,763632.0,527780.0,235852.0,0.3089,76809.0,1311953.0,690112.0,621841.0,0.474,224322.0,0,12,1,39,18,0,59,0,0,60,0,0,0,0,1072.0
2017-01-01,서초구,API_2017_2025,2017,1,,,,,,,,,,,,,,,,,,,,,,,,,,,,,,,,,1,90,14,129,38,30,339,0,0,140,0,0,0,58,1282.0
2017-02-01,서초구,API_2017_2025,2017,2,2106.0,1282.0,,,,,,,,,,,,,,,,,,,,,,,,,,,,,,,1,90,14,129,38,30,339,0,0,140,0,0,0,58,1025.0
2017-03-01,서초구,API_2017_2025,2017,3,1772.0,1025.0,,,,,,,,,,,,,,,,,,,,,,,,,,,,,,,1,90,14,129,38,30,339,0,0,140,0,0,0,58,1159.0
2017-04-01,서초구,API_2017_2025,2017,4,2065.0,1159.0,,,,,,,,,,,,,,,,,,,,,,,,,,,,,,,1,90,14,129,38,30,339,0,0,140,0,0,0,58,1192.0
2017-05-01,서초구,API_2017_2025,2017,5,1961.0,1192.0,,,,,,,,,,,,,,,,,,,,,,,,,,,,,,,1,90,14,129,38,30,339,0,0,140,0,0,0,58,1202.0
2017-06-01,서초구,API_2017_2025,2017,6,2051.0,1202.0,,,,,,,,,,,,,,,,,,,,,,,,,,,,,,,1,90,14,129,38,30,339,0,0,140,0,0,0,58,1240.0
2017-07-01,서초구,API_2017_2025,2017,7,2162.0,1240.0,,,,,,,,,,,,,,,,,,,,,,,,,,,,,,,1,90,14,129,38,30,339,0,0,140,0,0,0,58,1288.0
2017-08-01,서초구,API_2017_2025,2017,8,2316.0,1288.0,,,,,,,,,,,,,,,,,,,,,,,,,,,,,,,1,90,14,129,38,30,339,0,0,140,0,0,0,58,1345.0
2017-09-01,서초구,API_2017_2025,2017,9,2280.0,1345.0,,,,,,,,,,,,,,,,,,,,,,,,,,,,,,,1,90,14,129,38,30,339,0,0,140,0,0,0,58,1295.0
2017-10-01,서초구,API_2017_2025,2017,10,2273.0,1295.0,,,,,,,,,,,,,,,,,,,,,,,,,,,,,,,1,90,14,129,38,30,339,0,0,140,0,0,0,58,1238.0
2017-11-01,서초구,API_2017_2025,2017,11,2005.0,1238.0,,,,,,,,,,,,,,,,,,,,,,,,,,,,,,,1,90,14,129,38,30,339,0,0,140,0,0,0,58,1209.0
2017-12-01,서초구,API_2017_2025,2017,12,2099.0,1209.0,,,,,,,,,,,,,,,,,,,,,,,,,,,,,,,1,90,14,129,38,30,339,0,0,140,0,0,0,58,1434.0
2018-01-01,서초구,API_2017_2025,2018,1,2366.0,1434.0,,,,,,2106.0,1282.0,,,,,,,,,,,,,,,,,,,,,,,,0,85,5,126,33,30,398,0,0,167,0,0,0,48,1333.0
2018-02-01,서초구,API_2017_2025,2018,2,2286.0,1333.0,,,,,,1772.0,1025.0,,,,,,,,,,,,,,,,,,,,,,,,0,85,5,126,33,30,398,0,0,167,0,0,0,48,1175.0
2018-03-01,서초구,API_2017_2025,2018,3,1968.0,1175.0,,,,,,2065.0,1159.0,,,,,,,,,,,,,,,,,,,,,,,,0,85,5,126,33,30,398,0,0,167,0,0,0,48,1225.0
2018-04-01,서초구,API_2017_2025,2018,4,2111.0,1225.0,,,,,,1961.0,1192.0,,,,,,,,,,,,,,,,,,,,,,,,0,85,5,126,33,30,398,0,0,167,0,0,0,48,1253.0
2018-05-01,서초구,API_2017_2025,2018,5,2083.0,1253.0,,,,,,2051.0,1202.0,633192.0681,612372.61885,14540.743146153845,6278.706119230769,743523.5012653845,518356.6593730769,723369.761626923,568779.4298653846,467432.3699346154,147468.8200153846,97032.81411538461,222930.73580384615,154590.3317615385,,,,,,,,,,,0,85,5,126,33,30,398,0,0,167,0,0,0,48,1393.0
2018-06-01,서초구,API_2017_2025,2018,6,2279.0,1393.0,,,,,,2162.0,1240.0,630686.4379129033,609251.541667742,14570.322258064516,6864.573996774193,736684.6213548386,516061.089967742,716753.3753419355,567663.7472064517,452481.4198806452,142606.38076129032,94277.52331935483,215597.5158,149089.62813548386,,,,,,,,,,,0,85,5,126,33,30,398,0,0,167,0,0,0,48,1312.0
2018-07-01,서초구,API_2017_2025,2018,7,2216.0,1312.0,,,,,,2316.0,1288.0,632547.5752266666,611531.2318533334,14762.526810000001,6253.81656,743159.4845233334,519792.6458966667,722012.5161066666,568644.0460166667,432186.0790333333,140165.98743,88194.39552666666,203825.69607666665,153368.47009000002,,,,,,,,,,,0,85,5,126,33,30,398,0,0,167,0,0,0,48,1425.0
2018-08-01,서초구,API_2017_2025,2018,8,2437.0,1425.0,,,,,,2280.0,1345.0,640160.5129064516,618193.021132258,14957.619638709679,7009.872129032258,759801.9665032257,519168.1416483871,737261.8615290324,570802.4067741935,447077.25926774193,148730.01401612902,86737.77971935485,211609.46553225807,166459.45475483872,,,,,,,,,,,0,85,5,126,33,30,398,0,0,167,0,0,0,48,1429.0
2018-09-01,서초구,API_2017_2025,2018,9,2415.0,1429.0,,,,,,2273.0,1295.0,632154.2947387097,610146.2589516129,15224.190951612904,6783.844838709678,747150.0997387096,516706.4743967742,725032.9508806452,564473.3831483871,453136.6203935484,146108.1566064516,92374.67677096775,214653.78701612903,160559.56773225806,,,,,,,,,,,0,85,5,126,33,30,398,0,0,167,0,0,0,48,1159.0
2018-10-01,서초구,API_2017_2025,2018,10,1962.0,1159.0,,,,,,2005.0,1238.0,612502.78318,591758.6947133334,14285.014633333334,6459.073829999999,714098.0333533332,507911.3218766667,693172.8416166666,554881.3128733333,417599.69653,133292.53110333334,88311.49150666666,195995.67392,138291.52874333333,,,,,,,,,,,0,85,5,126,33,30,398,0,0,167,0,0,0,48,1246.0
2018-11-01,서초구,API_2017_2025,2018,11,2087.0,1246.0,,,,,,2099.0,1209.0,625218.2897322581,603980.426683871,14293.518887096774,6944.344167741936,733173.2606225807,514744.9148838709,713291.8608774194,561021.3797193548,435802.75937741937,141539.78057096776,89846.71825161291,204416.26055483872,152270.4811580645,,,,,,,,,,,0,85,5,126,33,30,398,0,0,167,0,0,0,48,1210.0
2018-12-01,서초구,API_2017_2025,2018,12,1966.0,1210.0,,,,,,2366.0,1434.0,634276.1620066667,612326.3670000001,14547.944389999999,7401.8506099999995,746767.3457066666,519476.14926333335,725757.4405333333,568932.3916366666,458952.15705333336,152672.81068666666,91919.96292333333,214359.38344333332,156825.04889666667,,,,,,,,,,,0,85,5,126,33,30,398,0,0,167,0,0,0,48,1403.0
2019-01-01,서초구,API_2017_2025,2019,1,2252.0,1403.0,,,,,,2286.0,1333.0,629370.9236483871,606414.1342967742,15746.835332258064,7209.954029032258,737846.8495612902,521215.46719032264,715977.6884483871,567508.9488032259,434139.1626612903,143230.26683548387,90017.924,200890.97182580645,148468.73964516132,,,,,,,,,,,0,76,1,115,28,13,350,0,0,121,0,0,0,41,1205.0
2019-02-01,서초구,API_2017_2025,2019,2,1981.0,1205.0,,,,,,1968.0,1175.0,638050.0555322581,613689.6378935485,17832.12681935484,6528.2908290322575,759076.5865709677,522760.0689709677,734350.2714548387,569264.187016129,464704.8305032258,155219.3707967742,92510.19719354839,216975.26251290325,165086.0844387097,,,,,,,,,,,0,76,1,115,28,13,350,0,0,121,0,0,0,41,1040.0
2019-03-01,서초구,API_2017_2025,2019,3,1726.0,1040.0,,,,,,2111.0,1225.0,602018.7718892858,579388.6998428571,17110.270160714288,5519.801889285714,709334.13365,498191.8334464286,684849.0690821428,542854.2738857142,426045.0182321429,140507.2566392857,89057.35058928572,196480.41100357144,141994.79519642857,,,,,,,,,,,0,76,1,115,28,13,350,0,0,121,0,0,0,41,1108.0
2019-04-01,서초구,API_2017_2025,2019,4,1869.0,1108.0,,,,,,2083.0,1253.0,625485.9134193548,602587.2818709678,17302.187351612905,5596.444219354838,735160.1308354839,518458.7413967742,713182.2343870967,562845.6841580645,417483.351,137854.66883225806,85405.03633225807,194223.64583548385,150336.55022903226,,,,,,,,,,,0,76,1,115,28,13,350,0,0,121,0,0,0,41,1123.0
2019-05-01,서초구,API_2017_2025,2019,5,1984.0,1123.0,,,,,,2279.0,1393.0,619496.5602133333,595848.1435866667,17695.867883333336,5952.548743333334,726686.65295,511878.77064,707492.1832566666,556642.54376,452589.78971333336,145872.67155,92589.17057333334,214127.94759,150849.63949666667,,,,,,,,,,,0,76,1,115,28,13,350,0,0,121,0,0,0,41,1272.0
2019-06-01,서초구,API_2017_2025,2019,6,2108.0,1272.0,,,,,,2216.0,1312.0,596364.4727129033,572928.9659032258,17240.932232258063,6194.57456451613,696567.312732258,494375.1272741935,677810.0741806452,538189.0430967741,409958.43511290324,133176.09958709677,83955.78129354838,192826.55423225806,139621.03108387097,,,,,,,,,,,0,76,1,115,28,13,350,0,0,121,0,0,0,41,1258.0
2019-07-01,서초구,API_2017_2025,2019,7,2066.0,1258.0,,,,,,2437.0,1425.0,596965.2151966667,573488.87098,17203.346576666667,6272.997619999999,696634.5013366666,498260.55534,677017.4273933334,539785.06362,394568.06481333333,128010.79407333332,84019.33970666668,182537.93103333333,137232.36377333335,,,,,,,,,,,0,76,1,115,28,13,350,0,0,121,0,0,0,41,1353.0
2019-08-01,서초구,API_2017_2025,2019,8,2296.0,1353.0,,,,,,2415.0,1429.0,603275.4421967742,581483.3429483871,15779.17084516129,6012.9284161290325,715718.0998225807,492809.1333516129,694376.2054129032,538203.4684741936,394880.11151935486,131875.07024838708,78078.51307741935,184926.52819354838,156172.73693870966,,,,,,,,,,,0,76,1,115,28,13,350,0,0,121,0,0,0,41,1353.0
2019-09-01,서초구,API_2017_2025,2019,9,2243.0,1353.0,,,,,,1962.0,1159.0,627476.1340838709,604024.2992967742,17603.693474193547,5848.1413096774195,736648.5526096774,519166.673383871,714956.458716129,564990.1879225806,411673.060516129,137077.63410000002,83096.24188709677,191499.18452903227,149966.2707935484,,,,,,,,,,,0,76,1,115,28,13,350,0,0,121,0,0,0,41,1256.0
2019-10-01,서초구,API_2017_2025,2019,10,2082.0,1256.0,,,,,,2087.0,1246.0,615622.2023733334,592411.3385300001,17170.580926666666,6040.282916666666,718691.6658266668,513057.39049,695949.3075566667,558245.6986666666,418402.7098866666,137306.10621666667,86781.35506666667,194315.2486033333,137703.60889,,,,,,,,,,,0,76,1,115,28,13,350,0,0,121,0,0,0,41,1265.0
2019-11-01,서초구,API_2017_2025,2019,11,2143.0,1265.0,,,,,,1966.0,1210.0,631374.3608290323,606627.2313451613,17494.888895161293,7252.2406,749642.1954161291,515363.270033871,724154.8507145161,565102.5823451612,449035.71062096773,148762.59120645162,87639.25276612904,212633.8666483871,159052.26836935483,,,,,,,,,,,0,76,1,115,28,13,350,0,0,121,0,0,0,41,1225.0
2019-12-01,서초구,API_2017_2025,2019,12,2063.0,1225.0,,,,,,2252.0,1403.0,625009.78787,600600.1051800001,17105.04259,7304.6401000000005,736483.4840999999,514941.5325466666,715023.1109566666,560714.5570966668,434623.13857333333,146251.89208333334,86705.86556,201665.38092999998,154308.55385999999,,,,,,,,,,,0,76,1,115,28,13,350,0,0,121,0,0,0,41,1319.0
2020-01-01,서초구,API_2017_2025,2020,1,2164.0,1319.0,,,,,,1981.0,1205.0,621832.8329903226,597409.3147032259,16807.796122580643,7615.722164516129,731512.8964870968,514513.4132096774,708746.4762032258,559751.6592774194,443087.64373548387,148106.77130967742,89300.52919354838,205680.34323225808,148994.8169258065,732300.0,468626.0,263674.0,0.3601,,1037770.0,502235.0,535535.0,0.516,,0,46,3,77,12,84,260,0,0,89,0,0,0,36,1142.0
2020-02-01,서초구,API_2017_2025,2020,2,1879.0,1142.0,,,,,,1726.0,1040.0,606239.5939032257,582464.2771870968,17495.584796774194,6279.731938709678,713660.9421741936,502671.3545580645,690730.1063774193,545889.2278548387,429472.0305741935,143029.5557967742,87969.64354193548,198472.83123548387,144840.87852258064,732300.0,468626.0,263674.0,0.3601,,1037770.0,502235.0,535535.0,0.516,,0,46,3,77,12,84,260,0,0,89,0,0,0,36,961.0
2020-03-01,서초구,API_2017_2025,2020,3,1726.0,961.0,,,,,,1869.0,1108.0,611528.9364931035,587790.6563310345,17623.270217241377,6115.009931034483,714873.4148827585,514189.67405172414,694527.6250172415,552244.1589793104,412188.9668758621,130157.3815413793,88249.63420344827,193781.95113103447,142283.46603793104,732300.0,468626.0,263674.0,0.3601,,1037770.0,502235.0,535535.0,0.516,,0,46,3,77,12,84,260,0,0,89,0,0,0,36,793.0
2020-04-01,서초구,API_2017_2025,2020,4,1543.0,793.0,,,,,,1984.0,1123.0,587952.3024903226,567560.6313225806,16169.750238709677,4221.920941935484,673481.4606935484,507686.69954516133,656903.4550580645,538701.4792290323,364836.8287387097,108194.32717096774,85311.6059516129,171330.89561612904,118201.97582903226,732300.0,468626.0,263674.0,0.3601,,1037770.0,502235.0,535535.0,0.516,,0,46,3,77,12,84,260,0,0,89,0,0,0,36,770.0
2020-05-01,서초구,API_2017_2025,2020,5,1469.0,770.0,,,,,,2108.0,1272.0,592046.0358266666,571529.4164933334,15788.517806666667,4728.101536666667,683070.8004433333,505298.94219666667,665512.9508999999,539569.66791,391625.26277,119151.42785000001,89621.13937666666,182852.69554333334,125943.28298999999,732300.0,468626.0,263674.0,0.3601,,1037770.0,502235.0,535535.0,0.516,,0,46,3,77,12,84,260,0,0,89,0,0,0,36,863.0
2020-06-01,서초구,API_2017_2025,2020,6,1591.0,863.0,,,,,,2066.0,1258.0,591616.8762290323,571231.2620870967,15695.563567741936,4690.050577419354,685327.1046096773,501478.5070322581,666712.0162774193,537977.4904709677,396523.67534838716,122570.42146129032,88791.12911612903,185162.12477096773,128734.52580645162,732300.0,468626.0,263674.0,0.3601,,1037770.0,502235.0,535535.0,0.516,,0,46,3,77,12,84,260,0,0,89,0,0,0,36,906.0
2020-07-01,서초구,API_2017_2025,2020,7,1714.0,906.0,,,,,,2296.0,1353.0,604700.9219666667,582533.4498533333,16500.667816666668,5666.804293333334,706824.5200766666,505096.32752666663,687690.5414033333,545422.6223666667,419818.3697733333,130462.00323,90547.02045666667,198809.34608666666,142267.91903666666,732300.0,468626.0,263674.0,0.3601,,1037770.0,502235.0,535535.0,0.516,,0,46,3,77,12,84,260,0,0,89,0,0,0,36,1091.0
2020-08-01,서초구,API_2017_2025,2020,8,1945.0,1091.0,,,,,,2243.0,1353.0,604576.003916129,583604.4420806452,15980.690870967743,4990.870964516129,708406.1412096774,503855.11721935484,688417.3390354839,544689.3359709678,418059.24003870966,131318.5520032258,89111.85351935485,197628.83451612905,143728.00306451612,732300.0,468626.0,263674.0,0.3601,,1037770.0,502235.0,535535.0,0.516,,0,46,3,77,12,84,260,0,0,89,0,0,0,36,1067.0
2020-09-01,서초구,API_2017_2025,2020,9,1992.0,1067.0,,,,,,2082.0,1256.0,578796.2622096774,558736.9210032258,13944.439622580645,6114.901593548388,666996.0379774193,495050.99212258065,649385.9491677419,528375.0572419355,376398.7688741936,113753.31532580646,86579.17176774194,176066.28178064516,121010.89192580646,732300.0,468626.0,263674.0,0.3601,,1037770.0,502235.0,535535.0,0.516,,0,46,3,77,12,84,260,0,0,89,0,0,0,36,936.0
2020-10-01,서초구,API_2017_2025,2020,10,1752.0,936.0,,,,,,2143.0,1265.0,575851.3832833334,558524.2717366667,13533.507810000001,3793.6037466666667,664423.8431633334,491373.66361,646994.92935,525034.5646633334,371427.98905,110241.02094,85902.62091,175284.34720000002,121960.36468666667,732300.0,468626.0,263674.0,0.3601,,1037770.0,502235.0,535535.0,0.516,,0,46,3,77,12,84,260,0,0,89,0,0,0,36,1028.0
2020-11-01,서초구,API_2017_2025,2020,11,1880.0,1028.0,,,,,,2063.0,1225.0,575940.0881290323,558610.9459645161,13720.139025806451,3609.0031193548384,664896.5154870967,489148.701732258,647383.2863774194,524909.2322451613,388822.64185483876,120403.71712903226,87510.34242258065,180908.58230322582,122474.05413225807,732300.0,468626.0,263674.0,0.3601,,1037770.0,502235.0,535535.0,0.516,,0,46,3,77,12,84,260,0,0,89,0,0,0,36,904.0
2020-12-01,서초구,API_2017_2025,2020,12,1673.0,904.0,,,,,,2164.0,1319.0,588737.2972833333,571076.8293433334,14096.398036666667,3564.0699099999997,687400.1510633334,493521.56978333334,668968.3929433334,531429.3718333333,405037.86316,127246.84519666666,87334.52699333333,190456.49097,137539.02111,732300.0,468626.0,263674.0,0.3601,,1037770.0,502235.0,535535.0,0.516,,0,46,3,77,12,84,260,0,0,89,0,0,0,36,819.0
2021-01-01,서초구,건별집계|API_2017_2025,2021,1,1499.0,819.0,,,,,,1879.0,1142.0,569391.8550645161,552081.3791096774,13291.212732258065,4019.263222580645,657501.0352387097,488556.38896129036,640389.8818774193,518678.97877419356,354099.5354,105991.28843225806,82443.30885806451,165664.9381096774,121710.9031032258,717468.0,456071.0,261397.0,0.3643,,981779.0,470963.0,510816.0,0.5203,,0,24,1,90,27,98,181,0,0,77,0,0,0,16,889.0
2021-02-01,서초구,건별집계|API_2017_2025,2021,2,1570.0,889.0,517.0,164.0,600.0,932.0,38.0,1726.0,961.0,568682.7644225806,552528.1134612903,13252.497396774193,2902.153570967742,656526.6771483871,488638.2990903226,638792.2859354839,518604.5347645161,361791.8876387097,110234.86126774193,84573.18114516129,166983.84522580644,120187.75117096775,717468.0,456071.0,261397.0,0.3643,,981779.0,470963.0,510816.0,0.5203,,0,24,1,90,27,98,181,0,0,77,0,0,0,16,770.0
2021-03-01,서초구,건별집계|API_2017_2025,2021,3,1412.0,770.0,505.0,137.0,585.0,798.0,29.0,1543.0,793.0,568203.9969428572,551579.439025,13406.23952142857,3218.3183964285713,660968.4402678572,480808.4242107143,641864.4593607143,515589.380925,380473.87175,119230.83031071429,85470.36852500001,175772.6729142857,126275.07843571428,717468.0,456071.0,261397.0,0.3643,,981779.0,470963.0,510816.0,0.5203,,0,24,1,90,27,98,181,0,0,77,0,0,0,16,891.0
2021-04-01,서초구,건별집계|API_2017_2025,2021,4,1631.0,891.0,635.0,105.0,655.0,944.0,32.0,1469.0,770.0,586584.2326580646,569794.7754870967,13990.58140967742,2798.875764516129,686698.7663741935,490619.60579999996,667986.4866258064,528439.7655483871,396411.7181096774,125206.6529967742,84518.28888709677,186686.77622580645,139546.72107741932,717468.0,456071.0,261397.0,0.3643,,981779.0,470963.0,510816.0,0.5203,,0,24,1,90,27,98,181,0,0,77,0,0,0,16,923.0
2021-05-01,서초구,건별집계|API_2017_2025,2021,5,1668.0,923.0,613.0,132.0,625.0,994.0,49.0,1591.0,863.0,584530.8576366666,567930.3905333333,13976.299306666666,2624.1677966666666,683952.03437,488125.56705,665830.4236633333,526459.7390466667,416178.4268933333,129599.75546333333,89257.26218333333,197321.40924666668,139370.68461666667,717468.0,456071.0,261397.0,0.3643,,981779.0,470963.0,510816.0,0.5203,,0,24,1,90,27,98,181,0,0,77,0,0,0,16,1019.0
2021-06-01,서초구,건별집계|API_2017_2025,2021,6,1915.0,1019.0,655.0,241.0,779.0,1086.0,50.0,1714.0,906.0,570963.9930419355,554888.9813774193,13414.809583870969,2660.2020806451615,662634.2733677418,480649.94282903225,645769.7363612903,517531.3192451613,388600.3336354838,121089.31053225805,86298.35597741936,181212.66712580645,128238.41711612901,717468.0,456071.0,261397.0,0.3643,,981779.0,470963.0,510816.0,0.5203,,0,24,1,90,27,98,181,0,0,77,0,0,0,16,1163.0
2021-07-01,서초구,건별집계|API_2017_2025,2021,7,2078.0,1163.0,689.0,226.0,914.0,1072.0,92.0,1945.0,1091.0,583657.68722,566365.0033533333,13638.012233333335,3654.67166,684761.2460766666,485160.2366033333,666676.54338,524358.5042733334,411886.78521,129846.94993999999,87923.96868333334,194115.86658666667,142318.03910666666,717468.0,456071.0,261397.0,0.3643,,981779.0,470963.0,510816.0,0.5203,,0,24,1,90,27,98,181,0,0,77,0,0,0,16,1212.0
2021-08-01,서초구,건별집계|API_2017_2025,2021,8,2103.0,1212.0,664.0,227.0,953.0,1068.0,82.0,1992.0,1067.0,569809.6596354839,553019.859167742,12985.79895483871,3804.0015193548384,663784.0501483871,479569.90019032254,646302.7340483872,515171.74935806455,382545.113383871,118220.08469032259,84930.58069032257,179394.4480032258,131130.9846903226,717468.0,456071.0,261397.0,0.3643,,981779.0,470963.0,510816.0,0.5203,,0,24,1,90,27,98,181,0,0,77,0,0,0,16,1162.0
2021-09-01,서초구,건별집계|API_2017_2025,2021,9,1929.0,1162.0,605.0,162.0,855.0,1006.0,68.0,1752.0,936.0,561306.8645580645,544415.5878548387,12893.488048387097,3997.7886741935486,651225.6661290323,475944.3471483871,633735.229383871,509572.3182774193,372098.06893225806,113986.22062258064,84537.90480967742,173573.9435,124162.91110645162,717468.0,456071.0,261397.0,0.3643,,981779.0,470963.0,510816.0,0.5203,,0,24,1,90,27,98,181,0,0,77,0,0,0,16,1146.0
2021-10-01,서초구,건별집계|API_2017_2025,2021,10,1980.0,1146.0,698.0,136.0,847.0,1059.0,74.0,1880.0,1028.0,555276.82209,538467.2012366666,12954.29812,3855.32275,642556.7592300001,471208.8220433333,624630.73838,505738.31047666667,367795.80445,112746.46432333333,84378.06205333333,170671.27807333332,118892.42790333332,717468.0,456071.0,261397.0,0.3643,,981779.0,470963.0,510816.0,0.5203,,0,24,1,90,27,98,181,0,0,77,0,0,0,16,1102.0
2021-11-01,서초구,건별집계|API_2017_2025,2021,11,1938.0,1102.0,671.0,165.0,819.0,1038.0,81.0,1673.0,904.0,564581.7073419355,547241.4878451612,13223.00467419355,4117.21484516129,654375.2688935484,476703.76152580645,637253.2176,512673.4857548387,375061.56567419355,116829.94002258065,83227.1256967742,175004.4999548387,124579.7318451613,717468.0,456071.0,261397.0,0.3643,,981779.0,470963.0,510816.0,0.5203,,0,24,1,90,27,98,181,0,0,77,0,0,0,16,1100.0
2021-12-01,서초구,건별집계|API_2017_2025,2021,12,2010.0,1100.0,774.0,136.0,875.0,1018.0,117.0,1499.0,819.0,583641.2685166667,564373.4369033333,13587.859176666667,5679.972423333334,684717.2383033334,484198.13650666666,666628.5113033333,524364.6665033333,410212.49715,131506.05562333332,85148.38262333332,193558.05890333332,142263.84480000002,717468.0,456071.0,261397.0,0.3643,,981779.0,470963.0,510816.0,0.5203,,0,24,1,90,27,98,181,0,0,77,0,0,0,16,1100.0
2022-01-01,서초구,건별집계|xlsx_2022_2024,2022,1,2002.0,1100.0,773.0,129.0,960.0,777.0,265.0,1570.0,889.0,576062.3776935484,557937.8722064517,13224.648206451613,4899.857287096774,676136.3157064515,480222.9188548387,657415.561935484,517952.960383871,387496.65218709677,123221.59021612903,81471.40797741935,182803.6539935484,139462.6015516129,753504.0,486592.0,266912.0,0.3542,73447.0,1026438.0,493166.0,533272.0,0.5195,138739.0,0,19,1,72,28,141,168,0,0,53,0,0,0,12,1006.0
2022-02-01,서초구,건별집계|xlsx_2022_2024,2022,2,1828.0,1006.0,684.0,138.0,765.0,982.0,81.0,1412.0,770.0,566961.0724193549,549586.9620129032,13086.19409032258,4287.916312903226,665431.7698225806,473540.48292903224,646266.694119355,510314.19977096777,383464.97185806447,123623.39577419354,80953.8459548387,178887.73012903225,135952.49434838712,753504.0,486592.0,266912.0,0.3542,73447.0,1026438.0,493166.0,533272.0,0.5195,138739.0,0,19,1,72,28,141,168,0,0,53,0,0,0,12,851.0
2022-03-01,서초구,건별집계|xlsx_2022_2024,2022,3,1730.0,851.0,764.0,115.0,786.0,887.0,57.0,1631.0,891.0,565670.6782857144,545241.4280107144,12829.50612857143,7599.7441499999995,658464.224175,477381.3608678571,639986.0693357142,512588.25610714284,368678.57086785714,115736.69750714286,81187.71673571428,171754.156625,127397.81322857144,753504.0,486592.0,266912.0,0.3542,73447.0,1026438.0,493166.0,533272.0,0.5195,138739.0,0,19,1,72,28,141,168,0,0,53,0,0,0,12,992.0
2022-04-01,서초구,건별집계|xlsx_2022_2024,2022,4,2289.0,992.0,1176.0,121.0,1021.0,1193.0,75.0,1668.0,923.0,564861.3993225807,547918.3688225807,12778.504487096776,4164.526022580645,654523.737316129,478618.2698516129,637867.6010225808,512714.11238709674,355830.40578709677,111140.28551290323,78776.25423870968,165913.86603548386,125153.48863548387,753504.0,486592.0,266912.0,0.3542,73447.0,1026438.0,493166.0,533272.0,0.5195,138739.0,0,19,1,72,28,141,168,0,0,53,0,0,0,12,1020.0
2022-05-01,서초구,건별집계|xlsx_2022_2024,2022,5,2071.0,1020.0,890.0,161.0,905.0,1092.0,74.0,1915.0,1019.0,576782.8671166667,558472.2017933333,13107.161213333335,5203.504123333333,674264.0535133333,479233.33237666666,657546.2141766666,519094.7620733333,401815.49933,128595.25043333332,83332.50817333334,189887.74072333332,138451.45210333334,753504.0,486592.0,266912.0,0.3542,73447.0,1026438.0,493166.0,533272.0,0.5195,138739.0,0,19,1,72,28,141,168,0,0,53,0,0,0,12,1184.0
2022-06-01,서초구,건별집계|xlsx_2022_2024,2022,6,2137.0,1184.0,796.0,157.0,875.0,1184.0,78.0,2078.0,1163.0,587556.3535064517,568134.3999709677,13128.85404516129,6293.0995,688022.7597612903,486333.19907419354,669977.0235451612,528684.446348387,409092.24266774196,133369.86716451612,82674.42336129032,193047.9521419355,141292.5771967742,753504.0,486592.0,266912.0,0.3542,73447.0,1026438.0,493166.0,533272.0,0.5195,138739.0,0,19,1,72,28,141,168,0,0,53,0,0,0,12,1130.0
2022-07-01,서초구,건별집계|xlsx_2022_2024,2022,7,2047.0,1130.0,752.0,165.0,816.0,1158.0,73.0,2103.0,1212.0,595318.1563833334,575159.1422633334,13091.510223333335,7067.503906666667,699284.8035833334,493700.73456333333,679509.86954,535181.21841,410747.10446,133841.77599,84068.30554666667,192837.0229233333,144328.65113,753504.0,486592.0,266912.0,0.3542,73447.0,1026438.0,493166.0,533272.0,0.5195,138739.0,0,19,1,72,28,141,168,0,0,53,0,0,0,12,1322.0
2022-08-01,서초구,건별집계|xlsx_2022_2024,2022,8,2520.0,1322.0,1010.0,188.0,1059.0,1378.0,83.0,1929.0,1162.0,579724.8592677419,559785.3827709677,12673.488522580645,7265.987974193548,683673.6547322581,479510.7613483871,663628.4198032258,519793.74460967747,395067.97222903225,131468.27202903226,77864.6836419355,185735.0165580645,143834.67519354838,753504.0,486592.0,266912.0,0.3542,73447.0,1026438.0,493166.0,533272.0,0.5195,138739.0,0,19,1,72,28,141,168,0,0,53,0,0,0,12,1311.0
2022-09-01,서초구,건별집계|xlsx_2022_2024,2022,9,2535.0,1311.0,1042.0,182.0,1024.0,1426.0,85.0,1980.0,1146.0,568135.9361129032,548726.4247258065,12560.691103225807,6848.820290322581,666348.1789516129,471967.8267709677,648249.597048387,510911.8925870968,384282.6682935484,125978.33492903225,76870.7231580645,181433.61020645162,137337.70446129033,753504.0,486592.0,266912.0,0.3542,73447.0,1026438.0,493166.0,533272.0,0.5195,138739.0,0,19,1,72,28,141,168,0,0,53,0,0,0,12,1146.0
2022-10-01,서초구,건별집계|xlsx_2022_2024,2022,10,2042.0,1146.0,769.0,127.0,825.0,1155.0,62.0,1938.0,1102.0,566800.0397266666,547864.20746,12660.01298,6275.819293333333,664666.73927,469884.26049666665,645569.9609833334,510535.81024333334,385195.06807,127177.97406,75975.52690666667,182041.56710333333,135034.15074,753504.0,486592.0,266912.0,0.3542,73447.0,1026438.0,493166.0,533272.0,0.5195,138739.0,0,19,1,72,28,141,168,0,0,53,0,0,0,12,1143.0
2022-11-01,서초구,건별집계|xlsx_2022_2024,2022,11,1976.0,1143.0,709.0,124.0,786.0,1136.0,54.0,2010.0,1100.0,568003.9607645161,548519.0605548387,12703.052396774194,6781.847816129032,664207.6669290323,474892.3255612903,645455.3283193549,512681.55535806454,379861.1560516129,125608.53997741935,75906.37888387096,178346.2371903226,132773.77296129032,753504.0,486592.0,266912.0,0.3542,73447.0,1026438.0,493166.0,533272.0,0.5195,138739.0,0,19,1,72,28,141,168,0,0,53,0,0,0,12,1157.0
2022-12-01,서초구,건별집계|xlsx_2022_2024,2022,12,2084.0,1157.0,750.0,177.0,884.0,1149.0,51.0,2002.0,1100.0,580690.1921866667,561409.6080733333,12828.728023333333,6451.856083333333,688741.53277,474489.9964066667,669631.9587833334,517160.35890333337,407820.4091366667,135529.04167666667,77663.18233333335,194628.18512666665,152471.59988000002,753504.0,486592.0,266912.0,0.3542,73447.0,1026438.0,493166.0,533272.0,0.5195,138739.0,0,19,1,72,28,141,168,0,0,53,0,0,0,12,1244.0
2017-07-01,성동구,API_2017_2025,2017,7,,,,,,,,,,,,,,,,,,,,,,,,,,,,,,,,,1,309,8,80,0,69,182,0,0,144,0,0,2,60,315.0
2017-08-01,성동구,API_2017_2025,2017,8,462.0,315.0,,,,,,,,,,,,,,,,,,,,,,,,,,,,,,,1,309,8,80,0,69,182,0,0,144,0,0,2,60,852.0
2017-09-01,성동구,API_2017_2025,2017,9,1345.0,852.0,,,,,,,,,,,,,,,,,,,,,,,,,,,,,,,1,309,8,80,0,69,182,0,0,144,0,0,2,60,924.0
2017-10-01,성동구,API_2017_2025,2017,10,1481.0,924.0,,,,,,,,,,,,,,,,,,,,,,,,,,,,,,,1,309,8,80,0,69,182,0,0,144,0,0,2,60,846.0
2017-11-01,성동구,API_2017_2025,2017,11,1321.0,846.0,,,,,,,,,,,,,,,,,,,,,,,,,,,,,,,1,309,8,80,0,69,182,0,0,144,0,0,2,60,800.0
2017-12-01,성동구,API_2017_2025,2017,12,1246.0,800.0,,,,,,,,,,,,,,,,,,,,,,,,,,,,,,,1,309,8,80,0,69,182,0,0,144,0,0,2,60,924.0
2018-01-01,성동구,API_2017_2025,2018,1,1432.0,924.0,,,,,,,,,,,,,,,,,,,,,,,,,,,,,,,2,89,10,127,0,33,233,0,0,165,0,0,0,60,924.0
2018-02-01,성동구,API_2017_2025,2018,2,1464.0,924.0,,,,,,,,,,,,,,,,,,,,,,,,,,,,,,,2,89,10,127,0,33,233,0,0,165,0,0,0,60,784.0
2018-03-01,성동구,API_2017_2025,2018,3,1269.0,784.0,,,,,,,,,,,,,,,,,,,,,,,,,,,,,,,2,89,10,127,0,33,233,0,0,165,0,0,0,60,811.0
2018-04-01,성동구,API_2017_2025,2018,4,1281.0,811.0,,,,,,,,,,,,,,,,,,,,,,,,,,,,,,,2,89,10,127,0,33,233,0,0,165,0,0,0,60,794.0
2018-05-01,성동구,API_2017_2025,2018,5,1236.0,794.0,,,,,,,,371664.28217692306,353383.10871923075,16431.889061538463,1849.284396153846,388264.75333076925,354642.0082153846,380365.4296115385,365449.1768653846,225910.64033076924,40593.152507692306,77448.48496538462,107869.0028576923,14916.252746153845,,,,,,,,,,,2,89,10,127,0,33,233,0,0,165,0,0,0,60,861.0
2018-06-01,성동구,API_2017_2025,2018,6,1357.0,861.0,,,,,,,,369479.46003225807,351218.7724935484,16433.078309677418,1827.6092419354839,389265.1695,351098.0918741935,376669.40047096775,363468.7678032258,217179.66227741935,39871.210841935484,73096.91407096773,104211.53736451613,13200.632667741938,,,,,,,,,,,2,89,10,127,0,33,233,0,0,165,0,0,0,60,934.0
2018-07-01,성동구,API_2017_2025,2018,7,1482.0,934.0,,,,,,462.0,315.0,365900.85958,348201.7616733333,15983.508126666666,1715.5897766666667,381670.7191766667,351661.55494666664,373153.02802333335,360720.7392633333,201376.67294,37147.62005666667,67442.43659,96786.61629333333,12432.288759999998,,,,,,,,,,,2,89,10,127,0,33,233,0,0,165,0,0,0,60,974.0
2018-08-01,성동구,API_2017_2025,2018,8,1568.0,974.0,,,,,,1345.0,852.0,360303.9661709678,343857.7782580645,14395.920893548388,2050.267022580645,376845.5470258065,345938.9017322581,366969.81920645165,355542.64259354834,200941.9995451613,37361.42454516129,67831.74833225805,95748.82666774193,11427.17661290323,,,,,,,,,,,2,89,10,127,0,33,233,0,0,165,0,0,0,60,955.0
2018-09-01,성동구,API_2017_2025,2018,9,1561.0,955.0,,,,,,1481.0,924.0,359699.45384838706,343177.2038419355,14296.814583870968,2225.435419354839,375813.7646935484,346161.8162483871,364925.6018096774,355165.8941129032,205902.69733870967,37381.13545806451,71381.9586935484,97139.60318709677,9759.70769677419,,,,,,,,,,,2,89,10,127,0,33,233,0,0,165,0,0,0,60,873.0
2018-10-01,성동구,API_2017_2025,2018,10,1410.0,873.0,,,,,,1321.0,846.0,363038.13875,345019.8483633333,15785.698926666666,2232.59145,378950.20791,348201.84275333333,369162.9563566667,358663.2690266667,200991.63310333333,38834.77251,68949.26921,93207.59138333333,10499.687329999997,,,,,,,,,,,2,89,10,127,0,33,233,0,0,165,0,0,0,60,906.0
2018-11-01,성동구,API_2017_2025,2018,11,1385.0,906.0,,,,,,1246.0,800.0,373034.0322709677,355043.4651451613,16170.845506451613,1819.7216161290323,388715.8953129032,356894.9265129032,381026.1824064516,366492.4697903226,210196.3471419355,39478.46814193549,70453.84913870967,100264.02986129033,14533.712616129027,,,,,,,,,,,2,89,10,127,0,33,233,0,0,165,0,0,0,60,832.0
2018-12-01,성동구,API_2017_2025,2018,12,1269.0,832.0,,,,,,1432.0,924.0,376409.94215666666,357981.40691333334,16462.356303333334,1966.1789366666667,394130.0558833333,358473.64131,385081.7340266667,370215.80511,220305.23079666667,42244.165843333336,73982.07052666666,104078.99442666667,14865.92891666667,,,,,,,,,,,2,89,10,127,0,33,233,0,0,165,0,0,0,60,899.0
2019-01-01,성동구,API_2017_2025,2019,1,1441.0,899.0,,,,,,1464.0,924.0,373862.43474193546,354847.1768419355,16905.891232258065,2109.3666580645163,388433.27532580646,359250.54658064514,381495.267716129,368410.4111870968,206454.46596129032,38972.884690322586,71727.38761612904,95754.1936548387,13084.856529032251,,,,,,,,,,,0,56,7,96,0,29,253,0,0,151,0,0,0,12,797.0
2019-02-01,성동구,API_2017_2025,2019,2,1235.0,797.0,,,,,,1269.0,784.0,368712.5296870968,351205.48202903225,15558.763861290321,1948.2838096774194,384794.39329032257,354652.8159483871,375912.35795806453,363569.7951967742,213186.2540548387,39529.37529677419,75172.29199677419,98484.58676129032,12342.562761290323,,,,,,,,,,,0,56,7,96,0,29,253,0,0,151,0,0,0,12,717.0
2019-03-01,성동구,API_2017_2025,2019,3,1104.0,717.0,,,,,,1281.0,811.0,355086.23235,337428.283375,15678.560125,1979.388839285714,369779.27453571424,340209.1449214286,361445.6906785714,350543.76211428567,201109.90971428572,38582.50864642857,70880.33575,91647.06531785715,10901.928564285723,,,,,,,,,,,0,56,7,96,0,29,253,0,0,151,0,0,0,12,777.0
2019-04-01,성동구,API_2017_2025,2019,4,1241.0,777.0,,,,,,1236.0,794.0,370839.036383871,351282.56876129034,17629.031700000003,1927.4359290322582,386069.93499032257,355050.13849354844,378873.78742580645,365099.9285129032,196991.62597096775,39641.76049354838,65602.47196129031,91747.39351612903,13773.858912903232,,,,,,,,,,,0,56,7,96,0,29,253,0,0,151,0,0,0,12,822.0
2019-05-01,성동구,API_2017_2025,2019,5,1257.0,822.0,,,,,,1357.0,861.0,366881.1340533334,347555.10013000004,17640.711743333333,1685.3222133333334,382855.07612333336,349891.13350000005,375811.17298333335,360502.53483,220379.04902333335,40579.03709,74371.70998333332,105428.30195,15308.638153333337,,,,,,,,,,,0,56,7,96,0,29,253,0,0,151,0,0,0,12,890.0
2019-06-01,성동구,API_2017_2025,2019,6,1408.0,890.0,,,,,,1482.0,934.0,355082.99634193553,335756.37983870966,17622.205629032258,1704.4108870967743,370517.29236129037,338799.4708741936,363848.0115935484,348822.2711677419,199625.14560000002,38406.51597096774,64876.08441290323,96342.54521612903,15025.740425806453,,,,,,,,,,,0,56,7,96,0,29,253,0,0,151,0,0,0,12,899.0
2019-07-01,성동구,API_2017_2025,2019,7,1392.0,899.0,,,,,,1568.0,974.0,352802.47481333336,333640.7592666667,17336.215186666665,1825.5003533333334,367555.20975333336,338086.93278333335,360325.38743666664,347428.9657933333,187796.85547666668,35684.168079999996,63104.03651333333,89008.65088333334,12896.42164333333,,,,,,,,,,,0,56,7,96,0,29,253,0,0,151,0,0,0,12,885.0
2019-08-01,성동구,API_2017_2025,2019,8,1445.0,885.0,,,,,,1561.0,955.0,346067.1595032258,328210.9729741936,15925.669319354838,1930.5171967741935,362343.10242580646,331192.959716129,353151.97453225806,341006.57732903224,178479.98029677419,34507.03212580645,59381.76531935484,84591.1828516129,12145.39720322581,,,,,,,,,,,0,56,7,96,0,29,253,0,0,151,0,0,0,12,871.0
2019-09-01,성동구,API_2017_2025,2019,9,1440.0,871.0,,,,,,1410.0,873.0,355575.63306774193,339205.1380516129,14469.34234516129,1901.152664516129,369496.44652258063,341448.1161806452,361248.32006129035,351523.71378064516,186578.2883548387,36197.81004193548,63572.37437741935,86808.10393548387,9724.60628064516,,,,,,,,,,,0,56,7,96,0,29,253,0,0,151,0,0,0,12,857.0
2019-10-01,성동구,API_2017_2025,2019,10,1372.0,857.0,,,,,,1385.0,906.0,365277.10362,346127.06011666666,16959.508246666668,2190.5352799999996,381131.7099133333,348265.8073766667,373322.29107000004,359530.54115666664,200231.28219,40505.00827666667,65323.230593333334,94403.04332,13791.749913333337,,,,,,,,,,,0,56,7,96,0,29,253,0,0,151,0,0,0,12,861.0
2019-11-01,성동구,API_2017_2025,2019,11,1413.0,861.0,,,,,,1269.0,832.0,378752.68428387097,359206.0543467742,17567.953904838712,1978.6760451612904,395243.48932903225,361255.3379064516,389409.02958387096,371141.00908225804,220058.11347903227,42234.292420967744,68427.76026935484,109396.06078870967,18268.020501612897,,,,,,,,,,,0,56,7,96,0,29,253,0,0,151,0,0,0,12,826.0
2019-12-01,성동구,API_2017_2025,2019,12,1241.0,826.0,,,,,,1441.0,899.0,381296.0875266667,361525.78515,17899.71994,1870.5824566666668,398152.59451666666,363256.55526,392454.2154033333,373325.9962033333,213885.29799333334,42811.68199666667,67267.61586666667,103806.00013,19128.219199999992,,,,,,,,,,,0,56,7,96,0,29,253,0,0,151,0,0,0,12,843.0
2020-01-01,성동구,API_2017_2025,2020,1,1310.0,843.0,,,,,,1235.0,797.0,379292.1994290322,359107.5989967742,18024.616758064516,2159.9836806451613,394870.9391354839,361959.32268064516,390039.92354193545,371615.2536483871,219420.64619677418,43049.01721290322,70808.1970483871,105563.43193548388,18424.669893548384,682550.0,483641.0,198909.0,0.2914,,501678.0,352962.0,148716.0,0.2964,,0,50,1,102,0,46,246,0,0,151,0,0,0,15,768.0
2020-02-01,성동구,API_2017_2025,2020,2,1212.0,768.0,,,,,,1104.0,717.0,366248.5102354839,347761.1109741936,16497.98740967742,1989.411858064516,381207.02762258064,350834.04288387095,374896.70894516126,360071.22543548385,209963.65898709677,41354.96927096774,69685.59956451612,98923.09015161291,14825.48350967742,682550.0,483641.0,198909.0,0.2914,,501678.0,352962.0,148716.0,0.2964,,0,50,1,102,0,46,246,0,0,151,0,0,0,15,644.0
2020-03-01,성동구,API_2017_2025,2020,3,1095.0,644.0,,,,,,1241.0,777.0,371041.4011448276,352744.6466137931,15778.88917586207,2517.865351724138,384078.5833827586,356883.7995241379,380167.52691034484,364522.7398827586,200873.59974482757,36706.559817241374,67662.02699655172,96505.01293103448,15644.787027586211,682550.0,483641.0,198909.0,0.2914,,501678.0,352962.0,148716.0,0.2964,,0,50,1,102,0,46,246,0,0,151,0,0,0,15,639.0
2020-04-01,성동구,API_2017_2025,2020,4,1196.0,639.0,,,,,,1257.0,822.0,369598.80841935484,350905.6281870968,15408.580861290322,3284.5993677419356,383585.308116129,354043.2235451613,378895.57527741935,362958.2606806452,191793.28507741934,33253.69394193548,66408.06197741936,92131.52915806451,15937.314596774193,682550.0,483641.0,198909.0,0.2914,,501678.0,352962.0,148716.0,0.2964,,0,50,1,102,0,46,246,0,0,151,0,0,0,15,601.0
2020-05-01,성동구,API_2017_2025,2020,5,1052.0,601.0,,,,,,1408.0,890.0,363405.6104066667,345273.88698,15465.80595,2665.9174733333334,378562.8216133333,346428.8179166667,372977.25944666663,356568.71823,197483.51286000002,35813.27744,66303.14625333334,95367.08916666666,16408.541216666665,682550.0,483641.0,198909.0,0.2914,,501678.0,352962.0,148716.0,0.2964,,0,50,1,102,0,46,246,0,0,151,0,0,0,15,697.0
2020-06-01,성동구,API_2017_2025,2020,6,1241.0,697.0,,,,,,1392.0,899.0,359601.5839354839,341553.1907709677,15640.514190322581,2407.8789838709677,374318.8649516129,344035.7392,367955.9361709677,353634.18948709674,194430.91271290326,35717.772332258064,65242.55550645161,93470.58487419355,14321.746683870975,682550.0,483641.0,198909.0,0.2914,,501678.0,352962.0,148716.0,0.2964,,0,50,1,102,0,46,246,0,0,151,0,0,0,15,720.0
2020-07-01,성동구,API_2017_2025,2020,7,1276.0,720.0,,,,,,1445.0,885.0,361256.85261,342144.29015333334,16810.30657333333,2302.255896666667,377308.39521,344296.41419999994,370760.6879866666,354468.39877666667,201781.15095666665,38318.569676666666,65293.278783333335,98169.30249666666,16292.289209999999,682550.0,483641.0,198909.0,0.2914,,501678.0,352962.0,148716.0,0.2964,,0,50,1,102,0,46,246,0,0,151,0,0,0,15,744.0
2020-08-01,성동구,API_2017_2025,2020,8,1336.0,744.0,,,,,,1440.0,871.0,361546.73511290323,341335.4852806452,16343.523841935485,3867.7260096774194,377019.6832451613,345289.2585967742,370791.71922258066,354943.1750612903,198972.26693870968,37113.56146129032,64237.66293548387,97621.04254193549,15848.544161290327,682550.0,483641.0,198909.0,0.2914,,501678.0,352962.0,148716.0,0.2964,,0,50,1,102,0,46,246,0,0,151,0,0,0,15,679.0
2020-09-01,성동구,API_2017_2025,2020,9,1369.0,679.0,,,,,,1372.0,857.0,354951.6971935484,336111.73183548386,15409.262919354838,3430.7024258064516,368582.5440580645,340219.7574741935,362939.6691935484,349246.0028870968,187371.7654032258,33427.59539032258,64526.72809354839,89417.44191935484,13693.666306451612,682550.0,483641.0,198909.0,0.2914,,501678.0,352962.0,148716.0,0.2964,,0,50,1,102,0,46,246,0,0,151,0,0,0,15,597.0
2020-10-01,성동구,API_2017_2025,2020,10,1187.0,597.0,,,,,,1413.0,861.0,359691.47201666667,340823.7512666667,15139.75946,3727.961303333333,375035.1877733333,343005.3301933333,369200.57086333336,352899.2585666666,192181.05811333333,34095.57622333333,64577.77005000001,93507.71184,16301.312296666663,682550.0,483641.0,198909.0,0.2914,,501678.0,352962.0,148716.0,0.2964,,0,50,1,102,0,46,246,0,0,151,0,0,0,15,658.0
2020-11-01,성동구,API_2017_2025,2020,11,1222.0,658.0,,,,,,1241.0,826.0,353162.20086774195,335816.660183871,14937.018980645162,2408.5217032258065,369248.2748967742,336628.9328516129,362004.3213870968,346846.4004903226,195661.43497096773,36934.857512903225,63623.814893548384,95102.76256451613,15157.920896774194,682550.0,483641.0,198909.0,0.2914,,501678.0,352962.0,148716.0,0.2964,,0,50,1,102,0,46,246,0,0,151,0,0,0,15,557.0
2020-12-01,성동구,API_2017_2025,2020,12,1052.0,557.0,,,,,,1310.0,843.0,357116.0238266667,339963.4596933333,14957.309636666667,2195.254496666667,373697.62684,339656.0642866667,367908.9607233333,349406.7831966666,197052.26972666665,37094.45876666667,62193.99359,97763.81737,18502.177526666666,682550.0,483641.0,198909.0,0.2914,,501678.0,352962.0,148716.0,0.2964,,0,50,1,102,0,46,246,0,0,151,0,0,0,15,573.0
2021-01-01,성동구,건별집계|API_2017_2025,2021,1,1020.0,573.0,,,,,,1212.0,768.0,354729.41121935484,337601.4297645161,14907.657261290322,2220.3242,369020.51530645165,338671.69491612905,365407.78078709677,347102.0044,178985.92853548386,31498.443612903226,59464.73578064516,88022.74914193548,18305.776387096765,653673.0,468060.0,185613.0,0.284,,476723.0,334385.0,142338.0,0.2986,,0,18,2,67,1,63,90,0,0,92,0,0,0,27,670.0
2021-02-01,성동구,건별집계|API_2017_2025,2021,2,1093.0,670.0,338.0,85.0,483.0,579.0,31.0,1095.0,644.0,354413.3769967742,337824.1919741935,14328.630954838709,2260.554087096774,368993.10975161294,338549.9128806452,365087.4177967742,346789.0621580645,184156.96958709677,33408.563619354834,61188.97298387097,89559.43298387097,18298.355638709672,653673.0,468060.0,185613.0,0.284,,476723.0,334385.0,142338.0,0.2986,,0,18,2,67,1,63,90,0,0,92,0,0,0,27,631.0
2021-03-01,성동구,건별집계|API_2017_2025,2021,3,1138.0,631.0,408.0,99.0,471.0,630.0,37.0,1196.0,639.0,352672.6900107143,335891.03544285713,14209.737646428572,2571.916932142857,369595.2217,334530.63505357143,364194.41207857145,344442.88855714287,193338.65156071426,37336.26723928571,60684.39246428572,95317.99185714286,19751.523521428575,653673.0,468060.0,185613.0,0.284,,476723.0,334385.0,142338.0,0.2986,,0,18,2,67,1,63,90,0,0,92,0,0,0,27,663.0
2021-04-01,성동구,건별집계|API_2017_2025,2021,4,1150.0,663.0,410.0,77.0,477.0,618.0,55.0,1052.0,601.0,361468.1099870968,343565.8680967742,14524.124987096773,3378.116922580645,379378.2421645162,342125.01672580646,374210.33313225803,352366.5220483871,199060.4474516129,39563.06309032258,59924.25080645161,99573.1335548387,21843.81108387097,653673.0,468060.0,185613.0,0.284,,476723.0,334385.0,142338.0,0.2986,,0,18,2,67,1,63,90,0,0,92,0,0,0,27,732.0
2021-05-01,성동구,건별집계|API_2017_2025,2021,5,1244.0,732.0,412.0,100.0,535.0,659.0,50.0,1241.0,697.0,360496.7894933333,343309.07262,14529.664656666666,2658.052236666667,380400.0591333333,339760.92403,374538.75478333334,350466.8143033333,213854.00166,40643.659940000005,65330.34121,107880.00051,24071.940479999997,653673.0,468060.0,185613.0,0.284,,476723.0,334385.0,142338.0,0.2986,,0,18,2,67,1,63,90,0,0,92,0,0,0,27,846.0
2021-06-01,성동구,건별집계|API_2017_2025,2021,6,1389.0,846.0,414.0,129.0,585.0,750.0,54.0,1276.0,720.0,355052.77992580645,338286.0802612903,14526.860951612902,2239.8387258064513,372655.6616612903,336768.1856354839,366532.1261935484,346853.24689999997,200401.18379677422,37830.9365,63469.81987096774,99100.42742580645,19678.879293548387,653673.0,468060.0,185613.0,0.284,,476723.0,334385.0,142338.0,0.2986,,0,18,2,67,1,63,90,0,0,92,0,0,0,27,846.0
2021-07-01,성동구,건별집계|API_2017_2025,2021,7,1416.0,846.0,439.0,131.0,644.0,723.0,49.0,1336.0,744.0,359828.24790666666,342528.4419466667,14697.486726666666,2602.3192533333336,378533.59142666665,340140.75482666667,372799.77737,350562.8697133333,209651.51149333332,39888.04148,64274.25016,105489.21985333334,22236.907656666674,653673.0,468060.0,185613.0,0.284,,476723.0,334385.0,142338.0,0.2986,,0,18,2,67,1,63,90,0,0,92,0,0,0,27,850.0
2021-08-01,성동구,건별집계|API_2017_2025,2021,8,1431.0,850.0,443.0,138.0,641.0,754.0,36.0,1369.0,679.0,353112.4621451613,336623.70785483875,14285.60393548387,2203.1503548387095,369586.8398580645,334867.9662580645,365016.66423225804,344609.4606548387,194341.55026451612,35492.57322258064,61823.227451612904,97025.74959032258,20407.20357741935,653673.0,468060.0,185613.0,0.284,,476723.0,334385.0,142338.0,0.2986,,0,18,2,67,1,63,90,0,0,92,0,0,0,27,820.0
2021-09-01,성동구,건별집계|API_2017_2025,2021,9,1382.0,820.0,454.0,108.0,610.0,739.0,33.0,1187.0,597.0,352942.91797741933,335555.15337741934,14447.945300000001,2939.8192967741934,369016.1636483871,335780.72491935483,363662.30991612904,345286.20943870966,192662.23521612902,35598.82381935484,61231.890596774196,95831.5208,18376.100477419353,653673.0,468060.0,185613.0,0.284,,476723.0,334385.0,142338.0,0.2986,,0,18,2,67,1,63,90,0,0,92,0,0,0,27,824.0
2021-10-01,성동구,건별집계|API_2017_2025,2021,10,1349.0,824.0,466.0,59.0,618.0,700.0,31.0,1222.0,658.0,355348.1169233333,336642.69986,14853.44996,3851.9671166666667,371805.1436633334,337873.1045,366325.7806666667,347506.9285366667,195307.9310266667,37951.158853333334,60243.16121333333,97113.61096,18818.852129999992,653673.0,468060.0,185613.0,0.284,,476723.0,334385.0,142338.0,0.2986,,0,18,2,67,1,63,90,0,0,92,0,0,0,27,808.0
2021-11-01,성동구,건별집계|API_2017_2025,2021,11,1375.0,808.0,454.0,113.0,624.0,719.0,32.0,1052.0,557.0,357638.4472064516,340069.0749451613,14986.968770967742,2582.4034935483874,374921.1290354839,339348.85595483874,369144.04199677415,349420.1652387097,196168.88632258063,38141.8492516129,59994.328909677424,98032.70816129031,19723.87675806451,653673.0,468060.0,185613.0,0.284,,476723.0,334385.0,142338.0,0.2986,,0,18,2,67,1,63,90,0,0,92,0,0,0,27,857.0
2021-12-01,성동구,건별집계|API_2017_2025,2021,12,1407.0,857.0,465.0,85.0,676.0,651.0,80.0,1020.0,573.0,364084.45254,344932.26402,15166.572566666668,3985.6159433333332,384736.94533333334,341935.8210766667,379500.01527000003,353073.33627666667,211862.25497333333,42527.36957,61653.66112333334,107681.22428,26426.678993333324,653673.0,468060.0,185613.0,0.284,,476723.0,334385.0,142338.0,0.2986,,0,18,2,67,1,63,90,0,0,92,0,0,0,27,759.0
2022-01-01,성동구,건별집계|xlsx_2022_2024,2022,1,1444.0,759.0,601.0,84.0,783.0,493.0,168.0,1093.0,670.0,364678.1991129032,345864.4625870968,15644.99146451613,3168.745058064516,384974.5016645161,342305.2534741935,380337.93837096775,353492.67107419355,202835.0063935484,39876.98861935484,59584.54042580645,103373.4773483871,26845.2672967742,695798.0,506272.0,189526.0,0.2724,69960.0,527683.0,377038.0,150645.0,0.2855,98533.0,0,31,3,93,1,85,90,0,0,117,0,0,1,9,721.0
2022-02-01,성동구,건별집계|xlsx_2022_2024,2022,2,1312.0,721.0,504.0,87.0,578.0,693.0,41.0,1138.0,631.0,357255.071316129,338780.0737451613,15172.797177419356,3302.2004032258064,376001.05568064516,336590.7938612903,371159.62807096774,347323.2450612903,198877.36389354838,39772.91488709678,59885.958841935484,99218.49016451613,23836.383009677425,695798.0,506272.0,189526.0,0.2724,69960.0,527683.0,377038.0,150645.0,0.2855,98533.0,0,31,3,93,1,85,90,0,0,117,0,0,1,9,714.0
2022-03-01,성동구,건별집계|xlsx_2022_2024,2022,3,1384.0,714.0,539.0,131.0,619.0,738.0,27.0,1150.0,663.0,357539.2394321429,338541.5128357143,15149.630442857144,3848.0961500000003,375442.8833107143,337920.0915428572,371141.8263035714,347823.1059464286,194055.86522500002,37804.35012142857,59742.34595714286,96509.16914642857,23318.72035714285,695798.0,506272.0,189526.0,0.2724,69960.0,527683.0,377038.0,150645.0,0.2855,98533.0,0,31,3,93,1,85,90,0,0,117,0,0,1,9,825.0
2022-04-01,성동구,건별집계|xlsx_2022_2024,2022,4,1717.0,825.0,781.0,111.0,792.0,886.0,39.0,1244.0,732.0,362219.8255580645,342091.7511483871,15607.239951612903,4520.83449032258,380983.10031935485,342492.02799032256,377092.5307032258,351596.4647516129,192355.15092580646,39045.41134193548,57705.150303225804,95604.58928064517,25496.065951612898,695798.0,506272.0,189526.0,0.2724,69960.0,527683.0,377038.0,150645.0,0.2855,98533.0,0,31,3,93,1,85,90,0,0,117,0,0,1,9,796.0
2022-05-01,성동구,건별집계|xlsx_2022_2024,2022,5,1438.0,796.0,547.0,95.0,656.0,749.0,33.0,1389.0,846.0,360941.26588333334,341972.0597766667,15863.833193333332,3105.3729066666665,384586.17633,338007.36883,377908.7090466666,348821.66362,216269.46118,43579.67186333333,62531.860100000005,110157.92921666667,29087.04542666666,695798.0,506272.0,189526.0,0.2724,69960.0,527683.0,377038.0,150645.0,0.2855,98533.0,0,31,3,93,1,85,90,0,0,117,0,0,1,9,900.0
2022-06-01,성동구,건별집계|xlsx_2022_2024,2022,6,1516.0,900.0,510.0,106.0,669.0,807.0,40.0,1416.0,846.0,364315.3453870968,345514.23715161294,16164.37955483871,2636.728683870968,387998.8630483871,340697.1743129032,380179.4263709677,352983.8589516129,214643.98237741936,44530.92331290322,61479.9240032258,108633.13506129032,27195.567419354837,695798.0,506272.0,189526.0,0.2724,69960.0,527683.0,377038.0,150645.0,0.2855,98533.0,0,31,3,93,1,85,90,0,0,117,0,0,1,9,832.0
2022-07-01,성동구,건별집계|xlsx_2022_2024,2022,7,1331.0,832.0,405.0,94.0,635.0,665.0,31.0,1431.0,850.0,366402.7203966667,347313.76454,16359.445583333332,2729.5102666666667,387484.48140666663,344721.00595666666,381139.13592000003,355876.70931,210579.67731,42197.44618,61604.64135666667,106777.58977333334,25262.426610000002,695798.0,506272.0,189526.0,0.2724,69960.0,527683.0,377038.0,150645.0,0.2855,98533.0,0,31,3,93,1,85,90,0,0,117,0,0,1,9,990.0
2022-08-01,성동구,건별집계|xlsx_2022_2024,2022,8,1651.0,990.0,558.0,103.0,767.0,848.0,36.0,1382.0,820.0,353684.5129096774,335526.2598451613,15504.863858064517,2653.3892225806453,372729.5429193548,334499.4019032258,366693.7107,344392.2287645161,197398.3849,39889.96501935484,58025.383625806455,99483.0362548387,22301.48193548388,695798.0,506272.0,189526.0,0.2724,69960.0,527683.0,377038.0,150645.0,0.2855,98533.0,0,31,3,93,1,85,90,0,0,117,0,0,1,9,943.0
2022-09-01,성동구,건별집계|xlsx_2022_2024,2022,9,1671.0,943.0,621.0,107.0,798.0,841.0,32.0,1349.0,824.0,351872.5970677419,332657.2091258064,15622.529916129031,3592.858029032258,370778.23536129034,332964.1729516129,364543.6225032258,342821.8646354839,198139.2762548387,39942.57028709677,58964.56803870968,99232.13792903225,21721.757867741933,695798.0,506272.0,189526.0,0.2724,69960.0,527683.0,377038.0,150645.0,0.2855,98533.0,0,31,3,93,1,85,90,0,0,117,0,0,1,9,914.0
2022-10-01,성동구,건별집계|xlsx_2022_2024,2022,10,1568.0,914.0,544.0,110.0,688.0,844.0,36.0,1375.0,808.0,356964.66662000003,336742.7722933333,16166.863913333333,4055.0304433333336,378267.73706333333,334898.7580433333,371770.88273333333,346388.79796999996,204329.31677333332,43858.19782666666,57887.79509666667,102583.32385,25382.08476333333,695798.0,506272.0,189526.0,0.2724,69960.0,527683.0,377038.0,150645.0,0.2855,98533.0,0,31,3,93,1,85,90,0,0,117,0,0,1,9,799.0
2022-11-01,성동구,건별집계|xlsx_2022_2024,2022,11,1280.0,799.0,404.0,77.0,586.0,681.0,13.0,1407.0,857.0,357673.67048064515,338648.017883871,16320.946467741935,2704.706132258065,379494.1541967742,335897.2290580645,372528.82382903225,347062.8466741935,201026.71021935486,42049.17934516129,57330.280948387095,101647.24992580646,25465.977154838714,695798.0,506272.0,189526.0,0.2724,69960.0,527683.0,377038.0,150645.0,0.2855,98533.0,0,31,3,93,1,85,90,0,0,117,0,0,1,9,894.0
2022-12-01,성동구,건별집계|xlsx_2022_2024,2022,12,1461.0,894.0,465.0,102.0,719.0,717.0,25.0,1444.0,759.0,362395.43910333334,342783.75273,16838.741036666666,2772.9453366666667,386943.7299766667,337886.78351333336,380099.7094866667,349749.53168666665,210771.70385333334,43880.8871,58136.321983333335,108754.49477,30350.177799999998,695798.0,506272.0,189526.0,0.2724,69960.0,527683.0,377038.0,150645.0,0.2855,98533.0,0,31,3,93,1,85,90,0,0,117,0,0,1,9,986.0
2017-01-01,성북구,API_2017_2025,2017,1,,,,,,,,,,,,,,,,,,,,,,,,,,,,,,,,,0,44,6,141,22,0,189,0,0,191,0,0,0,29,1046.0
2017-02-01,성북구,API_2017_2025,2017,2,1711.0,1046.0,,,,,,,,,,,,,,,,,,,,,,,,,,,,,,,0,44,6,141,22,0,189,0,0,191,0,0,0,29,846.0
2017-03-01,성북구,API_2017_2025,2017,3,1397.0,846.0,,,,,,,,,,,,,,,,,,,,,,,,,,,,,,,0,44,6,141,22,0,189,0,0,191,0,0,0,29,1036.0
2017-04-01,성북구,API_2017_2025,2017,4,1648.0,1036.0,,,,,,,,,,,,,,,,,,,,,,,,,,,,,,,0,44,6,141,22,0,189,0,0,191,0,0,0,29,1121.0
2017-05-01,성북구,API_2017_2025,2017,5,1756.0,1121.0,,,,,,,,,,,,,,,,,,,,,,,,,,,,,,,0,44,6,141,22,0,189,0,0,191,0,0,0,29,1154.0
2017-06-01,성북구,API_2017_2025,2017,6,1851.0,1154.0,,,,,,,,,,,,,,,,,,,,,,,,,,,,,,,0,44,6,141,22,0,189,0,0,191,0,0,0,29,1129.0
2017-07-01,성북구,API_2017_2025,2017,7,1811.0,1129.0,,,,,,,,,,,,,,,,,,,,,,,,,,,,,,,0,44,6,141,22,0,189,0,0,191,0,0,0,29,1177.0
2017-08-01,성북구,API_2017_2025,2017,8,1918.0,1177.0,,,,,,,,,,,,,,,,,,,,,,,,,,,,,,,0,44,6,141,22,0,189,0,0,191,0,0,0,29,1137.0
2017-09-01,성북구,API_2017_2025,2017,9,1893.0,1137.0,,,,,,,,,,,,,,,,,,,,,,,,,,,,,,,0,44,6,141,22,0,189,0,0,191,0,0,0,29,1163.0
2017-10-01,성북구,API_2017_2025,2017,10,1931.0,1163.0,,,,,,,,,,,,,,,,,,,,,,,,,,,,,,,0,44,6,141,22,0,189,0,0,191,0,0,0,29,1064.0
2017-11-01,성북구,API_2017_2025,2017,11,1712.0,1064.0,,,,,,,,,,,,,,,,,,,,,,,,,,,,,,,0,44,6,141,22,0,189,0,0,191,0,0,0,29,1153.0
2017-12-01,성북구,API_2017_2025,2017,12,1809.0,1153.0,,,,,,,,,,,,,,,,,,,,,,,,,,,,,,,0,44,6,141,22,0,189,0,0,191,0,0,0,29,1257.0
2018-01-01,성북구,API_2017_2025,2018,1,2062.0,1257.0,,,,,,1711.0,1046.0,,,,,,,,,,,,,,,,,,,,,,,,0,81,3,117,28,0,271,0,0,197,0,0,0,20,1208.0
2018-02-01,성북구,API_2017_2025,2018,2,1992.0,1208.0,,,,,,1397.0,846.0,,,,,,,,,,,,,,,,,,,,,,,,0,81,3,117,28,0,271,0,0,197,0,0,0,20,946.0
2018-03-01,성북구,API_2017_2025,2018,3,1622.0,946.0,,,,,,1648.0,1036.0,,,,,,,,,,,,,,,,,,,,,,,,0,81,3,117,28,0,271,0,0,197,0,0,0,20,1128.0
2018-04-01,성북구,API_2017_2025,2018,4,1849.0,1128.0,,,,,,1756.0,1121.0,,,,,,,,,,,,,,,,,,,,,,,,0,81,3,117,28,0,271,0,0,197,0,0,0,20,1081.0
2018-05-01,성북구,API_2017_2025,2018,5,1737.0,1081.0,,,,,,1851.0,1154.0,471560.4510884615,450768.78315,18587.178807692308,2204.4891615384618,501926.61859615386,442463.1954769231,448968.8307307692,487697.32276153844,221844.2821653846,28610.607200000002,99592.82936923076,93640.84559615384,-38728.49203076923,,,,,,,,,,,0,81,3,117,28,0,271,0,0,197,0,0,0,20,1124.0
2018-06-01,성북구,API_2017_2025,2018,6,1874.0,1124.0,,,,,,1811.0,1129.0,468059.64426451613,447806.4736387097,18299.2410483871,1953.9295838709677,499650.8054967742,438881.79222903226,445922.5104354839,482805.24537419353,216954.68881290322,29085.106458064518,96766.05290645162,91103.5294483871,-36882.73493870968,,,,,,,,,,,0,81,3,117,28,0,271,0,0,197,0,0,0,20,1108.0
2018-07-01,성북구,API_2017_2025,2018,7,1788.0,1108.0,,,,,,1918.0,1177.0,461958.41298333334,442707.30265,16980.69679,2270.413556666667,492142.07901333336,431654.93359,438562.02864333335,478670.11608666665,201477.07403999998,25011.221573333332,94606.22714333334,81859.62532333333,-40108.08744333333,,,,,,,,,,,0,81,3,117,28,0,271,0,0,197,0,0,0,20,1220.0
2018-08-01,성북구,API_2017_2025,2018,8,2006.0,1220.0,,,,,,1893.0,1137.0,445474.29491612903,429005.1655032258,13904.632374193547,2564.497048387097,480292.9929064516,410830.5847064516,418307.665383871,464879.03030000004,193450.60290645162,23895.218264516127,93791.75399677419,75763.63064516129,-46571.36491612903,,,,,,,,,,,0,81,3,117,28,0,271,0,0,197,0,0,0,20,1201.0
2018-09-01,성북구,API_2017_2025,2018,9,1927.0,1201.0,,,,,,1931.0,1163.0,441445.96041935484,424907.67866774194,13589.384806451613,2948.896964516129,474465.80736451613,407702.9315806452,415246.08536774194,459160.1153451613,192841.19092258066,24385.885470967743,92957.92432903226,75497.38112258064,-43914.029977419355,,,,,,,,,,,0,81,3,117,28,0,271,0,0,197,0,0,0,20,1100.0
2018-10-01,성북구,API_2017_2025,2018,10,1749.0,1100.0,,,,,,1712.0,1064.0,457609.73035666667,438144.8515,16538.03133,2926.84753,485752.06443,429324.55387666664,436621.51035,472601.31608666666,201144.98137999998,32336.351493333335,89671.78583,79136.84405666667,-35979.80573666666,,,,,,,,,,,0,81,3,117,28,0,271,0,0,197,0,0,0,20,1070.0
2018-11-01,성북구,API_2017_2025,2018,11,1620.0,1070.0,,,,,,1809.0,1153.0,463990.3376645161,444949.87793225807,17038.486912903227,2001.972841935484,492392.58702903223,433834.11112258065,441312.84821290325,479116.92883225804,205514.29225806452,27495.556648387097,93416.58625806452,84602.14935161291,-37804.08061935483,,,,,,,,,,,0,81,3,117,28,0,271,0,0,197,0,0,0,20,1051.0
2018-12-01,성북구,API_2017_2025,2018,12,1654.0,1051.0,,,,,,2062.0,1257.0,464868.28662,445547.84977000003,17265.749576666665,2054.6872633333332,494802.95083333337,435783.3566366667,442383.66598,480928.72991,210508.80395666664,28745.780359999997,94580.29793666667,87182.72566,-38545.06393,,,,,,,,,,,0,81,3,117,28,0,271,0,0,197,0,0,0,20,1155.0
2019-01-01,성북구,API_2017_2025,2019,1,1847.0,1155.0,,,,,,1992.0,1208.0,468509.59206451615,448939.12602258066,16799.98005483871,2770.4859967741936,495870.13290322584,439662.9614645162,447009.8658032258,483866.5393935484,198441.5932032258,27018.567738709677,90631.14705806453,80791.87840645161,-36856.67359032258,,,,,,,,,,,0,34,3,62,27,1,162,0,0,118,0,0,0,6,1008.0
2019-02-01,성북구,API_2017_2025,2019,2,1596.0,1008.0,,,,,,1622.0,946.0,452058.411116129,436432.02352580643,13236.3253,2390.062306451613,483551.73293225805,418342.1240483871,426608.2749419355,470237.07981612906,195913.12998064517,25169.813351612902,93180.27829032257,77563.03833870968,-43628.804874193556,,,,,,,,,,,0,34,3,62,27,1,162,0,0,118,0,0,0,6,979.0
2019-03-01,성북구,API_2017_2025,2019,3,1446.0,979.0,,,,,,1849.0,1128.0,434640.50349285715,419984.6524357143,12179.7001,2476.1509571428574,462621.7357321429,404607.2916535715,413038.79772857146,450070.2933392857,191714.48729999998,27350.551410714284,91758.86136428571,72605.074525,-37031.495610714286,,,,,,,,,,,0,34,3,62,27,1,162,0,0,118,0,0,0,6,1020.0
2019-04-01,성북구,API_2017_2025,2019,4,1626.0,1020.0,,,,,,1737.0,1081.0,463701.6523419355,444159.2294516129,16835.65009032258,2706.772787096774,489716.6548935484,436985.1096483871,443640.18812580645,478031.26963225805,194968.77727096775,32855.08862580645,85556.78146774194,76556.90717741936,-34391.081506451614,,,,,,,,,,,0,34,3,62,27,1,162,0,0,118,0,0,0,6,1087.0
2019-05-01,성북구,API_2017_2025,2019,5,1635.0,1087.0,,,,,,1874.0,1124.0,456047.4919733333,437232.23051333334,16838.70846,1976.553,485245.67128333333,426677.57276666665,433481.24735333334,472166.23813666665,213104.45081666668,27419.596200000004,97266.35194666666,88418.50267,-38684.99078333333,,,,,,,,,,,0,34,3,62,27,1,162,0,0,118,0,0,0,6,1163.0
2019-06-01,성북구,API_2017_2025,2019,6,1783.0,1163.0,,,,,,1788.0,1108.0,442398.9042612903,423447.80158064514,16913.471977419355,2037.630719354839,470364.8400548387,415183.5880516129,421435.12940967747,457373.0291774194,194026.52688064516,26600.63280967742,87254.10341935484,80171.7906516129,-35937.89976774193,,,,,,,,,,,0,34,3,62,27,1,162,0,0,118,0,0,0,6,1095.0
2019-07-01,성북구,API_2017_2025,2019,7,1722.0,1095.0,,,,,,2006.0,1220.0,436878.2211566667,418334.5910666667,16372.45942,2171.170686666667,466053.67968666664,408005.62602,414775.2684633333,452666.0445233333,179365.62752666665,23807.37482,83852.58942,71705.66328666666,-37890.77606,,,,,,,,,,,0,34,3,62,27,1,162,0,0,118,0,0,0,6,1144.0
2019-08-01,성북구,API_2017_2025,2019,8,1780.0,1144.0,,,,,,1927.0,1201.0,415621.3382,400317.1876419355,12926.08120967742,2378.06934516129,447911.3165,382909.22257419355,390106.47397419356,433846.24120967736,161461.95240645163,21219.97168387097,77302.3112,62939.66952258065,-43739.76723548387,,,,,,,,,,,0,34,3,62,27,1,162,0,0,118,0,0,0,6,1138.0
2019-09-01,성북구,API_2017_2025,2019,9,1794.0,1138.0,,,,,,1749.0,1100.0,434533.0092903226,419142.95910322585,12776.231951612905,2613.8182483870964,466085.5333645161,400972.39706774196,409007.9240516129,452765.2130516129,174499.90207419355,23458.531458064517,84604.29851612904,66437.0721,-43757.289000000004,,,,,,,,,,,0,34,3,62,27,1,162,0,0,118,0,0,0,6,1072.0
2019-10-01,성북구,API_2017_2025,2019,10,1723.0,1072.0,,,,,,1620.0,1070.0,452771.93176666665,433662.3141466667,16229.327833333335,2880.289773333333,478103.6397733333,427201.23357,433313.05037333333,466671.1327666667,199776.21454333334,33345.041443333335,88760.69402000001,77670.47907999999,-33358.08239333334,,,,,,,,,,,0,34,3,62,27,1,162,0,0,118,0,0,0,6,1126.0
2019-11-01,성북구,API_2017_2025,2019,11,1782.0,1126.0,,,,,,1654.0,1051.0,458894.2695483871,439927.47469354834,16559.618487096774,2407.176364516129,485481.216933871,429552.37508064514,436344.60499677423,475001.17281612905,203454.49478870968,28674.43567741935,89966.39057419355,84813.66853709676,-38656.56781935483,,,,,,,,,,,0,34,3,62,27,1,162,0,0,118,0,0,0,6,1079.0
2019-12-01,성북구,API_2017_2025,2019,12,1693.0,1079.0,,,,,,1847.0,1155.0,461533.94953,441908.03145,17206.873033333333,2419.0450466666666,489282.96484666667,432198.7070666666,439115.00219666667,477547.48334,195009.31495333332,27728.412013333334,86402.20840999999,80878.69453,-38432.48114333334,,,,,,,,,,,0,34,3,62,27,1,162,0,0,118,0,0,0,6,1113.0
2020-01-01,성북구,API_2017_2025,2020,1,1681.0,1113.0,,,,,,1596.0,1008.0,461709.56980322575,441940.22345806455,16985.80468064516,2783.5416548387097,489802.8909419355,431018.3382580645,438738.4513870968,478117.51152580645,199333.76477741936,27423.581522580647,90827.37403225807,81082.80922258065,-39379.06013870967,1000671.0,734883.0,265788.0,0.2656,,1011902.0,797930.0,213972.0,0.2115,,0,17,4,78,20,2,147,0,0,106,0,0,0,19,1069.0
2020-02-01,성북구,API_2017_2025,2020,2,1611.0,1069.0,,,,,,1446.0,979.0,443642.13299677416,427542.52181612904,13336.645854838709,2762.965341935484,473006.912332258,410914.44121612905,419255.07947419357,461061.4569516129,186893.57087096773,26902.914658064514,88527.0292516129,71463.62696129033,-41806.37747741936,1000671.0,734883.0,265788.0,0.2656,,1011902.0,797930.0,213972.0,0.2115,,0,17,4,78,20,2,147,0,0,106,0,0,0,19,820.0
2020-03-01,성북구,API_2017_2025,2020,3,1401.0,820.0,,,,,,1626.0,1020.0,450710.36358965514,433599.96633103443,13981.869993103448,3128.527244827586,476518.7189068966,420823.66658965516,427963.6276448276,466958.0321137931,178698.16827931034,22220.050448275862,87841.76476551723,68636.35306551724,-38994.40446896551,1000671.0,734883.0,265788.0,0.2656,,1011902.0,797930.0,213972.0,0.2115,,0,17,4,78,20,2,147,0,0,106,0,0,0,19,700.0
2020-04-01,성북구,API_2017_2025,2020,4,1263.0,700.0,,,,,,1635.0,1087.0,455347.1090064516,436487.6556258065,15007.706638709678,3851.746735483871,478018.8746096774,426936.25096451613,434540.92077741935,470208.67202903226,173036.95986451613,20446.685303225804,87418.84817419354,65171.42638709677,-35667.7512516129,1000671.0,734883.0,265788.0,0.2656,,1011902.0,797930.0,213972.0,0.2115,,0,17,4,78,20,2,147,0,0,106,0,0,0,19,757.0
2020-05-01,성북구,API_2017_2025,2020,5,1356.0,757.0,,,,,,1783.0,1163.0,451910.41041666665,433289.25603666663,15667.581456666667,2953.572913333333,476628.09372666664,421702.9213,429886.43726,467641.8197966667,181425.67333333334,21284.456283333337,91400.24130333333,68740.97574666666,-37755.38253666667,1000671.0,734883.0,265788.0,0.2656,,1011902.0,797930.0,213972.0,0.2115,,0,17,4,78,20,2,147,0,0,106,0,0,0,19,862.0
2020-06-01,성북구,API_2017_2025,2020,6,1583.0,862.0,,,,,,1722.0,1095.0,449888.8910451613,431647.57718064514,16039.449403225806,2201.864461290322,475175.24209677416,419592.47195806453,427930.8485419355,465573.2071225807,184452.07040645162,23540.498270967742,90901.93549032259,70009.63664516128,-37642.35858064517,1000671.0,734883.0,265788.0,0.2656,,1011902.0,797930.0,213972.0,0.2115,,0,17,4,78,20,2,147,0,0,106,0,0,0,19,879.0
2020-07-01,성북구,API_2017_2025,2020,7,1628.0,879.0,,,,,,1780.0,1144.0,448730.0595833333,430105.3705866666,16239.7341,2384.95491,475744.76119,418673.03716666665,425638.3445266666,465224.1417766667,187020.20382,23072.451123333336,91156.29304333334,72791.45965333332,-39585.797249999996,1000671.0,734883.0,265788.0,0.2656,,1011902.0,797930.0,213972.0,0.2115,,0,17,4,78,20,2,147,0,0,106,0,0,0,19,941.0
2020-08-01,성북구,API_2017_2025,2020,8,1619.0,941.0,,,,,,1794.0,1138.0,440633.1441193548,422619.5671806451,15831.187990322582,2182.388951612903,469864.0783225806,408027.06228709675,415866.7112193548,458323.4533451613,180389.48695806452,21661.757916129034,89527.1676451613,69200.5613967742,-42456.74212580645,1000671.0,734883.0,265788.0,0.2656,,1011902.0,797930.0,213972.0,0.2115,,0,17,4,78,20,2,147,0,0,106,0,0,0,19,896.0
2020-09-01,성북구,API_2017_2025,2020,9,1645.0,896.0,,,,,,1723.0,1072.0,437750.70461612905,418019.9534677419,15600.481332258065,4130.269825806452,463140.0773483871,408409.6318935484,415740.1462935484,453472.53198387095,171187.94658387097,19627.11558387097,88912.25225806452,62648.57874193549,-37732.38569032259,1000671.0,734883.0,265788.0,0.2656,,1011902.0,797930.0,213972.0,0.2115,,0,17,4,78,20,2,147,0,0,106,0,0,0,19,781.0
2020-10-01,성북구,API_2017_2025,2020,10,1351.0,781.0,,,,,,1782.0,1126.0,446747.30582,426579.6821733333,15802.099956666667,4365.523706666667,470973.96535333333,418182.24172,425135.40808666666,462184.37562999997,177609.58388,21856.195726666665,89682.38743333334,66071.00072,-37048.96754333333,1000671.0,734883.0,265788.0,0.2656,,1011902.0,797930.0,213972.0,0.2115,,0,17,4,78,20,2,147,0,0,106,0,0,0,19,802.0
2020-11-01,성북구,API_2017_2025,2020,11,1451.0,802.0,,,,,,1693.0,1079.0,439026.03666451614,421287.5053580645,15408.62018064516,2329.911129032258,465123.9742354839,407621.780967742,416285.18498709676,455269.5021290322,184485.5019935484,24060.70973548387,90732.62306129033,69692.1691967742,-38984.317141935484,1000671.0,734883.0,265788.0,0.2656,,1011902.0,797930.0,213972.0,0.2115,,0,17,4,78,20,2,147,0,0,106,0,0,0,19,791.0
2020-12-01,성북구,API_2017_2025,2020,12,1371.0,791.0,,,,,,1681.0,1113.0,440085.9448633333,421696.30529333337,15493.875343333335,2895.764236666667,465434.13522,409806.56923333334,417568.4300666667,456169.88400666666,184116.76302666668,22296.116423333333,91136.27218999999,70684.37441333334,-38601.45394,1000671.0,734883.0,265788.0,0.2656,,1011902.0,797930.0,213972.0,0.2115,,0,17,4,78,20,2,147,0,0,106,0,0,0,19,737.0
2021-01-01,성북구,건별집계|API_2017_2025,2021,1,1294.0,737.0,,,,,,1611.0,1069.0,445418.15137419355,426207.500783871,15498.541916129032,3712.1086903225805,464856.9041612903,419631.48421290325,426532.1339580645,458908.1638129032,170712.0114483871,19211.84823548387,87553.58200967741,63946.5812032258,-32376.02985483871,970834.0,710054.0,260780.0,0.2686,,985919.0,791683.0,194236.0,0.197,,0,23,1,53,19,2,131,0,0,92,0,0,0,2,944.0
2021-02-01,성북구,건별집계|API_2017_2025,2021,2,1601.0,944.0,516.0,141.0,762.0,795.0,44.0,1401.0,820.0,442329.8876935484,425835.65004838706,14330.777638709678,2163.4600161290323,461815.8977645162,416196.0214838709,423624.29501612904,455691.0253096774,175578.50588064516,20633.952983870968,90076.05370645161,64868.49919032258,-32066.730293548382,970834.0,710054.0,260780.0,0.2686,,985919.0,791683.0,194236.0,0.197,,0,23,1,53,19,2,131,0,0,92,0,0,0,2,918.0
2021-03-01,성북구,건별집계|API_2017_2025,2021,3,1551.0,918.0,535.0,98.0,746.0,763.0,42.0,1263.0,700.0,438007.89603214286,420279.2642357143,14047.133014285715,3681.498803571428,461082.924575,408011.2535857143,416647.3051928571,453265.4609285714,180154.85644285713,23253.58195357143,89455.61721785714,67445.65727142857,-36618.15573571429,970834.0,710054.0,260780.0,0.2686,,985919.0,791683.0,194236.0,0.197,,0,23,1,53,19,2,131,0,0,92,0,0,0,2,929.0
2021-04-01,성북구,건별집계|API_2017_2025,2021,4,1552.0,929.0,524.0,99.0,767.0,746.0,39.0,1356.0,757.0,445766.8841483871,426432.5940064516,14880.171306451613,4454.118851612903,471949.43476451613,414413.76241290325,422528.0203548387,462366.07258387096,183707.4354,27286.86376451613,87257.45941612903,69163.11221935485,-39838.05222903226,970834.0,710054.0,260780.0,0.2686,,985919.0,791683.0,194236.0,0.197,,0,23,1,53,19,2,131,0,0,92,0,0,0,2,957.0
2021-05-01,성북구,건별집계|API_2017_2025,2021,5,1601.0,957.0,524.0,120.0,776.0,759.0,66.0,1583.0,862.0,440312.49287666666,422551.12873,14908.026783333333,2853.33736,466953.3580633334,407807.8742833333,416277.9461,457480.02629,190094.32129,22469.937386666665,93880.93849333333,73743.44541,-41202.08019,970834.0,710054.0,260780.0,0.2686,,985919.0,791683.0,194236.0,0.197,,0,23,1,53,19,2,131,0,0,92,0,0,0,2,1182.0
2021-06-01,성북구,건별집계|API_2017_2025,2021,6,1898.0,1182.0,543.0,173.0,913.0,933.0,52.0,1628.0,879.0,437655.18221935484,420124.43510645156,14877.361316129032,2653.3858096774193,463186.84688387095,406767.19617741933,415071.6703032258,453786.26216451614,183271.7890451613,22085.527741935482,91308.76281612903,69877.49848709677,-38714.591861290326,970834.0,710054.0,260780.0,0.2686,,985919.0,791683.0,194236.0,0.197,,0,23,1,53,19,2,131,0,0,92,0,0,0,2,1146.0
2021-07-01,성북구,건별집계|API_2017_2025,2021,7,1900.0,1146.0,621.0,133.0,927.0,899.0,74.0,1619.0,941.0,434647.05735666666,417642.18791,14618.787473333334,2386.081976666667,461767.8237633333,403065.2888633333,410690.3927866667,451758.96063,184985.45819,21822.367746666667,92051.97055666667,71111.11988666667,-41068.56784333333,970834.0,710054.0,260780.0,0.2686,,985919.0,791683.0,194236.0,0.197,,0,23,1,53,19,2,131,0,0,92,0,0,0,2,1170.0
2021-08-01,성북구,건별집계|API_2017_2025,2021,8,1886.0,1170.0,581.0,135.0,1010.0,817.0,59.0,1645.0,896.0,426102.5745451613,409875.93476451613,13834.608135483872,2392.0316548387095,450483.81399999995,397318.63613870967,404227.52965483867,441727.6066,172481.14602258065,19905.26355483871,87983.76325806451,64592.11920967742,-37500.07694516129,970834.0,710054.0,260780.0,0.2686,,985919.0,791683.0,194236.0,0.197,,0,23,1,53,19,2,131,0,0,92,0,0,0,2,1167.0
2021-09-01,성북구,건별집계|API_2017_2025,2021,9,1827.0,1167.0,534.0,126.0,990.0,790.0,47.0,1351.0,781.0,422818.9771129032,404747.15172258066,13669.52825483871,4402.2971419354835,446768.0422677419,392806.1990645161,400610.7696967742,438681.9824129032,167895.35610967744,20346.6714,85560.3098,61988.37490967742,-38071.212716129034,970834.0,710054.0,260780.0,0.2686,,985919.0,791683.0,194236.0,0.197,,0,23,1,53,19,2,131,0,0,92,0,0,0,2,1212.0
2021-10-01,성북구,건별집계|API_2017_2025,2021,10,1954.0,1212.0,658.0,84.0,1046.0,862.0,46.0,1451.0,802.0,427466.46255,408558.52464333334,14125.756066666665,4782.18184,452469.6020866667,397338.07400666666,405382.0921666667,443241.0128233333,173211.37951666667,24376.38172,84799.016,64035.98179666667,-37858.920656666654,970834.0,710054.0,260780.0,0.2686,,985919.0,791683.0,194236.0,0.197,,0,23,1,53,19,2,131,0,0,92,0,0,0,2,1147.0
2021-11-01,성북구,건별집계|API_2017_2025,2021,11,1869.0,1147.0,615.0,107.0,979.0,838.0,52.0,1371.0,791.0,427842.3674935484,410450.7076677419,14345.576241935483,3046.0836,453497.61646774196,395891.0741032258,404822.86097741936,444284.87214838713,171338.37308387097,21879.839464516128,85084.19664838711,64374.33697096774,-39462.011170967744,970834.0,710054.0,260780.0,0.2686,,985919.0,791683.0,194236.0,0.197,,0,23,1,53,19,2,131,0,0,92,0,0,0,2,1115.0
2021-12-01,성북구,건별집계|API_2017_2025,2021,12,1899.0,1115.0,686.0,98.0,1048.0,746.0,105.0,1294.0,737.0,427986.04852333333,410811.45483666664,14933.38665,2241.2070366666667,454583.01421,396148.79588,404606.45931,444685.75510333333,178441.46498000002,23208.38779,86308.66057000001,68924.41662,-40079.29579333333,970834.0,710054.0,260780.0,0.2686,,985919.0,791683.0,194236.0,0.197,,0,23,1,53,19,2,131,0,0,92,0,0,0,2,1064.0
2022-01-01,성북구,건별집계|xlsx_2022_2024,2022,1,2009.0,1064.0,823.0,122.0,1181.0,618.0,210.0,1601.0,944.0,431648.3129612903,413596.29492580646,14941.942177419356,3110.075848387097,456725.4199580645,401118.3502064516,408942.98892903223,447866.40155161294,168931.55445806452,21230.191280645162,82859.29617096773,64842.06700645161,-38923.41262258065,997998.0,747132.0,250866.0,0.2514,94118.0,1001140.0,805797.0,195343.0,0.1951,97878.0,2,11,1,60,23,1,100,0,0,78,0,0,0,40,1102.0
2022-02-01,성북구,건별집계|xlsx_2022_2024,2022,2,1838.0,1102.0,627.0,109.0,989.0,800.0,49.0,1551.0,918.0,423890.16642258066,407693.98783870967,14012.834964516129,2183.3436258064517,448053.75878387096,393034.8725516129,401420.2428935484,439940.1118193548,169109.91667419355,22348.75444193548,83286.27961290322,63474.88261935484,-38519.86892580645,997998.0,747132.0,250866.0,0.2514,94118.0,1001140.0,805797.0,195343.0,0.1951,97878.0,2,11,1,60,23,1,100,0,0,78,0,0,0,40,933.0
2022-03-01,성북구,건별집계|xlsx_2022_2024,2022,3,1712.0,933.0,703.0,76.0,901.0,778.0,33.0,1552.0,929.0,426673.5994035714,409202.31364999997,13936.948696428572,3534.337075,449138.28805000003,398698.00895357144,406278.6249,441241.43832142855,169538.5505392857,22849.88890357143,83370.23919642856,63318.422439285714,-34962.81342142857,997998.0,747132.0,250866.0,0.2514,94118.0,1001140.0,805797.0,195343.0,0.1951,97878.0,2,11,1,60,23,1,100,0,0,78,0,0,0,40,1088.0
2022-04-01,성북구,건별집계|xlsx_2022_2024,2022,4,2311.0,1088.0,1160.0,63.0,1243.0,1022.0,46.0,1601.0,957.0,428904.6609032258,410743.4994064516,14272.375967741935,3888.7855483870967,450050.15346451616,402687.21867419354,409898.7528354839,442480.3095322581,171546.0780451613,27443.7686,80136.91731612902,63965.392129032254,-32581.55669677419,997998.0,747132.0,250866.0,0.2514,94118.0,1001140.0,805797.0,195343.0,0.1951,97878.0,2,11,1,60,23,1,100,0,0,78,0,0,0,40,1135.0
2022-05-01,성북구,건별집계|xlsx_2022_2024,2022,5,1948.0,1135.0,707.0,106.0,1027.0,888.0,33.0,1898.0,1182.0,435465.83873333334,418241.91976,15004.7672,2219.1517766666666,463026.8996833333,402333.71885666664,411500.00882,452584.2886766667,182788.93789333335,23852.395356666664,84713.51151666667,74223.03102000001,-41084.27985666667,997998.0,747132.0,250866.0,0.2514,94118.0,1001140.0,805797.0,195343.0,0.1951,97878.0,2,11,1,60,23,1,100,0,0,78,0,0,0,40,1131.0
2022-06-01,성북구,건별집계|xlsx_2022_2024,2022,6,1841.0,1131.0,609.0,101.0,986.0,811.0,44.0,1900.0,1146.0,441667.8836419355,423488.9254290323,15629.056222580646,2549.9020064516126,471200.4683129032,408482.11695483874,417261.13919354836,459101.27252903226,189226.14458064517,26153.977003225806,86641.55532903226,76430.6122483871,-41840.13333548387,997998.0,747132.0,250866.0,0.2514,94118.0,1001140.0,805797.0,195343.0,0.1951,97878.0,2,11,1,60,23,1,100,0,0,78,0,0,0,40,1150.0
2022-07-01,성북구,건별집계|xlsx_2022_2024,2022,7,1820.0,1150.0,578.0,92.0,943.0,835.0,42.0,1886.0,1170.0,444262.90957333334,425156.05342,15596.90808,3509.9480666666664,474973.78675666667,408833.87499000004,418308.06731666665,462802.0826133333,181955.44082000002,23037.721810000003,87306.47091999999,71611.24809,-44494.015296666665,997998.0,747132.0,250866.0,0.2514,94118.0,1001140.0,805797.0,195343.0,0.1951,97878.0,2,11,1,60,23,1,100,0,0,78,0,0,0,40,1268.0
2022-08-01,성북구,건별집계|xlsx_2022_2024,2022,8,2038.0,1268.0,659.0,111.0,1145.0,858.0,35.0,1827.0,1167.0,423267.29480645165,406469.37753870967,14282.694025806451,2515.2232419354837,454848.203983871,387294.3383645161,396423.21393548383,442441.6382870968,168096.6818483871,21393.687964516128,81997.8363032258,64705.15758064516,-46018.424351612906,997998.0,747132.0,250866.0,0.2514,94118.0,1001140.0,805797.0,195343.0,0.1951,97878.0,2,11,1,60,23,1,100,0,0,78,0,0,0,40,1298.0
2022-09-01,성북구,건별집계|xlsx_2022_2024,2022,9,2192.0,1298.0,808.0,86.0,1203.0,932.0,57.0,1954.0,1212.0,422073.4468064516,403162.4801870968,14274.702948387096,4636.263677419355,452225.37287741934,386537.7569516129,395627.2321548387,440963.6001483871,167562.25320967744,21556.373119354837,82395.77257741935,63610.107512903225,-45336.36799354839,997998.0,747132.0,250866.0,0.2514,94118.0,1001140.0,805797.0,195343.0,0.1951,97878.0,2,11,1,60,23,1,100,0,0,78,0,0,0,40,1236.0
2022-10-01,성북구,건별집계|xlsx_2022_2024,2022,10,2015.0,1236.0,672.0,107.0,1053.0,922.0,40.0,1869.0,1147.0,438380.84759666666,417189.87557000003,15308.63324,5882.338803333333,465746.41146000003,408882.78689333337,416283.00319333334,454165.02215333335,185585.97166333333,31567.10624333333,81923.63306333333,72095.23235666666,-37882.018959999994,997998.0,747132.0,250866.0,0.2514,94118.0,1001140.0,805797.0,195343.0,0.1951,97878.0,2,11,1,60,23,1,100,0,0,78,0,0,0,40,1152.0
2022-11-01,성북구,건별집계|xlsx_2022_2024,2022,11,1845.0,1152.0,597.0,96.0,941.0,867.0,37.0,1899.0,1115.0,436565.23642903223,418085.9557258064,15641.54000967742,2837.7407096774195,464195.53881935484,403657.4187612903,412930.2792483871,453447.34872258065,176779.84362580645,25373.643232258062,80659.19615806451,70747.00423548387,-40517.06947419355,997998.0,747132.0,250866.0,0.2514,94118.0,1001140.0,805797.0,195343.0,0.1951,97878.0,2,11,1,60,23,1,100,0,0,78,0,0,0,40,1201.0
2022-12-01,성북구,건별집계|xlsx_2022_2024,2022,12,1953.0,1201.0,631.0,121.0,1032.0,887.0,34.0,2009.0,1064.0,439368.16761,420428.29567,16501.62495,2438.2469866666665,466216.98015,408166.9423333333,415994.0316466667,456063.97901666665,183774.71647333333,25869.308463333335,82553.1499,75352.25811000001,-40069.94737,997998.0,747132.0,250866.0,0.2514,94118.0,1001140.0,805797.0,195343.0,0.1951,97878.0,2,11,1,60,23,1,100,0,0,78,0,0,0,40,1322.0
2017-01-01,송파구,API_2017_2025,2017,1,,,,,,,,,,,,,,,,,,,,,,,,,,,,,,,,,0,81,9,129,5,65,270,0,0,309,0,0,4,32,1366.0
2017-02-01,송파구,API_2017_2025,2017,2,2172.0,1366.0,,,,,,,,,,,,,,,,,,,,,,,,,,,,,,,0,81,9,129,5,65,270,0,0,309,0,0,4,32,1189.0
2017-03-01,송파구,API_2017_2025,2017,3,1917.0,1189.0,,,,,,,,,,,,,,,,,,,,,,,,,,,,,,,0,81,9,129,5,65,270,0,0,309,0,0,4,32,1339.0
2017-04-01,송파구,API_2017_2025,2017,4,2142.0,1339.0,,,,,,,,,,,,,,,,,,,,,,,,,,,,,,,0,81,9,129,5,65,270,0,0,309,0,0,4,32,1428.0
2017-05-01,송파구,API_2017_2025,2017,5,2201.0,1428.0,,,,,,,,,,,,,,,,,,,,,,,,,,,,,,,0,81,9,129,5,65,270,0,0,309,0,0,4,32,1521.0
2017-06-01,송파구,API_2017_2025,2017,6,2400.0,1521.0,,,,,,,,,,,,,,,,,,,,,,,,,,,,,,,0,81,9,129,5,65,270,0,0,309,0,0,4,32,1525.0
2017-07-01,송파구,API_2017_2025,2017,7,2428.0,1525.0,,,,,,,,,,,,,,,,,,,,,,,,,,,,,,,0,81,9,129,5,65,270,0,0,309,0,0,4,32,1623.0
2017-08-01,송파구,API_2017_2025,2017,8,2539.0,1623.0,,,,,,,,,,,,,,,,,,,,,,,,,,,,,,,0,81,9,129,5,65,270,0,0,309,0,0,4,32,1586.0
2017-09-01,송파구,API_2017_2025,2017,9,2531.0,1586.0,,,,,,,,,,,,,,,,,,,,,,,,,,,,,,,0,81,9,129,5,65,270,0,0,309,0,0,4,32,1516.0
2017-10-01,송파구,API_2017_2025,2017,10,2480.0,1516.0,,,,,,,,,,,,,,,,,,,,,,,,,,,,,,,0,81,9,129,5,65,270,0,0,309,0,0,4,32,1416.0
2017-11-01,송파구,API_2017_2025,2017,11,2285.0,1416.0,,,,,,,,,,,,,,,,,,,,,,,,,,,,,,,0,81,9,129,5,65,270,0,0,309,0,0,4,32,1341.0
2017-12-01,송파구,API_2017_2025,2017,12,2157.0,1341.0,,,,,,,,,,,,,,,,,,,,,,,,,,,,,,,0,81,9,129,5,65,270,0,0,309,0,0,4,32,1627.0
2018-01-01,송파구,API_2017_2025,2018,1,2642.0,1627.0,,,,,,2172.0,1366.0,,,,,,,,,,,,,,,,,,,,,,,,0,161,146,136,8,44,369,0,0,236,0,0,0,77,1614.0
2018-02-01,송파구,API_2017_2025,2018,2,2558.0,1614.0,,,,,,1917.0,1189.0,,,,,,,,,,,,,,,,,,,,,,,,0,161,146,136,8,44,369,0,0,236,0,0,0,77,1354.0
2018-03-01,송파구,API_2017_2025,2018,3,2184.0,1354.0,,,,,,2142.0,1339.0,,,,,,,,,,,,,,,,,,,,,,,,0,161,146,136,8,44,369,0,0,236,0,0,0,77,1398.0
2018-04-01,송파구,API_2017_2025,2018,4,2329.0,1398.0,,,,,,2201.0,1428.0,,,,,,,,,,,,,,,,,,,,,,,,0,161,146,136,8,44,369,0,0,236,0,0,0,77,1441.0
2018-05-01,송파구,API_2017_2025,2018,5,2361.0,1441.0,,,,,,2400.0,1521.0,768771.6139115385,748848.0635307692,14808.302369230769,5115.248026923077,794293.5277423076,749451.5561653846,768507.2023538462,768960.479326923,427679.8978307692,112229.82241153847,183854.55054999999,131595.52486923078,-453.2769730769169,,,,,,,,,,,0,161,146,136,8,44,369,0,0,236,0,0,0,77,1525.0
2018-06-01,송파구,API_2017_2025,2018,6,2405.0,1525.0,,,,,,2428.0,1525.0,766705.5318064516,746976.6004483871,14589.562306451613,5139.369058064516,798383.2209064516,745869.0781064517,766587.9966,765007.6878096773,416048.22754193546,112251.23389032258,176046.3642419355,127750.62940967742,1580.3087903225846,,,,,,,,,,,0,161,146,136,8,44,369,0,0,236,0,0,0,77,1438.0
2018-07-01,송파구,API_2017_2025,2018,7,2374.0,1438.0,,,,,,2539.0,1623.0,774615.5069200001,754160.4767966666,14896.71244,5558.3176766666675,803255.9025733334,755041.8895933334,772817.7855966666,775899.59357,393086.00167333335,105415.38573666666,167748.88611333334,119921.72982333334,-3081.8079733333316,,,,,,,,,,,0,161,146,136,8,44,369,0,0,236,0,0,0,77,1584.0
2018-08-01,송파구,API_2017_2025,2018,8,2693.0,1584.0,,,,,,2531.0,1586.0,778558.9961548387,756622.5015451612,15763.212564516129,6173.282032258065,802944.8624032257,761365.9875935485,783177.1739709678,775260.2977,404539.69762580644,111173.88366774193,170281.16176774193,123084.65219032258,7916.8762709677385,,,,,,,,,,,0,161,146,136,8,44,369,0,0,236,0,0,0,77,1524.0
2018-09-01,송파구,API_2017_2025,2018,9,2646.0,1524.0,,,,,,2480.0,1516.0,777930.0014000001,755705.4495935483,15900.028541935484,6324.523267741935,806043.5561677419,759284.1152451612,785247.1992548386,770924.0175935484,424478.63324193546,115945.34037741934,181362.63785483871,127170.65500967743,14323.181661290328,,,,,,,,,,,0,161,146,136,8,44,369,0,0,236,0,0,0,77,1400.0
2018-10-01,송파구,API_2017_2025,2018,10,2322.0,1400.0,,,,,,2285.0,1416.0,762130.3431566667,742189.79036,14802.557746666665,5137.995063333334,791977.8209833334,739345.8601766668,764013.6859166666,760785.0983233334,401657.71811,107436.12702333332,174711.67392,119509.91716666667,3228.5875933333377,,,,,,,,,,,0,161,146,136,8,44,369,0,0,236,0,0,0,77,1419.0
2018-11-01,송파구,API_2017_2025,2018,11,2286.0,1419.0,,,,,,2157.0,1341.0,779796.4103096774,759394.9594129032,14602.2079,5799.2429999999995,807839.5771322581,761049.7657774194,784148.2399096774,774904.3535612903,411178.88427096774,114542.93586129033,171942.56358387097,124693.38482580645,9243.886348387085,,,,,,,,,,,0,161,146,136,8,44,369,0,0,236,0,0,0,77,1325.0
2018-12-01,송파구,API_2017_2025,2018,12,2162.0,1325.0,,,,,,2642.0,1627.0,780220.7414633334,760123.5036166667,14737.568143333334,5359.669716666667,804439.3989400001,763241.0942800001,782991.6203366667,778241.54227,423583.2576966667,118730.15142000001,177278.51420333332,127574.59207333332,4750.078066666661,,,,,,,,,,,0,161,146,136,8,44,369,0,0,236,0,0,0,77,1504.0
2019-01-01,송파구,API_2017_2025,2019,1,2483.0,1504.0,,,,,,2558.0,1614.0,789347.0278709678,768301.2996354839,15243.64994516129,5802.078287096774,814772.4906064516,771667.9996096775,797796.8803064516,783311.4189838709,415969.5647290323,117452.21934193549,176411.07423225805,122106.2711548387,14485.461322580644,,,,,,,,,,,0,89,9,157,2,47,372,0,0,202,0,0,0,38,1285.0
2019-02-01,송파구,API_2017_2025,2019,2,2194.0,1285.0,,,,,,2184.0,1354.0,796721.4698612904,774469.6357032257,16362.22225483871,5889.611906451612,817163.3068161291,778998.7171774195,807591.1861709678,788957.3868,433752.21743870963,121857.51337096775,182539.34412580644,129355.35994193549,18633.799370967743,,,,,,,,,,,0,89,9,157,2,47,372,0,0,202,0,0,0,38,1180.0
2019-03-01,송파구,API_2017_2025,2019,3,1894.0,1180.0,,,,,,2329.0,1398.0,776849.9064499999,754255.8800892857,16662.855967857144,5931.170392857143,800607.6838107143,751311.4778035714,789543.2476642857,767783.2341535714,418365.7512678571,118236.95084642856,177153.9990892857,122974.80133214286,21760.013510714274,,,,,,,,,,,0,89,9,157,2,47,372,0,0,202,0,0,0,38,1313.0
2019-04-01,송파구,API_2017_2025,2019,4,2213.0,1313.0,,,,,,2361.0,1441.0,787068.1089258065,766467.0167548388,15541.465787096773,5059.626380645162,807602.6280967742,767533.7904258065,787187.4071193549,786982.8959161291,392078.30731935485,104869.87910645161,169845.93962903225,117362.48858387097,204.5112032258147,,,,,,,,,,,0,89,9,157,2,47,372,0,0,202,0,0,0,38,1421.0
2019-05-01,송파구,API_2017_2025,2019,5,2246.0,1421.0,,,,,,2405.0,1525.0,783127.1193033333,762173.14449,15590.901673333334,5363.0731399999995,808899.1828566666,766106.51157,784605.1294133333,782071.3977966666,433803.2393233333,117003.02588333334,184869.20792,131931.00552,2533.7316166666687,,,,,,,,,,,0,89,9,157,2,47,372,0,0,202,0,0,0,38,1528.0
2019-06-01,송파구,API_2017_2025,2019,6,2485.0,1528.0,,,,,,2374.0,1438.0,757045.6342483871,736590.9768193548,15320.166012903224,5134.491438709677,786745.0356064516,739537.3572129033,758474.1078903226,756025.2959419354,401453.9903967742,110580.3452032258,171072.96061612904,119800.68457741935,2448.8119483871064,,,,,,,,,,,0,89,9,157,2,47,372,0,0,202,0,0,0,38,1421.0
2019-07-01,송파구,API_2017_2025,2019,7,2334.0,1421.0,,,,,,2693.0,1584.0,757662.2535833333,736120.96757,16018.093893333335,5523.19211,782902.56875,740069.6728766666,759437.3070500001,756394.3582433333,379416.1252233333,102627.65529666668,164219.54226,112568.92766666667,3042.948806666676,,,,,,,,,,,0,89,9,157,2,47,372,0,0,202,0,0,0,38,1557.0
2019-08-01,송파구,API_2017_2025,2019,8,2540.0,1557.0,,,,,,2646.0,1524.0,757730.7739322581,734298.7784354838,17037.464258064516,6394.531225806451,783273.8651935484,741625.2586064517,761896.814083871,754755.0309645161,367079.63909032254,103247.73116774193,154132.87290645164,109699.03501612904,7141.78311935484,,,,,,,,,,,0,89,9,157,2,47,372,0,0,202,0,0,0,38,1561.0
2019-09-01,송파구,API_2017_2025,2019,9,2586.0,1561.0,,,,,,2322.0,1400.0,795578.3940032258,771146.621116129,18284.636703225806,6147.136187096774,821500.5683032258,779173.1678354839,800625.7888516128,791973.1119709677,389400.90051935485,108895.29717741936,164202.4281548387,116303.17518709679,8652.676880645175,,,,,,,,,,,0,89,9,157,2,47,372,0,0,202,0,0,0,38,1480.0
2019-10-01,송파구,API_2017_2025,2019,10,2415.0,1480.0,,,,,,2286.0,1419.0,784627.7458333333,762037.0971633333,16900.295036666666,5690.353643333334,808606.7054366667,766253.3126933334,785165.8307166666,784243.3994933333,399446.82972,109777.88850333334,170844.0521,118824.88911666667,922.4312233333324,,,,,,,,,,,0,89,9,157,2,47,372,0,0,202,0,0,0,38,1471.0
2019-11-01,송파구,API_2017_2025,2019,11,2364.0,1471.0,,,,,,2162.0,1325.0,796522.8922967741,772270.4852241935,17229.187638709678,7023.219416129032,816581.8063016129,782177.3763467742,797233.9491903225,796014.994532258,416767.2602274194,117183.33085,171889.63351774195,127694.29585967741,1218.954658064533,,,,,,,,,,,0,89,9,157,2,47,372,0,0,202,0,0,0,38,1445.0
2019-12-01,송파구,API_2017_2025,2019,12,2162.0,1445.0,,,,,,2483.0,1504.0,789683.12948,766933.8427333334,16865.71488,5883.571863333334,808660.4663600001,773362.3523133334,791420.6780600001,788442.0233566667,406546.51991333335,115866.92241666667,167886.54307,122793.05442666667,2978.6547033333336,,,,,,,,,,,0,89,9,157,2,47,372,0,0,202,0,0,0,38,1458.0
2020-01-01,송파구,API_2017_2025,2020,1,2245.0,1458.0,,,,,,2194.0,1285.0,803916.0484193548,780008.3136387097,17164.26120645161,6743.4735967741935,829124.6353451613,785341.8924,812982.5656290322,797439.9647193549,428831.59717419354,124987.16727096774,174515.22151935485,129329.20838387097,15542.600909677429,1197941.0,811432.0,386509.0,0.3226,,2047780.0,857374.0,1190406.0,0.5813,,0,52,2,117,10,66,285,0,0,183,0,0,0,19,1468.0
2020-02-01,송파구,API_2017_2025,2020,2,2291.0,1468.0,,,,,,1894.0,1180.0,790905.8844064516,766706.8661387096,18467.86076451613,5731.157503225807,811564.8475258064,771572.2368935484,798879.6778451613,785210.3176548387,413532.01978387096,119308.37880645161,170909.8960935484,123313.74488387098,13669.360190322577,1197941.0,811432.0,386509.0,0.3226,,2047780.0,857374.0,1190406.0,0.5813,,0,52,2,117,10,66,285,0,0,183,0,0,0,19,1149.0
2020-03-01,송파구,API_2017_2025,2020,3,1857.0,1149.0,,,,,,2213.0,1313.0,794056.7185793102,771199.0369896552,18393.894910344825,4463.786696551724,803347.8477724137,785950.349637931,795003.3513586207,793380.5523034483,381789.66000000003,100525.34036206898,167402.48993793104,113861.8297,1622.7990551724236,1197941.0,811432.0,386509.0,0.3226,,2047780.0,857374.0,1190406.0,0.5813,,0,52,2,117,10,66,285,0,0,183,0,0,0,19,1165.0
2020-04-01,송파구,API_2017_2025,2020,4,2042.0,1165.0,,,,,,2246.0,1421.0,786003.069732258,764161.3856548386,17581.275929032257,4260.40814516129,794585.5655064515,779310.4761548387,785211.8583935484,786568.2206774194,358252.1875935484,89023.53432258064,163822.67522580645,105405.97804516129,-1356.362283870972,1197941.0,811432.0,386509.0,0.3226,,2047780.0,857374.0,1190406.0,0.5813,,0,52,2,117,10,66,285,0,0,183,0,0,0,19,1137.0
2020-05-01,송파구,API_2017_2025,2020,5,1964.0,1137.0,,,,,,2485.0,1528.0,778075.09797,756810.58234,17375.75172,3888.76389,787389.3738066667,769376.6636,774450.42268,780664.1517533333,374195.17739666667,94495.25180666667,169943.77668333333,109756.14890666665,-6213.729073333333,1197941.0,811432.0,386509.0,0.3226,,2047780.0,857374.0,1190406.0,0.5813,,0,52,2,117,10,66,285,0,0,183,0,0,0,19,1200.0
2020-06-01,송파구,API_2017_2025,2020,6,2070.0,1200.0,,,,,,2334.0,1421.0,770238.2154161291,747803.640867742,17013.163616129033,5421.410922580645,779439.7203870967,761096.8237774194,767364.7364580645,772290.7003774194,373552.761883871,96937.45018709678,167416.7932903226,109198.51840645162,-4925.963919354851,1197941.0,811432.0,386509.0,0.3226,,2047780.0,857374.0,1190406.0,0.5813,,0,52,2,117,10,66,285,0,0,183,0,0,0,19,1290.0
2020-07-01,송파구,API_2017_2025,2020,7,2208.0,1290.0,,,,,,2540.0,1557.0,763804.4220366667,743151.4630633333,16920.31737,3732.64161,774503.4604366666,753456.57928,758634.81384,767496.9993033333,375753.1052166667,97410.93452666668,166323.84696000002,112018.32373,-8862.185463333339,1197941.0,811432.0,386509.0,0.3226,,2047780.0,857374.0,1190406.0,0.5813,,0,52,2,117,10,66,285,0,0,183,0,0,0,19,1392.0
2020-08-01,송파구,API_2017_2025,2020,8,2456.0,1392.0,,,,,,2586.0,1561.0,767129.8993193548,743329.8542064516,16934.86141935484,6865.183703225806,776903.8818064516,757484.516232258,763227.3411225806,769917.4408935484,373241.443183871,99100.55100645161,161990.5535967742,112150.33858064516,-6690.099770967732,1197941.0,811432.0,386509.0,0.3226,,2047780.0,857374.0,1190406.0,0.5813,,0,52,2,117,10,66,285,0,0,183,0,0,0,19,1174.0
2020-09-01,송파구,API_2017_2025,2020,9,2349.0,1174.0,,,,,,2415.0,1480.0,757473.3178225806,736447.9402193548,15921.985596774193,5103.392006451613,768467.7925483871,748965.3327935484,755806.302767742,758664.042867742,355450.6077451613,91606.87013870968,159970.33495161292,103873.4026548387,-2857.7400999999973,1197941.0,811432.0,386509.0,0.3226,,2047780.0,857374.0,1190406.0,0.5813,,0,52,2,117,10,66,285,0,0,183,0,0,0,19,1065.0
2020-10-01,송파구,API_2017_2025,2020,10,2004.0,1065.0,,,,,,2364.0,1471.0,758909.1492633333,739337.86363,15203.747976666666,4367.53765,769240.4016566667,749310.1259066666,754604.3792966666,761983.9849466666,350120.68172,88526.35481666666,158208.41391333332,103385.91299000001,-7379.6056499999795,1197941.0,811432.0,386509.0,0.3226,,2047780.0,857374.0,1190406.0,0.5813,,0,52,2,117,10,66,285,0,0,183,0,0,0,19,1211.0
2020-11-01,송파구,API_2017_2025,2020,11,2299.0,1211.0,,,,,,2162.0,1445.0,749909.0667999999,731080.47,15008.610119354838,3819.9866774193547,762135.6347516129,737705.865383871,746057.520551613,752660.1712580646,366355.1101774194,96930.24862258064,160720.87827741934,108703.98327741936,-6602.650706451623,1197941.0,811432.0,386509.0,0.3226,,2047780.0,857374.0,1190406.0,0.5813,,0,52,2,117,10,66,285,0,0,183,0,0,0,19,1068.0
2020-12-01,송파구,API_2017_2025,2020,12,2019.0,1068.0,,,,,,2245.0,1458.0,757123.4029166666,738625.89708,15058.902856666666,3438.602983333333,768255.4960233333,746907.2070933334,755059.8490666667,758597.3699533333,372266.46123666666,100392.8291,160605.17841999998,111268.45371666667,-3537.520886666661,1197941.0,811432.0,386509.0,0.3226,,2047780.0,857374.0,1190406.0,0.5813,,0,52,2,117,10,66,285,0,0,183,0,0,0,19,961.0
2021-01-01,송파구,건별집계|API_2017_2025,2021,1,1870.0,961.0,,,,,,2291.0,1468.0,758585.7910129032,739858.4980935483,14652.022964516129,4075.2699580645162,766125.7972774194,751869.7345322581,758913.1913806451,758351.9336129032,337267.86310967745,86511.2798548387,151819.39138387094,98937.19187096774,561.2577677419401,1197240.0,831528.0,365712.0,0.3055,,2484030.0,999067.0,1484963.0,0.5978,,0,32,8,94,5,95,225,0,0,151,0,0,1,15,1316.0
2021-02-01,송파구,건별집계|API_2017_2025,2021,2,2215.0,1316.0,705.0,194.0,947.0,1237.0,31.0,1857.0,1149.0,762324.3776483871,744844.851316129,14419.725629032257,3059.8007096774195,770383.7201258064,755093.0053258064,764176.4423258065,761001.4743,349083.91751935484,90831.84017096774,156295.56217741937,101956.51517096774,3174.9680258064463,1197240.0,831528.0,365712.0,0.3055,,2484030.0,999067.0,1484963.0,0.5978,,0,32,8,94,5,95,225,0,0,151,0,0,1,15,1201.0
2021-03-01,송파구,건별집계|API_2017_2025,2021,3,2013.0,1201.0,671.0,141.0,880.0,1110.0,23.0,2042.0,1165.0,752923.0075678572,735570.3424821428,14351.434324999998,3001.2307607142857,763045.1044214285,742792.4436107142,754347.3949857142,751905.5879678571,365906.40111785714,98386.23901428572,159214.30895,108305.85315357141,2441.8070178571384,1197240.0,831528.0,365712.0,0.3055,,2484030.0,999067.0,1484963.0,0.5978,,0,32,8,94,5,95,225,0,0,151,0,0,1,15,1351.0
2021-04-01,송파구,건별집계|API_2017_2025,2021,4,2361.0,1351.0,798.0,212.0,992.0,1331.0,38.0,1964.0,1137.0,760446.9979903225,743483.9445612903,14124.195770967743,2838.8576548387095,771164.6519,750759.1347064517,759941.1827645161,760808.2945741935,367821.49873548385,99351.44134516129,156999.5406870968,111470.5167032258,-867.1118096774219,1197240.0,831528.0,365712.0,0.3055,,2484030.0,999067.0,1484963.0,0.5978,,0,32,8,94,5,95,225,0,0,151,0,0,1,15,1414.0
2021-05-01,송파구,건별집계|API_2017_2025,2021,5,2320.0,1414.0,718.0,188.0,1002.0,1278.0,40.0,2070.0,1200.0,750495.1736866666,733228.13737,13994.414903333332,3272.6214066666666,760669.7507000001,740353.33114,749055.0994633333,751523.7981266666,384936.9655033333,102929.66760333332,165569.30911333335,116437.98878666667,-2468.69866333333,1197240.0,831528.0,365712.0,0.3055,,2484030.0,999067.0,1484963.0,0.5978,,0,32,8,94,5,95,225,0,0,151,0,0,1,15,1580.0
2021-06-01,송파구,건별집계|API_2017_2025,2021,6,2539.0,1580.0,716.0,243.0,1115.0,1371.0,53.0,2208.0,1290.0,748044.4751806451,731121.0310903225,13793.901987096773,3129.542093548387,758071.3397774195,737852.5135709677,748262.3950709677,747888.8181387098,371668.9179967742,100471.94152258064,161389.5525548387,109807.42391935484,373.57693225806264,1197240.0,831528.0,365712.0,0.3055,,2484030.0,999067.0,1484963.0,0.5978,,0,32,8,94,5,95,225,0,0,151,0,0,1,15,1695.0
2021-07-01,송파구,건별집계|API_2017_2025,2021,7,2934.0,1695.0,991.0,248.0,1260.0,1604.0,70.0,2456.0,1392.0,755220.63422,737101.7753933333,13854.755063333334,4264.103776666667,765355.6310033334,745840.1836466666,754638.8889366667,755636.1665899999,383513.23567,103284.40562333332,166429.50779666664,113799.32225,-997.2776533333351,1197240.0,831528.0,365712.0,0.3055,,2484030.0,999067.0,1484963.0,0.5978,,0,32,8,94,5,95,225,0,0,151,0,0,1,15,1589.0
2021-08-01,송파구,건별집계|API_2017_2025,2021,8,2703.0,1589.0,875.0,239.0,1210.0,1430.0,63.0,2349.0,1174.0,749300.2348870968,732103.5055483871,13900.693096774192,3296.0362419354838,758886.1353,741531.2340290323,749800.9133612902,748942.6074225806,360068.9620451613,95509.9799967742,158718.62296774195,105840.35908064517,858.3059387096774,1197240.0,831528.0,365712.0,0.3055,,2484030.0,999067.0,1484963.0,0.5978,,0,32,8,94,5,95,225,0,0,151,0,0,1,15,1607.0
2021-09-01,송파구,건별집계|API_2017_2025,2021,9,2657.0,1607.0,838.0,212.0,1229.0,1387.0,41.0,2004.0,1065.0,745589.1255290323,728260.2249967742,13824.385712903226,3504.5148419354837,754756.3626064516,736773.5628967742,746787.0402258065,744733.472183871,354574.9380903226,95222.61650967742,155417.4818935484,103934.83968709678,2053.5680419354803,1197240.0,831528.0,365712.0,0.3055,,2484030.0,999067.0,1484963.0,0.5978,,0,32,8,94,5,95,225,0,0,151,0,0,1,15,1697.0
2021-10-01,송파구,건별집계|API_2017_2025,2021,10,2930.0,1697.0,1051.0,182.0,1351.0,1521.0,58.0,2299.0,1211.0,740727.4893233333,724036.0878733334,13579.12757,3112.273886666667,751962.68814,730523.5272499999,741233.3165033333,740366.1841933334,359396.5979466667,97393.38244666667,157251.21811333334,104751.99738666667,867.1323099999959,1197240.0,831528.0,365712.0,0.3055,,2484030.0,999067.0,1484963.0,0.5978,,0,32,8,94,5,95,225,0,0,151,0,0,1,15,1697.0
2021-11-01,송파구,건별집계|API_2017_2025,2021,11,2698.0,1697.0,874.0,127.0,1286.0,1350.0,62.0,2019.0,1068.0,748587.1761419355,731817.7150967743,13673.526312903225,3095.934735483871,762709.6228419355,736982.3149645162,751651.0498903225,746398.6949,365081.7186870968,101287.81478709678,154960.17348387095,108833.73041612902,5252.354990322571,1197240.0,831528.0,365712.0,0.3055,,2484030.0,999067.0,1484963.0,0.5978,,0,32,8,94,5,95,225,0,0,151,0,0,1,15,1690.0
2021-12-01,송파구,건별집계|API_2017_2025,2021,12,2815.0,1690.0,949.0,176.0,1430.0,1200.0,185.0,1870.0,961.0,758084.1839666667,738729.5772733333,13596.057583333333,5758.549123333333,774533.12134,746307.18523,761350.63225,755751.00662,384357.96418999997,110833.5818,156688.87635333333,116835.50603666667,5599.625630000005,1197240.0,831528.0,365712.0,0.3055,,2484030.0,999067.0,1484963.0,0.5978,,0,32,8,94,5,95,225,0,0,151,0,0,1,15,1611.0
2022-01-01,송파구,건별집계|xlsx_2022_2024,2022,1,2885.0,1611.0,1083.0,191.0,1596.0,1004.0,285.0,2215.0,1316.0,758884.1227709678,740890.1104193549,13576.349893548388,4417.662461290322,774851.6838322581,745970.9113193549,765063.8009064517,754470.0669709677,367199.6532516129,104801.9214548387,150645.90117419354,111751.83062258064,10593.73393548387,1279728.0,897734.0,381994.0,0.2985,111644.0,2873667.0,1101301.0,1772366.0,0.6168,249319.0,1,28,3,144,0,102,189,0,0,148,0,0,0,20,1503.0
2022-02-01,송파구,건별집계|xlsx_2022_2024,2022,2,2439.0,1503.0,769.0,167.0,1179.0,1181.0,79.0,2013.0,1201.0,753833.1485903226,736401.3272193549,13617.724170967742,3814.097187096774,766785.5291193548,740364.688916129,760421.756748387,749126.9998903227,365796.0027612903,105739.84256774193,150857.84866129034,109198.31153225807,11294.756858064497,1279728.0,897734.0,381994.0,0.2985,111644.0,2873667.0,1101301.0,1772366.0,0.6168,249319.0,1,28,3,144,0,102,189,0,0,148,0,0,0,20,1486.0
2022-03-01,송파구,건별집계|xlsx_2022_2024,2022,3,2671.0,1486.0,1017.0,168.0,1415.0,1183.0,73.0,2361.0,1351.0,757928.9232964285,737483.7151428572,13642.51252857143,6802.695628571429,770449.1098678571,746256.6747178572,763327.3883999999,754072.8767964285,354313.95422142855,99138.26831071428,150625.13663571427,104550.549275,9254.51160357142,1279728.0,897734.0,381994.0,0.2985,111644.0,2873667.0,1101301.0,1772366.0,0.6168,249319.0,1,28,3,144,0,102,189,0,0,148,0,0,0,20,1670.0
2022-04-01,송파구,건별집계|xlsx_2022_2024,2022,4,3554.0,1670.0,1725.0,159.0,1813.0,1641.0,100.0,2320.0,1414.0,756477.3442096774,739815.6582064516,13273.604296774194,3388.0817096774194,767798.4076677419,747323.7665677419,756667.8444580645,756341.2726387096,339467.9149612903,92818.55062903227,146496.63852903227,100152.72580322581,326.57181935482123,1279728.0,897734.0,381994.0,0.2985,111644.0,2873667.0,1101301.0,1772366.0,0.6168,249319.0,1,28,3,144,0,102,189,0,0,148,0,0,0,20,1599.0
2022-05-01,송파구,건별집계|xlsx_2022_2024,2022,5,2958.0,1599.0,1174.0,185.0,1439.0,1396.0,123.0,2539.0,1580.0,760522.96346,743474.90601,13223.978863333332,3824.078573333333,785443.4937766666,744320.5922233333,764988.44104,757333.33662,387852.8217833333,112524.42780333334,157218.09437666665,118110.29960333332,7655.104420000004,1279728.0,897734.0,381994.0,0.2985,111644.0,2873667.0,1101301.0,1772366.0,0.6168,249319.0,1,28,3,144,0,102,189,0,0,148,0,0,0,20,1650.0
2022-06-01,송파구,건별집계|xlsx_2022_2024,2022,6,2840.0,1650.0,1034.0,156.0,1318.0,1434.0,88.0,2934.0,1695.0,769925.1477290322,751810.8153741935,13251.524651612903,4862.807706451614,792834.6511129033,753939.2596580646,772836.3786741935,767845.6970709678,389883.65061290324,115320.12555483871,156910.6063064516,117652.9187516129,4990.6816032258,1279728.0,897734.0,381994.0,0.2985,111644.0,2873667.0,1101301.0,1772366.0,0.6168,249319.0,1,28,3,144,0,102,189,0,0,148,0,0,0,20,1583.0
2022-07-01,송파구,건별집계|xlsx_2022_2024,2022,7,2790.0,1583.0,991.0,216.0,1238.0,1480.0,72.0,2703.0,1589.0,777620.8916133333,757836.3586066667,13412.893413333333,6371.639593333332,801262.3195166667,762512.59009,779313.3074933332,776412.0231366666,387602.83516333334,113023.78061,157906.61279999997,116672.44175333335,2901.284356666655,1279728.0,897734.0,381994.0,0.2985,111644.0,2873667.0,1101301.0,1772366.0,0.6168,249319.0,1,28,3,144,0,102,189,0,0,148,0,0,0,20,1817.0
2022-08-01,송파구,건별집계|xlsx_2022_2024,2022,8,3331.0,1817.0,1245.0,269.0,1541.0,1713.0,77.0,2657.0,1607.0,763773.5602225807,744124.2090225806,13396.398703225806,6252.952493548387,786625.4069612904,748550.1266870968,770452.8097193548,759002.6677258065,375867.5975129032,112998.43555483871,150215.26937096773,112653.89258709678,11450.14199354838,1279728.0,897734.0,381994.0,0.2985,111644.0,2873667.0,1101301.0,1772366.0,0.6168,249319.0,1,28,3,144,0,102,189,0,0,148,0,0,0,20,1881.0
2022-09-01,송파구,건별집계|xlsx_2022_2024,2022,9,3256.0,1881.0,1160.0,215.0,1569.0,1614.0,73.0,2930.0,1697.0,754229.5114,735574.0444,13360.283325806451,5295.183680645161,775329.0371161291,739813.4935387097,760431.1980225807,749799.7352451612,371999.1233580645,110750.46631290323,149591.1942,111657.46284516128,10631.462777419369,1279728.0,897734.0,381994.0,0.2985,111644.0,2873667.0,1101301.0,1772366.0,0.6168,249319.0,1,28,3,144,0,102,189,0,0,148,0,0,0,20,1832.0
2022-10-01,송파구,건별집계|xlsx_2022_2024,2022,10,3107.0,1832.0,1106.0,169.0,1466.0,1563.0,78.0,2698.0,1697.0,748318.4913133333,730242.5745633334,13253.644553333334,4822.2722,773119.89018,731960.1828099999,751458.7471533333,746075.4514166667,373496.43001999997,112211.69983666667,149141.21647333333,112143.51371,5383.295736666661,1279728.0,897734.0,381994.0,0.2985,111644.0,2873667.0,1101301.0,1772366.0,0.6168,249319.0,1,28,3,144,0,102,189,0,0,148,0,0,0,20,1571.0
2022-11-01,송파구,건별집계|xlsx_2022_2024,2022,11,2550.0,1571.0,836.0,143.0,1202.0,1301.0,47.0,2815.0,1690.0,757109.2095709677,738057.5295741935,13229.996764516129,5821.683232258065,785306.0603064516,739553.6454225807,765567.8803225806,751067.3018741936,377451.57255483867,116992.30411612903,147404.24291935485,113055.02551935484,14500.578448387107,1279728.0,897734.0,381994.0,0.2985,111644.0,2873667.0,1101301.0,1772366.0,0.6168,249319.0,1,28,3,144,0,102,189,0,0,148,0,0,0,20,1716.0
2022-12-01,송파구,건별집계|xlsx_2022_2024,2022,12,2877.0,1716.0,991.0,170.0,1340.0,1479.0,58.0,2885.0,1611.0,751944.3218533334,734507.2658133333,12882.921756666667,4554.134296666667,769132.2319233333,741297.88572,755528.4165433333,749384.2542266666,377417.40500666667,113437.66623666667,149040.17105,114939.56771999999,6144.162316666671,1279728.0,897734.0,381994.0,0.2985,111644.0,2873667.0,1101301.0,1772366.0,0.6168,249319.0,1,28,3,144,0,102,189,0,0,148,0,0,0,20,1880.0
2017-01-01,양천구,API_2017_2025,2017,1,,,,,,,,,,,,,,,,,,,,,,,,,,,,,,,,,5,39,9,96,0,3,437,0,0,167,0,0,0,5,1285.0
2017-02-01,양천구,API_2017_2025,2017,2,1875.0,1285.0,,,,,,,,,,,,,,,,,,,,,,,,,,,,,,,5,39,9,96,0,3,437,0,0,167,0,0,0,5,1044.0
2017-03-01,양천구,API_2017_2025,2017,3,1593.0,1044.0,,,,,,,,,,,,,,,,,,,,,,,,,,,,,,,5,39,9,96,0,3,437,0,0,167,0,0,0,5,1066.0
2017-04-01,양천구,API_2017_2025,2017,4,1681.0,1066.0,,,,,,,,,,,,,,,,,,,,,,,,,,,,,,,5,39,9,96,0,3,437,0,0,167,0,0,0,5,1197.0
2017-05-01,양천구,API_2017_2025,2017,5,1871.0,1197.0,,,,,,,,,,,,,,,,,,,,,,,,,,,,,,,5,39,9,96,0,3,437,0,0,167,0,0,0,5,1215.0
2017-06-01,양천구,API_2017_2025,2017,6,1894.0,1215.0,,,,,,,,,,,,,,,,,,,,,,,,,,,,,,,5,39,9,96,0,3,437,0,0,167,0,0,0,5,1235.0
2017-07-01,양천구,API_2017_2025,2017,7,1847.0,1235.0,,,,,,,,,,,,,,,,,,,,,,,,,,,,,,,5,39,9,96,0,3,437,0,0,167,0,0,0,5,1360.0
2017-08-01,양천구,API_2017_2025,2017,8,2081.0,1360.0,,,,,,,,,,,,,,,,,,,,,,,,,,,,,,,5,39,9,96,0,3,437,0,0,167,0,0,0,5,1335.0
2017-09-01,양천구,API_2017_2025,2017,9,1999.0,1335.0,,,,,,,,,,,,,,,,,,,,,,,,,,,,,,,5,39,9,96,0,3,437,0,0,167,0,0,0,5,1284.0
2017-10-01,양천구,API_2017_2025,2017,10,1950.0,1284.0,,,,,,,,,,,,,,,,,,,,,,,,,,,,,,,5,39,9,96,0,3,437,0,0,167,0,0,0,5,1295.0
2017-11-01,양천구,API_2017_2025,2017,11,1944.0,1295.0,,,,,,,,,,,,,,,,,,,,,,,,,,,,,,,5,39,9,96,0,3,437,0,0,167,0,0,0,5,1081.0
2017-12-01,양천구,API_2017_2025,2017,12,1719.0,1081.0,,,,,,,,,,,,,,,,,,,,,,,,,,,,,,,5,39,9,96,0,3,437,0,0,167,0,0,0,5,1304.0
2018-01-01,양천구,API_2017_2025,2018,1,1996.0,1304.0,,,,,,1875.0,1285.0,,,,,,,,,,,,,,,,,,,,,,,,0,39,0,89,0,2,439,0,0,200,0,0,0,100,1238.0
2018-02-01,양천구,API_2017_2025,2018,2,1956.0,1238.0,,,,,,1593.0,1044.0,,,,,,,,,,,,,,,,,,,,,,,,0,39,0,89,0,2,439,0,0,200,0,0,0,100,1060.0
2018-03-01,양천구,API_2017_2025,2018,3,1671.0,1060.0,,,,,,1681.0,1066.0,,,,,,,,,,,,,,,,,,,,,,,,0,39,0,89,0,2,439,0,0,200,0,0,0,100,1130.0
2018-04-01,양천구,API_2017_2025,2018,4,1783.0,1130.0,,,,,,1871.0,1197.0,,,,,,,,,,,,,,,,,,,,,,,,0,39,0,89,0,2,439,0,0,200,0,0,0,100,1166.0
2018-05-01,양천구,API_2017_2025,2018,5,1791.0,1166.0,,,,,,1894.0,1215.0,409515.73655,402928.2235576923,5542.392626923077,1045.120376923077,446093.34002307686,370078.8923307692,380016.9851576923,430586.2732692308,207473.32127692306,31812.843834615385,106682.34381538461,68978.13362692307,-50569.288111538466,,,,,,,,,,,0,39,0,89,0,2,439,0,0,200,0,0,0,100,1233.0
2018-06-01,양천구,API_2017_2025,2018,6,1913.0,1233.0,,,,,,1847.0,1235.0,402448.2312096774,395806.3953967742,5557.341035483871,1084.4947677419354,438078.8871096774,361681.66709999996,372790.50915161293,422717.39184516127,199740.92411612903,31188.213483870968,103261.85418387096,65290.856448387094,-49926.88269354839,,,,,,,,,,,0,39,0,89,0,2,439,0,0,200,0,0,0,100,1265.0
2018-07-01,양천구,API_2017_2025,2018,7,1925.0,1265.0,,,,,,2081.0,1360.0,409328.20274333336,402618.42807666666,5622.768846666667,1087.0058366666667,441514.75929,373820.03036333335,382802.40664,428275.1999633333,190741.45394333333,30843.996326666667,96414.94806333333,63482.50955333333,-45472.793323333346,,,,,,,,,,,0,39,0,89,0,2,439,0,0,200,0,0,0,100,1401.0
2018-08-01,양천구,API_2017_2025,2018,8,2187.0,1401.0,,,,,,1999.0,1335.0,408667.2843612903,401599.8813096774,5925.897316129032,1141.5057322580644,441880.53063225804,374759.3735419355,382629.81586451613,427265.4761322581,191784.6692967742,32276.10146129032,96480.53419677418,63028.033638709676,-44635.660267741936,,,,,,,,,,,0,39,0,89,0,2,439,0,0,200,0,0,0,100,1445.0
2018-09-01,양천구,API_2017_2025,2018,9,2243.0,1445.0,,,,,,1950.0,1284.0,403881.08409354836,396915.09872580646,5878.898116129032,1087.0872580645162,434461.9806387097,371315.27602903225,379121.4396032258,420634.4954967742,197576.1058,30697.437822580647,102005.6127,64873.05527741936,-41513.05589354839,,,,,,,,,,,0,39,0,89,0,2,439,0,0,200,0,0,0,100,1292.0
2018-10-01,양천구,API_2017_2025,2018,10,1956.0,1292.0,,,,,,1944.0,1295.0,403233.94082333334,396579.45689000003,5683.011670000001,971.4722633333333,433341.96754,368530.2495033333,378279.10711333336,421058.82205666666,192244.50693,31327.99574,97585.9627,63330.54849,-42779.71494333333,,,,,,,,,,,0,39,0,89,0,2,439,0,0,200,0,0,0,100,1218.0
2018-11-01,양천구,API_2017_2025,2018,11,1887.0,1218.0,,,,,,1719.0,1081.0,403226.2051580645,396570.48763225804,5666.351248387097,989.3662677419354,434077.24944193545,365203.9175064516,375504.5444225806,422090.475,192131.9197483871,29831.149390322582,98621.78497741936,63678.98538064516,-46585.930577419356,,,,,,,,,,,0,39,0,89,0,2,439,0,0,200,0,0,0,100,1145.0
2018-12-01,양천구,API_2017_2025,2018,12,1771.0,1145.0,,,,,,1996.0,1304.0,403024.20595000003,396229.81557333336,5740.938796666666,1053.4515966666665,434220.11134666664,365658.8853133333,375556.49706666666,422643.99801000004,200057.9472,32682.968993333336,101205.36024333333,66169.61796333334,-47087.50094333334,,,,,,,,,,,0,39,0,89,0,2,439,0,0,200,0,0,0,100,1358.0
2019-01-01,양천구,API_2017_2025,2019,1,2047.0,1358.0,,,,,,1956.0,1238.0,407217.96622903226,400403.84460645163,5726.191245161291,1087.9303774193547,434561.89382580644,375530.23182580643,383947.0337806452,423840.06085806456,194370.3646451613,31993.831277419355,100130.55408709678,62245.979280645166,-39893.02707741936,,,,,,,,,,,0,20,1,69,2,0,351,0,0,91,0,0,0,13,1229.0
2019-02-01,양천구,API_2017_2025,2019,2,1898.0,1229.0,,,,,,1671.0,1060.0,413247.05268387095,405903.0566903226,6201.767387096774,1142.2286322580644,439857.3868612903,382395.7200935484,389984.2978645161,429863.30613870965,204324.31757741937,33826.35135483871,104357.4543516129,66140.51187096775,-39879.00827419354,,,,,,,,,,,0,20,1,69,2,0,351,0,0,91,0,0,0,13,1029.0
2019-03-01,양천구,API_2017_2025,2019,3,1597.0,1029.0,,,,,,1783.0,1130.0,404575.2690928572,396831.05055,6391.4598857142855,1352.7586642857143,430594.00711071433,376007.98537857144,383928.640425,419322.861,198399.72202142858,33890.988789285715,100431.871225,64076.86200714286,-35394.22057499999,,,,,,,,,,,0,20,1,69,2,0,351,0,0,91,0,0,0,13,1145.0
2019-04-01,양천구,API_2017_2025,2019,4,1743.0,1145.0,,,,,,1791.0,1166.0,405944.4508548387,399128.6521548387,5959.433116129033,856.3655870967742,434791.16342580644,370824.8179548387,380324.00072903227,424244.7723709677,184799.04892258064,28553.08995483871,96160.59614838709,60085.362819354836,-43920.771641935484,,,,,,,,,,,0,20,1,69,2,0,351,0,0,91,0,0,0,13,1130.0
2019-05-01,양천구,API_2017_2025,2019,5,1769.0,1130.0,,,,,,1913.0,1233.0,396846.5318333333,390064.4261066666,5895.323796666667,886.7819166666667,427656.7963733334,360024.76656,369665.3293366667,416261.67646,200426.31411,30743.271403333336,103734.95213333333,65948.09057333333,-46596.34712333334,,,,,,,,,,,0,20,1,69,2,0,351,0,0,91,0,0,0,13,1251.0
2019-06-01,양천구,API_2017_2025,2019,6,1925.0,1251.0,,,,,,1925.0,1265.0,382153.91517419356,375481.2766774193,5713.645212903225,958.9932741935484,413252.13910645165,344729.28066451615,355094.7232516129,401481.90942903224,184368.61781290325,28884.93260967742,94966.52261290322,60517.16259032258,-46387.18617741935,,,,,,,,,,,0,20,1,69,2,0,351,0,0,91,0,0,0,13,1174.0
2019-07-01,양천구,API_2017_2025,2019,7,1828.0,1174.0,,,,,,2187.0,1401.0,388061.1445466667,381332.4082966667,5740.882159999999,987.8540866666666,415855.9174766667,355840.36355666665,364578.12982666667,404834.7264866667,179690.40761333334,28446.226153333333,92303.34933333333,58940.83212666667,-40256.59666,,,,,,,,,,,0,20,1,69,2,0,351,0,0,91,0,0,0,13,1339.0
2019-08-01,양천구,API_2017_2025,2019,8,2085.0,1339.0,,,,,,2243.0,1445.0,385456.81816774193,378388.4869612903,5967.624961290323,1100.706251612903,413145.1759612903,354462.3413580645,362083.4532774194,402152.0787870967,169042.7115935484,28185.872338709676,84540.41812258065,56316.42113225807,-40068.62550967742,,,,,,,,,,,0,20,1,69,2,0,351,0,0,91,0,0,0,13,1317.0
2019-09-01,양천구,API_2017_2025,2019,9,2030.0,1317.0,,,,,,1956.0,1292.0,400402.7630645161,393205.87002903223,6197.986293548387,998.9067548387097,427595.8495709677,369654.3918032258,377569.9582516129,416711.9093741936,178205.24723225806,29558.29026129032,89089.73311935485,59557.22385161291,-39141.95112258065,,,,,,,,,,,0,20,1,69,2,0,351,0,0,91,0,0,0,13,1244.0
2019-10-01,양천구,API_2017_2025,2019,10,1926.0,1244.0,,,,,,1887.0,1218.0,398944.4924566667,392023.6672233333,5925.32574,995.4995,427202.0137933333,365636.82273,374753.45848,416223.80245666666,186219.89483666664,31717.716163333334,93538.88915666666,60963.289516666664,-41470.34397666667,,,,,,,,,,,0,20,1,69,2,0,351,0,0,91,0,0,0,13,1246.0
2019-11-01,양천구,API_2017_2025,2019,11,1890.0,1246.0,,,,,,1771.0,1145.0,397992.4763016129,391224.69888064516,5764.897091935483,1002.8803483870968,430270.2639241935,358327.91928709677,368618.5196935484,418973.8738596774,186112.3596516129,30121.775901612906,94969.11565,61021.4681,-50355.354166129044,,,,,,,,,,,0,20,1,69,2,0,351,0,0,91,0,0,0,13,1182.0
2019-12-01,양천구,API_2017_2025,2019,12,1838.0,1182.0,,,,,,2047.0,1358.0,401802.8992066666,395141.86279,5719.107016666666,941.9293866666667,431522.4196833333,366074.3553333333,375524.95107666665,420572.86216,185468.94757,31239.21241,92445.77728333333,61783.95787666667,-45047.91108333333,,,,,,,,,,,0,20,1,69,2,0,351,0,0,91,0,0,0,13,1307.0
2020-01-01,양천구,API_2017_2025,2020,1,1909.0,1307.0,,,,,,1898.0,1229.0,407884.926483871,401093.6221354839,5708.013970967741,1083.2903741935486,434907.2755064516,375864.6488387097,384615.9991741936,424505.5888419355,194323.79762903225,33293.77071290323,95448.29423870968,65581.73267741935,-39889.58966774194,973736.0,639007.0,334729.0,0.3438,,660816.0,494652.0,166164.0,0.2515,,0,32,3,55,3,11,229,0,0,92,0,0,0,13,1224.0
2020-02-01,양천구,API_2017_2025,2020,2,1804.0,1224.0,,,,,,1597.0,1029.0,411598.3506548387,404227.5207580645,6159.480606451612,1211.349293548387,436273.0662,383419.9718419355,391087.2131193548,426249.16316451615,197548.64523548385,35548.622070967744,95764.27626451613,66235.7469,-35161.95004516129,973736.0,639007.0,334729.0,0.3438,,660816.0,494652.0,166164.0,0.2515,,0,32,3,55,3,11,229,0,0,92,0,0,0,13,996.0
2020-03-01,양천구,API_2017_2025,2020,3,1570.0,996.0,,,,,,1743.0,1145.0,420616.5903172414,412632.2895413793,6279.96728275862,1704.3334896551723,441044.39353448275,396256.2320448276,402218.75301724137,433757.90268275863,191842.70783793106,30684.520520689657,96624.91696896552,64533.27034827586,-31539.149665517234,973736.0,639007.0,334729.0,0.3438,,660816.0,494652.0,166164.0,0.2515,,0,32,3,55,3,11,229,0,0,92,0,0,0,13,983.0
2020-04-01,양천구,API_2017_2025,2020,4,1688.0,983.0,,,,,,1769.0,1130.0,419574.8444290323,412271.57297419355,6075.102754838709,1228.1687161290322,439609.645583871,395082.7688193548,401220.41713225807,432685.1496419355,183375.58788064515,28064.617203225807,94703.28096451613,60607.68971290322,-31464.73250967742,973736.0,639007.0,334729.0,0.3438,,660816.0,494652.0,166164.0,0.2515,,0,32,3,55,3,11,229,0,0,92,0,0,0,13,948.0
2020-05-01,양천구,API_2017_2025,2020,5,1579.0,948.0,,,,,,1925.0,1251.0,417105.85804,409232.16076666664,6038.35688,1835.3404,438823.63368666667,390344.44445666665,397489.8884766667,431117.26487333333,191471.70698,29671.014106666666,98370.46662333333,63430.22625,-33627.376396666674,973736.0,639007.0,334729.0,0.3438,,660816.0,494652.0,166164.0,0.2515,,0,32,3,55,3,11,229,0,0,92,0,0,0,13,1068.0
2020-06-01,양천구,API_2017_2025,2020,6,1797.0,1068.0,,,,,,1828.0,1174.0,410552.98141935485,403136.4442548387,5980.382732258065,1436.1544387096776,433076.23244838713,382818.7693806452,390615.64742903225,424793.93427741935,189110.72642258066,30139.20207419355,96341.54283870968,62629.98150967742,-34178.28684838709,973736.0,639007.0,334729.0,0.3438,,660816.0,494652.0,166164.0,0.2515,,0,32,3,55,3,11,229,0,0,92,0,0,0,13,1048.0
2020-07-01,양천구,API_2017_2025,2020,7,1767.0,1048.0,,,,,,2085.0,1339.0,405103.94589333335,397886.4316633333,5883.48017,1334.0340700000002,430251.0382566667,375217.21062333335,383036.5339633333,420866.38300000003,187371.57138333333,29535.88188333333,95195.41910666667,62640.27039333333,-37829.84903666667,973736.0,639007.0,334729.0,0.3438,,660816.0,494652.0,166164.0,0.2515,,0,32,3,55,3,11,229,0,0,92,0,0,0,13,1055.0
2020-08-01,양천구,API_2017_2025,2020,8,1723.0,1055.0,,,,,,2030.0,1317.0,403633.89890000003,396117.32938387094,5823.046380645162,1693.5231322580646,427803.6115967742,374425.3555548387,382338.3209064516,418845.02603548387,185348.27003870968,29856.62394516129,93422.62705806452,62069.01903548387,-36506.705129032256,973736.0,639007.0,334729.0,0.3438,,660816.0,494652.0,166164.0,0.2515,,0,32,3,55,3,11,229,0,0,92,0,0,0,13,1065.0
2020-09-01,양천구,API_2017_2025,2020,9,1872.0,1065.0,,,,,,1926.0,1244.0,399294.06116451614,392185.3625225806,5805.655409677419,1303.0432322580646,419705.5114064516,375082.69868387096,381608.63571935485,411926.5079322581,178563.36133870968,28049.141493548388,90087.37576774193,60426.84407741935,-30317.872212903214,973736.0,639007.0,334729.0,0.3438,,660816.0,494652.0,166164.0,0.2515,,0,32,3,55,3,11,229,0,0,92,0,0,0,13,970.0
2020-10-01,양천구,API_2017_2025,2020,10,1602.0,970.0,,,,,,1890.0,1246.0,400628.19737999997,393414.61308,5705.51551,1508.068803333333,422200.26620666665,374367.39042999997,381234.13956,414481.09580999997,169991.08846666667,27736.537360000002,84000.40039666666,58254.150709999994,-33246.956249999996,973736.0,639007.0,334729.0,0.3438,,660816.0,494652.0,166164.0,0.2515,,0,32,3,55,3,11,229,0,0,92,0,0,0,13,1052.0
2020-11-01,양천구,API_2017_2025,2020,11,1746.0,1052.0,,,,,,1838.0,1182.0,395827.62311290327,388752.26872580644,5655.326874193549,1420.0275161290324,417791.2122193549,367508.8503354839,376108.6802064516,409912.5823387097,173048.29822258066,29779.892390322584,81972.63524516129,61295.77058709677,-33803.90213225807,973736.0,639007.0,334729.0,0.3438,,660816.0,494652.0,166164.0,0.2515,,0,32,3,55,3,11,229,0,0,92,0,0,0,13,963.0
2020-12-01,양천구,API_2017_2025,2020,12,1575.0,963.0,,,,,,1909.0,1307.0,395443.17818,388369.42009333335,5560.477716666666,1513.2803733333335,416379.82053666667,368436.05091,376341.50867,409087.22784,173134.30744666667,29704.694843333335,81538.14349666666,61891.469106666664,-32745.719169999997,973736.0,639007.0,334729.0,0.3438,,660816.0,494652.0,166164.0,0.2515,,0,32,3,55,3,11,229,0,0,92,0,0,0,13,910.0
2021-01-01,양천구,건별집계|API_2017_2025,2021,1,1606.0,910.0,,,,,,1804.0,1224.0,400066.2171967742,393078.1153193548,5489.596158064516,1498.505735483871,418025.6786129032,377644.79232258064,383234.3742354839,412088.9621774194,159949.44812580646,27034.566335483873,77185.24355806451,55729.63823225807,-28854.587941935486,946011.0,623949.0,322062.0,0.3404,,614171.0,455373.0,158798.0,0.2586,,0,10,2,24,2,0,147,0,0,53,0,0,0,1,883.0
2021-02-01,양천구,건별집계|API_2017_2025,2021,2,1404.0,883.0,407.0,114.0,700.0,678.0,26.0,1570.0,996.0,402462.357683871,395551.7121903226,5483.506803225807,1427.1387064516127,419083.12406451616,381329.2058741935,387006.978483871,413501.91426129034,165687.5603,28405.172799999997,80505.87763870967,56776.50986129032,-26494.935777419356,946011.0,623949.0,322062.0,0.3404,,614171.0,455373.0,158798.0,0.2586,,0,10,2,24,2,0,147,0,0,53,0,0,0,1,837.0
2021-03-01,양천구,건별집계|API_2017_2025,2021,3,1353.0,837.0,430.0,86.0,642.0,697.0,14.0,1688.0,983.0,401089.735975,393495.92905,5561.885178571429,2031.921732142857,419920.10636785714,376853.80668928573,383965.97899285716,413320.99095357145,172351.15351428572,30619.493478571425,81805.91850714285,59925.74152857142,-29355.011960714288,946011.0,623949.0,322062.0,0.3404,,614171.0,455373.0,158798.0,0.2586,,0,10,2,24,2,0,147,0,0,53,0,0,0,1,903.0
2021-04-01,양천구,건별집계|API_2017_2025,2021,4,1393.0,903.0,422.0,68.0,678.0,691.0,24.0,1579.0,948.0,397941.0512677419,391287.83771935484,5416.880493548387,1236.3330612903226,419777.4620032258,369839.9396741935,377791.53612580645,412333.56210000004,164069.7267451613,28611.740796774193,77390.02447741936,58067.96147096775,-34542.02597419355,946011.0,623949.0,322062.0,0.3404,,614171.0,455373.0,158798.0,0.2586,,0,10,2,24,2,0,147,0,0,53,0,0,0,1,886.0
2021-05-01,양천구,건별집계|API_2017_2025,2021,5,1500.0,886.0,483.0,131.0,652.0,819.0,29.0,1797.0,1068.0,392538.9670866666,386126.8980666667,5305.444546666667,1106.6244766666666,416357.9369833333,363533.07464666665,371947.3457866667,407247.26800333336,171618.48452,29495.16430333333,80727.57777,61395.74244666667,-35299.922216666666,946011.0,623949.0,322062.0,0.3404,,614171.0,455373.0,158798.0,0.2586,,0,10,2,24,2,0,147,0,0,53,0,0,0,1,1056.0
2021-06-01,양천구,건별집계|API_2017_2025,2021,6,1644.0,1056.0,441.0,147.0,759.0,853.0,32.0,1767.0,1048.0,392085.7047032258,385517.5783290323,5360.729638709678,1207.3967451612903,415145.696816129,364587.55700967746,372881.69912903226,405802.8515451613,160225.74115161292,28967.867461290323,72979.07785806451,58278.79583225806,-32921.152416129036,946011.0,623949.0,322062.0,0.3404,,614171.0,455373.0,158798.0,0.2586,,0,10,2,24,2,0,147,0,0,53,0,0,0,1,1167.0
2021-07-01,양천구,건별집계|API_2017_2025,2021,7,1853.0,1167.0,472.0,214.0,881.0,920.0,52.0,1723.0,1055.0,392004.06349333335,385490.5215733333,5416.928326666666,1096.61359,415427.7775066666,363281.02890333335,371679.8520166667,406521.35742,163483.1729,29297.168943333334,74263.43911666666,59922.56484,-34841.505403333336,946011.0,623949.0,322062.0,0.3404,,614171.0,455373.0,158798.0,0.2586,,0,10,2,24,2,0,147,0,0,53,0,0,0,1,1240.0
2021-08-01,양천구,건별집계|API_2017_2025,2021,8,1910.0,1240.0,499.0,171.0,971.0,898.0,41.0,1872.0,1065.0,390393.55820322584,383380.49123548385,5472.981370967742,1540.0856129032259,411710.56317419355,365566.05032903224,372473.5728612903,403193.5477419355,155834.9407,28064.09341935484,70994.09838709676,56776.74889354839,-30719.97488064516,946011.0,623949.0,322062.0,0.3404,,614171.0,455373.0,158798.0,0.2586,,0,10,2,24,2,0,147,0,0,53,0,0,0,1,1240.0
2021-09-01,양천구,건별집계|API_2017_2025,2021,9,1878.0,1240.0,534.0,104.0,1021.0,811.0,46.0,1602.0,970.0,387056.25090645166,380174.6458483871,5355.216019354839,1526.3890580645161,407930.3680129032,362077.0128064516,369461.32007741934,399624.05866774195,153711.61661612903,26910.609051612904,71601.28438064516,55199.72318387097,-30162.73859032258,946011.0,623949.0,322062.0,0.3404,,614171.0,455373.0,158798.0,0.2586,,0,10,2,24,2,0,147,0,0,53,0,0,0,1,1210.0
2021-10-01,양천구,건별집계|API_2017_2025,2021,10,1909.0,1210.0,596.0,103.0,977.0,891.0,41.0,1746.0,1052.0,385174.1965166667,378252.31251666666,5257.1823466666665,1664.7016466666669,407723.2184033334,357914.0179466667,366611.12381333334,398433.5341533333,154747.28695666665,28480.34179,70515.12551333333,55751.81965333333,-31822.410340000002,946011.0,623949.0,322062.0,0.3404,,614171.0,455373.0,158798.0,0.2586,,0,10,2,24,2,0,147,0,0,53,0,0,0,1,1139.0
2021-11-01,양천구,건별집계|API_2017_2025,2021,11,1786.0,1139.0,533.0,114.0,897.0,849.0,40.0,1575.0,963.0,384217.9117774194,377399.50959354837,5177.545916129032,1640.856283870968,407782.13833548385,355664.2132064516,364683.64252258063,398170.96125806455,151421.10550645163,27050.36599354839,69094.04882903225,55276.69068387097,-33487.318735483874,946011.0,623949.0,322062.0,0.3404,,614171.0,455373.0,158798.0,0.2586,,0,10,2,24,2,0,147,0,0,53,0,0,0,1,1108.0
2021-12-01,양천구,건별집계|API_2017_2025,2021,12,1811.0,1108.0,619.0,84.0,995.0,725.0,91.0,1606.0,910.0,382706.76848333335,375142.56183,5068.32036,2495.8862966666666,407615.87883,353014.07093000005,361626.1228666667,397764.37251333334,156282.56106666668,28835.09329,70937.64049333334,56509.82728333333,-36138.24964666667,946011.0,623949.0,322062.0,0.3404,,614171.0,455373.0,158798.0,0.2586,,0,10,2,24,2,0,147,0,0,53,0,0,0,1,1119.0
2022-01-01,양천구,건별집계|xlsx_2022_2024,2022,1,1898.0,1119.0,656.0,123.0,1129.0,554.0,215.0,1404.0,883.0,386049.7474290322,378944.8910903226,5067.018480645162,2037.837864516129,408291.91110645165,358923.2396129032,367001.46280645166,399655.66501612903,150964.00380322582,28026.37685483871,68029.08503225807,54908.54191612903,-32654.20220967741,978694.0,654517.0,324177.0,0.3312,107012.0,700062.0,528700.0,171362.0,0.2448,132047.0,0,7,2,34,4,0,130,0,0,49,0,0,0,10,1027.0
2022-02-01,양천구,건별집계|xlsx_2022_2024,2022,2,1626.0,1027.0,497.0,102.0,842.0,734.0,50.0,1353.0,837.0,388940.73630000005,381142.587583871,5183.319567741935,2614.829158064516,409650.6914967742,364162.4366516129,371456.0493967742,401429.7983903226,154149.85002580646,29597.10986451613,68627.3904548387,55925.34970645161,-29973.748993548386,978694.0,654517.0,324177.0,0.3312,107012.0,700062.0,528700.0,171362.0,0.2448,132047.0,0,7,2,34,4,0,130,0,0,49,0,0,0,10,1059.0
2022-03-01,양천구,건별집계|xlsx_2022_2024,2022,3,1862.0,1059.0,658.0,145.0,991.0,819.0,52.0,1393.0,903.0,390365.64109642856,383032.4829178572,5194.355396428572,2138.8027964285716,410156.0778964286,367095.1327,374059.8457642857,402012.6377642857,150978.50802857144,27880.879671428575,68877.05706428572,54220.57129285714,-27952.791999999998,978694.0,654517.0,324177.0,0.3312,107012.0,700062.0,528700.0,171362.0,0.2448,132047.0,0,7,2,34,4,0,130,0,0,49,0,0,0,10,1165.0
2022-04-01,양천구,건별집계|xlsx_2022_2024,2022,4,2370.0,1165.0,1094.0,111.0,1211.0,1114.0,45.0,1500.0,886.0,385477.0505290323,379263.5260129032,5022.544109677419,1190.9804161290322,406193.2941032258,359170.13231612905,367228.4207967742,398511.7860516129,140350.4436580645,24626.6278,65245.45752258065,50478.35833548387,-31283.36525483871,978694.0,654517.0,324177.0,0.3312,107012.0,700062.0,528700.0,171362.0,0.2448,132047.0,0,7,2,34,4,0,130,0,0,49,0,0,0,10,1114.0
2022-05-01,양천구,건별집계|xlsx_2022_2024,2022,5,1876.0,1114.0,671.0,91.0,944.0,897.0,35.0,1644.0,1056.0,380456.4282166667,374398.48161333334,5001.136883333334,1056.80972,405737.75036666665,348832.9372933333,358235.2287433333,396328.71356999996,154403.44214,27319.405143333333,71124.23035666667,55959.806639999995,-38093.48482666667,978694.0,654517.0,324177.0,0.3312,107012.0,700062.0,528700.0,171362.0,0.2448,132047.0,0,7,2,34,4,0,130,0,0,49,0,0,0,10,1124.0
2022-06-01,양천구,건별집계|xlsx_2022_2024,2022,6,1798.0,1124.0,563.0,111.0,889.0,866.0,43.0,1853.0,1167.0,381469.5486064516,375180.08353548386,4960.191635483871,1329.273429032258,409617.4615870968,346791.2053322581,357157.2745419355,398835.4586483871,154622.69793225807,28045.799148387094,71513.08801290322,55063.81077096774,-41678.18410645162,978694.0,654517.0,324177.0,0.3312,107012.0,700062.0,528700.0,171362.0,0.2448,132047.0,0,7,2,34,4,0,130,0,0,49,0,0,0,10,1036.0
2022-07-01,양천구,건별집계|xlsx_2022_2024,2022,7,1685.0,1036.0,515.0,134.0,778.0,870.0,37.0,1910.0,1240.0,388613.5765533334,382287.9793533333,4979.306606666666,1346.2906033333334,415589.46865666664,355213.3007433333,365323.15958,405249.58867666667,156172.93500666667,27979.31983333333,72893.07598333334,55300.53919,-39926.42909666667,978694.0,654517.0,324177.0,0.3312,107012.0,700062.0,528700.0,171362.0,0.2448,132047.0,0,7,2,34,4,0,130,0,0,49,0,0,0,10,1245.0
2022-08-01,양천구,건별집계|xlsx_2022_2024,2022,8,1984.0,1245.0,630.0,109.0,970.0,978.0,36.0,1878.0,1240.0,377397.27965483867,371074.8929322581,4925.970122580646,1396.4166064516128,402239.04430967744,347565.3470419355,355985.5442483871,392691.3763903226,148462.4143548387,27493.022780645162,69163.47349354839,51805.91808064516,-36705.83214193548,978694.0,654517.0,324177.0,0.3312,107012.0,700062.0,528700.0,171362.0,0.2448,132047.0,0,7,2,34,4,0,130,0,0,49,0,0,0,10,1229.0
2022-09-01,양천구,건별집계|xlsx_2022_2024,2022,9,2101.0,1229.0,733.0,139.0,1054.0,1011.0,36.0,1909.0,1210.0,370645.1306064516,364495.1898322581,4842.293164516129,1307.6476193548385,394778.1021870968,341083.32150645164,349478.5284258065,385764.13217096776,147147.47031612904,25997.777103225806,70121.59005483871,51028.103158064514,-36285.60374516129,978694.0,654517.0,324177.0,0.3312,107012.0,700062.0,528700.0,171362.0,0.2448,132047.0,0,7,2,34,4,0,130,0,0,49,0,0,0,10,1120.0
2022-10-01,양천구,건별집계|xlsx_2022_2024,2022,10,1830.0,1120.0,594.0,116.0,873.0,934.0,23.0,1786.0,1139.0,364838.2743733333,359127.31407,4708.672390000001,1002.2879200000001,391832.87813,330398.80350000004,340826.16918666667,381989.77807999996,145249.99714333334,26532.45705,68050.32016333334,50667.21993,-41163.60889333333,978694.0,654517.0,324177.0,0.3312,107012.0,700062.0,528700.0,171362.0,0.2448,132047.0,0,7,2,34,4,0,130,0,0,49,0,0,0,10,1024.0
2022-11-01,양천구,건별집계|xlsx_2022_2024,2022,11,1597.0,1024.0,487.0,86.0,773.0,802.0,22.0,1811.0,1108.0,365060.0361516129,359311.0182967742,4651.701809677419,1097.3160677419355,391783.4334612903,330420.32620967744,341084.3076225806,382185.55653548386,141645.91928387096,25027.84056451613,65711.11372580646,50906.96499354838,-41101.248912903226,978694.0,654517.0,324177.0,0.3312,107012.0,700062.0,528700.0,171362.0,0.2448,132047.0,0,7,2,34,4,0,130,0,0,49,0,0,0,10,1128.0
2022-12-01,양천구,건별집계|xlsx_2022_2024,2022,12,1760.0,1128.0,533.0,99.0,887.0,843.0,30.0,1898.0,1119.0,365274.37409999996,359722.2363733333,4626.53415,925.6035800000001,391625.78639333334,330259.02350333333,340648.92764,382863.9787166667,150221.31127333333,26049.500466666665,71552.50365666667,52619.30715,-42215.05107666667,978694.0,654517.0,324177.0,0.3312,107012.0,700062.0,528700.0,171362.0,0.2448,132047.0,0,7,2,34,4,0,130,0,0,49,0,0,0,10,1154.0
2017-01-01,영등포구,API_2017_2025,2017,1,,,,,,,,,,,,,,,,,,,,,,,,,,,,,,,,,6,104,9,180,0,329,511,0,0,290,0,0,0,66,1230.0
2017-02-01,영등포구,API_2017_2025,2017,2,2063.0,1230.0,,,,,,,,,,,,,,,,,,,,,,,,,,,,,,,6,104,9,180,0,329,511,0,0,290,0,0,0,66,1010.0
2017-03-01,영등포구,API_2017_2025,2017,3,1699.0,1010.0,,,,,,,,,,,,,,,,,,,,,,,,,,,,,,,6,104,9,180,0,329,511,0,0,290,0,0,0,66,1133.0
2017-04-01,영등포구,API_2017_2025,2017,4,1985.0,1133.0,,,,,,,,,,,,,,,,,,,,,,,,,,,,,,,6,104,9,180,0,329,511,0,0,290,0,0,0,66,1215.0
2017-05-01,영등포구,API_2017_2025,2017,5,2151.0,1215.0,,,,,,,,,,,,,,,,,,,,,,,,,,,,,,,6,104,9,180,0,329,511,0,0,290,0,0,0,66,1291.0
2017-06-01,영등포구,API_2017_2025,2017,6,2203.0,1291.0,,,,,,,,,,,,,,,,,,,,,,,,,,,,,,,6,104,9,180,0,329,511,0,0,290,0,0,0,66,1219.0
2017-07-01,영등포구,API_2017_2025,2017,7,2189.0,1219.0,,,,,,,,,,,,,,,,,,,,,,,,,,,,,,,6,104,9,180,0,329,511,0,0,290,0,0,0,66,1379.0
2017-08-01,영등포구,API_2017_2025,2017,8,2355.0,1379.0,,,,,,,,,,,,,,,,,,,,,,,,,,,,,,,6,104,9,180,0,329,511,0,0,290,0,0,0,66,1282.0
2017-09-01,영등포구,API_2017_2025,2017,9,2302.0,1282.0,,,,,,,,,,,,,,,,,,,,,,,,,,,,,,,6,104,9,180,0,329,511,0,0,290,0,0,0,66,1312.0
2017-10-01,영등포구,API_2017_2025,2017,10,2276.0,1312.0,,,,,,,,,,,,,,,,,,,,,,,,,,,,,,,6,104,9,180,0,329,511,0,0,290,0,0,0,66,1255.0
2017-11-01,영등포구,API_2017_2025,2017,11,2224.0,1255.0,,,,,,,,,,,,,,,,,,,,,,,,,,,,,,,6,104,9,180,0,329,511,0,0,290,0,0,0,66,1182.0
2017-12-01,영등포구,API_2017_2025,2017,12,2066.0,1182.0,,,,,,,,,,,,,,,,,,,,,,,,,,,,,,,6,104,9,180,0,329,511,0,0,290,0,0,0,66,1399.0
2018-01-01,영등포구,API_2017_2025,2018,1,2419.0,1399.0,,,,,,2063.0,1230.0,,,,,,,,,,,,,,,,,,,,,,,,0,186,13,341,0,274,376,0,0,327,0,0,0,134,1378.0
2018-02-01,영등포구,API_2017_2025,2018,2,2352.0,1378.0,,,,,,1699.0,1010.0,,,,,,,,,,,,,,,,,,,,,,,,0,186,13,341,0,274,376,0,0,327,0,0,0,134,1120.0
2018-03-01,영등포구,API_2017_2025,2018,3,1980.0,1120.0,,,,,,1985.0,1133.0,,,,,,,,,,,,,,,,,,,,,,,,0,186,13,341,0,274,376,0,0,327,0,0,0,134,1198.0
2018-04-01,영등포구,API_2017_2025,2018,4,2130.0,1198.0,,,,,,2151.0,1215.0,,,,,,,,,,,,,,,,,,,,,,,,0,186,13,341,0,274,376,0,0,327,0,0,0,134,1259.0
2018-05-01,영등포구,API_2017_2025,2018,5,2165.0,1259.0,,,,,,2203.0,1291.0,538299.1544384615,494548.2290961538,36120.81291153846,7630.112434615385,607916.04705,469262.2317961538,593218.4590230769,499071.07974615385,386105.42694230773,102117.31151538462,101575.0963,182413.01912692309,94147.37927692308,,,,,,,,,,,0,186,13,341,0,274,376,0,0,327,0,0,0,134,1359.0
2018-06-01,영등포구,API_2017_2025,2018,6,2285.0,1359.0,,,,,,2189.0,1219.0,529869.5043193548,486041.8953483871,36210.786222580646,7616.822735483871,592221.5192419356,464066.49047741934,579917.6709193549,492845.9888258065,364742.10936129035,95563.90272903226,97135.95647096774,172042.2501612903,87071.6820935484,,,,,,,,,,,0,186,13,341,0,274,376,0,0,327,0,0,0,134,1271.0
2018-07-01,영등포구,API_2017_2025,2018,7,2146.0,1271.0,,,,,,2355.0,1379.0,527120.73425,485335.09109666664,36273.35400666667,5512.289153333333,588170.7940066666,463746.9078666667,576438.51887,491893.7452366667,344269.91074333334,91445.24098,89920.94164666667,162903.7281166667,84544.77363333333,,,,,,,,,,,0,186,13,341,0,274,376,0,0,327,0,0,0,134,1393.0
2018-08-01,영등포구,API_2017_2025,2018,8,2358.0,1393.0,,,,,,2302.0,1282.0,538093.4652483871,492169.1804,39015.658764516134,6908.626093548387,606646.747083871,467881.39117419353,593912.7342516129,498222.55883225804,355404.2713903226,96944.60567419355,88033.28141612903,170426.3843,95690.17541935484,,,,,,,,,,,0,186,13,341,0,274,376,0,0,327,0,0,0,134,1496.0
2018-09-01,영등포구,API_2017_2025,2018,9,2526.0,1496.0,,,,,,2276.0,1312.0,531179.5706677419,485021.4396096774,39250.08169032258,6908.049370967742,597773.7319354839,463379.663583871,584968.8313193548,491609.59940645157,363884.4004129033,95402.72866451612,95459.45886129033,173022.21288709677,93359.23191290321,,,,,,,,,,,0,186,13,341,0,274,376,0,0,327,0,0,0,134,1254.0
2018-10-01,영등포구,API_2017_2025,2018,10,2260.0,1254.0,,,,,,2224.0,1255.0,517515.10451,473026.5631333333,37791.37742333333,6697.163963333333,577989.93251,456360.12224,564586.2019100001,483892.8921033333,340897.98233333335,90825.97331666667,91280.73481000001,158791.27420666668,80693.30980666666,,,,,,,,,,,0,186,13,341,0,274,376,0,0,327,0,0,0,134,1232.0
2018-11-01,영등포구,API_2017_2025,2018,11,2129.0,1232.0,,,,,,2066.0,1182.0,530244.8080903227,485982.51453548385,36418.1018483871,7844.191712903226,599089.4752612903,463531.79635483876,582815.5156258064,491566.11011612904,356330.7638677419,97318.28466451613,90127.17927419355,168885.29992903225,91249.4055096774,,,,,,,,,,,0,186,13,341,0,274,376,0,0,327,0,0,0,134,1210.0
2018-12-01,영등포구,API_2017_2025,2018,12,2049.0,1210.0,,,,,,2419.0,1399.0,542113.2742633333,497633.94521333335,35885.15942,8594.169636666667,615679.4289200001,465246.5433833333,599280.55893,501279.49949666666,381729.49514,105245.19619333332,92795.13010666666,183689.16884,98001.05943333333,,,,,,,,,,,0,186,13,341,0,274,376,0,0,327,0,0,0,134,1326.0
2019-01-01,영등포구,API_2017_2025,2019,1,2296.0,1326.0,,,,,,2352.0,1378.0,532616.9875387097,486376.04047741933,38160.83649354839,8080.110583870967,601379.0727129031,466270.3896935484,586619.5816709677,494043.70601935487,351304.6396419355,97017.1979967742,87954.29326774193,166333.14837741936,92575.8756516129,,,,,,,,,,,0,102,8,305,0,364,511,0,0,292,0,0,0,72,1165.0
2019-02-01,영등포구,API_2017_2025,2019,2,2044.0,1165.0,,,,,,1980.0,1120.0,535128.1031419354,486648.80578064517,40731.44123548387,7747.85614516129,603436.0641032258,468620.47615483875,590834.3074580645,495337.9572225807,371493.85886451614,100693.65479032259,95029.17950322581,175771.02457096774,95496.35023548389,,,,,,,,,,,0,102,8,305,0,364,511,0,0,292,0,0,0,72,1001.0
2019-03-01,영등포구,API_2017_2025,2019,3,1808.0,1001.0,,,,,,2130.0,1198.0,514923.289275,463268.73321785714,43622.711871428575,8031.8441892857145,576417.13815,455418.7786285714,562891.1202964286,480660.5528392857,347417.16505357146,94396.90925357143,93211.63434285714,159808.62145714284,82230.56745714285,,,,,,,,,,,0,102,8,305,0,364,511,0,0,292,0,0,0,72,1190.0
2019-04-01,영등포구,API_2017_2025,2019,4,2046.0,1190.0,,,,,,2165.0,1259.0,522289.40127096773,476122.18349677423,39058.01056129033,7109.207212903226,584106.0706612903,462812.71078387095,571982.2707129032,486794.49452258064,331199.87531290326,88884.15090645161,86395.68726129032,155920.03714516127,85187.77619032258,,,,,,,,,,,0,102,8,305,0,364,511,0,0,292,0,0,0,72,1230.0
2019-05-01,영등포구,API_2017_2025,2019,5,2174.0,1230.0,,,,,,2285.0,1359.0,520714.50210000004,475694.5957266667,37676.88008333334,7343.0262999999995,588213.0604200001,456700.5074633333,573499.13103,483011.1957166667,371618.25899666664,99669.06570666666,94723.12653666666,177226.06675333335,90487.93531333334,,,,,,,,,,,0,102,8,305,0,364,511,0,0,292,0,0,0,72,1291.0
2019-06-01,영등포구,API_2017_2025,2019,6,2339.0,1291.0,,,,,,2146.0,1271.0,498893.54051612905,455878.1501483871,36144.5045516129,6870.885841935485,557875.9353677419,440039.02399032254,546374.9043741935,464978.28062903223,330387.05122258066,88131.34168387097,86460.05971612904,155795.64982258066,81396.62374516128,,,,,,,,,,,0,102,8,305,0,364,511,0,0,292,0,0,0,72,1254.0
2019-07-01,영등포구,API_2017_2025,2019,7,2146.0,1254.0,,,,,,2358.0,1393.0,494780.92723,452252.4075,35783.338436666665,6745.1813133333335,552781.3249733333,437825.04611000005,541180.84733,461638.1271766667,316834.22913666663,84188.86104999999,84019.08895,148626.27913666665,79542.72015333334,,,,,,,,,,,0,102,8,305,0,364,511,0,0,292,0,0,0,72,1370.0
2019-08-01,영등포구,API_2017_2025,2019,8,2419.0,1370.0,,,,,,2526.0,1496.0,503127.0128387097,458408.01282580645,37795.2232032258,6923.776819354838,568507.4895193548,438271.26980645163,556843.2327580645,464758.2843354839,315299.88449354836,86499.0027,78665.2465483871,150135.63524516128,92084.94842258064,,,,,,,,,,,0,102,8,305,0,364,511,0,0,292,0,0,0,72,1312.0
2019-09-01,영등포구,API_2017_2025,2019,9,2363.0,1312.0,,,,,,2260.0,1254.0,521883.2496580645,475629.5685580645,39428.30536451613,6825.375741935484,584726.4635483872,460339.11547741934,571481.0674290323,486456.236967742,329061.4907903226,90004.6988548387,82894.14843225807,156162.6435032258,85024.83046129033,,,,,,,,,,,0,102,8,305,0,364,511,0,0,292,0,0,0,72,1281.0
2019-10-01,영등포구,API_2017_2025,2019,10,2291.0,1281.0,,,,,,2129.0,1232.0,512487.74346333335,468462.86036333337,37139.57413,6885.308973333334,572902.8319333333,452767.75339,560386.2616966667,478274.51614333334,337252.3959666667,92183.72952000001,86495.98875666667,158572.67768999998,82111.74555333334,,,,,,,,,,,0,102,8,305,0,364,511,0,0,292,0,0,0,72,1230.0
2019-11-01,영등포구,API_2017_2025,2019,11,2282.0,1230.0,,,,,,2049.0,1210.0,524711.2634064516,482927.2146741935,33845.926337096775,7938.12239516129,597516.5814032258,455425.61912903225,581076.896932258,484450.0966145161,364479.06554838707,100220.15293064517,89410.68694193549,174848.22567580646,96626.80031774192,,,,,,,,,,,0,102,8,305,0,364,511,0,0,292,0,0,0,72,1140.0
2019-12-01,영등포구,API_2017_2025,2019,12,2102.0,1140.0,,,,,,2296.0,1326.0,515035.30609333335,474041.07247333333,33185.27018666667,7808.963423333334,582397.9325333333,451736.18687333335,568254.8176433333,477021.36926999997,347498.77668333333,98182.00178333333,86128.87559333333,163187.89930666666,91233.44837333333,,,,,,,,,,,0,102,8,305,0,364,511,0,0,292,0,0,0,72,1237.0
2020-01-01,영등포구,API_2017_2025,2020,1,2153.0,1237.0,,,,,,2044.0,1165.0,517083.2096967742,475573.1198096774,34310.449574193546,7199.6403193548385,585752.3504806452,452317.72521612904,571051.8733193548,478534.1642548387,361600.9899064516,101401.71246129033,90279.22193870968,169920.05550645164,92517.70906451612,1001675.0,746195.0,255480.0,0.2551,,1673132.0,1241574.0,431558.0,0.2579,,0,172,0,412,0,506,430,0,0,272,0,0,1,107,1178.0
2020-02-01,영등포구,API_2017_2025,2020,2,2059.0,1178.0,,,,,,1808.0,1001.0,512952.41615483875,466569.37692903227,38088.43274516129,8294.606496774193,577077.5257935484,450126.6606451613,564751.0117419355,475953.41932903224,350542.2027451613,96964.51640967742,89984.77207741936,163592.91425806453,88797.59241290322,1001675.0,746195.0,255480.0,0.2551,,1673132.0,1241574.0,431558.0,0.2579,,0,172,0,412,0,506,430,0,0,272,0,0,1,107,889.0
2020-03-01,영등포구,API_2017_2025,2020,3,1637.0,889.0,,,,,,2046.0,1190.0,515475.0019172414,469596.3007862069,37423.849520689655,8454.851620689657,577236.7346344828,454901.2996862069,567324.6490689656,478439.5396724138,337341.7563862069,87951.85095517241,90134.67127241379,159255.23415862067,88885.10939655172,1001675.0,746195.0,255480.0,0.2551,,1673132.0,1241574.0,431558.0,0.2579,,0,172,0,412,0,506,430,0,0,272,0,0,1,107,781.0
2020-04-01,영등포구,API_2017_2025,2020,4,1572.0,781.0,,,,,,2174.0,1230.0,500914.71188709675,459198.9022129032,36232.445509677425,5483.364174193549,556295.2392612904,448252.49695161293,545882.0503741936,468795.18439999997,312260.4478935484,76534.43624516128,89868.57389032257,145857.43775806454,77086.86597419354,1001675.0,746195.0,255480.0,0.2551,,1673132.0,1241574.0,431558.0,0.2579,,0,172,0,412,0,506,430,0,0,272,0,0,1,107,898.0
2020-05-01,영등포구,API_2017_2025,2020,5,1747.0,898.0,,,,,,2339.0,1291.0,496452.40562000003,456637.97245999996,35579.65018333333,4234.782986666667,549797.1310766666,445191.77109999995,539603.0714266667,465630.50146,325458.6098133334,81259.47080333334,94442.81227666668,149756.32673333335,73972.56996666666,1001675.0,746195.0,255480.0,0.2551,,1673132.0,1241574.0,431558.0,0.2579,,0,172,0,412,0,506,430,0,0,272,0,0,1,107,977.0
2020-06-01,영등포구,API_2017_2025,2020,6,2049.0,977.0,,,,,,2146.0,1254.0,493737.5900677419,454377.04856774193,35418.15311290322,3942.3883967741936,547006.1592032259,441409.5402096774,536784.1516322581,462990.0461129032,320165.7003419355,82631.11499032257,90748.09942903226,146786.48592258064,73794.10551935484,1001675.0,746195.0,255480.0,0.2551,,1673132.0,1241574.0,431558.0,0.2579,,0,172,0,412,0,506,430,0,0,272,0,0,1,107,906.0
2020-07-01,영등포구,API_2017_2025,2020,7,2042.0,906.0,,,,,,2419.0,1370.0,499251.0152766667,459732.58584666665,34892.70493666667,4625.724516666667,555644.70921,442569.45794666663,545869.76388,465951.9091366667,333231.49598,86178.90727333333,92171.83847333332,154880.75023333335,79917.85474333333,1001675.0,746195.0,255480.0,0.2551,,1673132.0,1241574.0,431558.0,0.2579,,0,172,0,412,0,506,430,0,0,272,0,0,1,107,951.0
2020-08-01,영등포구,API_2017_2025,2020,8,2140.0,951.0,,,,,,2363.0,1312.0,506433.581216129,463592.1346483871,35863.101977419356,6978.344619354839,564075.8487419354,448074.3370032258,554208.9330903225,472308.3298935484,332315.06212258065,86742.81112903226,89627.4180419355,155944.8329516129,81900.60319677419,1001675.0,746195.0,255480.0,0.2551,,1673132.0,1241574.0,431558.0,0.2579,,0,172,0,412,0,506,430,0,0,272,0,0,1,107,877.0
2020-09-01,영등포구,API_2017_2025,2020,9,2165.0,877.0,,,,,,2291.0,1281.0,491890.0741935484,449599.7031129032,36229.121574193545,6061.249503225807,541370.4922838709,444470.01777741936,531777.6253193548,463398.96625161293,308249.09182903223,77718.63381290324,90231.9088483871,140298.54916774193,68378.65906774194,1001675.0,746195.0,255480.0,0.2551,,1673132.0,1241574.0,431558.0,0.2579,,0,172,0,412,0,506,430,0,0,272,0,0,1,107,826.0
2020-10-01,영등포구,API_2017_2025,2020,10,1924.0,826.0,,,,,,2282.0,1230.0,490906.3709766667,450815.28059333336,34805.664293333335,5285.426093333333,540639.3206533333,443414.8350533333,531141.4828466667,462167.00535,307637.9797533333,75937.95480333334,91581.11797666666,140118.90697333336,68974.47749666666,1001675.0,746195.0,255480.0,0.2551,,1673132.0,1241574.0,431558.0,0.2579,,0,172,0,412,0,506,430,0,0,272,0,0,1,107,919.0
2020-11-01,영등포구,API_2017_2025,2020,11,1959.0,919.0,,,,,,2102.0,1140.0,489826.0484032258,448746.69714516134,35097.49536129033,5981.8559,538909.2665903226,442928.26307419356,528947.5718064517,461882.1031225807,317923.2253741936,82412.71282903226,91978.17322580646,143532.33931935483,67065.46868387097,1001675.0,746195.0,255480.0,0.2551,,1673132.0,1241574.0,431558.0,0.2579,,0,172,0,412,0,506,430,0,0,272,0,0,1,107,912.0
2020-12-01,영등포구,API_2017_2025,2020,12,1935.0,912.0,,,,,,2153.0,1237.0,494480.4103733333,454649.37225333333,34345.31561333333,5485.722519999999,547190.0365333332,444487.05902,538153.8992366666,463285.0612066667,325330.68025000003,85159.97245,92016.16803,148154.53977,74868.83803,1001675.0,746195.0,255480.0,0.2551,,1673132.0,1241574.0,431558.0,0.2579,,0,172,0,412,0,506,430,0,0,272,0,0,1,107,804.0
2021-01-01,영등포구,건별집계|API_2017_2025,2021,1,1784.0,804.0,,,,,,2059.0,1178.0,485802.84421935485,446077.10632258066,34312.305822580645,5413.4320677419355,534784.5552129032,441878.3051322581,525789.8883516128,457240.6698322581,292439.75599677424,72482.28014516129,87957.02907096775,132000.44678064517,68549.21851935484,939522.0,692646.0,246876.0,0.2628,,1554607.0,1161879.0,392728.0,0.2526,,3,43,2,235,0,422,308,0,0,166,0,0,0,20,907.0
2021-02-01,영등포구,건별집계|API_2017_2025,2021,2,1829.0,907.0,745.0,177.0,632.0,1172.0,25.0,1637.0,889.0,489512.65634193545,448005.7200516129,36212.47027741935,5294.466019354839,538832.1948193548,444941.53292258066,529707.6769548387,460801.9273483871,295314.0714354839,75264.73962258064,86038.60638387097,134010.72542903226,68905.7496064516,939522.0,692646.0,246876.0,0.2628,,1554607.0,1161879.0,392728.0,0.2526,,3,43,2,235,0,422,308,0,0,166,0,0,0,20,892.0
2021-03-01,영등포구,건별집계|API_2017_2025,2021,3,1761.0,892.0,699.0,170.0,654.0,1085.0,22.0,1572.0,781.0,497549.04495714285,452970.30723214283,36977.24288571429,7601.494839285714,551781.5793607143,447941.925925,540481.4388142857,466883.0493392857,313351.5725214286,82766.15132142858,85996.87123214286,144588.54996785714,73598.38947499999,939522.0,692646.0,246876.0,0.2628,,1554607.0,1161879.0,392728.0,0.2526,,3,43,2,235,0,422,308,0,0,166,0,0,0,20,970.0
2021-04-01,영등포구,건별집계|API_2017_2025,2021,4,2027.0,970.0,905.0,152.0,715.0,1282.0,30.0,1747.0,898.0,509280.016532258,468097.0282967742,36097.91878387097,5085.069448387097,571803.137316129,452945.7471290323,558813.9970967742,473898.60185806453,332282.47409354843,88025.81098064515,89544.74780645162,154711.9153064516,84915.39523870968,939522.0,692646.0,246876.0,0.2628,,1554607.0,1161879.0,392728.0,0.2526,,3,43,2,235,0,422,308,0,0,166,0,0,0,20,1014.0
2021-05-01,영등포구,건별집계|API_2017_2025,2021,5,2038.0,1014.0,847.0,177.0,691.0,1303.0,44.0,2049.0,977.0,505703.57269666664,465161.67165,35919.45504666667,4622.446006666667,565484.2104866666,450690.29258,553502.7548633333,471561.29971666663,350072.19440333336,90336.14199333334,98865.09023666667,160870.96217333333,81941.45514666666,939522.0,692646.0,246876.0,0.2628,,1554607.0,1161879.0,392728.0,0.2526,,3,43,2,235,0,422,308,0,0,166,0,0,0,20,1160.0
2021-06-01,영등포구,건별집계|API_2017_2025,2021,6,2309.0,1160.0,898.0,251.0,807.0,1460.0,42.0,2042.0,906.0,498951.5647290323,457229.51905161294,36770.63664193548,4951.409038709678,554291.2595,448386.83838387096,541784.7919935484,468356.40240967745,327087.15119354834,85013.51663870968,96203.2734483871,145870.3611064516,73428.38958387096,939522.0,692646.0,246876.0,0.2628,,1554607.0,1161879.0,392728.0,0.2526,,3,43,2,235,0,422,308,0,0,166,0,0,0,20,1244.0
2021-07-01,영등포구,건별집계|API_2017_2025,2021,7,2509.0,1244.0,956.0,309.0,912.0,1533.0,64.0,2140.0,951.0,506660.91311,464960.55315666663,37035.20648666667,4665.153466666667,565064.7649966667,451596.11700333335,553432.9092066666,473252.34446,342630.11333666666,90067.42803333333,97475.17229666667,155087.51300666668,80180.56474666667,939522.0,692646.0,246876.0,0.2628,,1554607.0,1161879.0,392728.0,0.2526,,3,43,2,235,0,422,308,0,0,166,0,0,0,20,1263.0
2021-08-01,영등포구,건별집계|API_2017_2025,2021,8,2554.0,1263.0,973.0,318.0,953.0,1522.0,79.0,2165.0,877.0,496101.19902580645,453539.03377741936,37734.34142258065,4827.823829032258,545677.0558129032,449684.593216129,536148.8565451612,467495.72937741934,313113.33941935486,78758.35508709677,95310.93998709678,139044.04434516127,68653.12716774194,939522.0,692646.0,246876.0,0.2628,,1554607.0,1161879.0,392728.0,0.2526,,3,43,2,235,0,422,308,0,0,166,0,0,0,20,1310.0
2021-09-01,영등포구,건별집계|API_2017_2025,2021,9,2430.0,1310.0,911.0,209.0,1033.0,1354.0,43.0,1924.0,826.0,492847.65573225805,449769.83441935485,38931.719296774194,4146.102003225807,542469.6677935484,447551.14779354836,531767.7433387097,465047.5931516129,308321.32367741934,77533.69349032258,94209.45165806451,136578.17852903227,66720.15018709678,939522.0,692646.0,246876.0,0.2628,,1554607.0,1161879.0,392728.0,0.2526,,3,43,2,235,0,422,308,0,0,166,0,0,0,20,1367.0
2021-10-01,영등포구,건별집계|API_2017_2025,2021,10,2582.0,1367.0,1021.0,194.0,1042.0,1486.0,54.0,1959.0,919.0,493454.7915966667,449171.5269733333,39615.74589333333,4667.518743333333,543235.0743733334,447439.6587533333,531489.5539766666,466287.10417999997,309832.34533999994,79768.34663333333,92587.97309333333,137476.02561333333,65202.44979666665,939522.0,692646.0,246876.0,0.2628,,1554607.0,1161879.0,392728.0,0.2526,,3,43,2,235,0,422,308,0,0,166,0,0,0,20,1262.0
2021-11-01,영등포구,건별집계|API_2017_2025,2021,11,2386.0,1262.0,921.0,203.0,968.0,1373.0,45.0,1935.0,912.0,499240.1153483871,454817.85163548385,38946.12275483871,5476.140970967742,548775.8458,452715.3227935484,537714.8755225807,471758.14380645164,312618.2697225807,80847.48576451612,92894.57420322581,138876.2097548387,65956.73171612903,939522.0,692646.0,246876.0,0.2628,,1554607.0,1161879.0,392728.0,0.2526,,3,43,2,235,0,422,308,0,0,166,0,0,0,20,1263.0
2021-12-01,영등포구,건별집계|API_2017_2025,2021,12,2607.0,1263.0,1106.0,238.0,1127.0,1266.0,214.0,1784.0,804.0,512850.5528333334,466980.64261333336,38879.388249999996,6990.521989999999,570656.9223033334,458475.0084933333,559469.8166933333,479551.07866666664,341613.68022000004,91871.93478,94364.89029,155376.85515000002,79918.73802666667,939522.0,692646.0,246876.0,0.2628,,1554607.0,1161879.0,392728.0,0.2526,,3,43,2,235,0,422,308,0,0,166,0,0,0,20,1099.0
2022-01-01,영등포구,건별집계|xlsx_2022_2024,2022,1,2350.0,1099.0,1060.0,191.0,1123.0,889.0,338.0,1829.0,907.0,511870.1577548387,467473.10716129036,39307.30668064516,5089.74390967742,570246.5847,458883.45113225805,558907.8546096773,478271.80287741934,328404.75481612905,86578.31686129032,91702.06753870969,150124.37041612904,80636.05173225807,1008644.0,740027.0,268617.0,0.2663,105341.0,1558273.0,1164696.0,393577.0,0.2526,179164.0,0,44,2,127,0,693,337,0,0,172,0,0,0,29,1156.0
2022-02-01,영등포구,건별집계|xlsx_2022_2024,2022,2,2205.0,1156.0,849.0,200.0,894.0,1215.0,96.0,1761.0,892.0,508979.77703548386,462799.87062903226,41378.239535483866,4801.666870967742,566567.0899322581,457570.7680096774,554575.2982225806,476411.5476225806,327069.78286451614,87376.90529677419,92813.60437096775,146879.27319677421,78163.7506,1008644.0,740027.0,268617.0,0.2663,105341.0,1558273.0,1164696.0,393577.0,0.2526,179164.0,0,44,2,127,0,693,337,0,0,172,0,0,0,29,1120.0
2022-03-01,영등포구,건별집계|xlsx_2022_2024,2022,3,2230.0,1120.0,947.0,163.0,1026.0,1074.0,130.0,2027.0,970.0,507565.57156428567,461518.5467642857,41112.04469642857,4934.980103571428,561155.6873250001,459799.24997142854,549551.0522571428,477575.9425107143,316462.92586428573,81797.66932142856,94021.91443571428,140643.34210714285,71975.10974642857,1008644.0,740027.0,268617.0,0.2663,105341.0,1558273.0,1164696.0,393577.0,0.2526,179164.0,0,44,2,127,0,693,337,0,0,172,0,0,0,29,1218.0
2022-04-01,영등포구,건별집계|xlsx_2022_2024,2022,4,2927.0,1218.0,1530.0,179.0,1278.0,1563.0,86.0,2038.0,1014.0,506837.5943064516,463129.0917419355,39863.21163548387,3845.290922580645,557575.5046096775,460768.8726903226,546672.6940129033,478383.9516419355,303644.54141612904,77147.15988064517,90949.28007419355,135548.10146129032,68288.74237096775,1008644.0,740027.0,268617.0,0.2663,105341.0,1558273.0,1164696.0,393577.0,0.2526,179164.0,0,44,2,127,0,693,337,0,0,172,0,0,0,29,1266.0
2022-05-01,영등포구,건별집계|xlsx_2022_2024,2022,5,2609.0,1266.0,1144.0,199.0,1027.0,1501.0,81.0,2309.0,1160.0,514705.2966366667,470440.38215333334,39170.255886666666,5094.658613333333,578365.1635066667,456719.7991033333,562720.2083533333,480408.93113000004,348890.4704833333,93796.6139,96791.91960666668,158301.93697666665,82311.27722333332,1008644.0,740027.0,268617.0,0.2663,105341.0,1558273.0,1164696.0,393577.0,0.2526,179164.0,0,44,2,127,0,693,337,0,0,172,0,0,0,29,1384.0
2022-06-01,영등포구,건별집계|xlsx_2022_2024,2022,6,2613.0,1384.0,1012.0,217.0,991.0,1545.0,77.0,2509.0,1244.0,522174.68831935484,476960.439632258,39421.552809677414,5792.6958774193545,583472.1767677419,463274.0151967742,569571.3804225806,488319.9082580645,348321.53402580647,96132.4202451613,94475.93155806452,157713.18222258065,81251.47216451615,1008644.0,740027.0,268617.0,0.2663,105341.0,1558273.0,1164696.0,393577.0,0.2526,179164.0,0,44,2,127,0,693,337,0,0,172,0,0,0,29,1248.0
2022-07-01,영등포구,건별집계|xlsx_2022_2024,2022,7,2438.0,1248.0,992.0,198.0,932.0,1435.0,71.0,2554.0,1263.0,526967.1161333334,480431.16795,40171.32419,6364.624003333333,589957.1509333333,468644.88076666667,575055.74067,492618.0985966667,346746.72744,94492.55571333334,95199.52655666666,157054.64517,82437.64207333334,1008644.0,740027.0,268617.0,0.2663,105341.0,1558273.0,1164696.0,393577.0,0.2526,179164.0,0,44,2,127,0,693,337,0,0,172,0,0,0,29,1321.0
2022-08-01,영등포구,건별집계|xlsx_2022_2024,2022,8,2638.0,1321.0,1114.0,203.0,1049.0,1513.0,76.0,2430.0,1310.0,520533.22443225805,472876.39496451616,40381.68299677419,7275.146470967742,583719.9270903225,460581.79923548386,569548.6501677419,485522.20605806453,336190.3640419355,93038.81345483872,90751.88153548387,152399.6690516129,84026.44410967742,1008644.0,740027.0,268617.0,0.2663,105341.0,1558273.0,1164696.0,393577.0,0.2526,179164.0,0,44,2,127,0,693,337,0,0,172,0,0,0,29,1378.0
2022-09-01,영등포구,건별집계|xlsx_2022_2024,2022,9,2781.0,1378.0,1234.0,169.0,1164.0,1544.0,73.0,2582.0,1367.0,516422.6870387097,468018.9386935484,40998.073832258066,7405.674503225806,579365.8961096774,457343.0858419355,565178.7456580646,481596.93087096774,336206.3906516129,92371.23072580645,91120.03543548386,152715.12449032257,83581.81478709678,1008644.0,740027.0,268617.0,0.2663,105341.0,1558273.0,1164696.0,393577.0,0.2526,179164.0,0,44,2,127,0,693,337,0,0,172,0,0,0,29,1306.0
2022-10-01,영등포구,건별집계|xlsx_2022_2024,2022,10,2618.0,1306.0,1113.0,199.0,996.0,1574.0,48.0,2386.0,1262.0,510974.97646,464257.38315999997,40206.41208,6511.181223333333,569572.65782,453963.7335833333,556325.3589333333,478581.84613,332505.73617000005,92433.90039000001,89640.38874666666,150431.44703333333,77743.51280333333,1008644.0,740027.0,268617.0,0.2663,105341.0,1558273.0,1164696.0,393577.0,0.2526,179164.0,0,44,2,127,0,693,337,0,0,172,0,0,0,29,1224.0
2022-11-01,영등포구,건별집계|xlsx_2022_2024,2022,11,2173.0,1224.0,810.0,139.0,911.0,1223.0,39.0,2607.0,1263.0,515777.2601677419,467122.2744774193,39688.50589677419,8966.479796774194,579571.0225580644,461346.71578709676,559459.0463387098,484575.98433225806,332646.3961419355,94361.76665483872,90320.25922580644,147964.3702612903,74883.06200645163,1008644.0,740027.0,268617.0,0.2663,105341.0,1558273.0,1164696.0,393577.0,0.2526,179164.0,0,44,2,127,0,693,337,0,0,172,0,0,0,29,1260.0
2022-12-01,영등포구,건별집계|xlsx_2022_2024,2022,12,2333.0,1260.0,889.0,184.0,921.0,1374.0,38.0,2350.0,1099.0,518725.18284666666,471995.9807666667,38590.928686666666,8138.273396666667,584162.8868033333,459707.08662333334,569565.3739066666,482410.76066333335,349366.04397,98834.50243333333,92482.64492333333,158048.89661333335,87154.61324333334,1008644.0,740027.0,268617.0,0.2663,105341.0,1558273.0,1164696.0,393577.0,0.2526,179164.0,0,44,2,127,0,693,337,0,0,172,0,0,0,29,1430.0
2017-01-01,용산구,API_2017_2025,2017,1,,,,,,,,,,,,,,,,,,,,,,,,,,,,,,,,,0,120,5,109,0,92,175,0,0,194,0,0,0,79,724.0
2017-02-01,용산구,API_2017_2025,2017,2,1260.0,724.0,,,,,,,,,,,,,,,,,,,,,,,,,,,,,,,0,120,5,109,0,92,175,0,0,194,0,0,0,79,613.0
2017-03-01,용산구,API_2017_2025,2017,3,1112.0,613.0,,,,,,,,,,,,,,,,,,,,,,,,,,,,,,,0,120,5,109,0,92,175,0,0,194,0,0,0,79,680.0
2017-04-01,용산구,API_2017_2025,2017,4,1222.0,680.0,,,,,,,,,,,,,,,,,,,,,,,,,,,,,,,0,120,5,109,0,92,175,0,0,194,0,0,0,79,753.0
2017-05-01,용산구,API_2017_2025,2017,5,1338.0,753.0,,,,,,,,,,,,,,,,,,,,,,,,,,,,,,,0,120,5,109,0,92,175,0,0,194,0,0,0,79,856.0
2017-06-01,용산구,API_2017_2025,2017,6,1429.0,856.0,,,,,,,,,,,,,,,,,,,,,,,,,,,,,,,0,120,5,109,0,92,175,0,0,194,0,0,0,79,849.0
2017-07-01,용산구,API_2017_2025,2017,7,1437.0,849.0,,,,,,,,,,,,,,,,,,,,,,,,,,,,,,,0,120,5,109,0,92,175,0,0,194,0,0,0,79,836.0
2017-08-01,용산구,API_2017_2025,2017,8,1510.0,836.0,,,,,,,,,,,,,,,,,,,,,,,,,,,,,,,0,120,5,109,0,92,175,0,0,194,0,0,0,79,870.0
2017-09-01,용산구,API_2017_2025,2017,9,1574.0,870.0,,,,,,,,,,,,,,,,,,,,,,,,,,,,,,,0,120,5,109,0,92,175,0,0,194,0,0,0,79,915.0
2017-10-01,용산구,API_2017_2025,2017,10,1556.0,915.0,,,,,,,,,,,,,,,,,,,,,,,,,,,,,,,0,120,5,109,0,92,175,0,0,194,0,0,0,79,824.0
2017-11-01,용산구,API_2017_2025,2017,11,1448.0,824.0,,,,,,,,,,,,,,,,,,,,,,,,,,,,,,,0,120,5,109,0,92,175,0,0,194,0,0,0,79,739.0
2017-12-01,용산구,API_2017_2025,2017,12,1314.0,739.0,,,,,,,,,,,,,,,,,,,,,,,,,,,,,,,0,120,5,109,0,92,175,0,0,194,0,0,0,79,898.0
2018-01-01,용산구,API_2017_2025,2018,1,1534.0,898.0,,,,,,1260.0,724.0,,,,,,,,,,,,,,,,,,,,,,,,0,60,1,110,0,125,357,0,0,163,0,0,0,29,774.0
2018-02-01,용산구,API_2017_2025,2018,2,1407.0,774.0,,,,,,1112.0,613.0,,,,,,,,,,,,,,,,,,,,,,,,0,60,1,110,0,125,357,0,0,163,0,0,0,29,668.0
2018-03-01,용산구,API_2017_2025,2018,3,1221.0,668.0,,,,,,1222.0,680.0,,,,,,,,,,,,,,,,,,,,,,,,0,60,1,110,0,125,357,0,0,163,0,0,0,29,771.0
2018-04-01,용산구,API_2017_2025,2018,4,1413.0,771.0,,,,,,1338.0,753.0,,,,,,,,,,,,,,,,,,,,,,,,0,60,1,110,0,125,357,0,0,163,0,0,0,29,770.0
2018-05-01,용산구,API_2017_2025,2018,5,1340.0,770.0,,,,,,1429.0,856.0,334492.4490653846,304204.3333,19387.862346153845,10900.25343076923,369577.2145653846,294760.10866153846,362309.95515000005,314622.80186153844,220393.5557423077,58197.5701423077,54167.15427307692,108028.83132692309,47687.153288461544,,,,,,,,,,,0,60,1,110,0,125,357,0,0,163,0,0,0,29,845.0
2018-06-01,용산구,API_2017_2025,2018,6,1490.0,845.0,,,,,,1437.0,849.0,333971.2145709677,304750.11877096776,19542.480306451613,9678.615487096775,370362.67883548385,293226.0199709678,361144.74822258065,313769.08071290323,214901.15735806452,58018.82825483871,51465.453641935484,105416.87546129031,47375.66750967742,,,,,,,,,,,0,60,1,110,0,125,357,0,0,163,0,0,0,29,838.0
2018-07-01,용산구,API_2017_2025,2018,7,1485.0,838.0,,,,,,1510.0,836.0,329871.79269,301951.4057666667,19257.984056666668,8662.40286,363921.1244333333,290363.79414333333,357080.75969,310436.81625333335,202453.36029333333,55157.67125,47806.988789999996,99488.70025333334,46643.94343666667,,,,,,,,,,,0,60,1,110,0,125,357,0,0,163,0,0,0,29,905.0
2018-08-01,용산구,API_2017_2025,2018,8,1546.0,905.0,,,,,,1574.0,870.0,325882.9477516129,297704.43243870966,18860.477506451614,9318.037816129032,361004.55199999997,284652.0422967742,353888.48543548386,305878.99227096775,202542.85622258062,55639.64304516129,47686.238441935486,99216.97473548388,48009.49316451613,,,,,,,,,,,0,60,1,110,0,125,357,0,0,163,0,0,0,29,894.0
2018-09-01,용산구,API_2017_2025,2018,9,1539.0,894.0,,,,,,1556.0,915.0,322797.09337741934,294550.7016612903,18993.062816129033,9253.328887096775,358068.9006516129,283709.0155612903,350141.8285548387,302529.198016129,204526.6838451613,56076.265290322575,47817.407948387096,100633.01060645161,47612.63053870968,,,,,,,,,,,0,60,1,110,0,125,357,0,0,163,0,0,0,29,805.0
2018-10-01,용산구,API_2017_2025,2018,10,1420.0,805.0,,,,,,1448.0,824.0,321616.42662,292967.87542000005,19133.683743333335,9514.867456666667,355645.24382000003,282283.2778133333,347679.92079666664,302999.64507666667,197369.43351666667,55200.00174666666,45688.813616666666,96480.61815333334,44680.27572,,,,,,,,,,,0,60,1,110,0,125,357,0,0,163,0,0,0,29,818.0
2018-11-01,용산구,API_2017_2025,2018,11,1380.0,818.0,,,,,,1314.0,739.0,331537.6452838709,303207.88157096773,18866.96376129032,9462.799958064516,370319.95759999997,289504.67117096775,360221.1732483871,310317.98685806454,208343.60349354838,59103.858893548386,46808.76661290322,102430.97798709678,49903.186390322575,,,,,,,,,,,0,60,1,110,0,125,357,0,0,163,0,0,0,29,752.0
2018-12-01,용산구,API_2017_2025,2018,12,1260.0,752.0,,,,,,1534.0,898.0,324938.0865066667,296081.4670566667,18188.14835,10668.471106666666,367660.18073333334,277759.5126533333,352492.2418466667,305256.54698333336,212620.39964,59909.85841,48810.023446666666,103900.51778333333,47235.69486333333,,,,,,,,,,,0,60,1,110,0,125,357,0,0,163,0,0,0,29,834.0
2019-01-01,용산구,API_2017_2025,2019,1,1398.0,834.0,,,,,,1407.0,774.0,331884.5511354839,300217.2880774194,21270.262680645163,10397.000396774194,366316.22671290324,293610.4421935484,358892.6622419355,312593.04320967745,198529.345883871,56633.38774516129,44441.71987419355,97454.23826451613,46299.619032258066,,,,,,,,,,,0,25,1,120,0,103,193,0,0,92,0,0,0,24,758.0
2019-02-01,용산구,API_2017_2025,2019,2,1312.0,758.0,,,,,,1221.0,668.0,330151.2624580645,297911.54779032257,23150.045332258065,9089.66933548387,363926.43333870964,293058.1143870968,357385.9934451613,310697.88319032255,208624.6873645161,57920.125596774196,49954.83450645161,100749.72726129033,46688.11025483872,,,,,,,,,,,0,25,1,120,0,103,193,0,0,92,0,0,0,24,663.0
2019-03-01,용산구,API_2017_2025,2019,3,1119.0,663.0,,,,,,1413.0,771.0,322413.2287071428,290040.48129285715,23512.885217857143,8859.862207142858,356031.833575,287025.66429642856,348123.24525000004,304048.9311857143,200309.52198214288,56831.14063214285,48317.56502857142,95160.81632142856,44074.31406428572,,,,,,,,,,,0,25,1,120,0,103,193,0,0,92,0,0,0,24,753.0
2019-04-01,용산구,API_2017_2025,2019,4,1277.0,753.0,,,,,,1340.0,770.0,329699.51512903225,299602.6434258065,21235.644277419353,8861.227448387095,362788.1699419355,294517.82608064514,355941.65395483875,310955.13025483873,193131.69066129034,54272.047538709674,45403.250712903224,93456.39240967743,44986.523700000005,,,,,,,,,,,0,25,1,120,0,103,193,0,0,92,0,0,0,24,709.0
2019-05-01,용산구,API_2017_2025,2019,5,1315.0,709.0,,,,,,1490.0,845.0,327405.74462333333,296307.37866,20964.91174,10133.454216666667,360220.65096,291541.16776333336,354300.69604333333,308195.06505000003,211586.85027666666,56867.799653333335,51356.27941333333,103362.77120999999,46105.63099333333,,,,,,,,,,,0,25,1,120,0,103,193,0,0,92,0,0,0,24,766.0
2019-06-01,용산구,API_2017_2025,2019,6,1367.0,766.0,,,,,,1485.0,838.0,323025.56780645164,290668.42837741936,22556.773916129034,9800.365512903225,355998.6779580645,286802.04517096776,349504.2231935484,304112.24253870966,197267.06046451614,54700.305896774196,46827.021467741935,95739.7331,45391.98065483871,,,,,,,,,,,0,25,1,120,0,103,193,0,0,92,0,0,0,24,777.0
2019-07-01,용산구,API_2017_2025,2019,7,1361.0,777.0,,,,,,1546.0,905.0,321629.12108666665,290558.84909,22263.83053666667,8806.441466666667,353132.7874833334,286657.93984999997,346387.5187,303944.55138666666,191151.47053333334,52571.92771333333,46567.868493333335,92011.67432666666,42442.967313333334,,,,,,,,,,,0,25,1,120,0,103,193,0,0,92,0,0,0,24,812.0
2019-08-01,용산구,API_2017_2025,2019,8,1488.0,812.0,,,,,,1539.0,894.0,316860.75565161294,286337.78037096775,21441.23400967742,9081.74125483871,349147.37786129036,280883.73420322576,343126.8493548387,298099.2601612903,181649.2127451613,51089.445616129036,42320.59172903226,88239.17540000001,45027.58919354838,,,,,,,,,,,0,25,1,120,0,103,193,0,0,92,0,0,0,24,828.0
2019-09-01,용산구,API_2017_2025,2019,9,1484.0,828.0,,,,,,1420.0,805.0,323084.0781032258,291363.30276129034,22342.82852580645,9377.946819354838,355006.2556580645,288319.50067741936,348272.36114516127,305092.44736774196,188375.44591290323,54441.49345806451,43324.32747419355,90609.62498064517,43179.91377741936,,,,,,,,,,,0,25,1,120,0,103,193,0,0,92,0,0,0,24,741.0
2019-10-01,용산구,API_2017_2025,2019,10,1359.0,741.0,,,,,,1380.0,818.0,321494.61584,289989.23945,21919.19598,9586.18041,351504.09771,287623.10960666667,345607.9411933333,304270.8120166667,192963.10155666666,55614.86539666667,44491.301499999994,92856.93466,41337.12917666666,,,,,,,,,,,0,25,1,120,0,103,193,0,0,92,0,0,0,24,766.0
2019-11-01,용산구,API_2017_2025,2019,11,1368.0,766.0,,,,,,1260.0,752.0,330014.5844483871,297293.6156193548,22285.98257580645,10434.986308064517,367295.89412580646,291572.2074903226,358626.70042741933,309577.3587967742,207508.21198225804,59083.5019483871,46546.63273064516,101878.0773032258,49049.34163064516,,,,,,,,,,,0,25,1,120,0,103,193,0,0,92,0,0,0,24,744.0
2019-12-01,용산구,API_2017_2025,2019,12,1304.0,744.0,,,,,,1398.0,834.0,330273.22758,298001.25018000003,22325.259663333334,9946.71774,363277.72820333333,293074.37833,357027.68277666665,311162.90243333334,200531.15792,57999.236216666664,44964.14266333333,97567.77904,45864.78034333334,,,,,,,,,,,0,25,1,120,0,103,193,0,0,92,0,0,0,24,861.0
2020-01-01,용산구,API_2017_2025,2020,1,1362.0,861.0,,,,,,1312.0,758.0,332825.9735354839,301313.21314193547,21539.14490967742,9973.615480645161,368107.04977096774,293663.7285967742,360350.3161064516,313165.7288580645,210948.41402903225,60460.94354193548,47961.964167741935,102525.50631935484,47184.5872483871,575383.0,364083.0,211300.0,0.3672,,303681.0,182032.0,121649.0,0.4006,,0,32,2,123,0,205,177,0,0,85,0,0,0,15,674.0
2020-02-01,용산구,API_2017_2025,2020,2,1143.0,674.0,,,,,,1119.0,663.0,326324.197783871,294583.05566129036,22004.717212903226,9736.424916129032,358740.66168064513,290594.7284870968,351496.81301290327,308343.7583419355,202794.0178612903,57595.12979032258,47656.802161290325,97542.08590967741,43153.05467096774,575383.0,364083.0,211300.0,0.3672,,303681.0,182032.0,121649.0,0.4006,,0,32,2,123,0,205,177,0,0,85,0,0,0,15,563.0
2020-03-01,용산구,API_2017_2025,2020,3,1016.0,563.0,,,,,,1277.0,753.0,324875.51788275864,293627.68923448276,23363.6832862069,7884.145375862069,351360.67368275864,294568.1725931035,346733.37897931034,309262.7599724138,187275.62091034485,48129.96127586207,48608.36152413793,90537.29811034483,37470.61900689655,575383.0,364083.0,211300.0,0.3672,,303681.0,182032.0,121649.0,0.4006,,0,32,2,123,0,205,177,0,0,85,0,0,0,15,483.0
2020-04-01,용산구,API_2017_2025,2020,4,894.0,483.0,,,,,,1315.0,709.0,311711.6924645161,284646.8225612903,23569.90008387097,3494.969816129032,333776.9993935484,286786.1806387097,329947.3931387097,298686.1919870968,168485.27579032257,39107.06573548387,47511.763683870966,81866.44637096774,31261.201151612902,575383.0,364083.0,211300.0,0.3672,,303681.0,182032.0,121649.0,0.4006,,0,32,2,123,0,205,177,0,0,85,0,0,0,15,487.0
2020-05-01,용산구,API_2017_2025,2020,5,993.0,487.0,,,,,,1367.0,766.0,312447.08665,286387.35929999995,23660.76096666667,2398.9663666666665,334516.2959233333,287559.0374766666,330304.6891666667,299691.65628,178570.16331333332,42578.67032666667,50332.87802,85658.61496666666,30613.032886666668,575383.0,364083.0,211300.0,0.3672,,303681.0,182032.0,121649.0,0.4006,,0,32,2,123,0,205,177,0,0,85,0,0,0,15,605.0
2020-06-01,용산구,API_2017_2025,2020,6,1196.0,605.0,,,,,,1361.0,777.0,308539.73676129035,282661.4711354839,23075.98185483871,2802.2837741935487,330992.8757806452,283950.6294129032,326948.88328387093,295390.34639032255,178852.00195161288,43993.44402258065,51083.35935806452,83775.19857096774,31558.536893548393,575383.0,364083.0,211300.0,0.3672,,303681.0,182032.0,121649.0,0.4006,,0,32,2,123,0,205,177,0,0,85,0,0,0,15,582.0
2020-07-01,용산구,API_2017_2025,2020,7,1240.0,582.0,,,,,,1488.0,812.0,311538.05449666665,284971.1741933333,22440.50126,4126.37904,335599.3436233334,284195.1926633333,332032.43739,296899.20957999997,185353.27640333335,46248.4054,49818.35280666666,89286.51819666667,35133.22780999999,575383.0,364083.0,211300.0,0.3672,,303681.0,182032.0,121649.0,0.4006,,0,32,2,123,0,205,177,0,0,85,0,0,0,15,680.0
2020-08-01,용산구,API_2017_2025,2020,8,1229.0,680.0,,,,,,1484.0,828.0,309983.529983871,284576.1046387096,21434.75808387097,3972.667264516129,334733.9386064516,282686.3138451613,330403.37699677417,295397.92497096775,185014.64367419356,46876.609919354836,49175.37296774193,88962.66078709677,35005.45202580645,575383.0,364083.0,211300.0,0.3672,,303681.0,182032.0,121649.0,0.4006,,0,32,2,123,0,205,177,0,0,85,0,0,0,15,592.0
2020-09-01,용산구,API_2017_2025,2020,9,1139.0,592.0,,,,,,1359.0,741.0,302716.2441387097,278746.16563225805,19617.59359032258,4352.484903225807,324316.54896129033,280017.78242903226,320188.75684516126,290235.87791290326,170412.81053225807,42250.621645161285,48049.18742258064,80113.00146451613,29952.87893225805,575383.0,364083.0,211300.0,0.3672,,303681.0,182032.0,121649.0,0.4006,,0,32,2,123,0,205,177,0,0,85,0,0,0,15,493.0
2020-10-01,용산구,API_2017_2025,2020,10,980.0,493.0,,,,,,1368.0,766.0,300401.41082666663,278177.6816533333,18315.002653333337,3908.7265266666664,321504.56348666665,277563.77188333333,317680.88669666665,288058.9280633333,169096.47373333335,39573.592090000006,48529.79603666666,80993.08560666667,29621.95863333333,575383.0,364083.0,211300.0,0.3672,,303681.0,182032.0,121649.0,0.4006,,0,32,2,123,0,205,177,0,0,85,0,0,0,15,538.0
2020-11-01,용산구,API_2017_2025,2020,11,989.0,538.0,,,,,,1304.0,744.0,301192.41071290325,279415.5184870968,18429.04326451613,3347.8489612903227,324765.4912451613,275850.0709516129,319472.5396451613,288135.1757677419,179783.78251612905,46154.46022903226,48334.414370967745,85294.90791612903,31337.36387741936,575383.0,364083.0,211300.0,0.3672,,303681.0,182032.0,121649.0,0.4006,,0,32,2,123,0,205,177,0,0,85,0,0,0,15,508.0
2020-12-01,용산구,API_2017_2025,2020,12,967.0,508.0,,,,,,1362.0,861.0,303631.74518333335,281564.75914,18564.246206666667,3502.739833333333,327370.1356366667,277717.03211,323073.6388933333,289744.6782466667,180625.00935666668,46025.7151,48326.188976666665,86273.10528,33328.960646666674,575383.0,364083.0,211300.0,0.3672,,303681.0,182032.0,121649.0,0.4006,,0,32,2,123,0,205,177,0,0,85,0,0,0,15,486.0
2021-01-01,용산구,건별집계|API_2017_2025,2021,1,954.0,486.0,,,,,,1143.0,674.0,296956.70001612906,274556.24111935485,18479.81711935484,3920.641777419355,316761.0177870968,276290.1606774194,313492.80388064514,285145.1972580645,157361.77446774195,36588.66902580645,46740.13760645161,74032.96783548388,28347.60662258065,546054.0,346308.0,199746.0,0.3658,,254691.0,161002.0,93689.0,0.3679,,0,20,0,50,1,210,69,0,0,35,0,0,0,7,603.0
2021-02-01,용산구,건별집계|API_2017_2025,2021,2,1110.0,603.0,445.0,62.0,426.0,663.0,21.0,1016.0,563.0,295258.1002096774,273786.76915161294,18808.00950967742,2663.321570967742,315219.0606935484,274878.9111483871,311446.9740290323,283694.6189193548,160145.85720645162,38179.26982903226,47498.23864193548,74468.34873548387,27752.355109677417,546054.0,346308.0,199746.0,0.3658,,254691.0,161002.0,93689.0,0.3679,,0,20,0,50,1,210,69,0,0,35,0,0,0,7,617.0
2021-03-01,용산구,건별집계|API_2017_2025,2021,3,1166.0,617.0,444.0,105.0,465.0,676.0,25.0,894.0,483.0,298110.89596071426,275790.1162464286,18796.21392857143,3524.565814285714,321260.1538607143,274851.9940928571,316069.6047357143,285283.24685357144,172628.27555714286,43837.82666785714,47984.100085714286,80806.34880357143,30786.357882142856,546054.0,346308.0,199746.0,0.3658,,254691.0,161002.0,93689.0,0.3679,,0,20,0,50,1,210,69,0,0,35,0,0,0,7,638.0
2021-04-01,용산구,건별집계|API_2017_2025,2021,4,1205.0,638.0,478.0,89.0,457.0,724.0,24.0,993.0,487.0,306624.3923258065,283524.5277612903,18698.87778064516,4400.986777419354,330654.6940870968,281615.7795935484,325712.70177741937,292989.88557741937,177674.26291612902,45675.97586774194,47358.19262903226,84640.09441935485,32722.81620000001,546054.0,346308.0,199746.0,0.3658,,254691.0,161002.0,93689.0,0.3679,,0,20,0,50,1,210,69,0,0,35,0,0,0,7,683.0
2021-05-01,용산구,건별집계|API_2017_2025,2021,5,1317.0,683.0,540.0,94.0,509.0,774.0,34.0,1196.0,605.0,304592.25860999996,283385.82490666665,18475.293663333334,2731.140046666667,328964.47749666666,279011.90191333333,323952.5889733333,290763.45122,189385.08808000002,46812.48081,51782.626150000004,90789.98112,33189.137753333336,546054.0,346308.0,199746.0,0.3658,,254691.0,161002.0,93689.0,0.3679,,0,20,0,50,1,210,69,0,0,35,0,0,0,7,766.0
2021-06-01,용산구,건별집계|API_2017_2025,2021,6,1392.0,766.0,529.0,97.0,513.0,851.0,28.0,1240.0,582.0,301528.512916129,280406.83446774195,18264.04416129032,2857.6343096774194,325827.4047419355,277020.49621612905,320117.0648096774,288250.975867742,181281.88346774195,45559.35732903225,50632.68522258064,85089.84091612902,31866.088941935486,546054.0,346308.0,199746.0,0.3658,,254691.0,161002.0,93689.0,0.3679,,0,20,0,50,1,210,69,0,0,35,0,0,0,7,792.0
2021-07-01,용산구,건별집계|API_2017_2025,2021,7,1398.0,792.0,477.0,129.0,586.0,772.0,40.0,1229.0,680.0,304334.95782999997,282843.5064633333,17944.97669,3546.4746633333334,329287.07623,278674.19808,323646.7426266667,290540.82581,187616.14119333334,48253.95467333333,50978.14473000001,88384.04179,33105.91681666668,546054.0,346308.0,199746.0,0.3658,,254691.0,161002.0,93689.0,0.3679,,0,20,0,50,1,210,69,0,0,35,0,0,0,7,802.0
2021-08-01,용산구,건별집계|API_2017_2025,2021,8,1446.0,802.0,517.0,127.0,615.0,811.0,20.0,1139.0,592.0,296178.674367742,274765.7212064516,17423.015922580646,3989.9372548387096,316798.50824193546,274529.58803870965,312784.00403225806,284317.7246096774,169300.30486129032,41817.98968064516,48341.230638709676,79141.08454193549,28466.279422580643,546054.0,346308.0,199746.0,0.3658,,254691.0,161002.0,93689.0,0.3679,,0,20,0,50,1,210,69,0,0,35,0,0,0,7,755.0
2021-09-01,용산구,건별집계|API_2017_2025,2021,9,1324.0,755.0,472.0,97.0,576.0,721.0,27.0,980.0,493.0,296069.2387612903,273978.66881935485,17788.929370967744,4301.640583870968,317265.5356806452,274853.869816129,312685.5845967742,284200.4203032258,169149.18343548386,42734.603325806456,47072.33690645161,79342.24320322581,28485.164293548387,546054.0,346308.0,199746.0,0.3658,,254691.0,161002.0,93689.0,0.3679,,0,20,0,50,1,210,69,0,0,35,0,0,0,7,756.0
2021-10-01,용산구,건별집계|API_2017_2025,2021,10,1415.0,756.0,557.0,102.0,559.0,834.0,22.0,989.0,538.0,293557.31424000004,272227.38943333336,17829.12717666667,3500.79764,315177.77625,271634.81370666664,309922.2738566667,281868.0573666667,170437.13057333333,43647.00793,46238.90820333334,80551.21444,28054.216490000006,546054.0,346308.0,199746.0,0.3658,,254691.0,161002.0,93689.0,0.3679,,0,20,0,50,1,210,69,0,0,35,0,0,0,7,724.0
2021-11-01,용산구,건별집계|API_2017_2025,2021,11,1455.0,724.0,623.0,108.0,516.0,916.0,23.0,967.0,508.0,297852.2314580645,276897.1881064516,17919.241758064516,3035.801583870968,321046.58213870967,274607.9203419355,314960.37526774197,285632.1287354839,174170.43818064514,45627.224799999996,46235.96097096774,82307.25240967743,29328.24653225807,546054.0,346308.0,199746.0,0.3658,,254691.0,161002.0,93689.0,0.3679,,0,20,0,50,1,210,69,0,0,35,0,0,0,7,691.0
2021-12-01,용산구,건별집계|API_2017_2025,2021,12,1438.0,691.0,650.0,97.0,584.0,765.0,89.0,954.0,486.0,304492.84009666665,283355.1413533333,17890.444323333333,3247.254436666667,329219.73283,279253.74744,323722.2841366667,290757.5229433334,186907.3131166667,50543.17876,47123.03137333333,89241.10298333333,32964.76119333333,546054.0,346308.0,199746.0,0.3658,,254691.0,161002.0,93689.0,0.3679,,0,20,0,50,1,210,69,0,0,35,0,0,0,7,655.0
2022-01-01,용산구,건별집계|xlsx_2022_2024,2022,1,1397.0,655.0,640.0,102.0,721.0,507.0,169.0,1110.0,603.0,302673.8463290322,281566.7402935484,17679.124541935485,3427.9815129032254,326941.9743935484,278189.3931225806,321715.5778548387,289072.6095387097,176340.32688064515,46875.81581935484,45708.31209677419,83756.19896451612,32642.968316129038,578909.0,374856.0,204053.0,0.3525,54812.0,233491.0,149906.0,83585.0,0.358,61788.0,0,20,2,72,0,340,143,0,0,60,0,0,0,6,625.0
2022-02-01,용산구,건별집계|xlsx_2022_2024,2022,2,1261.0,625.0,520.0,116.0,446.0,796.0,19.0,1166.0,617.0,297461.60584516125,276390.244532258,17969.500445161288,3101.860874193548,322326.4752580645,273802.02336129034,316198.5644451613,284078.06397741934,173177.0411064516,47177.89086774194,45203.89751935484,80795.25271935483,32120.500467741942,578909.0,374856.0,204053.0,0.3525,54812.0,233491.0,149906.0,83585.0,0.358,61788.0,0,20,2,72,0,340,143,0,0,60,0,0,0,6,526.0
2022-03-01,용산구,건별집계|xlsx_2022_2024,2022,3,1161.0,526.0,567.0,68.0,437.0,696.0,28.0,1205.0,638.0,296288.76175,274832.33069642854,18065.729889285714,3390.701157142857,319133.8336464286,274754.5877428571,313422.8054464286,284050.15910357144,168038.676025,43875.506982142855,46288.900792857145,77874.26825,29372.64634285715,578909.0,374856.0,204053.0,0.3525,54812.0,233491.0,149906.0,83585.0,0.358,61788.0,0,20,2,72,0,340,143,0,0,60,0,0,0,6,618.0
2022-04-01,용산구,건별집계|xlsx_2022_2024,2022,4,1474.0,618.0,765.0,91.0,569.0,878.0,27.0,1317.0,683.0,298552.5688870968,277435.11161612906,17888.98517419355,3228.4720838709677,319296.8168290322,277981.2206225806,314394.038083871,287237.23375161295,163041.6670064516,42131.93070322581,44925.88599032258,75983.85031290322,27156.80433225807,578909.0,374856.0,204053.0,0.3525,54812.0,233491.0,149906.0,83585.0,0.358,61788.0,0,20,2,72,0,340,143,0,0,60,0,0,0,6,720.0
2022-05-01,용산구,건별집계|xlsx_2022_2024,2022,5,1497.0,720.0,673.0,104.0,573.0,904.0,20.0,1392.0,766.0,304352.5100533333,282116.47146666667,17655.339969999997,4580.698616666667,328751.96583,279492.03948,322186.0075033333,291614.29758,185455.12628,49395.864010000005,47703.725326666674,88355.53694333333,30571.709923333332,578909.0,374856.0,204053.0,0.3525,54812.0,233491.0,149906.0,83585.0,0.358,61788.0,0,20,2,72,0,340,143,0,0,60,0,0,0,6,875.0
2022-06-01,용산구,건별집계|xlsx_2022_2024,2022,6,1619.0,875.0,628.0,116.0,617.0,969.0,33.0,1398.0,792.0,316308.8966322581,292687.98192903225,17769.50296129032,5851.411751612904,345111.44199354836,286850.2683064516,337441.28899032256,301214.3306483871,195814.33472258065,54914.63106451613,47189.818506451615,93709.8851516129,36226.95834193548,578909.0,374856.0,204053.0,0.3525,54812.0,233491.0,149906.0,83585.0,0.358,61788.0,0,20,2,72,0,340,143,0,0,60,0,0,0,6,789.0
2022-07-01,용산구,건별집계|xlsx_2022_2024,2022,7,1486.0,789.0,595.0,102.0,568.0,892.0,26.0,1446.0,802.0,317045.44811,293619.28406333335,17312.624786666667,6113.53925,346577.7480433333,287744.4768566667,338209.7096766667,301928.1184366666,193907.06631000002,54603.21305666667,47296.47911,92007.37414333333,36281.591239999994,578909.0,374856.0,204053.0,0.3525,54812.0,233491.0,149906.0,83585.0,0.358,61788.0,0,20,2,72,0,340,143,0,0,60,0,0,0,6,867.0
2022-08-01,용산구,건별집계|xlsx_2022_2024,2022,8,1740.0,867.0,770.0,103.0,715.0,988.0,37.0,1324.0,755.0,308055.67040967743,284757.5012064516,16676.08323548387,6622.085958064516,336210.2771709677,279581.3897967742,329022.7723516129,293079.1690290323,183934.4526516129,53192.50840322581,44173.52956774194,86568.41468064516,35943.60332258064,578909.0,374856.0,204053.0,0.3525,54812.0,233491.0,149906.0,83585.0,0.358,61788.0,0,20,2,72,0,340,143,0,0,60,0,0,0,6,896.0
2022-09-01,용산구,건별집계|xlsx_2022_2024,2022,9,1899.0,896.0,872.0,131.0,730.0,1144.0,25.0,1415.0,756.0,305549.9128387097,282056.7081064516,16924.00353548387,6569.2012,334084.23507096776,278178.64907096775,326316.1673225806,290716.873916129,183797.47972258064,53625.28623548387,44172.40476774194,85999.78871935484,35599.29340645161,578909.0,374856.0,204053.0,0.3525,54812.0,233491.0,149906.0,83585.0,0.358,61788.0,0,20,2,72,0,340,143,0,0,60,0,0,0,6,819.0
2022-10-01,용산구,건별집계|xlsx_2022_2024,2022,10,1620.0,819.0,736.0,65.0,655.0,938.0,27.0,1455.0,724.0,306276.09685000003,281921.64810666663,17090.72959,7263.719146666666,331950.36173999996,278831.09294,325129.93599,292809.06891,183627.66048,52762.493383333334,44635.892680000004,86229.27441666667,32320.867079999996,578909.0,374856.0,204053.0,0.3525,54812.0,233491.0,149906.0,83585.0,0.358,61788.0,0,20,2,72,0,340,143,0,0,60,0,0,0,6,783.0
2022-11-01,용산구,건별집계|xlsx_2022_2024,2022,11,1515.0,783.0,638.0,94.0,574.0,921.0,20.0,1438.0,691.0,311346.8049096774,286209.3066,17132.942138709677,8004.556187096774,346972.69125806453,279585.60706129036,332011.0203806452,296586.6509903226,188458.29513225806,56125.62609354839,44436.12029354839,87896.54874516129,35424.36939032257,578909.0,374856.0,204053.0,0.3525,54812.0,233491.0,149906.0,83585.0,0.358,61788.0,0,20,2,72,0,340,143,0,0,60,0,0,0,6,742.0
2022-12-01,용산구,건별집계|xlsx_2022_2024,2022,12,1473.0,742.0,608.0,123.0,596.0,864.0,13.0,1397.0,655.0,305309.0903766667,281901.66241000005,16322.566946666666,7084.861006666667,335040.61962666665,275618.5802,328691.47766333335,288607.38517666666,186677.85058666667,53700.463696666666,43880.35339333334,89097.03349666667,40084.09248666667,578909.0,374856.0,204053.0,0.3525,54812.0,233491.0,149906.0,83585.0,0.358,61788.0,0,20,2,72,0,340,143,0,0,60,0,0,0,6,900.0
2017-01-01,은평구,API_2017_2025,2017,1,,,,,,,,,,,,,,,,,,,,,,,,,,,,,,,,,0,42,10,117,196,1,176,0,0,307,0,0,0,22,1138.0
2017-02-01,은평구,API_2017_2025,2017,2,1783.0,1138.0,,,,,,,,,,,,,,,,,,,,,,,,,,,,,,,0,42,10,117,196,1,176,0,0,307,0,0,0,22,955.0
2017-03-01,은평구,API_2017_2025,2017,3,1439.0,955.0,,,,,,,,,,,,,,,,,,,,,,,,,,,,,,,0,42,10,117,196,1,176,0,0,307,0,0,0,22,1095.0
2017-04-01,은평구,API_2017_2025,2017,4,1668.0,1095.0,,,,,,,,,,,,,,,,,,,,,,,,,,,,,,,0,42,10,117,196,1,176,0,0,307,0,0,0,22,1084.0
2017-05-01,은평구,API_2017_2025,2017,5,1691.0,1084.0,,,,,,,,,,,,,,,,,,,,,,,,,,,,,,,0,42,10,117,196,1,176,0,0,307,0,0,0,22,1131.0
2017-06-01,은평구,API_2017_2025,2017,6,1794.0,1131.0,,,,,,,,,,,,,,,,,,,,,,,,,,,,,,,0,42,10,117,196,1,176,0,0,307,0,0,0,22,1179.0
2017-07-01,은평구,API_2017_2025,2017,7,1817.0,1179.0,,,,,,,,,,,,,,,,,,,,,,,,,,,,,,,0,42,10,117,196,1,176,0,0,307,0,0,0,22,1229.0
2017-08-01,은평구,API_2017_2025,2017,8,1961.0,1229.0,,,,,,,,,,,,,,,,,,,,,,,,,,,,,,,0,42,10,117,196,1,176,0,0,307,0,0,0,22,1248.0
2017-09-01,은평구,API_2017_2025,2017,9,1960.0,1248.0,,,,,,,,,,,,,,,,,,,,,,,,,,,,,,,0,42,10,117,196,1,176,0,0,307,0,0,0,22,1219.0
2017-10-01,은평구,API_2017_2025,2017,10,1901.0,1219.0,,,,,,,,,,,,,,,,,,,,,,,,,,,,,,,0,42,10,117,196,1,176,0,0,307,0,0,0,22,1116.0
2017-11-01,은평구,API_2017_2025,2017,11,1777.0,1116.0,,,,,,,,,,,,,,,,,,,,,,,,,,,,,,,0,42,10,117,196,1,176,0,0,307,0,0,0,22,1138.0
2017-12-01,은평구,API_2017_2025,2017,12,1774.0,1138.0,,,,,,,,,,,,,,,,,,,,,,,,,,,,,,,0,42,10,117,196,1,176,0,0,307,0,0,0,22,1312.0
2018-01-01,은평구,API_2017_2025,2018,1,1961.0,1312.0,,,,,,1783.0,1138.0,,,,,,,,,,,,,,,,,,,,,,,,0,50,2,107,128,0,276,0,0,267,0,0,0,16,1331.0
2018-02-01,은평구,API_2017_2025,2018,2,2068.0,1331.0,,,,,,1439.0,955.0,,,,,,,,,,,,,,,,,,,,,,,,0,50,2,107,128,0,276,0,0,267,0,0,0,16,1068.0
2018-03-01,은평구,API_2017_2025,2018,3,1738.0,1068.0,,,,,,1668.0,1095.0,,,,,,,,,,,,,,,,,,,,,,,,0,50,2,107,128,0,276,0,0,267,0,0,0,16,1158.0
2018-04-01,은평구,API_2017_2025,2018,4,1809.0,1158.0,,,,,,1691.0,1084.0,,,,,,,,,,,,,,,,,,,,,,,,0,50,2,107,128,0,276,0,0,267,0,0,0,16,1117.0
2018-05-01,은평구,API_2017_2025,2018,5,1803.0,1117.0,,,,,,1794.0,1131.0,456518.99622692313,448739.3684230769,6339.321576923077,1440.3062307692308,510418.6952153846,396053.73911923077,410459.4679,489418.6593038461,196712.32389230767,32397.38424230769,124476.7761076923,39838.16354230769,-78959.19140384615,,,,,,,,,,,0,50,2,107,128,0,276,0,0,267,0,0,0,16,1285.0
2018-06-01,은평구,API_2017_2025,2018,6,1970.0,1285.0,,,,,,1817.0,1179.0,454295.0380967742,446656.4466677419,6367.811045161291,1270.7803903225806,508245.4703967742,394824.54083225806,409412.2031483871,485322.8436354839,194648.33251290323,32660.363993548388,122599.60614516129,39388.362374193544,-75910.64048709677,,,,,,,,,,,0,50,2,107,128,0,276,0,0,267,0,0,0,16,1256.0
2018-07-01,은평구,API_2017_2025,2018,7,1958.0,1256.0,,,,,,1961.0,1229.0,458608.16799999995,450872.75394666666,6560.881946666666,1174.5321166666665,509143.03811,403086.92726333335,416024.32364,489025.19968333334,193489.8961,31769.493863333333,124400.99970666667,37319.40253,-73000.87604333334,,,,,,,,,,,0,50,2,107,128,0,276,0,0,267,0,0,0,16,1295.0
2018-08-01,은평구,API_2017_2025,2018,8,2024.0,1295.0,,,,,,1960.0,1248.0,456291.6272290323,448010.71468064515,6806.978577419355,1473.9339741935485,507835.82311612903,402023.6547,413421.75192258065,486912.9667354839,188692.05363870968,32375.03793870968,119645.46548387097,36671.550216129035,-73491.21481290323,,,,,,,,,,,0,50,2,107,128,0,276,0,0,267,0,0,0,16,1290.0
2018-09-01,은평구,API_2017_2025,2018,9,2033.0,1290.0,,,,,,1901.0,1219.0,452085.5317258065,444211.39062258066,6624.569241935484,1249.5718548387097,502300.4604806452,398427.51870645164,410375.201832258,480825.73112258065,187647.83476129032,31256.10853548387,119410.34569032257,36981.38053548387,-70450.52929032258,,,,,,,,,,,0,50,2,107,128,0,276,0,0,267,0,0,0,16,1212.0
2018-10-01,은평구,API_2017_2025,2018,10,1827.0,1212.0,,,,,,1777.0,1116.0,455813.1467633333,447930.15706666664,6560.8242666666665,1322.1654366666667,504416.84448666667,402152.69364,415349.0277533333,484716.0889066666,185326.55520666667,33640.608316666665,115114.38181666666,36571.56507333333,-69367.06115333333,,,,,,,,,,,0,50,2,107,128,0,276,0,0,267,0,0,0,16,1174.0
2018-11-01,은평구,API_2017_2025,2018,11,1847.0,1174.0,,,,,,1774.0,1138.0,454355.90396774194,446440.5567967742,6655.753532258064,1259.593635483871,506518.85882258066,394536.94806774193,409103.84350967745,485599.2977645161,183966.65381935486,31452.98281612903,115772.07250967743,36741.59849354839,-76495.45425483871,,,,,,,,,,,0,50,2,107,128,0,276,0,0,267,0,0,0,16,1158.0
2018-12-01,은평구,API_2017_2025,2018,12,1728.0,1158.0,,,,,,1961.0,1312.0,453670.6582933333,445617.7073233333,6694.935626666667,1358.0153466666668,506724.51495,392265.83972,407860.65141000005,486392.09178,187795.93029666666,33093.69603333333,116379.14203333334,38323.092229999995,-78531.44037,,,,,,,,,,,0,50,2,107,128,0,276,0,0,267,0,0,0,16,1302.0
2019-01-01,은평구,API_2017_2025,2019,1,1928.0,1302.0,,,,,,2068.0,1331.0,458532.67979354836,450462.34928709676,6816.8342870967745,1253.4962096774193,504026.93847419356,407292.89968709677,419587.97475161287,486350.3262419354,183586.4103516129,32729.15169354839,115031.10914838708,35826.14950967742,-66762.35149032257,,,,,,,,,,,0,24,1,86,171,0,216,0,0,233,0,0,0,14,1151.0
2019-02-01,은평구,API_2017_2025,2019,2,1746.0,1151.0,,,,,,1738.0,1068.0,458143.82068387093,449619.5450548387,7171.892609677419,1352.3830161290323,505124.01987419353,404538.1349290323,417238.5704580645,487361.8565774193,188474.71982903226,32167.44240645161,119957.73216129033,36349.545261290325,-70123.28611935485,,,,,,,,,,,0,24,1,86,171,0,216,0,0,233,0,0,0,14,996.0
2019-03-01,은평구,API_2017_2025,2019,3,1513.0,996.0,,,,,,1809.0,1158.0,451942.3943178571,443313.06521785713,7340.4632357142855,1288.8658678571428,494751.8835571428,404394.1850964286,416319.3516785714,477387.42478214286,187637.00524285715,33819.75767142857,116567.43254642856,37249.815024999996,-61068.07310357143,,,,,,,,,,,0,24,1,86,171,0,216,0,0,233,0,0,0,14,1177.0
2019-04-01,은평구,API_2017_2025,2019,4,1784.0,1177.0,,,,,,1803.0,1117.0,455671.10066451615,447204.9613129032,7229.505999999999,1236.633364516129,502944.6829032258,401002.00932258065,414397.19760967745,485152.45998387097,176694.0234451613,30415.35389032258,110564.77258064516,35713.89697419355,-70755.26237419354,,,,,,,,,,,0,24,1,86,171,0,216,0,0,233,0,0,0,14,1181.0
2019-05-01,은평구,API_2017_2025,2019,5,1747.0,1181.0,,,,,,1970.0,1285.0,446967.4321533333,438690.92250333336,7060.109736666666,1216.39992,497813.9932466667,388693.0147733333,402667.90346,478609.9526433333,189316.6169366667,31243.591846666666,119322.51987666666,38750.50521333333,-75942.04918333332,,,,,,,,,,,0,24,1,86,171,0,216,0,0,233,0,0,0,14,1242.0
2019-06-01,은평구,API_2017_2025,2019,6,1875.0,1242.0,,,,,,1958.0,1256.0,432801.6579,424532.9036645161,7070.674567741935,1198.0796677419355,481953.21681935486,377314.9200451613,390457.0149870968,463047.83142903226,169892.6872548387,29976.667961290324,104270.12504516129,35645.8942483871,-72590.81644193549,,,,,,,,,,,0,24,1,86,171,0,216,0,0,233,0,0,0,14,1192.0
2019-07-01,은평구,API_2017_2025,2019,7,1797.0,1192.0,,,,,,2024.0,1295.0,435768.4639166667,427550.7569266667,7208.388456666667,1009.3185333333333,482369.56371,384564.9109166667,396560.18821,463774.37514666666,163158.40043333333,29207.182793333333,100088.75975333333,33862.45788666667,-67214.18693666667,,,,,,,,,,,0,24,1,86,171,0,216,0,0,233,0,0,0,14,1314.0
2019-08-01,은평구,API_2017_2025,2019,8,1954.0,1314.0,,,,,,2033.0,1290.0,428289.5343516129,419771.37480322586,7292.146687096774,1226.0128806451612,476236.40877419355,377043.5207741935,387830.01490967744,457189.1911225806,157281.88648709678,28264.974322580645,97840.4045,31176.507664516128,-69359.17621290321,,,,,,,,,,,0,24,1,86,171,0,216,0,0,233,0,0,0,14,1280.0
2019-09-01,은평구,API_2017_2025,2019,9,1930.0,1280.0,,,,,,1827.0,1212.0,440877.3584322581,432677.685416129,7134.781035483871,1064.8919967741936,488879.5295483871,389639.0231,400931.2185967742,469410.3154548387,168018.69008709677,29821.280316129032,104813.71252903224,33383.697241935486,-68479.09685806451,,,,,,,,,,,0,24,1,86,171,0,216,0,0,233,0,0,0,14,1303.0
2019-10-01,은평구,API_2017_2025,2019,10,1888.0,1303.0,,,,,,1847.0,1174.0,443198.73895,435007.51337,6925.472303333333,1265.7532766666666,490347.3490966667,390822.0369633333,403196.04862333334,471772.08918333333,178482.63378666667,33442.93821,108886.56525,36153.130326666665,-68576.04056000001,,,,,,,,,,,0,24,1,86,171,0,216,0,0,233,0,0,0,14,1247.0
2019-11-01,은평구,API_2017_2025,2019,11,1828.0,1247.0,,,,,,1728.0,1158.0,439060.51798548386,430969.048483871,6817.900475806451,1273.5690387096774,493063.9894032258,377542.6512193548,391604.30993064516,472957.8094758064,177353.79136612904,31450.96845,109518.73076129032,36384.092154838705,-81353.49954516128,,,,,,,,,,,0,24,1,86,171,0,216,0,0,233,0,0,0,14,1165.0
2019-12-01,은평구,API_2017_2025,2019,12,1675.0,1165.0,,,,,,1928.0,1302.0,448453.18823,440367.72160666663,6907.610216666667,1177.85642,500395.9891566666,390073.70773,403621.65864,480475.70938,175587.23399333333,31587.60833,108075.10359,35924.52207333333,-76854.05074,,,,,,,,,,,0,24,1,86,171,0,216,0,0,233,0,0,0,14,1252.0
2020-01-01,은평구,API_2017_2025,2020,1,1780.0,1252.0,,,,,,1746.0,1151.0,455635.1800548387,447280.22034516133,7047.859380645161,1307.100322580645,503351.5575451613,402620.446683871,414956.91208387096,484691.08576129033,185388.03320967744,33968.94475806452,114071.70357741935,37347.38487419354,-69734.17367741936,1219226.0,781959.0,437267.0,0.3586,,723353.0,563630.0,159723.0,0.2208,,0,36,4,74,219,0,166,0,0,166,0,0,0,24,1266.0
2020-02-01,은평구,API_2017_2025,2020,2,1837.0,1266.0,,,,,,1513.0,996.0,459034.14351612906,450119.9991870968,7541.602329032258,1372.5419903225807,504816.8135870968,407782.6272935484,420101.2575419355,486843.3477774193,185448.4115064516,34715.189380645155,114131.05949677419,36602.16262903226,-66742.09023548388,1219226.0,781959.0,437267.0,0.3586,,723353.0,563630.0,159723.0,0.2208,,0,36,4,74,219,0,166,0,0,166,0,0,0,24,1019.0
2020-03-01,은평구,API_2017_2025,2020,3,1586.0,1019.0,,,,,,1784.0,1177.0,466135.30708275863,456938.3790655172,7802.175913793103,1394.7521137931035,510092.5061793103,416324.4986758621,427316.38042758626,493863.1118448276,176111.8166,28887.83777586207,113648.74982068966,33575.22900344828,-66546.73141724139,1219226.0,781959.0,437267.0,0.3586,,723353.0,563630.0,159723.0,0.2208,,0,36,4,74,219,0,166,0,0,166,0,0,0,24,873.0
2020-04-01,은평구,API_2017_2025,2020,4,1482.0,873.0,,,,,,1747.0,1181.0,465299.16277419357,456558.213716129,7692.544825806452,1048.4042290322582,506433.08365483873,416790.7115419355,428619.9446225806,491498.6043129032,168870.84858064516,25063.193245161292,112000.36596774195,31807.289367741934,-62878.65969032258,1219226.0,781959.0,437267.0,0.3586,,723353.0,563630.0,159723.0,0.2208,,0,36,4,74,219,0,166,0,0,166,0,0,0,24,885.0
2020-05-01,은평구,API_2017_2025,2020,5,1484.0,885.0,,,,,,1875.0,1242.0,462627.18336,454006.63281000004,7288.558576666666,1331.99196,505224.5104833333,413796.1298,425561.1178933334,489102.9444133333,178453.89437333334,28254.778486666666,114825.33926666666,35373.776620000004,-63541.82652,1219226.0,781959.0,437267.0,0.3586,,723353.0,563630.0,159723.0,0.2208,,0,36,4,74,219,0,166,0,0,166,0,0,0,24,948.0
2020-06-01,은평구,API_2017_2025,2020,6,1510.0,948.0,,,,,,1797.0,1192.0,457476.69123870967,449314.76990967744,7158.694019354839,1003.2273096774194,500247.2511741935,409258.65427419357,420807.1850516129,483669.19565806456,178755.86223225805,29820.514396774193,113836.89116129033,35098.45667419355,-62862.010606451615,1219226.0,781959.0,437267.0,0.3586,,723353.0,563630.0,159723.0,0.2208,,0,36,4,74,219,0,166,0,0,166,0,0,0,24,952.0
2020-07-01,은평구,API_2017_2025,2020,7,1591.0,952.0,,,,,,1954.0,1314.0,453829.50361333333,445465.24980000005,6870.858626666667,1493.3952033333333,500608.66346,403639.35584333335,414010.42279,482271.7042066667,179308.70991333332,29595.538496666664,113561.43271333333,36151.73870333333,-68261.28141666666,1219226.0,781959.0,437267.0,0.3586,,723353.0,563630.0,159723.0,0.2208,,0,36,4,74,219,0,166,0,0,166,0,0,0,24,1053.0
2020-08-01,은평구,API_2017_2025,2020,8,1712.0,1053.0,,,,,,1930.0,1280.0,453941.09029677423,446054.30092580646,6740.823551612903,1145.9658193548387,501624.7714935484,403056.180116129,413850.5532645161,482577.18820000003,176990.47398064515,29343.462441935484,111648.2369483871,35998.77459032258,-68726.63493548387,1219226.0,781959.0,437267.0,0.3586,,723353.0,563630.0,159723.0,0.2208,,0,36,4,74,219,0,166,0,0,166,0,0,0,24,1130.0
2020-09-01,은평구,API_2017_2025,2020,9,1901.0,1130.0,,,,,,1888.0,1303.0,456540.9149322581,448270.7315193548,6625.843032258064,1644.3403806451613,497990.58007741935,411604.51296774193,421386.3098774194,481651.34710322577,171461.21831612903,27405.871993548386,110056.71662258064,33998.6297,-60265.03722580645,1219226.0,781959.0,437267.0,0.3586,,723353.0,563630.0,159723.0,0.2208,,0,36,4,74,219,0,166,0,0,166,0,0,0,24,1006.0
2020-10-01,은평구,API_2017_2025,2020,10,1653.0,1006.0,,,,,,1828.0,1247.0,459086.06676333334,451085.55023666663,6568.714373333333,1431.8021633333333,502211.08176000003,411222.95355,421855.7508066667,485679.14960666664,171176.40322666668,27336.65955666667,110048.38784666666,33791.35582333333,-63823.3988,1219226.0,781959.0,437267.0,0.3586,,723353.0,563630.0,159723.0,0.2208,,0,36,4,74,219,0,166,0,0,166,0,0,0,24,1050.0
2020-11-01,은평구,API_2017_2025,2020,11,1716.0,1050.0,,,,,,1675.0,1165.0,452064.3784451613,444399.91208064515,6385.139764516129,1279.3266032258064,497624.9668032258,400928.9986290322,413379.3418032258,479696.54748387093,176296.90691935483,30272.389212903225,110762.39699354839,35262.12071290323,-66317.20568064516,1219226.0,781959.0,437267.0,0.3586,,723353.0,563630.0,159723.0,0.2208,,0,36,4,74,219,0,166,0,0,166,0,0,0,24,966.0
2020-12-01,은평구,API_2017_2025,2020,12,1544.0,966.0,,,,,,1780.0,1252.0,450177.7340633333,442124.27063,6412.37584,1641.0875899999999,496614.64850333333,398057.35927,410081.8544933333,478817.64805,174315.18431333333,29316.16907,110814.27807333333,34184.73717,-68735.79355666667,1219226.0,781959.0,437267.0,0.3586,,723353.0,563630.0,159723.0,0.2208,,0,36,4,74,219,0,166,0,0,166,0,0,0,24,867.0
2021-01-01,은평구,건별집계|API_2017_2025,2021,1,1403.0,867.0,,,,,,1837.0,1266.0,458019.84374516126,450209.3776,6500.548609677419,1309.917541935484,495724.46698064514,413321.24138709676,423742.2637967742,482503.8294193548,165383.70108709676,26694.098661290325,106899.25620967742,31790.346216129034,-58761.565622580645,1161538.0,752842.0,408696.0,0.3519,,922520.0,683635.0,238885.0,0.2589,,0,24,1,68,163,10,159,0,0,143,0,0,0,10,1130.0
2021-02-01,은평구,건별집계|API_2017_2025,2021,2,1791.0,1130.0,500.0,161.0,858.0,923.0,10.0,1586.0,1019.0,459995.38002903224,452221.58780967747,6425.778287096774,1348.0139193548387,496383.53946451616,415563.3271548387,426470.8703677419,483941.4583483871,169253.37523225805,27336.50016451613,110118.34471612902,31798.530351612906,-57470.58798064516,1161538.0,752842.0,408696.0,0.3519,,922520.0,683635.0,238885.0,0.2589,,0,24,1,68,163,10,159,0,0,143,0,0,0,10,1012.0
2021-03-01,은평구,건별집계|API_2017_2025,2021,3,1575.0,1012.0,470.0,93.0,802.0,750.0,23.0,1482.0,873.0,452148.949275,444855.6634107143,6341.062400000001,952.2234642857142,492072.23547857144,404172.7672392857,416342.3935464286,477725.06051071425,173446.5345,29526.662092857143,110491.68992142857,33428.182485714286,-61382.666964285716,1161538.0,752842.0,408696.0,0.3519,,922520.0,683635.0,238885.0,0.2589,,0,24,1,68,163,10,159,0,0,143,0,0,0,10,1179.0
2021-04-01,은평구,건별집계|API_2017_2025,2021,4,1857.0,1179.0,574.0,104.0,942.0,892.0,23.0,1484.0,885.0,447463.8210741935,440046.87638709677,6280.569393548387,1136.375312903226,492782.90854838706,395001.60683225805,407365.6014774194,476105.40648709674,171190.61453870966,28688.295506451614,109045.68574193548,33456.63329032258,-68739.80500967742,1161538.0,752842.0,408696.0,0.3519,,922520.0,683635.0,238885.0,0.2589,,0,24,1,68,163,10,159,0,0,143,0,0,0,10,1217.0
2021-05-01,은평구,건별집계|API_2017_2025,2021,5,1840.0,1217.0,538.0,85.0,981.0,820.0,39.0,1510.0,948.0,441539.01513333333,434399.05803666665,6051.277503333333,1088.6795933333333,488123.24488333333,387848.0889733333,400496.47401999997,470855.11593,177990.83185666666,29444.43121,113529.47487666667,35016.925769999994,-70358.64190999999,1161538.0,752842.0,408696.0,0.3519,,922520.0,683635.0,238885.0,0.2589,,0,24,1,68,163,10,159,0,0,143,0,0,0,10,1335.0
2021-06-01,은평구,건별집계|API_2017_2025,2021,6,2105.0,1335.0,611.0,159.0,1045.0,1023.0,37.0,1591.0,952.0,443423.29272258066,436171.87192258064,6046.671087096774,1204.749722580645,486930.8309096774,394179.56211612903,405982.5330451613,470166.6925064516,175115.32502903225,29630.691183870968,110796.6485032258,34687.985341935484,-64184.15946129032,1161538.0,752842.0,408696.0,0.3519,,922520.0,683635.0,238885.0,0.2589,,0,24,1,68,163,10,159,0,0,143,0,0,0,10,1538.0
2021-07-01,은평구,건별집계|API_2017_2025,2021,7,2284.0,1538.0,588.0,158.0,1178.0,1071.0,35.0,1712.0,1053.0,440615.40184,433479.91874,6019.302646666666,1116.1804666666665,486376.33858000004,389796.66638666665,400915.69871666667,468972.33265666664,177129.55988333334,30002.136296666667,111996.91333333333,35130.510253333334,-68056.63394,1161538.0,752842.0,408696.0,0.3519,,922520.0,683635.0,238885.0,0.2589,,0,24,1,68,163,10,159,0,0,143,0,0,0,10,1502.0
2021-08-01,은평구,건별집계|API_2017_2025,2021,8,2333.0,1502.0,680.0,151.0,1232.0,1070.0,31.0,1901.0,1130.0,440749.3330548387,433453.7436,6095.40974516129,1200.179712903226,482030.49087419355,395391.26959032257,405042.1462903226,466254.46647096775,167606.37655161292,27920.842393548384,107087.76662580644,32597.767532258065,-61212.32018064517,1161538.0,752842.0,408696.0,0.3519,,922520.0,683635.0,238885.0,0.2589,,0,24,1,68,163,10,159,0,0,143,0,0,0,10,1600.0
2021-09-01,은평구,건별집계|API_2017_2025,2021,9,2373.0,1600.0,666.0,107.0,1326.0,1002.0,45.0,1653.0,1006.0,437366.48396774195,429920.84533870965,5995.5736419354835,1450.0649870967743,476419.9108677419,392297.7778032258,402790.3399193548,462063.7297064516,163043.0516580645,27218.953806451613,104060.33013225807,31763.767719354837,-59273.38978709677,1161538.0,752842.0,408696.0,0.3519,,922520.0,683635.0,238885.0,0.2589,,0,24,1,68,163,10,159,0,0,143,0,0,0,10,1581.0
2021-10-01,은평구,건별집계|API_2017_2025,2021,10,2439.0,1581.0,751.0,107.0,1307.0,1110.0,22.0,1716.0,1050.0,436443.58781,429230.75959333335,5893.653693333333,1319.1745,476614.9077833333,391077.38825333334,401636.87150666665,461305.52802333335,167921.47508333335,30180.689356666666,104212.18662666666,33528.5991,-59668.65651666667,1161538.0,752842.0,408696.0,0.3519,,922520.0,683635.0,238885.0,0.2589,,0,24,1,68,163,10,159,0,0,143,0,0,0,10,1409.0
2021-11-01,은평구,건별집계|API_2017_2025,2021,11,2146.0,1409.0,640.0,97.0,1152.0,980.0,14.0,1544.0,966.0,435301.45434516127,428317.1030225807,5801.926674193549,1182.4246419354838,477307.6807096774,386721.0811870968,398719.0278354839,461431.75901290326,164637.8457032258,28729.32395483871,103098.37816451614,32810.143583870966,-62712.73117741936,1161538.0,752842.0,408696.0,0.3519,,922520.0,683635.0,238885.0,0.2589,,0,24,1,68,163,10,159,0,0,143,0,0,0,10,1444.0
2021-12-01,은평구,건별집계|API_2017_2025,2021,12,2279.0,1444.0,737.0,98.0,1330.0,835.0,114.0,1403.0,867.0,432815.5447966667,425969.32620666665,5693.544599999999,1152.6739833333334,478233.00892666663,381412.71501000004,393232.49579,461089.1512266667,169995.9640466667,30368.21067333333,105410.98478,34216.768593333334,-67856.65543666667,1161538.0,752842.0,408696.0,0.3519,,922520.0,683635.0,238885.0,0.2589,,0,24,1,68,163,10,159,0,0,143,0,0,0,10,1321.0
2022-01-01,은평구,건별집계|xlsx_2022_2024,2022,1,2384.0,1321.0,933.0,130.0,1435.0,669.0,280.0,1791.0,1130.0,441560.0799258065,434475.12953870965,5743.949696774193,1341.0006870967743,483836.46793225803,392542.44637419353,403822.70872580644,468515.34508709674,162414.7216516129,29555.8869516129,98208.37843548387,34650.45626451613,-64692.63636129032,1231343.0,809436.0,421907.0,0.3426,119631.0,1047746.0,804455.0,243291.0,0.2322,102561.0,0,11,1,56,167,0,119,0,0,113,0,0,0,11,1254.0
2022-02-01,은평구,건별집계|xlsx_2022_2024,2022,2,2026.0,1254.0,646.0,126.0,1082.0,875.0,69.0,1575.0,1012.0,443316.5894032258,436032.76423870964,5864.2851967741935,1419.5399677419355,483735.8239645161,395078.53570967744,406716.1120741936,469459.78749677417,162346.28814193548,30539.584138709677,98615.28851935484,33191.415483870966,-62743.67542258064,1231343.0,809436.0,421907.0,0.3426,119631.0,1047746.0,804455.0,243291.0,0.2322,102561.0,0,11,1,56,167,0,119,0,0,113,0,0,0,11,1209.0
2022-03-01,은평구,건별집계|xlsx_2022_2024,2022,3,2092.0,1209.0,785.0,98.0,1141.0,924.0,27.0,1857.0,1179.0,447696.72773214284,440390.681125,5927.897414285714,1378.1492214285715,486174.4375571428,402251.4769607143,413254.4138428572,472298.3805214286,161085.9584464286,29417.548378571428,98671.40812857143,32997.001939285714,-59043.96667857143,1231343.0,809436.0,421907.0,0.3426,119631.0,1047746.0,804455.0,243291.0,0.2322,102561.0,0,11,1,56,167,0,119,0,0,113,0,0,0,11,1423.0
2022-04-01,은평구,건별집계|xlsx_2022_2024,2022,4,2877.0,1423.0,1358.0,96.0,1541.0,1279.0,57.0,1840.0,1217.0,447893.9449677419,440779.33468387095,5914.839548387097,1199.770735483871,487125.28271935484,401108.9139322581,412655.50508709677,473064.25917096774,156945.43428387097,27828.1742,97092.4993,32024.760783870966,-60408.75408387097,1231343.0,809436.0,421907.0,0.3426,119631.0,1047746.0,804455.0,243291.0,0.2322,102561.0,0,11,1,56,167,0,119,0,0,113,0,0,0,11,1293.0
2022-05-01,은평구,건별집계|xlsx_2022_2024,2022,5,2163.0,1293.0,774.0,96.0,1175.0,955.0,33.0,2105.0,1335.0,436289.7526033333,429163.06783666665,5754.168616666667,1372.5161433333335,482456.22771666665,382379.74225,395574.2865766667,465372.22833333333,166530.95145666666,30004.348103333334,101812.0214,34714.581953333334,-69797.94175666667,1231343.0,809436.0,421907.0,0.3426,119631.0,1047746.0,804455.0,243291.0,0.2322,102561.0,0,11,1,56,167,0,119,0,0,113,0,0,0,11,1325.0
2022-06-01,은평구,건별집계|xlsx_2022_2024,2022,6,2104.0,1325.0,674.0,105.0,1090.0,980.0,34.0,2284.0,1538.0,437521.4754774194,430258.99526129034,5623.8052,1638.6750000000002,487379.46659032255,381407.08021290327,394835.80861612904,468011.23751935485,166855.1193483871,31297.60390322581,100932.18878064517,34625.326664516135,-73175.42890322581,1231343.0,809436.0,421907.0,0.3426,119631.0,1047746.0,804455.0,243291.0,0.2322,102561.0,0,11,1,56,167,0,119,0,0,113,0,0,0,11,1346.0
2022-07-01,은평구,건별집계|xlsx_2022_2024,2022,7,2118.0,1346.0,642.0,130.0,1126.0,948.0,44.0,2333.0,1502.0,445951.39225,438633.7926333333,5603.361703333333,1714.2379266666665,494584.35396,391378.5076333333,404406.82387,475626.08395,168599.63375333333,31462.08011,101742.89198999999,35394.661653333336,-71219.26008,1231343.0,809436.0,421907.0,0.3426,119631.0,1047746.0,804455.0,243291.0,0.2322,102561.0,0,11,1,56,167,0,119,0,0,113,0,0,0,11,1492.0
2022-08-01,은평구,건별집계|xlsx_2022_2024,2022,8,2387.0,1492.0,801.0,94.0,1232.0,1098.0,57.0,2373.0,1600.0,434124.0052032258,427088.5842548387,5585.263093548388,1450.1578451612902,480054.5610451613,383792.82583870966,394896.79807419353,462143.4388516129,160480.4933516129,30429.037958064513,97122.34205806452,32929.113335483875,-67246.64077741935,1231343.0,809436.0,421907.0,0.3426,119631.0,1047746.0,804455.0,243291.0,0.2322,102561.0,0,11,1,56,167,0,119,0,0,113,0,0,0,11,1618.0
2022-09-01,은평구,건별집계|xlsx_2022_2024,2022,9,2615.0,1618.0,868.0,129.0,1388.0,1178.0,49.0,2439.0,1581.0,427596.5518709678,420834.61993870966,5485.515719354839,1276.4162161290321,472610.43647741934,377071.14427419356,388460.95966774196,455550.5462967742,156885.74918064516,28565.650077419356,96308.95468387096,32011.144419354838,-67089.58662903226,1231343.0,809436.0,421907.0,0.3426,119631.0,1047746.0,804455.0,243291.0,0.2322,102561.0,0,11,1,56,167,0,119,0,0,113,0,0,0,11,1400.0
2022-10-01,은평구,건별집계|xlsx_2022_2024,2022,10,2283.0,1400.0,771.0,112.0,1160.0,1059.0,64.0,2146.0,1409.0,427623.79891333333,420751.74651666667,5505.461139999999,1366.5912533333333,475055.83464,374444.15691,386876.6098566667,456728.93396,158227.27203,30920.047123333334,94803.49659000001,32503.728316666668,-69852.32410333333,1231343.0,809436.0,421907.0,0.3426,119631.0,1047746.0,804455.0,243291.0,0.2322,102561.0,0,11,1,56,167,0,119,0,0,113,0,0,0,11,1394.0
2022-11-01,은평구,건별집계|xlsx_2022_2024,2022,11,2147.0,1394.0,662.0,91.0,1118.0,983.0,46.0,2279.0,1444.0,427969.2336419355,421143.36932258063,5512.495261290323,1313.3690548387096,474842.8232290322,373234.5442,387051.664416129,457196.0688,152549.18497419354,28982.282099999997,91957.14859677419,31609.754277419353,-70144.40438387096,1231343.0,809436.0,421907.0,0.3426,119631.0,1047746.0,804455.0,243291.0,0.2322,102561.0,0,11,1,56,167,0,119,0,0,113,0,0,0,11,1389.0
2022-12-01,은평구,건별집계|xlsx_2022_2024,2022,12,2243.0,1389.0,730.0,124.0,1159.0,1041.0,43.0,2384.0,1321.0,426289.30260999996,419546.74241666665,5472.115486666667,1270.4447066666667,474621.25072,370218.59207,383450.55383333337,456888.4088833333,156612.21908666665,29638.926393333335,94325.72447666667,32647.56821666667,-73437.85504999998,1231343.0,809436.0,421907.0,0.3426,119631.0,1047746.0,804455.0,243291.0,0.2322,102561.0,0,11,1,56,167,0,119,0,0,113,0,0,0,11,1535.0
2017-01-01,종로구,API_2017_2025,2017,1,,,,,,,,,,,,,,,,,,,,,,,,,,,,,,,,,6,52,8,356,131,0,287,0,0,135,0,0,1,18,834.0
2017-02-01,종로구,API_2017_2025,2017,2,1418.0,834.0,,,,,,,,,,,,,,,,,,,,,,,,,,,,,,,6,52,8,356,131,0,287,0,0,135,0,0,1,18,734.0
2017-03-01,종로구,API_2017_2025,2017,3,1286.0,734.0,,,,,,,,,,,,,,,,,,,,,,,,,,,,,,,6,52,8,356,131,0,287,0,0,135,0,0,1,18,798.0
2017-04-01,종로구,API_2017_2025,2017,4,1467.0,798.0,,,,,,,,,,,,,,,,,,,,,,,,,,,,,,,6,52,8,356,131,0,287,0,0,135,0,0,1,18,816.0
2017-05-01,종로구,API_2017_2025,2017,5,1483.0,816.0,,,,,,,,,,,,,,,,,,,,,,,,,,,,,,,6,52,8,356,131,0,287,0,0,135,0,0,1,18,965.0
2017-06-01,종로구,API_2017_2025,2017,6,1631.0,965.0,,,,,,,,,,,,,,,,,,,,,,,,,,,,,,,6,52,8,356,131,0,287,0,0,135,0,0,1,18,971.0
2017-07-01,종로구,API_2017_2025,2017,7,1698.0,971.0,,,,,,,,,,,,,,,,,,,,,,,,,,,,,,,6,52,8,356,131,0,287,0,0,135,0,0,1,18,1010.0
2017-08-01,종로구,API_2017_2025,2017,8,1745.0,1010.0,,,,,,,,,,,,,,,,,,,,,,,,,,,,,,,6,52,8,356,131,0,287,0,0,135,0,0,1,18,974.0
2017-09-01,종로구,API_2017_2025,2017,9,1670.0,974.0,,,,,,,,,,,,,,,,,,,,,,,,,,,,,,,6,52,8,356,131,0,287,0,0,135,0,0,1,18,982.0
2017-10-01,종로구,API_2017_2025,2017,10,1699.0,982.0,,,,,,,,,,,,,,,,,,,,,,,,,,,,,,,6,52,8,356,131,0,287,0,0,135,0,0,1,18,959.0
2017-11-01,종로구,API_2017_2025,2017,11,1681.0,959.0,,,,,,,,,,,,,,,,,,,,,,,,,,,,,,,6,52,8,356,131,0,287,0,0,135,0,0,1,18,911.0
2017-12-01,종로구,API_2017_2025,2017,12,1596.0,911.0,,,,,,,,,,,,,,,,,,,,,,,,,,,,,,,6,52,8,356,131,0,287,0,0,135,0,0,1,18,1036.0
2018-01-01,종로구,API_2017_2025,2018,1,1765.0,1036.0,,,,,,1418.0,834.0,,,,,,,,,,,,,,,,,,,,,,,,10,44,5,200,106,9,151,0,0,110,0,0,0,8,1023.0
2018-02-01,종로구,API_2017_2025,2018,2,1759.0,1023.0,,,,,,1286.0,734.0,,,,,,,,,,,,,,,,,,,,,,,,10,44,5,200,106,9,151,0,0,110,0,0,0,8,841.0
2018-03-01,종로구,API_2017_2025,2018,3,1445.0,841.0,,,,,,1467.0,798.0,,,,,,,,,,,,,,,,,,,,,,,,10,44,5,200,106,9,151,0,0,110,0,0,0,8,900.0
2018-04-01,종로구,API_2017_2025,2018,4,1620.0,900.0,,,,,,1483.0,816.0,,,,,,,,,,,,,,,,,,,,,,,,10,44,5,200,106,9,151,0,0,110,0,0,0,8,902.0
2018-05-01,종로구,API_2017_2025,2018,5,1599.0,902.0,,,,,,1631.0,965.0,379032.15570384613,342123.8175423077,20254.073734615384,16654.26443076923,523693.89743846154,268618.82828846155,480991.8420307692,306203.80833846156,343196.2579269231,89902.41188076923,43392.72295384616,209901.1230923077,174788.0336923077,,,,,,,,,,,10,44,5,200,106,9,151,0,0,110,0,0,0,8,1015.0
2018-06-01,종로구,API_2017_2025,2018,6,1811.0,1015.0,,,,,,1698.0,971.0,378427.4131967742,343912.2941903226,20020.726796774194,14494.392206451614,527388.230583871,267030.9039870968,481636.91516774194,303773.4093451613,341407.1206516129,92738.2235516129,42881.61322258064,205787.28387741937,177863.50582258066,,,,,,,,,,,10,44,5,200,106,9,151,0,0,110,0,0,0,8,1010.0
2018-07-01,종로구,API_2017_2025,2018,7,1828.0,1010.0,,,,,,1745.0,1010.0,359478.47442,327129.94180333335,19351.03601666667,12997.496623333334,490746.4948366667,257891.42050333333,451948.05443333334,293428.77441333333,309227.59150333336,81870.20898666668,40064.81508666666,187292.56743,158519.28002,,,,,,,,,,,10,44,5,200,106,9,151,0,0,110,0,0,0,8,1102.0
2018-08-01,종로구,API_2017_2025,2018,8,1867.0,1102.0,,,,,,1670.0,974.0,343811.1416580645,313531.3950677419,16537.767109677417,13741.97947096774,461851.8428096774,249053.7086483871,430774.1805709677,281694.6852935484,295815.8461096774,77641.51642258064,39182.68438387097,178991.6453032258,149079.49527741937,,,,,,,,,,,10,44,5,200,106,9,151,0,0,110,0,0,0,8,1036.0
2018-09-01,종로구,API_2017_2025,2018,9,1926.0,1036.0,,,,,,1699.0,982.0,334826.9419806452,304753.67181612906,15917.088748387097,14156.181412903226,449744.6668451613,244165.20427096772,418288.2567129032,274517.3029451613,293768.60587096773,76619.70444193548,38876.28679032258,178272.61463870967,143770.95376774194,,,,,,,,,,,10,44,5,200,106,9,151,0,0,110,0,0,0,8,915.0
2018-10-01,종로구,API_2017_2025,2018,10,1670.0,915.0,,,,,,1681.0,959.0,346000.73034666665,311999.51827,19160.55905,14840.65303,472492.25131666666,253334.88841,432447.86026000004,284252.7804133333,295794.5843333333,81591.25751,36730.06943333334,177473.25738999998,148195.07984666666,,,,,,,,,,,10,44,5,200,106,9,151,0,0,110,0,0,0,8,918.0
2018-11-01,종로구,API_2017_2025,2018,11,1658.0,918.0,,,,,,1596.0,911.0,362251.8399709678,326460.3240967742,19216.355,16575.160880645162,505584.0920096774,260396.6868935484,459053.56605483865,292347.0748612903,317908.8232483871,88718.6723,37824.99039032258,191365.16055806453,166706.4911935484,,,,,,,,,,,10,44,5,200,106,9,151,0,0,110,0,0,0,8,852.0
2018-12-01,종로구,API_2017_2025,2018,12,1544.0,852.0,,,,,,1765.0,1036.0,366392.94653666666,330187.3892533333,19572.525616666666,16633.031676666666,506835.0344066667,262323.50086333335,462717.88155666663,297589.42155,327055.78396666667,90292.07442333334,38467.09774333333,198296.6118,165128.4600066667,,,,,,,,,,,10,44,5,200,106,9,151,0,0,110,0,0,0,8,954.0
2019-01-01,종로구,API_2017_2025,2019,1,1767.0,954.0,,,,,,1759.0,1023.0,349729.8822677419,314873.3088451613,19205.308867741936,15651.264551612903,474580.1432580645,254546.21399032258,435677.78926451615,288338.5201354839,297851.1271451613,82164.05987741935,37812.58864193549,177874.47862580643,147339.26912903227,,,,,,,,,,,0,28,4,114,77,0,181,0,0,84,0,0,0,26,822.0
2019-02-01,종로구,API_2017_2025,2019,2,1428.0,822.0,,,,,,1445.0,841.0,338030.20441612904,307743.1344967742,16385.95316451613,13901.116758064516,466578.87772903225,243901.38888709678,426171.0516483871,275072.45638064516,309801.35992580646,86022.25580322581,38843.789364516124,184935.31475806452,151098.5952677419,,,,,,,,,,,0,28,4,114,77,0,181,0,0,84,0,0,0,26,745.0
2019-03-01,종로구,API_2017_2025,2019,3,1299.0,745.0,,,,,,1620.0,900.0,320851.5747642857,291767.10793928575,15963.7417,13120.725135714285,438818.93757857144,236665.5412857143,399373.57833214285,264764.42935,287736.21113571426,81209.29794285714,36645.9516,169880.96159285711,134609.14898214285,,,,,,,,,,,0,28,4,114,77,0,181,0,0,84,0,0,0,26,826.0
2019-04-01,종로구,API_2017_2025,2019,4,1499.0,826.0,,,,,,1599.0,902.0,346945.36988387094,314102.9137838709,19535.28323870968,13307.172883870968,475204.43977096776,254012.2786419355,434781.5492967742,284205.2417612903,287676.99052580644,80464.39072903227,34451.560348387095,172761.0394483871,150576.30753548385,,,,,,,,,,,0,28,4,114,77,0,181,0,0,84,0,0,0,26,833.0
2019-05-01,종로구,API_2017_2025,2019,5,1468.0,833.0,,,,,,1811.0,1015.0,349683.17495666665,315552.93712,19500.935279999998,14629.30256,481426.85903666663,253930.42511,440336.16488999996,284931.0392966667,315806.25770666666,84031.25421666667,39185.522286666666,192589.48120333333,155405.12559333336,,,,,,,,,,,0,28,4,114,77,0,181,0,0,84,0,0,0,26,942.0
2019-06-01,종로구,API_2017_2025,2019,6,1669.0,942.0,,,,,,1828.0,1010.0,342521.9268903226,309013.9178419355,19641.59029032258,13866.418761290322,470848.21242580644,248359.7317967742,431185.3658967742,279190.8990354839,291101.16045806446,81070.31960967742,36017.693151612904,174013.1476967742,151994.4668612903,,,,,,,,,,,0,28,4,114,77,0,181,0,0,84,0,0,0,26,904.0
2019-07-01,종로구,API_2017_2025,2019,7,1600.0,904.0,,,,,,1867.0,1102.0,330377.8425,297878.5840566667,19524.551866666665,12974.706573333333,443409.29176000005,245353.49034333334,409130.47565333336,274125.96169,265607.8099033333,71918.88048,34242.36361,159446.56581333332,135004.51396333333,,,,,,,,,,,0,28,4,114,77,0,181,0,0,84,0,0,0,26,953.0
2019-08-01,종로구,API_2017_2025,2019,8,1678.0,953.0,,,,,,1926.0,1036.0,324134.82135161286,294926.50758709677,16828.17290645161,12380.140841935483,438370.2714967742,235234.66996129032,406813.14414193545,265078.87650645163,252748.49691612902,69905.44904838709,30495.555648387097,152347.49221935484,141734.26763548388,,,,,,,,,,,0,28,4,114,77,0,181,0,0,84,0,0,0,26,948.0
2019-09-01,종로구,API_2017_2025,2019,9,1673.0,948.0,,,,,,1670.0,915.0,329357.8284967742,299676.2127645161,16191.679509677419,13489.936206451614,443618.3320580645,242809.883216129,409705.7084225806,271966.4856870968,264371.4077483871,74600.75973225807,32075.32621935484,157695.3217967742,137739.22273548387,,,,,,,,,,,0,28,4,114,77,0,181,0,0,84,0,0,0,26,865.0
2019-10-01,종로구,API_2017_2025,2019,10,1689.0,865.0,,,,,,1658.0,918.0,338801.4743,305231.0970633334,19551.600063333335,14018.777183333334,459012.87303,249871.36231666667,421937.91239,279418.30425333336,281418.14841666666,79369.42283333333,33179.714256666666,168869.01132666666,142519.60813666665,,,,,,,,,,,0,28,4,114,77,0,181,0,0,84,0,0,0,26,961.0
2019-11-01,종로구,API_2017_2025,2019,11,1765.0,961.0,,,,,,1544.0,852.0,362284.8499274194,325827.4482612903,19682.63685483871,16774.764808064516,516572.96132903226,253575.2047887097,467094.2129693549,287421.0191629032,324348.93369032256,93255.5166967742,33558.344659677416,197535.07233387098,179673.1938064516,,,,,,,,,,,0,28,4,114,77,0,181,0,0,84,0,0,0,26,934.0
2019-12-01,종로구,API_2017_2025,2019,12,1642.0,934.0,,,,,,1767.0,954.0,353387.87701,317609.6126066667,19534.76898333333,16243.49542,490715.12798000005,253600.3590366667,447654.9917933333,286054.22361,304312.56611,87249.67480666666,32350.055996666666,184712.83530666668,161600.76818333333,,,,,,,,,,,0,28,4,114,77,0,181,0,0,84,0,0,0,26,912.0
2020-01-01,종로구,API_2017_2025,2020,1,1602.0,912.0,,,,,,1428.0,822.0,345149.87300967745,310594.9880870968,19017.81494193548,15537.070003225806,470727.1328516129,250909.8664483871,431603.90660322586,283396.9918677419,303252.80126451614,86051.59527096774,34291.64023225806,182909.56576129032,148206.91473548388,393826.0,263424.0,130402.0,0.3311,,1212638.0,682907.0,529731.0,0.4368,,0,22,1,69,86,0,130,0,0,97,0,0,2,14,832.0
2020-02-01,종로구,API_2017_2025,2020,2,1402.0,832.0,,,,,,1299.0,745.0,319075.13143548387,289418.1998064516,15821.775283870968,13835.15635483871,435236.4142419355,235829.32412258064,397819.1506741936,262829.40341612906,282013.34326774196,79743.03116774194,33261.01487419355,169009.29722580645,134989.7472580645,393826.0,263424.0,130402.0,0.3311,,1212638.0,682907.0,529731.0,0.4368,,0,22,1,69,86,0,130,0,0,97,0,0,2,14,629.0
2020-03-01,종로구,API_2017_2025,2020,3,1249.0,629.0,,,,,,1499.0,826.0,310324.96677241375,283793.6094034483,15696.911489655173,10834.44587586207,408632.36273103446,234543.93304827588,382327.7362758621,258894.41713793104,257432.9498586207,64458.04483448276,34336.185489655174,158638.71953448278,123433.31913793103,393826.0,263424.0,130402.0,0.3311,,1212638.0,682907.0,529731.0,0.4368,,0,22,1,69,86,0,130,0,0,97,0,0,2,14,489.0
2020-04-01,종로구,API_2017_2025,2020,4,1018.0,489.0,,,,,,1468.0,833.0,285991.8058548387,265353.3741,15575.217367741934,5063.214387096775,366184.5269967742,224847.02057419354,344944.8203612903,243882.50976451611,224081.5686612903,51507.145987096774,33391.59871612903,139182.82395806452,101062.3105967742,393826.0,263424.0,130402.0,0.3311,,1212638.0,682907.0,529731.0,0.4368,,0,22,1,69,86,0,130,0,0,97,0,0,2,14,575.0
2020-05-01,종로구,API_2017_2025,2020,5,1150.0,575.0,,,,,,1669.0,942.0,290488.38319333334,272074.21874000004,15916.17999,2497.984466666667,378167.09042,224369.96002333332,353878.8501366667,245209.47824,244638.47693333335,58268.22479666666,34910.85788333333,151459.39425333336,108669.37189666666,393826.0,263424.0,130402.0,0.3311,,1212638.0,682907.0,529731.0,0.4368,,0,22,1,69,86,0,130,0,0,97,0,0,2,14,652.0
2020-06-01,종로구,API_2017_2025,2020,6,1340.0,652.0,,,,,,1600.0,904.0,293561.87420322583,275369.46318709676,16294.886451612903,1897.5245612903227,384563.6928258065,224041.55252903225,359050.869532258,246784.02038709677,250973.17557419356,61393.5806483871,35120.434941935484,154459.15998387095,112266.8491451613,393826.0,263424.0,130402.0,0.3311,,1212638.0,682907.0,529731.0,0.4368,,0,22,1,69,86,0,130,0,0,97,0,0,2,14,721.0
2020-07-01,종로구,API_2017_2025,2020,7,1442.0,721.0,,,,,,1678.0,953.0,304648.96323,285128.00513,16785.31670666667,2735.64139,400021.1871033333,228046.45645666667,376009.54219,253677.12110666666,263864.94634333334,63790.67519,35429.73059666667,164644.54055666664,122332.42108333335,393826.0,263424.0,130402.0,0.3311,,1212638.0,682907.0,529731.0,0.4368,,0,22,1,69,86,0,130,0,0,97,0,0,2,14,744.0
2020-08-01,종로구,API_2017_2025,2020,8,1484.0,744.0,,,,,,1673.0,948.0,307947.48208064516,288884.58744516125,16668.891987096773,2394.0026580645163,407005.41178709676,229038.4933516129,381138.8751483871,255667.91562580646,267219.0620806452,66261.45606774194,34642.35719677419,166315.24881612902,125470.95952258066,393826.0,263424.0,130402.0,0.3311,,1212638.0,682907.0,529731.0,0.4368,,0,22,1,69,86,0,130,0,0,97,0,0,2,14,690.0
2020-09-01,종로구,API_2017_2025,2020,9,1403.0,690.0,,,,,,1689.0,865.0,287503.1764774193,267153.2492645161,16254.437570967742,4095.4896451612904,367454.83586774196,225866.26755483873,345866.7537548387,245814.90701290322,232279.23081290323,55976.15282903225,33636.17489032258,142666.90309354838,100051.84674193549,393826.0,263424.0,130402.0,0.3311,,1212638.0,682907.0,529731.0,0.4368,,0,22,1,69,86,0,130,0,0,97,0,0,2,14,602.0
2020-10-01,종로구,API_2017_2025,2020,10,1141.0,602.0,,,,,,1765.0,961.0,286807.74854999996,266557.66003666667,15925.478343333332,4324.610176666666,367708.74499333336,225172.45384333332,346029.57744333334,244506.44218333333,230845.89573,53300.883389999995,33730.42597333333,143814.58636666666,101523.13526,393826.0,263424.0,130402.0,0.3311,,1212638.0,682907.0,529731.0,0.4368,,0,22,1,69,86,0,130,0,0,97,0,0,2,14,665.0
2020-11-01,종로구,API_2017_2025,2020,11,1354.0,665.0,,,,,,1642.0,934.0,295850.67443225806,276902.07187419356,16123.936396774194,2824.666183870968,389207.1971258064,225260.32810967744,362048.2590612903,248566.68541290323,255907.15785161292,64190.56059032258,34485.74715161291,157230.85010967744,113481.5736483871,393826.0,263424.0,130402.0,0.3311,,1212638.0,682907.0,529731.0,0.4368,,0,22,1,69,86,0,130,0,0,97,0,0,2,14,631.0
2020-12-01,종로구,API_2017_2025,2020,12,1164.0,631.0,,,,,,1602.0,912.0,300949.85688,280931.5343266667,16240.16912,3778.1534366666665,398412.92274999997,227721.10821333333,370892.4358166667,250990.87192333335,261583.46781,64964.24698,35053.18999,161566.03084000002,119901.56389333332,393826.0,263424.0,130402.0,0.3311,,1212638.0,682907.0,529731.0,0.4368,,0,22,1,69,86,0,130,0,0,97,0,0,2,14,547.0
2021-01-01,종로구,건별집계|API_2017_2025,2021,1,1007.0,547.0,,,,,,1402.0,832.0,273887.8066935484,255716.99864193547,15378.290338709678,2792.517722580645,347955.43410645163,219379.11588387098,328175.0562096774,235111.19987741936,212183.63437419356,47877.04674516129,32825.2224,131481.36522903226,93063.85633225806,380719.0,255353.0,125366.0,0.3293,,1152046.0,663885.0,488161.0,0.4237,,0,15,2,52,121,0,119,0,0,65,0,0,0,5,570.0
2021-02-01,종로구,건별집계|API_2017_2025,2021,2,1113.0,570.0,437.0,106.0,430.0,612.0,71.0,1249.0,629.0,268758.06197419355,252005.9686483871,14568.147764516129,2183.945577419355,343302.58132903225,215287.29232258064,322242.39252580644,230554.96872903226,215446.74553225806,49955.44779677419,33452.144661290324,132039.15307419354,91687.4237967742,380719.0,255353.0,125366.0,0.3293,,1152046.0,663885.0,488161.0,0.4237,,0,15,2,52,121,0,119,0,0,65,0,0,0,5,534.0
2021-03-01,종로구,건별집계|API_2017_2025,2021,3,1032.0,534.0,443.0,55.0,420.0,543.0,69.0,1018.0,489.0,277923.8072035714,259628.6901285714,14759.617907142858,3535.499164285714,363817.93434642855,216409.35912142857,338251.03010000003,234832.93369642858,236856.9070428571,59339.940735714285,33656.73639285714,143860.2299142857,103418.09640357143,380719.0,255353.0,125366.0,0.3293,,1152046.0,663885.0,488161.0,0.4237,,0,15,2,52,121,0,119,0,0,65,0,0,0,5,590.0
2021-04-01,종로구,건별집계|API_2017_2025,2021,4,1135.0,590.0,456.0,89.0,451.0,599.0,85.0,1150.0,575.0,296989.04098064516,277142.2325774193,15114.339954838708,4732.468441935484,393173.85987096775,224594.71198387095,366592.7068967742,247272.13674193548,253838.1597548387,64639.834977419356,33875.23040645161,155323.09437096774,119320.57015483872,380719.0,255353.0,125366.0,0.3293,,1152046.0,663885.0,488161.0,0.4237,,0,15,2,52,121,0,119,0,0,65,0,0,0,5,609.0
2021-05-01,종로구,건별집계|API_2017_2025,2021,5,1185.0,609.0,504.0,72.0,457.0,631.0,97.0,1340.0,652.0,294800.91389666667,276899.0066266667,15130.371543333335,2771.53572,390679.12725333334,221850.92671,364564.1579966667,244970.02525,264084.08337,64260.557856666666,36313.120630000005,163510.40488333334,119594.13274666667,380719.0,255353.0,125366.0,0.3293,,1152046.0,663885.0,488161.0,0.4237,,0,15,2,52,121,0,119,0,0,65,0,0,0,5,689.0
2021-06-01,종로구,건별집계|API_2017_2025,2021,6,1344.0,689.0,513.0,142.0,508.0,754.0,82.0,1442.0,721.0,289514.1898322581,271044.4809064516,15298.68094516129,3171.0279967741935,380476.4054548387,221383.8175580645,354222.07395806455,243294.2726096774,249225.8704903226,61598.799506451614,35645.85046451613,151981.22051935483,110927.8013483871,380719.0,255353.0,125366.0,0.3293,,1152046.0,663885.0,488161.0,0.4237,,0,15,2,52,121,0,119,0,0,65,0,0,0,5,744.0
2021-07-01,종로구,건별집계|API_2017_2025,2021,7,1443.0,744.0,560.0,139.0,620.0,741.0,82.0,1484.0,744.0,294342.0578733333,276007.75053,14731.96867,3602.3386766666667,388653.4583033333,221432.13848666666,363794.29104,244733.31991333334,259777.95294666666,64825.407080000004,35828.692200000005,159123.8536666667,119060.97112666667,380719.0,255353.0,125366.0,0.3293,,1152046.0,663885.0,488161.0,0.4237,,0,15,2,52,121,0,119,0,0,65,0,0,0,5,808.0
2021-08-01,종로구,건별집계|API_2017_2025,2021,8,1456.0,808.0,513.0,135.0,717.0,648.0,91.0,1403.0,690.0,278791.76752580644,261693.67363225805,14032.96769032258,3065.1262129032257,359687.43348387093,216843.48323870968,338525.3671290322,236124.91067419355,230893.16552903227,55532.08960645161,32963.92397096774,142397.1519516129,102400.4564548387,380719.0,255353.0,125366.0,0.3293,,1152046.0,663885.0,488161.0,0.4237,,0,15,2,52,121,0,119,0,0,65,0,0,0,5,908.0
2021-09-01,종로구,건별집계|API_2017_2025,2021,9,1511.0,908.0,497.0,106.0,801.0,636.0,74.0,1141.0,602.0,275721.6785870968,255941.1788516129,13994.628493548387,5785.8712516129035,356139.155967742,217022.02026451615,333265.629716129,234618.85636451613,225007.1939580645,54953.23982903225,31876.105354838706,138177.84877419355,98646.77335161291,380719.0,255353.0,125366.0,0.3293,,1152046.0,663885.0,488161.0,0.4237,,0,15,2,52,121,0,119,0,0,65,0,0,0,5,894.0
2021-10-01,종로구,건별집계|API_2017_2025,2021,10,1573.0,894.0,590.0,89.0,785.0,713.0,75.0,1354.0,665.0,279122.01448333333,258690.60762333332,14564.506566666667,5866.90031,364144.3999266667,217492.32402333335,338846.4889333333,236461.67560333334,231776.98819666667,58424.064483333335,31540.12406,141812.79965333332,102384.81333,380719.0,255353.0,125366.0,0.3293,,1152046.0,663885.0,488161.0,0.4237,,0,15,2,52,121,0,119,0,0,65,0,0,0,5,872.0
2021-11-01,종로구,건별집계|API_2017_2025,2021,11,1518.0,872.0,572.0,74.0,700.0,738.0,80.0,1164.0,631.0,284639.9334645161,266078.21088387095,14667.931706451614,3893.790880645161,376175.9263935484,219774.30950967743,347889.92381612904,239461.36893548386,239960.10263870968,61750.59105161291,31652.76241935484,146556.74916774195,108428.55488064516,380719.0,255353.0,125366.0,0.3293,,1152046.0,663885.0,488161.0,0.4237,,0,15,2,52,121,0,119,0,0,65,0,0,0,5,856.0
2021-12-01,종로구,건별집계|API_2017_2025,2021,12,1559.0,856.0,644.0,59.0,781.0,630.0,148.0,1007.0,547.0,296732.94937,277856.7993633333,15320.594563333334,3555.5554466666667,396851.6988333333,222567.39042333333,366497.05938000005,246901.44222666667,263623.78833,70326.09022,32885.12339,160412.57472,119595.61715333334,380719.0,255353.0,125366.0,0.3293,,1152046.0,663885.0,488161.0,0.4237,,0,15,2,52,121,0,119,0,0,65,0,0,0,5,705.0
2022-01-01,종로구,건별집계|xlsx_2022_2024,2022,1,1413.0,705.0,615.0,93.0,750.0,395.0,268.0,1113.0,570.0,285601.61814838706,267465.1869451613,15086.154370967743,3050.276829032258,373092.5336096774,220242.5696451613,348051.3839451613,240994.64258387097,237099.9395451613,60265.88092580645,30985.76781935484,145848.2908,107056.74136129032,402570.0,276471.0,126099.0,0.3132,38771.0,1322586.0,798246.0,524340.0,0.3965,223820.0,2,6,2,53,116,1,114,0,0,69,0,0,1,39,593.0
2022-02-01,종로구,건별집계|xlsx_2022_2024,2022,2,1170.0,593.0,500.0,77.0,504.0,564.0,102.0,1032.0,534.0,274646.1481580645,257426.95063870968,14466.302212903225,2752.895290322581,360949.4545548387,213759.32159677419,334878.3916129033,231623.1170967742,230371.40132580645,60542.96959354839,30535.932258064517,139292.49947419355,103255.27451612902,402570.0,276471.0,126099.0,0.3132,38771.0,1322586.0,798246.0,524340.0,0.3965,223820.0,2,6,2,53,116,1,114,0,0,69,0,0,1,39,604.0
2022-03-01,종로구,건별집계|xlsx_2022_2024,2022,3,1194.0,604.0,505.0,85.0,567.0,571.0,56.0,1135.0,590.0,278264.3651714286,256013.47139285714,14938.124178571428,7312.769603571428,360458.928925,219299.55117142858,335602.34449642856,237308.66563928573,224453.58184642857,58202.130417857144,30779.473842857144,135471.97758571428,98293.67885714285,402570.0,276471.0,126099.0,0.3132,38771.0,1322586.0,798246.0,524340.0,0.3965,223820.0,2,6,2,53,116,1,114,0,0,69,0,0,1,39,652.0
2022-04-01,종로구,건별집계|xlsx_2022_2024,2022,4,1512.0,652.0,790.0,70.0,687.0,751.0,74.0,1185.0,609.0,285889.2470032258,264145.1338419355,15585.569632258066,6158.543529032258,370845.3633064516,223114.28205161288,345624.17053225805,243221.44448387096,225540.54446451613,58387.43892903226,30092.9638516129,137060.14168387096,102402.72604838709,402570.0,276471.0,126099.0,0.3132,38771.0,1322586.0,798246.0,524340.0,0.3965,223820.0,2,6,2,53,116,1,114,0,0,69,0,0,1,39,636.0
2022-05-01,종로구,건별집계|xlsx_2022_2024,2022,5,1362.0,636.0,647.0,79.0,551.0,718.0,93.0,1344.0,689.0,299673.6212733333,278240.4045933333,16160.64857,5272.568126666666,399601.1012466667,224417.64371,369709.33473,249648.11169999998,260087.64084,68759.32112000001,32269.963573333334,159058.35614666666,120061.22303,402570.0,276471.0,126099.0,0.3132,38771.0,1322586.0,798246.0,524340.0,0.3965,223820.0,2,6,2,53,116,1,114,0,0,69,0,0,1,39,751.0
2022-06-01,종로구,건별집계|xlsx_2022_2024,2022,6,1576.0,751.0,737.0,88.0,620.0,828.0,128.0,1443.0,744.0,316676.60057741933,293012.9584419355,17178.843348387094,6484.798783870968,428511.3510129032,231638.17845161288,395403.0777548387,260443.4025870968,277483.95272903226,78306.62437741936,32714.985967741934,166462.34238387097,134959.67516774195,402570.0,276471.0,126099.0,0.3132,38771.0,1322586.0,798246.0,524340.0,0.3965,223820.0,2,6,2,53,116,1,114,0,0,69,0,0,1,39,773.0
2022-07-01,종로구,건별집계|xlsx_2022_2024,2022,7,1477.0,773.0,631.0,73.0,622.0,762.0,93.0,1456.0,808.0,313369.38754666667,289442.5416033333,16757.05018,7169.795773333333,420305.91751,232504.08205666667,388524.85767666664,259686.90888666667,268996.31280666665,76003.56680666665,32410.774646666665,160581.97135333333,128837.94879000001,402570.0,276471.0,126099.0,0.3132,38771.0,1322586.0,798246.0,524340.0,0.3965,223820.0,2,6,2,53,116,1,114,0,0,69,0,0,1,39,876.0
2022-08-01,종로구,건별집계|xlsx_2022_2024,2022,8,1700.0,876.0,732.0,92.0,753.0,854.0,93.0,1511.0,908.0,299820.97428387095,276042.2801161291,16172.26738064516,7606.426793548388,394964.0104516129,225551.07612903227,368580.42244516127,250707.08271612902,246172.64003225806,69288.65973225806,30359.00768064516,146524.97261935484,117873.33972903228,402570.0,276471.0,126099.0,0.3132,38771.0,1322586.0,798246.0,524340.0,0.3965,223820.0,2,6,2,53,116,1,114,0,0,69,0,0,1,39,803.0
2022-09-01,종로구,건별집계|xlsx_2022_2024,2022,9,1587.0,803.0,689.0,95.0,671.0,840.0,76.0,1573.0,894.0,297450.2631290323,271194.5526903226,16433.595461290322,9822.114980645161,391636.7797903226,225528.80408387096,364588.66737741936,249494.2600967742,245075.85131612903,69215.18969677419,29827.99012580645,146032.67149354838,115094.40728064517,402570.0,276471.0,126099.0,0.3132,38771.0,1322586.0,798246.0,524340.0,0.3965,223820.0,2,6,2,53,116,1,114,0,0,69,0,0,1,39,802.0
2022-10-01,종로구,건별집계|xlsx_2022_2024,2022,10,1536.0,802.0,665.0,69.0,635.0,819.0,82.0,1518.0,872.0,308105.22022666666,279348.1711833333,17522.2174,11234.831646666666,413741.33226,229346.12459000002,381928.48452,255374.31717000002,258153.15321000002,74797.00480666666,29742.25278,153613.89562333332,126554.16735,402570.0,276471.0,126099.0,0.3132,38771.0,1322586.0,798246.0,524340.0,0.3965,223820.0,2,6,2,53,116,1,114,0,0,69,0,0,1,39,767.0
2022-11-01,종로구,건별집계|xlsx_2022_2024,2022,11,1434.0,767.0,584.0,83.0,551.0,795.0,88.0,1559.0,856.0,314778.37528064515,285295.2478,17619.553396774194,11863.574093548388,435171.71786774194,232286.3914419355,394885.8352354839,257558.76104193548,267130.3064225806,81981.5003032258,29626.75103548387,155522.05508387098,137327.07419354838,402570.0,276471.0,126099.0,0.3132,38771.0,1322586.0,798246.0,524340.0,0.3965,223820.0,2,6,2,53,116,1,114,0,0,69,0,0,1,39,766.0
2022-12-01,종로구,건별집계|xlsx_2022_2024,2022,12,1443.0,766.0,584.0,93.0,566.0,791.0,86.0,1413.0,705.0,316516.61639333336,287321.6705033333,18254.324943333333,10940.620946666666,433615.84428,231916.42949,397356.2379033333,258774.02960333333,271170.06316666666,77995.64546666667,30804.83898,162369.57872000002,138582.2083,402570.0,276471.0,126099.0,0.3132,38771.0,1322586.0,798246.0,524340.0,0.3965,223820.0,2,6,2,53,116,1,114,0,0,69,0,0,1,39,809.0
2017-01-01,중구,API_2017_2025,2017,1,,,,,,,,,,,,,,,,,,,,,,,,,,,,,,,,,0,48,16,98,0,0,200,0,0,149,0,0,0,10,789.0
2017-02-01,중구,API_2017_2025,2017,2,1506.0,789.0,,,,,,,,,,,,,,,,,,,,,,,,,,,,,,,0,48,16,98,0,0,200,0,0,149,0,0,0,10,721.0
2017-03-01,중구,API_2017_2025,2017,3,1296.0,721.0,,,,,,,,,,,,,,,,,,,,,,,,,,,,,,,0,48,16,98,0,0,200,0,0,149,0,0,0,10,796.0
2017-04-01,중구,API_2017_2025,2017,4,1541.0,796.0,,,,,,,,,,,,,,,,,,,,,,,,,,,,,,,0,48,16,98,0,0,200,0,0,149,0,0,0,10,848.0
2017-05-01,중구,API_2017_2025,2017,5,1526.0,848.0,,,,,,,,,,,,,,,,,,,,,,,,,,,,,,,0,48,16,98,0,0,200,0,0,149,0,0,0,10,861.0
2017-06-01,중구,API_2017_2025,2017,6,1598.0,861.0,,,,,,,,,,,,,,,,,,,,,,,,,,,,,,,0,48,16,98,0,0,200,0,0,149,0,0,0,10,872.0
2017-07-01,중구,API_2017_2025,2017,7,1652.0,872.0,,,,,,,,,,,,,,,,,,,,,,,,,,,,,,,0,48,16,98,0,0,200,0,0,149,0,0,0,10,881.0
2017-08-01,중구,API_2017_2025,2017,8,1628.0,881.0,,,,,,,,,,,,,,,,,,,,,,,,,,,,,,,0,48,16,98,0,0,200,0,0,149,0,0,0,10,930.0
2017-09-01,중구,API_2017_2025,2017,9,1631.0,930.0,,,,,,,,,,,,,,,,,,,,,,,,,,,,,,,0,48,16,98,0,0,200,0,0,149,0,0,0,10,938.0
2017-10-01,중구,API_2017_2025,2017,10,1691.0,938.0,,,,,,,,,,,,,,,,,,,,,,,,,,,,,,,0,48,16,98,0,0,200,0,0,149,0,0,0,10,848.0
2017-11-01,중구,API_2017_2025,2017,11,1517.0,848.0,,,,,,,,,,,,,,,,,,,,,,,,,,,,,,,0,48,16,98,0,0,200,0,0,149,0,0,0,10,815.0
2017-12-01,중구,API_2017_2025,2017,12,1442.0,815.0,,,,,,,,,,,,,,,,,,,,,,,,,,,,,,,0,48,16,98,0,0,200,0,0,149,0,0,0,10,961.0
2018-01-01,중구,API_2017_2025,2018,1,1654.0,961.0,,,,,,1506.0,789.0,,,,,,,,,,,,,,,,,,,,,,,,0,37,7,79,0,0,432,0,0,130,0,0,0,17,952.0
2018-02-01,중구,API_2017_2025,2018,2,1616.0,952.0,,,,,,1296.0,721.0,,,,,,,,,,,,,,,,,,,,,,,,0,37,7,79,0,0,432,0,0,130,0,0,0,17,771.0
2018-03-01,중구,API_2017_2025,2018,3,1377.0,771.0,,,,,,1541.0,796.0,,,,,,,,,,,,,,,,,,,,,,,,0,37,7,79,0,0,432,0,0,130,0,0,0,17,856.0
2018-04-01,중구,API_2017_2025,2018,4,1546.0,856.0,,,,,,1526.0,848.0,,,,,,,,,,,,,,,,,,,,,,,,0,37,7,79,0,0,432,0,0,130,0,0,0,17,891.0
2018-05-01,중구,API_2017_2025,2018,5,1520.0,891.0,,,,,,1598.0,861.0,388279.70296923077,305935.3209038462,24938.296234615384,57406.08584615385,542810.2304923077,258162.33701538463,504937.67628461536,304952.5791769231,365279.27231153846,95985.12091153846,35511.18318461539,233782.96821538464,199985.0971076923,,,,,,,,,,,0,37,7,79,0,0,432,0,0,130,0,0,0,17,954.0
2018-06-01,중구,API_2017_2025,2018,6,1594.0,954.0,,,,,,1652.0,872.0,380333.3473935484,303647.5642645161,24888.799829032258,51796.9833,533759.3553645161,253304.76041935483,493278.4343580645,298706.10297741933,353240.67339999997,94296.69594193548,35487.70152903226,223456.27592903224,194572.33138064516,,,,,,,,,,,0,37,7,79,0,0,432,0,0,130,0,0,0,17,924.0
2018-07-01,중구,API_2017_2025,2018,7,1615.0,924.0,,,,,,1628.0,881.0,363235.15405333333,295561.2403366667,24100.955646666665,43572.95807666667,510844.75893333333,240306.40051,473613.4165066667,284393.5380233333,331861.94042666664,87714.41215,33615.152949999996,210532.37532666666,189219.87848333333,,,,,,,,,,,0,37,7,79,0,0,432,0,0,130,0,0,0,17,997.0
2018-08-01,중구,API_2017_2025,2018,8,1776.0,997.0,,,,,,1631.0,930.0,372610.5431741936,295557.8625645161,23871.361732258065,53181.31886774193,518317.01217096776,249977.79027096773,484089.5080903226,292982.7111,333270.50923870964,88735.9537935484,32702.234851612906,211832.3205935484,191106.7969903226,,,,,,,,,,,0,37,7,79,0,0,432,0,0,130,0,0,0,17,995.0
2018-09-01,중구,API_2017_2025,2018,9,1734.0,995.0,,,,,,1691.0,938.0,367620.380383871,289435.8607193548,23733.775819354836,54450.743848387094,507481.4335935484,249414.51881290323,475189.79846774193,290099.3665225806,334102.2404451613,87553.58160967742,32976.30175806452,213572.35707741938,185090.43194516128,,,,,,,,,,,0,37,7,79,0,0,432,0,0,130,0,0,0,17,902.0
2018-10-01,중구,API_2017_2025,2018,10,1557.0,902.0,,,,,,1517.0,848.0,361123.74923,283974.91363666666,24364.396596666666,52784.43899333334,498726.6832833334,247797.15653333333,461842.1391233334,289182.0421533333,314422.52639666665,84726.13011333333,31474.049783333332,198222.34649999999,172660.09696999998,,,,,,,,,,,0,37,7,79,0,0,432,0,0,130,0,0,0,17,876.0
2018-11-01,중구,API_2017_2025,2018,11,1532.0,876.0,,,,,,1442.0,815.0,386479.6882483871,302551.5576645161,24610.695412903224,59317.43518387097,538125.7775451613,259954.56733548385,499140.2829580645,305257.9994967742,344092.832816129,93193.53699354839,33900.70435806452,216998.59146451612,193882.28346129032,,,,,,,,,,,0,37,7,79,0,0,432,0,0,130,0,0,0,17,789.0
2018-12-01,중구,API_2017_2025,2018,12,1399.0,789.0,,,,,,1654.0,961.0,396197.8972633333,309977.12199333333,24870.86854666667,61349.90673,553186.0334966666,265201.4392466667,512508.98913333326,313118.54594,362033.26929333335,99641.12131,35221.792219999996,227170.35576333333,199390.4431933333,,,,,,,,,,,0,37,7,79,0,0,432,0,0,130,0,0,0,17,850.0
2019-01-01,중구,API_2017_2025,2019,1,1482.0,850.0,,,,,,1616.0,952.0,374653.90057096776,290582.30216129037,24361.547919354838,59710.050512903224,515457.97442580643,256294.91107096776,479617.43003548385,299679.95096129033,325007.09081935487,89260.80455806451,32261.515119354837,203484.77114193546,179937.47907419354,,,,,,,,,,,0,24,11,115,2,0,351,0,0,147,0,0,0,38,739.0
2019-02-01,중구,API_2017_2025,2019,2,1242.0,739.0,,,,,,1377.0,771.0,369893.75029677415,292631.55496774195,23936.210796774194,53325.98453548387,517177.9062870968,249484.66998064515,479893.1870935484,291322.7240129032,347357.75162580644,93922.03490967742,34230.426787096774,219205.28992903227,188570.4630806452,,,,,,,,,,,0,24,11,115,2,0,351,0,0,147,0,0,0,38,671.0
2019-03-01,중구,API_2017_2025,2019,3,1169.0,671.0,,,,,,1546.0,856.0,342495.53276785713,271666.6456142857,22844.36724642857,47984.51991785714,474057.46881785715,235016.68656785713,438754.5137107143,273739.1177892857,313209.112725,85532.83165,32844.22433571429,194832.05673928573,165015.39592142854,,,,,,,,,,,0,24,11,115,2,0,351,0,0,147,0,0,0,38,789.0
2019-04-01,중구,API_2017_2025,2019,4,1416.0,789.0,,,,,,1520.0,891.0,362191.89914838714,293794.5316483871,23959.99555806452,44437.37195483871,511620.60976774193,240319.16198064515,471841.3222774193,283870.8826290323,316074.19362903223,88236.70984193549,29244.04485483871,198593.43893225805,187970.4396483871,,,,,,,,,,,0,24,11,115,2,0,351,0,0,147,0,0,0,38,817.0
2019-05-01,중구,API_2017_2025,2019,5,1317.0,817.0,,,,,,1594.0,954.0,371640.50362333335,300386.3178866666,24149.11299,47105.07275666667,524321.4506333333,243980.58352333333,485868.4742833333,290049.09601000004,356079.2961133334,95524.70775,35038.08953333333,225516.49883,195819.37827333334,,,,,,,,,,,0,24,11,115,2,0,351,0,0,147,0,0,0,38,893.0
2019-06-01,중구,API_2017_2025,2019,6,1520.0,893.0,,,,,,1615.0,924.0,363596.7658354839,291049.5776419355,24198.021325806454,48349.16688709678,508265.51332258066,242519.97717741935,471631.65378064517,286428.98872258066,321778.8527387097,87736.3439,32196.48622903226,201846.0226096774,185202.6650580645,,,,,,,,,,,0,24,11,115,2,0,351,0,0,147,0,0,0,38,808.0
2019-07-01,중구,API_2017_2025,2019,7,1364.0,808.0,,,,,,1776.0,997.0,351435.3846233333,283560.40307999996,24352.66982,43522.31172,491504.70039666665,236246.75743666667,455080.9778666666,277402.81799666665,305276.31807,83146.05175333333,30707.587959999997,191422.67835666667,177678.15987,,,,,,,,,,,0,24,11,115,2,0,351,0,0,147,0,0,0,38,886.0
2019-08-01,중구,API_2017_2025,2019,8,1545.0,886.0,,,,,,1734.0,995.0,358633.9605903226,288214.4108967742,24073.77114516129,46345.77855161291,503025.5172,238104.51816451614,468843.8362870967,279912.6208,302546.80797419354,83364.54302258063,28113.135167741933,191069.12978387097,188931.21548709675,,,,,,,,,,,0,24,11,115,2,0,351,0,0,147,0,0,0,38,870.0
2019-09-01,중구,API_2017_2025,2019,9,1545.0,870.0,,,,,,1557.0,902.0,365044.70752580644,293134.11046451615,24836.978183870968,47073.618867741934,505142.94000967743,248035.8047032258,470645.3302935484,289615.69128387095,308442.2752032258,85691.97002258064,30299.049967741936,192451.25521290323,181029.63900967743,,,,,,,,,,,0,24,11,115,2,0,351,0,0,147,0,0,0,38,832.0
2019-10-01,중구,API_2017_2025,2019,10,1432.0,832.0,,,,,,1532.0,876.0,364542.99724,291562.19206333335,25171.313233333334,47809.491916666666,505469.79225666664,248808.66081,469072.9015833333,289878.77983666665,319178.25514,88397.21376,31183.416536666668,199597.62484333335,179194.12174666667,,,,,,,,,,,0,24,11,115,2,0,351,0,0,147,0,0,0,38,835.0
2019-11-01,중구,API_2017_2025,2019,11,1487.0,835.0,,,,,,1399.0,789.0,389021.2375451613,312006.8631274194,25338.61517903226,51675.759256451616,555970.5536080645,251759.2229967742,514227.7067629032,299588.0452612903,361604.20096451615,100470.10884032257,32845.17177903226,228288.92034516128,214639.66150161292,,,,,,,,,,,0,24,11,115,2,0,351,0,0,147,0,0,0,38,858.0
2019-12-01,중구,API_2017_2025,2019,12,1406.0,858.0,,,,,,1482.0,850.0,381874.61430666666,300654.5943833333,25091.503090000002,56128.51684333334,536756.07148,254037.81301999997,498243.80064333335,298753.76692666666,342581.44180666667,96273.37151333333,32692.435056666665,213615.63523666665,199490.0337166667,,,,,,,,,,,0,24,11,115,2,0,351,0,0,147,0,0,0,38,888.0
2020-01-01,중구,API_2017_2025,2020,1,1461.0,888.0,,,,,,1242.0,739.0,375735.00535161287,295924.5818516129,24961.6065,54848.81701290323,522079.8657354839,252133.53586774194,485796.49981935485,297119.6521548387,346881.7301612903,96342.61959999999,34733.79411612903,215805.3164451613,188676.84766451613,369492.0,240208.0,129284.0,0.3499,,267541.0,192343.0,75198.0,0.2811,,0,22,8,77,1,1,240,0,0,106,0,0,2,21,763.0
2020-02-01,중구,API_2017_2025,2020,2,1313.0,763.0,,,,,,1169.0,671.0,345720.10016774194,273743.9773935484,22873.188548387097,49102.93422903226,481522.730083871,235475.9417483871,447462.3053032258,273047.0965096774,320124.8793290322,87873.53101612904,32581.289974193547,199670.0583387097,174415.20879354837,369492.0,240208.0,129284.0,0.3499,,267541.0,192343.0,75198.0,0.2811,,0,22,8,77,1,1,240,0,0,106,0,0,2,21,568.0
2020-03-01,중구,API_2017_2025,2020,3,1000.0,568.0,,,,,,1416.0,789.0,322111.5059310345,266907.935,20999.98137586207,34203.58952413793,442288.19553793105,221615.4289413793,416548.0621931035,254656.82287931035,295075.7828758621,75267.90474827586,32288.27948965517,187519.59863793105,161891.2393137931,369492.0,240208.0,129284.0,0.3499,,267541.0,192343.0,75198.0,0.2811,,0,22,8,77,1,1,240,0,0,106,0,0,2,21,437.0
2020-04-01,중구,API_2017_2025,2020,4,974.0,437.0,,,,,,1317.0,817.0,272003.3382483871,246672.94196129031,18706.751467741935,6623.644816129032,379422.8960935484,185493.51361290325,354951.6534387097,212754.5417,258505.29598387095,62007.600348387095,31868.167841935487,164629.5277935484,142197.11173870967,369492.0,240208.0,129284.0,0.3499,,267541.0,192343.0,75198.0,0.2811,,0,22,8,77,1,1,240,0,0,106,0,0,2,21,494.0
2020-05-01,중구,API_2017_2025,2020,5,1024.0,494.0,,,,,,1520.0,893.0,271389.02416333335,248482.8087,18986.597973333333,3919.617493333333,381683.02464333334,183883.78503666667,354732.45552333334,211858.00175,270421.12745666667,66112.22185,33046.36922,171262.53638666667,142874.45377333334,369492.0,240208.0,129284.0,0.3499,,267541.0,192343.0,75198.0,0.2811,,0,22,8,77,1,1,240,0,0,106,0,0,2,21,619.0
2020-06-01,중구,API_2017_2025,2020,6,1249.0,619.0,,,,,,1364.0,808.0,271633.831583871,249176.81101612904,19160.10335483871,3296.917241935484,382157.77828709676,183466.77373548388,354277.19333870965,212602.85892580645,269898.0052516129,67595.45803870968,32907.5700483871,169394.97716451614,141674.33441290323,369492.0,240208.0,129284.0,0.3499,,267541.0,192343.0,75198.0,0.2811,,0,22,8,77,1,1,240,0,0,106,0,0,2,21,600.0
2020-07-01,중구,API_2017_2025,2020,7,1205.0,600.0,,,,,,1545.0,886.0,285638.1845066667,262058.4161633333,19703.76846666667,3875.999893333333,406777.4195466667,187427.72492,378542.11692999996,219278.23277333332,292371.5603366667,72978.5393,33545.82553,185847.19550666667,159263.88415666667,369492.0,240208.0,129284.0,0.3499,,267541.0,192343.0,75198.0,0.2811,,0,22,8,77,1,1,240,0,0,106,0,0,2,21,655.0
2020-08-01,중구,API_2017_2025,2020,8,1271.0,655.0,,,,,,1545.0,870.0,288436.05071290326,263699.59217419353,19688.85463548387,5047.603887096774,411568.96590645163,189847.3178064516,381721.68001935486,221803.4583516129,291075.1953870968,73676.53941935484,32896.60302580645,184502.0529419355,159918.22166774195,369492.0,240208.0,129284.0,0.3499,,267541.0,192343.0,75198.0,0.2811,,0,22,8,77,1,1,240,0,0,106,0,0,2,21,631.0
2020-09-01,중구,API_2017_2025,2020,9,1346.0,631.0,,,,,,1432.0,832.0,267673.21147096774,242150.24217096774,18599.638112903227,6923.331183870968,367484.9540451613,187127.5489967742,344042.1360935484,213123.97960967742,254861.02733870968,62872.09667419355,32377.969996774194,159610.96066774192,130918.15648387096,369492.0,240208.0,129284.0,0.3499,,267541.0,192343.0,75198.0,0.2811,,0,22,8,77,1,1,240,0,0,106,0,0,2,21,524.0
2020-10-01,중구,API_2017_2025,2020,10,1044.0,524.0,,,,,,1487.0,835.0,270070.4777433333,243132.80806333333,18649.45950333333,8288.210186666667,374426.20892666664,187291.85102,349479.94832,213349.42734666666,257452.63733333335,62510.786753333334,31440.496933333336,163501.35364666668,136130.52097333333,369492.0,240208.0,129284.0,0.3499,,267541.0,192343.0,75198.0,0.2811,,0,22,8,77,1,1,240,0,0,106,0,0,2,21,577.0
2020-11-01,중구,API_2017_2025,2020,11,1075.0,577.0,,,,,,1406.0,858.0,272496.78663870966,246714.40343870968,18627.950651612904,7154.432548387097,381737.12566774193,186784.5671451613,353623.0122322581,214549.48265806452,269129.44518064515,68439.5176516129,32289.182267741933,168400.7452612903,139073.52957419356,369492.0,240208.0,129284.0,0.3499,,267541.0,192343.0,75198.0,0.2811,,0,22,8,77,1,1,240,0,0,106,0,0,2,21,565.0
2020-12-01,중구,API_2017_2025,2020,12,981.0,565.0,,,,,,1461.0,888.0,282393.82213,255241.89255333334,18972.273186666665,8179.6564033333325,399506.3536333333,191572.0209166667,370166.0388133333,219699.38165333334,282808.7932633333,72457.30365,32156.867256666665,178194.62235666666,150466.65716,369492.0,240208.0,129284.0,0.3499,,267541.0,192343.0,75198.0,0.2811,,0,22,8,77,1,1,240,0,0,106,0,0,2,21,530.0
2021-01-01,중구,건별집계|API_2017_2025,2021,1,1024.0,530.0,,,,,,1313.0,763.0,259548.40123548388,234147.8379548387,18307.841877419356,7092.721422580646,358830.2002064516,184000.98986129032,334458.73903870967,206041.01710645162,243296.76570000002,58438.86507419355,30981.407729032257,153876.49289677417,128417.72193225806,359912.0,224773.0,135139.0,0.3755,,200309.0,140247.0,60062.0,0.2998,,0,34,4,56,0,0,101,0,0,55,0,0,0,131,619.0
2021-02-01,중구,건별집계|API_2017_2025,2021,2,1148.0,619.0,420.0,109.0,420.0,666.0,62.0,1000.0,568.0,253509.2782451613,229190.92478387096,17849.80898064516,6468.544464516129,351526.86319999996,180067.61207419354,326675.73952903226,201247.52017741936,241981.92347741936,58945.99044193548,31000.740329032258,152035.1927064516,125428.2193516129,359912.0,224773.0,135139.0,0.3755,,200309.0,140247.0,60062.0,0.2998,,0,34,4,56,0,0,101,0,0,55,0,0,0,131,576.0
2021-03-01,중구,건별집계|API_2017_2025,2021,3,1055.0,576.0,421.0,58.0,421.0,559.0,75.0,974.0,437.0,261626.98098928572,234978.02334285714,17758.648664285713,8890.30897857143,366078.5528892857,182073.67863928573,339195.53461785713,206220.87124642855,255689.16609285717,65118.04284285714,31046.643760714283,159524.4794892857,132974.66337142859,359912.0,224773.0,135139.0,0.3755,,200309.0,140247.0,60062.0,0.2998,,0,34,4,56,0,0,101,0,0,55,0,0,0,131,617.0
2021-04-01,중구,건별집계|API_2017_2025,2021,4,1207.0,617.0,470.0,120.0,461.0,690.0,56.0,1024.0,494.0,280090.7516677419,251960.0470483871,18576.20759032258,9554.497045161292,397246.077932258,189362.32469032257,367646.35183548386,217551.0372903226,274331.37736129033,71124.94425483872,30363.024770967742,172843.40833548387,150095.3145451613,359912.0,224773.0,135139.0,0.3755,,200309.0,140247.0,60062.0,0.2998,,0,34,4,56,0,0,101,0,0,55,0,0,0,131,655.0
2021-05-01,중구,건별집계|API_2017_2025,2021,5,1229.0,655.0,497.0,77.0,498.0,667.0,64.0,1249.0,619.0,282017.24484666664,253751.87882,18423.158466666664,9842.207546666667,400761.7591466667,190077.70551000003,371031.82057000004,218435.40503,290425.2695733334,73197.27384,33291.53128333334,183936.46445,152596.41554000002,359912.0,224773.0,135139.0,0.3755,,200309.0,140247.0,60062.0,0.2998,,0,34,4,56,0,0,101,0,0,55,0,0,0,131,775.0
2021-06-01,중구,건별집계|API_2017_2025,2021,6,1354.0,775.0,451.0,128.0,546.0,701.0,107.0,1205.0,600.0,269267.0624483871,242860.18955161292,18262.477838709678,8144.395048387097,376497.69061935483,185782.3285451613,348612.3623193548,212591.8482354839,264426.99892580643,67331.43322580645,32069.475812903227,165026.08988709678,136020.51408387098,359912.0,224773.0,135139.0,0.3755,,200309.0,140247.0,60062.0,0.2998,,0,34,4,56,0,0,101,0,0,55,0,0,0,131,776.0
2021-07-01,중구,건별집계|API_2017_2025,2021,7,1459.0,776.0,565.0,118.0,624.0,770.0,65.0,1271.0,655.0,280867.9846133333,253813.34932,18550.014583333334,8504.620716666666,398574.2516633334,189398.04009333334,369351.06818,217665.78208333335,286333.2874466667,74321.49484333333,32355.339533333332,179656.45307,151685.28609666665,359912.0,224773.0,135139.0,0.3755,,200309.0,140247.0,60062.0,0.2998,,0,34,4,56,0,0,101,0,0,55,0,0,0,131,791.0
2021-08-01,중구,건별집계|API_2017_2025,2021,8,1398.0,791.0,453.0,154.0,678.0,658.0,62.0,1346.0,631.0,267519.27843548387,240267.94957741935,17587.298793548387,9664.030083870968,371339.92672903225,186657.2021548387,346173.4051322581,211337.75938064515,257676.76230645162,64597.999548387095,31454.45123870968,161624.31151935484,134835.6457516129,359912.0,224773.0,135139.0,0.3755,,200309.0,140247.0,60062.0,0.2998,,0,34,4,56,0,0,101,0,0,55,0,0,0,131,840.0
2021-09-01,중구,건별집계|API_2017_2025,2021,9,1362.0,840.0,446.0,76.0,674.0,627.0,61.0,1044.0,524.0,259775.89316774192,230520.0986,17091.737935483874,12164.056638709677,360375.9464612903,182887.9843032258,335027.5003709678,206024.74517419355,247805.94019032258,62693.25691612903,30843.936458064516,154268.74681612905,129002.7551967742,359912.0,224773.0,135139.0,0.3755,,200309.0,140247.0,60062.0,0.2998,,0,34,4,56,0,0,101,0,0,55,0,0,0,131,798.0
2021-10-01,중구,건별집계|API_2017_2025,2021,10,1418.0,798.0,532.0,88.0,672.0,700.0,46.0,1075.0,577.0,260732.41652666667,232895.87322333333,17295.52848,10541.014806666668,363338.81634,182606.58006,336202.7762233333,206825.01672,250098.13143,64411.14362333333,30050.048113333334,155636.93969333332,129377.75950333333,359912.0,224773.0,135139.0,0.3755,,200309.0,140247.0,60062.0,0.2998,,0,34,4,56,0,0,101,0,0,55,0,0,0,131,782.0
2021-11-01,중구,건별집계|API_2017_2025,2021,11,1321.0,782.0,458.0,81.0,609.0,667.0,45.0,981.0,565.0,270799.8522451613,242153.83737419354,17520.54041935484,11125.47444516129,380052.4400258064,188358.69537096773,349927.41447741934,214280.16491290324,261062.3815548387,68613.19355483871,30700.1741,161749.0139,135647.24956451613,359912.0,224773.0,135139.0,0.3755,,200309.0,140247.0,60062.0,0.2998,,0,34,4,56,0,0,101,0,0,55,0,0,0,131,858.0
2021-12-01,중구,건별집계|API_2017_2025,2021,12,1593.0,858.0,646.0,89.0,741.0,719.0,133.0,1024.0,530.0,288220.20265000005,259131.09180666666,17996.713873333334,11092.396996666668,410761.95004666667,193376.06484333333,379117.1065966667,223293.84269666666,292416.68933,78961.53511999999,31734.763326666667,181720.39088333334,155823.26390000002,359912.0,224773.0,135139.0,0.3755,,200309.0,140247.0,60062.0,0.2998,,0,34,4,56,0,0,101,0,0,55,0,0,0,131,721.0
2022-01-01,중구,건별집계|xlsx_2022_2024,2022,1,1437.0,721.0,619.0,97.0,682.0,485.0,270.0,1148.0,619.0,286301.3956806452,255463.14001290323,18129.606403225807,12708.649241935484,401089.2451,196016.99458709676,372757.30545806454,224547.17438709678,276641.3990354839,73447.0143483871,30407.40518064516,172786.9795064516,148210.13107096773,374191.0,243540.0,130651.0,0.3492,36553.0,230832.0,170519.0,60313.0,0.2613,46654.0,1,6,0,34,5,0,93,0,0,36,0,0,0,82,761.0
2022-02-01,중구,건별집계|xlsx_2022_2024,2022,2,1333.0,761.0,486.0,86.0,631.0,630.0,72.0,1055.0,576.0,268153.7188483871,240380.94572258065,17562.04405483871,10210.729074193549,375463.59504838707,186473.0215451613,347934.5535354839,211167.40836451613,259825.15373548388,69277.0173032258,29963.994958064515,160584.14147419357,136767.14517096773,374191.0,243540.0,130651.0,0.3492,36553.0,230832.0,170519.0,60313.0,0.2613,46654.0,1,6,0,34,5,0,93,0,0,36,0,0,0,82,709.0
2022-03-01,중구,건별집계|xlsx_2022_2024,2022,3,1242.0,709.0,452.0,81.0,633.0,558.0,51.0,1207.0,617.0,266130.7413178571,236489.5385035714,17857.337267857143,11783.865560714286,366667.2925,188373.75381785716,340931.0795,212701.92833928572,250296.8391607143,65630.36085,30327.945275000002,154338.53303571427,128229.15116071429,374191.0,243540.0,130651.0,0.3492,36553.0,230832.0,170519.0,60313.0,0.2613,46654.0,1,6,0,34,5,0,93,0,0,36,0,0,0,82,748.0
2022-04-01,중구,건별집계|xlsx_2022_2024,2022,4,1483.0,748.0,671.0,64.0,722.0,703.0,58.0,1229.0,655.0,275760.8525903226,245373.97340967742,18218.3091,12168.570083870967,380965.25826451613,194717.04358064514,353662.2453903226,220117.00058387098,252391.10878064515,66945.32850967742,29260.58977096774,156185.1905,133545.2448064516,374191.0,243540.0,130651.0,0.3492,36553.0,230832.0,170519.0,60313.0,0.2613,46654.0,1,6,0,34,5,0,93,0,0,36,0,0,0,82,636.0
2022-05-01,중구,건별집계|xlsx_2022_2024,2022,5,1229.0,636.0,531.0,62.0,511.0,657.0,61.0,1354.0,775.0,290351.32194,260799.80194666664,18298.46123,11253.05878,411766.06348333333,196536.29005,379929.30062666663,226367.05145,291513.6329233333,78805.09752333333,32011.431446666666,180697.1039533333,153562.24917666666,374191.0,243540.0,130651.0,0.3492,36553.0,230832.0,170519.0,60313.0,0.2613,46654.0,1,6,0,34,5,0,93,0,0,36,0,0,0,82,744.0
2022-06-01,중구,건별집계|xlsx_2022_2024,2022,6,1377.0,744.0,551.0,82.0,561.0,764.0,52.0,1459.0,776.0,303043.8164903226,271210.98026774195,18607.886416129033,13224.94982580645,430213.18724516133,202304.04415161288,397342.6769161291,235687.48761612904,300803.0931580645,84068.44258064516,31884.71720967742,184849.93336774193,161655.1893,374191.0,243540.0,130651.0,0.3492,36553.0,230832.0,170519.0,60313.0,0.2613,46654.0,1,6,0,34,5,0,93,0,0,36,0,0,0,82,783.0
2022-07-01,중구,건별집계|xlsx_2022_2024,2022,7,1409.0,783.0,533.0,93.0,604.0,751.0,54.0,1398.0,791.0,304830.8228666667,270568.45649333333,19012.729943333332,15249.63643,429770.9443066667,206401.17422,397488.86170666665,238646.50940666668,298697.07457999996,83462.34283,31520.26053666667,183714.47121333334,158842.3523,374191.0,243540.0,130651.0,0.3492,36553.0,230832.0,170519.0,60313.0,0.2613,46654.0,1,6,0,34,5,0,93,0,0,36,0,0,0,82,759.0
2022-08-01,중구,건별집계|xlsx_2022_2024,2022,8,1463.0,759.0,616.0,88.0,620.0,793.0,50.0,1362.0,840.0,299727.0083645161,261642.16486129034,18685.30382580645,19399.53969032258,418192.77382580645,205315.05526129034,388689.7730967742,236182.17640645162,283350.61520967743,80301.87293548387,29375.88039677419,173672.86187741935,152507.59669032256,374191.0,243540.0,130651.0,0.3492,36553.0,230832.0,170519.0,60313.0,0.2613,46654.0,1,6,0,34,5,0,93,0,0,36,0,0,0,82,825.0
2022-09-01,중구,건별집계|xlsx_2022_2024,2022,9,1535.0,825.0,612.0,98.0,691.0,786.0,58.0,1418.0,798.0,293264.08299677423,254175.7420032258,18325.644716129034,20762.696293548386,407525.15841290326,201791.11965483872,379523.8777451613,231649.9439032258,277558.6935387097,78914.52120645161,28753.022180645163,169891.1501516129,147873.93384193548,374191.0,243540.0,130651.0,0.3492,36553.0,230832.0,170519.0,60313.0,0.2613,46654.0,1,6,0,34,5,0,93,0,0,36,0,0,0,82,742.0
2022-10-01,중구,건별집계|xlsx_2022_2024,2022,10,1426.0,742.0,621.0,63.0,575.0,797.0,54.0,1321.0,782.0,301897.54756,258746.55305000002,18903.235963333333,24247.758556666668,421939.6491,206360.57362666668,391061.22983333335,238209.20307333334,284117.47517000005,81840.66482666667,28245.613013333335,174031.19733,152852.02675999998,374191.0,243540.0,130651.0,0.3492,36553.0,230832.0,170519.0,60313.0,0.2613,46654.0,1,6,0,34,5,0,93,0,0,36,0,0,0,82,723.0
2022-11-01,중구,건별집계|xlsx_2022_2024,2022,11,1341.0,723.0,545.0,73.0,546.0,756.0,39.0,1593.0,858.0,313002.06256774196,262734.3547129032,19133.37904193548,31134.328806451613,437226.2460032258,217490.66318064518,402484.1548354838,249086.28237419357,285610.8708580645,84089.5879967742,28689.826203225806,172831.4566580645,153397.8724612903,374191.0,243540.0,130651.0,0.3492,36553.0,230832.0,170519.0,60313.0,0.2613,46654.0,1,6,0,34,5,0,93,0,0,36,0,0,0,82,801.0
2022-12-01,중구,건별집계|xlsx_2022_2024,2022,12,1453.0,801.0,592.0,60.0,628.0,767.0,58.0,1437.0,721.0,323321.15386,271156.17196666665,19617.057960000002,32547.923956666666,455254.2169766667,219510.25663333334,421567.5313166667,253145.16997333334,305418.63744666666,88511.51698333333,29377.48816,187529.63230333335,168422.36134333335,374191.0,243540.0,130651.0,0.3492,36553.0,230832.0,170519.0,60313.0,0.2613,46654.0,1,6,0,34,5,0,93,0,0,36,0,0,0,82,852.0
2017-01-01,중랑구,API_2017_2025,2017,1,,,,,,,,,,,,,,,,,,,,,,,,,,,,,,,,,2,38,6,77,39,0,191,0,0,190,0,0,0,128,1276.0
2017-02-01,중랑구,API_2017_2025,2017,2,1809.0,1276.0,,,,,,,,,,,,,,,,,,,,,,,,,,,,,,,2,38,6,77,39,0,191,0,0,190,0,0,0,128,973.0
2017-03-01,중랑구,API_2017_2025,2017,3,1505.0,973.0,,,,,,,,,,,,,,,,,,,,,,,,,,,,,,,2,38,6,77,39,0,191,0,0,190,0,0,0,128,1154.0
2017-04-01,중랑구,API_2017_2025,2017,4,1711.0,1154.0,,,,,,,,,,,,,,,,,,,,,,,,,,,,,,,2,38,6,77,39,0,191,0,0,190,0,0,0,128,1126.0
2017-05-01,중랑구,API_2017_2025,2017,5,1702.0,1126.0,,,,,,,,,,,,,,,,,,,,,,,,,,,,,,,2,38,6,77,39,0,191,0,0,190,0,0,0,128,1281.0
2017-06-01,중랑구,API_2017_2025,2017,6,1892.0,1281.0,,,,,,,,,,,,,,,,,,,,,,,,,,,,,,,2,38,6,77,39,0,191,0,0,190,0,0,0,128,1271.0
2017-07-01,중랑구,API_2017_2025,2017,7,1850.0,1271.0,,,,,,,,,,,,,,,,,,,,,,,,,,,,,,,2,38,6,77,39,0,191,0,0,190,0,0,0,128,1318.0
2017-08-01,중랑구,API_2017_2025,2017,8,1946.0,1318.0,,,,,,,,,,,,,,,,,,,,,,,,,,,,,,,2,38,6,77,39,0,191,0,0,190,0,0,0,128,1323.0
2017-09-01,중랑구,API_2017_2025,2017,9,2012.0,1323.0,,,,,,,,,,,,,,,,,,,,,,,,,,,,,,,2,38,6,77,39,0,191,0,0,190,0,0,0,128,1318.0
2017-10-01,중랑구,API_2017_2025,2017,10,1942.0,1318.0,,,,,,,,,,,,,,,,,,,,,,,,,,,,,,,2,38,6,77,39,0,191,0,0,190,0,0,0,128,1264.0
2017-11-01,중랑구,API_2017_2025,2017,11,1889.0,1264.0,,,,,,,,,,,,,,,,,,,,,,,,,,,,,,,2,38,6,77,39,0,191,0,0,190,0,0,0,128,1210.0
2017-12-01,중랑구,API_2017_2025,2017,12,1781.0,1210.0,,,,,,,,,,,,,,,,,,,,,,,,,,,,,,,2,38,6,77,39,0,191,0,0,190,0,0,0,128,1425.0
2018-01-01,중랑구,API_2017_2025,2018,1,2026.0,1425.0,,,,,,1809.0,1276.0,,,,,,,,,,,,,,,,,,,,,,,,0,45,5,91,29,2,234,0,0,178,0,0,0,108,1456.0
2018-02-01,중랑구,API_2017_2025,2018,2,2111.0,1456.0,,,,,,1505.0,973.0,,,,,,,,,,,,,,,,,,,,,,,,0,45,5,91,29,2,234,0,0,178,0,0,0,108,1169.0
2018-03-01,중랑구,API_2017_2025,2018,3,1733.0,1169.0,,,,,,1711.0,1154.0,,,,,,,,,,,,,,,,,,,,,,,,0,45,5,91,29,2,234,0,0,178,0,0,0,108,1231.0
2018-04-01,중랑구,API_2017_2025,2018,4,1893.0,1231.0,,,,,,1702.0,1126.0,,,,,,,,,,,,,,,,,,,,,,,,0,45,5,91,29,2,234,0,0,178,0,0,0,108,1223.0
2018-05-01,중랑구,API_2017_2025,2018,5,1786.0,1223.0,,,,,,1892.0,1281.0,369455.5518461538,363324.7427153846,5416.330765384615,714.4783576923078,409886.31790384615,324119.5018115385,335674.4513423077,393584.90934230766,176823.87446923077,27156.85035,105805.01997307691,43862.00414615385,-57910.45799999999,,,,,,,,,,,0,45,5,91,29,2,234,0,0,178,0,0,0,108,1403.0
2018-06-01,중랑구,API_2017_2025,2018,6,1933.0,1403.0,,,,,,1850.0,1271.0,368448.86898387095,362327.3564580645,5476.183561290322,645.3289741935483,407909.1650322581,324768.98566129035,336251.3864064516,390606.68861935486,176015.54857741937,27146.684390322578,105274.51921935483,43594.344967741934,-54355.30221290323,,,,,,,,,,,0,45,5,91,29,2,234,0,0,178,0,0,0,108,1296.0
2018-07-01,중랑구,API_2017_2025,2018,7,1893.0,1296.0,,,,,,1946.0,1318.0,370364.23505333334,364152.35572333337,5526.02079,685.8585266666666,408985.73749333335,328019.71298333333,338535.63119,393098.9520666667,169848.08447,26107.064926666666,103106.00307,40635.01647333334,-54563.320876666665,,,,,,,,,,,0,45,5,91,29,2,234,0,0,178,0,0,0,108,1409.0
2018-08-01,중랑구,API_2017_2025,2018,8,2108.0,1409.0,,,,,,2012.0,1323.0,370896.1253451613,364412.5878129032,5828.365751612903,655.1717741935485,409881.79814838705,328800.7484483871,338616.56268064515,393952.95582258067,170927.4025967742,26979.64166451613,103676.29574516129,40271.46518709677,-55336.393141935485,,,,,,,,,,,0,45,5,91,29,2,234,0,0,178,0,0,0,108,1462.0
2018-09-01,중랑구,API_2017_2025,2018,9,2070.0,1462.0,,,,,,1942.0,1318.0,368904.5710709677,362298.29798709677,6000.760809677419,605.512264516129,407442.3737516129,326622.1259096774,336959.8961516129,390862.8316064516,169485.96672903225,26217.584003225806,102943.66786774194,40324.714858064515,-53902.93545483871,,,,,,,,,,,0,45,5,91,29,2,234,0,0,178,0,0,0,108,1325.0
2018-10-01,중랑구,API_2017_2025,2018,10,1902.0,1325.0,,,,,,1889.0,1264.0,372609.25353333337,366082.5773933333,5888.25489,638.4212466666667,409135.51897333335,332031.8266233333,342689.0775233333,393980.8078333333,168421.02710666665,28438.29222,99374.11046000001,40608.62442666666,-51291.73031,,,,,,,,,,,0,45,5,91,29,2,234,0,0,178,0,0,0,108,1273.0
2018-11-01,중랑구,API_2017_2025,2018,11,1824.0,1273.0,,,,,,1781.0,1210.0,370280.78098064516,363897.7385096774,5755.9273096774195,627.1151580645161,409824.5989580645,324902.62759999995,336661.68008064514,393420.4593548387,166331.67013225806,26033.535635483873,100295.07145483872,40003.06304193548,-56758.77927419354,,,,,,,,,,,0,45,5,91,29,2,234,0,0,178,0,0,0,108,1214.0
2018-12-01,중랑구,API_2017_2025,2018,12,1764.0,1214.0,,,,,,2026.0,1425.0,368962.73639333335,362616.48701000004,5652.41916,693.8302233333333,409038.35035,324489.37521666667,335486.61476333335,392874.25182666664,169898.74800666666,27993.11924666667,100392.29664999999,41513.332109999996,-57387.637063333335,,,,,,,,,,,0,45,5,91,29,2,234,0,0,178,0,0,0,108,1349.0
2019-01-01,중랑구,API_2017_2025,2019,1,1868.0,1349.0,,,,,,2111.0,1456.0,376486.7545290323,370000.72476451617,5895.988006451613,590.0417612903226,410531.864,338378.81111935485,348195.1093483871,396695.07252580643,165754.02103548386,28035.523358064514,97766.93164193549,39951.56603548388,-48499.96317741935,,,,,,,,,,,1,36,5,80,18,6,163,0,0,152,0,0,0,35,1177.0
2019-02-01,중랑구,API_2017_2025,2019,2,1727.0,1177.0,,,,,,1733.0,1169.0,376593.0743290322,369766.1218580645,6143.25045483871,683.7020193548387,411518.2064645161,337113.7243,346943.4192193548,397771.3994,172374.77057741937,27578.771348387098,104117.90164838711,40678.09758064516,-50827.98018064516,,,,,,,,,,,1,36,5,80,18,6,163,0,0,152,0,0,0,35,1025.0
2019-03-01,중랑구,API_2017_2025,2019,3,1524.0,1025.0,,,,,,1893.0,1231.0,372476.3764464286,365250.50856785715,6451.339717857142,774.5281607142857,403516.44565,338209.38169999997,347033.24585,390650.04115357145,170238.59700714285,29454.062560714287,100457.47610357143,40327.05834285715,-43616.79530357143,,,,,,,,,,,1,36,5,80,18,6,163,0,0,152,0,0,0,35,1188.0
2019-04-01,중랑구,API_2017_2025,2019,4,1730.0,1188.0,,,,,,1786.0,1223.0,370873.67712258064,364289.7144483871,5914.759874193548,669.2028096774194,406252.10209999996,330074.6990903226,340861.6240419355,392310.8578967742,159228.77756774196,26191.61187419355,95007.94015483871,38029.225538709674,-51449.23385483871,,,,,,,,,,,1,36,5,80,18,6,163,0,0,152,0,0,0,35,1257.0
2019-05-01,중랑구,API_2017_2025,2019,5,1836.0,1257.0,,,,,,1933.0,1403.0,362081.7125533333,355728.07912666665,5744.91227,608.7211566666666,400151.2343333333,318749.39501333336,329774.35224,385158.39847333333,170578.56373666666,27015.592859999997,101601.04534666667,41961.92553,-55384.046233333334,,,,,,,,,,,1,36,5,80,18,6,163,0,0,152,0,0,0,35,1307.0
2019-06-01,중랑구,API_2017_2025,2019,6,1924.0,1307.0,,,,,,1893.0,1296.0,351306.90882903227,344974.2260548387,5721.833174193548,610.8496032258065,387166.6840387097,310219.2189580645,320748.7447806451,373134.16886451613,156645.05887419355,26112.03481935484,91571.22858064517,38961.79547419355,-52385.424083870974,,,,,,,,,,,1,36,5,80,18,6,163,0,0,152,0,0,0,35,1248.0
2019-07-01,중랑구,API_2017_2025,2019,7,1853.0,1248.0,,,,,,2108.0,1409.0,350758.76116,344597.39258,5583.58237,577.7862233333333,385180.58573,312632.00739,322314.7393233333,371075.91963666666,148141.60216666668,25071.52587,87382.76759333332,35687.308703333336,-48761.18031333334,,,,,,,,,,,1,36,5,80,18,6,163,0,0,152,0,0,0,35,1242.0
2019-08-01,중랑구,API_2017_2025,2019,8,1876.0,1242.0,,,,,,2070.0,1462.0,344825.5234612903,338478.02580000006,5699.997761290322,647.4998967741935,379883.7448451613,306225.4026064516,315540.9484290323,365743.0770451613,138932.32857741936,23706.267670967743,81893.05131935484,33333.00958709678,-50202.12861612903,,,,,,,,,,,1,36,5,80,18,6,163,0,0,152,0,0,0,35,1269.0
2019-09-01,중랑구,API_2017_2025,2019,9,1924.0,1269.0,,,,,,1902.0,1325.0,361001.8375193548,354615.21812903223,5879.512332258065,507.1070290322581,396007.43416129035,322268.95661935484,331851.0101709678,381823.8570387097,148954.4592032258,25901.86267096774,87004.24329032257,36048.35324193548,-49972.846867741944,,,,,,,,,,,1,36,5,80,18,6,163,0,0,152,0,0,0,35,1274.0
2019-10-01,중랑구,API_2017_2025,2019,10,1846.0,1274.0,,,,,,1824.0,1273.0,363873.81135000003,357523.5823933333,5733.860243333333,616.3687133333333,397214.02913,326162.85095,335915.5230066666,383844.0172933333,159895.26372333334,29442.284483333333,91198.58030666667,39254.39893333334,-47928.49428666667,,,,,,,,,,,1,36,5,80,18,6,163,0,0,152,0,0,0,35,1219.0
2019-11-01,중랑구,API_2017_2025,2019,11,1763.0,1219.0,,,,,,1764.0,1214.0,354748.28787580645,348663.6133032258,5525.822791935484,558.8517661290323,394243.506266129,310404.76239677414,321111.3978612903,378774.637883871,156653.81187096774,26090.96621935484,91353.10428225806,39209.74136935484,-57663.24002258064,,,,,,,,,,,1,36,5,80,18,6,163,0,0,152,0,0,0,35,1190.0
2019-12-01,중랑구,API_2017_2025,2019,12,1683.0,1190.0,,,,,,1868.0,1349.0,362906.6484433333,356683.46640333335,5613.56361,609.6184333333333,400173.52159,320728.0929733334,331354.9659666667,385443.5644966667,153758.15616666665,27264.67251333333,87928.36944666666,38565.11420666667,-54088.59853,,,,,,,,,,,1,36,5,80,18,6,163,0,0,152,0,0,0,35,1237.0
2020-01-01,중랑구,API_2017_2025,2020,1,1757.0,1237.0,,,,,,1727.0,1177.0,366534.2957,360146.25706451613,5867.918106451612,520.1205387096774,400654.93996129034,328404.7983419355,337934.0900419355,386963.0140258065,163549.7880870968,28806.42447419355,94685.75437096774,40057.60924193548,-49028.92398387096,1073246.0,734544.0,338702.0,0.3156,,720415.0,524894.0,195521.0,0.2714,,0,32,1,84,15,1,192,0,0,153,0,0,0,16,1146.0
2020-02-01,중랑구,API_2017_2025,2020,2,1683.0,1146.0,,,,,,1524.0,1025.0,371782.9584419355,364836.7152322581,6237.241325806452,709.0018870967741,404123.5102935484,336133.47598064516,344949.82752903225,390949.480516129,163482.65022580643,29807.68061935484,94287.53388387097,39387.435722580645,-45999.652987096764,1073246.0,734544.0,338702.0,0.3156,,720415.0,524894.0,195521.0,0.2714,,0,32,1,84,15,1,192,0,0,153,0,0,0,16,933.0
2020-03-01,중랑구,API_2017_2025,2020,3,1445.0,933.0,,,,,,1730.0,1188.0,374670.82979310345,367257.2861517241,6392.302237931035,1021.2414,405826.96364482754,339681.9817413793,347737.6597034483,393908.80844137934,156124.2693,24749.089720689655,94279.22641034483,37095.95316896551,-46171.148737931035,1073246.0,734544.0,338702.0,0.3156,,720415.0,524894.0,195521.0,0.2714,,0,32,1,84,15,1,192,0,0,153,0,0,0,16,785.0
2020-04-01,중랑구,API_2017_2025,2020,4,1391.0,785.0,,,,,,1836.0,1257.0,374067.1156612903,366852.9203258064,6406.19259032258,808.0027451612904,403291.1156645161,340153.3615903226,348520.99251290323,392314.34649032255,150032.04488387096,21637.328593548387,92448.78451290322,35945.931777419355,-43793.353977419356,1073246.0,734544.0,338702.0,0.3156,,720415.0,524894.0,195521.0,0.2714,,0,32,1,84,15,1,192,0,0,153,0,0,0,16,956.0
2020-05-01,중랑구,API_2017_2025,2020,5,1504.0,956.0,,,,,,1924.0,1307.0,370834.13430333335,363376.5190266667,6369.660186666666,1087.9550966666668,401658.42548,335464.77814,344299.14413666667,389787.6987066667,155657.22355999998,23102.04640666667,94876.26810666667,37678.90904666667,-45488.55457,1073246.0,734544.0,338702.0,0.3156,,720415.0,524894.0,195521.0,0.2714,,0,32,1,84,15,1,192,0,0,153,0,0,0,16,1004.0
2020-06-01,중랑구,API_2017_2025,2020,6,1598.0,1004.0,,,,,,1853.0,1248.0,366766.31353548385,359774.86103870964,6312.7064451612905,678.7460612903226,397455.0434129032,332188.25412903226,340819.0404580645,385300.0800290323,156804.74336774193,24468.095941935484,94642.30557096774,37694.341854838705,-44481.03957096774,1073246.0,734544.0,338702.0,0.3156,,720415.0,524894.0,195521.0,0.2714,,0,32,1,84,15,1,192,0,0,153,0,0,0,16,1057.0
2020-07-01,중랑구,API_2017_2025,2020,7,1659.0,1057.0,,,,,,1876.0,1242.0,361277.28661,354274.07969,6305.99144,697.21549,394851.73093333334,324561.36819666665,333117.06001333334,381391.7341833333,153699.51281333333,23747.834909999998,92291.52283666666,37660.155066666666,-48274.67417,1073246.0,734544.0,338702.0,0.3156,,720415.0,524894.0,195521.0,0.2714,,0,32,1,84,15,1,192,0,0,153,0,0,0,16,1041.0
2020-08-01,중랑구,API_2017_2025,2020,8,1669.0,1041.0,,,,,,1924.0,1269.0,360223.2460290323,353309.44466774195,6169.833061290323,743.968306451613,393372.67859354836,323824.7954741936,332584.0176677419,379965.5520129032,152512.40181935483,24067.013241935485,91312.55733870967,37132.831238709674,-47381.53434516129,1073246.0,734544.0,338702.0,0.3156,,720415.0,524894.0,195521.0,0.2714,,0,32,1,84,15,1,192,0,0,153,0,0,0,16,978.0
2020-09-01,중랑구,API_2017_2025,2020,9,1713.0,978.0,,,,,,1846.0,1274.0,363748.7046580645,356825.79471935483,6148.161496774194,774.7484483870968,391893.50731935486,332267.98362258065,339876.7398258064,380800.10812903225,152560.6513032258,23338.03889032258,92260.33569354839,36962.276719354835,-40923.368303225805,1073246.0,734544.0,338702.0,0.3156,,720415.0,524894.0,195521.0,0.2714,,0,32,1,84,15,1,192,0,0,153,0,0,0,16,817.0
2020-10-01,중랑구,API_2017_2025,2020,10,1400.0,817.0,,,,,,1763.0,1219.0,367924.0639866667,360964.27317666664,6288.193426666667,671.5973966666667,397123.6530966667,334439.87526666664,342590.35414666665,386019.5710033334,154685.49219666666,23492.372866666665,92839.21014333333,38353.90918666667,-43429.21685666667,1073246.0,734544.0,338702.0,0.3156,,720415.0,524894.0,195521.0,0.2714,,0,32,1,84,15,1,192,0,0,153,0,0,0,16,951.0
2020-11-01,중랑구,API_2017_2025,2020,11,1585.0,951.0,,,,,,1683.0,1190.0,363116.13797419355,356072.48785806453,6238.8153483870965,804.8347612903226,394577.50776451617,326441.2450451613,336252.6912516129,382304.3142,158048.0399580645,25633.498448387098,93854.57808064517,38559.963429032265,-46051.6229483871,1073246.0,734544.0,338702.0,0.3156,,720415.0,524894.0,195521.0,0.2714,,0,32,1,84,15,1,192,0,0,153,0,0,0,16,884.0
2020-12-01,중랑구,API_2017_2025,2020,12,1468.0,884.0,,,,,,1757.0,1237.0,361886.23885666666,354778.09903,6187.4650366666665,920.67477,394071.6499433333,325390.38975000003,334431.54354,381496.73552,158065.58600333333,25155.18416,94058.34937333333,38852.05247,-47065.19198000001,1073246.0,734544.0,338702.0,0.3156,,720415.0,524894.0,195521.0,0.2714,,0,32,1,84,15,1,192,0,0,153,0,0,0,16,888.0
2021-01-01,중랑구,건별집계|API_2017_2025,2021,1,1380.0,888.0,,,,,,1683.0,1146.0,368995.8881709677,361986.24496774195,6314.525909677419,695.1173,395643.31907096773,337328.95446129027,345136.7136967742,386038.1556451613,149767.6815064516,22336.768541935482,91025.92274516128,36404.99021935484,-40901.4419483871,1046760.0,701525.0,345235.0,0.3298,,602878.0,460562.0,142316.0,0.2361,,0,28,2,74,29,2,121,0,0,96,0,0,0,10,958.0
2021-02-01,중랑구,건별집계|API_2017_2025,2021,2,1606.0,958.0,530.0,118.0,787.0,745.0,74.0,1445.0,933.0,370358.71098064515,363615.03981290327,6182.758751612903,560.9124129032258,396209.42354193545,339308.22598064516,347009.2038451613,387036.9303548387,152499.21616129033,22857.621270967742,93824.02975806451,35817.56513225806,-40027.72650967741,1046760.0,701525.0,345235.0,0.3298,,602878.0,460562.0,142316.0,0.2361,,0,28,2,74,29,2,121,0,0,96,0,0,0,10,963.0
2021-03-01,중랑구,건별집계|API_2017_2025,2021,3,1602.0,963.0,554.0,85.0,763.0,774.0,65.0,1391.0,785.0,366560.51929285715,359788.8710785714,6097.297635714285,674.3505857142857,395191.0016928571,332655.872975,341298.08107142855,384605.1180214286,156395.91183571427,25249.006703571427,93793.93773571428,37352.96739642857,-43307.03695,1046760.0,701525.0,345235.0,0.3298,,602878.0,460562.0,142316.0,0.2361,,0,28,2,74,29,2,121,0,0,96,0,0,0,10,992.0
2021-04-01,중랑구,건별집계|API_2017_2025,2021,4,1606.0,992.0,523.0,91.0,767.0,781.0,58.0,1504.0,956.0,360746.1416935484,353933.8884258065,6073.523629032258,738.7296419354839,393513.7842,323080.67883225804,332330.16438709677,381043.2683516129,153217.5168483871,24286.109322580643,92031.78643548387,36899.62109032258,-48713.103964516136,1046760.0,701525.0,345235.0,0.3298,,602878.0,460562.0,142316.0,0.2361,,0,28,2,74,29,2,121,0,0,96,0,0,0,10,1057.0
2021-05-01,중랑구,건별집계|API_2017_2025,2021,5,1641.0,1057.0,516.0,68.0,818.0,744.0,79.0,1598.0,1004.0,356491.5739466667,349791.9151566667,5976.060323333333,723.5984533333334,390027.1689866667,317635.1708233334,327292.91105666663,377347.7617166667,160935.39701666668,25001.592703333336,96420.84676,39512.95755333333,-50054.850660000004,1046760.0,701525.0,345235.0,0.3298,,602878.0,460562.0,142316.0,0.2361,,0,28,2,74,29,2,121,0,0,96,0,0,0,10,1178.0
2021-06-01,중랑구,건별집계|API_2017_2025,2021,6,1884.0,1178.0,596.0,110.0,892.0,898.0,94.0,1659.0,1057.0,357700.30095483875,350994.76671935484,6044.5568741935485,660.9773677419355,388475.8317387097,322529.49812903226,331220.16978064517,376614.6803677419,157627.71786451613,25142.333822580644,93900.7450064516,38584.639035483866,-45394.510587096775,1046760.0,701525.0,345235.0,0.3298,,602878.0,460562.0,142316.0,0.2361,,0,28,2,74,29,2,121,0,0,96,0,0,0,10,1199.0
2021-07-01,중랑구,건별집계|API_2017_2025,2021,7,1937.0,1199.0,595.0,143.0,973.0,868.0,96.0,1669.0,1041.0,354616.66028333333,347990.57430333336,5901.412983333333,724.6730133333333,387886.43849333335,317459.8736,326042.5380233333,375026.7476333333,160410.6312466667,24927.945596666665,96822.49709333334,38660.18855666667,-48984.209610000005,1046760.0,701525.0,345235.0,0.3298,,602878.0,460562.0,142316.0,0.2361,,0,28,2,74,29,2,121,0,0,96,0,0,0,10,1293.0
2021-08-01,중랑구,건별집계|API_2017_2025,2021,8,2056.0,1293.0,596.0,167.0,1042.0,898.0,116.0,1713.0,978.0,356128.36582580645,349317.6759,5912.574919354839,898.1150096774194,386502.9484580645,322022.66313225805,329959.1663258064,374820.6511870968,153895.96317096776,23262.49166451613,94178.9443,36454.52720645161,-44861.48486129033,1046760.0,701525.0,345235.0,0.3298,,602878.0,460562.0,142316.0,0.2361,,0,28,2,74,29,2,121,0,0,96,0,0,0,10,1310.0
2021-09-01,중랑구,건별집계|API_2017_2025,2021,9,2061.0,1310.0,648.0,103.0,1080.0,897.0,84.0,1400.0,817.0,354625.58369677415,348056.1266193549,5946.233838709678,623.223235483871,383025.18357419356,321352.03102580644,329634.4851225806,372476.3684129032,152366.62022580646,22920.37514516129,93512.08557419354,35934.159506451615,-42841.883290322585,1046760.0,701525.0,345235.0,0.3298,,602878.0,460562.0,142316.0,0.2361,,0,28,2,74,29,2,121,0,0,96,0,0,0,10,1230.0
2021-10-01,중랑구,건별집계|API_2017_2025,2021,10,1968.0,1230.0,645.0,93.0,1050.0,796.0,122.0,1585.0,951.0,355854.6836466667,349262.5591533333,5955.354990000001,636.7695,384465.47536333336,322238.51406333334,330901.90852999996,373678.0944533333,155713.83469,25529.498333333333,92661.87030666666,37522.46605,-42776.18592333332,1046760.0,701525.0,345235.0,0.3298,,602878.0,460562.0,142316.0,0.2361,,0,28,2,74,29,2,121,0,0,96,0,0,0,10,1206.0
2021-11-01,중랑구,건별집계|API_2017_2025,2021,11,1887.0,1206.0,589.0,92.0,994.0,800.0,93.0,1468.0,884.0,354483.1957129032,347654.2801645161,5952.461096774194,876.4544645161291,384655.2807419355,318710.6795096774,328073.8858806452,373346.98847741936,153010.31320645162,24116.876638709677,91615.62426451613,37277.81230322581,-45273.1025967742,1046760.0,701525.0,345235.0,0.3298,,602878.0,460562.0,142316.0,0.2361,,0,28,2,74,29,2,121,0,0,96,0,0,0,10,1179.0
2021-12-01,중랑구,건별집계|API_2017_2025,2021,12,1927.0,1179.0,643.0,105.0,1060.0,744.0,123.0,1380.0,888.0,352838.73064666666,346455.3748066667,5755.5353233333335,627.82051,384852.5396566667,316115.69850666664,325134.06349333335,372627.77861000004,157562.11612666666,25843.91289,93048.44801,38669.75522666667,-47493.715116666666,1046760.0,701525.0,345235.0,0.3298,,602878.0,460562.0,142316.0,0.2361,,0,28,2,74,29,2,121,0,0,96,0,0,0,10,1104.0
2022-01-01,중랑구,건별집계|xlsx_2022_2024,2022,1,1964.0,1104.0,753.0,107.0,1127.0,571.0,266.0,1606.0,958.0,357314.2986064516,350802.16063548386,5759.632629032258,752.5053225806452,386546.4848,323587.27916451613,331562.2164483871,375708.6430129032,152850.53502258065,24864.48283870968,90615.53974193548,37370.51244193548,-44146.42656451612,1114194.0,765681.0,348513.0,0.3128,116201.0,784087.0,623138.0,160949.0,0.2053,83359.0,0,9,3,43,13,5,81,0,0,67,0,0,0,3,1083.0
2022-02-01,중랑구,건별집계|xlsx_2022_2024,2022,2,1775.0,1083.0,609.0,83.0,967.0,695.0,113.0,1602.0,963.0,359356.3129903226,352708.67048709677,5898.028577419354,749.6139419354838,387041.73555161286,326312.54736774194,334500.1345354839,377110.7261903226,151686.41992903224,25528.459306451612,89805.66707096774,36352.2935516129,-42610.5916548387,1114194.0,765681.0,348513.0,0.3128,116201.0,784087.0,623138.0,160949.0,0.2053,83359.0,0,9,3,43,13,5,81,0,0,67,0,0,0,3,1011.0
2022-03-01,중랑구,건별집계|xlsx_2022_2024,2022,3,1821.0,1011.0,740.0,70.0,998.0,750.0,73.0,1606.0,992.0,362628.03764999995,355929.55040714284,5928.935728571429,769.5515285714285,389338.05390357145,330744.68648214283,338789.0060642857,379655.9173714286,150860.70336071428,24551.55465714286,90216.68378928571,36092.464914285716,-40866.91130714286,1114194.0,765681.0,348513.0,0.3128,116201.0,784087.0,623138.0,160949.0,0.2053,83359.0,0,9,3,43,13,5,81,0,0,67,0,0,0,3,1306.0
2022-04-01,중랑구,건별집계|xlsx_2022_2024,2022,4,2438.0,1306.0,1032.0,100.0,1383.0,959.0,96.0,1641.0,1057.0,360938.9487645161,354327.9091548387,5845.045183870968,765.994429032258,389081.2218032258,327822.14899677417,336153.58657741937,378642.7788870968,146072.64228064514,22885.61207741935,87928.67091290322,35258.35929032258,-42489.19230967742,1114194.0,765681.0,348513.0,0.3128,116201.0,784087.0,623138.0,160949.0,0.2053,83359.0,0,9,3,43,13,5,81,0,0,67,0,0,0,3,1260.0
2022-05-01,중랑구,건별집계|xlsx_2022_2024,2022,5,2050.0,1260.0,723.0,67.0,1141.0,829.0,80.0,1884.0,1178.0,353822.5579866666,346727.96873666666,5758.629346666667,1335.95992,388027.8528733334,314023.58191999997,324265.1897666667,374934.96386333334,153995.46401333335,24500.29292666667,91643.41738666667,37851.7537,-50669.774096666675,1114194.0,765681.0,348513.0,0.3128,116201.0,784087.0,623138.0,160949.0,0.2053,83359.0,0,9,3,43,13,5,81,0,0,67,0,0,0,3,1260.0
2022-06-01,중랑구,건별집계|xlsx_2022_2024,2022,6,2108.0,1260.0,734.0,114.0,1023.0,965.0,120.0,1937.0,1199.0,357962.3208354839,351319.85959354835,5849.878674193548,792.582570967742,392662.0184129032,318664.9147354838,328522.54712258064,378990.7306387097,156905.95650967743,26415.997845161288,91039.75688387096,39450.20178064516,-50468.18351612903,1114194.0,765681.0,348513.0,0.3128,116201.0,784087.0,623138.0,160949.0,0.2053,83359.0,0,9,3,43,13,5,81,0,0,67,0,0,0,3,1249.0
2022-07-01,중랑구,건별집계|xlsx_2022_2024,2022,7,2022.0,1249.0,655.0,118.0,1037.0,872.0,113.0,2056.0,1293.0,360805.0219166667,354049.8496233334,5779.220336666666,975.9519666666667,395983.24565666664,321095.37222333334,331074.4647466667,382041.1341966667,153835.45556,25276.805379999998,91151.56167,37407.08851,-50966.66945,1114194.0,765681.0,348513.0,0.3128,116201.0,784087.0,623138.0,160949.0,0.2053,83359.0,0,9,3,43,13,5,81,0,0,67,0,0,0,3,1400.0
2022-08-01,중랑구,건별집계|xlsx_2022_2024,2022,8,2181.0,1400.0,690.0,91.0,1212.0,856.0,113.0,2061.0,1310.0,351692.2674451613,345026.7262612903,5812.479406451613,853.0617838709678,385060.2311419355,314777.7528645161,323500.52282580646,371829.2278806452,145981.5014580645,24462.22489677419,86264.98252580645,35254.29403548387,-48328.705054838705,1114194.0,765681.0,348513.0,0.3128,116201.0,784087.0,623138.0,160949.0,0.2053,83359.0,0,9,3,43,13,5,81,0,0,67,0,0,0,3,1457.0
2022-09-01,중랑구,건별집계|xlsx_2022_2024,2022,9,2316.0,1457.0,765.0,94.0,1300.0,930.0,86.0,1968.0,1230.0,348141.2656774193,341509.3709290323,5821.752703225806,810.1420387096774,380960.21741290326,310928.5496935484,319948.9650548387,368278.6232645161,144057.51222903226,23657.681777419355,85935.86430967742,34463.96614193548,-48329.658209677415,1114194.0,765681.0,348513.0,0.3128,116201.0,784087.0,623138.0,160949.0,0.2053,83359.0,0,9,3,43,13,5,81,0,0,67,0,0,0,3,1301.0
2022-10-01,중랑구,건별집계|xlsx_2022_2024,2022,10,2115.0,1301.0,724.0,90.0,1099.0,926.0,90.0,1887.0,1206.0,349934.98924333334,343257.00492000004,5742.438713333334,935.5456333333333,383174.37837,311934.29932,321508.81577,370239.39886666666,145912.61498666665,26152.69234,83622.9198,36137.00284666666,-48730.58309666666,1114194.0,765681.0,348513.0,0.3128,116201.0,784087.0,623138.0,160949.0,0.2053,83359.0,0,9,3,43,13,5,81,0,0,67,0,0,0,3,1212.0
2022-11-01,중랑구,건별집계|xlsx_2022_2024,2022,11,1882.0,1212.0,593.0,77.0,1000.0,813.0,69.0,1927.0,1179.0,349558.0058935484,342772.95292258065,5812.8603225806455,972.1926612903226,383029.9482129032,309901.6801516129,320548.5957451613,370279.0131516129,140821.1245451613,24339.693677419353,81538.71903548387,34942.711832258065,-49730.41740645162,1114194.0,765681.0,348513.0,0.3128,116201.0,784087.0,623138.0,160949.0,0.2053,83359.0,0,9,3,43,13,5,81,0,0,67,0,0,0,3,1299.0
2022-12-01,중랑구,건별집계|xlsx_2022_2024,2022,12,2058.0,1299.0,692.0,67.0,1079.0,895.0,84.0,1964.0,1104.0,349077.9354533333,342575.44066333334,5698.368733333334,804.1260866666667,383697.4635633333,309003.5102866666,318925.7737566667,370615.19381,145159.25603333334,24957.211923333336,83902.10486,36299.93925,-51689.42005333334,1114194.0,765681.0,348513.0,0.3128,116201.0,784087.0,623138.0,160949.0,0.2053,83359.0,0,9,3,43,13,5,81,0,0,67,0,0,0,3,1333.0
