ds,District,월,전월_transport_cnt,전년동월_transport_cnt,전년동월_y,전년_인명갇힘,전년_승강기사고,전월_night_pop,전월_내국인생활인구수,전월_일최소인구수,전월_동일자치구행정동간이동인구수,전월_total_pop,전월_일최대인구수,전월_day_pop,전월_일최대이동인구수,전월_서울외유입인구수,구별_이송률,인구기반_예상이송,transport_cnt
2018-05-01,강남구,5,1508.0,1543.0,2650.0,337,580,749100.8679115383,817036.3880884616,685937.4424230768,133339.75189615384,858066.5640807692,1049526.350946154,1010618.5387307692,653647.9840115384,196616.7521730769,0.0019336647704146265,1448.5099577675621,1660.0
2018-06-01,강남구,6,1660.0,1643.0,2773.0,337,580,740797.242667742,805368.1257548387,680210.6829612902,127280.06521290322,846701.2681935483,1029229.0106064515,992015.9888419356,623595.2215580645,188246.48781612905,0.0019336647704146265,1432.4535301669075,1673.0
2018-07-01,강남구,7,1673.0,1691.0,2963.0,337,580,748014.6677400001,815268.1658366666,686486.6557199999,120738.49931,855382.4456666667,1045679.81666,1005697.3347433334,600353.00791,185564.33091,0.0019336647704146265,1446.4096107622404,1822.0
2018-08-01,강남구,8,1822.0,1584.0,2727.0,337,580,757553.9002032258,834267.3592290323,690608.9910129033,123926.46448387096,877646.7028322581,1091580.4722935483,1045776.6265483872,639512.3181806452,203945.09152580643,0.0019336647704146265,1464.8552885131755,1743.0
2018-09-01,강남구,9,1743.0,1618.0,2755.0,337,580,747578.2320096774,822891.0720451613,685601.7235870968,131861.26711935483,864336.7162645161,1068190.8632387095,1025316.6880096772,647877.5270451612,198686.91048387092,0.0019336647704146265,1445.5656903659653,1514.0
2018-10-01,강남구,10,1514.0,1459.0,2504.0,337,580,724165.1680866666,778798.4199866666,665462.4754633333,123643.17484,818212.2730133333,987529.09137,949878.21991,572932.08624,172816.99793333333,0.0019336647704146265,1400.2926734905736,1522.0
2018-11-01,강남구,11,1522.0,1514.0,2481.0,337,580,748637.1418774194,815086.583251613,686912.3320645161,123762.1744548387,857251.6860354838,1044345.8121354838,1006977.0548225804,614462.3424548387,191440.0220580645,0.0019336647704146265,1447.6132670722625,1510.0
2018-12-01,강남구,12,1510.0,1698.0,2830.0,337,580,755748.2471566667,829232.3575166666,688925.09052,127575.77324333334,871978.04081,1078222.8909166667,1034699.7519166667,656558.84936,211296.86786333332,0.0019336647704146265,1461.3637608294523,1703.0
2019-01-01,강남구,1,1703.0,1585.0,2740.0,268,467,753212.951432258,816053.8469870968,689881.5569580646,123728.85941935483,858440.0901096774,1048862.6647290322,1005758.084264516,611156.547751613,194890.81946129035,0.0019336647704146265,1456.4613488045804,1529.0
2019-02-01,강남구,2,1529.0,1366.0,2406.0,268,467,762219.7483741936,839806.2279645161,694059.4814870968,130025.41873870968,882023.0274774194,1096711.289387097,1049747.6182225808,670797.3460096775,215506.21413548387,0.0019336647704146265,1473.8774747454793,1280.0
2019-03-01,강남구,3,1280.0,1486.0,2647.0,268,467,719086.5057857143,780619.8186214286,656136.9729428571,124730.26075,818553.6957535715,1000438.1328464288,957807.7617107144,599382.0133250001,186260.18057142856,0.0019336647704146265,1390.472243118389,1523.0
2019-04-01,강남구,4,1523.0,1508.0,2576.0,268,467,746952.4053032257,813693.3362193549,685371.073616129,119502.25368387098,853372.7204032257,1043405.930083871,1002361.1615290324,588801.5678677419,183594.4095774193,0.0019336647704146265,1444.3555513113151,1509.0
2019-05-01,강남구,5,1509.0,1660.0,2765.0,268,467,739791.43554,808913.9816533333,677206.95305,129735.76121,848924.44197,1041278.2144666668,1001710.6509833334,646093.6629700001,197834.57543666667,0.0019336647704146265,1430.508636358161,1616.0
2019-06-01,강남구,6,1616.0,1673.0,2831.0,268,467,716141.7300483871,779189.6723419355,656139.0620548388,119871.26678064516,819731.4237419355,1002433.4392806452,964756.9949290322,586111.076983871,181404.37062258064,0.0019336647704146265,1384.7780340183479,1565.0
2019-07-01,강남구,7,1565.0,1822.0,3213.0,268,467,723122.7323866667,784684.07045,664287.0862866666,118600.11976,825761.9263533334,1009333.7211166668,969456.7979166668,566086.5728,174764.55008,0.0019336647704146265,1398.2769523020613,1746.0
2019-08-01,강남구,8,1746.0,1743.0,3059.0,268,467,730081.2749064517,808712.3787935484,663616.1919322581,113519.16801935484,849977.673167742,1063726.3569741936,1017832.630732258,586488.6175903226,187139.25632903227,0.0019336647704146265,1411.7324408260017,1694.0
2019-09-01,강남구,9,1694.0,1514.0,2522.0,268,467,752444.4102580645,822263.4811483871,687399.1466612903,118816.06457096772,863811.588116129,1063273.754409677,1019725.6371225804,592468.970316129,185121.6136451613,0.0019336647704146265,1454.9752478114294,1535.0
2019-10-01,강남구,10,1535.0,1522.0,2587.0,268,467,734447.20066,794565.4042233333,672468.6136133333,122705.28468666668,834951.98071,1015321.1950533332,975658.6727633332,588068.7316633334,180754.20836,0.0019336647704146265,1420.174677645884,1670.0
2019-11-01,강남구,11,1670.0,1510.0,2516.0,268,467,758958.2004903225,836111.0154548388,687383.4828451612,125888.1020032258,883406.2082032259,1097767.364383871,1057633.418982258,654965.3465709678,205303.70356935484,0.0019336647704146265,1467.5707345054177,1609.0
2019-12-01,강남구,12,1609.0,1703.0,2837.0,268,467,762213.2962933333,837268.2839866667,697285.9488333333,125041.82351,880952.2457033334,1092505.8225966666,1047186.7748933334,643055.6722166667,206011.36794333332,0.0019336647704146265,1473.864998584024,1733.0
2020-01-01,강남구,1,1733.0,1529.0,2575.0,226,434,766809.766167742,838621.6734290322,699816.1155516129,131233.57358387095,882208.1168193548,1090627.9946612904,1043765.8077419356,663037.7436451613,212289.36496129032,0.0019336647704146265,1482.75303044844,1479.0
2020-02-01,강남구,2,1479.0,1280.0,2204.0,226,434,749119.1653387097,823733.3627741935,682165.4451451612,129168.2972032258,862862.4038935484,1069665.385696774,1022102.9378741937,647116.9087032258,206216.8429322581,0.0019336647704146265,1448.5453388578728,1177.0
2020-03-01,강남구,3,1177.0,1523.0,2500.0,226,434,764386.2760344828,844520.5262275862,701385.8184,130723.9226827586,881777.3000931034,1090369.1973793104,1046124.7337896551,641748.596251724,196533.98196206897,0.0019336647704146265,1478.0668129563094,1095.0
2020-04-01,강남구,4,1095.0,1509.0,2479.0,226,434,739463.0629419355,806111.2717419354,686715.9256354838,119091.78754516128,836903.2031451613,1009673.0519483872,973319.3994193549,556747.2139677419,164346.17406451612,0.0019336647704146265,1429.8736738337143,1046.0
2020-05-01,강남구,5,1046.0,1616.0,2717.0,226,434,739381.2871833333,807983.7655466667,684857.58814,126741.17505,837914.78799,1011391.5562233332,975861.6891633332,586731.0515266667,174372.93598333333,0.0019336647704146265,1429.7155469302313,1177.0
2020-06-01,강남구,6,1177.0,1565.0,2610.0,226,434,731259.7793290323,799265.408816129,676526.7320806452,126689.45614193549,828149.7786806452,999435.2740387096,963795.7777806452,581012.253551613,172856.4986,0.0019336647704146265,1414.0112733097237,1268.0
2020-07-01,강남구,7,1268.0,1746.0,2965.0,226,434,738804.8873033334,821657.1942766666,677442.1642233334,129317.17994666669,849618.1967933333,1043698.30793,1004756.83004,628660.6734766667,189045.35691,0.0019336647704146265,1428.6009827886041,1413.0
2020-08-01,강남구,8,1413.0,1694.0,2945.0,226,434,751484.9047161291,834377.3238774193,686461.7066516129,127480.57128387096,865009.3934225807,1064176.5761903226,1023943.677635484,635647.697567742,194110.07760967745,0.0019336647704146265,1453.1198857479712,1222.0
2020-09-01,강남구,9,1222.0,1535.0,2654.0,226,434,730105.5440774193,794765.5410774194,675967.886367742,123050.35183548386,826552.5134806451,997442.1025064517,961578.270635484,570516.0411870967,169692.82268709678,0.0019336647704146265,1411.779369266909,1087.0
2020-10-01,강남구,10,1087.0,1670.0,2797.0,226,434,712952.8465533333,778093.6713633334,662781.5313433333,118273.73762,806555.2294966667,971993.4270633332,937598.5656233332,548460.05553,160414.98250333333,0.0019336647704146265,1378.6118023470058,1179.0
2020-11-01,강남구,11,1179.0,1609.0,2605.0,226,434,717322.0242161291,784087.0200548387,661523.8375612904,122725.2836032258,811489.6183193548,978448.862032258,943324.2500580646,575103.6330387098,173867.25669032257,0.0019336647704146265,1387.0603272692365,1204.0
2020-12-01,강남구,12,1204.0,1733.0,2815.0,226,434,727006.0480933334,805155.72849,668999.10515,124032.81205,832259.0002433334,1016774.2248466668,979613.1332666668,603806.3173633333,184706.69526333333,0.0019336647704146265,1405.7859830764403,1036.0
2021-01-01,강남구,1,1036.0,1479.0,2397.0,204,286,698128.3182258063,763508.9405225806,654949.3299903226,111711.0175483871,790193.7408354839,954043.028467742,919085.3324774194,518105.711916129,153549.28471290323,0.0019336647704146265,1349.9461341820531,1120.0
2021-02-01,강남구,2,1120.0,1177.0,2153.0,204,286,699662.7139322581,768545.0572774194,655450.424283871,116421.1974516129,793527.650832258,961286.9687129032,924938.5624935484,539115.6781096774,162412.0390419355,0.0019336647704146265,1352.9131411034944,1033.0
2021-03-01,강남구,3,1033.0,1095.0,2100.0,204,286,702957.8711,775298.2491928572,650558.0830499999,121265.06452142856,801461.6919214285,978504.745825,939367.0410928573,573796.1826964285,174882.47490714284,0.0019336647704146265,1359.2848704317362,1137.0
2021-04-01,강남구,4,1137.0,1046.0,1930.0,204,286,725714.2860161291,810231.2718967743,665764.8449806452,121969.76813548389,836926.4784580646,1032963.1713290324,992623.5478612904,605473.7067354838,186676.3853870968,0.0019336647704146265,1403.2881482559928,1239.0
2021-05-01,강남구,5,1239.0,1177.0,2275.0,204,286,717586.8958299999,803243.9942099999,658654.6756233333,129118.86826333334,828750.08857,1024186.01199,984378.5584066666,633121.0216933334,191705.25308333331,0.0019336647704146265,1387.5725001776614,1372.0
2021-06-01,강남구,6,1372.0,1268.0,2452.0,204,286,709152.744248387,784103.8257290322,653396.5220451613,127270.0586419355,809312.0577193548,986772.4979096774,949535.0965935484,589350.2906419354,177328.72832258063,0.0019336647704146265,1371.2636783959597,1501.0
2021-07-01,강남구,7,1501.0,1413.0,2627.0,204,286,723045.9971866666,807640.3129666667,663223.8548266666,130509.17922666666,835716.63555,1034626.78229,993455.52929,634301.9296633333,193936.5544833333,0.0019336647704146265,1398.1285721491704,1466.0
2021-08-01,강남구,8,1466.0,1222.0,2550.0,204,286,705786.7976935484,781690.768216129,653301.2723935484,122438.63934193549,808641.6506032258,992065.362732258,952638.4447096774,579400.4462903226,175572.08481612903,0.0019336647704146265,1364.7550661237697,1460.0
2021-09-01,강남구,9,1460.0,1087.0,2357.0,204,286,697430.610232258,769158.8128677419,647531.4880258065,120976.24479354838,795719.2384870969,972441.2022419354,933323.3180290322,564312.3449451614,169240.07380967744,0.0019336647704146265,1348.597000814892,1378.0
2021-10-01,강남구,10,1378.0,1179.0,2453.0,204,286,690147.4978733334,757475.65177,639915.19833,120565.80539,782926.6777100001,950213.2525833334,912817.52948,552390.5315466666,165807.27398,0.0019336647704146265,1334.5139030274681,1435.0
2021-11-01,강남구,11,1435.0,1204.0,2289.0,204,286,702841.9527387096,772594.9992870967,650740.5317870968,121998.84099354838,799479.6601096774,971916.7017806452,934772.4504290324,566791.6401709678,172478.7939483871,0.0019336647704146265,1359.0607231802646,1464.0
2021-12-01,강남구,12,1464.0,1036.0,2038.0,204,286,726352.8905966667,806499.2798266667,665558.1340166667,125775.08303,836540.79238,1031735.3587133331,990803.8548733334,630904.9669766667,197911.53397666663,0.0019336647704146265,1404.522995435604,1369.0
2022-01-01,강남구,1,1369.0,1120.0,2223.0,258,313,718100.5415870968,797138.9294064516,661819.8988709677,121575.33556129033,825072.2090580645,1015244.6499612904,974832.543516129,595242.1223774193,185062.4948483871,0.0019336647704146265,1388.5657188826324,1407.0
2022-02-01,강남구,2,1407.0,1033.0,2114.0,258,313,707723.7081741936,786969.1453548387,653413.6686483872,123419.88531612905,813482.9152645161,1002179.9677290324,961545.8051870968,593207.7549774194,185615.73733870967,0.0019336647704146265,1368.5004016836403,1295.0
2022-03-01,강남구,3,1295.0,1137.0,2463.0,258,313,710148.5167357143,778636.3433999999,658232.7787857142,123061.0906892857,809263.3539535714,988258.6703892855,948024.1260714286,568903.0170464285,174106.40056428572,0.0019336647704146265,1373.1891685740525,1496.0
2022-04-01,강남구,4,1496.0,1239.0,2512.0,258,313,719002.6635806451,787418.085167742,666227.0715161291,119884.1701548387,815774.8093129032,987287.2824741936,951255.8133580644,551347.4703709678,167156.20987096775,0.0019336647704146265,1390.310120400173,1435.0
2022-05-01,강남구,5,1435.0,1372.0,2875.0,258,313,728385.2440233334,802085.2031633334,670139.62345,128262.81765333332,833432.4203066666,1019076.8313133332,980498.4670966666,617272.9767233334,189941.3031,0.0019336647704146265,1408.4528856577808,1621.0
2022-06-01,강남구,6,1621.0,1501.0,3159.0,258,313,745173.2774967742,818133.4937,682434.9928516129,128173.2027,853718.0181193548,1044975.709503226,1005680.6549967744,628984.2481806452,196813.83953870967,0.0019336647704146265,1440.9153145499147,1496.0
2022-07-01,강남구,7,1496.0,1466.0,2913.0,258,313,758607.1047666667,833873.0314033333,696245.0555066667,129486.94110333332,870905.93617,1071583.4589633334,1028124.3001566668,636911.76866,200089.73482333336,0.0019336647704146265,1466.891833073541,1653.0
2022-08-01,강남구,8,1653.0,1460.0,2867.0,258,313,746296.5920032258,823399.738067742,682957.2139806452,123416.27464838709,861738.726783871,1067991.5868935485,1023357.7154806452,625957.6289645161,201013.62536774197,0.0019336647704146265,1443.0874282371358,1650.0
2022-09-01,강남구,9,1650.0,1378.0,2822.0,258,313,732833.1495290323,807623.917383871,671810.4970612903,124969.88063870968,844638.407832258,1043558.559764516,1001165.7694580643,616359.7030290322,193525.96808387092,0.0019336647704146265,1417.053643836284,1426.0
2022-10-01,강남구,10,1426.0,1435.0,2757.0,258,313,723546.7029533333,791511.4960366667,662811.5011433333,122458.93773666667,827500.2501166667,1013748.1769433334,973035.21614,596437.3980333334,186846.9154833333,0.0019336647704146265,1399.0967692505171,1465.0
2022-11-01,강남구,11,1465.0,1464.0,2989.0,258,313,730642.5200193549,793167.5174580646,672918.8058645162,121134.6429,832802.2085741935,1015103.3668967744,975825.7725741935,586023.2922516129,185910.5237935484,0.0019336647704146265,1412.81770072839,1497.0
2022-12-01,강남구,12,1497.0,1369.0,3087.0,258,313,739246.3759,814648.6779733334,678117.9924266667,124471.67424666668,854042.8565266667,1055825.253496667,1014757.9294133334,632566.8290899999,201547.55641666663,0.0019336647704146265,1429.454673734518,1556.0
2023-01-01,강남구,1,1556.0,1407.0,2716.0,253,447,741246.4441096775,812252.9266032258,680082.9319096775,120599.74658709676,850301.8065548387,1045292.9870967744,1002979.313967742,605605.2649354838,195161.86634193547,0.0019336647704146265,1433.3221351699976,1453.0
2023-02-01,강남구,2,1453.0,1295.0,2813.0,253,447,721572.9413612903,796674.2235387096,659726.2586129033,116497.90484516128,830725.547216129,1026867.8949967742,983539.195432258,588787.0000387096,192264.9148483871,0.0019336647704146265,1395.280175994786,1190.0
2023-03-01,강남구,3,1190.0,1496.0,3839.0,253,447,743767.6611607142,831518.8584785714,677368.7876285714,116806.14255,867282.6175785714,1087246.5903892857,1040203.5565857142,633565.9969142858,212155.5655892857,0.0019336647704146265,1438.1973237601562,1405.0
2023-04-01,강남구,4,1405.0,1435.0,2998.0,253,447,743643.4621129032,823731.9663935484,679972.3905967742,115645.38028709678,860094.0245290323,1065322.897732258,1023124.8118935484,601976.1516935484,197158.94686451613,0.0019336647704146265,1437.957164436885,1486.0
2023-05-01,강남구,5,1486.0,1621.0,3133.0,253,447,739600.7050166667,809914.3356466667,680761.44474,122919.05153333332,848413.7277866666,1041164.1729966666,1000751.9596533332,611619.1368233333,197171.0303533333,0.0019336647704146265,1430.1398274645487,1644.0
2023-06-01,강남구,6,1644.0,1496.0,3043.0,253,447,740224.2776935484,807608.5493064517,680952.8125290322,123625.12231290324,846219.1728935485,1033304.1388419354,994612.0261774196,602162.2294193548,190525.2580709677,0.0019336647704146265,1431.3456079816278,1564.0
2023-07-01,강남구,7,1564.0,1653.0,3557.0,253,447,747923.7504733333,821974.7890933334,686854.29764,125454.52476,861426.53761,1063977.73664,1020330.4396033332,619737.4907733334,198919.1621533333,0.0019336647704146265,1446.2338072466644,1745.0
2023-08-01,강남구,8,1745.0,1650.0,3581.0,253,447,752782.3146741936,829881.5464096775,690535.0424612904,122546.46283548386,870302.3847806451,1080769.1311935484,1034830.482935484,616049.3751000001,201154.81307419355,0.0019336647704146265,1455.6286416766657,1627.0
2023-09-01,강남구,9,1627.0,1426.0,3006.0,253,447,743009.3879,822474.1316,681564.0271870968,121552.46433225804,859329.1323645161,1067458.373867742,1022176.7746129032,611027.9010935484,197137.29483870967,0.0019336647704146265,1436.7310774695657,1621.0
2023-10-01,강남구,10,1621.0,1465.0,2916.0,253,447,736235.2405166667,803397.0563533333,676904.0025866666,118071.76890666666,840261.6314266666,1027248.5173733332,985898.57872,581182.9089233334,187800.42227666668,0.0019336647704146265,1423.6321473248177,1519.0
2023-11-01,강남구,11,1519.0,1497.0,2987.0,253,447,729243.7331419355,792780.5911548388,673260.6957290323,115978.07743870968,831074.9766322582,1012384.1297387098,973638.7175193548,564265.2416354838,182996.352,0.0019336647704146265,1410.1129158222059,1457.0
2023-12-01,강남구,12,1457.0,1556.0,3282.0,253,447,744948.01408,821373.48347,684344.0344433334,119323.74800333333,861396.0986966667,1068814.17741,1024423.41715,621362.2678066667,207885.52580666667,0.0019336647704146265,1440.4797306168352,1651.0
2024-01-01,강남구,1,1651.0,1453.0,2835.0,136,428,745256.017348387,810223.4631,687146.6055612903,113064.3611032258,850402.7931645162,1040914.5703967742,997608.2792774192,578295.3242935485,196582.82256774197,0.0019336647704146265,1441.0753056860876,1481.0
2024-02-01,강남구,2,1481.0,1190.0,2452.0,136,428,739685.0917064516,814365.9060548387,677656.4432,110832.48557096774,849827.3930290322,1048439.5047516128,1004026.6148838708,582612.5890548386,197878.1538967742,0.0019336647704146265,1430.3030030336777,1261.0
2024-03-01,강남구,3,1261.0,1405.0,2842.0,136,428,738488.449324138,812009.5863275862,678299.8915344827,116402.15165172414,846271.7705620689,1043477.4938172414,997168.4202965518,584980.0862103449,192461.32671724135,0.0019336647704146265,1427.9890978162127,1233.0
2024-04-01,강남구,4,1233.0,1486.0,3020.0,136,428,757290.0846677419,826818.3169354838,700587.8467612903,116585.03578064516,863914.8565419355,1055279.8216225808,1013189.537148387,575933.347351613,189181.8078032258,0.0019336647704146265,1464.3451577063222,1231.0
2024-05-01,강남구,5,1231.0,1644.0,3314.0,136,428,757479.1679966667,824744.9233333333,700302.50102,126235.11939333333,864842.06501,1055569.91466,1015150.1208366666,607969.4847899999,192392.70035,0.0019336647704146265,1464.7107814781368,1286.0
2024-06-01,강남구,6,1286.0,1564.0,3141.0,136,428,753653.3151258065,816933.0469354838,696974.565167742,127228.36383548388,856536.9963354839,1039755.7071806452,1000574.1500290324,587659.9484225806,184613.4127806452,0.0019336647704146265,1457.3128645649647,1284.0
2024-07-01,강남구,7,1284.0,1745.0,3423.0,136,428,758511.30679,822473.53998,703452.9426266666,130310.78457,861665.9016166667,1047744.3238866668,1006082.33439,596283.1736433334,189872.8652,0.0019336647704146265,1466.7065919009835,1322.0
2024-08-01,강남구,8,1322.0,1627.0,3274.0,136,428,769411.7265709677,850670.286583871,708086.7238354839,129237.33485483871,889006.9335612904,1103530.7912290322,1056440.2233580644,630430.0389741935,205367.0242,0.0019336647704146265,1487.7843496141716,1296.0
2024-09-01,강남구,9,1296.0,1621.0,3150.0,136,428,762640.2940129032,836691.3342548388,705130.9079193549,131856.4752064516,873674.120580645,1074232.0199129032,1029121.4777806452,616873.5692903225,199897.2227451613,0.0019336647704146265,1474.6906690314038,1114.0
2024-10-01,강남구,10,1114.0,1519.0,2979.0,136,428,737327.4751466666,797353.1904000001,683082.2561866667,127742.14907666668,832266.6078,1004898.1935,965181.39352,571936.5745033334,180037.7567,0.0019336647704146265,1425.7441629498753,1122.0
2024-11-01,강남구,11,1122.0,1457.0,2731.0,136,428,754876.6266548387,817281.4029838709,700883.2651161291,128810.46356451612,855766.9025064516,1036546.9901935484,997013.2886935484,587941.2573354839,187478.5734967742,0.0019336647704146265,1459.6783389718964,1226.0
2024-12-01,강남구,12,1226.0,1651.0,3118.0,136,428,762295.1749666667,831084.4994466666,706935.0785399999,135297.03966666668,870189.36036,1064543.31603,1021241.2198833332,633450.54187,204912.69311666663,0.0019336647704146265,1474.0233244900971,1195.0
2025-01-01,강남구,1,1195.0,1481.0,2737.0,103,356,758301.7434483871,821394.3616548388,701348.564467742,131011.82913548387,860873.8869225807,1047466.404583871,1004474.8878064516,601401.0863225806,196169.2745419355,0.0019336647704146265,1466.3013666501365,1113.0
2025-02-01,강남구,2,1113.0,1261.0,2469.0,103,356,736959.4535838709,797552.6564258065,683603.5318903226,129378.46511290324,832500.444483871,1006843.6883806452,966257.8317387096,566129.0472225806,179710.2518096774,0.0019336647704146265,1425.0325326191444,1004.0
2025-03-01,강남구,3,1004.0,1233.0,2716.0,103,356,762824.5417214286,843870.2097142858,703066.9876642858,137099.81001071428,880241.4539607143,1090412.7180428572,1044625.1311178572,634574.6096464286,202263.48106785715,0.0019336647704146265,1475.0469423344089,1130.0
2025-04-01,강남구,4,1130.0,1231.0,2731.0,103,356,760792.8804193548,827053.870016129,704373.532832258,130976.81893870968,864993.9182612903,1050411.3133451613,1010875.3712516128,590849.4264225806,185517.7411516129,0.0019336647704146265,1471.118390449174,1126.0
2025-05-01,강남구,5,1126.0,1286.0,2882.0,103,356,760958.2992666666,831645.7816266667,703833.5040266666,139608.31402999998,871024.9816433333,1066138.6549933334,1025118.3369633332,642402.46211,199393.97691666667,0.0019336647704146265,1471.4382550465837,1241.0
2025-06-01,강남구,6,1241.0,1284.0,2941.0,103,356,745590.2590064516,804936.1906774193,692736.1174419356,130699.21274838709,842222.8412935484,1014950.6269387096,977508.4564967742,579050.8575290323,180063.4691419355,0.0019336647704146265,1441.7216170050922,1211.0
2025-07-01,강남구,7,1211.0,1322.0,3173.0,103,356,756650.6351,820717.0706466666,702664.9892866666,135018.52876000002,858060.1113966666,1039561.76197,1000033.37822,598881.48512,184905.4360433333,0.0019336647704146265,1463.1086766047226,1463.0
2025-08-01,강남구,8,1463.0,1296.0,3228.0,103,356,771754.5403741936,851527.0578064516,710142.4553387096,135340.71262903226,890036.0131193548,1101056.3884741936,1055630.0749516129,643238.4535741935,203817.29823870969,0.0019336647704146265,1492.3145661291105,1256.0
2025-09-01,강남구,9,1256.0,1114.0,2580.0,103,356,756026.2432032258,825545.584083871,699531.6031741935,137020.5856516129,862012.1996774194,1052226.8417193547,1010392.5387483872,614096.849232258,190287.25474193547,0.0019336647704146265,1461.9013119909982,1313.0
2025-10-01,강남구,10,1313.0,1122.0,2497.0,103,356,765186.9714566667,839577.0166900001,705458.93722,138511.88111666666,877059.0508366667,1075920.0090233334,1033679.9619633332,643135.1797233333,200902.91993,0.0019336647704146265,1479.6150894860189,1275.0
2025-11-01,강남구,11,1275.0,1226.0,2652.0,103,356,728796.2804225807,780609.5900870968,677548.8531548387,128423.24607096774,818188.3150709678,978545.1937419357,943337.1635903226,557929.9978387096,172376.4232064516,0.0019336647704146265,1409.2476922623632,1289.0
2025-12-01,강남구,12,1289.0,1195.0,2709.0,103,356,760568.2811866667,824132.3393600001,706262.5775866666,133243.79265333334,864267.26252,1049359.9271966666,1009445.8364,607628.4813733333,191859.89701,0.0019336647704146265,1470.6840908254628,1441.0
2018-05-01,강동구,5,1078.0,1184.0,1848.0,301,356,516677.2303807693,481461.8398653846,448402.3456038461,141170.77120000002,492872.7544384615,531122.1581269231,459546.4881346154,239201.06196153845,47716.155900000005,0.002139167365186773,1105.2590695656297,1180.0
2018-06-01,강동구,6,1180.0,1207.0,1872.0,301,356,515130.1141903226,480481.732767742,445413.5820419355,135787.5798451613,491738.4208451613,533721.1500612904,457416.9549451613,231510.8968935484,46776.56646774193,0.002139167365186773,1101.9495291008739,1207.0
2018-07-01,강동구,7,1207.0,1283.0,1953.0,301,356,519203.5822666667,486125.36803666665,458093.3494966666,125367.22561,497941.8778466666,532766.3286366666,468175.4916566667,219072.8423266667,46870.32570666667,0.002139167365186773,1110.6633590729193,1205.0
2018-08-01,강동구,8,1205.0,1223.0,1927.0,301,356,518959.1901225806,486178.0871419355,460752.7780935484,126299.23554193549,498456.3323967742,532391.3773516129,469752.33157741936,221928.0918612903,48450.810525806446,0.002139167365186773,1110.1405633739826,1321.0
2018-09-01,강동구,9,1321.0,1194.0,1890.0,301,356,513850.4295741936,482481.1409516129,456506.484416129,135165.4015935484,494401.65647741937,527634.0857709678,465577.1684967742,230072.2047870968,47115.63297096775,0.002139167365186773,1099.2120695323192,1183.0
2018-10-01,강동구,10,1183.0,1233.0,1835.0,301,356,512470.1658633333,480414.57926666667,452313.3619,127935.11432333334,491711.9447833333,527286.7380166666,462650.4352566667,221338.1103833333,47418.6202,0.002139167365186773,1096.2594544466954,1126.0
2018-11-01,강동구,11,1126.0,1099.0,1654.0,301,356,516567.1680741936,483336.5990064516,451527.2042645161,130231.95467419356,494860.7215741935,530771.5002032259,462870.5849903226,224574.68856774192,46960.61440967742,0.002139167365186773,1105.0236278712657,1064.0
2018-12-01,강동구,12,1064.0,1269.0,1900.0,301,356,517469.7716933333,483126.46421,452261.37492,141366.17742666666,494651.91497333336,530968.7894233334,462706.91557,240083.05754333333,50000.772280000005,0.002139167365186773,1106.954448077029,1214.0
2019-01-01,강동구,1,1214.0,1257.0,1858.0,171,359,522537.71079032257,492902.53938387096,469570.33347741934,137608.1029,504363.08350967744,534067.5185225806,478918.6053419355,235100.5358967742,49923.53536774193,0.002139167365186773,1117.7956180020624,1112.0
2019-02-01,강동구,2,1112.0,953.0,1467.0,171,359,523840.1644419355,492212.4460225807,467617.6038580645,144927.5682451613,504287.4332548387,535541.2977064516,476913.609583871,243918.91509677417,50667.62789677419,0.002139167365186773,1120.5817843482612,976.0
2019-03-01,강동구,3,976.0,1094.0,1760.0,171,359,509000.172925,479137.70285357145,457175.4418535714,138592.8500392857,491321.9096821429,522661.3372678571,466572.34114642855,234027.18401785716,49434.80323214286,0.002139167365186773,1088.836558795584,1074.0
2019-04-01,강동구,4,1074.0,1078.0,1665.0,171,359,515609.71497741935,484207.504867742,457813.1375806452,134553.71401935484,495515.5371741936,527349.9562645161,467383.6882483871,226203.1798741936,46464.958387096776,0.002139167365186773,1102.9754754529492,1104.0
2019-05-01,강동구,5,1104.0,1180.0,1747.0,171,359,507120.96054,474571.1117,444083.25118666666,145298.09651,485289.89111666667,519710.32318666665,454726.3939266667,244155.97354666665,49309.17608,0.002139167365186773,1084.8166089893373,1163.0
2019-06-01,강동구,6,1163.0,1207.0,1786.0,171,359,488976.51426774194,457478.3215645161,428408.8238451613,135046.62952903225,467931.9246451613,502095.3258032258,438469.4991709678,226993.75576774197,46350.22613225807,0.002139167365186773,1046.002601664338,1135.0
2019-07-01,강동구,7,1135.0,1205.0,1907.0,171,359,491301.01611666667,461754.0105766666,436667.3191233333,130569.50015333334,472267.15529,503779.22568,445619.7501333334,219435.59524333332,45457.39842333333,0.002139167365186773,1050.9751001598743,1226.0
2019-08-01,강동구,8,1226.0,1321.0,1953.0,171,359,486989.1860967742,457563.6069258064,434264.2886387096,121864.09708387096,468234.0052451613,499052.1440612903,441976.752067742,208926.97935161288,44776.82825806452,0.002139167365186773,1041.7513740970876,1312.0
2019-09-01,강동구,9,1312.0,1183.0,1752.0,171,359,505734.1954258065,475765.03723225807,452013.0059064516,127285.8220903226,486842.93656451616,518152.57258387096,460395.1741548387,220228.04702903223,48170.96613870967,0.002139167365186773,1081.8500863138752,1146.0
2019-10-01,강동구,10,1146.0,1126.0,1679.0,171,359,506586.45523,476329.4957733333,450423.67544666666,129805.48434333332,487103.1304566666,519884.6959033333,459826.4757666666,226784.18817,50131.97665,0.002139167365186773,1083.6732126736663,1176.0
2019-11-01,강동구,11,1176.0,1064.0,1563.0,171,359,516130.0658274194,481836.7179516129,450202.43422096776,136238.7404967742,493190.2875612903,529011.00865,461074.59803870966,238332.4543274193,51526.80145967742,0.002139167365186773,1104.0885930097165,1153.0
2019-12-01,강동구,12,1153.0,1214.0,1828.0,171,359,518854.08259,486536.3273033333,455324.20866,136446.02237,496797.75695,530690.0041799999,465918.90104,236499.30386333333,50609.14584,0.002139167365186773,1109.9157207704507,1197.0
2020-01-01,강동구,1,1197.0,1112.0,1651.0,140,255,524454.5943225806,494504.57586129033,467407.02914193546,146787.43200967743,504659.1751258064,536433.4262,476945.5882451613,249854.4195,52694.22424516129,0.002139167365186773,1121.8961526971327,1118.0
2020-02-01,강동구,2,1118.0,976.0,1421.0,140,255,528258.7815064517,497475.74160967744,471524.8550387097,147771.55353548386,508662.50686774193,541171.0480096774,481227.7223741936,250045.08276774196,53430.62071935484,0.002139167365186773,1130.0339457719315,906.0
2020-03-01,강동구,3,906.0,1074.0,1661.0,140,255,541828.4049034483,511395.9104551724,488478.2094551724,150371.82022068964,523004.0886689655,551821.1634344828,496650.0459689655,245431.54106206892,47273.58925172414,0.002139167365186773,1159.0616413006617,844.0
2020-04-01,강동구,4,844.0,1104.0,1705.0,140,255,545831.4543129032,515649.59862580645,491353.0190387096,150005.95354193548,526964.2728193548,555739.9814096774,500550.21874516126,238572.5057580645,42845.596687096775,0.002139167365186773,1167.6248339585977,875.0
2020-05-01,강동구,5,875.0,1163.0,1774.0,140,255,544130.8920633333,512862.7483533333,485344.8547566666,154943.65007333332,523764.69315,555905.47507,495252.0146666666,245887.19085,45361.349213333335,0.002139167365186773,1163.9870466918492,973.0
2020-06-01,강동구,6,973.0,1135.0,1699.0,140,255,539293.157132258,508445.2056064516,481491.92027096776,137762.69427419355,519119.61719677417,551815.9739032259,490876.6612580645,228154.2915483871,45490.39977741936,0.002139167365186773,1153.638322005869,971.0
2020-07-01,강동구,7,971.0,1226.0,1888.0,140,255,535490.2145866667,503305.6344766666,475264.3967833333,136760.70599,514059.7231866666,549059.2473666667,484057.0352366667,228106.74740666663,45418.18755333334,0.002139167365186773,1145.5031914206595,1121.0
2020-08-01,강동구,8,1121.0,1312.0,1995.0,140,255,535385.8141354838,502088.9651387096,474803.3725677419,133048.9701967742,513948.26091935486,548749.3856258064,483935.6864129032,223415.4167032258,45466.9496483871,0.002139167365186773,1145.2798613825785,982.0
2020-09-01,강동구,9,982.0,1146.0,1817.0,140,255,530112.1606741935,499921.5561064516,475761.1117354839,131246.4394580645,511015.83654838713,542333.7308516129,484280.9828032258,214047.7907129032,41912.79027419355,0.002139167365186773,1133.998634002882,939.0
2020-10-01,강동구,10,939.0,1176.0,1754.0,140,255,535149.0683366667,502697.76172666665,478656.03687,127996.61175333332,515061.39462,547531.54102,486938.6514033333,212018.4431833333,41912.54758333333,0.002139167365186773,1144.7734224959036,1010.0
2020-11-01,강동구,11,1010.0,1153.0,1743.0,140,255,528321.397148387,496045.2325451613,465847.95252903225,128353.5782516129,506547.0941451613,542331.9961967742,476063.0699225807,216990.9860806452,45060.98192258064,0.002139167365186773,1130.16789110971,956.0
2020-12-01,강동구,12,956.0,1197.0,1778.0,140,255,528275.8017566666,496691.1298133333,467636.49615,127655.72315,506901.2955,541082.09887,476976.98674,216651.30878,44572.7478,0.002139167365186773,1130.0703549357386,883.0
2021-01-01,강동구,1,883.0,1118.0,1731.0,76,153,532535.1298516128,504254.7062612903,481079.56922580645,122109.81537741936,514605.35497096775,541826.9245129032,489503.6701580645,202723.15623225807,40583.576112903225,0.002139167365186773,1139.1817705940707,863.0
2021-02-01,강동구,2,863.0,906.0,1438.0,76,153,536073.6717935484,508337.850916129,485422.97482258064,125204.2369032258,518513.7799354839,544777.1859096774,493929.9313548387,208270.78833870968,42586.47098709677,0.002139167365186773,1146.7513040366039,781.0
2021-03-01,강동구,3,781.0,844.0,1472.0,76,153,532984.071075,503131.0964071429,476329.284825,126005.24971428572,513499.7818928571,543580.0367464286,486221.77703214285,214753.23579642855,45368.396875,0.002139167365186773,1140.1421310080275,962.0
2021-04-01,강동구,4,962.0,875.0,1475.0,76,153,538220.0669935484,506571.4675096774,477318.75552258064,124486.35625806452,516656.0745806452,550581.8295999999,486466.4852032258,215720.2154903226,45986.77991935484,0.002139167365186773,1151.3428026012375,920.0
2021-05-01,강동구,5,920.0,973.0,1688.0,76,153,532224.25204,499986.97335333336,468402.50141333335,130505.66812,509674.84503333335,544916.8514766666,478105.6752333333,224558.75372,47437.43739666666,0.002139167365186773,1138.516750924908,1037.0
2021-06-01,강동구,6,1037.0,971.0,1658.0,76,153,532358.8246193549,500947.516916129,471228.13988387096,129272.25892580644,510937.75233870966,545772.4406580644,480948.25116451614,218734.0441387097,45907.476022580646,0.002139167365186773,1138.804624194913,1079.0
2021-07-01,강동구,7,1079.0,1121.0,1934.0,76,153,534785.7639,502327.00208,472222.00764666667,136030.29573333333,512368.7202166666,548442.98688,480984.85905666667,227674.67102666668,46716.76729333333,0.002139167365186773,1143.9962535013588,1110.0
2021-08-01,강동구,8,1110.0,982.0,1874.0,76,153,533390.866716129,503152.134616129,476919.29051935486,130782.94925806452,513320.6679322581,545747.4707129032,485222.38961612905,218062.2781,44721.20643870968,0.002139167365186773,1141.012334967831,1108.0
2021-09-01,강동구,9,1108.0,939.0,1675.0,76,153,532276.1324032258,502018.0628258064,475405.2860483871,127271.2836064516,512310.49586774193,544082.2231354838,484358.6046935484,212815.34998387095,43747.374567741936,0.002139167365186773,1138.6277317048146,1064.0
2021-10-01,강동구,10,1064.0,1010.0,1749.0,76,153,532479.7053066667,501623.06536666665,474508.63134666666,149099.43337333333,512130.9155266667,545433.10751,483642.6098566667,238520.34290666663,45886.26789,0.002139167365186773,1139.0632082162915,1014.0
2021-11-01,강동구,11,1014.0,956.0,1614.0,76,153,533686.0262290323,501930.0005741936,471942.8039451613,147757.03149999998,512248.9404806452,546637.3261516129,482237.0204290323,236368.4412935484,44982.646167741936,0.002139167365186773,1141.6437305653583,1082.0
2021-12-01,강동구,12,1082.0,883.0,1563.0,76,153,534699.30881,501192.80157666665,470275.66794,149970.41990666665,512053.37657666666,547739.5702866666,480349.07146,244179.8129,48793.45239666667,0.002139167365186773,1143.8113115942763,995.0
2022-01-01,강동구,1,995.0,863.0,1542.0,73,127,536513.4878870968,505340.4779096774,478222.7172064516,142701.36315806452,515858.1510806452,547959.6288967741,486940.6795612903,232615.5976,46217.97746451613,0.002139167365186773,1147.6921442706066,1021.0
2022-02-01,강동구,2,1021.0,781.0,1461.0,73,127,536379.7002612903,504288.432116129,478178.6103548387,142316.16433548386,516060.16806451615,547329.4695612903,487612.8230193549,231159.3323870968,46649.39028709678,0.002139167365186773,1147.4059501476156,1088.0
2022-03-01,강동구,3,1088.0,962.0,1747.0,73,127,538111.8183321429,507314.7480964285,483705.7165107143,142974.73864642857,519149.595475,548985.6430928571,492602.4834678572,228599.0174642857,44629.97801785714,0.002139167365186773,1151.1112405974336,1208.0
2022-04-01,강동구,4,1208.0,920.0,1729.0,73,127,536694.6912354839,507385.9548741935,482361.2167129032,142394.68208709676,517634.4023451613,547330.6913548387,490949.99787741934,225173.27100322585,42122.053432258064,0.002139167365186773,1148.0797685599387,1188.0
2022-05-01,강동구,5,1188.0,1037.0,1910.0,73,127,529413.4885399999,496289.8557833333,464382.34903,145243.02150333335,506624.70789666666,543125.6048966667,474720.4150233333,236344.61733333333,46438.00354666667,0.002139167365186773,1132.5040573744495,1167.0
2022-06-01,강동구,6,1167.0,1079.0,2002.0,73,127,533519.9301225806,499610.2422096774,466127.4002225807,145155.66421935486,509836.329216129,549072.6879774194,476679.2879548387,238684.0292806452,48340.79269032258,0.002139167365186773,1141.2884231949522,1215.0
2022-07-01,강동구,7,1215.0,1110.0,2013.0,73,127,542869.4711533333,509417.0377966667,477626.36158666667,150550.59440666667,519924.8616433333,557772.7892966666,487802.40833,243791.41260666668,48269.21577,0.002139167365186773,1161.288656247413,1362.0
2022-08-01,강동구,8,1362.0,1108.0,2021.0,73,127,530678.8691483871,498323.2495838709,469466.4563516129,144533.79797096772,508856.1938548387,545242.154383871,478304.4484483872,234225.1862645161,47362.75228064516,0.002139167365186773,1135.2109182764516,1388.0
2022-09-01,강동구,9,1388.0,1064.0,2064.0,73,127,525198.9230774193,493336.31474193546,462993.471183871,145197.42916451613,503150.82951935485,538836.3361096774,472283.4985322581,231770.88711612904,45072.48369354839,0.002139167365186773,1123.4883964784538,1215.0
2022-10-01,강동구,10,1215.0,1014.0,1923.0,73,127,524907.3868,492189.91220666666,459509.49316,143435.01544000002,501846.62174333335,540395.60253,469561.5506566667,232865.22918,46938.17253333333,0.002139167365186773,1122.8647515880305,1279.0
2022-11-01,강동구,11,1279.0,1082.0,2104.0,73,127,526497.0094806452,493010.6997612904,458160.5639419355,142876.82997419353,502787.8022806452,540901.5572516129,469594.91223225807,229668.81837741932,45254.45745161291,0.002139167365186773,1126.2652205494273,1276.0
2022-12-01,강동구,12,1276.0,995.0,2014.0,73,127,529125.0680633333,494903.57727,460439.2843633333,144294.82189666666,504879.3331133333,542773.3851533333,470935.30421,235560.73667333333,47672.94883666666,0.002139167365186773,1131.8870777033126,1284.0
2023-01-01,강동구,1,1284.0,1021.0,1870.0,142,215,533322.4754548387,502297.9960612903,473883.0172483871,141090.0461,512283.6385258064,546062.4277870967,482829.2668387097,231612.30253548388,48172.99997741936,0.002139167365186773,1140.8660346136148,1219.0
2023-02-01,강동구,2,1219.0,1088.0,2078.0,142,215,532625.9951774194,501917.9906645161,474625.9087741936,136855.99582258065,512328.8390870968,545808.6857193549,483912.8205709677,225203.7927903226,48171.827087096775,0.002139167365186773,1139.3761467336633,1087.0
2023-03-01,강동구,3,1087.0,1208.0,2641.0,142,215,536743.1357142858,503754.0611714286,472805.6097571429,134507.37147142857,514290.8626607143,549538.8461357143,482857.6804107143,225186.20757857143,48468.58978928572,0.002139167365186773,1148.1833994080152,1211.0
2023-04-01,강동구,4,1211.0,1188.0,2171.0,142,215,533060.3698741936,499435.9284387097,466221.348732258,128804.0073483871,509442.4685645161,546537.4567709677,476377.406716129,217221.17697419357,46246.27890645161,0.002139167365186773,1140.3053469092654,1252.0
2023-05-01,강동구,5,1252.0,1167.0,2003.0,142,215,531428.74107,497422.12442,463196.7924433333,134466.70042333333,507519.71532666666,545203.0539233333,474047.07926666667,226680.7410766667,48773.60148333334,0.002139167365186773,1136.8150198192359,1365.0
2023-06-01,강동구,6,1365.0,1215.0,2089.0,142,215,525652.0736451612,492094.0426419355,458054.9961580645,133578.16015483873,501876.7014419355,540305.8545774193,468591.1803870968,223881.30728064515,47617.25591612904,0.002139167365186773,1124.457761384483,1210.0
2023-07-01,강동구,7,1210.0,1362.0,2410.0,142,215,527973.78947,495306.53371,464334.01040666667,134876.48865333333,505336.60570666665,542217.1377933334,473644.5484333333,226379.97441,48810.92662666667,0.002139167365186773,1129.424300108216,1350.0
2023-08-01,강동구,8,1350.0,1388.0,2511.0,142,215,530687.9090193548,498544.9877129032,470995.4974322581,130565.34828387098,509293.3679193549,544328.3489870967,479341.0103967742,220133.53881612903,48616.40678709677,0.002139167365186773,1135.2302560734113,1382.0
2023-09-01,강동구,9,1382.0,1215.0,2182.0,142,215,526286.4412935483,494604.0247935484,466390.5083354839,128121.71917419355,504870.8161451613,539423.2792290323,474888.94094193546,215209.85752258063,46520.73916129032,0.002139167365186773,1125.814779955443,1318.0
2023-10-01,강동구,10,1318.0,1279.0,2160.0,142,215,526286.87059,494797.31025333336,465158.1651766666,126549.72368333332,504682.0614966667,540944.5155733334,474435.32878,216116.32914666663,48219.33259333333,0.002139167365186773,1125.8156982924024,1282.0
2023-11-01,강동구,11,1282.0,1276.0,2157.0,142,215,524239.4362967742,492056.5636967742,460102.75439677417,125348.47961612904,501910.4103870968,537570.3443645161,470649.7741193549,212573.3065516129,46823.100987096775,0.002139167365186773,1121.4358936699696,1209.0
2023-12-01,강동구,12,1209.0,1284.0,2293.0,142,215,531732.9592233333,498447.2738633333,466511.6469,127871.13278333332,508451.1877866667,546796.4101566667,475856.7077633333,224003.9338633333,52326.368050000005,0.002139167365186773,1137.4657933647438,1465.0
2024-01-01,강동구,1,1465.0,1219.0,2072.0,59,256,540654.6452451613,508727.72173870966,481216.4904387097,124031.51798709675,519657.96737741935,557970.8008,490262.6183483871,219982.46443225807,53852.18115483871,0.002139167365186773,1156.5507729450812,1248.0
2024-02-01,강동구,2,1248.0,1087.0,1891.0,59,256,544715.1645677419,511718.5431935484,482410.0218516129,124036.65090967742,522620.9903258065,564077.748516129,491689.1463870968,216283.86981612904,51789.00561612904,0.002139167365186773,1165.236903365656,1074.0
2024-03-01,강동구,3,1074.0,1211.0,2149.0,59,256,535631.7217689655,503838.2953896552,474640.8130344828,124379.9207172414,514453.8009137932,552261.9464068966,484804.71170689655,216086.04745862068,50829.37191724138,0.002139167365186773,1145.8058989669726,1085.0
2024-04-01,강동구,4,1085.0,1252.0,2267.0,59,256,537497.3127419355,504895.3707935484,473362.6765612904,124770.69722580643,514860.90431935486,554891.7995129032,483169.9325322581,215340.1030451613,49040.446212903225,0.002139167365186773,1149.796710293137,1094.0
2024-05-01,강동구,5,1094.0,1365.0,2398.0,59,256,531627.9420766666,497789.1897766666,463583.1834433333,133392.15359333332,507657.45691666665,547127.5761666667,474098.77769,226451.77905333333,49342.88177666666,0.002139167365186773,1137.2411441118095,1140.0
2024-06-01,강동구,6,1140.0,1210.0,2229.0,59,256,526231.433932258,493755.0489419355,461080.8098967742,134070.27121935485,503373.490367742,540767.6588677419,471372.3693967742,223841.17352258065,47943.54422903226,0.002139167365186773,1125.6971100033259,1117.0
2024-07-01,강동구,7,1117.0,1350.0,2484.0,59,256,529955.3949933334,498721.71341666667,469637.83066,138333.58115333333,508619.72226,544749.2407366667,478749.78041666665,230197.86133666665,50081.98174666667,0.002139167365186773,1133.6632859744045,1164.0
2024-08-01,강동구,8,1164.0,1382.0,2477.0,59,256,532478.0021064517,500757.4862580646,472850.6131548387,134383.7121451613,511112.6613806452,546876.5601967742,481201.1843709678,227343.48151935483,50858.23753225806,0.002139167365186773,1139.0595647859752,1187.0
2024-09-01,강동구,9,1187.0,1318.0,2400.0,59,256,533282.8399935483,502465.19275161286,475604.12176451617,134893.85567419353,512714.2256806452,549224.3003387096,483918.1656483871,229756.3276032258,52527.23914193548,0.002139167365186773,1140.7812477283182,1028.0
2024-10-01,강동구,10,1028.0,1282.0,2231.0,59,256,526181.3245466667,496413.3553666667,469027.3523766667,134649.59753666667,506036.8507933334,541725.6422633333,477834.58754,228290.58806666668,51294.04819666666,0.002139167365186773,1125.5899176409794,1028.0
2024-11-01,강동구,11,1028.0,1209.0,2018.0,59,256,531347.6150612903,499996.4364354839,469308.7994806452,134491.6067032258,509622.33321935486,544833.3979483871,479206.9386483871,228665.14610967744,50731.593,0.002139167365186773,1136.6414777089362,983.0
2024-12-01,강동구,12,983.0,1465.0,2319.0,59,256,536049.17934,503572.0237466667,471274.0950233333,138414.04604666666,513228.9940266667,551356.3970199999,481280.7345833333,237941.99589666663,54352.31658333333,0.002139167365186773,1146.69891057928,1104.0
2025-01-01,강동구,1,1104.0,1248.0,2081.0,59,219,543954.0424032258,513988.271732258,486136.0994516129,137547.67387096773,523979.8683548387,559089.6626290323,496016.0247,239381.96902580647,56037.457345161296,0.002139167365186773,1163.608735670403,1074.0
2025-02-01,강동구,2,1074.0,1074.0,1803.0,59,219,548166.1819516129,517676.7555096775,490023.6340258064,137274.29100645162,528009.5038709678,561916.8176548387,499790.1545903226,231188.50833548387,51667.08510967742,0.002139167365186773,1172.6192071299251,936.0
2025-03-01,강동구,3,936.0,1085.0,2047.0,59,219,559677.3661607143,525601.8085071428,492763.9893857143,142571.2179892857,536083.450425,572979.1789714285,503051.9684035714,235604.1526357143,49578.64662857143,0.002139167365186773,1197.243556724688,1087.0
2025-04-01,강동구,4,1087.0,1094.0,2123.0,59,219,560089.3295387097,525292.7826290323,488837.99278387096,142171.05286451612,534974.9039225806,574697.0368032259,499814.7080483871,232274.01152258067,47590.66800645161,0.002139167365186773,1198.124815338548,1036.0
2025-05-01,강동구,5,1036.0,1140.0,2223.0,59,219,557873.9223233333,521565.2706466667,482706.4249166667,155343.78431333334,531160.9592133333,573414.2356533334,493762.8108400001,250488.87731666668,50163.51057333333,0.002139167365186773,1193.3856885228156,1100.0
2025-06-01,강동구,6,1100.0,1117.0,2181.0,59,219,552831.5057,517880.13741612906,480707.8871354839,149035.26513225806,527533.5048354839,568994.368380645,492116.3036193549,240500.28617419355,48672.25379354839,0.002139167365186773,1182.5991154405056,1105.0
2025-07-01,강동구,7,1105.0,1164.0,2208.0,59,219,558978.32958,525132.83579,491500.67393333337,153896.98940333334,534911.78843,574545.2377066667,501218.6308233333,245967.7701866667,48791.420013333336,0.002139167365186773,1195.7482004841524,1120.0
2025-08-01,강동구,8,1120.0,1187.0,2403.0,59,219,559162.6188225807,523948.4826870968,489717.3438548387,152686.39301935484,534098.8828096774,574970.5384064516,499009.6524,245351.4074451613,49470.609422580645,0.002139167365186773,1196.142426017636,1114.0
2025-09-01,강동구,9,1114.0,1028.0,2064.0,59,219,555390.6405032257,521490.2143129032,489042.234667742,154359.68773870968,531804.0620967742,570703.790367742,498782.8523387096,243899.9123580645,47861.06051612903,0.002139167365186773,1188.0735330946798,1101.0
2025-10-01,강동구,10,1101.0,1028.0,1956.0,59,219,558089.6551866666,521991.5760066667,484470.3265333333,156049.33723333332,531691.74406,573905.7503533333,494734.66846,248898.9360933333,49455.61253666667,0.002139167365186773,1193.8471772236564,1148.0
2025-11-01,강동구,11,1148.0,983.0,1933.0,59,219,548725.821216129,513701.6818741936,477021.8016225807,149925.44763225806,523720.63229032257,565424.6402258064,488713.36780322576,239134.49453548383,48523.25342903226,0.002139167365186773,1173.816369180855,1123.0
2025-12-01,강동구,12,1123.0,1104.0,2069.0,59,219,558191.2307833333,522080.31845666666,482593.28863,153430.73185666665,531773.59224,573808.8916033334,494788.8982766667,243464.46211,48387.2426,0.002139167365186773,1194.0644644251452,1139.0
2018-05-01,강북구,5,1053.0,1094.0,1730.0,148,199,333709.2703153846,307784.3508307692,277416.48425,78999.04281153846,313534.50271538465,347949.80427307694,285289.8281,142643.1045846154,13531.270126923077,0.0034252547639141645,1143.0392679100908,1247.0
2018-06-01,강북구,6,1247.0,1101.0,1717.0,148,199,331119.0935,306461.95323870966,277464.7167806452,77705.03648387096,312415.05979677424,346676.748,285231.76681612903,141570.62131612905,14040.25926451613,0.0034252547639141645,1134.1672524338148,1158.0
2018-07-01,강북구,7,1158.0,1202.0,1871.0,148,199,334504.91395333334,309459.89103,281503.42432,77663.34008333334,315417.42437666666,347982.1096,288694.93897666666,139056.40537333334,13131.786273333331,0.0034252547639141645,1145.7645500713527,1234.0
2018-08-01,강북구,8,1234.0,1161.0,1799.0,148,199,333395.3260903226,308684.75192903227,281837.371616129,78534.22675806453,314742.5434354839,346829.4455580645,288628.64774838707,139582.6234258065,13352.18846451613,0.0034252547639141645,1141.9639289575937,1298.0
2018-09-01,강북구,9,1298.0,1187.0,1764.0,148,199,328835.76204838714,304935.7897483871,278517.5609290323,77159.73564193548,311142.74087096774,343171.1137516129,285344.2058387097,137226.9738935484,12973.44800967742,0.0034252547639141645,1126.3462605015827,1105.0
2018-10-01,강북구,10,1105.0,1129.0,1730.0,148,199,331807.1536733333,307320.28480666666,280384.54259666667,74933.97726,313541.16256,345400.6706566667,287968.7749866667,136625.21527333334,15300.218383333333,0.0034252547639141645,1136.5240338203841,1099.0
2018-11-01,강북구,11,1099.0,1120.0,1713.0,148,199,330258.68176129035,304954.17476774193,275197.1016967742,75472.65852903227,311027.85585483874,345231.2273580645,283076.16812903224,135063.45903870967,12849.0045,0.0034252547639141645,1131.2201230268718,1057.0
2018-12-01,강북구,12,1057.0,1255.0,1961.0,148,199,330721.16789333336,304749.4236066667,275043.5045833333,75822.72087333332,310641.57221333333,345944.8598033333,282530.13824666664,137676.56452,13703.510046666666,0.0034252547639141645,1132.8042558538964,1165.0
2019-01-01,강북구,1,1165.0,1258.0,1904.0,113,180,327583.2359483871,305012.88193870964,280688.0569645162,73280.8683483871,310881.9963741935,339197.0551548387,287500.26096129033,131936.33846774194,13597.244670967742,0.0034252547639141645,1122.0560395106309,1027.0
2019-02-01,강북구,2,1027.0,997.0,1655.0,113,180,327177.15575161285,303675.2558032258,277838.0207806452,77447.14693548388,309620.78646451613,338682.7514193548,285041.86947096774,135960.8881419355,13342.070322580645,0.0034252547639141645,1120.6651113820985,1055.0
2019-03-01,강북구,3,1055.0,1038.0,1661.0,113,180,325146.6706285714,303517.6238392857,281477.6239464286,75521.01251071428,309658.04958214285,336394.1308607143,287973.98011071427,137170.805225,15697.450364285714,0.0034252547639141645,1113.710182541344,1046.0
2019-04-01,강북구,4,1046.0,1053.0,1646.0,113,180,327598.6996290323,303857.81240967737,276634.47613870964,70887.59199032259,309573.5426516129,339678.5870419355,284338.3228967742,127942.85762903228,13178.993148387097,0.0034252547639141645,1122.1090065564283,1038.0
2019-05-01,강북구,5,1038.0,1247.0,1940.0,113,180,321758.2565,297091.77517333336,268663.33428333333,77007.78369333333,302848.09103,335126.6078066667,276373.85937666666,138965.90268333335,13026.32533,0.0034252547639141645,1102.1040009053409,1147.0
2019-06-01,강북구,6,1147.0,1158.0,1846.0,113,180,312449.6941645161,288902.7503387097,262266.03487096773,69295.30278064516,294542.9503129032,325008.1262580645,269473.5089193548,127228.23652258064,12944.205593548386,0.0034252547639141645,1070.2198034205326,1109.0
2019-07-01,강북구,7,1109.0,1234.0,1941.0,113,180,310755.79995,288379.11050333333,264000.7676533333,113368.12492666669,294121.2981133333,322952.8475133333,270832.99557333335,167942.36901,12179.146326666669,0.0034252547639141645,1064.4177841926946,1144.0
2019-08-01,강북구,8,1144.0,1298.0,2004.0,113,180,305637.20227096777,282996.53112903226,258692.7258548387,104651.80813870968,288673.69236451614,317734.4852516129,264924.7784903226,155367.73232903227,11520.79291935484,0.0034252547639141645,1046.8852831080294,1131.0
2019-09-01,강북구,9,1131.0,1105.0,1730.0,113,180,319368.2634064516,296390.1405935484,271318.8427354839,108409.82113225806,302081.7514064516,332329.6292096774,277880.6346064516,162724.73109032257,12129.532967741936,0.0034252547639141645,1093.917665675942,1080.0
2019-10-01,강북구,10,1080.0,1099.0,1698.0,113,180,325539.80609,302234.2728933333,277080.7157533333,118595.90322666666,308275.2013233333,338271.3047366667,284104.7546633333,179187.67386,14972.20354,0.0034252547639141645,1115.056771653466,1122.0
2019-11-01,강북구,11,1122.0,1057.0,1636.0,113,180,326376.31925,300355.5068612903,270795.7139951613,121194.9504564516,306294.07886290323,340813.6589354839,278178.942333871,180405.4499258065,12616.747251612902,0.0034252547639141645,1117.9220423398328,1079.0
2019-12-01,강북구,12,1079.0,1165.0,1834.0,113,180,327890.32177333336,302863.0375433333,274755.04888666666,119959.95787333332,308819.06589666667,341367.88987333333,282119.30767333333,178492.12880333333,13330.86467,0.0034252547639141645,1123.1078866954583,1122.0
2020-01-01,강북구,1,1122.0,1027.0,1613.0,108,100,331318.9583225807,308087.46223225805,283386.27966129035,127318.2967,314119.17438387097,343918.6137806452,290039.4769,189970.6417451613,14507.02535483871,0.0034252547639141645,1134.851840369498,1058.0
2020-02-01,강북구,2,1058.0,1055.0,1548.0,108,100,331645.0156709677,309211.4056516129,285892.53318064514,127799.55802903224,315351.1612451613,343410.6147032258,292539.76504838705,189978.2679,15706.944532258063,0.0034252547639141645,1135.9686698553699,865.0
2020-03-01,강북구,3,865.0,1046.0,1628.0,108,100,333675.9010827586,312015.7781034483,291630.2851689655,128144.88461034484,318344.2374586207,344438.3115655172,296879.9083827586,185636.25787931035,12430.108703448275,0.0034252547639141645,1142.9249697870705,756.0
2020-04-01,강북구,4,756.0,1038.0,1551.0,108,100,332485.3653612903,312440.8633967742,294391.55043225805,125291.88897419354,318757.89686774195,342079.07828387094,299539.4410032258,180078.65740967743,11401.231022580643,0.0034252547639141645,1138.8470816355011,812.0
2020-05-01,강북구,5,812.0,1147.0,1778.0,108,100,329219.32578333333,309096.13997666666,290237.3991,126870.07433666666,315185.35419000004,339203.97915333335,295537.79398333334,184997.03953333333,12133.731913333331,0.0034252547639141645,1127.6600640119718,838.0
2020-06-01,강북구,6,838.0,1109.0,1682.0,108,100,325349.5009870968,305334.76786774193,286677.07791935484,124023.0796483871,311448.1883354839,335705.5141129032,291986.35063548386,182798.41657096776,13159.565077419356,0.0034252547639141645,1114.4049281931495,843.0
2020-07-01,강북구,7,843.0,1144.0,1796.0,108,100,321189.80521333334,299901.72564666666,279380.7278033333,122946.95383666668,305920.45683333336,332491.89965333336,284543.36911666667,180693.2016633333,12195.30209,0.0034252547639141645,1100.1569104276325,894.0
2020-08-01,강북구,8,894.0,1131.0,1775.0,108,100,319723.2911387097,298973.51767419354,278444.5351129032,120738.76845161292,304692.83448387095,331058.58955806453,283650.1952,177898.7027516129,12268.075141935484,0.0034252547639141645,1095.1337261071808,894.0
2020-09-01,강북구,9,894.0,1080.0,1730.0,108,100,318637.49911290326,299689.5708322581,282215.5356,121672.40008709676,305521.1157870968,328351.43224193546,287158.1791193548,175999.78812903227,11664.751735483873,0.0034252547639141645,1091.4146117981672,859.0
2020-10-01,강북구,10,859.0,1122.0,1765.0,108,100,321122.87559,301673.9596766667,283979.46191666665,122034.99701666666,307807.63705,331008.28546999994,289166.30310666666,177973.22554333333,12093.22147,0.0034252547639141645,1099.927659416463,985.0
2020-11-01,강북구,11,985.0,1079.0,1687.0,108,100,319116.7513903226,299003.9460258064,279481.2435064516,121493.92683870968,304960.11327096773,329642.91262258065,285140.81991612905,181164.5608580645,13752.008570967742,0.0034252547639141645,1093.0561729445144,911.0
2020-12-01,강북구,12,911.0,1122.0,1726.0,108,100,317580.79489,297184.10885666666,276878.24920333334,122064.21682,302933.8551666666,328266.3452766667,282428.13956,180085.13378333335,12515.108546666666,0.0034252547639141645,1087.7951306246198,842.0
2021-01-01,강북구,1,842.0,1058.0,1663.0,92,63,319567.99555161287,301162.63852903224,284919.3330419355,121370.88366129033,307142.9929516129,328152.7197774194,289747.98928387096,174175.7380064516,11406.320703225803,0.0034252547639141645,1094.6017991576625,915.0
2021-02-01,강북구,2,915.0,865.0,1449.0,92,63,320378.3415322581,302276.4615096774,285957.30308387097,124136.0104516129,308128.16722580645,328707.8737806452,290977.9232193548,177927.80203225807,12070.678741935482,0.0034252547639141645,1097.3774405882862,828.0
2021-03-01,강북구,3,828.0,756.0,1351.0,92,63,318450.75778928574,299461.7764714286,281802.350525,122579.30911785716,305456.3508892857,327735.01254285715,287264.1812428571,180122.61548571428,13619.9919,0.0034252547639141645,1090.7749751898268,872.0
2021-04-01,강북구,4,872.0,812.0,1451.0,92,63,317192.3214451613,296693.51248387096,276803.54031290323,119340.11787419354,302668.2931612903,327925.15525806457,282334.653567742,176640.26677741937,13255.57532903226,0.0034252547639141645,1086.4645101070319,927.0
2021-05-01,강북구,5,927.0,838.0,1476.0,92,63,313408.05449666665,292829.19126,271984.91485666664,122096.47184666668,298411.48475,324373.32971333334,277416.28715,181818.47124,12746.120906666669,0.0034252547639141645,1073.5024317137775,996.0
2021-06-01,강북구,6,996.0,843.0,1536.0,92,63,312719.27233548387,293254.69772903225,273961.97502258065,120002.62481612904,298782.69816774194,323297.96913870965,279271.4943354839,178070.0732032258,13038.10907419355,0.0034252547639141645,1071.143177334887,1157.0
2021-07-01,강북구,7,1157.0,894.0,1539.0,92,63,313231.0559166667,292694.2689966667,272480.23952,121064.05814666668,298319.27208666666,324328.85921,277442.77472333336,179450.29987000002,12685.065786666668,0.0034252547639141645,1072.8961664844267,1043.0
2021-08-01,강북구,8,1043.0,894.0,1642.0,92,63,313436.9877709677,294132.04016774194,275901.8547096774,119820.6275548387,299882.08661612903,323514.84067096777,280905.2249935484,175619.10566451613,12260.389987096774,0.0034252547639141645,1073.6015355494128,1071.0
2021-09-01,강북구,9,1071.0,859.0,1498.0,92,63,312190.2595354839,293509.2967387097,275920.8115225806,120930.44892580646,299130.4018774194,321571.9918870968,280846.6011451613,177435.65636774193,12560.49287096774,0.0034252547639141645,1069.3311737215156,1049.0
2021-10-01,강북구,10,1049.0,985.0,1748.0,92,63,312512.7060266667,294082.50014,277200.61781,119689.43434666666,299804.1643266667,321869.87511666666,282012.2059466667,179983.56259000002,14318.333953333333,0.0034252547639141645,1070.435635101547,1098.0
2021-11-01,강북구,11,1098.0,911.0,1522.0,92,63,310540.85647096776,291516.3304322581,273131.3689193548,119135.42812258063,297138.75151290325,319983.7285322581,278375.80459032254,178274.15950322582,12771.186854838708,0.0034252547639141645,1063.6815480171672,970.0
2021-12-01,강북구,12,970.0,842.0,1457.0,92,63,309388.26075333334,289638.13392,270246.9007233333,119723.80161,295160.81443333335,319579.18540666666,275242.38958333334,180874.10429666663,13442.753803333331,0.0034252547639141645,1059.7336140444727,946.0
2022-01-01,강북구,1,946.0,915.0,1555.0,129,82,309329.53102903225,290691.9921935484,272882.79960967746,118504.35401290323,296147.8651064516,318452.34700967744,277693.5328032258,176723.92752580644,12712.754616129032,0.0034252547639141645,1059.532449776527,1022.0
2022-02-01,강북구,2,1022.0,828.0,1468.0,129,82,309907.5626,291527.3325516129,273686.8422870968,120585.02117419356,296944.5731645162,318706.48252258066,278796.38797419355,178728.7818451613,13908.610316129034,0.0034252547639141645,1061.5123551686772,905.0
2022-03-01,강북구,3,905.0,872.0,1567.0,129,82,312056.6172642857,294104.35775,278529.7472214285,121695.21899642856,300164.53085000004,320106.97906071425,283515.60988214286,180258.3096821429,13457.795846428571,0.0034252547639141645,1068.8734148954336,1026.0
2022-04-01,강북구,4,1026.0,927.0,1548.0,129,82,313034.4281774193,294416.5931129032,278487.5587580645,116632.9771032258,300797.1812774193,320950.5719516129,283665.03563225805,174222.3773548387,12842.280154838709,0.0034252547639141645,1072.222666383852,1024.0
2022-05-01,강북구,5,1024.0,996.0,1738.0,129,82,304704.9507033333,285245.86830666667,266035.3384533333,117886.62883,290933.7156533333,313645.09057666664,271653.98658333335,178049.84971,13062.211733333334,0.0034252547639141645,1043.692083984823,1119.0
2022-06-01,강북구,6,1119.0,1157.0,2043.0,129,82,308012.8948225806,288043.5097709677,268104.4330774193,116459.83635806452,293744.8550774194,317778.08630322583,273769.59943225805,178729.8413451613,14253.075206451616,0.0034252547639141645,1055.0226353380367,1068.0
2022-07-01,강북구,7,1068.0,1043.0,1762.0,129,82,310850.7422633333,291133.2930366667,271874.18988,117651.44732,296822.1257833333,321104.8756166667,277182.06274,178996.76093333334,13649.084253333334,0.0034252547639141645,1064.7429858037365,1232.0
2022-08-01,강북구,8,1232.0,1071.0,1779.0,129,82,303482.9956645161,284326.93740967737,266121.1040612904,113457.3040064516,290029.5061064516,313048.4278903226,271194.6207419355,171982.6938935484,13456.955748387096,0.0034252547639141645,1039.5065766668256,1238.0
2022-09-01,강북구,9,1238.0,1049.0,1873.0,129,82,300325.6506032258,280914.6775870968,262818.60012258065,113216.13571935485,286842.53333225806,309858.09210645163,267966.1691548387,170091.5152516129,13063.794387096774,0.0034252547639141645,1028.6918654543201,1173.0
2022-10-01,강북구,10,1173.0,1098.0,1861.0,129,82,302279.77707,282168.94944,263609.69229,110717.67294666666,288452.6132966667,312242.8506066667,269094.58398,170975.73326666665,14920.974446666669,0.0034252547639141645,1035.3852464439292,1233.0
2022-11-01,강북구,11,1233.0,970.0,1847.0,129,82,301713.19867741934,281662.95824838715,262072.11757419357,108907.17706129032,287654.8986064516,311718.47291290323,267973.278516129,166582.77561612902,13126.986425806452,0.0034252547639141645,1033.4445711056114,1182.0
2022-12-01,강북구,12,1182.0,946.0,1859.0,129,82,301690.52168666665,281103.8330066667,261045.33386666665,110644.57331333334,287144.20275,311418.09548,266779.3562433334,169489.10116,13371.108806666663,0.0034252547639141645,1033.3668966350044,1200.0
2023-01-01,강북구,1,1200.0,1022.0,1817.0,101,212,303710.6074129032,284407.0066483871,266869.23321290326,110046.64858064515,290621.5565677419,312555.80062580644,272296.8853677419,167397.9213612903,13535.916648387096,0.0034252547639141645,1040.2862048923114,1174.0
2023-02-01,강북구,2,1174.0,905.0,1800.0,101,212,304101.1924064516,284931.956483871,268772.57196774194,111042.79804516128,291612.14757419354,312752.0514967742,274127.4847903226,168343.65610967742,14883.135793548388,0.0034252547639141645,1041.6240580021763,1013.0
2023-03-01,강북구,3,1013.0,1026.0,2230.0,101,212,302276.9272428571,281985.11490357143,262988.3825392857,110700.31624642856,288347.6971857143,311874.74117500003,268846.77515,167713.60444999998,13990.844389285714,0.0034252547639141645,1035.3754850599316,1173.0
2023-04-01,강북구,4,1173.0,1024.0,1901.0,101,212,301565.40452903224,280781.3721903226,261110.91436129037,106811.07601290324,287221.0023096774,311387.16557741934,267138.8392064516,164850.43902580644,14221.66263870968,0.0034252547639141645,1032.9383384947698,1142.0
2023-05-01,강북구,5,1142.0,1119.0,1908.0,101,212,299791.06458666665,279020.5466233333,259232.80751666665,110965.14853333334,285386.63437,309751.51732,265220.43209666666,171145.71006,14124.797226666667,0.0034252547639141645,1026.860772154379,1229.0
2023-06-01,강북구,6,1229.0,1068.0,1799.0,101,212,297316.8745129032,276992.67277096777,257634.88624193548,108567.3226032258,283270.09673548385,307452.4526677419,263604.60786129034,167488.47650645164,14058.199712903226,0.0034252547639141645,1018.3860408173916,1122.0
2023-07-01,강북구,7,1122.0,1232.0,2046.0,101,212,296305.81312666665,276113.30364666664,257817.4588833333,109490.72741333333,282523.5797266666,306198.7952666667,263228.45298,167825.15212666665,13440.64852,0.0034252547639141645,1014.9228979875751,1294.0
2023-08-01,강북구,8,1294.0,1238.0,2195.0,101,212,295771.1738774194,276516.87356774195,259956.56917096773,107591.34307096772,282889.6693774194,305015.1762516129,264855.5630935484,163761.3344935484,13746.578274193547,0.0034252547639141645,1013.0916223521155,1321.0
2023-09-01,강북구,9,1321.0,1173.0,1997.0,101,212,292971.4244193548,273419.82612903224,256556.6164451613,107750.90762580645,279878.74966451613,302885.6035580645,261549.00501612903,163389.29804193546,13231.65321935484,0.0034252547639141645,1003.5017671831137,1267.0
2023-10-01,강북구,10,1267.0,1233.0,1958.0,101,212,298040.4820166667,277659.60016666667,260427.33483666665,107092.22693333334,284680.0082466667,308464.95498999994,265975.3450033333,166251.59116333333,15671.072356666667,0.0034252547639141645,1020.8645808668614,1220.0
2023-11-01,강북구,11,1220.0,1182.0,1908.0,101,212,294457.1787548387,273996.98157096776,255742.80278064517,107732.81474516127,280692.8096516129,304241.3440354839,261422.6929064516,164764.21298709678,13882.25029032258,0.0034252547639141645,1008.590854298736,1085.0
2023-12-01,강북구,12,1085.0,1200.0,1982.0,101,212,295044.4973,273411.5848633333,253695.3219266667,108453.14518333334,280149.7125966667,306556.1725433333,259297.0140066667,168487.90364,15744.490693333331,0.0034252547639141645,1010.6025699434848,1258.0
2024-01-01,강북구,1,1258.0,1174.0,1900.0,51,132,300487.1951935484,279466.32644516125,262968.7785612903,106035.94580967742,287042.6727096774,312135.6523806452,268220.34123225807,167886.77917096773,18491.04170967742,0.0034252547639141645,1029.2451968319072,1210.0
2024-02-01,강북구,2,1210.0,1013.0,1642.0,51,132,295788.6028580645,275780.6452483871,258380.25646451613,105626.5111,282587.5769903226,306279.72720322583,264106.1407870968,163236.52354516127,17411.860851612902,0.0034252547639141645,1013.1513210511004,1023.0
2024-03-01,강북구,3,1023.0,1173.0,1906.0,51,132,294302.6514896552,275136.877462069,258350.32346206895,106199.6702137931,281731.4376,303701.7036310345,264131.7381586207,164539.80071379308,16806.36175862069,0.0034252547639141645,1008.0615590475115,1015.0
2024-04-01,강북구,4,1015.0,1142.0,1885.0,51,132,295946.0743419355,274940.5254741936,256305.4422387097,104009.54135483872,281961.65725483873,306263.11370000005,262383.47333225806,162528.65166774194,16123.12540967742,0.0034252547639141645,1013.6907010014102,1025.0
2024-05-01,강북구,5,1025.0,1229.0,2082.0,51,132,291921.5592666667,270565.21519666666,250867.19554,108776.43158666667,277404.7231,302581.1931133334,257081.15245666663,168298.80296,14299.890793333332,0.0034252547639141645,999.9057115674012,1110.0
2024-06-01,강북구,6,1110.0,1122.0,1865.0,51,132,289093.04842258064,268498.8419774194,250219.93787096773,97219.8959064516,275345.08563548385,299113.76647096773,256097.93773225803,151248.0556548387,13578.448167741935,0.0034252547639141645,990.2173413239126,1051.0
2024-07-01,강북구,7,1051.0,1294.0,2135.0,51,132,287030.52740666666,267267.62965666666,250905.86991,97171.71774666666,274171.50964,296591.68568,256168.88476,150876.04731333334,13647.902493333331,0.0034252547639141645,983.1526813884801,1099.0
2024-08-01,강북구,8,1099.0,1321.0,2138.0,51,132,285351.1583677419,265586.7702548387,248130.32581612904,95543.76157096772,272063.9875774194,294582.0672290323,253461.94846129036,147435.99436129033,13431.69478064516,0.0034252547639141645,977.4004145875332,1140.0
2024-09-01,강북구,9,1140.0,1267.0,2079.0,51,132,283521.96014516125,263963.90153548383,247260.18502580645,97283.2826451613,270494.7297806452,292963.67061612906,252256.60725161288,149471.7497064516,13655.03136451613,0.0034252547639141645,971.1349446614955,967.0
2024-10-01,강북구,10,967.0,1220.0,1973.0,51,132,285348.11491,265355.87550333334,249348.08892333333,100754.41099333334,272580.81040333334,294909.6693633333,254706.5841166667,157153.4082166667,15511.438063333331,0.0034252547639141645,977.3899899694039,937.0
2024-11-01,강북구,11,937.0,1085.0,1794.0,51,132,284524.6078774194,263228.5749,243779.29935483876,99491.8879935484,270185.891616129,294368.02457096777,250111.6888451613,152657.49983225804,13218.362035483871,0.0034252547639141645,974.5692685829404,889.0
2024-12-01,강북구,12,889.0,1258.0,2049.0,51,132,284368.87851666665,262995.32254666666,243534.47182333333,101384.91974,269944.36164666666,293836.0051566667,249750.03804666668,157032.26929000003,14017.301506666669,0.0034252547639141645,974.0358558481407,986.0
2025-01-01,강북구,1,986.0,1210.0,1891.0,97,124,284402.25767419353,264494.0561483871,246726.5377032258,99497.92098387096,271490.5637,293721.9740290323,253414.1921516129,152947.63809032258,13871.926516129031,0.0034252547639141645,974.1501879664752,1056.0
2025-02-01,강북구,2,1056.0,1023.0,1728.0,97,124,284015.384916129,265835.5868774193,250413.88823870965,98611.01004838708,272376.6856645161,291870.4453806452,256082.50669032257,150036.78887741934,14616.510029032255,0.0034252547639141645,972.825050208886,862.0
2025-03-01,강북구,3,862.0,1015.0,1846.0,97,124,283685.47568214283,264080.1344107143,246515.50126428573,99302.844825,270570.5541178572,292578.0003571428,252209.66393928573,149477.11425357143,12583.139689285714,0.0034252547639141645,971.6950270335157,947.0
2025-04-01,강북구,4,947.0,1025.0,1884.0,97,124,284661.52991290326,264160.6994483871,246464.2175709677,95034.64181612903,271325.1381419355,293433.0965580645,252654.18967096772,146540.8143516129,13506.127548387098,0.0034252547639141645,975.0382614372663,893.0
2025-05-01,강북구,5,893.0,1110.0,1987.0,97,124,281023.66765333334,259914.70929666667,240722.32677666665,101876.09727,266818.67978,290377.1110466666,246931.69677333333,156086.20182333334,12808.038406666668,0.0034252547639141645,962.5776564022109,986.0
2025-06-01,강북구,6,986.0,1051.0,1921.0,97,124,278976.17931290326,258693.39951612905,240840.03774838708,98337.77701612902,265635.8378064516,288143.1031,246959.3597064516,150986.67210967743,12987.34561935484,0.0034252547639141645,955.5644872100941,998.0
2025-07-01,강북구,7,998.0,1099.0,2084.0,97,124,278546.8587466667,258823.16109666665,242358.08732666663,101572.50614333332,265793.66907,287506.7587,247939.20353666664,154066.08116,12711.428683333334,0.0034252547639141645,954.093954895346,998.0
2025-08-01,강북구,8,998.0,1140.0,2317.0,97,124,275943.1286,256333.33736774197,239160.97197096772,98508.13608709678,262805.2798,285269.4030290322,244412.29148387097,149768.9674032258,12451.23649032258,0.0034252547639141645,945.1755158065289,1036.0
2025-09-01,강북구,9,1036.0,967.0,1911.0,97,124,274264.16232258064,255342.3366516129,239396.52912258063,98941.9562548387,261909.8678,283324.8689225806,244613.8554645161,150146.30302580644,12765.618245161291,0.0034252547639141645,939.424628566347,1037.0
2025-10-01,강북구,10,1037.0,937.0,1799.0,97,124,276490.75975666667,255230.92071333333,236512.2500133333,98906.26948666669,262310.5305733333,286566.88047000003,242458.20970666668,151990.02701666666,13481.49302,0.0034252547639141645,947.0512920347693,1036.0
2025-11-01,강북구,11,1036.0,889.0,1767.0,97,124,275591.6526032258,255585.54857741937,239183.9134645161,96765.89042580644,262707.9100935484,287044.55858387094,244670.6705870968,149629.26037419357,14136.688135483872,0.0034252547639141645,943.9716209741766,944.0
2025-12-01,강북구,12,944.0,986.0,1854.0,97,124,275544.17644666665,255133.47485,238252.20351,97116.57421333334,262368.8453966667,284849.89115,243923.38193666667,149784.67023333334,13013.351823333333,0.0034252547639141645,943.8090030427501,1019.0
2018-05-01,강서구,5,1335.0,1367.0,2145.0,286,407,585983.4318692307,544716.6057538462,522819.0032884616,151837.83142307692,564115.69315,602550.6627846154,533500.8589615385,284403.6783769231,63684.25446923077,0.0022431330195209487,1314.4387849180755,1417.0
2018-06-01,강서구,6,1417.0,1367.0,2080.0,286,407,583610.598216129,544646.4903483872,521161.2221129032,144074.96164838708,562865.419883871,603204.9399258064,532016.7472806452,274402.1445483871,62441.88026774193,0.0022431330195209487,1309.1162034009726,1404.0
2018-07-01,강서구,7,1404.0,1450.0,2200.0,286,407,588090.0768366667,550112.3354033333,531084.1896966667,134248.87499333333,568186.20848,605448.42042,540320.7927933333,259822.7642933333,61053.576916666665,0.0022431330195209487,1319.1642698049388,1578.0
2018-08-01,강서구,8,1578.0,1463.0,2192.0,286,407,590667.284632258,551904.4275548387,537264.5336838709,133624.43972258063,571794.8503064516,606646.5422129033,545373.4422774194,262572.7543516129,63679.31548387097,0.0022431330195209487,1324.9452897093965,1540.0
2018-09-01,강서구,9,1540.0,1342.0,2060.0,286,407,584579.0648322582,547915.5937032258,533324.1899225807,140156.75576774194,567230.4767354839,601749.9690258064,541122.8609741936,269800.75108387094,63042.95642580646,0.0022431330195209487,1311.2886028459156,1458.0
2018-10-01,강서구,10,1458.0,1268.0,1976.0,286,407,581235.6712999999,543689.5208966667,525456.75802,131688.83933666666,562318.6874533333,598719.3527,535834.91007,256014.46620333332,61245.403013333336,0.0022431330195209487,1303.7889264164544,1449.0
2018-11-01,강서구,11,1449.0,1321.0,2023.0,286,407,588409.9970935483,549292.6385387097,529830.1445967742,132505.16632258066,568778.5404870968,606616.7099806451,539449.2010354839,259959.2800451613,63079.05600967742,0.0022431330195209487,1319.8818934967637,1335.0
2018-12-01,강서구,12,1335.0,1491.0,2302.0,286,407,589879.84689,550421.1159533333,533545.9925566666,135137.10580333334,570202.0018133334,607139.8305533334,542653.0187333333,272090.1036066667,68142.36502333333,0.0022431330195209487,1323.1789621089206,1473.0
2019-01-01,강서구,1,1473.0,1548.0,2349.0,243,364,595667.0539806451,559122.905716129,546505.6977580645,133717.59969354837,578641.1921064516,609844.0214032258,554804.9854870967,262628.02005483874,64304.81545806451,0.0022431330195209487,1336.1604374247524,1277.0
2019-02-01,강서구,2,1277.0,1325.0,2080.0,243,364,598840.5428935484,560735.6722451613,548938.7044709676,138008.12314193547,581238.7700483871,612620.2433838709,556596.2880774193,271993.3167612904,66979.6712516129,0.0022431330195209487,1343.2789951923694,1220.0
2019-03-01,강서구,3,1220.0,1290.0,2088.0,243,364,581727.75885,547043.3072892857,537922.9396142857,132212.03118214285,566962.5717178572,596718.9777214286,546291.3097428571,264751.90682857146,67444.88613214286,0.0022431330195209487,1304.8927442483548,1297.0
2019-04-01,강서구,4,1297.0,1335.0,2058.0,243,364,588295.3757451613,552741.7454419355,537886.337316129,126984.17598064516,570426.1770483871,601943.2452806452,545409.2989032258,251988.19967096773,61870.16917419355,0.0022431330195209487,1319.6247825654548,1331.0
2019-05-01,강서구,5,1331.0,1417.0,2205.0,243,364,575264.7790766667,538728.2892333333,521024.5372466667,135593.19306000002,556381.50579,589911.8181299999,529944.9232,268812.6863066667,64652.904493333335,0.0022431330195209487,1290.3954209142948,1425.0
2019-06-01,강서구,6,1425.0,1404.0,2153.0,243,364,556372.8625451614,520669.24751612905,505421.9715032258,125624.29690645162,538419.4815612903,571860.8759129032,513284.7482193548,249661.7268,60801.87698387097,0.0022431330195209487,1248.0183391404416,1378.0
2019-07-01,강서구,7,1378.0,1578.0,2461.0,243,364,559524.0901066667,525174.6638633333,512298.6354533333,123005.16502666664,543067.3278033334,573959.2099633333,520027.86059,242678.9978733333,58933.94641333333,0.0022431330195209487,1255.0869617356786,1494.0
2019-08-01,강서구,8,1494.0,1540.0,2352.0,243,364,556966.1582741935,522061.3265193548,510731.05819677416,113611.41168064516,540638.8888225807,570829.8388129033,517780.7116096775,229697.79397741932,58202.42580967742,0.0022431330195209487,1249.3491803805744,1411.0
2019-09-01,강서구,9,1411.0,1458.0,2191.0,243,364,560784.4809612903,526300.5669935484,514030.4124935484,115837.21667096774,544463.9517451612,575508.6217677419,521615.21085806447,236101.07682258065,60718.33407096774,0.0022431330195209487,1257.9141860791872,1364.0
2019-10-01,강서구,10,1364.0,1449.0,2155.0,243,364,562888.71775,528372.45369,516650.5362933333,116924.30327,546511.2728466666,577242.6160733333,523582.85001,244121.3387366667,64184.96307666667,0.0022431330195209487,1262.6342691008324,1427.0
2019-11-01,강서구,11,1427.0,1335.0,1985.0,243,364,573679.8092645161,536057.5000758065,520160.6481854839,120633.72522903226,554707.3310306452,587538.8568887097,528145.8614967741,252991.6402483871,65529.65334193548,0.0022431330195209487,1286.8401227937159,1388.0
2019-12-01,강서구,12,1388.0,1473.0,2227.0,243,364,581344.9496366667,544353.7945399999,531633.59938,119907.97611333334,563845.9417799999,595688.9137533333,539347.33079,251917.22883333333,66512.05717999999,0.0022431330195209487,1304.03405226175,1495.0
2020-01-01,강서구,1,1495.0,1277.0,2052.0,109,139,582509.5053225806,547212.9112129032,537357.1073193548,128881.3935935484,566760.0574225807,595496.741232258,544710.8303709677,264614.0903870968,68522.16480967742,0.0022431330195209487,1306.6463055738943,1362.0
2020-02-01,강서구,2,1362.0,1220.0,1851.0,109,139,579171.8570741935,544688.8788354839,537008.0649870968,128453.04766774194,564392.7935096774,592246.0927677419,543702.1045064516,263258.3155806452,69424.35235806451,0.0022431330195209487,1299.159516580391,1104.0
2020-03-01,강서구,3,1104.0,1297.0,1972.0,109,139,586595.9043275862,552687.463437931,545966.1246689655,128063.9337,572199.9718275862,596765.9945482758,552045.6663379311,251879.02998620688,60551.49564137931,0.0022431330195209487,1315.81264211296,924.0
2020-04-01,강서구,4,924.0,1331.0,2026.0,109,139,577426.628816129,549883.9828709677,539481.349,125796.9692,564437.5117258064,585741.2657258065,546252.7478161291,238822.14538064515,53961.0190032258,0.0022431330195209487,1295.2447374481255,1060.0
2020-05-01,강서구,5,1060.0,1425.0,2148.0,109,139,570970.45892,544367.18911,531097.2268033333,128092.12534,557250.5134133333,580639.9966000001,538042.58971,247520.92089333333,57276.20415,0.0022431330195209487,1280.7626895744813,1210.0
2020-06-01,강서구,6,1210.0,1378.0,2060.0,109,139,565788.7396064516,540395.954232258,528690.7953096774,124785.15282258064,552863.1307290322,575377.8702451613,534767.2783193549,246446.79432258065,58827.92481935484,0.0022431330195209487,1269.1394038843716,1237.0
2020-07-01,강서구,7,1237.0,1494.0,2247.0,109,139,565964.1919566666,538969.64749,529226.8080833333,123808.15557333334,552867.5598233334,576519.2155,534532.2748133333,250048.54840333332,60714.91169666666,0.0022431330195209487,1269.5329668444915,1227.0
2020-08-01,강서구,8,1227.0,1411.0,2182.0,109,139,566444.109416129,539874.9366032259,528245.7163935484,121708.54426451614,553098.233416129,577363.9035193549,534414.0070258065,248078.76601612903,60641.26358709677,0.0022431330195209487,1270.609485544456,1208.0
2020-09-01,강서구,9,1208.0,1364.0,2100.0,109,139,560656.3089741936,537249.1265806452,529371.8122903226,120035.78265483872,549904.7726290323,569472.9291193548,534852.6217645161,238367.71591290325,57427.61008387097,0.0022431330195209487,1257.626679262753,1095.0
2020-10-01,강서구,10,1095.0,1427.0,2112.0,109,139,565571.5388300001,541104.2483733334,532213.9069766667,119747.59162666668,554063.1784133333,574313.2249166666,537951.4738333334,239072.90255333332,56923.50436,0.0022431330195209487,1268.6521936508475,1171.0
2020-11-01,강서구,11,1171.0,1388.0,2040.0,109,139,561564.321648387,535641.7973387097,526129.446432258,121074.10282903226,549368.3259354838,571936.9808935483,532293.9319483871,246797.74556129036,62545.807487096776,0.0022431330195209487,1259.6634724743797,1080.0
2020-12-01,강서구,12,1080.0,1495.0,2153.0,109,139,564087.3437366667,538402.758,530812.0042,120643.61259666667,552330.46462,574010.1579199999,535870.8338966666,248840.95343,64033.62511666667,0.0022431330195209487,1265.3229466295804,996.0
2021-01-01,강서구,1,996.0,1362.0,1998.0,88,107,565005.6701451613,540795.7950290323,535573.0864,115009.49204516129,554743.1358774194,571474.2023580645,540375.5879129032,228219.92329032256,55115.21228387097,0.0022431330195209487,1267.3828749191728,1017.0
2021-02-01,강서구,2,1017.0,1104.0,1701.0,88,107,566896.9430419354,542863.2789935484,538050.4275580646,119940.04441935485,556917.4865225806,572604.8476290323,542946.2474032259,236357.3656903226,57462.66978064516,0.0022431330195209487,1271.625251602852,1014.0
2021-03-01,강서구,3,1014.0,924.0,1562.0,88,107,562472.5441500001,538104.4905178571,531246.011525,121073.94962142858,551888.9456107143,570826.0168571429,537071.9076535715,246604.50767857145,63141.72525714285,0.0022431330195209487,1261.7007363568198,1085.0
2021-04-01,강서구,4,1085.0,1060.0,1707.0,88,107,567280.058616129,542371.6814387097,533835.2406612904,118703.82335806452,555691.6179774193,576671.4231741936,539467.8010741936,247373.3785935484,64697.09755483871,0.0022431330195209487,1272.4846307976181,1140.0
2021-05-01,강서구,5,1140.0,1210.0,1907.0,88,107,560591.5669766667,535107.22155,526147.3685366666,125389.55323333334,548575.5376533333,570397.2813266667,531753.0965966667,259250.61075666663,66446.26817,0.0022431330195209487,1257.4814543503505,1237.0
2021-06-01,강서구,6,1237.0,1237.0,1931.0,88,107,559573.571332258,535154.0414774193,527333.9897580645,118592.07327741936,548491.3563322581,569414.4252935485,532976.2553451613,245434.9180032258,64164.26988387097,0.0022431330195209487,1255.197954706649,1311.0
2021-07-01,강서구,7,1311.0,1227.0,2022.0,88,107,561607.7427733333,537048.67609,528545.0379066666,121969.83730333336,550114.3235,572076.4913199999,534023.5365066667,253262.07955,66711.83263666666,0.0022431330195209487,1259.7608718334914,1389.0
2021-08-01,강서구,8,1389.0,1208.0,2083.0,88,107,562226.7508774193,539499.3255451613,535187.3885806452,116779.25789354838,552745.0802258065,571277.8532,539470.7413258065,241691.81743225807,63101.74688709677,0.0022431330195209487,1261.1493893511176,1305.0
2021-09-01,강서구,9,1305.0,1095.0,1799.0,88,107,561248.1750935485,537850.8378354838,532143.7162677419,115234.55904193548,551278.7007612904,569230.2374,537321.4366967742,237384.25947741937,60778.53417741935,0.0022431330195209487,1258.9543136982136,1299.0
2021-10-01,강서구,10,1299.0,1171.0,1951.0,88,107,558470.53028,535819.53628,529372.10998,115892.09472666666,548516.5979766666,567715.3513133334,534581.0927833333,241302.6830833333,63362.96693666666,0.0022431330195209487,1252.7236869004416,1307.0
2021-11-01,강서구,11,1307.0,1080.0,1803.0,88,107,562888.6349096774,539269.2470290322,532218.005848387,115102.95155806452,552481.4158709678,572196.1030161291,537911.3092290323,241113.56721612904,63750.728625806456,0.0022431330195209487,1262.6340832789697,1139.0
2021-12-01,강서구,12,1139.0,996.0,1734.0,88,107,564950.4068233334,539343.9982,534239.4952033333,117959.24780666668,554588.3215466667,574479.96249,540081.40217,253328.12867666667,69376.52761,0.0022431330195209487,1267.2589119372121,1128.0
2022-01-01,강서구,1,1128.0,1017.0,1812.0,86,143,565480.0013032258,541945.0613451613,537358.3366677419,114444.02122903228,555991.6633548387,573531.2860419354,542707.9902387097,241648.37816774196,65277.95895483872,0.0022431330195209487,1268.4468628020147,1135.0
2022-02-01,강서구,2,1135.0,1014.0,1736.0,86,143,563047.0649483871,539310.1093193549,535176.3925322581,112186.57388709678,553901.967932258,570383.9970548387,541098.8321258065,239393.59762580643,66499.5471516129,0.0022431330195209487,1262.9894629300832,1121.0
2022-03-01,강서구,3,1121.0,1085.0,1900.0,86,143,566348.3171642857,542601.2769,539908.5799857143,112988.16096071427,557764.3258107143,573605.2433678572,545746.7379214286,235880.753475,63441.87124285714,0.0022431330195209487,1270.3946107813322,1191.0
2022-04-01,강서구,4,1191.0,1140.0,1935.0,86,143,566481.4642290323,544382.3739419355,538643.3680387096,108998.76737419356,557235.1297129032,573026.6273580645,544290.2613709677,226601.02324838712,59559.3696483871,0.0022431330195209487,1270.6932773587175,1242.0
2022-05-01,강서구,5,1242.0,1237.0,2184.0,86,143,557870.12343,534203.4775500001,524467.6947633333,116897.12442,546822.6061133334,566963.35116,531356.0818833333,247531.76179,66391.32196666667,0.0022431330195209487,1251.3768944700603,1316.0
2022-06-01,강서구,6,1316.0,1311.0,2275.0,86,143,565696.9349903227,541683.7488193548,532334.9600870968,115779.2838,554518.2727032258,576143.7403870968,538868.1455032259,252556.03362258064,70640.38069677418,0.0022431330195209487,1268.9334739185883,1245.0
2022-07-01,강서구,7,1245.0,1389.0,2260.0,86,143,574132.86213,550672.7489033333,542435.8832133333,115745.08242666668,563714.4050133333,584530.2396366667,549128.56508,252670.70570666663,71329.42792,0.0022431330195209487,1287.8563806358716,1400.0
2022-08-01,강서구,8,1400.0,1305.0,2204.0,86,143,557476.9443870968,534211.3509967742,528603.6287290322,109583.9285483871,547713.7341193549,567328.0898967743,534045.2397580645,238623.24631290324,67272.65148709678,0.0022431330195209487,1250.4949415763404,1411.0
2022-09-01,강서구,9,1411.0,1299.0,2189.0,86,143,554786.2766096775,532165.4379419355,527355.364316129,109215.93852580646,545653.1935483871,563959.316251613,532866.8772935484,240358.2044903226,67124.05296774194,0.0022431330195209487,1244.4594158402501,1307.0
2022-10-01,강서구,10,1307.0,1307.0,2250.0,86,143,554779.5480033333,530836.0618766666,524620.92762,108682.28094666668,544774.26082,565479.95263,530766.8587666667,242421.9289933333,68567.00676,0.0022431330195209487,1244.444322681184,1325.0
2022-11-01,강서구,11,1325.0,1139.0,2175.0,86,143,557480.4968612903,532630.4929290323,524873.7320419356,107408.45232258063,546705.8023967742,568218.3286096775,531621.2301774194,237391.5993967742,66956.28228387097,0.0022431330195209487,1250.5029102485048,1318.0
2022-12-01,강서구,12,1318.0,1128.0,2301.0,86,143,560565.4427499999,534883.0905633334,528012.7030433334,111281.93324333332,549444.1418466667,571198.9601366667,533874.3206033333,249005.5439833333,69950.49289333333,0.0022431330195209487,1257.422854234905,1320.0
2023-01-01,강서구,1,1320.0,1135.0,2107.0,100,210,563616.2546258064,540176.0559741936,536620.9556096775,108740.33756774194,554697.9751580645,572980.8490612904,542212.3838903226,243373.8208451613,69128.29670967741,0.0022431330195209487,1264.266231089873,1291.0
2023-02-01,강서구,2,1291.0,1121.0,2230.0,100,210,560276.243883871,537401.544016129,536888.5780161291,107052.78118387096,552501.3704129033,569933.5275677419,541616.547551613,240570.5325451613,70364.2574419355,0.0022431330195209487,1256.774142709083,1081.0
2023-03-01,강서구,3,1081.0,1191.0,2766.0,100,210,566136.5768857143,542073.7402714286,538851.6212642858,103369.77225357144,557173.4771714286,575374.8000857143,544625.1375714286,240459.6144607143,72229.25051071428,0.0022431330195209487,1269.919649170906,1313.0
2023-04-01,강서구,4,1313.0,1242.0,2349.0,100,210,561386.2672225806,535660.2284064515,529085.611432258,97956.56978387096,550289.450383871,571998.9095774193,534753.9068,229170.1524064516,67834.0206,0.0022431330195209487,1259.2640727125815,1391.0
2023-05-01,강서구,5,1391.0,1316.0,2344.0,100,210,561567.1881666667,532313.4854733333,528339.37675,104190.1959,550530.6954633334,572538.3208966666,535079.6056866667,240060.76344333336,70629.81243333334,0.0022431330195209487,1259.6699024561838,1457.0
2023-06-01,강서구,6,1457.0,1245.0,2254.0,100,210,555568.3326258064,527640.8075806452,524486.6394580646,103547.37800645162,545222.8347451614,568253.6435290322,530739.1377064516,237869.4274580645,69281.82376451613,0.0022431330195209487,1246.213671513144,1336.0
2023-07-01,강서구,7,1336.0,1400.0,2588.0,100,210,556639.89512,528643.19796,527282.8306866667,103668.18976,546852.16812,568640.0838066668,533149.3503033334,239561.94544,70413.11199333334,0.0022431330195209487,1248.6173287263498,1444.0
2023-08-01,강서구,8,1444.0,1411.0,2756.0,100,210,561389.908732258,535754.8578483871,538423.9736677419,99157.23656451612,554088.1971064516,572643.638567742,543865.8008387097,235748.9753645161,71504.11626129033,0.0022431330195209487,1259.2722411031798,1405.0
2023-09-01,강서구,9,1405.0,1307.0,2354.0,100,210,556523.6192967742,531601.4149129032,531857.5774096774,95765.57910967742,548693.7924870967,567600.1440645161,537732.0349677419,231552.1489645161,70562.90983548386,0.0022431330195209487,1248.3565065879,1338.0
2023-10-01,강서구,10,1338.0,1325.0,2418.0,100,210,555285.4840966667,530246.5493633333,528634.6570233334,95614.05395666668,546934.83832,568786.8382633333,535243.9342433333,233204.2557633333,71918.19385,0.0022431330195209487,1245.5792046379077,1395.0
2023-11-01,강서구,11,1395.0,1318.0,2366.0,100,210,554285.3097193548,528620.0613741935,528152.5216870968,94752.41354838708,546076.6818,567070.4355645162,534584.6027322582,229110.4858032258,70218.37301290322,0.0022431330195209487,1243.3356804668806,1288.0
2023-12-01,강서구,12,1288.0,1320.0,2452.0,100,210,560661.9667733334,535184.5503166667,535564.2633633333,97666.76346,552435.8851366666,574592.3840866666,540919.3708466666,244037.23514666667,77306.48753999999,0.0022431330195209487,1257.639370458821,1351.0
2024-01-01,강서구,1,1351.0,1291.0,2340.0,78,229,569437.3422806452,543730.1803322581,546755.3154354839,94375.07658387098,562814.8288612902,585057.0198064516,553543.3100935484,238674.43993548388,78108.01627741936,0.0022431330195209487,1277.3237050179675,1287.0
2024-02-01,강서구,2,1287.0,1081.0,1908.0,78,229,565536.6204129033,542026.3964903227,541526.4635258064,91558.64813548386,558633.4580483872,582018.8587935484,548969.0307258065,230423.08585161288,75321.72882580645,0.0022431330195209487,1268.5738669964683,1168.0
2024-03-01,강서구,3,1168.0,1313.0,2325.0,78,229,561215.6367137932,539095.5906896552,541341.7522068965,94543.87543793104,556063.2884689656,575464.8123413794,548850.0009034483,236153.9054758621,75855.80704482758,0.0022431330195209487,1258.8813257841825,1144.0
2024-04-01,강서구,4,1144.0,1391.0,2439.0,78,229,561504.5890548386,537591.9790935484,536923.5613064516,91343.9628064516,553900.9240548387,576150.3762677419,543255.7930709678,228864.85751935485,72598.94194193548,0.0022431330195209487,1259.5294843214497,1139.0
2024-05-01,강서구,5,1139.0,1457.0,2594.0,78,229,554754.5853366667,529593.7187766667,528105.5515966667,100600.62009333332,546421.8246133333,569478.0164233333,534755.9595933333,242654.39882000003,73294.52493666667,0.0022431330195209487,1244.3883280993289,1246.0
2024-06-01,강서구,6,1246.0,1336.0,2393.0,78,229,551541.2949,527853.326967742,528118.6905935484,101786.11861290324,544382.8498677419,565172.1934806452,534361.0268451613,240387.4141387097,70917.49875806452,0.0022431330195209487,1237.180490219531,1165.0
2024-07-01,강서구,7,1165.0,1444.0,2677.0,78,229,555151.5030566667,531329.5472833333,531928.4616433333,104565.51078666668,548450.62465,569408.9063466667,539069.39489,246468.8431533333,73523.69469333332,0.0022431330195209487,1245.278667343094,1314.0
2024-08-01,강서구,8,1314.0,1405.0,2564.0,78,229,559479.9401967742,536173.857716129,538123.6251838709,102610.62325483872,553660.5114419354,573837.3772290322,545513.3111903225,246651.04124838708,75311.7579516129,0.0022431330195209487,1254.98792761499,1255.0
2024-09-01,강서구,9,1255.0,1338.0,2403.0,78,229,556799.8926451612,533988.8791483871,533602.3065935484,102451.4348935484,550550.5192999999,572793.6527870968,541801.3966322581,245247.34164838708,75172.3012,0.0022431330195209487,1248.9762244580807,1035.0
2024-10-01,강서구,10,1035.0,1395.0,2380.0,78,229,546368.70348,523241.8431166667,522034.28559333336,100862.88189333332,539354.2964933333,560585.6804866666,529534.12671,239877.21304,72795.74098333334,0.0022431330195209487,1225.5776796088383,1103.0
2024-11-01,강서구,11,1103.0,1288.0,2212.0,78,229,553924.8500451612,528279.8289483871,525782.7625290322,99447.26169354838,545197.3861354839,566765.0788419355,532978.9366548387,236944.16972258064,71530.97200000001,0.0022431330195209487,1242.5271214694912,1082.0
2024-12-01,강서구,12,1082.0,1351.0,2381.0,78,229,557553.9549466666,532592.25173,531420.1241633333,102074.18289,549553.7547366667,570167.7089566666,538353.4744466667,250331.19226333333,77504.01052333335,0.0022431330195209487,1250.6676865053632,1134.0
2025-01-01,강서구,1,1134.0,1287.0,2176.0,87,311,559912.169316129,536525.5373548387,538454.4986225807,99390.01638387096,554231.2148870968,572349.7693096774,546277.8786935484,245308.7177516129,76997.97841290323,0.0022431330195209487,1255.957475024613,1186.0
2025-02-01,강서구,2,1186.0,1168.0,1958.0,87,311,555208.2031387097,533260.9662774194,536604.8641129032,97832.99112903226,550086.3228064516,565521.6147548386,542915.6903806451,234873.09372258064,72205.8141419355,0.0022431330195209487,1245.405853169334,975.0
2025-03-01,강서구,3,975.0,1144.0,2093.0,87,311,562598.9185571428,540065.7939214286,543516.7402535714,100823.32842142857,557223.6290678572,571723.2126535714,549698.223775,243063.96903214284,73600.80178571428,0.0022431330195209487,1261.9842109623041,1162.0
2025-04-01,강서구,4,1162.0,1139.0,2126.0,87,311,555926.3526451613,532453.5700354839,534499.482616129,102265.07022580646,549017.6244419356,565284.3500677419,539345.4049645162,239640.60184193548,70579.14343870968,0.0022431330195209487,1247.0167580402085,1139.0
2025-05-01,강서구,5,1139.0,1246.0,2365.0,87,311,554217.8047366666,528869.8751233333,529910.4829733333,111569.87431333332,546389.9026,565228.80823,535430.83962,258778.80617333332,74529.45114,0.0022431330195209487,1243.1842578112305,1225.0
2025-06-01,강서구,6,1225.0,1165.0,2253.0,87,311,548149.3738870968,524530.0706709677,524467.0630516129,101665.7182548387,540731.3623451613,559516.6745193548,530346.1461806452,239935.61236774197,70789.21141612904,0.0022431330195209487,1229.5719601958808,1247.0
2025-07-01,강서구,7,1247.0,1314.0,2439.0,87,311,550649.9267233333,527276.6012666667,530995.7382533334,108470.27967,544392.8909966667,559804.1472533332,535633.04101,249389.7542633333,71093.48066666667,0.0022431330195209487,1235.1810328298998,1280.0
2025-08-01,강서구,8,1280.0,1255.0,2473.0,87,311,550292.9737193548,527867.2908967742,532309.8694516129,106983.89016129031,545174.2819000001,560222.1933645161,538008.1133516128,252170.9641064516,73919.07004516128,0.0022431330195209487,1234.3803397602585,1294.0
2025-09-01,강서구,9,1294.0,1035.0,2058.0,87,311,544796.3169064516,523475.1629451613,526416.0755483871,105393.16350645162,539970.0418,555205.8193129032,533213.2566612903,247364.75848387097,72034.98151935484,0.0022431330195209487,1222.0506073662605,1211.0
2025-10-01,강서구,10,1211.0,1103.0,2058.0,87,311,547309.6914966666,524944.9768366667,527496.2512566666,107431.01369666666,541570.6497833333,558128.1580966667,533535.99138,257008.06998333332,76294.81027,0.0022431330195209487,1227.6884408999967,1270.0
2025-11-01,강서구,11,1270.0,1082.0,2050.0,87,311,535080.7487064516,513469.4250741936,515620.1421225806,101070.3884483871,529516.3981516128,546200.8018709677,521726.3073806451,242060.80657096772,72890.77008709678,0.0022431330195209487,1200.2572955334329,1206.0
2025-12-01,강서구,12,1206.0,1134.0,2111.0,87,311,547537.1423833333,524916.7676133333,527322.5072033333,104134.31263666668,541717.32883,558964.8198966667,533569.58985,249294.795,74204.31177666667,0.0022431330195209487,1228.198643494198,1261.0
2018-05-01,관악구,5,1245.0,1324.0,1989.0,348,346,567065.0138423077,504623.1473576923,459407.9229846154,139659.23416153848,528556.0409538462,592225.0771192308,474643.4789307692,247022.22006153845,36270.95614615385,0.002390662989851527,1355.661341432449,1393.0
2018-06-01,관악구,6,1393.0,1304.0,2081.0,348,346,563684.4909516129,502825.2215064516,457396.6897548387,135096.04963548385,526730.5124322581,591563.2223580645,473317.93163225806,239505.0415064516,35535.1175,0.002390662989851527,1347.5796504713192,1356.0
2018-07-01,관악구,7,1356.0,1465.0,2206.0,348,346,568646.4214466666,507725.32400666666,464922.5780433333,127414.57226,531493.33202,593538.7143566667,479479.0068166666,226137.43382666667,34730.611163333335,0.002390662989851527,1359.4419540640595,1475.0
2018-08-01,관악구,8,1475.0,1443.0,2202.0,348,346,565414.1023806451,502579.1254064516,460080.6688741935,124617.01326451612,527376.2811387096,591084.1067451612,474123.3313935484,223209.9406,36298.494067741936,0.002390662989851527,1351.7145685015305,1559.0
2018-09-01,관악구,9,1559.0,1397.0,2158.0,348,346,557682.0081225807,496579.8948129032,454298.79283870966,127714.86328709676,521340.9416548387,583978.1849806452,468747.036983871,226295.07284516128,35392.55871290322,0.002390662989851527,1333.2297369247324,1390.0
2018-10-01,관악구,10,1390.0,1305.0,2064.0,348,346,554855.8552533333,495691.05124,456919.5319,120473.92026333332,520228.30755666667,581459.8530066666,471749.7407933333,222323.36152666667,37929.64015666667,0.002390662989851527,1326.4733578565601,1408.0
2018-11-01,관악구,11,1408.0,1280.0,1956.0,348,346,564526.345383871,503357.54845161294,458150.4188290323,125836.16517741936,527463.4549516129,590274.9672548388,473808.0529451613,224503.7962516129,35056.88142580645,0.002390662989851527,1349.5922407053608,1244.0
2018-12-01,관악구,12,1244.0,1482.0,2222.0,348,346,561394.52549,498888.69407666667,452799.4185433333,128083.60979,522533.9825866667,587430.6251266667,468129.22252,230288.06873666667,36533.69484,0.002390662989851527,1342.1051147942028,1343.0
2019-01-01,관악구,1,1343.0,1452.0,2246.0,272,313,566104.9458451612,507406.4880516129,471482.2853193549,124653.3074516129,532431.5186967743,588166.2755677418,485288.72070967744,226232.38388709677,37877.11690645161,0.002390662989851527,1353.3661424039299,1304.0
2019-02-01,관악구,2,1304.0,1155.0,1924.0,272,313,569945.3379806452,508876.2962,472831.0556,129389.79954193548,535075.536516129,591332.4400935484,486257.8144709677,236361.98603548383,40242.75986774194,0.002390662989851527,1362.5472257487486,1091.0
2019-03-01,관악구,3,1091.0,1369.0,2136.0,272,313,547235.3924821428,490825.0903785714,463219.3732535714,122392.41870714286,517432.47091785714,569372.9991714286,475708.38072142855,227965.59402857145,41261.310225,0.002390662989851527,1308.2553995439334,1270.0
2019-04-01,관악구,4,1270.0,1245.0,1976.0,272,313,563078.5071903226,505442.10785806447,469771.4401774194,117554.00551290324,529934.5958064516,583903.0443290323,483533.11987096776,220353.5027,39283.78564516129,0.002390662989851527,1346.1309475207513,1286.0
2019-05-01,관악구,5,1286.0,1393.0,2134.0,272,313,553151.21988,493662.9036333333,452960.5147666667,129587.98373333334,517501.3104333334,575300.2389566667,467591.4372066667,235677.69571,37240.77497,0.002390662989851527,1322.3981491583402,1386.0
2019-06-01,관악구,6,1386.0,1356.0,2106.0,272,313,534079.4473806451,476857.1228193548,438709.8516709677,120884.27748387096,500107.3052516129,556571.5789354839,452546.3062741936,219114.8497483871,34987.14538064516,0.002390662989851527,1276.8039684932644,1260.0
2019-07-01,관악구,7,1260.0,1475.0,2238.0,272,313,535273.9346833334,479840.71711333335,444653.60496666667,116765.97079333334,503062.77392,557067.1463433333,457967.14889,210500.08658,33927.58052333333,0.002390662989851527,1279.6595850796489,1418.0
2019-08-01,관악구,8,1418.0,1559.0,2463.0,272,313,528954.2960516129,471123.8339741936,434956.7948451613,107405.5396548387,494985.2833548387,551140.0256064517,447428.6655806452,197071.38412903223,33683.63491935484,0.002390662989851527,1264.551458893559,1436.0
2019-09-01,관악구,9,1436.0,1390.0,2200.0,272,313,533225.0824580645,476634.5714129032,442401.86323225807,110648.92163548389,500681.23475161294,554840.9093193549,455119.8479580645,202816.5508516129,34909.69699354839,0.002390662989851527,1274.7614698930236,1359.0
2019-10-01,관악구,10,1359.0,1408.0,2063.0,272,313,531200.5990233333,477047.5118966667,445807.51773,113555.04743333333,500897.0857066667,552486.5713166667,458472.16706,215040.77334,38912.14027,0.002390662989851527,1269.921612272044,1386.0
2019-11-01,관악구,11,1386.0,1244.0,1915.0,272,313,543766.283966129,483099.6834016129,439464.408533871,117910.59397419354,506548.0893322581,564875.6819290323,454442.61685,217054.3469370968,35035.27488387097,0.002390662989851527,1299.9619302069204,1302.0
2019-12-01,관악구,12,1302.0,1343.0,2095.0,272,313,551326.6140966667,492633.78159,452669.96382,116202.60571,516169.34839,572678.3674833333,466949.1764033333,215552.99525333333,36584.5719,0.002390662989851527,1318.0361316410563,1331.0
2020-01-01,관악구,1,1331.0,1304.0,1988.0,285,192,552292.2576612904,495824.0553451613,461244.8996741936,123031.39101612904,519950.7362451613,572263.9233032258,474672.6062548387,227770.70776451612,39104.047648387095,0.002390662989851527,1320.3446599723904,1357.0
2020-02-01,관악구,2,1357.0,1091.0,1764.0,285,192,546575.4711548387,489684.1374548387,458979.3972709678,120578.4075483871,515473.01757741935,566711.1000870967,471929.5825612903,223716.30448387095,40729.83006774193,0.002390662989851527,1306.6777500505339,1062.0
2020-03-01,관악구,3,1062.0,1270.0,2042.0,285,192,559432.1071,501372.6600655173,472469.3234034483,119948.32275862068,528225.831462069,576012.9968172414,484537.0455586207,214159.87261379312,34447.32152068966,0.002390662989851527,1337.4136337786258,999.0
2020-04-01,관악구,4,999.0,1286.0,2009.0,285,192,556423.0108903226,501372.296016129,477048.2485935484,116070.61304193547,528352.3323870967,571454.2609870967,489053.3824967742,202467.3578193549,30442.14734838709,0.002390662989851527,1330.2198988372475,1016.0
2020-05-01,관악구,5,1016.0,1386.0,2126.0,285,192,550519.8920066666,494848.20753666665,467006.81714,120263.65655,521113.8742166667,566843.9760066667,479945.44931,210388.4979933333,31978.05428,0.002390662989851527,1316.1075309973976,1175.0
2020-06-01,관악구,6,1175.0,1260.0,1994.0,285,192,543082.3258709677,488781.2725516129,461436.5840225807,119276.8669032258,514221.2584096774,560152.9674677419,473815.7639741936,211429.8418387097,33678.39728387097,0.002390662989851527,1298.326816902209,1162.0
2020-07-01,관악구,7,1162.0,1418.0,2230.0,285,192,542637.7346966666,486308.0891933333,455443.25007,120292.01941333334,511332.0181866667,560902.9554433334,467504.0150966666,212918.53572,33003.99897666667,0.002390662989851527,1297.2639492361927,1305.0
2020-08-01,관악구,8,1305.0,1436.0,2198.0,285,192,539201.8077806452,481889.53931612906,451040.84231290326,117387.58815806452,507624.54759032256,558309.7777741936,463416.3833129032,208217.2600193548,32492.97327419355,0.002390662989851527,1289.0498059222257,1186.0
2020-09-01,관악구,9,1186.0,1359.0,2079.0,285,192,535999.406383871,482337.0715032258,459914.1373322581,115090.8478,508866.5942451613,552219.3617806451,470880.6572258064,203102.9206967742,31377.26123548387,0.002390662989851527,1281.3939434243086,1000.0
2020-10-01,관악구,10,1000.0,1386.0,2098.0,285,192,538833.6264033333,486225.8844866667,460727.9917266667,114499.97061333334,511132.8253933333,554766.0743099999,472351.70397,204181.51878333333,31314.65405333333,0.002390662989851527,1288.1696083299335,1105.0
2020-11-01,관악구,11,1105.0,1302.0,1967.0,285,192,530091.2175451614,476625.2535354839,447368.6155645161,115253.8146483871,501121.6712870968,547608.162867742,460564.3065354839,208185.61298064515,34461.043683870965,0.002390662989851527,1267.2694550305519,1129.0
2020-12-01,관악구,12,1129.0,1331.0,1985.0,285,192,531428.0593966667,477293.01277,446834.82304,114556.75309333336,501324.81514,548201.3434,459180.27319,205743.6713766667,32970.88735,0.002390662989851527,1270.4653933682303,1000.0
2021-01-01,관악구,1,1000.0,1357.0,1974.0,185,170,531193.0929870968,481233.2175483871,460182.53272580646,107933.08626451614,505973.7091419355,543529.2434096774,470666.57172903226,191226.9161935484,29391.1654483871,0.002390662989851527,1269.903667869013,1021.0
2021-02-01,관악구,2,1021.0,1062.0,1700.0,185,170,532156.0664612903,482173.4917064516,461480.9993387096,109674.68052903228,507264.3255548387,543990.7217935483,472415.8882903226,196222.8643612903,31811.78881935484,0.002390662989851527,1272.2058129139764,998.0
2021-03-01,관악구,3,998.0,999.0,1585.0,185,170,524820.660875,472378.8906392857,447628.10975357145,110878.02827142856,497853.8998928572,540049.8874035714,460100.4344892857,202024.1418321429,34477.6336,0.002390662989851527,1254.6693302632818,1042.0
2021-04-01,관악구,4,1042.0,1016.0,1643.0,185,170,533578.8706354839,478839.892816129,447770.487616129,109717.62436451612,503223.0238064516,550094.3871516129,460724.8382645161,205399.8564870968,36658.29872580645,0.002390662989851527,1275.607258195027,1069.0
2021-05-01,관악구,5,1069.0,1175.0,1932.0,185,170,529162.7511733334,474672.8527933333,441035.72817,116748.40721333332,497989.9721366667,546647.2500666666,454348.0814833333,212806.2084933333,33902.62665333333,0.002390662989851527,1265.049804838101,1211.0
2021-06-01,관악구,6,1211.0,1162.0,1906.0,185,170,527221.9933935484,474541.8475290322,445693.11224193545,113320.08019032258,498561.0810612904,544911.7184322581,458435.803767742,205604.94794193548,33033.03656774194,0.002390662989851527,1260.4101070417025,1329.0
2021-07-01,관악구,7,1329.0,1305.0,2100.0,185,170,525176.49142,470883.69411333336,438914.2521,113939.56323333332,494354.85477333335,543643.9003433333,451204.56345666666,207423.67959333333,33339.60135333333,0.002390662989851527,1255.520001177872,1303.0
2021-08-01,관악구,8,1303.0,1186.0,2078.0,185,170,518854.79192903225,467068.4716967742,440474.2375032258,107024.45046129033,490832.7045967742,535386.5131645161,451601.7823451613,194307.8885806452,31111.57012580645,0.002390662989851527,1240.4069481718523,1296.0
2021-09-01,관악구,9,1296.0,1000.0,1727.0,185,170,511938.61888064514,462106.5374548387,436439.8520225806,103806.03696774194,485135.4525677419,527368.994367742,447611.01971935487,189338.4615258065,30824.023587096777,0.002390662989851527,1223.8727092336646,1237.0
2021-10-01,관악구,10,1237.0,1105.0,1861.0,185,170,506422.1392333333,456639.76599333336,431724.6387233333,102233.79392666668,480050.89998333337,523179.8276933333,443131.1650466667,191194.17193,33760.250036666665,0.002390662989851527,1210.684665506567,1230.0
2021-11-01,관악구,11,1230.0,1129.0,1775.0,185,170,514249.7010258064,463131.68306451617,434451.77392580645,103226.28592903224,486279.153783871,530801.3180451613,447120.3876580645,191027.73297419355,32472.660987096773,0.002390662989851527,1229.3977277846084,1172.0
2021-12-01,관악구,12,1172.0,1000.0,1719.0,185,170,514859.78557,460823.7609966667,429142.13901,105483.06015333332,484426.42937333335,532489.5425233333,441819.7306866667,197568.26318,33978.242073333335,0.002390662989851527,1230.8562343250924,1115.0
2022-01-01,관악구,1,1115.0,1021.0,1792.0,304,251,516784.2305129033,464697.6215806452,436985.2107419355,101348.63663225809,488306.5349064517,532683.5596129032,448437.7610516129,190013.2894741936,32601.079322580645,0.002390662989851527,1235.4569336260981,1235.0
2022-02-01,관악구,2,1235.0,998.0,1681.0,304,251,514093.27526774193,462712.008083871,437383.9491806452,98376.07370967742,487023.1834387097,528413.0486548387,449125.0548935484,189489.35136451613,34786.03930645161,0.002390662989851527,1229.023766514144,1070.0
2022-03-01,관악구,3,1070.0,1042.0,1784.0,304,251,518358.3296071429,468474.0512928572,446371.0739464285,99484.64827857145,492936.2469321429,532734.8639,457345.3311857143,190668.9074142857,34558.48696428572,0.002390662989851527,1239.2200740730557,1257.0
2022-04-01,관악구,4,1257.0,1069.0,1809.0,304,251,527887.8998645161,477486.22173870966,452076.5850935484,98171.09923870968,501075.5946451613,543278.0766806451,463538.3673580645,188936.52934838712,34488.590812903225,0.002390662989851527,1262.0020649965477,1357.0
2022-05-01,관악구,5,1357.0,1211.0,2084.0,304,251,523288.53438666667,469117.4735533333,433951.83416,103871.86868666668,491747.4010233333,543054.4856033333,447589.8143166667,197280.96578,33496.95559666667,0.002390662989851527,1251.006532171852,1371.0
2022-06-01,관악구,6,1371.0,1329.0,2175.0,304,251,527005.0398096774,472096.6216064516,436352.743616129,102840.46628064517,494804.9337387097,547943.5496387098,449724.7852322581,199324.1700677419,35533.14050967742,0.002390662989851527,1259.8914441382265,1354.0
2022-07-01,관악구,7,1354.0,1303.0,2244.0,304,251,532133.7224166667,477162.05317,442869.57688,101530.84083,500385.9365666667,552714.3596633333,455939.03638,197102.2574933333,34715.14936333333,0.002390662989851527,1272.152395833451,1544.0
2022-08-01,관악구,8,1544.0,1296.0,2163.0,304,251,515560.59056129033,462319.4824709677,430512.6117064516,95749.67513870967,484980.92,535726.6059612903,442169.3812290322,187098.96102258065,34490.77785806452,0.002390662989851527,1232.5316228808733,1582.0
2022-09-01,관악구,9,1582.0,1237.0,2134.0,304,251,509289.46159677417,456750.38392903225,425442.1084548387,94999.02138387096,479235.734732258,527978.9730419355,437160.5171548387,185636.99747741933,34038.00270645161,0.002390662989851527,1217.5394669608186,1457.0
2022-10-01,관악구,10,1457.0,1230.0,2157.0,304,251,508275.1175766667,455671.2523,424080.1197033333,93806.21420333332,478333.44641333335,529510.49226,436415.1068133333,189904.79469333336,37319.20710666667,0.002390662989851527,1215.1145122529706,1392.0
2022-11-01,관악구,11,1392.0,1172.0,2075.0,304,251,513595.1003935484,460663.1914,425837.3906645161,94769.99962258064,482792.1515741936,533520.373767742,439668.0232419355,186277.5539064516,34145.33047419354,0.002390662989851527,1227.8327982799356,1402.0
2022-12-01,관악구,12,1402.0,1115.0,2121.0,304,251,515342.6413233334,459839.74144666665,422567.33884333336,98130.31390333334,482056.74853333336,535440.7649933334,435456.4986533333,192725.7225133333,34528.841016666665,0.002390662989851527,1232.0105797040233,1567.0
2023-01-01,관악구,1,1567.0,1235.0,2210.0,214,375,514866.9436967742,461535.3593451613,430252.0560387097,94363.63595161292,484560.9430806452,533804.784316129,442132.54223225807,185966.40961290323,34609.17595806452,0.002390662989851527,1230.8733469938481,1396.0
2023-02-01,관악구,2,1396.0,1070.0,2128.0,214,375,505210.3955225807,453931.841316129,425972.99836774194,90591.16838064516,476882.6903419354,524589.2215709677,437223.9031064516,181747.22602903223,36177.59607096775,0.002390662989851527,1207.7877946640854,1244.0
2023-03-01,관악구,3,1244.0,1257.0,2825.0,214,375,514751.61911785713,459214.9353142857,423553.8821071429,86412.24157142857,482143.0142321428,534354.5797928572,436490.96740714286,179104.80777500002,36862.73214642857,0.002390662989851527,1230.5976447912108,1296.0
2023-04-01,관악구,4,1296.0,1357.0,2523.0,214,375,521156.1727741935,465313.4722741936,428086.2857548387,84334.6598,488150.8117064517,541509.0481870967,441943.30623870966,179504.9513548387,37851.46694516129,0.002390662989851527,1245.9087741839326,1286.0
2023-05-01,관악구,5,1286.0,1371.0,2447.0,214,375,518531.10502666666,463400.84736,425774.87959,91364.13087333334,485748.59655,538511.46575,439853.0846766667,185200.78811666663,35910.05326,0.002390662989851527,1239.6331218740672,1458.0
2023-06-01,관악구,6,1458.0,1354.0,2413.0,214,375,513672.2600064516,459823.8964709677,424177.6918580645,92459.55693870968,481834.12116451614,534436.2369548387,437260.72681935487,184115.7106580645,34846.958580645165,0.002390662989851527,1228.0172609108145,1369.0
2023-07-01,관악구,7,1369.0,1544.0,2612.0,214,375,512222.3428366667,457924.2175933333,421940.6633266667,92762.14399666668,479959.9559733333,532564.39541,434792.6143633333,182894.77810666664,34388.21051333333,0.002390662989851527,1224.5509975946595,1422.0
2023-08-01,관악구,8,1422.0,1582.0,2776.0,214,375,509323.9229677419,455502.0265612903,422040.36065161286,87835.89828709679,477957.8322580645,529584.5001516129,434045.3052548387,174617.22332258066,34376.87946451613,0.002390662989851527,1217.6218524849708,1445.0
2023-09-01,관악구,9,1445.0,1457.0,2479.0,214,375,502715.4749451613,449038.83145483874,414661.9562451613,85510.86655161291,471065.4990322581,522970.57630322577,426755.5327419355,170667.44815483873,33624.6599516129,0.002390662989851527,1201.8232803770297,1386.0
2023-10-01,관악구,10,1386.0,1392.0,2416.0,214,375,504808.24446,452686.04037,418724.78491,84943.68488,474305.08332,526871.2828133333,431600.65772666666,176183.00609666668,37245.86167,0.002390662989851527,1206.8263870024443,1407.0
2023-11-01,관악구,11,1407.0,1402.0,2316.0,214,375,504813.35658064514,452010.5089612903,415742.79869677423,86301.15963548387,473497.1337483871,525642.3581870968,429654.4217870968,172248.6301387097,33357.18962258064,0.002390662989851527,1206.83860836007,1315.0
2023-12-01,관악구,12,1315.0,1567.0,2553.0,214,375,511934.0048633333,457101.46263666666,418277.8178866666,87983.71408666667,478318.0099,533915.6032533334,431255.6169766667,181315.38672666668,37095.05139666667,0.002390662989851527,1223.8616786732425,1420.0
2024-01-01,관악구,1,1420.0,1396.0,2328.0,136,259,517403.668416129,462898.08436451614,431441.8017709678,84677.57009677419,486899.7681645161,539688.3466096774,444194.30781612906,178023.04708064516,39214.81426774194,0.002390662989851527,1236.937800895851,1276.0
2024-02-01,관악구,2,1276.0,1244.0,2100.0,136,259,507089.04553225805,454858.7921612903,420582.3392290323,81442.59955806452,476843.90505806456,530108.7355645162,434500.70838064514,170566.40351935485,38071.51558064516,0.002390662989851527,1212.2790137131053,1132.0
2024-03-01,관악구,3,1132.0,1296.0,2205.0,136,259,503187.0389758621,451273.3830344827,419951.6044413793,82597.85350689654,473816.5360655172,523557.4713551724,432697.8319862069,173943.46373793104,38694.094920689655,0.002390662989851527,1202.9506310525715,1192.0
2024-04-01,관악구,4,1192.0,1286.0,2306.0,136,259,515356.9673709677,462896.1760483871,428797.1029064516,82790.45799032258,484851.1809516129,535144.9415419354,442143.0799806452,178847.90011935483,41277.91342258064,0.002390662989851527,1232.0448284558936,1083.0
2024-05-01,관악구,5,1083.0,1458.0,2522.0,136,259,506887.65204666666,452929.72822,414237.07963,92936.29933,474096.32485333335,527522.44834,428188.46678666666,184906.9023933333,35164.25580666667,0.002390662989851527,1211.7975497607047,1124.0
2024-06-01,관악구,6,1124.0,1369.0,2346.0,136,259,501739.1936354839,449391.9314258064,413627.6507774194,92712.56128064515,470610.3876870968,522219.08797096775,427030.0593580645,182158.80062580647,33846.463212903225,0.002390662989851527,1199.4893207823002,1153.0
2024-07-01,관악구,7,1153.0,1422.0,2558.0,136,259,500820.6641266666,449366.61972666666,415768.55874666665,93648.19115666668,470623.88848,520849.80844,428348.4025633333,184332.74612,35360.201923333334,0.002390662989851527,1197.2934262804843,1190.0
2024-08-01,관악구,8,1190.0,1445.0,2686.0,136,259,500508.7639451613,446767.8126258065,411524.3027451613,89071.19367096774,468436.8193903226,520365.8390322581,423536.0970064516,178490.29450967742,35487.3249516129,0.002390662989851527,1196.5477780600315,1214.0
2024-09-01,관악구,9,1214.0,1386.0,2539.0,136,259,498520.31087741937,446592.80277096777,414126.8606903225,88095.14054193549,468258.8180741936,518739.8319322581,425892.7281580645,180695.2180032258,37722.35287419355,0.002390662989851527,1191.7940569039242,971.0
2024-10-01,관악구,10,971.0,1407.0,2462.0,136,259,492191.88173,442461.9559033333,413100.1115366667,86959.04668,464185.0744,512943.59597,424975.54412,182432.36974,39018.28062666666,0.002390662989851527,1176.6649155572911,1004.0
2024-11-01,관악구,11,1004.0,1315.0,2130.0,136,259,502224.5278322581,449656.71330967743,414372.6488935484,90330.54576774192,471192.2508645161,521225.48286451615,427747.0631322581,182249.42416451607,35522.98586774194,0.002390662989851527,1200.6495912842377,1008.0
2024-12-01,관악구,12,1008.0,1420.0,2368.0,136,259,502121.02887,449059.17403000005,413225.2601266667,94515.19642,470488.40268,521747.5519866666,426202.7260266666,191542.62685666667,38334.41866,0.002390662989851527,1200.402160145679,1037.0
2025-01-01,관악구,1,1037.0,1276.0,2102.0,155,381,501320.7439258064,450461.3026032258,419969.60729032254,90437.58664516128,472767.68499032257,519649.3286516129,432793.4024935484,185117.88731612905,38378.52004516129,0.002390662989851527,1198.4889485482602,1088.0
2025-02-01,관악구,2,1088.0,1132.0,1880.0,155,381,492366.5769580645,443233.1842129032,417138.4785967742,87566.5313483871,465929.6203290322,509900.02426774194,428917.8810387097,177011.7352483871,36880.97812580645,0.002390662989851527,1177.0825529735284,895.0
2025-03-01,관악구,3,895.0,1192.0,2040.0,155,381,501762.9918571428,448596.115625,415885.3050035714,90069.658975,471218.8639321429,518953.3845714285,428457.08481785713,181095.4744892857,36279.93051428571,0.002390662989851527,1199.5462143100444,983.0
2025-04-01,관악구,4,983.0,1083.0,2004.0,155,381,506863.7479258064,454793.6845064516,422395.68849032256,88441.92495806453,477175.4542741936,525280.993483871,435611.843183871,184449.12852580645,38467.67528064516,0.002390662989851527,1211.740403063659,974.0
2025-05-01,관악구,5,974.0,1124.0,2190.0,155,381,503781.61383,450014.48897666665,413396.37497,98499.61266,471626.79029,523514.60085,426610.0373566666,195813.39092333333,36071.73908,0.002390662989851527,1204.3720591510553,1113.0
2025-06-01,관악구,6,1113.0,1153.0,2249.0,155,381,498865.0810967742,447595.245883871,413830.12543225806,93351.75497419357,469038.67954516126,519405.7457709677,427281.717383871,185254.0452903226,34918.76533870967,0.002390662989851527,1192.6182863073388,1036.0
2025-07-01,관악구,7,1036.0,1190.0,2419.0,155,381,502570.65694,450833.8329066666,418888.5308366667,95502.51951666668,472818.7258033333,522539.6797233333,431166.02222,187976.9156433333,34278.35431666667,0.002390662989851527,1201.4770693318267,1069.0
2025-08-01,관악구,8,1069.0,1214.0,2524.0,155,381,501430.62287741934,447621.4009354839,414039.8291419355,92748.50322903226,469962.1925774194,521647.8435580645,425906.3901903225,185687.43834193549,35659.53796451613,0.002390662989851527,1198.7516320912448,1131.0
2025-09-01,관악구,9,1131.0,971.0,2033.0,155,381,495220.003232258,443369.0223193548,412099.3880096774,91998.37941935484,465606.1204903225,515330.866083871,424146.6846483871,182679.2647645161,34934.0554,0.002390662989851527,1183.904133561513,1086.0
2025-10-01,관악구,10,1086.0,1004.0,2090.0,155,381,502787.4521666666,448616.2695666666,412033.6346466666,93979.03162666666,470379.2639566667,524018.6983633333,425007.80046,191652.46274666663,38123.41929333333,0.002390662989851527,1201.995353656595,1028.0
2025-11-01,관악구,11,1028.0,1008.0,2019.0,155,381,486611.6875870968,436067.1725806451,404909.4263129032,90326.47303225806,458064.81616451615,508533.4941225807,418099.196167742,180970.9611903226,34861.92473870968,0.002390662989851527,1163.3245519436662,1086.0
2025-12-01,관악구,12,1086.0,1037.0,2094.0,155,381,503377.0087833333,449891.7728366666,413241.37101,92137.22675666666,471612.2475,524244.09246,427141.5817066666,186213.75437333333,35565.23095,0.002390662989851527,1203.404784840482,1098.0
2018-08-01,광진구,8,875.0,891.0,1392.0,282,294,421918.8428483871,385144.9254483871,380706.66218387097,83417.02314193548,408386.6415,433566.7218903226,389441.5596129032,191520.58029032257,38854.44006129032,0.0020156145997238858,850.4257795438168,900.0
2018-09-01,광진구,9,900.0,883.0,1421.0,282,294,419066.1605870968,383641.09228387097,382472.23957741936,88603.09248064515,407942.3037774193,432823.1922322581,391029.5353967742,199717.05133548388,39784.86380322581,0.0020156145997238858,844.6758715295867,792.0
2018-10-01,광진구,10,792.0,843.0,1352.0,282,294,425080.49831,388672.3988233333,392226.2509233333,83746.91586666666,415392.9039466667,437978.08634,401830.27186,199879.81258,43214.76528666667,0.0020156145997238858,856.7984584515406,846.0
2018-11-01,광진구,11,846.0,773.0,1237.0,282,294,430409.7504774194,393565.3487354838,394339.0760193548,87931.53797741936,419501.6690516129,443446.8020129032,402842.0784548387,202591.7886451613,40563.84389354839,0.0020156145997238858,867.5401769258012,804.0
2018-12-01,광진구,12,804.0,875.0,1419.0,282,294,432744.9124633333,394461.4797833333,394463.5118166666,89352.48864333333,420655.0672766667,446193.51913333335,403729.28402666666,208212.38695333333,42784.38972,0.0020156145997238858,872.2469635173295,885.0
2019-01-01,광진구,1,885.0,870.0,1419.0,202,176,433354.5948,395545.5427806452,399366.3801193549,85345.34526451613,422799.67435161286,444158.9517870968,408022.7857290322,198670.82310645163,41145.04178387097,0.0020156145997238858,873.4758481363087,774.0
2019-02-01,광진구,2,774.0,741.0,1266.0,202,176,428166.85031935485,390125.3969741935,387552.308232258,87746.52688064516,414918.67213225807,438713.7131129032,396371.2226516129,199450.7679516129,39941.73064516129,0.0020156145997238858,863.0193546214833,667.0
2019-03-01,광진구,3,667.0,809.0,1327.0,202,176,411426.9015892857,377264.83093928575,379064.186725,84876.06711071428,401628.7019071429,423572.3454607143,387911.2223678571,194626.62320357145,40860.02981785714,0.0020156145997238858,829.2780695625266,763.0
2019-04-01,광진구,4,763.0,839.0,1353.0,202,176,431778.6923,393295.7239225807,397978.727732258,81373.03513548386,421211.5476774194,442724.9126032258,406417.5452,190669.7468032258,41463.31233225807,0.0020156145997238858,870.2994360495674,805.0
2019-05-01,광진구,5,805.0,842.0,1402.0,202,176,426418.2075033333,388287.7385733333,391471.7210333333,93591.62639,415975.1547166667,438059.31566666666,401354.88082,213850.17973,41631.94028,0.0020156145997238858,859.4947646318079,854.0
2019-06-01,광진구,6,854.0,882.0,1386.0,202,176,412884.9025,375628.3042709677,379511.21801935486,85191.8471516129,402745.4603580645,424910.801483871,388550.2413516129,196069.02155806453,39580.95190322581,0.0020156145997238858,832.2168374845731,827.0
2019-07-01,광진구,7,827.0,875.0,1457.0,202,176,412480.7779166667,374767.60132,379929.1275466667,82344.93124333333,402165.10077666666,422942.55623333337,387723.1528233333,185460.3891133333,37158.69324,0.0020156145997238858,831.4022780742991,856.0
2019-08-01,광진구,8,856.0,900.0,1432.0,202,176,399207.8096096774,361033.4793612904,358039.75853225804,74439.57377096775,385685.3801967742,409147.4140935484,366753.9790225807,167689.8374903226,33833.92332580645,0.0020156145997238858,804.6490893730592,843.0
2019-09-01,광진구,9,843.0,792.0,1285.0,202,176,409201.7216096774,371690.5870064516,370740.5152870968,77488.13450967742,396839.4462354839,419566.4546451613,379532.2607096774,177256.67471290322,36270.27245483871,0.0020156145997238858,824.7929643086148,762.0
2019-10-01,광진구,10,762.0,846.0,1351.0,202,176,414982.25752333336,376217.4129,381395.7374533333,78486.02441,404549.86816,426156.43157,389944.5230666667,187596.90909333332,40802.21424,0.0020156145997238858,836.444296890408,882.0
2019-11-01,광진구,11,882.0,804.0,1231.0,202,176,415217.69830483873,375557.4103193549,375589.0652112903,81143.11190322581,402292.1806419355,424458.0206806452,384196.45587258064,190176.0539532258,38025.813756451615,0.0020156145997238858,836.9188547669806,765.0
2019-12-01,광진구,12,765.0,885.0,1347.0,202,176,417730.7375566667,380485.6915966666,381383.6792133333,76993.77169666668,406015.5811,427878.9980266666,389614.3620566667,188287.54614,39606.01745,0.0020156145997238858,841.9841733726444,809.0
2020-01-01,광진구,1,809.0,774.0,1186.0,179,182,418585.2084903226,381315.6977677419,383518.8623387097,83169.24820645161,407206.2865451613,428499.4861548388,391275.795816129,196878.5802064516,40678.28042258065,0.0020156145997238858,843.7064574615608,838.0
2020-02-01,광진구,2,838.0,667.0,1040.0,179,182,406450.0578387097,369838.8231290323,368376.4419612903,80402.65951290322,394147.1932193549,417339.6727354839,376923.1827548387,186194.23817096773,38604.84581612903,0.0020156145997238858,819.246670638321,617.0
2020-03-01,광진구,3,617.0,763.0,1268.0,179,182,411790.2589586207,373150.36856206896,372522.00669310347,79368.42414827585,398599.8514103448,420101.3570413793,380133.2808482759,173693.46267931035,32071.82065172413,0.0020156145997238858,830.0104579810755,578.0
2020-04-01,광진구,4,578.0,805.0,1285.0,179,182,408131.8116,370428.0985354839,371282.3417806452,77532.97489677419,395917.5234419355,415247.0570096775,378817.5200258064,164292.8997967742,27924.66351935484,0.0020156145997238858,822.6364380727184,622.0
2020-05-01,광진구,5,622.0,854.0,1355.0,179,182,413708.01594,375302.13793333335,374860.55677,81650.20362666667,400827.45546666667,420657.77857,382794.6708233334,177414.64337,31131.77349666667,0.0020156145997238858,833.875916951466,692.0
2020-06-01,광진구,6,692.0,827.0,1280.0,179,182,410451.952067742,372726.67457741936,373627.12675483874,81869.28960967742,398424.53797096777,418034.7540129032,381586.1582193548,176588.99241935482,33286.85710967742,0.0020156145997238858,827.3129470729093,679.0
2020-07-01,광진구,7,679.0,856.0,1295.0,179,182,408050.2847066667,369330.55598,368118.78562,82092.09668333334,394696.1583966667,414926.6827933333,376000.3815566666,176114.64485333333,32058.77121,0.0020156145997238858,822.4721112762456,672.0
2020-08-01,광진구,8,672.0,843.0,1316.0,179,182,406127.1541806452,365797.5181806452,365284.47175483865,80249.64056129033,392393.41245161294,413489.6021451613,373166.17400967743,174260.19611612902,32383.29272580645,0.0020156145997238858,818.595821310822,647.0
2020-09-01,광진구,9,647.0,762.0,1284.0,179,182,399678.5347387097,361791.1251322581,364675.8543483871,77122.29715483871,387992.0641870968,405911.3084903226,371631.0054258065,164961.7961354839,29845.459258064515,0.0020156145997238858,805.5978898155935,631.0
2020-10-01,광진구,10,631.0,882.0,1379.0,179,182,402902.3043933333,364260.32953,367964.6451633333,76777.84089,391270.4477966667,408439.42875,374985.8485533333,165055.72560666667,29819.39082333333,0.0020156145997238858,812.0957669975998,702.0
2020-11-01,광진구,11,702.0,765.0,1202.0,179,182,398353.4497741935,362507.76951935486,364309.98098709673,78646.3088516129,387022.1727387097,405296.1537548387,371158.3848774193,174607.8458419355,33651.55837741935,0.0020156145997238858,802.92702921524,683.0
2020-12-01,광진구,12,683.0,809.0,1255.0,179,182,398177.6755,362395.8885266667,362690.96482,78279.71147666666,386284.6948833333,403749.98707,369634.5220266667,172526.42945333337,32309.88434,0.0020156145997238858,802.5727360219198,611.0
2021-01-01,광진구,1,611.0,838.0,1255.0,106,72,393503.9732967742,360871.4978709678,363518.5370548387,74475.5486,383588.2323645161,397314.6484580645,369706.1950612904,157123.06747741933,27477.303967741933,0.0020156145997238858,793.1523536263362,585.0
2021-02-01,광진구,2,585.0,617.0,996.0,106,72,392623.5725806452,360337.4464612903,362813.9989387097,76715.85905483871,382873.16811612906,396986.8563225807,369222.6018903226,162374.13828387097,29043.640067741937,0.0020156145997238858,791.3778050892992,579.0
2021-03-01,광진구,3,579.0,578.0,1030.0,106,72,390407.58357142855,356431.58775714284,359587.85321071424,76863.12618571428,380118.1279642857,395552.4935964286,365712.89011785714,169018.67410357142,32328.63308571429,0.0020156145997238858,786.9112252894945,640.0
2021-04-01,광진구,4,640.0,622.0,1017.0,106,72,396351.6001483871,361269.6250451613,361410.0379,76458.08865806452,384738.5216129032,401700.7264354839,368480.2116741935,171442.12718709678,34129.70966451613,0.0020156145997238858,798.8920718830128,687.0
2021-05-01,광진구,5,687.0,692.0,1170.0,106,72,393792.1071733333,359629.96037000004,358511.34931666666,82049.20011666667,382275.6543,399034.75550666667,366152.6202966666,181642.03052666664,33544.30806333334,0.0020156145997238858,793.7331204746038,760.0
2021-06-01,광진구,6,760.0,679.0,1116.0,106,72,391504.1370096774,358201.10286451614,359487.9464580645,79649.61244516128,381328.12697741936,397466.8578967742,367081.7129290323,176250.21937096774,33366.79765483871,0.0020156145997238858,789.1214544090063,800.0
2021-07-01,광진구,7,800.0,672.0,1121.0,106,72,389161.89180333336,354722.1582433333,353463.74009000004,80583.15366333333,377447.23303,394942.00998,361046.7107300001,176525.02593,32516.18758,0.0020156145997238858,784.4003907749659,815.0
2021-08-01,광진구,8,815.0,647.0,1168.0,106,72,384224.2215193549,349987.66051290324,349734.47879677423,77099.0618483871,372857.6928870968,389502.65394193545,356944.55280967744,164940.27053548387,29279.009283870968,0.0020156145997238858,774.4479504619561,796.0
2021-09-01,광진구,9,796.0,631.0,1126.0,106,72,380397.0766806452,346776.1089548387,348248.5475322581,76600.70836129032,369963.43057741935,385864.46659677423,355356.3260516129,162976.2394967742,29581.25678387097,0.0020156145997238858,766.7339014497949,807.0
2021-10-01,광진구,10,807.0,702.0,1235.0,106,72,380955.3810866667,348049.09572333336,351603.48109,76347.45729,371778.4058733333,386747.08741,358930.6405766666,168736.54785,32884.11949333333,0.0020156145997238858,767.8592279616621,796.0
2021-11-01,광진구,11,796.0,683.0,1155.0,106,72,384162.796416129,351614.96751290327,353286.5943548387,76691.76225483872,374383.8927612903,389562.86427741934,360693.4276451613,168381.05376129033,32015.81076129033,0.0020156145997238858,774.3241411271044,763.0
2021-12-01,광진구,12,763.0,611.0,1061.0,106,72,387269.73282333335,352454.79014666664,352291.63961,77922.32567333334,376075.35152333335,393722.11564333335,360403.21769666666,175110.83981333335,34291.69439333333,0.0020156145997238858,780.5865275098793,770.0
2022-01-01,광진구,1,770.0,585.0,1098.0,144,64,386800.61342903227,352987.8080612903,354470.4645225807,75075.46510967742,376274.4712419355,391672.9463064516,361537.8721838709,166046.05038709677,31712.50550967742,0.0020156145997238858,779.6409636097123,766.0
2022-02-01,광진구,2,766.0,579.0,1051.0,144,64,384184.9895806451,350825.3920032258,352795.15642258065,75322.48633225806,374092.6724774193,389206.7019580645,359963.4285354839,166494.83666129032,32891.67380967742,0.0020156145997238858,774.3688739935172,771.0
2022-03-01,광진구,3,771.0,640.0,1114.0,144,64,387146.79969285714,354325.8305214285,358478.5392214286,75757.06848571428,377963.4271571429,392406.43043214286,365106.7056214286,165424.2153,32089.996610714286,0.0020156145997238858,780.3387416973017,835.0
2022-04-01,광진구,4,835.0,687.0,1163.0,144,64,397516.12249032257,362891.02,369819.2240516129,74556.1549,388532.5849806452,402544.0553870968,375955.6324548387,165387.92386129033,33405.37417096774,0.0020156145997238858,801.2393001171226,866.0
2022-05-01,광진구,5,866.0,760.0,1381.0,144,64,394103.39033,360768.3985266667,362572.7314666667,80437.17026333333,384473.47404,401661.0698733333,370991.59122,182170.47299666665,35659.17247333333,0.0020156145997238858,794.3605473498293,888.0
2022-06-01,광진구,6,888.0,800.0,1484.0,144,64,398476.0193,365004.0988935484,366732.2015096774,79732.67173548386,388863.7076806452,406571.4799516129,375406.47142580646,184290.5143677419,37595.95015806452,0.0020156145997238858,803.1740821409369,843.0
2022-07-01,광진구,7,843.0,815.0,1394.0,144,64,401463.2380633333,366284.25329,367547.3961333333,80010.02939000001,390598.7148833333,408649.6412333333,375388.38241666666,179189.22054666665,35110.09036333334,0.0020156145997238858,809.1951638928807,1029.0
2022-08-01,광진구,8,1029.0,796.0,1343.0,144,64,387258.1009612903,352383.18876451615,352580.94233870966,74044.10050967742,375927.7469,393709.4947387097,360065.25120967743,167417.58078709678,33409.54389354839,0.0020156145997238858,780.5630821589233,1072.0
2022-09-01,광진구,9,1072.0,807.0,1418.0,144,64,385480.3310064516,349284.00456774194,350942.17474193545,73304.96487419355,374220.8830193548,392884.5265741936,358457.6558290323,166072.6846483871,33266.560154838706,0.0020156145997238858,776.979783083,966.0
2022-10-01,광진구,10,966.0,796.0,1367.0,144,64,391060.7349366667,354371.1835433334,360141.20572,73198.90558666666,381428.7657433333,399030.17418333335,367944.0088666667,174265.89229,38429.8381,0.0020156145997238858,788.227726717098,969.0
2022-11-01,광진구,11,969.0,763.0,1355.0,144,64,391171.6695258064,356320.8961354839,360101.5252516129,73003.93945161291,381216.4397193549,398424.2011258064,367279.1179903226,170118.95906451612,35568.804425806455,0.0020156145997238858,788.4513280945823,939.0
2022-12-01,광진구,12,939.0,770.0,1439.0,144,64,392049.1535333333,356595.8782466667,358481.28396666667,74543.07034666667,381256.0374,399139.78817,366145.67483,173807.03320333333,35601.764123333334,0.0020156145997238858,790.2199976711778,1015.0
2023-01-01,광진구,1,1015.0,766.0,1357.0,57,359,395057.4784483871,359094.3307774194,363378.58770645165,71874.02642580644,384721.92850322585,401598.5166709677,370252.1585870968,166920.7137967742,34766.11850967742,0.0020156145997238858,796.2836212906734,921.0
2023-02-01,광진구,2,921.0,771.0,1394.0,57,359,386595.67925483873,351700.2198354839,353173.4401774194,68849.55452903226,375917.45416774193,394620.1854677419,360967.9390354839,159850.60752903225,34318.56340967742,0.0020156145997238858,779.2278952962255,772.0
2023-03-01,광진구,3,772.0,835.0,1688.0,57,359,394452.9954321428,357574.6537,358633.4327464286,69207.66348928571,382727.09748214285,401799.76913571433,366310.8403321429,164646.64049642856,35959.98402142857,0.0020156145997238858,795.0652164978462,892.0
2023-04-01,광진구,4,892.0,866.0,1636.0,57,359,402680.4461290322,365204.907683871,370700.8212709677,67410.21639032257,392460.9885806452,409953.03754516126,378153.748,167987.9632,39032.35903870968,0.0020156145997238858,811.648586241005,993.0
2023-05-01,광진구,5,993.0,888.0,1580.0,57,359,398144.2233,362993.9716033333,366433.9448066667,73977.90822333333,388359.17451333336,406845.65282,374660.1062133333,176590.99169666666,37528.19614333333,0.0020156145997238858,802.5053092792069,1028.0
2023-06-01,광진구,6,1028.0,843.0,1485.0,57,359,394637.4593709677,359557.08288709674,362987.64162903227,73031.49763548387,384711.1474709677,403932.8545645161,370814.3107967742,173153.79693548387,36296.21296129032,0.0020156145997238858,795.4370247060643,929.0
2023-07-01,광진구,7,929.0,1029.0,1756.0,57,359,394879.19709333335,359210.4978833333,362116.08712333336,73366.52080666667,384297.41849,402053.87807,369482.92843333335,170040.34853000002,34876.936493333335,0.0020156145997238858,795.9242747885685,1050.0
2023-08-01,광진구,8,1050.0,1072.0,1846.0,57,359,386510.60343225807,352147.98724193545,351270.5854,70545.73978709677,374919.6823548387,392686.6762612903,358692.3928580645,160217.80304516127,33186.559306451614,0.0020156145997238858,779.0564152261484,1036.0
2023-09-01,광진구,9,1036.0,966.0,1689.0,57,359,384813.2044935484,350162.8376096774,350090.5414064516,68431.81619999999,373424.7419193549,391707.8020741936,357480.8943516129,157864.95641612905,33089.05575806452,0.0020156145997238858,775.6351131437293,972.0
2023-10-01,광진구,10,972.0,969.0,1557.0,57,359,393381.2413933333,357793.1578933333,363415.17011,67170.62499,384056.6386166667,401266.51934,371002.19472,164789.03397666666,38153.263750000006,0.0020156145997238858,792.9049734099087,976.0
2023-11-01,광진구,11,976.0,939.0,1607.0,57,359,393756.3016225806,358924.6204387097,363665.2349870968,68852.3143064516,384324.1648161291,401674.8650354839,371119.17327741935,165484.92145806452,35491.47553225807,0.0020156145997238858,793.6609502837555,831.0
2023-12-01,광진구,12,831.0,1015.0,1652.0,57,359,399088.0329833333,362877.8432633334,365874.7050833333,70500.60057333334,388141.72564,404592.03518,372816.89536666666,171796.66247666668,38341.63019333334,0.0020156145997238858,804.4076658562942,1024.0
2024-01-01,광진구,1,1024.0,921.0,1511.0,87,144,404539.5463580645,366522.1415870968,372804.14198064513,68056.88722903226,394060.88591612905,411590.947032258,379390.7613064516,166925.51246129035,39023.55540967741,0.0020156145997238858,815.3958158049926,911.0
2024-02-01,광진구,2,911.0,772.0,1317.0,87,144,392303.9683322581,357767.275216129,356291.4392870967,65119.42380322581,380590.1080387097,400322.3829741936,364190.7036419355,156717.9381032258,36350.848667741935,0.0020156145997238858,790.7336061001164,755.0
2024-03-01,광진구,3,755.0,892.0,1466.0,87,144,383949.8079793104,351256.15589310345,352562.30345517246,66286.51739310345,374000.33983793104,391103.32954137935,360071.08442413795,160208.70835172414,36952.42879655172,0.0020156145997238858,773.8948385242805,679.0
2024-04-01,광진구,4,679.0,993.0,1653.0,87,144,400791.43227096775,366126.2309419355,374398.0828645161,65020.82282580645,392247.0235677419,406765.2930419355,380284.8514,166532.24210645162,41447.91059677419,0.0020156145997238858,807.8410623296095,716.0
2024-05-01,광진구,5,716.0,1028.0,1742.0,87,144,396946.80308,362683.31710333336,367165.05534666666,74662.85954333332,387586.8714033334,403290.56609,374482.96706,178468.80567,38054.42616666666,0.0020156145997238858,800.0917716017702,833.0
2024-06-01,광진구,6,833.0,929.0,1534.0,87,144,393159.0103451613,360349.2133,366382.2794483871,70070.4805580645,385226.8740225806,400529.63863225805,374121.8831612903,169403.92541612903,37185.37501935483,0.0020156145997238858,792.4570412647014,795.0
2024-07-01,광진구,7,795.0,1050.0,1782.0,87,144,392227.06992,358919.3855466667,364600.9629433333,71464.63015333333,383693.3594733333,399601.0250233334,371746.16486666666,169152.74410333333,36419.91383666667,0.0020156145997238858,790.5786085376733,770.0
2024-08-01,광진구,8,770.0,1036.0,1760.0,87,144,381763.373867742,348458.5918548387,348720.52102580643,66570.95240967741,370852.4937354839,386932.1360483871,355577.2615645161,156949.35774193547,33893.20009354838,0.0020156145997238858,769.487830007669,834.0
2024-09-01,광진구,9,834.0,972.0,1677.0,87,144,378319.0396064517,346172.35861612903,346904.0981258064,67058.1402516129,368051.4050806451,383613.4294709677,353676.71671935485,158018.99888064517,34911.62399677419,0.0020156145997238858,762.5453795842831,700.0
2024-10-01,광진구,10,700.0,976.0,1593.0,87,144,382709.6547866667,349924.10672333336,357701.7106133333,68245.74923,374906.6123333333,390126.5201966667,363982.3529066666,166590.13207999998,38748.1087,0.0020156145997238858,771.3951676432937,669.0
2024-11-01,광진구,11,669.0,831.0,1359.0,87,144,388525.51223870966,356515.00197419355,363735.5913612903,69492.28712580644,380823.53427096776,394513.294983871,370040.7651225807,169614.29207096776,37497.05717419354,0.0020156145997238858,783.1176948335444,624.0
2024-12-01,광진구,12,624.0,1024.0,1679.0,87,144,389134.91706,356437.69479333336,362502.22445,71047.1727,380625.31201000005,393977.21679,368711.8649733334,176147.24707,39380.40517666667,0.0020156145997238858,784.3460200884793,699.0
2025-01-01,광진구,1,699.0,911.0,1425.0,105,128,387010.43216774194,354737.3612774194,361790.4378709677,67971.26237741936,379070.9868451613,392200.3670548387,367955.7634032258,167025.5115935484,37625.67755806451,0.0020156145997238858,780.0638773227512,670.0
2025-02-01,광진구,2,670.0,755.0,1228.0,105,128,371043.9871096775,341058.43720322585,344757.8158612903,64517.58227096775,362574.4815451613,376614.9171354839,350717.17378387094,153827.2078354839,33910.80134516129,0.0020156145997238858,747.8816775580273,599.0
2025-03-01,광진구,3,599.0,679.0,1339.0,105,128,376695.14083571424,346112.34353928576,347898.69568214286,65481.08534285715,367353.986475,382109.5322642857,354276.37038214284,158166.7318892857,34579.05490357143,0.0020156145997238858,759.2722255135109,663.0
2025-04-01,광진구,4,663.0,716.0,1350.0,105,128,388362.2652645161,356550.1986225806,365585.1798516129,65328.253332258064,381243.38846129033,394931.6337483871,371276.9609419355,165458.3418129032,39287.46611612903,0.0020156145997238858,782.7886518489992,704.0
2025-05-01,광진구,5,704.0,833.0,1606.0,105,128,387892.20703,356151.3193833333,362297.22878,75830.97514666666,379891.33327,395085.02572,368690.1100233333,181937.13956333333,37317.97172666666,0.0020156145997238858,781.8411956087881,741.0
2025-06-01,광진구,6,741.0,795.0,1507.0,105,128,382550.6721129032,351916.1656032258,358563.7560322581,68010.73678064517,375434.0251,391327.1309129032,365470.7192870968,168804.79164516128,36878.67983548387,0.0020156145997238858,771.0747198449528,796.0
2025-07-01,광진구,7,796.0,770.0,1497.0,105,128,382290.7871333333,351116.45101,357340.08358000003,73750.71036333333,374335.0466366667,388401.9387266667,363197.0099233333,170952.91268,34438.18429333333,0.0020156145997238858,770.5508918858827,772.0
2025-08-01,광진구,8,772.0,834.0,1694.0,105,128,372961.829,341798.0297903226,340875.3997806452,70953.04433225807,362412.00447096775,378609.5678709677,347642.2501419355,163561.5882032258,32925.37666129032,0.0020156145997238858,751.7473076721234,794.0
2025-09-01,광진구,9,794.0,700.0,1430.0,105,128,369273.2262903226,339405.85788064514,340533.98109032254,70600.7807548387,359995.6727645161,376398.481316129,347007.0978451613,162161.11276774193,33005.58020322581,0.0020156145997238858,744.3125061979165,812.0
2025-10-01,광진구,10,812.0,669.0,1391.0,105,128,383415.6492666667,351196.7152766667,356376.05690333334,71590.97549333333,374839.9929533333,392241.96331,362834.0741100001,175101.27880666667,38435.31012333334,0.0020156145997238858,772.8181804245062,780.0
2025-11-01,광진구,11,780.0,624.0,1301.0,105,128,372819.5031516129,341842.8512322581,347598.2534290323,69049.16870967743,365033.9067967742,382757.4596,354134.07190000004,165159.09226774194,35255.09522580645,0.0020156145997238858,751.4604336141962,720.0
2025-12-01,광진구,12,720.0,699.0,1483.0,105,128,382078.79617,350667.1930466667,356325.8382966667,69934.37728666667,374088.1600866666,389436.84081666666,362901.2695766667,169897.50945666668,35997.988999999994,0.0020156145997238858,770.1235998051786,798.0
2023-02-01,구로구,2,1415.0,1144.0,2250.0,97,204,431637.25148387096,388067.06301290327,414195.02069032256,73845.8380419355,427057.4621064516,438470.9511354839,420645.75695161294,199391.3753580645,64373.518567741936,0.003238530253060047,1397.870297278204,1263.0
2023-03-01,구로구,3,1263.0,1260.0,2924.0,97,204,432334.56344642857,389152.063825,409215.2084821429,70024.21673928571,425860.4232607143,439052.0882678572,416796.6270035714,196591.53149642856,64516.54490714286,0.003238530253060047,1400.1285631647672,1392.0
2023-04-01,구로구,4,1392.0,1295.0,2466.0,97,204,427381.8748258065,386104.36065483873,403654.25517419353,64852.57927741936,420616.3250451613,434288.58915161295,411144.5553677419,187590.1998645161,62442.840283870966,0.003238530253060047,1384.0891312328965,1411.0
2023-05-01,구로구,5,1411.0,1439.0,2505.0,97,204,425740.6492166667,383261.7254600001,399966.12111,67268.96739333334,418383.55039333337,433075.24885333335,408083.61204,192962.87473,64528.19002333333,0.003238530253060047,1378.7739724456003,1500.0
2023-06-01,구로구,6,1500.0,1287.0,2319.0,97,204,424612.2905096774,382150.6578516129,398078.7070935484,68164.15046129032,417092.7212741936,432409.27929032256,406565.324332258,192537.3357709677,62926.9545,0.003238530253060047,1375.1197486367118,1433.0
2023-07-01,구로구,7,1433.0,1528.0,2690.0,97,204,426025.9876066667,383828.8630333334,400435.06017,67761.99623,418762.8001233333,434901.00186666666,408594.33764333336,192244.21373,63074.40161666667,0.003238530253060047,1379.6980494539748,1685.0
2023-08-01,구로구,8,1685.0,1587.0,2877.0,97,204,426737.3677451613,383445.522167742,404919.5666419355,65813.80031290323,420921.0493903226,435537.4343580645,412778.2037096774,185705.13447096772,61716.93115806452,0.003238530253060047,1382.0018755539156,1645.0
2023-09-01,구로구,9,1645.0,1465.0,2559.0,97,204,421847.489483871,379612.2697709677,400772.3847258065,64463.87934193549,415924.0105806452,430628.8392451613,407631.1401258065,183964.8197645161,60869.82141290323,0.003238530253060047,1366.1658568709463,1516.0
2023-10-01,구로구,10,1516.0,1481.0,2464.0,97,204,422341.7156833333,380627.21934666665,399833.5917233333,63627.76240666666,415940.1059566667,432305.5808666666,406977.85237333336,184765.46310666663,62841.60471,0.003238530253060047,1367.7664233697599,1482.0
2023-11-01,구로구,11,1482.0,1434.0,2431.0,97,204,420397.7453870968,377520.9078774193,393466.1283741935,63568.88791612903,412541.6050193549,429573.6523096774,401543.0085322581,179082.3378354839,59301.93222580645,0.003238530253060047,1361.4708167543479,1465.0
2023-12-01,구로구,12,1465.0,1482.0,2619.0,97,204,423552.11562,383421.29376,401037.67281,64690.21825666667,417147.48438333336,431884.6408,408181.0006766667,191232.49262666664,65458.59669666667,0.003238530253060047,1371.6863401829569,1562.0
2024-01-01,구로구,1,1562.0,1415.0,2381.0,65,246,432806.48359677417,389358.61441290326,412404.222816129,63759.44350967742,426951.9046967742,440788.44162903226,418755.4942354839,187183.88615806453,65478.41834193548,0.003238530253060047,1401.6568908486902,1443.0
2024-02-01,구로구,2,1443.0,1263.0,2160.0,65,246,427151.240267742,384805.7522548387,404513.5334451613,61949.02140967741,420901.3448483871,436066.90404193546,412151.4912612903,179159.24388387095,60678.73801290322,0.003238530253060047,1383.3422142392035,1263.0
2024-03-01,구로구,3,1263.0,1392.0,2350.0,65,246,431296.1589551724,386339.6017655172,410126.6372275862,64058.5019137931,425250.9092275862,437367.14381379314,416787.5596137931,184707.5666724138,62732.61936551724,0.003238530253060047,1396.7656588049208,1197.0
2024-04-01,구로구,4,1197.0,1411.0,2394.0,65,246,428787.0521129032,388644.613883871,406982.9396,62476.205429032256,422699.8545451613,436961.2289741936,414177.7779451613,181899.29102903223,61472.94175483871,0.003238530253060047,1388.6398403880721,1288.0
2024-05-01,구로구,5,1288.0,1500.0,2617.0,65,246,423413.1917233334,383166.9050466667,398758.41057666665,67906.39063666666,416413.5788166666,431178.5536766667,406614.12076,192261.70144,62686.08998,0.003238530253060047,1371.2364309407292,1267.0
2024-06-01,구로구,6,1267.0,1433.0,2434.0,65,246,421177.4669354839,380060.2877548387,396175.3472935484,69191.89804838708,414101.724267742,430456.677583871,404195.6845193549,189396.01912258065,60624.17379354839,0.003238530253060047,1363.9959685777624,1311.0
2024-07-01,구로구,7,1311.0,1685.0,2842.0,65,246,421788.8841166666,382241.48583,400964.9314266667,70546.93859333334,415974.06809666666,429443.0889933333,407833.32569333335,194731.58281666663,63218.61815333333,0.003238530253060047,1365.9760616162632,1477.0
2024-08-01,구로구,8,1477.0,1645.0,2763.0,65,246,425959.1750419355,384706.153683871,406050.7157580645,69327.82828387097,420777.34605483874,434826.7217354839,413522.7855225806,194197.26356774196,63462.12563225807,0.003238530253060047,1379.4816749418085,1426.0
2024-09-01,구로구,9,1426.0,1516.0,2558.0,65,246,422590.314683871,381610.5717,401313.7750354839,69950.3243483871,416673.88947096776,430034.9739580645,408390.8941935484,192438.6527258065,62650.17595806452,0.003238530253060047,1368.5715187538817,1160.0
2024-10-01,구로구,10,1160.0,1482.0,2501.0,65,246,417444.5402766667,377938.1634033333,397961.66929333337,69546.33278,411882.93624,424485.35917666665,404096.6906,191010.81562,62704.26104,0.003238530253060047,1351.9067726607284,1108.0
2024-11-01,구로구,11,1108.0,1465.0,2352.0,65,246,418733.4135709678,378628.59578387096,395084.87628064514,69012.18151290323,411528.25950322585,425800.74244193546,401441.0437967742,187989.11390967743,60503.15666129032,0.003238530253060047,1356.0808278166837,1165.0
2024-12-01,구로구,12,1165.0,1562.0,2540.0,65,246,423943.99389333336,384845.29768666666,403411.0725366667,70952.38999000001,418220.38810333336,432121.50235666666,410207.33997,201744.07857333336,67243.31237666667,0.003238530253060047,1372.9554498266639,1208.0
2025-01-01,구로구,1,1208.0,1443.0,2302.0,78,322,426671.7806870968,389186.8399709678,409966.92984516127,69723.03594516129,422938.36468709673,437712.01611935487,417711.5822870968,199617.93957419356,67917.01003548388,0.003238530253060047,1381.7894698821647,1208.0
2025-02-01,구로구,2,1208.0,1263.0,2112.0,78,322,428267.9900516129,386475.3416225806,412038.4952483871,69597.61981612904,424438.3461419355,437773.4755225807,419076.8446451613,191525.70533225805,63742.989129032256,0.003238530253060047,1386.9588421993676,1026.0
2025-03-01,구로구,3,1026.0,1197.0,2117.0,78,322,426138.75842142856,385096.5395428572,408187.7736,69704.298225,421121.87602142856,432043.01908571424,414098.2406928571,191977.44678571427,61385.26406071428,0.003238530253060047,1380.0632611492433,1107.0
2025-04-01,구로구,4,1107.0,1288.0,2329.0,78,322,422306.1146612904,384027.5149806452,403934.1789258065,68203.11326129032,417212.4238064516,428343.66374516126,410081.2566032258,190458.49112258063,61728.28733870968,0.003238530253060047,1367.6511283828343,1087.0
2025-05-01,구로구,5,1087.0,1267.0,2308.0,78,322,419625.9092433333,381608.4655766666,398971.24138,74730.27318,414014.59817,425582.8996733333,406158.76264,205109.3777,64958.83655,0.003238530253060047,1358.9712020523648,1194.0
2025-06-01,구로구,6,1194.0,1311.0,2429.0,78,322,414542.2619483871,376567.5519806452,393710.3737258065,70226.97359677419,408872.7802806452,422938.8428870968,400935.5059580645,191457.91564838708,61592.32791935484,0.003238530253060047,1342.5076564917945,1128.0
2025-07-01,구로구,7,1128.0,1477.0,2593.0,78,322,414763.6266,377749.32686,397530.21159,74672.58368,410219.48661666666,421938.87408,403857.6906266667,198996.3497033333,61977.12984,0.003238530253060047,1343.224552613001,1260.0
2025-08-01,구로구,8,1260.0,1426.0,2664.0,78,322,415246.82826451614,375915.02847419353,396602.6898741935,73888.84548709677,410386.326416129,423227.6557258065,403581.6238,198092.46901612903,62076.73720967742,0.003238530253060047,1344.7894158218653,1276.0
2025-09-01,구로구,9,1276.0,1160.0,2190.0,78,322,412119.5914645161,373055.6711741935,393376.5425580645,74409.14682580644,407192.9130258064,420123.5261483871,400295.56322903227,195788.1823645161,61165.718448387095,0.003238530253060047,1334.6617648365827,1295.0
2025-10-01,구로구,10,1295.0,1108.0,2157.0,78,322,414712.43754666665,378128.27928666666,397724.83808,74952.55771333333,410125.08270333335,422479.0166433333,403702.7859433333,203853.4124633333,64488.62990333333,0.003238530253060047,1343.0587753151553,1269.0
2025-11-01,구로구,11,1269.0,1165.0,2130.0,78,322,405545.379316129,366247.6506354839,385848.6410580645,71606.67528387097,400099.1441225807,413235.3838258065,392474.4148612903,189726.39432903225,60231.0992,0.003238530253060047,1313.3709799039962,1213.0
2025-12-01,구로구,12,1213.0,1208.0,2319.0,78,322,409999.4793966666,372336.45737,392155.18177,72353.78082,405301.84392666665,417510.34481,398725.15424,196927.89704333333,62925.7532,0.003238530253060047,1327.7957177649741,1270.0
2023-02-01,금천구,2,556.0,431.0,880.0,119,251,229639.24117741932,220263.95922903228,223095.72669032257,39706.10423870968,240312.57921612903,260376.26545483872,255255.25248064517,139493.62568064514,54226.58014516129,0.0027818982971628656,638.8330139932355,519.0
2023-03-01,금천구,3,519.0,432.0,1185.0,119,251,231191.39635357144,223072.8897607143,223509.085825,39093.86799642857,242600.05121785717,264492.4760785714,258572.1680392857,141430.0673392857,55042.82672857143,0.0027818982971628656,643.1509518347056,607.0
2023-04-01,금천구,4,607.0,512.0,983.0,119,251,226735.81550967743,219637.84658387097,219060.17271935483,35932.28758064516,237728.3722,258667.41932580643,253117.9515483871,133278.9106096774,51838.96306451613,0.0027818982971628656,630.7559790722053,626.0
2023-05-01,금천구,5,626.0,528.0,984.0,119,251,224565.0671533333,215792.12537,216564.39300666665,36064.9373,234357.3082633333,254496.72552333336,248066.44583666665,134809.85794666669,52979.963910000006,0.0027818982971628656,624.7171779161225,757.0
2023-06-01,금천구,6,757.0,583.0,996.0,119,251,223598.5324483871,215566.41972580645,216505.0030806452,35769.5878967742,233522.59482258064,252609.85210967745,247416.2821516129,134185.18241935482,51958.01887741936,0.0027818982971628656,622.0283766662837,647.0
2023-07-01,금천구,7,647.0,582.0,1160.0,119,251,225468.93876666663,217545.02732666663,217530.29438666668,36989.20937333334,235657.80797,256485.82675666668,249922.22484666668,136513.63087666666,52469.40808333333,0.0027818982971628656,627.2316568181083,734.0
2023-08-01,금천구,8,734.0,706.0,1426.0,119,251,226157.5906548387,217013.9560032258,218386.26912903227,35860.14283548387,236621.4654870968,257489.23991935485,251270.89026129036,131958.53301612905,51359.91065483871,0.0027818982971628656,629.1474163331523,772.0
2023-09-01,금천구,9,772.0,634.0,1207.0,119,251,223154.60985161288,214354.69663548388,215061.80106129032,35876.488064516125,233367.3317580645,254454.31197419355,247665.1424129032,131717.3073419355,50969.70433225807,0.0027818982971628656,620.7934291502455,706.0
2023-10-01,금천구,10,706.0,579.0,1094.0,119,251,221344.37770666665,212309.97943666668,212514.51483666667,34929.02729,230257.95803,249651.15947,242736.97050333332,128271.13289333334,50018.87632,0.0027818982971628656,615.7575474287501,659.0
2023-11-01,금천구,11,659.0,653.0,1173.0,119,251,220098.93660645164,210272.4249806452,211042.2534032258,34585.0981483871,228078.39080967745,247129.4032,239249.6267,124775.19330967742,48196.668280645164,0.0027818982971628656,612.2928569528453,645.0
2023-12-01,금천구,12,645.0,635.0,1229.0,119,251,223725.61634,216921.50440666667,215998.8301733333,34900.64227,234494.11611,256146.4393633333,249570.01579333327,136466.46871333334,55095.440896666674,0.0027818982971628656,622.3819111279586,692.0
2024-01-01,금천구,1,692.0,556.0,1050.0,73,179,227118.10456774195,216938.3874419355,218965.8816870968,34134.25282903226,236172.7679967742,256122.57915806453,248849.2968129032,129491.28353870969,52276.33712258065,0.0027818982971628656,631.819468351859,636.0
2024-02-01,금천구,2,636.0,519.0,971.0,73,179,227896.1591419355,219639.9181870968,219259.1849806452,33510.30678387097,238123.28977419357,258946.29132580647,252441.2726709677,129565.8532064516,52161.48515483871,0.0027818982971628656,633.9839370469077,541.0
2024-03-01,금천구,3,541.0,607.0,1098.0,73,179,227833.4597862069,218165.66350344828,219606.10950344827,34556.390548275864,238069.70086206897,258846.89996551725,252400.4383724138,131071.9294275862,52682.12089310345,0.0027818982971628656,633.8095138159732,544.0
2024-04-01,금천구,4,544.0,626.0,1163.0,73,179,226943.38506129032,218012.5217,218188.24566774192,33824.66641612903,235521.5647451613,255061.31398387096,247531.0162967742,125336.97923548389,49364.10715483871,0.0027818982971628656,631.3334164543801,560.0
2024-05-01,금천구,5,560.0,757.0,1341.0,73,179,224777.0603133333,216754.57008333327,215993.57899,36886.46317666666,233935.12337,254387.51933,246756.41167666667,135083.52598333333,52420.31596666667,0.0027818982971628656,625.3069213269366,595.0
2024-06-01,금천구,6,595.0,647.0,1145.0,73,179,223194.90172258063,214630.22932903224,214924.10917419355,38070.90736774194,231733.59533870968,251041.96128387097,243687.76640967745,132444.2396967742,50081.10600645161,0.0027818982971628656,620.9055170374802,620.0
2024-07-01,금천구,7,620.0,734.0,1265.0,73,179,222712.63821333327,213823.17566333333,214593.98085666663,38338.08482333333,231097.85331,250283.24559333333,242837.15445666667,133254.04211333333,50941.32285333333,0.0027818982971628656,619.5639090023211,630.0
2024-08-01,금천구,8,630.0,772.0,1350.0,73,179,227099.6761935484,219839.87931290324,219436.04097419357,37757.88220645161,238442.4369064516,261142.26054838707,254322.30193548388,140178.73148709678,55393.10061612904,0.0027818982971628656,631.7682024890704,669.0
2024-09-01,금천구,9,669.0,706.0,1192.0,73,179,224678.93166451613,215080.5078451613,216811.40966129032,37704.52333870968,233325.76889677416,253330.98622258063,245431.3410322581,133741.56757419356,51981.623325806446,0.0027818982971628656,625.0339374058892,556.0
2024-10-01,금천구,10,556.0,659.0,1101.0,73,179,220533.6102,210519.79362666665,212693.22909666665,36854.59247333333,228056.98249,245935.65806,238589.70369,128574.44777,49927.16814,0.0027818982971628656,613.5020746825592,533.0
2024-11-01,금천구,11,533.0,645.0,1101.0,73,179,221413.9027870968,212130.24859032256,213104.5064322581,37129.80075483871,229143.5319064516,247820.15931935483,239965.0127032258,129118.47958064516,49510.240403225805,0.0027818982971628656,615.9509591316089,537.0
2024-12-01,금천구,12,537.0,692.0,1158.0,73,179,222780.19926666663,214496.14765333332,215206.1121133333,37882.71327666667,231500.47344666667,251248.43764666663,243708.85729666665,137196.97138,53477.67838666667,0.0027818982971628656,619.7518569815438,600.0
2025-01-01,금천구,1,600.0,636.0,1063.0,60,134,223313.4795806452,214625.4208516129,216459.28343548387,37325.065035483865,231806.42872580644,250593.1557709677,243696.55752258067,132310.61528387095,51819.71407096774,0.0027818982971628656,621.2353885789112,560.0
2025-02-01,금천구,2,560.0,541.0,970.0,60,134,223492.1446419355,212480.95176774196,217500.03693225805,37018.480606451616,231614.76416129037,249408.4969387097,242986.43151935484,126644.06306774194,49132.11915483871,0.0027818982971628656,621.7324166086772,532.0
2025-03-01,금천구,3,532.0,544.0,1007.0,60,134,226637.83397857143,218140.83354642856,219849.28202142852,37933.9497,236698.22055714283,257405.87721785717,250782.761775,134618.0912392857,51873.816432142856,0.0027818982971628656,630.4834044176681,535.0
2025-04-01,금천구,4,535.0,560.0,1028.0,60,134,222172.8031516129,213599.20503870968,215153.32126129037,37717.59177096774,230506.42647741936,248545.9426483871,242173.49912258063,128818.34051935484,48796.97812580645,0.0027818982971628656,618.0621427633724,525.0
2025-05-01,금천구,5,525.0,595.0,1057.0,60,134,222171.17059,214665.28321,215019.49784333332,40897.04810333333,231312.38750666665,250665.15065666664,244110.09119333333,142456.63414666665,53579.78442,0.0027818982971628656,618.0576011430015,569.0
2025-06-01,금천구,6,569.0,620.0,1095.0,60,134,218762.84958387096,209591.6516064516,210694.76861612903,39250.15073548388,225960.9541064516,243647.87638387096,236038.3004774193,128849.7404,47408.33807741936,0.0027818982971628656,608.5759987398667,551.0
2025-07-01,금천구,7,551.0,630.0,1190.0,60,134,219735.94796,211056.29139,212032.89840333333,41331.64084666666,227715.8461333333,246756.8634333333,238887.70360333333,134675.33730333333,49347.37210666667,0.0027818982971628656,611.283059455392,662.0
2025-08-01,금천구,8,662.0,669.0,1351.0,60,134,220150.0037870968,213030.6021580645,213221.93617419357,40256.80806774194,230509.3581548387,252272.0111129032,245012.45430967744,139189.99990322578,51989.92094516129,0.0027818982971628656,612.434920655723,605.0
2025-09-01,금천구,9,605.0,556.0,1052.0,60,134,217258.4341,207939.0634,209789.18778064515,39601.221122580646,225388.24338387095,245107.57534516128,236769.976383871,131793.3014870968,48411.5151516129,0.0027818982971628656,604.3908678670607,584.0
2025-10-01,금천구,10,584.0,533.0,1007.0,60,134,217107.99343333332,210315.3735233333,210302.37525,39543.52423333333,226566.08216666663,247011.4118166667,239807.40636666663,138167.72696333335,52003.4279,0.0027818982971628656,603.9723572326366,575.0
2025-11-01,금천구,11,575.0,537.0,1005.0,60,134,211363.70871935485,201480.5202806452,204061.98011935485,37408.33660322581,218289.0108,235172.7057935484,227984.43368709675,125429.59624516129,46929.87301612903,0.0027818982971628656,587.9923413684012,588.0
2025-12-01,금천구,12,588.0,600.0,1097.0,60,134,215513.0432533333,207243.89593,207941.12578333332,38309.95634333333,223425.23554,241834.05966666667,234502.30476,130988.00505333333,49060.45815,0.0027818982971628656,599.5353680428349,643.0
2018-05-01,노원구,5,1455.0,1523.0,2211.0,467,663,567941.4091384615,536820.9033807692,497666.88556538464,142836.92629615383,542736.2670576924,585009.8318730769,507449.0681269231,252418.08297307693,39330.92091153847,0.002407325950349878,1367.2200924972956,1532.0
2018-06-01,노원구,6,1532.0,1464.0,2141.0,467,663,557352.0542258065,528426.7203290323,490534.21493225807,142970.8302612903,534368.7158967742,576657.8304419356,500472.11370322586,251324.93122258064,39538.44420645161,0.002407325950349878,1341.7280636185963,1598.0
2018-07-01,노원구,7,1598.0,1565.0,2329.0,467,663,558908.68697,529824.3877266666,494293.49726333335,136355.21233666668,535636.59989,574979.0645733332,503055.67801,238461.26477333333,37272.310483333335,0.002407325950349878,1345.4753860188578,1564.0
2018-08-01,노원구,8,1564.0,1568.0,2274.0,467,663,552728.4960483871,521646.6818612904,483880.1473451613,136337.14967096774,527696.9902903226,569551.7624580645,492652.8822,234350.8133387097,36804.286045161294,0.002407325950349878,1330.5976520351423,1617.0
2018-09-01,노원구,9,1617.0,1519.0,2223.0,467,663,546448.9238193549,518417.11633870966,483122.7395838709,136932.93915483874,524253.71657741937,562550.306367742,491502.56714193546,235038.43505483872,36469.20830967742,0.002407325950349878,1315.4806748510964,1471.0
2018-10-01,노원구,10,1471.0,1507.0,2239.0,467,663,556091.98827,529296.1011933334,497481.2381866667,128182.13349,535225.8355133333,571285.9840366667,506013.2216733333,237015.42196,43673.51901333334,0.002407325950349878,1338.6946741440308,1419.0
2018-11-01,노원구,11,1419.0,1422.0,2082.0,467,663,558723.8714419354,530887.3192741936,494407.1811967742,129475.8718,536786.8520419354,573506.8751935484,504325.7236709677,233854.00883870968,38614.92324516129,0.002407325950349878,1345.0304748021201,1374.0
2018-12-01,노원구,12,1374.0,1626.0,2346.0,467,663,559221.4914466667,529754.7225366667,494349.8359366666,130791.60795,535976.3154333333,575000.49451,503433.06903666665,239417.0120833333,41086.10922,0.002407325950349878,1346.228408352923,1497.0
2019-01-01,노원구,1,1497.0,1748.0,2455.0,235,464,560066.1664387097,533256.7235548387,501708.3325387096,127410.6798,539463.3939967742,572701.5524612903,510619.5126096774,229246.1645580645,39252.26099354839,0.002407325950349878,1348.2618163808797,1349.0
2019-02-01,노원구,2,1349.0,1354.0,1901.0,235,464,556328.7558741936,526733.2918419355,490892.6099741936,133910.6050580645,533047.2507096775,569382.5510612903,500453.1434483871,234004.50493548383,38183.40914516129,0.002407325950349878,1339.2646509418084,1261.0
2019-03-01,노원구,3,1261.0,1449.0,2062.0,235,464,544273.6443357143,518214.8755035714,487894.5868107143,129856.59300357144,524486.0500821428,557904.3162821429,496783.4181678572,231426.67591785712,40556.05013928572,0.002407325950349878,1310.2440681008648,1440.0
2019-04-01,노원구,4,1440.0,1455.0,2053.0,235,464,559886.272583871,533508.3710064517,503922.98387096776,122930.44662903225,540061.4991741935,571026.1793161291,512306.8163806452,229386.6746709677,43061.6541483871,0.002407325950349878,1347.828753235818,1449.0
2019-05-01,노원구,5,1449.0,1532.0,2186.0,235,464,551493.5723133334,523176.93169,490093.27845,135652.67555333333,529692.61298,563748.5857966667,499171.2699,247150.40674,40604.8536,0.002407325950349878,1327.6247880810445,1496.0
2019-06-01,노원구,6,1496.0,1598.0,2239.0,235,464,530518.0924645162,502939.0227870968,471219.8611032258,123355.30897741936,509540.9963677419,543366.3243387096,480173.0618258065,226205.2848548387,38760.16628064517,0.002407325950349878,1277.1299711199458,1479.0
2019-07-01,노원구,7,1479.0,1564.0,2316.0,235,464,529518.1184833334,503524.29194666666,473978.4564233333,118769.56768,509867.7568833333,541897.9077233333,482357.25064333336,214330.5706,36178.887603333336,0.002407325950349878,1274.7227078053697,1532.0
2019-08-01,노원구,8,1532.0,1617.0,2423.0,235,464,518055.60352258064,489703.8171935484,456251.5201064516,109317.92650967742,495784.2181548387,532355.2575709678,464604.2786645161,195425.9466935484,33519.08247096774,0.002407325950349878,1247.128698084076,1530.0
2019-09-01,노원구,9,1530.0,1471.0,2207.0,235,464,541009.4035677419,512508.42229677417,479065.3062322581,119591.29718064515,518702.3919774194,555615.667951613,487472.57577096776,210107.74318064516,35330.92149354839,0.002407325950349878,1302.3859765919349,1509.0
2019-10-01,노원구,10,1509.0,1419.0,2059.0,235,464,553537.1404133333,526120.2366333333,495900.6633833333,127105.03072333332,532819.3536800001,568826.2973433334,503814.45228666667,232879.11764,43830.70133,0.002407325950349878,1332.5443225994813,1478.0
2019-11-01,노원구,11,1478.0,1374.0,1974.0,235,464,559975.2072048386,528372.8399080645,491076.3137774193,126707.48075,535060.2785112903,575499.5699129032,500179.3782951613,229499.07121774196,39539.406701612905,0.002407325950349878,1348.042847856758,1399.0
2019-12-01,노원구,12,1399.0,1497.0,2125.0,235,464,562309.2449633334,532552.7597533333,498559.50237,124608.71482666668,539384.6365533334,577695.8300800001,507290.1848033333,226152.25107333332,40676.32249333333,0.002407325950349878,1353.6616375218787,1458.0
2020-01-01,노원구,1,1458.0,1349.0,1954.0,234,277,565149.2208032259,536563.7108612903,503686.5460580645,130392.17052903226,543126.2376483871,580053.542667742,512294.0612419355,233816.2892064516,40863.618061290326,0.002407325950349878,1360.4983850596186,1445.0
2020-02-01,노원구,2,1445.0,1261.0,1834.0,234,277,561592.7632387097,532694.1267258065,498414.2189580645,128534.71303548387,539183.4734387096,576883.2178096775,507810.4677354839,228331.04014838708,40832.428787096775,0.002407325950349878,1351.9368324732407,1160.0
2020-03-01,노원구,3,1160.0,1440.0,2085.0,234,277,568569.3235724138,539839.4772551723,507102.2598172414,129007.12760344829,546464.9490724138,581069.3532965517,515518.8247862069,217430.1136896552,34138.21157241379,0.002407325950349878,1368.731687208748,1048.0
2020-04-01,노원구,4,1048.0,1449.0,2048.0,234,277,567108.9665032258,538125.5851354839,505792.4974516129,123061.62424193548,545250.9242225806,578935.6347935484,514649.6650322581,202835.2200709677,29841.656777419357,0.002407325950349878,1365.2161317393152,1042.0
2020-05-01,노원구,5,1042.0,1496.0,2182.0,234,277,563962.11763,534866.5076199999,500920.1634566666,128011.18613333332,541621.2132766667,576785.2944233333,510343.9471666667,213727.93362,32116.128416666663,0.002407325950349878,1357.6406407849693,1092.0
2020-06-01,노원구,6,1092.0,1479.0,2099.0,234,277,556950.2546451613,529121.2102129032,496379.9357645161,126921.84662903228,535520.5980322581,570393.6638225806,505519.07877741934,215806.1031064516,34389.9720483871,0.002407325950349878,1340.7608010612694,1112.0
2020-07-01,노원구,7,1112.0,1532.0,2226.0,234,277,553222.7991633334,524464.3529233333,492199.9714466667,126392.19551,531075.91065,567364.3828466666,500070.26674,217875.44769333332,34874.49220666667,0.002407325950349878,1331.787600751091,1241.0
2020-08-01,노원구,8,1241.0,1530.0,2236.0,234,277,548274.5981516129,519700.4159,486471.49666451616,123775.38194516128,525933.9688870967,562816.6591516129,494657.0879064516,213247.7599741936,33687.69020645161,0.002407325950349878,1319.875668048029,1170.0
2020-09-01,노원구,9,1170.0,1509.0,2145.0,234,277,544495.8826032258,518293.7415548387,490134.8237516129,121344.96375483873,524910.5199774194,557776.2668548387,497491.0122870968,205273.8083096774,31730.97894516129,0.002407325950349878,1310.779068049406,1042.0
2020-10-01,노원구,10,1042.0,1478.0,2144.0,234,277,551075.9335633334,523431.2104133333,492491.46031,119365.45214333334,529975.11361,564652.2831266667,500433.9656966666,203812.91808,32184.26022333333,0.002407325950349878,1326.6193954802977,1185.0
2020-11-01,노원구,11,1185.0,1399.0,2019.0,234,277,548324.8278483871,521086.5639612903,489518.24734193546,123603.4813516129,527490.4269354838,562207.0681774194,498322.26564193546,217273.9725548387,36794.46777741936,0.002407325950349878,1319.9965873005515,1084.0
2020-12-01,노원구,12,1084.0,1458.0,2068.0,234,277,546403.6100666667,519203.78576,487767.0964133333,123226.95173333334,525454.4487766667,560107.2632899999,496125.6229633333,213960.5145733333,34614.37573666666,0.002407325950349878,1315.3715898783425,978.0
2021-01-01,노원구,1,978.0,1445.0,2078.0,140,160,547283.6401161291,522434.3127709678,495739.9374709677,116219.25207096772,528956.3267258065,558096.0889806452,503298.0879935484,195774.8406612903,30147.38664516129,0.002407325950349878,1317.4901090535009,1031.0
2021-02-01,노원구,2,1031.0,1160.0,1859.0,140,160,544441.9809999999,520403.3877806452,493377.8747741936,120442.89371290324,526353.2837,554993.5225741935,501029.10746774194,201071.41697419356,31032.70101935484,0.002407325950349878,1310.649309321195,900.0
2021-03-01,노원구,3,900.0,1048.0,1781.0,140,160,539912.4301714286,514716.3796857143,485015.2550785714,122131.027875,520482.14055,552150.5800642857,493279.7350892857,209270.291675,34634.720603571426,0.002407325950349878,1299.7452040681464,972.0
2021-04-01,노원구,4,972.0,1042.0,1680.0,140,160,544736.878583871,518021.5653451613,487334.548216129,120232.53887741936,524110.7567419355,557845.4103774194,495234.1861548387,210960.18982580645,36973.88920322581,0.002407325950349878,1311.359223927543,1069.0
2021-05-01,노원구,5,1069.0,1092.0,1857.0,140,160,540355.4010366666,512963.2237,481688.65329,127279.43722333334,519253.2687266666,553691.8589100001,489710.2834633334,219664.86034333333,34678.244763333336,0.002407325950349878,1300.8115793272827,1165.0
2021-06-01,노원구,6,1165.0,1112.0,1911.0,140,160,537030.1952645162,510938.9816774193,481566.7788935484,122624.92200967742,517289.48085483874,550650.3117709678,489652.48070322577,211577.5077645161,34214.63236129032,0.002407325950349878,1292.806725181732,1251.0
2021-07-01,노원구,7,1251.0,1241.0,1879.0,140,160,535047.2539633333,507629.41402,477131.06274666666,124118.20106,514232.82799,548444.41937,485092.63162,213398.31711333332,34156.38107333333,0.002407325950349878,1288.033139129374,1165.0
2021-08-01,노원구,8,1165.0,1170.0,2056.0,140,160,528475.3787967742,502290.57995161286,473118.9761322581,117817.4203096774,508596.5115064516,541332.6387709677,480766.0972967742,200133.97267096772,31499.114283870967,0.002407325950349878,1272.212493498456,1210.0
2021-09-01,노원구,9,1210.0,1042.0,1817.0,140,160,525595.9221677419,499907.23962903226,470747.61156451615,116796.13695806453,506099.2405225806,537896.1619,478803.8862129033,198722.00653870968,31498.28405483871,0.002407325950349878,1265.2807028324798,1147.0
2021-10-01,노원구,10,1147.0,1185.0,1934.0,140,160,528414.5991133334,503042.70244,475223.1480066666,117119.48375,509434.65807,541018.4026766666,482862.74063666665,207273.78812,36675.89842666667,0.002407325950349878,1272.066176989255,1074.0
2021-11-01,노원구,11,1074.0,1084.0,1794.0,140,160,528717.8152677419,502928.243,473061.8758516129,116904.4297451613,509177.8234129032,541445.4029354838,481821.8348419355,204263.58882580645,33834.422238709674,0.002407325950349878,1272.796117106328,1077.0
2021-12-01,노원구,12,1077.0,978.0,1674.0,140,160,527982.2412166666,500412.7706633333,469226.8053733333,118285.24895666666,506959.16338,541316.9644933332,477526.8544333333,208832.11905666668,35252.08902333333,0.002407325950349878,1271.0253506047704,973.0
2022-01-01,노원구,1,973.0,1031.0,1738.0,140,109,529965.7302,504082.2820967742,476230.01642903226,114650.19721290322,510692.3183129032,541793.5470419355,483709.54168064514,201222.1764129032,33984.39496129032,0.002407325950349878,1275.800255106582,1120.0
2022-02-01,노원구,2,1120.0,900.0,1585.0,140,109,525487.3151064516,499745.0827064516,471023.1691935484,111878.2329967742,506245.1637354839,536946.3339612903,479306.1518193548,197451.9673193548,34579.386600000005,0.002407325950349878,1265.0192502354444,1097.0
2022-03-01,노원구,3,1097.0,972.0,1668.0,140,109,527722.5382071428,503069.0176285714,476681.8688464286,111648.88471428573,509653.5070142857,539244.6846964286,484356.8633392857,195927.4438285714,34458.759346428575,0.002407325950349878,1270.4001608105598,1192.0
2022-04-01,노원구,4,1192.0,1069.0,1815.0,140,109,531385.0548741935,508018.0794516129,484406.21111290326,108009.767,514731.853116129,541980.639183871,491417.3706516129,195090.4784129032,36031.15570645161,0.002407325950349878,1279.2170322267398,1216.0
2022-05-01,노원구,5,1216.0,1165.0,2017.0,140,109,525361.01087,499479.9933833333,470959.58514,114738.02523666668,506031.91022666666,538586.2663333333,478971.1693333333,208032.96579666663,35805.30347333333,0.002407325950349878,1264.7151947693953,1288.0
2022-06-01,노원구,6,1288.0,1251.0,2146.0,140,109,529825.3635387097,502437.00003870967,473178.2590032258,114166.32128709678,509389.3920064516,545506.3469290322,480779.0318580645,210748.04510645164,37901.306670967744,0.002407325950349878,1275.462346800294,1240.0
2022-07-01,노원구,7,1240.0,1165.0,2031.0,140,109,533927.1123133333,506021.8423433333,474277.61349666666,114934.70197,512803.0785566667,549347.3642366666,483229.4313033334,205615.9151233333,35467.48849333333,0.002407325950349878,1285.3365930672612,1388.0
2022-08-01,노원구,8,1388.0,1210.0,2025.0,140,109,516267.9538193548,488849.5525064516,457595.1862129032,109849.09997096776,495306.84894516127,530988.1695967742,465961.302116129,194035.5918548387,33769.272848387096,0.002407325950349878,1242.8252425633652,1481.0
2022-09-01,노원구,9,1481.0,1147.0,1965.0,140,109,508806.3144064516,481432.69103870966,449857.5205935484,108824.6776,487785.7384032258,522604.0846935485,458356.932016129,190367.4350096774,32477.23181612903,0.002407325950349878,1224.8626443725298,1300.0
2022-10-01,노원구,10,1300.0,1074.0,1899.0,140,109,514607.9192666666,488355.78394000005,460584.6924433333,106648.71421666667,495219.69613,529023.1059033333,468076.18372333335,201398.50388,40286.89626,0.002407325950349878,1238.8289983062014,1325.0
2022-11-01,노원구,11,1325.0,1077.0,1951.0,140,109,515471.5139419355,489132.13763225806,458939.5648741935,104019.5106870968,495579.3516322581,529343.8318419355,467730.32440322585,191772.72233548388,35196.18802903226,0.002407325950349878,1240.9079521785602,1293.0
2022-12-01,노원구,12,1293.0,973.0,1898.0,140,109,515669.3607,488930.76546,458591.1860466666,105614.69302666667,495298.6690833333,529229.5453733334,466779.7008233333,196825.52977,36706.799256666665,0.002407325950349878,1241.3842338134416,1407.0
2023-01-01,노원구,1,1407.0,1120.0,2032.0,104,218,517067.4362967742,491126.35561612906,463060.4649483871,102975.13759354838,497729.1806709677,530024.7928451613,470655.6227967742,188557.13757096772,35094.864906451614,0.002407325950349878,1244.7498574781068,1302.0
2023-02-01,노원구,2,1302.0,1097.0,2049.0,104,218,511292.2111,485491.9997096774,456704.82341935486,102049.74646451612,491995.74777741934,524626.558983871,464980.6991483871,185094.88516129032,35452.00305483871,0.002407325950349878,1230.847007992798,1135.0
2023-03-01,노원구,3,1135.0,1192.0,2472.0,104,218,514630.9313714286,486993.7011,454848.9170357143,103823.15668928572,493488.0296821428,527862.0646892857,463887.96733214287,190482.8516035714,37253.94266785714,0.002407325950349878,1238.8843959431672,1316.0
2023-04-01,노원구,4,1316.0,1216.0,2141.0,104,218,517371.34653870965,491461.42486774194,463661.4871741936,100915.12666451612,498191.8326419354,530171.9311096774,471340.5132,195423.89902580643,40986.27136774194,0.002407325950349878,1245.4814684900953,1326.0
2023-05-01,노원구,5,1326.0,1288.0,2157.0,104,218,512999.56054333335,486956.8561,458230.44189666666,107205.77539333332,493423.15727333335,526455.5719933334,466016.1927033333,201175.00139,37914.25035666666,0.002407325950349878,1234.9571546140496,1536.0
2023-06-01,노원구,6,1536.0,1240.0,2034.0,104,218,508819.8922709677,482916.6175354839,454338.0200677419,103629.41214193548,489324.9336451613,523157.5082516129,462031.9915645161,196666.90748387095,37586.49168709678,0.002407325950349878,1224.8953307181298,1357.0
2023-07-01,노원구,7,1357.0,1388.0,2242.0,104,218,505564.4553866666,478971.9057866666,448045.0821033333,104992.54816,484995.9543333333,519577.37683666666,456200.05284666666,192529.32044333333,35221.96343,0.002407325950349878,1217.0584330268255,1532.0
2023-08-01,노원구,8,1532.0,1481.0,2441.0,104,218,502446.52413548384,476369.8774193548,445959.66242903227,101226.30168064516,482228.4272838709,516099.83107741934,453923.09169032256,183648.9998870968,34223.967348387094,0.002407325950349878,1209.5525562144464,1541.0
2023-09-01,노원구,9,1541.0,1300.0,2213.0,104,218,498694.7903322581,472533.1139354839,441888.0118290322,102880.82739032258,478359.67423225805,512058.0341903226,449890.5116935484,184421.5311806452,33304.39274193549,0.002407325950349878,1200.5209100711363,1486.0
2023-10-01,노원구,10,1486.0,1325.0,2110.0,104,218,507472.1643266667,482538.8383866666,454861.5429233333,103015.63041666668,488754.2438833333,522305.71003,462549.1552733333,196973.50246666663,40899.71876,0.002407325950349878,1221.6509102638022,1343.0
2023-11-01,노원구,11,1343.0,1293.0,2083.0,104,218,505832.76176774193,479991.3647322581,449793.7482612903,103058.37862258064,486105.5840064516,519459.7484516129,458487.5351451613,190852.51080967745,35997.169535483874,0.002407325950349878,1217.7043339406328,1320.0
2023-12-01,노원구,12,1320.0,1407.0,2336.0,104,218,511034.02683,483881.83414,453739.1339033333,104122.20539333332,490249.58285,527104.25552,461151.36129333335,199520.68176666665,40319.27459,0.002407325950349878,1230.2254742996547,1458.0
2024-01-01,노원구,1,1458.0,1302.0,2110.0,66,191,517875.2286838709,490710.0144193549,461158.9343903226,100684.83624516128,497688.55908387096,536377.4852870968,469427.2216838709,192577.32481612905,41194.03315806452,0.002407325950349878,1246.69447705406,1362.0
2024-02-01,노원구,2,1362.0,1135.0,1908.0,66,191,506778.9981774193,480177.847216129,447674.2135064516,97474.94611935483,486230.1025612903,523353.11480322585,457461.6486967742,181412.07874193543,38113.64762580645,0.002407325950349878,1219.982233404815,1142.0
2024-03-01,노원구,3,1142.0,1316.0,2160.0,66,191,503452.8571793104,477419.8454482759,446273.436124138,99952.08612068964,483276.4653413793,516845.0869586207,455029.5167896552,186566.6065862069,39294.66505862069,0.002407325950349878,1211.9751278655447,1112.0
2024-04-01,노원구,4,1112.0,1326.0,2223.0,66,191,509271.84367741935,484287.8912451613,456623.33853225806,99519.24809354838,490581.8217354839,522079.7853032258,464415.79101290327,194376.4935451613,43730.1026483871,0.002407325950349878,1225.983325067178,1098.0
2024-05-01,노원구,5,1098.0,1536.0,2413.0,66,191,503010.3765633333,476650.6818933334,446315.6891533333,107311.9805,482740.7924233333,517234.8208066666,454363.3746466666,200596.22699333332,38067.17822,0.002407325950349878,1210.9099327961762,1212.0
2024-06-01,노원구,6,1212.0,1357.0,2239.0,66,191,497358.3337612903,472045.5535387097,443228.2961193549,92644.0192967742,478057.6179419354,511395.7783387097,451036.6157838709,178700.07166129033,36128.99912903226,0.002407325950349878,1197.30362348633,1189.0
2024-07-01,노원구,7,1189.0,1532.0,2591.0,66,191,493534.30238666665,468326.80088,439216.21919,93828.38176,474164.35986666667,507353.51559666666,447046.4403333333,175660.43239,34770.51979,0.002407325950349878,1188.0979335232462,1217.0
2024-08-01,노원구,8,1217.0,1541.0,2550.0,66,191,489026.1625387096,462091.7843451613,430051.03332903225,89818.58063225808,467929.3805709678,502712.1839322581,438393.88581935485,166986.00473548388,33409.81036129032,0.002407325950349878,1177.2453714794528,1305.0
2024-09-01,노원구,9,1305.0,1486.0,2388.0,66,191,481567.8335193548,456373.9474580645,427241.0317258065,92222.64395806452,462008.1407064516,495272.5606064517,434624.5707774194,169569.72806451615,33751.75522903226,0.002407325950349878,1159.2907424849127,1098.0
2024-10-01,노원구,10,1098.0,1343.0,2172.0,66,191,486771.33939,463297.83004,438144.29695333337,98277.16856333334,469351.93923,501003.99636333337,444964.77903,188964.8589333333,40943.76747666667,0.002407325950349878,1171.8172772001146,1128.0
2024-11-01,노원구,11,1128.0,1320.0,2125.0,66,191,490623.4009096774,465135.2478580645,435477.38792258064,98367.99767096774,471211.5687645161,503626.7894290323,444035.00378064514,183790.22554193548,36028.1279,0.002407325950349878,1181.0904448587783,1047.0
2024-12-01,노원구,12,1047.0,1458.0,2395.0,66,191,489201.95487,464130.1827433333,436009.9795500001,99259.22568333334,470121.1060933333,502717.76522,443407.9178,190205.4786933333,38632.658363333336,0.002407325950349878,1177.6685609204408,1138.0
2025-01-01,노원구,1,1138.0,1362.0,2268.0,71,156,487923.21715161286,464000.7540451613,436264.3337580645,95935.72267741936,469941.5440741935,501982.4546806452,444767.2017612903,180381.8566806452,36310.355154838704,0.002407325950349878,1174.5902224272763,1168.0
2025-02-01,노원구,2,1168.0,1142.0,1918.0,71,156,485186.57261290326,462001.85644193547,436137.1731903226,93745.49406451613,467875.5537903226,497407.5138193549,443640.12743870966,173582.78200322582,35356.86790322581,0.002407325950349878,1168.0022270123573,960.0
2025-03-01,노원구,3,960.0,1112.0,2106.0,71,156,488259.3197928571,462477.59745,432215.3952107143,95460.02426071429,468330.4255107143,500733.7935571429,440429.97351428575,174426.13011785713,33953.01705,0.002407325950349878,1175.3993310375247,1078.0
2025-04-01,노원구,4,1078.0,1098.0,2071.0,71,156,491496.1624064517,468170.3449258065,442779.4627903226,91444.5989483871,474176.7483,503764.251916129,449929.5685516129,180722.6115096774,40626.62639354839,0.002407325950349878,1183.1914662584293,1031.0
2025-05-01,노원구,5,1031.0,1212.0,2210.0,71,156,488111.36834,463481.4319833333,436055.12984,100403.86413,469354.5221433333,500845.0724033333,443094.9374366666,191608.99772,37244.16593,0.002407325950349878,1175.0431636656697,1169.0
2025-06-01,노원구,6,1169.0,1189.0,2212.0,71,156,482397.55188387097,458466.7487032258,431762.7909580645,96185.27007419354,464445.6970419355,495730.3620806452,439313.1002548387,183394.4935677419,36135.50579032258,0.002407325950349878,1161.2881450352943,1127.0
2025-07-01,노원구,7,1127.0,1217.0,2278.0,71,156,483077.52895,459414.80456666666,433001.4865266666,98876.79043666666,465251.2532400001,495805.93296,440294.46727,183607.8052933333,34884.78751,0.002407325950349878,1162.9250714722293,1186.0
2025-08-01,노원구,8,1186.0,1305.0,2463.0,71,156,477324.3152258064,451429.5738225806,420829.7869741935,96353.6294516129,457055.8478193548,490672.8236580645,428679.9934548387,176116.10371290322,33507.77554516129,0.002407325950349878,1149.075210776069,1185.0
2025-09-01,노원구,9,1185.0,1098.0,2088.0,71,156,473681.2671612904,449524.5009612903,421270.622583871,97736.29232580644,455027.1897516129,486293.54651612905,428911.4813548387,177418.48354193548,33431.59639677419,0.002407325950349878,1140.3052066319879,1197.0
2025-10-01,노원구,10,1197.0,1128.0,2108.0,71,156,482177.5927233333,457829.9870233333,431244.3389433333,98444.70922,463790.56312666665,494959.49248,438048.7217,191821.07213,40460.00741333333,0.002407325950349878,1160.7586316401146,1174.0
2025-11-01,노원구,11,1174.0,1047.0,1876.0,71,156,475298.33101935487,451802.0549225807,425755.8642903226,93574.12688709676,457763.1833612903,490100.0507903226,433213.9766774194,180078.3164419355,37363.18370967742,0.002407325950349878,1144.1980064208792,1200.0
2025-12-01,노원구,12,1200.0,1138.0,2042.0,71,156,479352.17956666666,455410.61091333337,428251.4893033333,95039.42633666666,461244.4630733334,492672.00210333336,435893.65999,182182.8530633333,36453.51753333334,0.002407325950349878,1153.9569412276112,1233.0
2018-05-01,도봉구,5,927.0,1029.0,1505.0,234,212,315897.8265192308,295883.41710769234,267935.12887692306,84326.26838846154,299371.6302307692,326285.7626346154,276234.95543076925,152560.6449076923,21620.60758076923,0.003023910513811437,955.2467589016833,995.0
2018-06-01,도봉구,6,995.0,947.0,1371.0,234,212,315828.6634580645,296276.31449677417,267832.9555612903,82889.57219354839,299781.5100967742,327205.33042580646,276371.52242258063,151104.03088064515,21594.62158064516,0.003023910513811437,955.0376159938552,935.0
2018-07-01,도봉구,7,935.0,1038.0,1517.0,234,212,318707.3683533333,299595.4291,273370.5308033333,82749.81146666667,302977.63035,329246.87677,280955.99715,148324.5617033333,20837.08815666667,0.003023910513811437,963.742561992819,969.0
2018-08-01,도봉구,8,969.0,1006.0,1500.0,234,212,317368.4004967742,297745.39188709675,270940.4354032258,82028.58227096774,301176.8347677419,328138.9818903226,278508.6427322581,147130.9555096774,20937.047212903228,0.003023910513811437,959.6936430137142,1074.0
2018-09-01,도봉구,9,1074.0,977.0,1435.0,234,212,313167.83149677416,294085.8803419355,266360.97239677416,85017.62481935484,297396.90340645163,325153.40548709675,274346.1477967742,148466.74411612903,19902.28943548387,0.003023910513811437,946.9914982506239,935.0
2018-10-01,도봉구,10,935.0,920.0,1379.0,234,212,315456.6973,297296.46467,272188.0269233333,81276.00156,300612.65897,326078.3504666667,279831.0053133333,147974.44199000002,22804.23325,0.003023910513811437,953.9128236177019,962.0
2018-11-01,도봉구,11,962.0,953.0,1337.0,234,212,314899.90340645163,295341.9439193549,266256.90480645164,82041.80117096774,298555.5467935484,326907.57758387097,274686.5606451613,145492.58426774194,20294.66906451613,0.003023910513811437,952.2291287089749,874.0
2018-12-01,도봉구,12,874.0,1030.0,1484.0,234,212,314324.09399333334,293869.28031,265362.5828166667,82874.22139666667,297129.5345266667,326473.83308333333,273057.1512833333,147881.91177,21504.448026666665,0.003023910513811437,950.487932570695,989.0
2019-01-01,도봉구,1,989.0,1076.0,1576.0,219,245,319136.07864516124,300595.0375967742,275538.6805709677,81160.64222903225,304172.28818064515,329435.3451548387,283222.9815580645,145220.96217741934,21460.347187096773,0.003023910513811437,965.0389435516566,921.0
2019-02-01,도봉구,2,921.0,865.0,1318.0,219,245,317940.6383258065,298934.9516548387,273190.8800064516,87553.31473870967,302500.84071290324,327620.37852258066,280885.1240709678,151710.2990612903,21199.16531935484,0.003023910513811437,961.4240390013257,857.0
2019-03-01,도봉구,3,857.0,896.0,1355.0,219,245,309672.7381214286,292698.2225035714,270220.84926071425,84811.5077,296268.5845928571,319276.9499285714,277502.76964285714,148567.78950714288,22455.963085714287,0.003023910513811437,936.4226486461637,883.0
2019-04-01,도봉구,4,883.0,927.0,1349.0,219,245,311222.78882258065,292316.95366129035,266345.27302580647,79776.62355483872,295687.3868451613,321357.22950645164,273937.8241129032,139539.9190516129,20084.719703225805,0.003023910513811437,941.1098632583181,882.0
2019-05-01,도봉구,5,882.0,995.0,1442.0,219,245,306447.0855333333,286682.8068966667,259346.43447333333,87043.66207333333,289996.87196,317458.1187966667,266966.57296666666,151390.90940666667,20601.7675,0.003023910513811437,926.6685638711192,931.0
2019-06-01,도봉구,6,931.0,935.0,1395.0,219,245,296742.4609612903,277715.64985806454,251722.05479032255,79763.06326774193,281085.9835516129,307427.5533806452,259166.9151967742,139812.78399677415,19889.18707741936,0.003023910513811437,897.3226475951255,895.0
2019-07-01,도봉구,7,895.0,969.0,1456.0,219,245,295857.81141333334,278092.80121,254292.74116666667,76977.29597666668,281487.06095,305806.0777466667,261368.01031,134471.76145,18962.651476666662,0.003023910513811437,894.64754652602,969.0
2019-08-01,도봉구,8,969.0,1074.0,1624.0,219,245,289250.90468064515,270866.36766129034,247101.93716451613,70266.23787096774,274396.5570483871,298509.4109870967,253600.4703580645,122565.32954193548,17343.30948064516,0.003023910513811437,874.6688517932727,988.0
2019-09-01,도봉구,9,988.0,935.0,1488.0,219,245,291589.31082258065,273777.29259032256,249662.91545483872,73385.68101935483,277086.58507096773,300765.45586451615,256782.7690419355,127084.19678387095,18005.247661290323,0.003023910513811437,881.7399827114326,876.0
2019-10-01,도봉구,10,876.0,962.0,1423.0,219,245,289635.00080333336,273260.82519,251810.4271666667,73682.20536666666,276671.3350433333,297365.21409333334,258522.2029833333,135623.74362666666,21672.551776666667,0.003023910513811437,875.8303240969836,926.0
2019-11-01,도봉구,11,926.0,874.0,1219.0,219,245,291566.2239693549,272110.08521935483,245929.7459983871,73546.00332419355,275598.3442403226,300703.0930290322,253243.31261935484,134810.8240387097,19026.61050322581,0.003023910513811437,881.6701701332324,864.0
2019-12-01,도봉구,12,864.0,989.0,1440.0,219,245,296706.36502,278695.07188,254292.59143,71814.04644666666,282015.3772333333,305393.0525633333,261447.99431333333,133000.36076333333,19947.33274,0.003023910513811437,897.213496698752,922.0
2020-01-01,도봉구,1,922.0,921.0,1346.0,191,270,298842.9617612903,282298.2988387097,260236.25135806453,78952.81696129033,285670.51288709673,306783.5365741936,267229.08446451614,142637.81145483872,21363.39473548387,0.003023910513811437,903.674374048515,895.0
2020-02-01,도봉구,2,895.0,857.0,1208.0,191,270,299959.21715483867,284116.6372838709,263620.6752903226,78313.79478709678,287669.1352741936,307304.9594032258,270463.0206483871,141974.38905806452,22151.22132580645,0.003023910513811437,907.0498304691646,674.0
2020-03-01,도봉구,3,674.0,883.0,1359.0,191,270,301835.5487827586,285771.8471862069,266420.42714827583,76712.56368965517,289526.8059448276,308307.2365,272294.5659689656,133950.60177586207,17818.077151724137,0.003023910513811437,912.7236894062286,658.0
2020-04-01,도봉구,4,658.0,882.0,1328.0,191,270,301390.4793516129,286786.6902516129,269846.48913548386,74568.7666,290432.01707096776,307045.85362580646,275090.16989677417,129355.85237096774,15993.010712903226,0.003023910513811437,911.3778392740111,672.0
2020-05-01,도봉구,5,672.0,931.0,1459.0,191,270,298883.8248933333,283982.4905633333,266283.94207666663,77110.76944666666,287576.51300000004,305114.0509533333,271746.27634,136016.94980666667,17364.597856666667,0.003023910513811437,903.797940503127,763.0
2020-06-01,도봉구,6,763.0,895.0,1342.0,191,270,297698.6945064516,282867.6933612903,265371.5237129032,76277.39632903226,286483.29143548384,304510.1131645161,270781.7271645161,137638.59754193548,18720.967396774195,0.003023910513811437,900.2142122659981,769.0
2020-07-01,도봉구,7,769.0,969.0,1504.0,191,270,297584.9352133333,281454.25106,262438.3661733333,77302.16935666667,285170.47535333334,304865.65317666664,267790.2315733333,138468.98374333337,18085.22614333333,0.003023910513811437,899.8702143434938,862.0
2020-08-01,도봉구,8,862.0,988.0,1490.0,191,270,295926.9740290323,279945.0786548387,260694.26367741937,74471.58393225807,283548.02594516124,303387.7031322581,266217.4986580645,134718.11777419355,18080.868832258064,0.003023910513811437,894.8566880867947,843.0
2020-09-01,도봉구,9,843.0,876.0,1399.0,191,270,294134.2881516129,279637.4568096774,262791.83811290324,74822.04755806451,283251.81287419354,300504.35847419355,268016.3474935484,131218.87199354838,16764.469051612905,0.003023910513811437,889.435766414105,769.0
2020-10-01,도봉구,10,769.0,926.0,1372.0,191,270,297643.8931133334,283322.12227666663,266171.28509333334,74518.48663,286671.03546,303651.0469433333,271309.03473666665,133327.52879666668,17439.007456666666,0.003023910513811437,900.0484977571764,826.0
2020-11-01,도봉구,11,826.0,864.0,1321.0,191,270,292381.4820387097,278102.2802806452,260102.6970483871,74728.0024064516,281348.4560903226,298880.2273580645,265902.21975806454,137242.65533548387,19499.156374193542,0.003023910513811437,884.135437580624,754.0
2020-12-01,도봉구,12,754.0,922.0,1389.0,191,270,289537.14153666666,274728.68284666666,257069.93167666663,74118.38202333334,278132.86633333337,296020.6381866667,262166.88105333335,135011.44305,18295.97373,0.003023910513811437,875.5344064316364,635.0
2021-01-01,도봉구,1,635.0,895.0,1293.0,98,154,295172.1053548387,281191.6150870968,265657.4347935484,70649.82323870967,284844.4818548387,300405.5750451613,270385.8089741936,126589.9805032258,16525.44343548387,0.003023910513811437,892.5740327663539,719.0
2021-02-01,도봉구,2,719.0,674.0,1079.0,98,154,295726.2357354839,282048.39182258066,266836.9905225806,72949.32714516128,285590.46259354835,300708.13292580645,271400.3801903226,128941.55817096774,16855.606067741937,0.003023910513811437,894.2496734504091,680.0
2021-03-01,도봉구,3,680.0,658.0,1108.0,98,154,294263.4051678571,279924.0640642857,262828.0817607143,73992.48229285715,283402.77693928574,299838.4092357143,268197.89740714285,133465.57516785714,18700.79912142857,0.003023910513811437,889.8262047170379,744.0
2021-04-01,도봉구,4,744.0,672.0,1103.0,98,154,292851.819216129,276870.91746774194,257852.14372580647,71529.89226451612,280484.299316129,299591.9068064516,263169.7714387097,130015.6146,18011.573622580643,0.003023910513811437,885.5576951164587,788.0
2021-05-01,도봉구,5,788.0,763.0,1273.0,98,154,290641.70361333335,273988.60424333334,253921.71359333332,75463.84741,277741.37572,297544.5304233333,259680.9166633333,136519.1231133333,18220.53573333333,0.003023910513811437,878.8745033084261,844.0
2021-06-01,도봉구,6,844.0,769.0,1238.0,98,154,290562.0660290323,275323.2684709677,257346.3776451613,72651.59994193548,279011.4074064516,297144.1188935484,262840.48532903224,133090.1281967742,18502.742216129034,0.003023910513811437,878.6336863799637,946.0
2021-07-01,도봉구,7,946.0,862.0,1383.0,98,154,287394.6337566667,271224.60236333334,252158.72611666663,73130.70381666668,274866.8606133333,294773.5741,257327.97823333333,131858.96697333333,17951.24309,0.003023910513811437,869.0556546297717,846.0
2021-08-01,도봉구,8,846.0,843.0,1515.0,98,154,288552.8343612903,273080.746667742,254749.0517935484,72319.44698709677,276688.26673870964,295326.4580709677,260077.87207741936,127349.92997741936,16931.0106516129,0.003023910513811437,872.5579496151959,906.0
2021-09-01,도봉구,9,906.0,769.0,1267.0,98,154,288356.24131935486,273160.2548258064,254065.6536806452,73882.09811290322,276546.9393967742,294489.8359225806,260013.9167064516,128685.72148064517,16584.477306451612,0.003023910513811437,871.963469848745,819.0
2021-10-01,도봉구,10,819.0,826.0,1333.0,98,154,290627.8367366667,275661.26576,257148.12822666668,73936.63812666666,279074.08896,297254.4897533333,262898.8420633333,133287.26114666666,18984.193366666663,0.003023910513811437,878.8325711142801,815.0
2021-11-01,도봉구,11,815.0,754.0,1235.0,98,154,288820.2837451613,272827.3209516129,252401.22542258064,73290.64311612904,276272.6672032258,296204.0589645161,258706.0040483871,130111.38893870969,17658.923474193547,0.003023910513811437,873.3666926189958,782.0
2021-12-01,도봉구,12,782.0,635.0,1106.0,98,154,287487.86490000004,271186.2201533333,250090.83093000003,73841.20104,274451.29066,295245.38471666665,256200.0867533333,132819.48278999998,18618.21505,0.003023910513811437,869.3375772643121,740.0
2022-01-01,도봉구,1,740.0,719.0,1173.0,81,105,289710.17329677416,274134.9238516129,254689.58006774192,72039.41552580646,277432.26791935484,296419.4023129032,260243.20042580648,128448.86894193548,17571.679719354837,0.003023910513811437,876.0576389902487,760.0
2022-02-01,도봉구,2,760.0,680.0,1156.0,81,105,290912.1396516129,275404.80570322584,256915.42838064517,72430.33721935483,279105.72475161287,297173.3665,262576.7438741936,129459.78701290322,18733.13788064516,0.003023910513811437,879.6922776878932,688.0
2022-03-01,도봉구,3,688.0,744.0,1285.0,81,105,290683.8506928572,275999.4443321429,258418.78126428573,71961.8086,279581.3316678571,296769.5616214286,264037.80503214285,127567.14912142858,17736.98889642857,0.003023910513811437,879.0019523053247,843.0
2022-04-01,도봉구,4,843.0,788.0,1353.0,81,105,288909.1415612903,274242.5189032258,257069.9691,68405.29396129033,277678.30302903225,295305.52473225805,261955.1290935484,122408.11532580646,16800.84412903226,0.003023910513811437,873.6353907034226,868.0
2022-05-01,도봉구,5,868.0,844.0,1492.0,81,105,286464.95821,269679.0046366667,248634.43716333332,73030.98990333333,273182.84282,294665.61398333334,254587.88128666667,131193.77258333334,17733.63032,0.003023910513811437,866.2443989697729,932.0
2022-06-01,도봉구,6,932.0,946.0,1524.0,81,105,288747.0789548387,271540.65272258065,249480.7513612903,72410.29550967742,275027.7218516129,297851.6791451613,255820.62192903223,132263.7829516129,19050.44280645161,0.003023910513811437,873.1453278838777,926.0
2022-07-01,도봉구,7,926.0,846.0,1412.0,81,105,290936.9533633333,273948.93821,252383.78727666667,72963.08784,277468.73151,299513.59081666666,258613.22092666663,131001.7694,18246.08354333333,0.003023910513811437,879.7673121316512,1023.0
2022-08-01,도봉구,8,1023.0,906.0,1457.0,81,105,282468.884,265798.7799967742,245256.2622709677,68490.43446451613,269380.19287096773,290509.2112935484,251056.025283871,123198.77426129032,17591.33893870968,0.003023910513811437,854.1606281521832,1072.0
2022-09-01,도봉구,9,1072.0,819.0,1372.0,81,105,279240.63167419354,262704.1631225807,242139.54415806453,66941.59536129032,266278.7220451613,286838.67125161295,248132.0485806452,120076.03601935484,16712.017306451613,0.003023910513811437,844.3986820029407,977.0
2022-10-01,도봉구,10,977.0,815.0,1359.0,81,105,281188.80234999995,265078.1968,245063.88408666663,64944.246210000005,268564.25881666667,289222.0544466667,250889.89788666664,122588.96061666666,19567.427366666667,0.003023910513811437,850.2897757922109,995.0
2022-11-01,도봉구,11,995.0,782.0,1394.0,81,105,280061.0307451613,263567.24452580645,242224.6524548387,62634.77147096774,267025.68797419354,288170.9717064516,248776.2080967742,117109.56872903224,17858.092616129034,0.003023910513811437,846.8794953791613,989.0
2022-12-01,도봉구,12,989.0,740.0,1369.0,81,105,280199.1142866667,263259.31914,240939.86606666667,63726.360146666666,266426.4941,288597.39467666665,247144.82579333332,118882.58308666668,18162.686953333334,0.003023910513811437,847.2970476521037,993.0
2023-01-01,도봉구,1,993.0,760.0,1333.0,69,145,281934.00880645163,265731.52154516126,244952.3589419355,61998.71387096774,269076.2884903226,289878.380467742,251075.4800806452,114547.06082258064,17852.954564516127,0.003023910513811437,852.5432134308353,941.0
2023-02-01,도봉구,2,941.0,688.0,1209.0,69,145,282806.5732806452,267237.5101870968,248189.949167742,62099.9410483871,270912.78538064513,290169.6218419355,254261.48233870967,115272.5867483871,19017.63471935484,0.003023910513811437,855.1817703183275,870.0
2023-03-01,도봉구,3,870.0,843.0,1647.0,69,145,280401.90022857144,263360.5337964286,241038.19138928573,61877.171671428565,266683.44989642856,288426.37713214284,247477.6194392857,113442.65931785712,17802.06167142857,0.003023910513811437,847.9102541938827,963.0
2023-04-01,도봉구,4,963.0,868.0,1542.0,69,145,279520.2826483871,262377.0168741936,240001.90589032252,59419.91709677419,265663.4713967742,287938.7333935484,246263.93565161288,113329.3087064516,18371.789874193542,0.003023910513811437,845.2443215240022,1020.0
2023-05-01,도봉구,5,1020.0,932.0,1561.0,69,145,278077.01074,261056.0200266667,238627.8520733333,62565.131563333336,264304.65084666666,286260.26378,245023.3470233333,118374.62078666668,18699.558166666666,0.003023910513811437,840.8799964259418,1066.0
2023-06-01,도봉구,6,1066.0,926.0,1530.0,69,145,275662.05829354835,258907.7265451613,236921.94948387097,60977.79915483872,262094.19026129032,283978.7402032258,243099.17502258063,115481.68484516128,18592.86424516129,0.003023910513811437,833.5773963327621,1011.0
2023-07-01,도봉구,7,1011.0,1023.0,1695.0,69,145,274845.81973333337,258288.7259833333,236704.25132333333,62173.58299,261455.72571,283114.03652333334,242709.59408666665,116050.62325,17971.444236666666,0.003023910513811437,831.1091639687496,1063.0
2023-08-01,도봉구,8,1063.0,1072.0,1794.0,69,145,274854.87024193554,258675.60246774196,238245.7748451613,59756.5922,262010.9235129032,282566.49379677424,244029.3980903226,110895.53081935484,17569.50648387097,0.003023910513811437,831.1365318968672,1077.0
2023-09-01,도봉구,9,1077.0,977.0,1664.0,69,145,272069.57371290325,255573.76986129032,234836.12912258063,60046.70030645162,259030.4265032258,279998.44429677416,240775.62042903225,109738.8488516129,16554.970041935485,0.003023910513811437,822.7140444386439,995.0
2023-10-01,도봉구,10,995.0,995.0,1529.0,69,145,275087.28571666667,259502.76878666665,239880.2256933333,59906.340696666666,262796.7859266667,283240.5129533333,245590.08623666668,115386.93247,19807.94222333333,0.003023910513811437,831.839335494479,1017.0
2023-11-01,도봉구,11,1017.0,989.0,1590.0,69,145,273268.3556193548,257065.64613870968,235812.27923548387,60828.433080645154,260269.9595935484,281250.2386967742,242072.20516129036,113877.32574193548,18272.90483870968,0.003023910513811437,826.3390536493297,922.0
2023-12-01,도봉구,12,922.0,993.0,1630.0,69,145,275394.82393666665,258211.8317,236343.70069333332,61644.96933666666,261527.5954233333,285139.81347000005,242113.47550333332,117804.9922,20073.20879,0.003023910513811437,832.7693035513358,981.0
2024-01-01,도봉구,1,981.0,941.0,1570.0,44,132,281186.99827741936,264438.6772741936,244127.55477096772,60539.20918709677,268191.65706129035,292249.9336935484,249998.17936129036,117228.45234516128,21883.17098064516,0.003023910513811437,850.2843204381668,960.0
2024-02-01,도봉구,2,960.0,870.0,1345.0,44,132,278066.6994096774,261970.15981935489,241676.9986935484,58184.29592580645,265450.72611935483,288049.10252580646,247788.36350322585,111540.8456967742,20963.539796774192,0.003023910513811437,840.848815885768,806.0
2024-03-01,도봉구,3,806.0,963.0,1597.0,44,132,277079.6263241379,261898.4883448276,241877.14201724136,60330.57134827586,265125.1414896552,285301.2737586207,248388.8627448276,115349.64243793103,20884.92965517241,0.003023910513811437,837.8639952045048,793.0
2024-04-01,도봉구,4,793.0,1020.0,1638.0,44,132,275868.10727419355,259940.0194612903,239376.5918516129,58956.57924193549,263234.37637741934,283574.09629032254,245547.1531451613,114421.4288516129,20228.56901612903,0.003023910513811437,834.2004700116952,791.0
2024-05-01,도봉구,5,791.0,1066.0,1681.0,44,132,271587.9611933333,254987.8467566667,233346.33614666667,62272.31589,258189.53396666667,279640.88502999995,239431.7358633333,118583.10610666666,18634.554196666668,0.003023910513811437,821.2576912771332,882.0
2024-06-01,도봉구,6,882.0,1011.0,1650.0,44,132,269775.2179032258,253713.3852064516,232852.35277419357,52910.9987967742,256908.61356774197,277694.14698387095,238895.3675,104635.43258064517,17714.85284516129,0.003023910513811437,815.7761177833358,864.0
2024-07-01,도봉구,7,864.0,1063.0,1909.0,44,132,269861.44939666666,254416.54058,234833.44357666664,54092.17848333333,257642.92499,277540.24042,240536.9908333333,105366.31528333334,17718.240583333336,0.003023910513811437,816.0368741029733,864.0
2024-08-01,도봉구,8,864.0,1077.0,1806.0,44,132,272416.35491935484,256043.0581580645,235419.9831935484,53168.18725483871,259354.31373548388,280128.16412903223,241067.4561,103490.45273548386,17465.16670322581,0.003023910513811437,823.7626797748251,840.0
2024-09-01,도봉구,9,840.0,995.0,1692.0,44,132,271971.97168064513,255530.50394838708,234618.9996935484,54102.92317419355,258751.3511935484,280503.5882419355,240242.482516129,104382.55106774194,17211.716374193547,0.003023910513811437,822.4189046271292,737.0
2024-10-01,도봉구,10,737.0,1017.0,1646.0,44,132,273336.63856,257632.8876,237847.34245333332,58983.98757,260939.15654,281631.3323633333,243582.68172,114143.27588666668,19698.78989333333,0.003023910513811437,826.5455351514606,699.0
2024-11-01,도봉구,11,699.0,922.0,1505.0,44,132,272474.0378516129,255515.45110967744,233199.0606903226,58072.27636451613,258829.79632580647,280776.7274935484,239727.8581935484,110616.43866451611,17946.832958064515,0.003023910513811437,823.9371078001476,695.0
2024-12-01,도봉구,12,695.0,981.0,1628.0,44,132,271593.0393866667,254686.69736,232714.99167,58546.89099666666,257957.59177666667,279993.9292233333,238867.96510333332,113635.63517333331,18925.79708,0.003023910513811437,821.2730472793451,780.0
2025-01-01,도봉구,1,780.0,960.0,1552.0,43,90,272030.90612580645,255762.91517741937,234725.89721935484,55388.87906774194,259243.3209064516,280362.7458806451,241340.70161612905,107503.43243225808,18208.55932580645,0.003023910513811437,822.5971171154781,831.0
2025-02-01,도봉구,2,831.0,806.0,1353.0,43,90,275015.7407193549,260364.75637741937,242806.63622903227,54450.46378387097,263898.5013,282061.04646451614,248334.36611612904,106320.19558709678,18784.511812903227,0.003023910513811437,831.6229898248973,647.0
2025-03-01,도봉구,3,647.0,793.0,1412.0,43,90,275062.9780214286,258225.80293214283,236956.695625,55293.45567857143,261690.46842142852,283012.61726428574,242968.95495,104751.02853214284,16662.554642857143,0.003023910513811437,831.765831199282,755.0
2025-04-01,도봉구,4,755.0,791.0,1397.0,43,90,274189.4890483871,257507.6409064516,236245.2950967742,52754.05543548387,261044.91568387096,281921.50375806453,242642.5129903226,104186.80651612904,17909.820012903227,0.003023910513811437,829.1244787100036,694.0
2025-05-01,도봉구,5,694.0,882.0,1547.0,43,90,271811.4098533333,254188.77692,231353.37853666663,57588.41446333333,257594.8491333333,279991.4081533333,237691.6641333333,111770.65014,17633.54321,0.003023910513811437,821.9333800294042,755.0
2025-06-01,도봉구,6,755.0,864.0,1486.0,43,90,270014.6685870968,253452.0146193549,231974.0466612903,54892.757703225805,256861.14841935484,278160.1894451613,238446.22018387096,107518.35416129032,17746.476596774195,0.003023910513811437,816.5001952238327,773.0
2025-07-01,도봉구,7,773.0,864.0,1594.0,43,90,270405.33953666664,254207.79563333333,234135.8631833333,57245.36990333333,257711.38552666668,278484.92798,239939.84991,109468.11793666666,17676.60050333333,0.003023910513811437,817.6815492156777,876.0
2025-08-01,도봉구,8,876.0,840.0,1683.0,43,90,268694.0094741936,251834.8666516129,230896.04411612905,55400.15983548387,255244.2892064516,277076.12341612903,236414.68081612905,104944.84459354838,16883.403183870967,0.003023910513811437,812.5066402471639,817.0
2025-09-01,도봉구,9,817.0,737.0,1431.0,43,90,266559.5138032258,250723.66016451613,231044.4331580645,54995.84191935484,254094.41192903224,274704.7821645161,236643.26933548387,104470.86358387096,16985.102864516128,0.003023910513811437,806.0521163460394,817.0
2025-10-01,도봉구,10,817.0,699.0,1368.0,43,90,268285.12932666665,251119.06553666663,229013.97879666663,56848.33404666666,254510.37441666663,277081.41976333334,235225.71755333332,109634.55325333332,18351.27216666667,0.003023910513811437,811.2702232701683,822.0
2025-11-01,도봉구,11,822.0,695.0,1254.0,43,90,267623.6864645161,251375.33035483872,230697.78028387096,53982.96405806452,254894.0111064516,277016.11432580644,237072.4656032258,106150.48463225806,18793.34710967742,0.003023910513811437,809.2700792450257,734.0
2025-12-01,도봉구,12,734.0,780.0,1493.0,43,90,267786.70240333333,251072.43081,229767.66165666663,54165.236593333335,254594.52320333332,276255.2442933333,236125.47233,105991.31564,17769.95407666667,0.003023910513811437,809.763024856334,820.0
2018-05-01,동대문구,5,1105.0,1219.0,1942.0,222,365,415193.1689461538,384336.9149115384,404683.12513846153,90339.32706153844,414345.8346346154,422758.7916653846,413159.5666076923,228166.09085,37522.32681153846,0.0026724305570344255,1109.574911763658,1291.0
2018-06-01,동대문구,6,1291.0,1279.0,2053.0,222,365,408801.6495774194,379606.8201483871,398606.087816129,87776.55530967742,408923.8603129032,418396.5648548387,407768.5915064516,221284.4543516129,36800.84437096774,0.0026724305570344255,1092.4940200967749,1253.0
2018-07-01,동대문구,7,1253.0,1276.0,2038.0,222,365,407942.3138966666,379025.76424333337,397050.2736266666,87095.68821666666,407178.3029633333,415887.17515666666,406108.6876633333,212796.67565,35046.324106666674,0.0026724305570344255,1090.1975051647812,1325.0
2018-08-01,동대문구,8,1325.0,1346.0,2067.0,222,365,392513.3849806452,366944.3446451613,380669.3144516129,84193.46142580645,390642.5736032258,400292.0666225807,388023.4376709678,205833.72524838708,35172.189170967744,0.0026724305570344255,1048.9647640672936,1276.0
2018-09-01,동대문구,9,1276.0,1202.0,1959.0,222,365,389725.0882967742,364268.7942612903,379596.7410870968,83415.74750322581,388528.6790483871,397403.39696451614,385623.52157741936,205725.24103870968,35285.59693548387,0.0026724305570344255,1041.5132348072389,1177.0
2018-10-01,동대문구,10,1177.0,1144.0,1859.0,222,365,407149.35326,378116.6799033333,397305.0952366667,79640.35969,407719.7218133333,417717.5371133333,408518.23778666666,209452.6551433333,40397.46126,0.0026724305570344255,1088.0783729288278,1164.0
2018-11-01,동대문구,11,1164.0,1119.0,1686.0,222,365,413529.5896225807,383990.6687935484,404716.8070354839,83833.27728064515,413838.9912032258,422035.0478548387,412956.8588225807,213924.21410967744,36412.9075,0.0026724305570344255,1105.1291115452907,1043.0
2018-12-01,동대문구,12,1043.0,1218.0,1977.0,222,365,413870.0824766667,384708.34901,404356.51623666665,85695.58453000001,414179.92637000006,423509.6095266667,414613.7078,221939.76661666663,39229.50361666667,0.0026724305570344255,1106.0390550530021,1242.0
2019-01-01,동대문구,1,1242.0,1258.0,2034.0,188,340,409827.72963225807,380697.2791451613,401140.4696354839,81670.23898387096,410605.50491935486,417800.3638483871,411694.39032903226,207689.17631935485,36827.312667741935,0.0026724305570344255,1095.2361477892894,1070.0
2019-02-01,동대문구,2,1070.0,1076.0,1761.0,188,340,396378.2881612904,371439.4367612903,387896.8873580645,84554.18052580644,396572.159116129,404109.45378387097,396843.5784645161,213852.0826645161,37829.59194838709,0.0026724305570344255,1059.2934494272292,939.0
2019-03-01,동대문구,3,939.0,1156.0,1880.0,188,340,382127.5906464286,359177.0183071429,373470.4734285714,79494.35285,382543.4248642857,390427.9847678571,383125.5927857143,203313.08057142855,38395.884875,0.0026724305570344255,1021.2094499294581,1143.0
2019-04-01,동대문구,4,1143.0,1105.0,1798.0,188,340,407989.6197322581,379783.4031709677,401499.5821290322,72860.12030967743,409290.3112258065,416893.8477,411111.27929032256,199374.0156483871,41386.46809354839,0.0026724305570344255,1090.3239267253418,1126.0
2019-05-01,동대문구,5,1126.0,1291.0,1951.0,188,340,403432.75128,374119.97812,395828.72515666665,86015.35054666667,403318.27713,410288.6094500001,403158.01334,220496.4102533333,37290.818686666666,0.0026724305570344255,1078.1460122291412,1192.0
2019-06-01,동대문구,6,1192.0,1253.0,1964.0,188,340,390856.64583870966,361015.3137225807,381992.7633258065,76757.60138387096,390138.1041709677,397531.9357612903,389132.1458419355,197955.30244516127,34619.798106451606,0.0026724305570344255,1044.53724375935,1115.0
2019-07-01,동대문구,7,1115.0,1325.0,2126.0,188,340,388359.0271233333,358814.1548,378240.43714,73815.01224333333,387382.1482966666,395299.48454333335,386014.51793333335,186636.23240666665,32880.336143333334,0.0026724305570344255,1037.8625311845572,1167.0
2019-08-01,동대문구,8,1167.0,1276.0,2118.0,188,340,368750.37001612905,342568.6124032258,356812.05058387097,67281.00878387097,366487.5961193548,375881.4263129032,363319.7126709677,172110.68821290322,30876.649796774196,0.0026724305570344255,985.4597567488543,1249.0
2019-09-01,동대문구,9,1249.0,1177.0,1869.0,188,340,379224.7920419355,353421.12136129034,365424.7437548387,70946.54480645161,376538.0308709678,386435.7294548387,372776.5652516129,179249.90741290324,32236.47400967742,0.0026724305570344255,1013.4519222378939,1191.0
2019-10-01,동대문구,10,1191.0,1164.0,1849.0,188,340,395469.50729,365164.4354266666,384155.6394066667,72376.93030666668,394805.2017366666,404085.0667633333,393875.17394666665,195832.48711,39081.679286666666,0.0026724305570344255,1056.8647956571444,1156.0
2019-11-01,동대문구,11,1156.0,1043.0,1693.0,188,340,399473.6987967741,368820.05703064514,387776.28015967744,77629.7747935484,398088.5184435484,406463.4811225807,396149.2659645161,204604.7966806452,35830.02915967742,0.0026724305570344255,1067.5657193960653,1085.0
2019-12-01,동대문구,12,1085.0,1242.0,1953.0,188,340,402463.11347333336,371739.89495333337,390483.29213,75300.08329,401514.94361666666,410508.6244166667,400187.5058166666,198752.41148,36385.53785333333,0.0026724305570344255,1075.5547225253495,1119.0
2020-01-01,동대문구,1,1119.0,1070.0,1702.0,158,222,401097.1222935484,370279.5662225806,388690.2512967742,79503.69308064516,399992.17681290326,408782.6157903226,398445.2531419355,205259.8173064516,37101.66753225806,0.0026724305570344255,1071.9042059558526,1044.0
2020-02-01,동대문구,2,1044.0,939.0,1531.0,158,222,383743.9828967742,357586.52593225805,370984.53091290325,75398.17078709678,381587.7814258064,390649.0247806452,378569.0993709677,195176.24021612905,36484.760341935485,0.0026724305570344255,1025.5291459714354,823.0
2020-03-01,동대문구,3,823.0,1143.0,1829.0,158,222,391694.4000310345,363235.5776655172,381115.5229896552,75261.37602758622,389359.1937689656,397624.8961793104,386089.9050206897,184445.0256137931,31025.70132413793,0.0026724305570344255,1046.7760836622026,682.0
2020-04-01,동대문구,4,682.0,1126.0,1804.0,158,222,389040.7975225806,358554.1134612903,378416.44912580645,73058.22081935484,386170.000616129,393852.5761451613,382150.884967742,171078.3279580645,26727.249109677417,0.0026724305570344255,1039.6845152323872,756.0
2020-05-01,동대문구,5,756.0,1192.0,1926.0,158,222,390213.11901666666,358526.11234000005,377205.12949,77812.63955666666,386799.8954733333,395978.5352733333,382021.3825366666,182138.1996033333,28623.813626666662,0.0026724305570344255,1042.817463015851,831.0
2020-06-01,동대문구,6,831.0,1115.0,1778.0,158,222,387799.5679806452,357462.9427064516,374702.5958580645,77843.7659548387,384678.44312580646,393715.2267258064,380308.868316129,183889.48991935485,29937.997406451614,0.0026724305570344255,1036.3674154762252,896.0
2020-07-01,동대문구,7,896.0,1167.0,1921.0,158,222,390064.8629966667,359044.83736666664,377148.0317533333,78413.26510666666,387065.82355,397103.0858933333,382867.16832,188092.93439,30624.93450333333,0.0026724305570344255,1042.4212590977388,1007.0
2020-08-01,동대문구,8,1007.0,1249.0,1997.0,158,222,384107.0544032258,353352.4213967742,369001.2729967742,76102.87572903225,380277.7948516129,391885.6603838709,374916.8315032258,181945.3199483871,29473.210196774195,0.0026724305570344255,1026.499429359665,918.0
2020-09-01,동대문구,9,918.0,1191.0,1902.0,158,222,381364.92222580645,348573.0128096774,369880.52532580646,75149.73388387097,378344.1986935484,387500.68233870965,374115.18575161294,174528.4172451613,27324.62413548387,0.0026724305570344255,1019.1712715373023,854.0
2020-10-01,동대문구,10,854.0,1156.0,1775.0,158,222,386619.85553,353552.8361366667,377130.6644433333,74416.19812,384940.97976666666,392822.55905333336,382590.5537033333,179626.16193,29052.998773333333,0.0026724305570344255,1033.214715874607,863.0
2020-11-01,동대문구,11,863.0,1085.0,1734.0,158,222,380078.5200645161,350557.00349354843,367911.579183871,75605.13538709677,377580.40404193546,387026.3412903226,374083.0416322581,185173.2149387097,31737.28977096774,0.0026724305570344255,1015.7334510928348,779.0
2020-12-01,동대문구,12,779.0,1119.0,1816.0,158,222,379961.5979766667,352127.51215,370336.3816466667,76093.98417000001,378298.00219,386398.9323766667,375968.96808,186024.85527,30516.641353333333,0.0026724305570344255,1015.4209849324739,739.0
2021-01-01,동대문구,1,739.0,1044.0,1629.0,108,150,379907.61197741935,350589.63229032257,372534.2392451613,74733.7209967742,378669.651316129,384532.0548903226,376936.50642903225,172738.20522903223,25875.95726451613,0.0026724305570344255,1015.2767110984331,790.0
2021-02-01,동대문구,2,790.0,823.0,1418.0,108,150,372863.17082903226,347009.7165225806,363995.262167742,75549.05669354838,371142.33971612906,377165.4881483871,368733.1761548387,174901.43902258066,27108.64204516129,0.0026724305570344255,996.4509313162528,738.0
2021-03-01,동대문구,3,738.0,682.0,1281.0,108,150,369664.7982357143,342672.2351607143,358439.8424142857,75273.31725357144,367491.6035428572,375047.3274857143,364449.1310071428,180548.37452142857,30557.792275000003,0.0026724305570344255,987.9035026650885,796.0
2021-04-01,동대문구,4,796.0,756.0,1380.0,108,150,379644.19565806456,350685.2028322581,368668.5262354839,73421.49731612903,377339.8328225806,385784.3104451613,374113.7248741936,184551.32652580645,34565.32227741935,0.0026724305570344255,1014.5727492773678,787.0
2021-05-01,동대문구,5,787.0,831.0,1556.0,108,150,378510.19031,348818.46675,365298.9842933333,80784.02004,375370.0498933333,385004.4256733333,370973.85329,191589.67448,30256.331376666665,0.0026724305570344255,1011.5421987333597,916.0
2021-06-01,동대문구,6,916.0,896.0,1609.0,108,150,375335.04617096775,346445.29107419355,360832.525383871,78031.59600322582,371817.9768096774,381664.3481806452,366894.0797129032,182426.2891387097,29205.706874193547,0.0026724305570344255,1003.0568465132211,1029.0
2021-07-01,동대문구,7,1029.0,1007.0,1741.0,108,150,374340.92211,344544.5509533333,359805.84068333334,78174.52994666666,370953.90014,381238.4813033333,366212.06936,184277.17171666663,29719.725326666667,0.0026724305570344255,1000.4001189952078,1038.0
2021-08-01,동대문구,8,1038.0,918.0,1793.0,108,150,364748.4054741936,337064.0794096774,350661.6344935484,72180.8701548387,361108.5152645162,370555.8320580645,356012.6689580645,169851.35764193546,27092.963370967744,0.0026724305570344255,974.7647844188177,985.0
2021-09-01,동대문구,9,985.0,854.0,1703.0,108,150,366017.8023,334904.9404032258,351268.7699806452,71726.6326064516,362018.2579451613,371384.8851032258,356418.8958709677,168178.07919999998,27714.20267741936,0.0026724305570344255,978.1571592851052,973.0
2021-10-01,동대문구,10,973.0,863.0,1701.0,108,150,372523.14668,338459.22882,358154.1350066667,70837.44936,369428.63949333335,379275.8212033333,365096.32944000006,172521.20473333335,31246.37377,0.0026724305570344255,995.5422403902494,859.0
2021-11-01,동대문구,11,859.0,779.0,1560.0,108,150,372513.11151612905,341753.92411935487,356608.284,71990.0480935484,369100.32861612906,379237.5701483871,364322.4325645161,172720.83254838712,29181.708806451614,0.0026724305570344255,995.5154221116758,901.0
2021-12-01,동대문구,12,901.0,739.0,1417.0,108,150,374417.77144,344381.42586,359367.15143333335,74548.79842333333,371678.2596233333,382519.54096,367842.9430833334,183449.28679666668,31751.512143333333,0.0026724305570344255,1000.6054934929873,810.0
2022-01-01,동대문구,1,810.0,790.0,1512.0,96,100,374287.86087741936,343451.19205161295,358887.7694935484,71765.94235806451,371277.7775,381399.8808870968,367063.6607677419,173591.16082903225,29024.599496774197,0.0026724305570344255,1000.2583165358653,944.0
2022-02-01,동대문구,2,944.0,738.0,1421.0,96,100,366516.14412580646,338278.3644451613,351035.82323225803,71168.94648064517,363389.0843483872,372817.872,359011.2006774193,173443.00077419356,30216.53698064516,0.0026724305570344255,979.4889432082388,824.0
2022-03-01,동대문구,3,824.0,796.0,1512.0,96,100,371836.9502642857,340537.46536071424,359145.6636464285,71264.44133571429,368926.46593214286,377593.0354214286,364851.7878785714,171534.52669642857,30189.535339285718,0.0026724305570344255,993.708428120767,1002.0
2022-04-01,동대문구,4,1002.0,787.0,1481.0,96,100,382584.29065161286,349655.68273225805,370651.7164870968,69137.70023548386,380022.5211419355,388000.1974806452,376436.0438516129,172382.01802903228,32878.73425806451,0.0026724305570344255,1022.4299489787103,985.0
2022-05-01,동대문구,5,985.0,916.0,1830.0,96,100,377602.3585866667,346014.56710333336,361058.8111300001,75949.93092,373746.54013333336,384638.93833333335,368348.39432,182851.12285,30464.254456666666,0.0026724305570344255,1009.1160814952785,1064.0
2022-06-01,동대문구,6,1064.0,1029.0,1860.0,96,100,383438.33378387097,350997.8361419355,367833.9548516129,75600.78151935483,379837.2507516129,390996.3316354839,374795.7345354839,186442.6302548387,32588.62749032258,0.0026724305570344255,1024.7123199423822,979.0
2022-07-01,동대문구,7,979.0,1038.0,1861.0,96,100,388331.81947333337,354937.18670666666,372746.2452333334,75979.78235333334,385099.8966733333,396328.4712566667,380575.2047433333,184749.0842233333,31261.24939333333,0.0026724305570344255,1037.7898206293123,1101.0
2022-08-01,동대문구,8,1101.0,985.0,1657.0,96,100,370508.8094741936,338916.3749741935,353215.85416129034,70662.97289354839,366522.40166774194,378510.5023774193,360941.4307709677,172502.79896774195,29900.700587096773,0.0026724305570344255,990.1590640892811,1198.0
2022-09-01,동대문구,9,1198.0,973.0,1729.0,96,100,368711.9502516129,332892.9040483871,350881.0756290323,69919.16915806451,364245.3660645161,375369.2720935484,357992.1482,170010.76463548388,29935.3546,0.0026724305570344255,985.3570825961673,1122.0
2022-10-01,동대문구,10,1122.0,859.0,1592.0,96,100,378644.3669466667,342179.0997833333,363509.48026333336,68588.93497999999,375952.71173333336,387052.50162,372184.3944466666,180111.04148666665,36423.15456666667,0.0026724305570344255,1011.9007764772279,1115.0
2022-11-01,동대문구,11,1115.0,901.0,1611.0,96,100,378559.892467742,344784.2999935484,361518.96701935487,68146.7498516129,375005.8804064517,386316.27352903225,370030.2635354839,173803.41757096775,31267.043851612903,0.0026724305570344255,1011.6750242984599,1060.0
2022-12-01,동대문구,12,1060.0,810.0,1624.0,96,100,382569.4438233333,348980.7889,366263.08216,70691.86276333334,379474.80343,390539.56698,375142.30687,182176.79873666668,32864.514416666665,0.0026724305570344255,1022.390271861141,1168.0
2023-01-01,동대문구,1,1168.0,944.0,1777.0,103,183,385022.5826516129,349498.27245483873,368199.6017,68054.50228709678,381955.73866774194,392809.78629677417,377662.1570967741,173102.38628064518,31353.458867741934,0.0026724305570344255,1028.9461150264829,1093.0
2023-02-01,동대문구,2,1093.0,824.0,1633.0,103,183,366406.4913451613,335573.0217870968,349720.7967645161,65010.3881516129,362844.3222,373785.6933290323,357857.2854032258,165017.72376774193,31320.240512903223,0.0026724305570344255,979.1959037665788,945.0
2023-03-01,동대문구,3,945.0,1002.0,2075.0,103,183,374361.5862357143,341640.22595714283,358481.84616071434,65169.67725,371093.3462142857,381157.51205,366517.8101892857,172869.15470714285,34740.06857142857,0.0026724305570344255,1000.4553424362011,1065.0
2023-04-01,동대문구,4,1065.0,985.0,1868.0,103,183,393326.2935709677,355743.3411709678,379215.4338709677,62828.93053548387,391189.77743225807,400819.9975548387,388198.6548419355,178168.05110645163,39493.39377419354,0.0026724305570344255,1051.137205824147,1124.0
2023-05-01,동대문구,5,1124.0,1064.0,1932.0,103,183,388085.9074933333,352641.97094333335,371197.4966633333,72570.81308,384604.05566666665,395992.4842666667,379729.4630966667,185472.41148333333,33612.99188666666,0.0026724305570344255,1037.1326379396191,1184.0
2023-06-01,동대문구,6,1184.0,979.0,1786.0,103,183,385803.5025709678,350521.54563548387,369525.4101870968,70286.71416129032,382186.70231935487,393386.73192903225,377123.1819516129,180835.83996774192,32967.332638709675,0.0026724305570344255,1031.0330692815637,1110.0
2023-07-01,동대문구,7,1110.0,1101.0,1929.0,103,183,382528.52569,347765.9622333333,364140.69418333337,70005.95868,378704.3335433333,390696.0830533333,373350.46454,177684.70974333334,31791.29001,0.0026724305570344255,1022.2809209912842,1235.0
2023-08-01,동대문구,8,1235.0,1198.0,2111.0,103,183,362531.4895677419,333647.8651064516,342737.6811064516,64295.78736451613,357614.3995935484,370875.9694193548,350730.473616129,162649.1787516129,30162.84505806452,0.0026724305570344255,968.8402306080405,1270.0
2023-09-01,동대문구,9,1270.0,1122.0,1981.0,103,183,359550.03007741936,329810.563616129,340496.8936870968,63907.22208387097,354435.8401870968,366992.1376967742,347275.9743645161,161750.58557741935,30081.231129032258,0.0026724305570344255,960.8724871615423,1159.0
2023-10-01,동대문구,10,1159.0,1115.0,1927.0,103,183,380238.6546266666,345933.0756666667,363739.9341,63950.48672666667,377072.4967033333,389272.3315066666,372639.8756233333,173842.27333333337,36682.46190666666,0.0026724305570344255,1016.1613995899633,1179.0
2023-11-01,동대문구,11,1179.0,1060.0,1854.0,103,183,377744.2256258064,344505.3685548387,359730.6226225807,67982.13156129033,373638.7911129032,386023.6943870968,367891.1828096774,173000.07682580646,31452.25615483871,0.0026724305570344255,1009.4952113057115,1040.0
2023-12-01,동대문구,12,1040.0,1168.0,1998.0,103,183,385518.46019,352032.10039000004,367766.1257933333,69953.81570666666,381726.4905833333,394491.2244066667,376417.7331566667,184632.1615033333,35954.28983,0.0026724305570344255,1030.2713133126158,1206.0
2024-01-01,동대문구,1,1206.0,1093.0,1903.0,107,224,388436.4011580645,352823.53230967745,368573.40892580646,67554.58366451613,384481.3890451613,400241.7871258065,378944.3720774193,176873.37492258067,35846.91810967742,0.0026724305570344255,1038.0693079192938,1100.0
2024-02-01,동대문구,2,1100.0,945.0,1681.0,107,224,361915.0675903226,336387.4901419355,343052.53766774194,62029.07763870968,357859.77872258064,372572.9251225807,352182.3743354839,163294.36837741936,33138.05423548388,0.0026724305570344255,967.1928856795575,936.0
2024-03-01,동대문구,3,936.0,1065.0,1906.0,107,224,355274.57342413795,331149.7101103448,339456.8315551724,62502.22225517242,351880.3522413793,363953.7215517242,347128.4425896552,166468.03957931037,34304.45576206897,0.0026724305570344255,949.4466261560369,907.0
2024-04-01,동대문구,4,907.0,1124.0,1947.0,107,224,384013.9357096774,352515.65468387096,369997.2806870968,60669.16428387097,381687.0128096774,392255.0857096774,378429.3207645161,175432.86978064515,40861.13591290322,0.0026724305570344255,1026.2505761175953,970.0
2024-05-01,동대문구,5,970.0,1184.0,2087.0,107,224,379887.74199,348571.2710266666,363697.80939666665,72610.79525666666,376276.1041833333,388157.13469,371219.81126,185823.94911666668,33022.38247,0.0026724305570344255,1015.2236099368859,994.0
2024-06-01,동대문구,6,994.0,1110.0,1937.0,107,224,377285.399083871,346393.253383871,362249.14392903226,61668.9397516129,373820.3673193549,384669.9073935484,368969.3228354839,166775.02292903227,31711.344012903228,0.0026724305570344255,1008.2690292346649,994.0
2024-07-01,동대문구,7,994.0,1235.0,2173.0,107,224,373134.9447033333,343123.7469033333,356614.13436333335,60446.4607,369537.96901,380921.19397,364502.2030366667,161785.08943000002,30729.02560666667,0.0026724305570344255,997.1772281225386,1021.0
2024-08-01,동대문구,8,1021.0,1270.0,2265.0,107,224,357302.62599032256,331148.6607967742,339027.095567742,56131.77536774194,352684.2485967742,364778.7065387096,346218.52024516126,152163.98957741936,30044.239806451613,0.0026724305570344255,954.8664558051807,1070.0
2024-09-01,동대문구,9,1070.0,1159.0,2049.0,107,224,352322.5337258064,325964.49332258065,334287.59286774194,56023.08008709677,347643.37229032256,359683.68902903225,341092.5463,150447.12265806453,30460.292574193547,0.0026724305570344255,941.5575050606369,853.0
2024-10-01,동대문구,10,853.0,1179.0,1999.0,107,224,366234.4342666667,336718.68641333334,351148.6467766667,59361.69267333333,363558.9794033333,374255.7347100001,359813.34260000003,165961.24285666665,36025.33164,0.0026724305570344255,978.7360931724558,891.0
2024-11-01,동대문구,11,891.0,1040.0,1782.0,107,224,373153.7596580645,343197.1233032258,357288.89868387097,62691.67420645161,369728.3858774194,380773.70316774194,364932.8625967742,168704.9801935484,32451.90201935484,0.0026724305570344255,997.2275097824914,876.0
2024-12-01,동대문구,12,876.0,1206.0,1957.0,107,224,373015.02258333337,343287.2165133333,357201.6060466666,65495.49578666667,370111.35928,381060.15626,366046.2306633333,177915.72615,34362.52692,0.0026724305570344255,996.8567445845864,920.0
2025-01-01,동대문구,1,920.0,1100.0,1780.0,112,236,368630.7214193549,340021.5963516129,353366.6585096774,63015.25591935484,366285.71747741936,375955.6451354839,363002.7119741936,168837.91218387097,32865.84459677419,0.0026724305570344255,985.1400041827287,944.0
2025-02-01,동대문구,2,944.0,936.0,1589.0,112,236,346432.48917741934,324290.46548709675,332177.6723580645,58002.49673225806,343569.43309677416,352353.5842677419,339561.1545967742,154386.86367419356,30680.88286451613,0.0026724305570344255,925.8167700272334,736.0
2025-03-01,동대문구,3,736.0,907.0,1750.0,112,236,354883.8902678572,332162.81466785714,341018.81395,58157.385546428566,351827.5376071428,360396.9238035714,347548.6439,160525.61127857142,32675.956396428573,0.0026724305570344255,948.4025525510734,884.0
2025-04-01,동대문구,4,884.0,970.0,1781.0,112,236,377127.2374225806,348293.2994903226,365077.8328225807,55490.74635483871,375142.0229129032,383380.57402903226,372362.7225709677,165208.86247419356,38052.916125806456,0.0026724305570344255,1007.8463531780811,858.0
2025-05-01,동대문구,5,858.0,994.0,1878.0,112,236,375935.19794,346779.9743666667,360972.51855333336,66708.90137666666,372700.49002666667,382595.70459333336,368171.8989166666,179236.94341333336,32857.08029666667,0.0026724305570344255,1004.6607104396412,908.0
2025-06-01,동대문구,6,908.0,994.0,1942.0,112,236,370916.6263419355,342341.1123870968,354337.2741870968,62553.29186774194,367256.2961870968,378637.0833354839,362131.8339838709,167315.72841612904,31323.732396774198,0.0026724305570344255,991.2489263483085,884.0
2025-07-01,동대문구,7,884.0,1021.0,2038.0,112,236,370660.6120266666,342317.10244333337,354358.2498633333,64439.03614,367008.66941333335,378180.08831,361895.9497633333,167230.33685,30333.55370666667,0.0026724305570344255,990.5647458691457,1010.0
2025-08-01,동대문구,8,1010.0,1070.0,2133.0,112,236,355837.5286612903,330386.89068387094,335847.5867612903,59722.69682580645,350212.1952,363522.58817096776,342336.72835483873,157196.32527741938,29257.306351612904,0.0026724305570344255,950.9510849340454,958.0
2025-09-01,동대문구,9,958.0,853.0,1798.0,112,236,353143.29423870967,327629.7045451613,333174.9167193548,59318.008070967735,347620.24695161293,360493.0615516129,339887.9807645161,155141.98566774194,29381.224435483877,0.0026724305570344255,943.7509305353269,1023.0
2025-10-01,동대문구,10,1023.0,891.0,1707.0,112,236,375639.15582,346132.40039,359020.13471,74763.54130333333,371508.6620433333,382204.25258,365725.97075,185376.9357966667,36750.37639333333,0.0026724305570344255,1003.8695584319839,963.0
2025-11-01,동대문구,11,963.0,876.0,1696.0,112,236,366234.68911290326,336605.5697806452,346620.6473548388,73380.63308709678,360898.0639677419,376208.1231677419,353426.7887774193,172500.8164419355,30358.370406451613,0.0026724305570344255,978.7367742313257,935.0
2025-12-01,동대문구,12,935.0,920.0,1798.0,112,236,374996.82758,345976.4595233333,356957.71522,74326.36907666667,370601.78095333336,382616.29688333336,364448.7156966666,179202.51041333334,32193.173396666665,0.0026724305570344255,1002.1529808157618,1027.0
2018-05-01,동작구,5,864.0,931.0,1428.0,178,158,451619.7524384615,416305.096926923,401991.1289923077,81185.94609615384,434117.5581153846,463598.2871653846,409614.4860769231,204109.96945384613,39009.788957692304,0.00191032992818523,862.7427292427975,979.0
2018-06-01,동작구,6,979.0,936.0,1428.0,178,158,447081.1296806451,412211.1076612903,397008.3387387097,78721.28567096774,430338.15747741936,461282.5469451613,405506.56631612906,197251.79486129037,37983.73250967742,0.00191032992818523,854.0724623557983,915.0
2018-07-01,동작구,7,915.0,958.0,1486.0,178,158,448539.3965466667,413966.7584466666,397904.2239233333,73175.07331333333,430853.7471933333,460955.00402,406093.8381066667,183558.33535333336,36260.62066666667,0.00191032992818523,856.8582331932402,1002.0
2018-08-01,동작구,8,1002.0,978.0,1535.0,178,158,442955.5514709677,407589.4331,386683.9572967742,73200.44325806451,423087.2482225807,456826.5138612904,395271.6236709677,181038.87533870968,36667.95834193548,0.00191032992818523,846.1912468307827,1050.0
2018-09-01,동작구,9,1050.0,948.0,1488.0,178,158,439809.1196580645,405739.78132903227,385380.075316129,75876.86331612903,421369.8906451613,454228.0968903226,394202.79974516126,184872.9575032258,34931.75579032258,0.00191032992818523,840.1805239715995,901.0
2018-10-01,동작구,10,901.0,893.0,1399.0,178,158,444501.1660333333,410175.49724,397407.2831133333,73280.00446,428254.28978333337,456749.67016,405508.66305,188839.78054333333,40743.35653,0.00191032992818523,849.1438805867085,894.0
2018-11-01,동작구,11,894.0,882.0,1309.0,178,158,454056.0670225807,419902.3305580645,404715.2873451613,74673.04728064516,437609.5096967742,464641.3800645161,413166.6796709677,192285.47461290323,38176.69250967742,0.00191032992818523,867.3968939073146,907.0
2018-12-01,동작구,12,907.0,1034.0,1550.0,178,158,455203.24947,419714.42024,404052.5062566667,76476.25761,438119.92866,468237.51402,414203.27954666666,200734.32269333332,41090.91264666666,0.00191032992818523,869.5883908697084,1006.0
2019-01-01,동작구,1,1006.0,1030.0,1581.0,176,239,451712.7265064516,417673.95382903225,406629.2457096775,75471.55102580645,435937.9567032258,462038.08628387103,413853.27896774194,189331.84131612905,38074.801,0.00191032992818523,862.9203403874242,904.0
2019-02-01,동작구,2,904.0,839.0,1312.0,176,239,446841.3226806452,412284.1582322581,394221.5566354839,77701.10439032258,428400.39415806456,458276.2075258064,402583.0942483872,191760.7292612903,38936.44469354839,0.00191032992818523,853.6143518667102,766.0
2019-03-01,동작구,3,766.0,814.0,1259.0,176,239,432043.1243892857,399343.2253,385617.2180178571,74507.18354642857,415985.0151142857,444569.093375,393503.6621464286,184534.2281107143,38097.00115,0.00191032992818523,825.3449107875065,807.0
2019-04-01,동작구,4,807.0,864.0,1360.0,176,239,454692.0311419354,418294.69435161294,406346.0837096775,71745.0666,437870.5890548387,465234.3091387097,414320.5701225806,185322.3018451613,40879.74186774194,0.00191032992818523,868.6117951977698,896.0
2019-05-01,동작구,5,896.0,979.0,1469.0,176,239,446873.3549933333,409058.19618,394936.08876,79399.17246666667,428482.8616633333,457915.12587333337,402736.17102,198191.98518,37721.80383999999,0.00191032992818523,853.6755441523071,927.0
2019-06-01,동작구,6,927.0,915.0,1441.0,176,239,431032.0263612903,393532.3539419355,379216.4873806451,72972.27833548386,412859.3464548387,443217.9337580645,387417.5946064516,181915.04821290323,35375.20334838709,0.00191032992818523,823.4133799642979,917.0
2019-07-01,동작구,7,917.0,1002.0,1499.0,176,239,430140.6279033333,393344.07234666665,378995.8155533334,69820.62786666668,412301.1727066666,442624.6756266666,387325.93546666665,171515.19413333334,33110.770853333335,0.00191032992818523,821.7105148121244,949.0
2019-08-01,동작구,8,949.0,1050.0,1609.0,176,239,419145.74247096776,382444.5960096774,362838.0906354839,64073.84359677419,399343.7430096774,431582.01120967744,371620.9437774194,158762.37142258065,31799.140306451613,0.00191032992818523,800.7066561137087,966.0
2019-09-01,동작구,9,966.0,901.0,1399.0,176,239,428659.27995483874,391859.02688064513,372092.6662838709,66182.27472580645,408960.4464,441706.15476451616,381382.0794193548,165314.09586129032,32711.06168387097,0.00191032992818523,818.8806514920594,939.0
2019-10-01,동작구,10,939.0,894.0,1306.0,176,239,436411.10354333336,400027.8147033333,386250.65518,67881.72877,418966.69127666665,448475.4697333333,394544.51410333335,179736.36627,39523.39995,0.00191032992818523,833.689192091173,904.0
2019-11-01,동작구,11,904.0,907.0,1332.0,176,239,446793.3208532258,408163.2263096774,390051.3513225806,71129.91140645162,426797.5885935484,456358.35034354834,398803.563417742,187003.4094774193,37614.22395483871,0.00191032992818523,853.5226525391834,882.0
2019-12-01,동작구,12,882.0,1006.0,1490.0,176,239,452167.8028633333,413633.71629666665,397259.1834266667,70639.49526,433051.77831666666,462873.9164066667,406289.3439566667,184657.3653666667,38301.76521333333,0.00191032992818523,863.7896863715847,918.0
2020-01-01,동작구,1,918.0,904.0,1366.0,152,190,450876.8033096774,413480.2871870968,399508.8078419355,75102.45520000001,432939.76532903226,461524.7582064516,407827.9121483871,192765.36100645165,39452.30080967742,0.00191032992818523,861.323451286962,896.0
2020-02-01,동작구,2,896.0,766.0,1144.0,152,190,438167.5218129032,402474.1323870968,386067.2929483871,73417.43136129032,420240.2951193549,449779.17486774194,395142.1777612904,184876.9018516129,39166.55132580645,0.00191032992818523,837.0445304779435,682.0
2020-03-01,동작구,3,682.0,807.0,1286.0,152,190,447592.9912413793,410287.0975379311,397199.2377379311,74500.09465862068,429841.5825689655,457074.28796551726,404989.6104482759,175695.26678965517,32234.4205,0.00191032992818523,855.0502868143564,689.0
2020-04-01,동작구,4,689.0,896.0,1362.0,152,190,445078.24507096777,408343.90443870967,397528.90033548384,73051.29296774193,428459.7085193548,454114.93801290327,405193.7573580645,165046.7076387097,27317.495245161288,0.00191032992818523,850.2462919432301,671.0
2020-05-01,동작구,5,671.0,927.0,1443.0,152,190,442360.0819533333,405807.40018,391664.80644,74499.08859666667,424786.5833033333,452147.32722,400183.68519333337,171554.59780333334,29211.491423333333,0.00191032992818523,845.0537035899237,724.0
2020-06-01,동작구,6,724.0,917.0,1405.0,152,190,435838.2265935484,400164.97697741934,386878.334367742,71629.24780967741,418847.2582741936,446177.1050483871,395059.90262903227,169585.423216129,31064.192148387097,0.00191032992818523,832.5948081088312,779.0
2020-07-01,동작구,7,779.0,949.0,1486.0,152,190,433414.2672066667,396066.5416666667,380937.32725333335,71040.58101000001,414764.06739,444795.032,388653.78767333337,169851.83829,31043.41295,0.00191032992818523,827.9642459473656,852.0
2020-08-01,동작구,8,852.0,966.0,1476.0,152,190,431453.4346516129,392412.99594193546,377658.0252225807,69069.94819032258,412570.3375451613,442850.83948387095,386134.0016064516,167034.4199064516,31310.696925806453,0.00191032992818523,824.2184088332865,789.0
2020-09-01,동작구,9,789.0,939.0,1440.0,152,190,424176.2782032258,388274.001883871,376862.3313645161,68095.60118387097,407616.8981032258,434724.8597096775,384433.7659516129,158046.80216774193,27667.80022580645,0.00191032992818523,810.3166390778465,617.0
2020-10-01,동작구,10,617.0,904.0,1388.0,152,190,424214.40422,387658.19081,373412.6871033333,67776.38728666666,406304.33189333335,435113.05413,381230.23067,155854.84141333334,26834.55671,0.00191032992818523,810.3894723487327,654.0
2020-11-01,동작구,11,654.0,882.0,1364.0,152,190,419127.13361935486,384119.8170967742,366761.8332225807,67090.96146129032,401127.7633354839,430252.36396451615,375928.6449483871,162535.8634580645,30762.78611935484,0.00191032992818523,800.6711070675434,563.0
2020-12-01,동작구,12,563.0,918.0,1379.0,152,190,418882.56945,384502.78971,367449.2051466667,62142.79654,400867.1356,429553.1422133333,375645.52822,157003.62126,29888.22621333333,0.00191032992818523,800.2039088154631,563.0
2021-01-01,동작구,1,563.0,896.0,1334.0,104,133,415700.5390774194,383490.7543032258,372182.81233870966,59411.86597419354,400393.5126451613,424005.2786612903,378963.675667742,142576.40664516127,24977.004967741934,0.00191032992818523,794.1251809623279,596.0
2021-02-01,동작구,2,596.0,682.0,1077.0,104,133,414762.7720096774,383889.0333225806,371136.5155870968,61540.16835483871,399617.5406064516,422569.2964096774,378414.2166354839,147959.95960645162,26514.594770967746,0.00191032992818523,792.333736467154,595.0
2021-03-01,동작구,3,595.0,689.0,1106.0,104,133,411403.5906928572,378773.3123821429,365226.8369357143,62907.09063928572,395334.4608178571,421245.6952571428,372837.6789714285,156044.95818214284,29609.883475,0.00191032992818523,785.9165918634317,597.0
2021-04-01,동작구,4,597.0,671.0,1068.0,104,133,416577.6876451613,381831.7631193549,366351.4606,66537.75860322581,398914.0406193548,427082.7993903226,374184.93477096775,162479.33211612902,31542.445696774197,0.00191032992818523,795.8008241227501,696.0
2021-05-01,동작구,5,696.0,724.0,1169.0,104,133,413734.0855333333,379291.74703,360908.33669333335,73555.5376,395251.3345566666,424570.1485966667,369375.4831666666,171552.45146,30075.44458333333,0.00191032992818523,790.3686059046744,726.0
2021-06-01,동작구,6,726.0,779.0,1222.0,104,133,410718.36729032255,377442.1570322581,360296.8200129032,70645.01261612904,393153.858632258,421811.9419129032,368563.5465032258,163931.8201064516,28931.916032258065,0.00191032992818523,784.6075890900768,752.0
2021-07-01,동작구,7,752.0,852.0,1292.0,104,133,409326.54470666667,374745.93916,356805.32658,71426.28609333333,390710.1217666667,420901.29025666666,364647.1296666667,165554.37519666666,29564.55659333333,0.00191032992818523,781.9487487537948,688.0
2021-08-01,동작구,8,688.0,789.0,1302.0,104,133,407678.7388096774,375660.2764903226,360552.88096451614,68898.02634193549,390980.4637516129,418257.2446935484,367602.8786774193,159036.91658064516,28075.638448387097,0.00191032992818523,778.8008958329361,684.0
2021-09-01,동작구,9,684.0,617.0,1051.0,104,133,406473.44846129033,374208.7048451613,358958.5694580645,68375.49539354838,389942.6302516129,416776.0659,366799.48475161294,156716.24616451614,27435.88138064516,0.00191032992818523,776.4983936082596,670.0
2021-10-01,동작구,10,670.0,654.0,1101.0,104,133,406681.2852566667,373603.4434833333,358571.90332333336,67142.69776666666,389968.7531133333,417247.8751133333,366571.2081233333,159831.70009333332,30214.05129,0.00191032992818523,776.8954304586451,649.0
2021-11-01,동작구,11,649.0,563.0,996.0,104,133,408651.00721935485,375794.9080354839,358446.5482419355,66979.65513225806,391380.5550290323,419344.01392903225,367201.922,159126.64326774195,28993.148148387096,0.00191032992818523,780.658249274172,696.0
2021-12-01,동작구,12,696.0,563.0,960.0,104,133,409159.87167666666,375536.1170166667,357669.55803,68536.0443,391207.55164,419454.7539633333,366074.3035700001,166158.58300333333,31560.736373333333,0.00191032992818523,781.6303482763645,632.0
2022-01-01,동작구,1,632.0,596.0,999.0,90,115,411960.68720322585,378304.0789645161,362769.315016129,66245.4518,394658.6825516129,421585.0011258065,370435.8760580645,158469.78378064517,29410.17273870968,0.00191032992818523,786.9808300000765,762.0
2022-02-01,동작구,2,762.0,595.0,1014.0,90,115,408363.2699225806,375751.6021935484,360121.64088064514,66062.29659032257,391617.4159806452,417660.5809483871,368173.2204483872,158253.12695806453,30855.023216129037,0.00191032992818523,780.1085761046892,806.0
2022-03-01,동작구,3,806.0,597.0,1053.0,90,115,411437.5570107143,378835.9711821429,366295.06151785713,66033.90971071429,395868.4483321429,420573.9739964286,374071.69619642856,156171.09183214285,29335.19355,0.00191032992818523,785.9814787369843,812.0
2022-04-01,동작구,4,812.0,696.0,1156.0,90,115,419240.1568290323,386935.5389322581,376859.38642258063,64044.74999032258,404818.1586096774,426635.8584483871,384627.3611064516,157211.65530322582,32059.25584516129,0.00191032992818523,800.8870186875698,846.0
2022-05-01,동작구,5,846.0,726.0,1269.0,90,115,415092.68841,381703.7132733333,364682.00611,66959.64803333333,397872.1080933333,424012.1889433333,373763.29563,164431.16723333334,30947.845726666663,0.00191032992818523,792.9639856404893,815.0
2022-06-01,동작구,6,815.0,752.0,1273.0,90,115,419382.5004516129,384330.54442903225,365688.2603677419,67076.47217741936,400989.05516451615,429946.4338,375238.2317483871,166010.96087096774,32615.574709677418,0.00191032992818523,801.1589419698719,783.0
2022-07-01,동작구,7,783.0,688.0,1219.0,90,115,422992.1991233333,387343.7214766667,369349.8419,66872.06048333333,404623.6858400001,433402.42784,378907.76724,163098.1483,31657.950946666664,0.00191032992818523,808.0546573741898,879.0
2022-08-01,동작구,8,879.0,684.0,1149.0,90,115,408509.4485064516,373353.5218419355,354543.6591483871,64402.31088387097,389742.1478193549,419282.125883871,363467.9268870968,154583.13336774192,30242.97850967742,0.00191032992818523,780.3878254283176,969.0
2022-09-01,동작구,9,969.0,670.0,1166.0,90,115,404161.0011225807,368371.01565161295,350564.38094193547,65268.52227741936,385610.8677193548,414188.8609419355,359640.6809580645,153512.43819032257,29431.215193548385,0.00191032992818523,772.0808562497702,887.0
2022-10-01,동작구,10,887.0,649.0,1111.0,90,115,410385.6674033333,374467.65027,362668.3043166667,64625.35298333333,393924.70920333336,420353.5488833334,370879.3677133333,164569.01238333335,36238.82111,0.00191032992818523,783.9720225388573,917.0
2022-11-01,동작구,11,917.0,696.0,1219.0,90,115,411507.1549,377227.6956516129,360732.4446064516,65732.51650967741,394193.8812290322,421521.9394483871,369955.2981,161094.7745225806,32085.468383870968,0.00191032992818523,786.1144336678253,850.0
2022-12-01,동작구,12,850.0,632.0,1240.0,90,115,415336.08406,380051.4525033334,364986.1056633333,66713.24293666666,397918.81971666665,424601.58506,373534.6496366666,168366.99684666668,33421.149373333334,0.00191032992818523,793.4289516350744,972.0
2023-01-01,동작구,1,972.0,762.0,1287.0,134,212,420139.44310645165,383925.1347806452,369947.95665806456,65029.79749354839,402928.23509032256,430623.60545483866,378832.5438709677,161947.71901612903,32159.973780645163,0.00191032992818523,802.6049521773303,839.0
2023-02-01,동작구,2,839.0,806.0,1466.0,134,212,409849.4809032258,375940.6156258064,359609.6203193549,62554.28905483871,392772.87442258064,421117.2636290322,368865.6253612903,155317.1390129032,32290.8257967742,0.00191032992818523,782.9477294206131,732.0
2023-03-01,동작구,3,732.0,812.0,1912.0,134,212,410724.8663642857,374881.0092571429,355549.25905,59488.26738928571,391629.6126464286,421384.61636428576,364896.2574571428,152285.9513357143,32690.195985714287,0.00191032992818523,784.6200044655741,797.0
2023-04-01,동작구,4,797.0,846.0,1511.0,134,212,417700.5428322581,381400.0905741936,368281.8750419355,56129.79409354839,400399.91616774193,428082.2491451613,376179.0388322581,156275.99224193548,37421.5993516129,0.00191032992818523,797.9458479916792,915.0
2023-05-01,동작구,5,915.0,815.0,1491.0,134,212,411864.4061166666,377188.2439366666,362411.2123233333,60329.01213333334,394572.9832633333,421560.2749633333,370364.9912433333,159249.83695,33680.29714,0.00191032992818523,786.7969013589042,944.0
2023-06-01,동작구,6,944.0,783.0,1422.0,134,212,410086.1112,375171.5094645161,358967.211532258,60554.35087741936,392331.0569612903,421176.2272709677,367473.9810548387,157452.4118483871,32783.72796129032,0.00191032992818523,783.3997713584562,842.0
2023-07-01,동작구,7,842.0,879.0,1549.0,134,212,408185.23781,372476.4946533333,354423.7098333333,60867.590253333336,389342.92839666666,419344.7097933333,362963.6952233333,152809.27377666667,31180.474136666668,0.00191032992818523,779.7684760318483,931.0
2023-08-01,동작구,8,931.0,969.0,1828.0,134,212,401172.3749870968,366882.0356290322,345091.9871322581,56948.5723516129,381568.1107,412289.74332580646,354122.1407032258,142668.8697419355,30292.40620967742,0.00191032992818523,766.3715942989988,953.0
2023-09-01,동작구,9,953.0,887.0,1564.0,134,212,395792.77674193546,361767.6505322581,339513.74620000005,55659.66415483871,376181.4222354838,406569.8363419355,348725.52592580643,139052.75310645162,29228.078232258064,0.00191032992818523,756.0947867696543,881.0
2023-10-01,동작구,10,881.0,917.0,1561.0,134,212,399950.71531,367339.05333666666,353534.7386066666,55328.81907,383770.39416,410586.2788266667,361117.9445633333,150467.75458666668,35994.87782,0.00191032992818523,764.0378212557837,875.0
2023-11-01,동작구,11,875.0,850.0,1481.0,134,212,399305.7856483871,366319.8568032258,348843.6317580645,56021.3038483871,381989.6200387097,409815.9502064516,357746.9881870968,147121.53241935483,31016.217393548384,0.00191032992818523,762.8057928216301,822.0
2023-12-01,동작구,12,822.0,972.0,1700.0,134,212,404058.08747666667,369499.0173133333,351697.41125666664,56502.02196333333,385649.6656666667,414611.19268,359877.8751266666,153220.91213333333,34135.772436666666,0.00191032992818523,771.884257231962,904.0
2024-01-01,동작구,1,904.0,839.0,1437.0,78,223,408311.74140967743,373390.6627193548,357956.0424612903,54502.44397419355,390909.9177483872,419611.6092129033,366547.3646322581,148293.1505548387,34627.94503225807,0.00191032992818523,780.0101396443353,850.0
2024-02-01,동작구,2,850.0,732.0,1305.0,78,223,396257.6749516129,363820.27871290327,341023.3077419355,52000.685683870965,377654.5961354839,410395.4983387097,351610.2857935484,137859.14116774194,32150.374177419355,0.00191032992818523,756.9828957331608,734.0
2024-03-01,동작구,3,734.0,797.0,1391.0,78,223,395181.13873793103,362727.7277724138,341288.3076586207,53265.845003448274,376802.99628275866,407697.70879310346,351073.5968137931,140985.6295413793,32210.335793103448,0.00191032992818523,754.9263563853892,707.0
2024-04-01,동작구,4,707.0,915.0,1517.0,78,223,412283.57211935485,378245.5475741936,362474.9886483871,53281.11813225807,394915.0275,424679.6702322581,370599.0650516129,151478.71938387098,37963.84456129032,0.00191032992818523,787.5976467187172,733.0
2024-05-01,동작구,5,733.0,944.0,1643.0,78,223,408218.4533733333,373782.85011,356027.74692,60843.13903666667,389863.7539866667,420013.8736733334,364167.17485,159151.56455666668,33222.38703666667,0.00191032992818523,779.8319287165655,748.0
2024-06-01,동작구,6,748.0,842.0,1501.0,78,223,405869.7297,371890.20265806455,354237.03599032253,61256.97971612903,388014.1476258065,416850.1801774193,363016.3327322581,157019.4894483871,32264.58204193549,0.00191032992818523,775.3450915903597,765.0
2024-07-01,동작구,7,765.0,931.0,1653.0,78,223,403551.11732666666,369963.6823166666,351579.0098966667,62145.37099666667,385564.91254,414806.7580633333,360384.2258333333,154932.50416333333,31895.36684,0.00191032992818523,770.9157769817205,780.0
2024-08-01,동작구,8,780.0,953.0,1649.0,78,223,397023.927583871,362770.9298903226,339261.4362,58414.79051935484,376860.0450903226,408272.0519709677,348630.6096129032,146481.48697096773,30615.881145161293,0.00191032992818523,758.4466910691142,730.0
2024-09-01,동작구,9,730.0,881.0,1616.0,78,223,394045.9613967742,360985.6321354839,338598.2540935484,57913.75414516129,374781.7600451613,406559.5780322581,347811.87817741936,146450.68043870968,31384.749112903228,0.00191032992818523,752.7577931367796,640.0
2024-10-01,동작구,10,640.0,875.0,1478.0,78,223,395700.8008566666,364027.02864,349890.71519,57323.91107666667,379824.11713666667,407467.63007666665,357596.7599266667,154535.86080666666,36426.47175333333,0.00191032992818523,755.9190824833538,672.0
2024-11-01,동작구,11,672.0,822.0,1374.0,78,223,402955.7271032258,370036.9774322581,351493.9653548388,59396.72837741936,385277.9419096775,413498.8515064516,360529.042632258,155360.05341290322,32793.66633870968,0.00191032992818523,769.7783852189325,652.0
2024-12-01,동작구,12,652.0,904.0,1516.0,78,223,402294.3483033333,369181.07199333335,350186.1390133333,61100.77237333333,384291.6240266666,413243.39008333336,359087.81003,161939.56437333336,35370.00454,0.00191032992818523,768.5149335036306,725.0
2025-01-01,동작구,1,725.0,850.0,1387.0,65,270,401213.8604483871,369209.7927,352204.8486129032,58550.32195483871,384614.9805354839,411639.70057096775,361376.5486483871,155567.9992967742,35087.688390322575,0.00191032992818523,766.4508452172862,676.0
2025-02-01,동작구,2,676.0,734.0,1233.0,65,270,389540.7352387097,360038.51940322586,342383.85516774195,56562.29471935484,373752.84446451615,399149.8022064516,351649.7973741935,145267.6126612903,32397.234683870967,0.00191032992818523,744.151324773786,561.0
2025-03-01,동작구,3,561.0,707.0,1295.0,65,270,395121.64048928575,363391.9979857143,342718.10040714283,58030.80797142857,377140.7766892857,403499.1504142857,351967.5673857143,148379.32907857143,31427.122235714287,0.00191032992818523,754.8126951003275,612.0
2025-04-01,동작구,4,612.0,733.0,1375.0,65,270,403047.24417419353,371897.3490548388,357500.07308709674,57690.49931612903,387409.104916129,412034.5483903226,365515.7099645161,156768.86571612902,37706.51591935484,0.00191032992818523,769.953213018542,592.0
2025-05-01,동작구,5,592.0,748.0,1426.0,65,270,401507.0284833333,369631.0179166666,353154.29070333333,65261.98401666667,384680.4935133333,410292.28256,361123.34455,168731.49151,34675.814626666666,0.00191032992818523,767.0108928884312,620.0
2025-06-01,동작구,6,620.0,765.0,1403.0,65,270,394942.6363935484,364522.68905483873,349092.5976612903,59585.67682903226,379286.4258387096,404799.7519322581,357367.73109032254,157184.99403225808,33452.85183870968,0.00191032992818523,754.4707382189727,626.0
2025-07-01,동작구,7,626.0,780.0,1513.0,65,270,395881.42997,365252.5632533334,349594.8124433333,63067.17986,379863.0944033333,405572.9152233333,357437.4246166666,158974.90984333336,31902.40999,0.00191032992818523,756.2641436844563,687.0
2025-08-01,동작구,8,687.0,730.0,1654.0,65,270,389219.1441741936,356556.2717483871,333960.8557677419,60991.67411612904,370002.476116129,400114.8838548386,343099.1408483871,151279.61636451614,30121.854570967746,0.00191032992818523,743.5369797386039,713.0
2025-09-01,동작구,9,713.0,640.0,1310.0,65,270,384394.1430032258,353655.4005483871,333614.81861290324,61032.75176451613,366864.15289032256,395422.8127516129,342322.16675161285,149979.89105483872,29921.28437741936,0.00191032992818523,734.3196355981753,717.0
2025-10-01,동작구,10,717.0,672.0,1316.0,65,270,399191.9269933333,367847.7002566667,351925.8109433333,62669.29269333334,382720.06953,409295.8792566666,359659.4690966667,168832.29612333333,38574.70207,0.00191032992818523,762.588285225298,647.0
2025-11-01,동작구,11,647.0,652.0,1225.0,65,270,385402.7970935484,355522.2591354839,340178.2463516129,60062.42637096774,370117.3469645161,395682.3792580645,348717.71679032256,155300.30074193547,33211.62237419355,0.00191032992818523,736.2464976941051,732.0
2025-12-01,동작구,12,732.0,725.0,1448.0,65,270,396149.17788,364913.57646,347759.59276333335,61532.347806666665,379531.98406,405678.87317,356267.91272333334,160017.16726000002,34287.075366666664,0.00191032992818523,756.7756305301382,766.0
2018-05-01,마포구,5,1386.0,1479.0,2359.0,258,533,500878.1614269231,476705.4302346154,472556.8710269231,87546.68426153847,515256.5959961538,555929.976,535386.4043961539,306920.67378461536,74626.23067692308,0.0026747539495691544,1339.725840529599,1590.0
2018-06-01,마포구,6,1590.0,1535.0,2461.0,258,533,499577.9299903226,476555.5145129032,469965.7774451613,83329.36575806452,515530.691883871,562354.9746129032,536120.9336419355,301551.6159645162,76075.45745483872,0.0026747539495691544,1336.248041359198,1561.0
2018-07-01,마포구,7,1561.0,1585.0,2563.0,258,533,495303.05486,472519.91954333335,467499.2692833334,79688.48535666666,509126.5617266667,551483.1974599999,528479.4713566668,282495.39116666664,70565.52666,0.0026747539495691544,1324.8138022204525,1576.0
2018-08-01,마포구,8,1576.0,1540.0,2438.0,258,533,492757.8253258065,472118.3937516129,466038.4155870968,79416.42925483872,508272.53102258063,551238.046916129,529993.1190193548,287667.0114193548,74221.31727096775,0.0026747539495691544,1318.0059394713085,1555.0
2018-09-01,마포구,9,1555.0,1440.0,2367.0,258,533,494769.4209096774,473124.4607032258,470985.3438935484,82782.69810000001,510982.4899967742,553716.457816129,532029.1240903225,297305.84965483873,75167.05357741936,0.0026747539495691544,1323.386462704203,1499.0
2018-10-01,마포구,10,1499.0,1472.0,2369.0,258,533,496047.92613,470568.0700033333,470424.57857,78327.71907,509572.0474433333,551644.36627,528505.8173033333,285014.3499866667,73379.95861333334,0.0026747539495691544,1326.8061495918057,1446.0
2018-11-01,마포구,11,1446.0,1366.0,2236.0,258,533,509040.7079129032,484980.21338387096,484561.3347354839,87164.65722258064,527087.0134870968,570164.8612129032,550697.0315612903,306760.178816129,76574.93831612903,0.0026747539495691544,1361.5586439815163,1349.0
2018-12-01,마포구,12,1349.0,1631.0,2603.0,258,533,501740.2396166667,474389.914,468637.9851466667,91032.37841,515546.3666133333,565433.3075566667,534874.9444033334,309819.4597333333,76465.73023,0.0026747539495691544,1342.0316875724532,1560.0
2019-01-01,마포구,1,1560.0,1524.0,2468.0,184,297,504536.52957741934,475690.5664580645,481130.8747677419,83532.4514483871,517916.26689677424,557980.9823129033,536647.8991354839,287416.0579870968,73354.88111290323,0.0026747539495691544,1349.5110751891168,1261.0
2019-02-01,마포구,2,1261.0,1334.0,2218.0,184,297,501589.03570967744,476778.5057387097,478412.1782,90937.35665806451,517903.1892258065,557426.5109096774,540743.0041709677,308417.8718129032,77590.60078709677,0.0026747539495691544,1341.6272543250434,1183.0
2019-03-01,마포구,3,1183.0,1399.0,2206.0,184,297,481451.210675,459143.27205,458397.7237285714,86156.26681785715,496943.6432607143,536356.2026321428,518633.04886428575,292322.96492500004,75379.28621428572,0.0026747539495691544,1287.7635272778073,1322.0
2019-04-01,마포구,4,1322.0,1386.0,2220.0,184,297,502715.5124709678,476679.59177096776,479794.8960290323,79851.19345806452,517832.2598580645,557363.1795096775,538995.7062096774,277746.1787516129,71482.47396129032,0.0026747539495691544,1344.6403024914025,1357.0
2019-05-01,마포구,5,1357.0,1590.0,2465.0,184,297,495509.2074733333,468264.6008266667,474411.0374433333,91680.71354,510536.6854633333,544356.93434,531575.1546566667,306777.77816333337,72644.76760333333,0.0026747539495691544,1325.3652097371798,1482.0
2019-06-01,마포구,6,1482.0,1561.0,2716.0,184,297,487651.39910645166,460622.8842322581,464712.19229032256,83834.54319032257,502578.1694612903,540633.5592516129,523475.648,284970.77477419353,70212.05530967742,0.0026747539495691544,1304.3475057729056,1448.0
2019-07-01,마포구,7,1448.0,1576.0,2777.0,184,297,489188.7496,461004.11756333336,465901.29275,82719.96625333333,502247.95926,540216.11352,520530.8527766667,274103.22519666667,66426.82819333333,0.0026747539495691544,1308.459540077396,1500.0
2019-08-01,마포구,8,1500.0,1555.0,2596.0,184,297,477704.69638387096,454977.70532903227,454753.9844419355,76881.31550645162,493460.7614516129,534044.4681645161,515519.2525580645,265135.532783871,67743.13397419355,0.0026747539495691544,1277.7425233804927,1585.0
2019-09-01,마포구,9,1585.0,1499.0,2359.0,184,297,494486.5360451613,470182.5909225807,470958.4082064516,80705.73287096774,509402.0745451613,550105.031516129,530283.8284387097,277665.54489677417,71338.4965483871,0.0026747539495691544,1322.6298152955653,1403.0
2019-10-01,마포구,10,1403.0,1446.0,2306.0,184,297,497950.12817333336,470138.1081733333,475139.89709,83398.97627666667,512458.7822933334,551160.6514399999,532770.8980466666,288164.91589666664,73588.69574666666,0.0026747539495691544,1331.89407202009,1493.0
2019-11-01,마포구,11,1493.0,1349.0,2152.0,184,297,506518.511666129,480225.6143467742,485822.2126354839,86986.51424032258,526124.4036241935,565830.0529854839,553572.6523854838,310201.0525741935,77716.61947903226,0.0026747539495691544,1354.8123896088684,1352.0
2019-12-01,마포구,12,1352.0,1560.0,2421.0,184,297,507254.69958,478519.3203166667,483845.4628433333,84941.22658,524695.57813,564945.8418966667,549112.8081,302135.6908466667,77348.46972333334,0.0026747539495691544,1356.7815111391199,1480.0
2020-01-01,마포구,1,1480.0,1261.0,2053.0,203,246,507925.0579387097,478766.5673096774,483284.7200806452,88270.42309032257,524006.2726354839,566585.0853032258,546519.9731935484,311322.637367742,80081.53285806451,0.0026747539495691544,1358.5745548067052,1294.0
2020-02-01,마포구,2,1294.0,1183.0,1919.0,203,246,487477.1012935484,462674.6074419355,464738.250167742,85631.85817741936,503148.6319580645,543223.7487258064,525088.774883871,296953.469032258,76717.2280967742,0.0026747539495691544,1303.8813020094415,1113.0
2020-03-01,마포구,3,1113.0,1322.0,2115.0,203,246,492384.17396551726,469171.5339,474117.1563689655,85964.40761034483,508320.3476965517,543712.8986655172,530630.9909137931,285792.61708275863,69297.27965517242,0.0026747539495691544,1317.006514019613,967.0
2020-04-01,마포구,4,967.0,1357.0,2237.0,203,246,471707.6814483871,458647.0347096774,456521.3261451613,84796.49911612904,486044.69413225807,517371.82017741934,506116.5119032258,263766.6509419355,59623.40332258065,0.0026747539495691544,1261.701983996182,1023.0
2020-05-01,마포구,5,1023.0,1482.0,2488.0,203,246,469467.95620666665,458954.90602,452847.8681866667,88765.45584,483431.96081,517679.10817,502981.56725666666,278727.59762333333,64128.45260333333,0.0026747539495691544,1255.7112700599405,1106.0
2020-06-01,마포구,6,1106.0,1448.0,2300.0,203,246,464021.32782580645,452945.7836741936,448323.55803225806,87475.08061290321,477526.6743354839,510304.7602967742,496434.1594741936,274365.5756096774,63186.5987483871,0.0026747539495691544,1241.1428792863992,1099.0
2020-07-01,마포구,7,1099.0,1500.0,2492.0,203,246,474220.1770466667,458107.75619,457118.47592,87666.76230333332,488947.0749433333,523290.5405666667,509564.7319966666,284198.40727333335,66579.54828333334,0.0026747539495691544,1268.4222915209555,1271.0
2020-08-01,마포구,8,1271.0,1585.0,2588.0,203,246,472926.6717741935,459522.9228258064,454395.962832258,86417.23791612903,488308.1176,526126.9291354838,509842.1417774193,286437.49033548386,68685.42516129033,0.0026747539495691544,1264.9624831846193,1213.0
2020-09-01,마포구,9,1213.0,1403.0,2282.0,203,246,463319.332583871,448162.2133387097,448525.7143774194,85507.2218967742,476517.4833354839,507018.83818387095,494994.8943870968,266795.64152903226,61708.066687096776,0.0026747539495691544,1239.2652147404535,1026.0
2020-10-01,마포구,10,1026.0,1493.0,2385.0,203,246,461924.40208333335,447718.3771733333,448617.8686066667,84197.22939666666,475710.40766333335,505318.70399666665,495010.8154733333,262993.33464333334,59134.76663333333,0.0026747539495691544,1235.534118874766,1101.0
2020-11-01,마포구,11,1101.0,1352.0,2176.0,203,246,460123.4032516129,447532.6599419355,442674.56922580645,85055.95958064515,473218.43381935486,506668.2112193549,491551.4766354839,276969.25297419354,66453.34455806452,0.0026747539495691544,1230.7168901364523,1037.0
2020-12-01,마포구,12,1037.0,1480.0,2306.0,203,246,460860.4370433333,448336.12551,445400.74897,84554.93583,474791.51461666665,506497.33238,494295.0232133333,274732.23668,65407.564803333335,0.0026747539495691544,1232.6882741818224,881.0
2021-01-01,마포구,1,881.0,1294.0,2060.0,153,194,447115.8094806452,435034.6575419355,438188.2351838709,81189.34632903227,460814.0519806452,486200.593416129,479991.5914741936,242911.53683870967,53225.25727096775,0.0026747539495691544,1195.9247773231655,944.0
2021-02-01,마포구,2,944.0,1113.0,1800.0,153,194,443440.074716129,434272.2869225807,434185.2139709677,83010.45386451614,457646.9682225807,486012.9020225807,477536.61913225806,251174.63527096776,56824.949925806446,0.0026747539495691544,1186.093091244207,920.0
2021-03-01,마포구,3,920.0,967.0,1648.0,153,194,444995.7136,435064.110875,431996.04119285714,83877.23087142858,460807.14905,496636.7874678572,482943.1587035715,269563.75612142857,65155.722075,0.0026747539495691544,1190.2540424929443,1040.0
2021-04-01,마포구,4,1040.0,1023.0,1720.0,153,194,455447.9996774194,444982.1942032258,440854.7545548387,84029.10955806452,471460.5199193548,507357.8891741936,493878.0482580645,272529.4826451613,66828.98878709678,0.0026747539495691544,1218.2113359605485,1101.0
2021-05-01,마포구,5,1101.0,1106.0,1898.0,153,194,452231.87131666666,444240.46724,437903.48409,90296.85617,468100.5175633334,503517.17948333337,490316.6223033333,289516.8271466667,67760.75887333333,0.0026747539495691544,1209.6089839253038,1192.0
2021-06-01,마포구,6,1192.0,1099.0,1930.0,153,194,452008.5182838709,441764.4503258065,437647.6039806452,87625.1333,467264.7846709677,504033.2445129032,488623.5576258064,279022.2118580645,66463.94322258064,0.0026747539495691544,1209.011569518685,1378.0
2021-07-01,마포구,7,1378.0,1271.0,2136.0,153,194,453837.3098766666,445329.9762233333,438836.6799666667,89867.13307666667,470325.8306766666,508587.3022033333,493409.75979333336,289207.9958833333,69574.41017,0.0026747539495691544,1213.9031370544542,1232.0
2021-08-01,마포구,8,1232.0,1213.0,2225.0,153,194,444759.7454096774,435845.9256419355,432945.3527580645,84552.9686,459547.6827580645,489072.728116129,480250.7950645161,263312.28196129034,61146.28053225807,0.0026747539495691544,1189.622885643906,1261.0
2021-09-01,마포구,9,1261.0,1026.0,1797.0,153,194,441423.8107806451,432017.47664193553,428853.38615483866,84630.02789032258,457453.9773709677,491273.0204870968,479896.2105935484,263411.2337548387,62068.89067096774,0.0026747539495691544,1180.7000813193977,1275.0
2021-10-01,마포구,10,1275.0,1101.0,1985.0,153,194,437440.7151466666,427785.71585333336,423518.26549,82793.01634666667,453004.9984133334,488223.4802,474794.99498,263162.48232333333,63480.62386666667,0.0026747539495691544,1170.046280540902,1225.0
2021-11-01,마포구,11,1225.0,1037.0,1784.0,153,194,442751.4330709677,435132.11082258064,428700.0745580645,81837.12378709677,458931.6888806452,496241.0043193548,481584.0470096774,266632.50018064515,64881.68192580645,0.0026747539495691544,1184.2511442839739,1232.0
2021-12-01,마포구,12,1232.0,881.0,1540.0,153,194,453871.39406666666,443462.8370566666,437476.73363,83769.09011666666,469367.2616866667,505703.60280000005,491061.47638666665,282924.50437000004,70866.26363666666,0.0026747539495691544,1213.9943038762747,1084.0
2022-01-01,마포구,1,1084.0,944.0,1732.0,101,174,450218.9052,441435.2451612904,435841.4360774194,75432.60636774193,466890.0268193548,503724.423316129,490229.5970709677,263394.34402258066,66973.26960967742,0.0026747539495691544,1204.2247948544007,1103.0
2022-02-01,마포구,2,1103.0,920.0,1669.0,101,174,439522.8614419355,434063.3891032258,424881.6751129032,75004.28956451612,457535.5653096774,498492.7460548388,482753.3507290322,263811.0595806452,68542.40452258065,0.0026747539495691544,1175.6155095677532,1048.0
2022-03-01,마포구,3,1048.0,1040.0,1905.0,101,174,442659.14536428574,433440.81612857146,428704.983175,75325.02293214285,459305.1230285714,497642.6726535714,482609.491775,256042.04055714284,64608.198467857146,0.0026747539495691544,1184.0042973760296,1201.0
2022-04-01,마포구,4,1201.0,1101.0,1989.0,101,174,450151.3649677419,439689.8492354839,435432.3310709677,73919.19614193548,465196.8282225807,501229.7333258065,486260.4768032258,249613.6944967742,62811.45086451613,0.0026747539495691544,1204.0441413514136,1187.0
2022-05-01,마포구,5,1187.0,1192.0,2197.0,101,174,455201.3703066667,444317.8525166667,437948.3544633333,78769.20524666666,470402.0580233334,507947.20534,491683.0208066666,276922.09324333334,69486.25809666667,0.0026747539495691544,1217.551663077048,1320.0
2022-06-01,마포구,6,1320.0,1378.0,2465.0,101,174,468122.7958516129,454292.3208387097,449073.37302258064,78099.4328451613,483954.46745483874,523953.5338193549,506118.8077129033,285323.21477419353,74792.81787096773,0.0026747539495691544,1252.1132970874564,1248.0
2022-07-01,마포구,7,1248.0,1232.0,2302.0,101,174,475319.5701133333,458659.7836033333,455055.7390966667,79117.48752,489830.4658133333,531620.5986033333,510145.7197866666,282299.71269333333,72985.89075666666,0.0026747539495691544,1271.3628974681508,1389.0
2022-08-01,마포구,8,1389.0,1261.0,2184.0,101,174,464416.6931870968,448495.13596129033,444665.455,74360.26817419354,480056.1464193549,521431.14480967744,501951.3809548387,271952.6432548387,72957.50726451614,0.0026747539495691544,1242.2003843480334,1525.0
2022-09-01,마포구,9,1525.0,1275.0,2335.0,101,174,458431.8845258064,442214.2820483871,439735.5966322581,74758.00907741935,474432.9017354839,514265.3685129032,496834.3258322581,271723.5318516129,72507.75385483871,0.0026747539495691544,1226.1924937438312,1409.0
2022-10-01,마포구,10,1409.0,1225.0,2281.0,101,174,462955.95427333337,443440.4473866667,441721.03142666665,76834.56613666666,478792.5534866666,519984.24977,500963.79236666666,277133.1983666667,73884.83576333334,0.0026747539495691544,1238.2932671691553,1414.0
2022-11-01,마포구,11,1414.0,1232.0,2498.0,101,174,467608.06435806456,446998.7612967741,446169.221332258,75872.45892258066,483884.8028258065,524180.5115645161,506672.2366677419,274615.4473870968,72638.23464193549,0.0026747539495691544,1250.7365169921204,1324.0
2022-12-01,마포구,12,1324.0,1084.0,2306.0,101,174,467456.1736766667,447359.7463366667,446861.8866866667,77772.13235666667,484172.8041566667,523792.2771333333,507576.08685,282155.0680466667,73377.32960333333,0.0026747539495691544,1250.3302467921487,1445.0
2023-01-01,마포구,1,1445.0,1103.0,2071.0,111,234,470850.083132258,450614.1003096774,449057.2195354839,74888.87532258064,487812.1040967742,529440.4996129032,511558.9334612903,273525.7233870968,73263.28841935484,0.0026747539495691544,1259.4081195129718,1293.0
2023-02-01,마포구,2,1293.0,1048.0,2078.0,111,234,457835.9065806452,441307.10908064514,437112.3050483871,73507.01509032259,474580.63880322577,515134.7601580645,498023.2639451613,266005.0802612903,72976.16513870968,0.0026747539495691544,1224.598399381155,1129.0
2023-03-01,마포구,3,1129.0,1201.0,2842.0,111,234,470093.3023178572,455281.0461285714,447414.43801785714,75890.83523571429,489657.9761678571,536736.9019321429,517048.5195678571,283435.6393535714,81051.30645714285,0.0026747539495691544,1257.3839170406952,1268.0
2023-04-01,마포구,4,1268.0,1187.0,2456.0,111,234,476400.5626064516,455512.9858354839,454198.25901290326,73202.60853548387,493910.140516129,537686.0237032258,518423.5496032258,270983.596383871,75367.34848064516,0.0026747539495691544,1274.2542864085738,1330.0
2023-05-01,마포구,5,1330.0,1320.0,2543.0,111,234,471980.75115333335,450674.31144666666,450111.09367,79813.00880666666,488622.1019866666,529913.10059,511919.9931433333,285465.49677333335,75655.89356666667,0.0026747539495691544,1262.4323782679946,1477.0
2023-06-01,마포구,6,1477.0,1248.0,2322.0,111,234,467989.6605354839,446941.9624225807,446666.7399483871,77918.75283548387,484504.5224645161,525179.3102096774,507625.3291548387,279027.9985451613,73532.36028064515,0.0026747539495691544,1251.7571928748134,1360.0
2023-07-01,마포구,7,1360.0,1389.0,2802.0,111,234,469241.2529766666,448683.6149966666,448043.8425633333,78483.37395,486194.89477,528031.1424366666,509929.99327333336,281033.83103666664,74764.1223,0.0026747539495691544,1255.1048947001177,1430.0
2023-08-01,마포구,8,1430.0,1525.0,3020.0,111,234,465371.3389483871,447419.7131354839,442649.1072193548,74036.61116774194,482222.5258806452,528164.9879580645,505814.1875870968,272120.18528387096,75863.4127,0.0026747539495691544,1244.753826868484,1421.0
2023-09-01,마포구,9,1421.0,1409.0,2698.0,111,234,456259.1051387097,438643.629383871,435242.50699677423,72874.8832032258,472459.4063,514028.00101935485,495139.8279193549,263919.8932483871,72898.93269032257,0.0026747539495691544,1220.3808434966518,1381.0
2023-10-01,마포구,10,1381.0,1414.0,2548.0,111,234,460683.2742366667,439978.8792933334,437546.3183166666,71212.61469,476460.3897666667,516778.8324033333,498548.3515366667,265091.67342,74936.83700999999,0.0026747539495691544,1232.2144072649742,1341.0
2023-11-01,마포구,11,1341.0,1324.0,2488.0,111,234,463242.50731935486,442269.0403709677,441252.3850935484,72760.21329677419,480384.79166451615,524367.8793967742,504383.9897322581,271412.546567742,74760.5846967742,0.0026747539495691544,1239.0597260607624,1261.0
2023-12-01,마포구,12,1261.0,1445.0,2585.0,111,234,470512.4023633333,448864.22915666667,450548.1303633333,73947.38356666667,487521.31114666665,529150.6911299999,511333.7834233333,280571.3014,78966.81842,0.0026747539495691544,1258.504906542597,1405.0
2024-01-01,마포구,1,1405.0,1293.0,2403.0,87,252,477917.1849548387,452542.1081935484,456236.0551419355,71676.93849354838,493812.71283548384,536468.203416129,516066.4518548387,273823.52969677415,79963.57470322581,0.0026747539495691544,1278.310878024927,1213.0
2024-02-01,마포구,2,1213.0,1129.0,2204.0,87,252,454545.5469,437432.9691548387,434156.247583871,67480.69898709677,470219.2540903226,509538.4886967742,492162.4441645161,255543.3677645161,74943.17261935484,0.0026747539495691544,1215.7974968298463,1081.0
2024-03-01,마포구,3,1081.0,1268.0,2421.0,87,252,457505.6352896552,440239.23494137934,438001.8385724138,69969.63994137931,473237.82531034487,513748.56084827584,495262.8913310345,263498.8734931034,77329.68851724139,0.0026747539495691544,1223.7150049411503,1053.0
2024-04-01,마포구,4,1053.0,1330.0,2602.0,87,252,472777.9186451613,451916.3789870968,453580.2958806452,68123.17509677418,488725.3732161291,532516.2489903226,511051.8096354839,259486.59296774195,76505.03238064516,0.0026747539495691544,1264.5646051652295,1045.0
2024-05-01,마포구,5,1045.0,1477.0,2842.0,87,252,471887.42445,449021.61754,451921.12441,76282.76563333333,488017.96818666667,529216.4238,510600.72943666665,278741.1710033333,74619.21176,0.0026747539495691544,1262.1827522996534,1122.0
2024-06-01,마포구,6,1122.0,1360.0,2648.0,87,252,464863.957816129,444656.8715387097,443045.4308548387,69582.7558548387,482058.2975548388,525683.6996612904,506130.3731935484,264694.05163225805,73902.1947548387,0.0026747539495691544,1243.3967071810398,1142.0
2024-07-01,마포구,7,1142.0,1430.0,2849.0,87,252,463502.2557133333,442263.93082666665,441676.90617,70738.36457333334,478812.73859,522426.42913,500247.4146333333,263029.26958,72369.84653333334,0.0026747539495691544,1239.7544891034504,1173.0
2024-08-01,마포구,8,1173.0,1421.0,2869.0,87,252,450670.1285193548,435611.3729709678,429814.8933870968,67212.22039354838,468506.6880258065,514338.82907741936,493477.87134193553,258819.73579677416,74314.67115806452,0.0026747539495691544,1205.4317062099826,1214.0
2024-09-01,마포구,9,1214.0,1381.0,2689.0,87,252,442455.0552322581,428618.4727096774,420508.0832322581,66834.67742903225,459648.9075612904,505819.3499064517,483720.3008419354,258502.8409516129,75350.83448709677,0.0026747539495691544,1183.4584064893206,940.0
2024-10-01,마포구,10,940.0,1341.0,2521.0,87,252,442361.41138,425721.9682866666,419147.1937633333,68895.84791333333,458861.2427733333,503707.6315466667,481961.00674,261635.45626666668,74801.02676000001,0.0026747539495691544,1183.2079322256404,972.0
2024-11-01,마포구,11,972.0,1261.0,2249.0,87,252,454659.212483871,436640.03595806455,433050.59517096775,69253.3965483871,473124.0642354839,518353.4904419355,498974.85665806447,269427.3230806452,75749.45181290324,0.0026747539495691544,1216.1015242992353,1010.0
2024-12-01,마포구,12,1010.0,1405.0,2666.0,87,252,456260.8309,438217.2527733333,435396.9996033333,71983.49695,474046.0883866666,517978.2386033333,498945.44886,279952.5149866667,78887.47948,0.0026747539495691544,1220.385459483479,1058.0
2025-01-01,마포구,1,1058.0,1213.0,2239.0,97,207,455105.1546806452,435877.4311774193,432403.0367096774,69432.0846,472584.9048064517,518505.4437741935,497056.555,268161.6953774193,76712.12031935484,0.0026747539495691544,1217.2943099513368,1078.0
2025-02-01,마포구,2,1078.0,1081.0,2027.0,97,207,436975.6703096774,421210.77267741936,417656.065816129,67472.7511967742,452865.6022193548,494464.7698516129,475111.5069032258,251430.2477096774,72039.06952903226,0.0026747539495691544,1168.8024000264384,987.0
2025-03-01,마포구,3,987.0,1053.0,2123.0,97,207,445614.7138464286,435419.9189571428,424762.9287821428,68722.82623928571,465826.77175357146,514592.5903571429,494123.6528035714,268655.4623857143,79462.897575,0.0026747539495691544,1191.9097158468635,1033.0
2025-04-01,마포구,4,1033.0,1045.0,2223.0,97,207,452725.36234193546,435658.0820451613,431490.5179,66842.96256129032,470961.0178580645,516017.2428935484,496490.9355709677,258181.97351612904,74391.91551290323,0.0026747539495691544,1210.9289509942184,1051.0
2025-05-01,마포구,5,1051.0,1122.0,2410.0,97,207,453840.2677,435256.8479966667,433234.1002366667,75575.84715,471938.3682933334,514339.21016,497275.70910333336,280960.50997,74818.44655333334,0.0026747539495691544,1213.9110485040974,1088.0
2025-06-01,마포구,6,1088.0,1142.0,2489.0,97,207,449830.1771612904,432994.8538419355,429009.9872741936,70784.90565161289,467523.6991193548,512676.19481612905,492294.6298419355,268600.8724935484,74818.95764516128,0.0026747539495691544,1203.185042997554,1117.0
2025-07-01,마포구,7,1117.0,1173.0,2573.0,97,207,449200.1856566667,431323.4097800001,429561.29688,72978.04976666666,465738.48714,507131.5218533333,488892.1092333334,265630.30048,70923.67658,0.0026747539495691544,1201.4999707323666,1109.0
2025-08-01,마포구,8,1109.0,1214.0,2735.0,97,207,444044.572367742,429973.544783871,423589.8479290323,70881.35683225807,462074.4940129033,507281.1372,487316.3842903226,266518.36131935485,74195.94671935485,0.0026747539495691544,1187.709973725364,1109.0
2025-09-01,마포구,9,1109.0,940.0,2335.0,97,207,441530.76912580646,427737.3293387097,420800.6904096774,72003.09131290323,458696.09788064513,504473.28112903226,482727.5581096775,265924.58809677424,74643.05163548386,0.0026747539495691544,1180.9861685755573,1138.0
2025-10-01,마포구,10,1138.0,972.0,2226.0,97,207,455114.82428,439328.89232333336,434024.7574766667,73308.80798666667,473066.7519166666,518931.9073133333,498199.45063,279030.76768333337,79743.49065333333,0.0026747539495691544,1217.3201737504016,1101.0
2025-11-01,마포구,11,1101.0,1010.0,2165.0,97,207,442991.8841354839,423087.03742258064,420966.0498290323,67977.11316774193,458691.0832483872,501807.0485806452,480669.96201612905,259148.10836774195,73712.70931935485,0.0026747539495691544,1184.8942917184668,1067.0
2025-12-01,마포구,12,1067.0,1058.0,2219.0,97,207,455461.99888666667,435316.1014833333,434792.3532066667,69305.24532,472078.7703766667,515179.72139666666,495342.2504666667,266689.8398433333,75033.06448333334,0.0026747539495691544,1218.2487804007735,1169.0
2018-05-01,서대문구,5,967.0,983.0,1632.0,158,244,408191.849173077,378377.44024230767,396677.07511153846,74024.8377,410564.5320423077,424705.32880769233,413886.2880769231,231083.33316538465,45531.039269230765,0.0025018435173395593,1021.2321316845098,987.0
2018-06-01,서대문구,6,987.0,915.0,1592.0,158,244,409551.184383871,381300.1032870968,396561.4112451613,72181.07072580645,413776.0273451613,431157.6780225806,418333.6989709677,229939.39540322585,46621.663451612905,0.0025018435173395593,1024.632975669526,1049.0
2018-07-01,서대문구,7,1049.0,974.0,1678.0,158,244,417388.7329900001,389617.04888,408148.7846033333,71358.38150666667,421748.93621,438076.8323566666,427853.22071,228692.28985666667,45568.62796,0.0025018435173395593,1044.2412958416041,1087.0
2018-08-01,서대문구,8,1087.0,1003.0,1720.0,158,244,411528.86347741936,385218.1798,402698.3685967742,73705.97248387097,417049.8837903226,432929.53305483866,424779.3122354839,232339.4205064516,48333.395125806455,0.0025018435173395593,1029.5808192890981,1080.0
2018-09-01,서대문구,9,1080.0,951.0,1711.0,158,244,401157.7027064517,374572.6382774193,394201.97963225807,73001.45887741937,406349.0940129032,420023.47735161294,412355.0604451613,226085.71783548387,46053.53955483871,0.0025018435173395593,1003.6337979469664,1012.0
2018-10-01,서대문구,10,1012.0,944.0,1605.0,158,244,409665.25217,381224.43612666667,399229.67657,69461.85972666666,415787.4015833333,436188.4110266667,424358.4107666667,225484.57265666669,49795.80760666667,0.0025018435173395593,1024.9183554207902,998.0
2018-11-01,서대문구,11,998.0,886.0,1511.0,158,244,418749.0513225807,390471.9371,410051.0697322581,73010.54073870968,426939.8972451613,446611.6903387097,437092.31427741935,234366.9361806452,48680.43196774194,0.0025018435173395593,1047.644599443489,961.0
2018-12-01,서대문구,12,961.0,1014.0,1651.0,158,244,417575.48775333335,389321.60867,402734.48565,75744.53366333334,424681.50379333337,450208.92944,434629.92627,243517.39028,50804.26607333333,0.0025018435173395593,1044.7085270355815,1073.0
2019-01-01,서대문구,1,1073.0,1041.0,1753.0,174,186,422562.7257516129,391179.7924645162,416316.951516129,72903.23941935484,429350.545116129,445735.713616129,438853.4922225807,229281.88523870968,47681.51717741935,0.0025018435173395593,1057.185816091007,964.0
2019-02-01,서대문구,2,964.0,885.0,1456.0,174,186,412786.0464838709,382246.5748129032,405784.39669032255,76705.70881612904,417449.4849387097,429699.2821645161,423978.2987516129,233541.03823225808,48345.50513870968,0.0025018435173395593,1032.7260944438983,877.0
2019-03-01,서대문구,3,877.0,971.0,1593.0,174,186,398001.1959714285,368539.43640357145,387585.9933,73177.23041071428,402206.13525,415985.5531,408093.0502714286,221717.63755,47013.69266785715,0.0025018435173395593,995.7367120345099,970.0
2019-04-01,서대문구,4,970.0,967.0,1617.0,174,186,419690.2872290323,391979.7826612903,409447.7474225807,68388.1419548387,427383.0420032258,446245.10428064514,438152.8986838709,223072.7552,52040.64923870967,0.0025018435173395593,1049.9994243943322,978.0
2019-05-01,서대문구,5,978.0,987.0,1718.0,174,186,414979.35621,387301.7720933333,404437.44752,79011.14884333333,423090.84539333335,443100.3601433334,434446.9302666666,245783.37881,49613.35680666667,0.0025018435173395593,1038.2134121637323,1042.0
2019-06-01,서대문구,6,1042.0,1049.0,2123.0,174,186,403691.98165806447,374317.9516387097,393297.5326935484,70137.84783548387,411049.3700774194,431405.59680967743,421349.71387741936,221928.75053225807,46472.49496129032,0.0025018435173395593,1009.9741673131889,1009.0
2019-07-01,서대문구,7,1009.0,1087.0,2143.0,174,186,397625.39341,367870.16063,389448.4656233333,67905.72921666667,403253.3375466667,418888.13104,411132.4593733333,207432.11923,42691.95655666666,0.0025018435173395593,994.7965128324005,1100.0
2019-08-01,서대문구,8,1100.0,1080.0,1941.0,174,186,384700.3556709678,357422.80131290323,378390.2630806452,61843.7003516129,390467.3042193548,404455.27739354834,398541.0321806452,196051.02426451613,42397.27568387097,0.0025018435173395593,962.4600909536335,1062.0
2019-09-01,서대문구,9,1062.0,1012.0,1686.0,174,186,392159.2710483871,363384.61966774194,385060.8014064516,62893.35363870968,397045.3060096774,411278.0836903226,403885.7549580645,200257.67857096772,43362.62567741935,0.0025018435173395593,981.1211300370144,1010.0
2019-10-01,서대문구,10,1010.0,998.0,1644.0,174,186,403671.33918,374982.6981066667,394494.9267933333,65498.99900333334,411373.41732,432988.8442333333,422156.3267366666,220371.6751033333,50736.96684,0.0025018435173395593,1009.9225230632615,990.0
2019-11-01,서대문구,11,990.0,961.0,1573.0,174,186,412312.1396435484,385100.1040919355,404167.9552322581,68983.77389516128,422523.4278887097,445539.6805112903,436819.23137903225,235169.9572467742,50623.97323225807,0.0025018435173395593,1031.5404536876147,969.0
2019-12-01,서대문구,12,969.0,1073.0,1719.0,174,186,412016.26099,383843.6773,403962.1256166667,66939.31729333333,421179.58704,442459.3924566667,434008.24349666666,226009.98573666668,49437.03152333333,0.0025018435173395593,1030.8002115963154,1031.0
2020-01-01,서대문구,1,1031.0,964.0,1539.0,161,130,408589.41928387096,381959.8713354839,401519.9626580645,69586.4036516129,418144.3778967742,439287.80230322585,431521.3199903226,233264.8089064516,51064.7329451613,0.0025018435173395593,1022.2267898888877,983.0
2020-02-01,서대문구,2,983.0,877.0,1406.0,161,130,389249.03256774193,365849.89137741935,381615.1522903226,66062.99844516128,396517.9856,414557.0546483871,406694.51985483867,218700.5956612903,49163.60103548387,0.0025018435173395593,973.8401687603001,769.0
2020-03-01,서대문구,3,769.0,970.0,1543.0,161,130,395261.2372793103,371245.3430758621,389948.23788620695,65093.78936551724,402319.17425172415,417983.5041896552,412200.2860241379,207872.9294586207,42955.0578862069,0.0025018435173395593,988.8817641428558,736.0
2020-04-01,서대문구,4,736.0,978.0,1582.0,161,130,387570.2824064516,365912.1649645161,381130.5619548388,64418.82426129032,392519.9240290322,405665.0052451613,399449.422316129,191454.4028419355,36627.62406129033,0.0025018435173395593,969.6401985520432,745.0
2020-05-01,서대문구,5,745.0,1042.0,1737.0,161,130,383504.6578033333,363897.32619333337,375862.86447333335,66250.06265,387970.3197966667,401839.83345,394222.24658,199499.12414666667,38720.89193333333,0.0025018435173395593,959.4686419947955,827.0
2020-06-01,서대문구,6,827.0,1009.0,1611.0,161,130,382229.3939193548,360712.6667967742,374672.1591838709,66364.65043870968,385977.1972516129,400037.10660967743,391224.1219193548,198704.4174354839,38915.969141935486,0.0025018435173395593,956.2781313137666,845.0
2020-07-01,서대문구,7,845.0,1100.0,1746.0,161,130,382062.1080966667,361280.2413966667,375906.1058833333,66900.12813,387436.8940633333,403145.1743233333,394961.5944066666,205970.45120333333,40711.67964,0.0025018435173395593,955.8596083627315,873.0
2020-08-01,서대문구,8,873.0,1062.0,1737.0,161,130,377676.0048032258,356041.4133290323,371005.49768387096,64202.60919032258,381337.7911032258,394327.6150483872,386464.2919354839,199135.1146483871,39457.68065806451,0.0025018435173395593,944.8862642716548,869.0
2020-09-01,서대문구,9,869.0,1010.0,1646.0,161,130,373914.061667742,350473.9763935484,367866.9302129032,64735.87660645161,376525.93932580645,387041.6427387096,380182.5680387097,188574.1514,35722.58372903226,0.0025018435173395593,935.4744712255444,827.0
2020-10-01,서대문구,10,827.0,990.0,1679.0,161,130,377659.0817333333,354662.34269,370126.11485,66358.94526333333,380083.8082466667,391712.9338033333,383478.4253666667,191105.15347666663,35425.128866666666,0.0025018435173395593,944.8439253989507,913.0
2020-11-01,서대문구,11,913.0,969.0,1541.0,161,130,375683.7118612903,354866.52472903224,366580.982216129,68731.94166129033,378141.9012741936,391625.0618903226,381583.3664354839,200320.1808548387,39119.78367096774,0.0025018435173395593,939.9018590902322,877.0
2020-12-01,서대문구,12,877.0,1031.0,1629.0,161,130,378684.8563333333,357096.71930666664,371903.4205866667,69664.67155666667,382120.5308966666,394759.31534333335,386930.4753133334,203285.38751,39058.20222,0.0025018435173395593,947.4102529322123,797.0
2021-01-01,서대문구,1,797.0,983.0,1545.0,119,75,379935.67918387096,356604.71747096773,374639.1487387097,69370.53083548386,382954.4148096775,393007.9543290323,387180.6446903226,187274.4238,33519.46774516129,0.0025018435173395593,950.5396159721702,835.0
2021-02-01,서대문구,2,835.0,769.0,1326.0,119,75,374891.0566612904,354935.2756258065,369691.66940967744,72442.16341612903,377891.3787451613,387634.23148064513,382091.8296451613,191827.23349032257,35006.80807419355,0.0025018435173395593,937.9187598166268,712.0
2021-03-01,서대문구,3,712.0,736.0,1280.0,119,75,372489.7290107143,351627.79894285713,365202.7190107143,72408.09255,375242.6579714286,387026.1972535714,379096.7585392857,199881.44188571427,38771.85683928571,0.0025018435173395593,931.9110138010248,829.0
2021-04-01,서대문구,4,829.0,745.0,1390.0,119,75,380840.27939032257,360381.799267742,374176.8551870968,70050.81673225807,385003.8914806452,398773.98823225807,390832.94843870966,205578.1180806452,42715.62513225807,0.0025018435173395593,952.8027841344651,837.0
2021-05-01,서대문구,5,837.0,827.0,1514.0,119,75,377248.5859666666,358076.47606333334,369868.94105666666,75338.30004999999,381026.8712,395287.80676,386316.4705233333,214785.9931333333,39944.18439666667,0.0025018435173395593,943.8169292262203,965.0
2021-06-01,서대문구,6,965.0,845.0,1530.0,119,75,374632.5988129032,354651.865367742,366005.8508,73006.26033225805,377371.4318967742,391087.86072258063,381205.7982032258,203914.41879032255,38254.73293225807,0.0025018435173395593,937.2721387241338,990.0
2021-07-01,서대문구,7,990.0,873.0,1500.0,119,75,376303.58229333337,357096.75132,369298.1214633333,73837.49063333333,380214.2390533333,394581.28886,385689.15852,211828.43516666663,40339.88933333333,0.0025018435173395593,941.4526779122294,938.0
2021-08-01,서대문구,8,938.0,869.0,1618.0,119,75,366488.9824096774,348871.4408870968,360363.5442870968,70386.1042483871,369418.6921,381048.2783612904,373520.2856387097,194666.78392580643,36568.366112903226,0.0025018435173395593,916.8980848180232,1053.0
2021-09-01,서대문구,9,1053.0,827.0,1357.0,119,75,368093.878216129,346614.9361516129,361025.9039741936,68875.08582903225,369913.9393677419,381203.7911838709,372462.025,190466.09551935483,35922.80172580645,0.0025018435173395593,920.9132829873995,1021.0
2021-10-01,서대문구,10,1021.0,913.0,1575.0,119,75,370715.85001,348757.56809,361459.71324,68077.47671333334,372303.5521166667,385755.09564666665,374526.33508333337,194025.89071333333,38609.51410666667,0.0025018435173395593,927.4730461225429,991.0
2021-11-01,서대문구,11,991.0,877.0,1419.0,119,75,374275.8687774193,353315.4398774193,364646.1029064516,68495.94015806452,375833.0972387097,389430.2298032258,378013.2170483871,194525.7745548387,37858.72892903226,0.0025018435173395593,936.3796559974181,959.0
2021-12-01,서대문구,12,959.0,797.0,1344.0,119,75,376268.5945566667,356759.1133966667,369035.1087733333,71040.86228666667,380138.9214966667,394614.4506766667,385557.3792266667,209678.75403,41964.82144,0.0025018435173395593,941.3651440700635,948.0
2022-01-01,서대문구,1,948.0,835.0,1366.0,60,59,371666.5010483872,352264.949432258,365711.1903258064,70399.51324193549,375512.8355290323,388808.2681580645,380897.70382903225,200169.73474193548,38882.89817096775,0.0025018435173395593,929.8514262601841,938.0
2022-02-01,서대문구,2,938.0,712.0,1193.0,60,59,364073.36126774194,345748.54493548383,357347.2243483871,67273.24091290323,367199.5242806452,379808.48749032256,371576.152516129,195594.27709032255,39414.654867741934,0.0025018435173395593,910.8545787237236,908.0
2022-03-01,서대문구,3,908.0,829.0,1414.0,60,59,371853.6276571429,348237.90487857145,365994.8575571429,67317.90952142856,375249.7824,387582.9468321428,380004.3990392857,193651.7962,38326.59229285714,0.0025018435173395593,930.3195877532212,1008.0
2022-04-01,서대문구,4,1008.0,837.0,1467.0,60,59,380253.8360419355,358100.68481935485,374139.96357419353,64542.59971935484,384039.9252935484,397006.09413870965,389340.4502419355,192813.1025741936,40970.97225483872,0.0025018435173395593,951.3355946450159,1007.0
2022-05-01,서대문구,5,1007.0,965.0,1679.0,60,59,377440.4228933333,356572.91843666666,368789.8176966666,69627.52300999999,381394.6922466667,397766.07088,386930.66934,209035.44716666668,41362.19169,0.0025018435173395593,944.2968751975877,1018.0
2022-06-01,서대문구,6,1018.0,990.0,1777.0,60,59,384105.6061387097,361792.81387741934,373717.6398967742,68640.2691032258,388504.9321645161,407379.708267742,394663.9886032258,213103.2296387097,44346.8165,0.0025018435173395593,960.9721206919129,996.0
2022-07-01,서대문구,7,996.0,938.0,1715.0,60,59,386732.5011833333,362147.28691666666,376892.89314,69008.26643999999,390690.4123533333,408126.0009,396231.48798,209724.98547,42964.7674,0.0025018435173395593,967.5442010300359,1103.0
2022-08-01,서대문구,8,1103.0,1053.0,1775.0,60,59,371392.0464290323,347286.3393064516,360858.3642322581,64554.8370032258,374363.1344870968,390190.6459129032,378522.6577548387,196801.8726806452,41468.93655483871,0.0025018435173395593,929.1647837499471,1147.0
2022-09-01,서대문구,9,1147.0,1021.0,1849.0,60,59,374409.9347935484,347516.5321225806,364450.16576451616,65291.85352580645,377594.3823064516,393753.8623806451,382052.6088129032,200055.54623548387,42550.98361935484,0.0025018435173395593,936.7150681907663,1030.0
2022-10-01,서대문구,10,1030.0,991.0,1776.0,60,59,381845.3167266667,354792.82312333334,370913.4375833333,62884.29804,387693.08145,410289.8570533333,395879.9520533333,209145.35526,48714.8985,0.0025018435173395593,955.3172302790819,1100.0
2022-11-01,서대문구,11,1100.0,959.0,1873.0,60,59,381763.53257741936,355258.9089516129,369436.5876806452,62930.60361612903,386181.89187096775,406746.3535483871,392367.5948870968,200701.9828,43538.47171612903,0.0025018435173395593,955.1126191354663,1074.0
2022-12-01,서대문구,12,1074.0,948.0,1851.0,60,59,386097.4809766667,360799.1305733333,376756.17277,64289.02093333333,392883.92327333335,414365.7567933333,402384.94251666666,213297.56582666663,46287.60371333334,0.0025018435173395593,965.9554798426074,1115.0
2023-01-01,서대문구,1,1115.0,938.0,1656.0,83,172,387950.790767742,359684.78041935485,377963.6848387097,61574.768812903225,392885.5755387097,411168.4449548387,399794.2742193549,199912.67487096772,43488.7755516129,0.0025018435173395593,970.592170929031,976.0
2023-02-01,서대문구,2,976.0,908.0,1710.0,83,172,371508.3052612903,347153.75188709673,361610.0687225807,60191.71832580645,375347.8068387097,392312.9866903226,380723.1090516129,190223.75021612903,42893.90339677419,0.0025018435173395593,929.4556451557652,903.0
2023-03-01,서대문구,3,903.0,1008.0,2249.0,83,172,377252.0949464286,352601.1475285714,368442.5915892857,60616.30140357143,382958.47656428575,401550.8834821429,390947.41083214286,201440.4067107143,47934.80435,0.0025018435173395593,943.8257081444904,1070.0
2023-04-01,서대문구,4,1070.0,1007.0,1766.0,83,172,391077.6134483871,364078.0341129032,381495.7360064516,56867.09876774194,399485.6951193548,424280.4239064516,411257.0094838709,206608.26272903223,52435.03271935484,0.0025018435173395593,978.4149919824735,1040.0
2023-05-01,서대문구,5,1040.0,1018.0,1687.0,83,172,387442.8026766666,360829.7111266666,376829.2194133333,64213.21456666666,394455.7274833333,418294.91089,404273.8222,213794.8872333333,46853.81498333334,0.0025018435173395593,969.3212642164883,1155.0
2023-06-01,서대문구,6,1155.0,996.0,1573.0,83,172,384656.1803516129,358603.1719451613,374071.97419032257,62349.07072580645,391678.2925967742,415254.1540064516,401509.2497548387,208748.83722903224,45930.97501935484,0.0025018435173395593,962.3495712172792,1058.0
2023-07-01,서대문구,7,1058.0,1103.0,1896.0,83,172,380154.60600666667,354458.59615,370732.8199033334,62193.84972333333,386379.00001666666,407182.24301,395093.1516433333,204281.44233,44813.20704666666,0.0025018435173395593,951.0873366245534,1138.0
2023-08-01,서대문구,8,1138.0,1147.0,2021.0,83,172,367426.7751064517,344558.2715838709,358193.9979032258,58002.50205483871,372679.71475161286,391147.8208806452,380033.8302483871,191574.2833483871,43894.51249354839,0.0025018435173395593,919.2442953970564,1209.0
2023-09-01,서대문구,9,1209.0,1030.0,1808.0,83,172,367138.8618032258,344670.87155806454,358384.8288935484,58955.262906451615,373086.4054451613,392391.37877096777,381412.9665645161,195406.20802580647,44237.67446129032,0.0025018435173395593,918.5239813658249,1060.0
2023-10-01,서대문구,10,1060.0,1100.0,1811.0,83,172,382212.57522,357359.97193666664,370187.7618833333,59407.48398333333,390332.7886633333,416440.83305666666,401701.0875,207159.55637,50034.65486666666,0.0025018435173395593,956.2360535598157,1077.0
2023-11-01,서대문구,11,1077.0,1074.0,1724.0,83,172,381741.2647419355,355594.9849870968,370194.26035483874,60746.07431290323,388222.22890322586,411196.0347967742,397295.57872903225,202406.99815806453,44877.40650322581,0.0025018435173395593,955.0569084956157,1066.0
2023-12-01,서대문구,12,1066.0,1115.0,1945.0,83,172,391737.7442433333,367455.4812766667,381608.24597333337,62657.936963333326,401468.22045666666,427793.1919466667,415090.8872,221362.63263333336,52118.41132,0.0025018435173395593,980.0665359324057,1100.0
2024-01-01,서대문구,1,1100.0,976.0,1723.0,90,232,393175.4700419355,364005.5464290323,381388.1196870968,60894.89585483871,399956.5124774194,422043.1162612903,409449.97188387095,206225.29289032257,48952.77120967742,0.0025018435173395593,983.6635009013505,1010.0
2024-02-01,서대문구,2,1010.0,903.0,1473.0,90,232,370597.9531838709,349670.32821612904,358687.5531354839,57517.6957516129,378387.8785225807,402614.0673064516,389293.7740096774,196002.2219516129,47601.41618709678,0.0025018435173395593,927.1780867123769,853.0
2024-03-01,서대문구,3,853.0,1070.0,1717.0,90,232,366581.3904310345,346878.7243413793,357845.40195172414,58488.41514827586,375375.5894689655,399147.0128068966,387687.4681275862,201613.92979310345,48526.72903793104,0.0025018435173395593,917.1292752272057,862.0
2024-04-01,서대문구,4,862.0,1040.0,1783.0,90,232,385556.7309903226,363221.55035161285,375902.7009290323,55989.3047967742,396908.36733548384,425878.79063225805,412800.6582129033,208157.89066129032,53939.9498967742,0.0025018435173395593,964.602607994771,881.0
2024-05-01,서대문구,5,881.0,1155.0,1975.0,90,232,386322.6061166666,361866.28393,376022.08172,61555.58777333333,396788.1447866667,426158.30525333335,411439.89893666666,219179.8204333333,48653.70373,0.0025018435173395593,966.5187077147062,939.0
2024-06-01,서대문구,6,939.0,1058.0,1792.0,90,232,383782.0861483871,358637.36552903225,373564.5815967742,53528.4876032258,393061.8471903226,420616.7142774194,406053.5126580645,199845.66256451613,46536.623822580645,0.0025018435173395593,960.1627243013946,911.0
2024-07-01,서대문구,7,911.0,1138.0,1917.0,90,232,377095.3643333333,351575.23843333335,366426.7367966667,54834.36313333334,384785.5029533334,409092.29684,395551.6970166666,195212.53552666667,45354.3489,0.0025018435173395593,943.4335926761491,946.0
2024-08-01,서대문구,8,946.0,1209.0,1989.0,90,232,369659.63162903226,347998.7785032258,359980.9079516129,51374.326006451614,378813.29874193546,403731.3842129032,391628.4327516129,195361.679,47295.17908709677,0.0025018435173395593,924.8305530132238,956.0
2024-09-01,서대문구,9,956.0,1060.0,1785.0,90,232,369918.4532483871,345468.59203225805,358270.0319741935,54143.01804193549,376525.9998,398802.7305387097,385776.5649903226,192984.76326774192,45639.347980645165,0.0025018435173395593,925.4780842037541,815.0
2024-10-01,서대문구,10,815.0,1077.0,1772.0,90,232,376581.75736,351549.8444666667,364469.6679966666,56429.258923333335,385103.42946,413134.14368,397033.77041,204714.9058133333,49815.82479666667,0.0025018435173395593,942.1486283994549,817.0
2024-11-01,서대문구,11,817.0,1066.0,1668.0,90,232,383826.2857967742,357982.9555,372297.9935806451,58219.14166451613,392413.7895709678,418141.49967096775,404436.2948741936,207195.4156451613,47037.67435483871,0.0025018435173395593,960.2733049051806,793.0
2024-12-01,서대문구,12,793.0,1100.0,1848.0,90,232,384977.1685166667,359319.69575,374888.17377,59969.232156666665,394392.3760733333,420829.7213233333,407573.6666366666,217839.2556933333,49974.93388,0.0025018435173395593,963.1526333771617,837.0
2025-01-01,서대문구,1,837.0,1010.0,1597.0,102,152,382313.0661548387,355238.88545483875,372287.1585935484,57788.94409677419,390660.1335774193,413785.0703483871,402346.02797096776,206043.7308193548,47629.22822903226,0.0025018435173395593,956.4874661536933,820.0
2025-02-01,서대문구,2,820.0,853.0,1446.0,102,152,364213.5427129032,339911.32973225805,354053.5166032258,55206.04340967742,370382.65081612905,391691.9600451613,379019.4021612904,188836.5315903226,43892.27021935484,0.0025018435173395593,911.2052907635515,682.0
2025-03-01,서대문구,3,682.0,862.0,1522.0,102,152,370316.52853214287,349688.42591071426,362424.2903464286,55087.93875,379842.5870071429,403926.4136571429,393179.068875,203072.30737142856,48557.140335714284,0.0025018435173395593,926.4740062718316,722.0
2025-04-01,서대문구,4,722.0,881.0,1587.0,102,152,386115.02036774193,361380.514283871,376725.3569451613,52369.23324516129,396714.50120967743,425469.0193870968,411553.7743967742,205651.3372451613,53497.97249677419,0.0025018435173395593,965.9993606544671,734.0
2025-05-01,서대문구,5,734.0,939.0,1741.0,102,152,385415.43261,361813.9021733334,375419.55527,60500.95883,396628.7779533333,426306.32976,412327.4614433333,223430.75667666664,50197.18401,0.0025018435173395593,964.2491015579503,767.0
2025-06-01,서대문구,6,767.0,911.0,1756.0,102,152,377409.12868064514,354568.2411096774,367970.2587741935,56891.316312903225,387064.18227096775,415091.66928387096,400581.2572967742,206644.53151935484,46896.99037741936,0.0025018435173395593,944.2185819744436,789.0
2025-07-01,서대문구,7,789.0,946.0,1779.0,102,152,375718.26940333337,352253.3498766667,367622.7328,56591.74053666667,384356.0502466667,408512.2677566667,396448.9434466667,204091.58988333333,45907.93926666667,0.0025018435173395593,939.9883166527677,783.0
2025-08-01,서대문구,8,783.0,956.0,1917.0,102,152,365109.543883871,345862.5565225806,356841.49312580645,53099.094106451616,374676.1316548387,399894.1680645161,388069.3545193548,201438.25764516127,47408.30577096775,0.0025018435173395593,913.446945484666,811.0
2025-09-01,서대문구,9,811.0,815.0,1515.0,102,152,360037.16783225804,340148.24136129033,351926.10183870967,53870.93670322581,368187.4930225807,391340.0884677419,379597.9483258065,195347.89472903227,45458.93162580645,0.0025018435173395593,900.7566543424297,797.0
2025-10-01,서대문구,10,797.0,817.0,1538.0,102,152,379748.0264766666,360791.3742633333,371156.7086633333,56096.32488666666,392808.9318533334,425349.5582866667,411094.1994,221448.68589666663,55541.96190333333,0.0025018435173395593,950.0701382631397,772.0
2025-11-01,서대문구,11,772.0,793.0,1541.0,102,152,369698.0812870968,345513.6581225806,359240.046,54008.58436774193,377934.26505483873,404317.33868387097,389464.92232580646,196924.44253870967,45852.14599677419,0.0025018435173395593,924.9267480409965,794.0
2025-12-01,서대문구,12,794.0,837.0,1600.0,102,152,381311.28725,358410.67624666664,373934.9058233333,54478.280986666665,392125.74645333336,419236.3375833333,407265.9893433333,208823.84812666665,49361.66400333333,0.0025018435173395593,953.9811720948151,861.0
2018-05-01,서초구,5,1253.0,1202.0,2051.0,167,398,568779.4298653846,612372.61885,518356.6593730769,97032.8141153846,633192.0681,743523.5012653845,723369.761626923,467432.3699346154,147468.8200153846,0.002127881584912026,1210.295274687313,1393.0
2018-06-01,서초구,6,1393.0,1240.0,2162.0,167,398,567663.7472064517,609251.541667742,516061.089967742,94277.52331935483,630686.4379129033,736684.6213548386,716753.3753419355,452481.4198806452,142606.38076129032,0.002127881584912026,1207.921234102764,1312.0
2018-07-01,서초구,7,1312.0,1288.0,2316.0,167,398,568644.0460166667,611531.2318533334,519792.6458966667,88194.39552666666,632547.5752266666,743159.4845233334,722012.5161066666,432186.0790333333,140165.98743,0.002127881584912026,1210.0071938887315,1425.0
2018-08-01,서초구,8,1425.0,1345.0,2280.0,167,398,570802.4067741935,618193.021132258,519168.1416483871,86737.77971935485,640160.5129064516,759801.9665032257,737261.8615290324,447077.25926774193,148730.01401612902,0.002127881584912026,1214.5999299982698,1429.0
2018-09-01,서초구,9,1429.0,1295.0,2273.0,167,398,564473.3831483871,610146.2589516129,516706.4743967742,92374.67677096777,632154.2947387097,747150.0997387096,725032.9508806452,453136.6203935484,146108.1566064516,0.002127881584912026,1201.1325171744431,1159.0
2018-10-01,서초구,10,1159.0,1238.0,2005.0,167,398,554881.3128733333,591758.6947133334,507911.3218766667,88311.49150666666,612502.78318,714098.0333533332,693172.8416166666,417599.69653,133292.53110333334,0.002127881584912026,1180.7217274749742,1246.0
2018-11-01,서초구,11,1246.0,1209.0,2099.0,167,398,561021.3797193548,603980.426683871,514744.9148838709,89846.71825161291,625218.2897322581,733173.2606225807,713291.8608774194,435802.75937741937,141539.78057096776,0.002127881584912026,1193.787062646752,1210.0
2018-12-01,서초구,12,1210.0,1434.0,2366.0,167,398,568932.3916366666,612326.3670000001,519476.14926333335,91919.96292333333,634276.1620066667,746767.3457066666,725757.4405333333,458952.15705333336,152672.81068666666,0.002127881584912026,1210.6207592236194,1403.0
2019-01-01,서초구,1,1403.0,1333.0,2286.0,121,350,567508.9488032259,606414.1342967742,521215.4671903226,90017.924,629370.9236483871,737846.8495612902,715977.6884483871,434139.1626612903,143230.26683548387,0.002127881584912026,1207.591841431166,1205.0
2019-02-01,서초구,2,1205.0,1175.0,1968.0,121,350,569264.187016129,613689.6378935485,522760.0689709677,92510.1971935484,638050.0555322581,759076.5865709677,734350.2714548387,464704.8305032258,155219.3707967742,0.002127881584912026,1211.3267805015364,1040.0
2019-03-01,서초구,3,1040.0,1225.0,2111.0,121,350,542854.2738857142,579388.6998428571,498191.8334464286,89057.35058928572,602018.7718892858,709334.13365,684849.0690821428,426045.0182321429,140507.2566392857,0.002127881584912026,1155.1296126922005,1108.0
2019-04-01,서초구,4,1108.0,1253.0,2083.0,121,350,562845.6841580645,602587.2818709678,518458.7413967742,85405.03633225807,625485.9134193548,735160.1308354839,713182.2343870967,417483.351,137854.66883225806,0.002127881584912026,1197.6689664671558,1123.0
2019-05-01,서초구,5,1123.0,1393.0,2279.0,121,350,556642.54376,595848.1435866667,511878.77064,92589.17057333334,619496.5602133333,726686.65295,707492.1832566666,452589.78971333336,145872.67155,0.002127881584912026,1184.4694182454905,1272.0
2019-06-01,서초구,6,1272.0,1312.0,2216.0,121,350,538189.0430967741,572928.9659032258,494375.1272741935,83955.78129354838,596364.4727129033,696567.312732258,677810.0741806452,409958.4351129032,133176.09958709677,0.002127881584912026,1145.2025540070504,1258.0
2019-07-01,서초구,7,1258.0,1425.0,2437.0,121,350,539785.06362,573488.87098,498260.55534,84019.33970666668,596965.2151966667,696634.5013366666,677017.4273933334,394568.0648133333,128010.79407333332,0.002127881584912026,1148.5986966875644,1353.0
2019-08-01,서초구,8,1353.0,1429.0,2415.0,121,350,538203.4684741936,581483.3429483871,492809.1333516129,78078.51307741935,603275.4421967742,715718.0998225807,694376.2054129032,394880.11151935486,131875.07024838708,0.002127881584912026,1145.2332495020166,1353.0
2019-09-01,서초구,9,1353.0,1159.0,1962.0,121,350,564990.1879225806,604024.2992967742,519166.673383871,83096.24188709677,627476.1340838709,736648.5526096774,714956.458716129,411673.060516129,137077.63410000002,0.002127881584912026,1202.2322165364442,1256.0
2019-10-01,서초구,10,1256.0,1246.0,2087.0,121,350,558245.6986666666,592411.3385300001,513057.39049,86781.35506666667,615622.2023733334,718691.6658266668,695949.3075566667,418402.7098866666,137306.10621666667,0.002127881584912026,1187.8807420491478,1265.0
2019-11-01,서초구,11,1265.0,1210.0,1966.0,121,350,565102.5823451612,606627.2313451613,515363.270033871,87639.25276612904,631374.3608290323,749642.1954161291,724154.8507145161,449035.7106209677,148762.59120645162,0.002127881584912026,1202.4713785585002,1225.0
2019-12-01,서초구,12,1225.0,1403.0,2252.0,121,350,560714.5570966668,600600.1051800001,514941.5325466666,86705.86556,625009.78787,736483.4840999999,715023.1109566666,434623.1385733333,146251.89208333334,0.002127881584912026,1193.1341804381,1319.0
2020-01-01,서초구,1,1319.0,1205.0,1981.0,89,260,559751.6592774194,597409.3147032259,514513.4132096774,89300.52919354838,621832.8329903226,731512.8964870968,708746.4762032258,443087.6437354839,148106.77130967742,0.002127881584912026,1191.0852479003715,1142.0
2020-02-01,서초구,2,1142.0,1040.0,1726.0,89,260,545889.2278548387,582464.2771870968,502671.3545580645,87969.64354193548,606239.5939032257,713660.9421741936,690730.1063774193,429472.0305741935,143029.5557967742,0.002127881584912026,1161.5876353541562,961.0
2020-03-01,서초구,3,961.0,1108.0,1869.0,89,260,552244.1589793104,587790.6563310345,514189.67405172414,88249.63420344827,611528.9364931035,714873.4148827585,694527.6250172415,412188.9668758621,130157.3815413793,0.002127881584912026,1175.1101762673038,793.0
2020-04-01,서초구,4,793.0,1123.0,1984.0,89,260,538701.4792290323,567560.6313225806,507686.6995451613,85311.6059516129,587952.3024903226,673481.4606935484,656903.4550580645,364836.8287387097,108194.32717096774,0.002127881584912026,1146.292957416326,770.0
2020-05-01,서초구,5,770.0,1272.0,2108.0,89,260,539569.66791,571529.4164933334,505298.9421966666,89621.13937666666,592046.0358266666,683070.8004433333,665512.9508999999,391625.26277,119151.42785,0.002127881584912026,1148.1403601227862,863.0
2020-06-01,서초구,6,863.0,1258.0,2066.0,89,260,537977.4904709677,571231.2620870967,501478.5070322581,88791.12911612903,591616.8762290323,685327.1046096773,666712.0162774193,396523.6753483872,122570.42146129032,0.002127881584912026,1144.7523950703571,906.0
2020-07-01,서초구,7,906.0,1353.0,2296.0,89,260,545422.6223666667,582533.4498533333,505096.3275266666,90547.02045666668,604700.9219666667,706824.5200766666,687690.5414033333,419818.3697733333,130462.00323,0.002127881584912026,1160.594754128456,1091.0
2020-08-01,서초구,8,1091.0,1353.0,2243.0,89,260,544689.3359709678,583604.4420806452,503855.1172193549,89111.85351935485,604576.003916129,708406.1412096774,688417.3390354839,418059.24003870966,131318.5520032258,0.002127881584912026,1159.0344075105818,1067.0
2020-09-01,서초구,9,1067.0,1256.0,2082.0,89,260,528375.0572419355,558736.9210032258,495050.9921225807,86579.17176774194,578796.2622096774,666996.0379774193,649385.9491677419,376398.7688741936,113753.31532580646,0.002127881584912026,1124.319554231952,936.0
2020-10-01,서초구,10,936.0,1265.0,2143.0,89,260,525034.5646633334,558524.2717366667,491373.66361,85902.62091,575851.3832833334,664423.8431633334,646994.92935,371427.98905,110241.02094,0.002127881584912026,1117.2113815894093,1028.0
2020-11-01,서초구,11,1028.0,1225.0,2063.0,89,260,524909.2322451613,558610.9459645161,489148.701732258,87510.34242258065,575940.0881290323,664896.5154870967,647383.2863774194,388822.6418548388,120403.71712903226,0.002127881584912026,1116.9446890447884,904.0
2020-12-01,서초구,12,904.0,1319.0,2164.0,89,260,531429.3718333333,571076.8293433334,493521.5697833333,87334.52699333333,588737.2972833333,687400.1510633334,668968.3929433334,405037.86316,127246.84519666666,0.002127881584912026,1130.8187740055155,819.0
2021-01-01,서초구,1,819.0,1142.0,1879.0,77,181,518678.9787741936,552081.3791096774,488556.3889612904,82443.30885806451,569391.8550645161,657501.0352387097,640389.8818774193,354099.5354,105991.28843225806,0.002127881584912026,1103.687447414582,904.0
2021-02-01,서초구,2,904.0,961.0,1726.0,77,181,518604.5347645161,552528.1134612903,488638.2990903226,84573.18114516129,568682.7644225806,656526.6771483871,638792.2859354839,361791.8876387097,110234.86126774192,0.002127881584912026,1103.5290393772823,740.0
2021-03-01,서초구,3,740.0,793.0,1543.0,77,181,515589.380925,551579.439025,480808.4242107143,85470.36852500001,568203.9969428572,660968.4402678572,641864.4593607143,380473.87175,119230.83031071429,0.002127881584912026,1097.1131490464993,904.0
2021-04-01,서초구,4,904.0,770.0,1469.0,77,181,528439.7655483871,569794.7754870967,490619.6058,84518.28888709677,586584.2326580646,686698.7663741935,667986.4866258064,396411.7181096774,125206.6529967742,0.002127881584912026,1124.4572458456412,1012.0
2021-05-01,서초구,5,1012.0,863.0,1591.0,77,181,526459.7390466667,567930.3905333333,488125.56705,89257.26218333333,584530.8576366666,683952.03437,665830.4236633333,416178.4268933333,129599.75546333332,0.002127881584912026,1120.2439839149927,990.0
2021-06-01,서초구,6,990.0,906.0,1714.0,77,181,517531.3192451613,554888.9813774193,480649.94282903225,86298.35597741936,570963.9930419355,662634.2733677418,645769.7363612903,388600.3336354838,121089.31053225804,0.002127881584912026,1101.2453638370055,1132.0
2021-07-01,서초구,7,1132.0,1091.0,1945.0,77,181,524358.5042733334,566365.0033533333,485160.2366033333,87923.96868333334,583657.68722,684761.2460766666,666676.54338,411886.78521,129846.94994,0.002127881584912026,1115.7728051352399,1124.0
2021-08-01,서초구,8,1124.0,1067.0,1992.0,77,181,515171.74935806455,553019.859167742,479569.90019032254,84930.58069032257,569809.6596354839,663784.0501483871,646302.7340483872,382545.113383871,118220.0846903226,0.002127881584912026,1096.2244785259393,1096.0
2021-09-01,서초구,9,1096.0,936.0,1752.0,77,181,509572.3182774193,544415.5878548387,475944.3471483871,84537.90480967742,561306.8645580645,651225.6661290323,633735.229383871,372098.06893225806,113986.22062258064,0.002127881584912026,1084.3095522434503,1068.0
2021-10-01,서초구,10,1068.0,1028.0,1880.0,77,181,505738.31047666667,538467.2012366666,471208.8220433333,84378.06205333333,555276.82209,642556.7592300001,624630.73838,367795.80445,112746.46432333332,0.002127881584912026,1076.1512376478197,1135.0
2021-11-01,서초구,11,1135.0,904.0,1673.0,77,181,512673.4857548387,547241.4878451612,476703.7615258065,83227.1256967742,564581.7073419355,654375.2688935484,637253.2176,375061.5656741936,116829.94002258065,0.002127881584912026,1090.908469410379,1099.0
2021-12-01,서초구,12,1099.0,819.0,1499.0,77,181,524364.6665033333,564373.4369033333,484198.13650666666,85148.38262333332,583641.2685166667,684717.2383033334,666628.5113033333,410212.49715,131506.05562333332,0.002127881584912026,1115.7859176309787,1059.0
2022-01-01,서초구,1,1059.0,904.0,1706.0,53,168,517952.960383871,557937.8722064517,480222.9188548387,81471.40797741935,576062.3776935484,676136.3157064515,657415.561935484,387496.6521870968,123221.59021612904,0.002127881584912026,1102.142566251507,990.0
2022-02-01,서초구,2,990.0,740.0,1465.0,53,168,510314.19977096777,549586.9620129032,473540.4829290322,80953.8459548387,566961.0724193549,665431.7698225806,646266.694119355,383464.97185806447,123623.39577419354,0.002127881584912026,1085.8881882117591,942.0
2022-03-01,서초구,3,942.0,904.0,1715.0,53,168,512588.2561071429,545241.4280107144,477381.3608678571,81187.71673571428,565670.6782857144,658464.224175,639986.0693357142,368678.57086785714,115736.69750714286,0.002127881584912026,1090.7271108125585,1097.0
2022-04-01,서초구,4,1097.0,1012.0,1882.0,53,168,512714.1123870968,547918.3688225807,478618.2698516129,78776.25423870968,564861.3993225807,654523.737316129,637867.6010225808,355830.4057870968,111140.28551290324,0.002127881584912026,1090.994918073018,1134.0
2022-05-01,서초구,5,1134.0,990.0,1985.0,53,168,519094.7620733333,558472.2017933333,479233.33237666666,83332.50817333334,576782.8671166667,674264.0535133333,657546.2141766666,401815.49933,128595.25043333332,0.002127881584912026,1104.5721850401355,1230.0
2022-06-01,서초구,6,1230.0,1132.0,2141.0,53,168,528684.446348387,568134.3999709677,486333.1990741936,82674.42336129032,587556.3535064517,688022.7597612903,669977.0235451612,409092.242667742,133369.86716451612,0.002127881584912026,1124.9778976141426,1232.0
2022-07-01,서초구,7,1232.0,1124.0,2114.0,53,168,535181.21841,575159.1422633334,493700.7345633333,84068.30554666667,595318.1563833334,699284.8035833334,679509.86954,410747.10446,133841.77599,0.002127881584912026,1138.8022592454197,1424.0
2022-08-01,서초구,8,1424.0,1096.0,1906.0,53,168,519793.7446096775,559785.3827709677,479510.7613483871,77864.6836419355,579724.8592677419,683673.6547322581,663628.4198032258,395067.97222903225,131468.27202903226,0.002127881584912026,1106.0595371073973,1430.0
2022-09-01,서초구,9,1430.0,1068.0,1937.0,53,168,510911.8925870968,548726.4247258065,471967.8267709677,76870.7231580645,568135.9361129032,666348.1789516129,648249.597048387,384282.6682935484,125978.33492903224,0.002127881584912026,1087.1600077486341,1287.0
2022-10-01,서초구,10,1287.0,1135.0,2053.0,53,168,510535.8102433333,547864.20746,469884.26049666665,75975.52690666667,566800.0397266666,664666.73927,645569.9609833334,385195.06807,127177.97406,0.002127881584912026,1086.3597490549294,1278.0
2022-11-01,서초구,11,1278.0,1099.0,2083.0,53,168,512681.5553580645,548519.0605548387,474892.3255612903,75906.37888387096,568003.9607645161,664207.6669290323,645455.3283193549,379861.1560516129,125608.53997741936,0.002127881584912026,1090.9256405704807,1320.0
2022-12-01,서초구,12,1320.0,1059.0,2059.0,53,168,517160.35890333337,561409.6080733333,474489.9964066667,77663.18233333335,580690.1921866667,688741.53277,669631.9587833334,407820.4091366667,135529.04167666667,0.002127881584912026,1100.456004156897,1366.0
2023-01-01,서초구,1,1366.0,990.0,1892.0,139,188,517021.7156774193,559150.8431225806,475777.0578,71302.22726451613,578314.0165677419,685543.7139935484,664123.2378129032,386997.8129645161,130967.0554903226,0.002127881584912026,1100.160987789602,1205.0
2023-02-01,서초구,2,1205.0,942.0,1967.0,139,188,508669.8650451613,549073.2858451613,469054.43079677416,70024.65726774193,567944.600883871,672117.953548387,650929.231067742,374668.8651483871,128319.64374193548,0.002127881584912026,1082.3892386292841,1022.0
2023-03-01,서초구,3,1022.0,1097.0,2617.0,139,188,522610.18669642863,570668.6726678571,479432.8572428572,71863.60363214285,589662.9454107143,705908.8517535714,683536.8076178571,402996.7900642857,141644.49598214286,0.002127881584912026,1112.0525923587663,1204.0
2023-04-01,서초구,4,1204.0,1134.0,2302.0,139,188,522993.7282419355,569114.8692225807,480840.5018645161,70423.53339032258,587648.7676419355,698576.0111870967,678165.8228161291,386698.04311612906,133391.8577548387,0.002127881584912026,1112.868723350499,1199.0
2023-05-01,서초구,5,1199.0,1230.0,2268.0,139,188,519263.1674,560907.0778666666,478643.1196,75133.28338666666,579766.2360833333,683928.2270966667,664470.53226,395459.38547333336,134296.62365,0.002127881584912026,1104.9305316335506,1331.0
2023-06-01,서초구,6,1331.0,1232.0,2330.0,139,188,509065.0228935484,549883.3440967741,465869.4921129032,74097.5225516129,568173.9944129032,670833.274667742,650926.5545258065,384632.271816129,128657.95924193547,0.002127881584912026,1083.2300877380005,1306.0
2023-07-01,서초구,7,1306.0,1424.0,2693.0,139,188,515971.6473733333,558850.3562299999,473311.9854933333,73508.27421,578058.04202,685059.1771033333,664978.9945433333,393509.1667,132771.6415,0.002127881584912026,1097.9265667824372,1356.0
2023-08-01,서초구,8,1356.0,1430.0,2712.0,139,188,513714.4072096775,557033.1149935485,473181.7877451613,70525.74961612903,576041.1762709678,684333.8445967742,663298.6529290323,382429.79578387097,131762.20890967743,0.002127881584912026,1093.1234270054704,1373.0
2023-09-01,서초구,9,1373.0,1287.0,2398.0,139,188,508594.0497645161,551715.1189548387,468453.3335451613,68906.63788064517,569796.7668129032,675483.1464322581,655480.5706935484,375022.9954677419,128492.14938387096,0.002127881584912026,1082.2279126897442,1305.0
2023-10-01,서초구,10,1305.0,1278.0,2316.0,139,188,510701.8734066666,550420.43286,469251.05334,69015.03537333333,569069.7942133334,670714.0774666667,650784.88334,372069.66448,128328.89866666666,0.002127881584912026,1086.7131118021186,1204.0
2023-11-01,서초구,11,1204.0,1320.0,2401.0,139,188,511014.27877741936,548818.8496967742,471012.9502612904,67832.9457,568135.6115129032,666178.895083871,648105.4773419355,365195.0334677419,125191.99052580644,0.002127881584912026,1087.377873437571,1169.0
2023-12-01,서초구,12,1169.0,1366.0,2715.0,139,188,523330.2867133334,569794.4667,478790.2862833334,70719.24006666667,589653.78951,702501.1620066667,682506.6934333333,401681.32144,141636.12559666668,0.002127881584912026,1113.5848799240327,1287.0
2024-01-01,서초구,1,1287.0,1205.0,2239.0,74,232,522488.3853903226,563182.0356032258,480128.6961225807,67514.10612903225,584407.8330548386,692302.959016129,671095.0597870968,376779.38522258063,134704.9768516129,0.002127881584912026,1111.793413602485,1204.0
2024-02-01,서초구,2,1204.0,1022.0,1988.0,74,232,514699.71482903225,557154.7674903226,470265.2385096774,64511.06573870967,576518.3138387096,684838.9082419354,663064.3524580644,369123.1999258064,131956.33167419356,0.002127881584912026,1095.2200449441689,1004.0
2024-03-01,서초구,3,1004.0,1204.0,2317.0,74,232,513469.7179931034,556926.4819931035,470986.928824138,66728.67349310344,575941.6963448275,685072.6158275863,663402.4660413794,375345.6569172413,132080.35391034483,0.002127881584912026,1092.6027573274957,1010.0
2024-04-01,서초구,4,1010.0,1199.0,2326.0,74,232,524240.3269322581,568431.4333709677,482136.1531064516,67828.63360967742,588205.9312129032,699544.9060451613,677757.7772064516,376875.73964516126,133044.33569354838,0.002127881584912026,1115.521337747412,962.0
2024-05-01,서초구,5,962.0,1331.0,2522.0,74,232,525718.2774833334,570154.5576233334,480796.2128933333,73293.65658,591108.4853466668,702406.5577433333,682654.7763866667,402258.21169,137634.29344333333,0.002127881584912026,1118.6662415084556,1007.0
2024-06-01,서초구,6,1007.0,1306.0,2558.0,74,232,518929.36857096775,559967.7087709678,475414.1271935484,72433.08737741935,580459.9457,686157.6210806451,666602.7536870969,385078.7089709677,130889.65674838707,0.002127881584912026,1104.2202472521876,986.0
2024-07-01,서초구,7,986.0,1356.0,2761.0,74,232,522370.28141,563312.1524033333,479796.40014333336,74461.19109666668,583804.2327233333,690385.7427433333,669811.7645433334,390059.13471666665,134095.73814,0.002127881584912026,1111.5421023176518,1058.0
2024-08-01,서초구,8,1058.0,1373.0,2715.0,74,232,524126.9235935484,571693.7832064516,479942.384616129,72113.09223870968,592133.9500451613,710237.5466774193,687343.7870935485,401478.2525451613,139938.8859967742,0.002127881584912026,1115.280028871304,997.0
2024-09-01,서초구,9,997.0,1305.0,2523.0,74,232,522086.3992935484,565241.6643870968,479435.4143354839,72255.52601290322,585010.6983870968,695116.5959774193,673104.7171258065,391571.0948967742,136598.26458387097,0.002127881584912026,1110.9380347897686,817.0
2024-10-01,서초구,10,817.0,1204.0,2385.0,74,232,511632.7493333333,549468.6952133334,469210.46620666666,72383.62181333333,569428.92045,671815.4404466667,650343.56004,377425.05699666665,129545.73069666668,0.002127881584912026,1088.6939055443104,902.0
2024-11-01,서초구,11,902.0,1169.0,2228.0,74,232,522915.3566548387,562842.9330677419,480345.5294096774,75440.5038,584221.3955999999,690907.361432258,670049.850116129,391243.0552193548,134370.12352258066,0.002127881584912026,1112.7019578935353,963.0
2024-12-01,서초구,12,963.0,1287.0,2515.0,74,232,526486.9301766667,571285.4979466667,483132.5072533333,78889.54031333333,592545.4256433334,708128.8645033333,685027.3192966668,420652.86483,145931.12759333334,0.002127881584912026,1120.3018434197927,976.0
2025-01-01,서초구,1,976.0,1204.0,2199.0,80,221,524587.6184354839,568566.0411096774,480954.6888451613,74550.54907741936,590062.8667483871,708390.6754419354,681728.2144,404675.3327032258,143791.93732258063,0.002127881584912026,1116.2603329417225,911.0
2025-02-01,서초구,2,911.0,1004.0,1994.0,80,221,508498.9393709677,547077.092632258,470079.9852548387,72246.49860645161,567324.7789258064,672886.0995870968,649680.9543032259,372934.9617935484,129310.1597483871,0.002127881584912026,1082.0255290347789,860.0
2025-03-01,서초구,3,860.0,1010.0,2007.0,80,221,523107.0515464285,571516.93325,480791.6237892857,75163.64059642857,592215.6665785714,713676.7519142857,688967.7276321428,408524.01617142855,142474.88166785715,0.002127881584912026,1113.1098619232712,864.0
2025-04-01,서초구,4,864.0,962.0,2175.0,80,221,521817.7593870968,564312.4989258064,481449.5413774194,73360.76601290323,584748.6811548388,695126.5484064516,672851.9716354839,385667.1683741936,132086.67583870966,0.002127881584912026,1110.3664008798576,881.0
2025-05-01,서초구,5,881.0,1007.0,2293.0,80,221,526836.7792366666,572131.9959866666,482585.0840566667,79837.79634333334,593561.55586,708451.1543333333,686976.2431466667,423185.0386166667,142472.27606333332,0.002127881584912026,1121.0462807920653,951.0
2025-06-01,서초구,6,951.0,986.0,2360.0,80,221,519363.0588548387,559335.0168064517,476549.3871741935,75347.99711612903,580096.0899129033,685250.4930451614,665122.3334032258,389363.6190741935,131695.60398064516,0.002127881584912026,1105.143088820792,939.0
2025-07-01,서초구,7,939.0,1058.0,2625.0,80,221,524679.6125533334,566074.6644100001,482261.35216666665,77774.95958333333,586612.9785466666,694304.31185,673319.6909500001,397137.1524633333,132649.43187666667,0.002127881584912026,1116.4560855310147,1075.0
2025-08-01,서초구,8,1075.0,997.0,2708.0,80,221,530428.5547580646,578598.9730806452,485090.0040258064,76312.56753870969,599561.0856161291,719771.8666612904,696346.6288225807,415788.5163064517,141336.49315806452,0.002127881584912026,1128.6891537811857,1064.0
2025-09-01,서초구,9,1064.0,817.0,2053.0,80,221,524952.0959290323,566840.7535741935,483111.28390322585,76395.3307451613,586906.2341064516,695058.4663,673642.0275483872,397770.24257096776,133582.4347516129,0.002127881584912026,1117.0358978883592,1083.0
2025-10-01,서초구,10,1083.0,902.0,2118.0,80,221,537296.1597766667,583647.2975066666,492019.9955866666,78994.12574,604648.3152633333,721136.8394866666,698941.3329466667,423495.19914,144006.02774,0.002127881584912026,1143.3026040327186,1057.0
2025-11-01,서초구,11,1057.0,963.0,2145.0,80,221,512854.4995483871,547693.7947741935,472772.8057129032,74639.81313870968,568022.0337806452,665164.250716129,645256.5817096775,376496.69562580646,126353.9275,0.002127881584912026,1091.2936453282857,1102.0
2025-12-01,서초구,12,1102.0,976.0,2329.0,80,221,536223.9034533334,578656.9625533334,493250.29495666665,77549.93168,600157.8073766666,710396.1134566667,689665.27284,407092.28486666665,138674.2142,0.002127881584912026,1141.0209695479923,1118.0
2018-08-01,성동구,8,974.0,852.0,1345.0,165,233,355542.64259354834,343857.7782580645,345938.9017322581,67831.74833225805,360303.9661709678,376845.5470258065,366969.8192064517,200941.9995451613,37361.42454516129,0.002072292741910678,736.7884376863526,955.0
2018-09-01,성동구,9,955.0,924.0,1481.0,165,233,355165.8941129032,343177.2038419355,346161.8162483871,71381.9586935484,359699.45384838706,375813.7646935484,364925.6018096774,205902.69733870967,37381.13545806451,0.002072292741910678,736.0077045443858,873.0
2018-10-01,성동구,10,873.0,846.0,1321.0,165,233,358663.2690266667,345019.8483633333,348201.84275333333,68949.26921,363038.13875,378950.20791,369162.9563566667,200991.63310333333,38834.77251,0.002072292741910678,743.2552891939183,906.0
2018-11-01,성동구,11,906.0,800.0,1246.0,165,233,366492.4697903226,355043.4651451613,356894.9265129032,70453.84913870967,373034.0322709677,388715.8953129032,381026.1824064516,210196.3471419355,39478.46814193549,0.002072292741910678,759.479685111404,832.0
2018-12-01,성동구,12,832.0,924.0,1432.0,165,233,370215.80511,357981.40691333334,358473.64131,73982.07052666666,376409.94215666666,394130.0558833333,385081.7340266667,220305.23079666667,42244.165843333336,0.002072292741910678,767.1955258700712,899.0
2019-01-01,성동구,1,899.0,924.0,1464.0,151,253,368410.4111870968,354847.1768419355,359250.54658064514,71727.38761612904,373862.43474193546,388433.27532580646,381495.267716129,206454.46596129032,38972.884690322586,0.002072292741910678,763.4542211473492,797.0
2019-02-01,성동구,2,797.0,784.0,1269.0,151,253,363569.7951967742,351205.48202903225,354652.8159483871,75172.29199677419,368712.5296870968,384794.39329032257,375912.3579580645,213186.2540548387,39529.37529677419,0.002072292741910678,753.4230477642269,717.0
2019-03-01,성동구,3,717.0,811.0,1281.0,151,253,350543.76211428567,337428.283375,340209.1449214286,70880.33575,355086.23235,369779.27453571424,361445.6906785714,201109.9097142857,38582.50864642857,0.002072292741910678,726.4292939514976,777.0
2019-04-01,성동구,4,777.0,794.0,1236.0,151,253,365099.9285129032,351282.56876129034,355050.13849354844,65602.47196129031,370839.036383871,386069.93499032257,378873.78742580645,196991.62597096773,39641.76049354838,0.002072292741910678,756.5939319293968,822.0
2019-05-01,성동구,5,822.0,861.0,1357.0,151,253,360502.53483,347555.10013000004,349891.13350000005,74371.70998333332,366881.1340533334,382855.07612333336,375811.17298333335,220379.04902333333,40579.03709,0.002072292741910678,747.0667863686105,890.0
2019-06-01,성동구,6,890.0,934.0,1482.0,151,253,348822.2711677419,335756.37983870966,338799.4708741936,64876.08441290323,355082.99634193553,370517.2923612904,363848.0115935484,199625.1456,38406.51597096774,0.002072292741910678,722.86186075771,899.0
2019-07-01,성동구,7,899.0,974.0,1568.0,151,253,347428.9657933333,333640.7592666667,338086.9327833333,63104.03651333333,352802.47481333336,367555.20975333336,360325.3874366666,187796.85547666668,35684.16808,0.002072292741910678,719.9745241430579,885.0
2019-08-01,성동구,8,885.0,955.0,1561.0,151,253,341006.57732903224,328210.9729741936,331192.959716129,59381.76531935484,346067.1595032258,362343.10242580646,353151.97453225806,178479.9802967742,34507.03212580645,0.002072292741910678,706.665455142756,871.0
2019-09-01,성동구,9,871.0,873.0,1410.0,151,253,351523.7137806452,339205.1380516129,341448.1161806452,63572.37437741935,355575.63306774193,369496.44652258063,361248.3200612904,186578.2883548387,36197.81004193548,0.002072292741910678,728.4600406771177,857.0
2019-10-01,성동구,10,857.0,906.0,1385.0,151,253,359530.54115666664,346127.06011666666,348265.8073766667,65323.23059333333,365277.10362,381131.7099133333,373322.29107,200231.28219,40505.00827666667,0.002072292741910678,745.0525309341787,861.0
2019-11-01,성동구,11,861.0,832.0,1269.0,151,253,371141.0090822581,359206.0543467742,361255.3379064516,68427.76026935484,378752.68428387097,395243.48932903225,389409.02958387096,220058.11347903227,42234.292420967744,0.002072292741910678,769.1128193465686,826.0
2019-12-01,성동구,12,826.0,899.0,1441.0,151,253,373325.9962033333,361525.78515,363256.55526,67267.61586666667,381296.0875266667,398152.59451666666,392454.2154033333,213885.2979933333,42811.68199666667,0.002072292741910678,773.6407522987411,843.0
2020-01-01,성동구,1,843.0,797.0,1235.0,151,246,371615.2536483871,359107.5989967742,361959.3226806452,70808.1970483871,379292.1994290322,394870.9391354839,390039.92354193545,219420.64619677415,43049.01721290322,0.002072292741910678,770.0955929188483,768.0
2020-02-01,성동구,2,768.0,717.0,1104.0,151,246,360071.22543548385,347761.1109741936,350834.04288387095,69685.59956451612,366248.5102354839,381207.02762258064,374896.70894516126,209963.6589870968,41354.96927096774,0.002072292741910678,746.1729870408368,644.0
2020-03-01,성동구,3,644.0,777.0,1241.0,151,246,364522.7398827586,352744.6466137931,356883.7995241379,67662.02699655172,371041.4011448276,384078.5833827586,380167.5269103448,200873.5997448276,36706.559817241374,0.002072292741910678,755.3978281204347,639.0
2020-04-01,성동구,4,639.0,822.0,1257.0,151,246,362958.2606806452,350905.6281870968,354043.2235451613,66408.06197741936,369598.8084193549,383585.308116129,378895.57527741935,191793.2850774193,33253.69394193548,0.002072292741910678,752.1557692250249,601.0
2020-05-01,성동구,5,601.0,890.0,1408.0,151,246,356568.71823,345273.88698,346428.8179166667,66303.14625333334,363405.6104066667,378562.8216133333,372977.2594466666,197483.51286,35813.27744,0.002072292741910678,738.9147667804227,697.0
2020-06-01,성동구,6,697.0,899.0,1392.0,151,246,353634.18948709674,341553.1907709677,344035.7392,65242.55550645161,359601.5839354839,374318.8649516129,367955.9361709677,194430.9127129033,35717.772332258064,0.002072292741910678,732.833564165576,720.0
2020-07-01,성동구,7,720.0,885.0,1445.0,151,246,354468.39877666667,342144.29015333334,344296.41419999994,65293.278783333335,361256.85261,377308.39521,370760.6879866666,201781.15095666665,38318.569676666666,0.002072292741910678,734.5622900215863,744.0
2020-08-01,성동구,8,744.0,871.0,1440.0,151,246,354943.1750612903,341335.4852806452,345289.2585967742,64237.66293548387,361546.7351129032,377019.6832451613,370791.7192225807,198972.26693870968,37113.56146129032,0.002072292741910678,735.5461654702432,679.0
2020-09-01,성동구,9,679.0,857.0,1372.0,151,246,349246.0028870968,336111.73183548386,340219.7574741935,64526.72809354839,354951.6971935484,368582.5440580645,362939.6691935484,187371.7654032258,33427.59539032258,0.002072292741910678,723.7399569242464,597.0
2020-10-01,성동구,10,597.0,861.0,1413.0,151,246,352899.2585666666,340823.7512666667,343005.3301933333,64577.77005000001,359691.47201666667,375035.1877733333,369200.57086333336,192181.05811333333,34095.57622333333,0.002072292741910678,731.310572153363,658.0
2020-11-01,성동구,11,658.0,826.0,1241.0,151,246,346846.4004903226,335816.660183871,336628.9328516129,63623.814893548384,353162.20086774195,369248.2748967742,362004.3213870968,195661.43497096773,36934.857512903225,0.002072292741910678,718.7672782939399,557.0
2020-12-01,성동구,12,557.0,843.0,1310.0,151,246,349406.7831966666,339963.4596933333,339656.0642866667,62193.99359,357116.0238266667,373697.62684,367908.9607233333,197052.26972666665,37094.45876666667,0.002072292741910678,724.0731407928101,573.0
2021-01-01,성동구,1,573.0,768.0,1212.0,92,90,347102.0044,337601.4297645161,338671.69491612905,59464.73578064516,354729.41121935484,369020.5153064517,365407.7807870968,178985.92853548386,31498.443612903226,0.002072292741910678,719.2969644207682,594.0
2021-02-01,성동구,2,594.0,644.0,1095.0,92,90,346789.0621580645,337824.1919741935,338549.9128806452,61188.97298387097,354413.3769967742,368993.10975161294,365087.4177967742,184156.9695870968,33408.563619354834,0.002072292741910678,718.6484564841682,546.0
2021-03-01,성동구,3,546.0,639.0,1196.0,92,90,344442.88855714287,335891.0354428572,334530.63505357143,60684.39246428572,352672.6900107143,369595.2217,364194.41207857145,193338.65156071424,37336.26723928571,0.002072292741910678,713.7864979597158,577.0
2021-04-01,성동구,4,577.0,601.0,1052.0,92,90,352366.5220483871,343565.8680967742,342125.01672580646,59924.25080645161,361468.1099870968,379378.2421645162,374210.333132258,199060.4474516129,39563.06309032258,0.002072292741910678,730.2065861331815,626.0
2021-05-01,성동구,5,626.0,697.0,1241.0,92,90,350466.8143033333,343309.07262,339760.92403,65330.34121,360496.7894933333,380400.0591333333,374538.7547833333,213854.00166,40643.659940000005,0.002072292741910678,726.2698355613551,714.0
2021-06-01,성동구,6,714.0,720.0,1276.0,92,90,346853.2469,338286.0802612903,336768.1856354839,63469.81987096774,355052.77992580645,372655.6616612903,366532.1261935484,200401.18379677425,37830.9365,0.002072292741910678,718.7814660590225,761.0
2021-07-01,성동구,7,761.0,744.0,1336.0,92,90,350562.8697133333,342528.4419466667,340140.75482666667,64274.25016,359828.24790666666,378533.59142666665,372799.77737,209651.51149333327,39888.04148,0.002072292741910678,726.4688904903194,727.0
2021-08-01,성동구,8,727.0,679.0,1369.0,92,90,344609.4606548387,336623.70785483875,334867.9662580645,61823.2274516129,353112.4621451613,369586.8398580645,365016.6642322581,194341.5502645161,35492.57322258064,0.002072292741910678,714.1316841087756,744.0
2021-09-01,성동구,9,744.0,597.0,1187.0,92,90,345286.20943870966,335555.15337741934,335780.72491935483,61231.8905967742,352942.91797741933,369016.1636483871,363662.309916129,192662.23521612905,35598.82381935484,0.002072292741910678,715.5341057016883,677.0
2021-10-01,성동구,10,677.0,658.0,1222.0,92,90,347506.9285366667,336642.69986,337873.1045,60243.16121333333,355348.1169233333,371805.1436633334,366325.7806666667,195307.9310266667,37951.15885333333,0.002072292741910678,720.136085770207,719.0
2021-11-01,성동구,11,719.0,557.0,1052.0,92,90,349420.1652387097,340069.0749451613,339348.85595483874,59994.328909677424,357638.4472064516,374921.1290354839,369144.04199677415,196168.88632258063,38141.8492516129,0.002072292741910678,724.100872301408,697.0
2021-12-01,성동구,12,697.0,573.0,1020.0,92,90,353073.33627666667,344932.26402,341935.8210766667,61653.66112333334,364084.45254,384736.9453333333,379500.01527,211862.25497333333,42527.36957,0.002072292741910678,731.6713121283245,633.0
2022-01-01,성동구,1,633.0,594.0,1110.0,117,90,353492.67107419355,345864.4625870968,342305.2534741935,59584.54042580645,364678.1991129032,384974.5016645161,380337.93837096775,202835.0063935484,39876.98861935484,0.002072292741910678,732.54029658567,668.0
2022-02-01,성동구,2,668.0,546.0,1071.0,117,90,347323.2450612903,338780.0737451613,336590.7938612903,59885.95884193549,357255.071316129,376001.0556806452,371159.6280709677,198877.3638935484,39772.91488709678,0.002072292741910678,719.7554398373757,614.0
2022-03-01,성동구,3,614.0,577.0,1163.0,117,90,347823.1059464286,338541.5128357143,337920.0915428572,59742.34595714286,357539.2394321429,375442.8833107143,371141.8263035714,194055.865225,37804.35012142857,0.002072292741910678,720.7912979216128,648.0
2022-04-01,성동구,4,648.0,626.0,1191.0,117,90,351596.4647516129,342091.7511483871,342492.02799032256,57705.15030322581,362219.8255580645,380983.10031935485,377092.5307032258,192355.1509258065,39045.41134193548,0.002072292741910678,728.6108019862211,756.0
2022-05-01,성동구,5,756.0,714.0,1337.0,117,90,348821.66362,341972.0597766667,338007.36883,62531.860100000005,360941.2658833333,384586.17633,377908.7090466666,216269.46118,43579.67186333333,0.002072292741910678,722.860601740934,855.0
2022-06-01,성동구,6,855.0,761.0,1336.0,117,90,352983.8589516129,345514.23715161294,340697.1743129032,61479.9240032258,364315.3453870968,387998.8630483871,380179.4263709677,214643.98237741936,44530.92331290322,0.002072292741910678,731.48588891705,791.0
2022-07-01,성동구,7,791.0,727.0,1328.0,117,90,355876.70931,347313.76454,344721.00595666666,61604.64135666667,366402.7203966667,387484.4814066666,381139.13592,210579.67731,42197.44618,0.002072292741910678,737.4807217181693,895.0
2022-08-01,성동구,8,895.0,744.0,1330.0,117,90,344392.2287645161,335526.2598451613,334499.4019032258,58025.383625806455,353684.5129096774,372729.5429193548,366693.7107,197398.3849,39889.96501935484,0.002072292741910678,713.6815160391486,780.0
2022-09-01,성동구,9,780.0,677.0,1304.0,117,90,342821.8646354839,332657.2091258064,332964.1729516129,58964.56803870968,351872.5970677419,370778.2353612904,364543.6225032258,198139.2762548387,39942.57028709677,0.002072292741910678,710.4272618523983,768.0
2022-10-01,성동구,10,768.0,719.0,1312.0,117,90,346388.79797,336742.7722933333,334898.7580433333,57887.79509666667,356964.66662000003,378267.7370633333,371770.8827333333,204329.31677333327,43858.19782666666,0.002072292741910678,717.8189919123953,731.0
2022-11-01,성동구,11,731.0,697.0,1360.0,117,90,347062.8466741935,338648.017883871,335897.2290580645,57330.280948387095,357673.67048064515,379494.1541967742,372528.82382903225,201026.7102193549,42049.17934516129,0.002072292741910678,719.2158181497898,754.0
2022-12-01,성동구,12,754.0,633.0,1346.0,117,90,349749.53168666665,342783.75273,337886.78351333336,58136.321983333335,362395.4391033333,386943.7299766667,380099.7094866667,210771.7038533333,43880.8871,0.002072292741910678,724.783416000938,784.0
2023-01-01,성동구,1,784.0,668.0,1304.0,98,173,350311.6334967742,341897.7624548387,338435.2258032258,56071.29709677419,362211.2865451613,384578.3833387097,378870.8008161291,200254.04453548387,41827.49215806452,0.002072292741910678,725.9482555022388,727.0
2023-02-01,성동구,2,727.0,614.0,1283.0,98,173,339833.03122580645,332342.6085935484,327375.5726677419,54018.4051483871,350226.3019967742,370218.8782935484,364776.8811064516,190203.53668387097,40728.25183548387,0.002072292741910678,704.2335240707436,651.0
2023-03-01,성동구,3,651.0,648.0,1485.0,98,173,345838.240175,339410.81144285714,333598.0687178572,53146.773689285714,357928.6939678571,380380.0853357143,374855.3293142857,198462.96215,44752.25008571429,0.002072292741910678,716.6780749898144,736.0
2023-04-01,성동구,4,736.0,756.0,1426.0,98,173,350505.9043935484,343380.2057419355,337779.97077741934,51047.10115806452,364001.2462967742,389084.08089032257,382894.7249580645,198659.95826774192,46266.50096129032,0.002072292741910678,726.3508416715883,755.0
2023-05-01,성동구,5,755.0,855.0,1502.0,98,173,346892.54276333336,340799.3422633333,334479.9313633333,56509.7786,360286.25201666664,386764.5621466666,379037.44497,210891.49861,46260.71755666667,0.002072292741910678,718.8628985913953,831.0
2023-06-01,성동구,6,831.0,791.0,1391.0,98,173,343986.65723225806,337293.4631483871,331062.1311258064,54970.31717096774,356113.16627096775,380411.83360967744,373090.2789225807,203331.882716129,44048.03193225806,0.002072292741910678,712.8410530965247,758.0
2023-07-01,성동구,7,758.0,895.0,1616.0,98,173,343327.09691,336430.77032666665,331571.60206666664,55243.29278,355102.72098,377364.57964666665,371588.5947,201015.44582,42946.70563333333,0.002072292741910678,711.4742510278571,848.0
2023-08-01,성동구,8,848.0,780.0,1454.0,98,173,337544.8190387097,330829.4462387097,326271.31705161295,51102.56482580645,347868.09931290324,369065.3710387097,362320.6916967742,187884.32707741932,40804.95355483871,0.002072292741910678,699.4916785634714,856.0
2023-09-01,성동구,9,856.0,768.0,1346.0,98,173,336461.59288709675,329361.1059806452,325497.523983871,50822.756019354834,346058.6831548387,366272.0476935484,359494.6095193548,186947.0444806452,40940.0019,0.002072292741910678,697.246916871636,776.0
2023-10-01,성동구,10,776.0,731.0,1288.0,98,173,344255.50268,336408.73460666667,331818.77271666663,50437.11576333333,354887.74589666666,376052.9271533333,369772.88641,192627.92586666663,44152.98059333333,0.002072292741910678,713.398179566576,796.0
2023-11-01,성동구,11,796.0,754.0,1302.0,98,173,342105.888316129,334805.0817903225,331222.6939096774,51569.22454838709,352867.51892580645,375345.85235161294,367933.8017870968,192476.69996451613,42039.328235483874,0.002072292741910678,708.9435493224191,740.0
2023-12-01,성동구,12,740.0,784.0,1415.0,98,173,348530.3735733333,342308.61435333337,336177.3183466667,52510.89824666666,360422.95284333336,383422.9635266667,377072.5638366667,204727.08965666668,46666.470166666666,0.002072292741910678,722.2569634914358,831.0
2024-01-01,성동구,1,831.0,727.0,1249.0,60,210,352390.7381741936,343498.58326451614,338866.89279677416,50840.78357419355,363229.96246451617,385336.2420741936,378404.8764741936,196042.49835483872,46580.03769354839,0.002072292741910678,730.2567690349275,782.0
2024-02-01,성동구,2,782.0,651.0,1113.0,60,210,342039.0969612903,335339.8796806451,327465.4174612904,48578.79541290322,351456.3379806451,369767.9606258065,364640.4753967742,184735.10471935483,43086.01323548386,0.002072292741910678,708.8051380825646,631.0
2024-03-01,성동구,3,631.0,736.0,1208.0,60,210,339414.29707586206,334061.6396586207,327141.45475862065,49770.7301862069,349710.77719655173,370432.04140344827,364125.8493793103,190344.1421137931,44807.82501034483,0.002072292741910678,703.3657843310236,597.0
2024-04-01,성동구,4,597.0,755.0,1242.0,60,210,350773.4288483871,344352.78911935486,338838.02942903223,48705.89870967742,362637.6263225806,385659.2905709677,379247.50281290326,194079.80322258064,48112.50532580646,0.002072292741910678,726.9052306576343,567.0
2024-05-01,성동구,5,567.0,831.0,1402.0,60,210,346080.1512833333,341246.9538666667,335116.8978066667,54741.29045333333,359790.27052,388317.39957,378984.4374666667,211992.73005333336,47200.117476666666,0.002072292741910678,717.1793856238011,608.0
2024-06-01,성동구,6,608.0,758.0,1319.0,60,210,341827.2930935484,335762.59062258067,332554.13231290324,51498.78107096774,353612.19902903226,378348.0316677419,370111.06733870966,194393.13052258064,43601.06656774194,0.002072292741910678,708.3662184647344,613.0
2024-07-01,성동구,7,613.0,848.0,1491.0,60,210,340810.6190366667,333380.51412,332140.6054966666,52657.06412666666,351255.3528766667,372926.2357933333,365877.9802366666,191759.94017666663,42602.758400000006,0.002072292741910678,706.2593721957696,631.0
2024-08-01,성동구,8,631.0,856.0,1474.0,60,210,336214.5702387097,330136.81680645165,327821.2863064516,49391.812745161296,346470.9114709677,367018.38953870966,360829.7892,185551.7899870968,41806.80093225807,0.002072292741910678,696.735013630296,600.0
2024-09-01,성동구,9,600.0,776.0,1399.0,60,210,335611.4584483871,327831.3092870968,327409.6514903226,50093.40340967742,343947.6531645161,361876.51771290327,355618.3257774193,184547.82652903223,42455.46257096775,0.002072292741910678,695.4851894446498,546.0
2024-10-01,성동구,10,546.0,796.0,1337.0,60,210,337518.8239866666,328962.2454166667,328227.2281566666,51152.88632666667,347021.33082,367238.3664066667,360324.84041,189570.11548,44608.70694,0.002072292741910678,699.437809205797,546.0
2024-11-01,성동구,11,546.0,740.0,1171.0,60,210,343382.5688451613,336392.11102258065,335688.6782612904,51557.78967419355,354751.8351870968,379306.4047612903,370668.8080903225,196358.0671516129,45577.35950645161,0.002072292741910678,711.5892051164715,520.0
2024-12-01,성동구,12,520.0,831.0,1376.0,60,210,344447.56177,337662.98288,335749.57493666664,53467.956066666666,356226.8598133333,380868.46369,372717.8770833333,206662.30104,47891.09975,0.002072292741910678,713.7961822248009,582.0
2025-01-01,성동구,1,582.0,782.0,1254.0,70,173,344445.9618548387,337412.39952903223,335591.2026129032,51369.19785483871,356198.7431774193,381045.4209870968,372652.63704193546,197262.2298709677,46413.85621935484,0.002072292741910678,713.7928667322245,563.0
2025-02-01,성동구,2,563.0,631.0,1097.0,70,173,333143.850916129,325907.9468645161,325448.3255290322,49464.10342903226,342006.5618483871,360590.6349193548,354414.3571354839,179621.11207741936,41094.01933548387,0.002072292741910678,690.3715842656671,495.0
2025-03-01,성동구,3,495.0,597.0,1164.0,70,173,340638.21238928573,335691.8080928571,332912.1206857143,50301.39826428572,351919.36505,375073.7291035714,367712.97878214286,192637.7031178572,44891.71875,0.002072292741910678,705.9020951517449,543.0
2025-04-01,성동구,4,543.0,567.0,1194.0,70,173,347863.02884516126,340970.7649870968,340196.92485806457,49542.400483870966,359448.59086129034,384049.00574516127,375668.3776870968,192886.1785967742,46711.57582580645,0.002072292741910678,720.8740298548926,577.0
2025-05-01,성동구,5,577.0,608.0,1314.0,70,173,349381.52070666663,343787.71910000005,341035.77350666665,57231.54164,362522.45337,390116.39653,380919.7590866667,216531.2376533333,47195.83596,0.002072292741910678,724.0207895181405,586.0
2025-06-01,성동구,6,586.0,613.0,1326.0,70,173,342521.68079354835,335885.5207709677,333894.6344967742,51793.10980645162,354285.78181612905,380962.0396677419,370755.5232516129,198139.12372580645,45473.02484516129,0.002072292741910678,709.8051930555164,568.0
2025-07-01,성동구,7,568.0,631.0,1371.0,70,173,344248.5884333333,336527.07793,336419.3494766667,55775.712263333335,355062.1835733334,378727.32630666666,370201.2167833333,200705.9139733333,43239.003006666666,0.002072292741910678,713.3838512233929,638.0
2025-08-01,성동구,8,638.0,600.0,1411.0,70,173,337630.89112580643,331674.33544838714,330092.94920322584,54154.93300967741,348541.13801935484,371834.3394354839,363815.4836806452,197286.42283548389,43380.572767741935,0.002072292741910678,699.6700451248431,605.0
2025-09-01,성동구,9,605.0,546.0,1171.0,70,173,333852.70933225803,327076.28093548387,326930.1011419355,54751.9452,343540.03414193547,365259.86636451614,357102.2888935484,194120.4200580645,43029.1096483871,0.002072292741910678,691.8405464164537,646.0
2025-10-01,성동구,10,646.0,546.0,1175.0,70,173,347237.32880333334,341549.40477,338736.12761333334,56134.68401333333,360477.9657333334,388287.3726466667,379014.8574533333,212898.66627666669,49082.10755,0.002072292741910678,719.5773961995993,615.0
2025-11-01,성동구,11,615.0,520.0,1087.0,70,173,338137.9937354839,329905.99533225805,328853.4803419355,54014.44735806452,348790.16426129034,373791.0110225807,363703.203,197414.55775483872,44628.844425806456,0.002072292741910678,700.7209101822816,649.0
2025-12-01,성동구,12,649.0,582.0,1179.0,70,173,348963.99414,342777.5149633333,340131.3849,55145.652883333336,362451.0455366667,391603.22347666667,381332.91749,208770.6205433333,47969.19195666666,0.002072292741910678,723.1555522444825,636.0
2018-05-01,성북구,5,1081.0,1154.0,1851.0,197,271,487697.3227615384,450768.78315,442463.1954769231,99592.82936923076,471560.4510884615,501926.61859615386,448968.8307307692,221844.2821653846,28610.6072,0.0020944394337018162,1021.4525045025683,1124.0
2018-06-01,성북구,6,1124.0,1129.0,1811.0,197,271,482805.24537419353,447806.4736387097,438881.79222903226,96766.05290645162,468059.6442645161,499650.8054967742,445922.5104354839,216954.6888129032,29085.10645806452,0.0020944394337018162,1011.2063447097923,1108.0
2018-07-01,성북구,7,1108.0,1177.0,1918.0,197,271,478670.11608666665,442707.30265,431654.93359,94606.22714333334,461958.4129833333,492142.07901333336,438562.02864333335,201477.07404,25011.22157333333,0.0020944394337018162,1002.5455668665408,1220.0
2018-08-01,성북구,8,1220.0,1137.0,1893.0,197,271,464879.0303,429005.1655032258,410830.5847064516,93791.7539967742,445474.294916129,480292.9929064516,418307.665383871,193450.6029064516,23895.218264516127,0.0020944394337018162,973.6609729613814,1201.0
2018-09-01,성북구,9,1201.0,1163.0,1931.0,197,271,459160.1153451613,424907.67866774194,407702.9315806452,92957.92432903226,441445.9604193549,474465.8073645161,415246.08536774194,192841.19092258063,24385.885470967743,0.0020944394337018162,961.6830519619803,1100.0
2018-10-01,성북구,10,1100.0,1064.0,1712.0,197,271,472601.31608666666,438144.8515,429324.5538766666,89671.78583,457609.73035666667,485752.06443,436621.51035,201144.98138,32336.35149333333,0.0020944394337018162,989.8348328312911,1070.0
2018-11-01,성북구,11,1070.0,1153.0,1809.0,197,271,479116.9288322581,444949.87793225807,433834.1111225807,93416.58625806452,463990.3376645161,492392.5870290322,441312.8482129033,205514.29225806447,27495.556648387097,0.0020944394337018162,1003.481389100388,1051.0
2018-12-01,성북구,12,1051.0,1257.0,2062.0,197,271,480928.72991,445547.84977,435783.3566366667,94580.29793666668,464868.28662,494802.95083333337,442383.66598,210508.80395666664,28745.78036,0.0020944394337018162,1007.2760967236342,1155.0
2019-01-01,성북구,1,1155.0,1208.0,1992.0,118,162,483866.5393935484,448939.1260225807,439662.9614645162,90631.14705806453,468509.59206451615,495870.1329032258,447009.8658032258,198441.5932032258,27018.56773870968,0.0020944394337018162,1013.429160754681,1008.0
2019-02-01,성북구,2,1008.0,946.0,1622.0,118,162,470237.07981612906,436432.0235258064,418342.1240483871,93180.27829032256,452058.411116129,483551.7329322581,426608.2749419355,195913.1299806452,25169.813351612906,0.0020944394337018162,984.8830831556891,979.0
2019-03-01,성북구,3,979.0,1128.0,1849.0,118,162,450070.2933392857,419984.6524357143,404607.2916535715,91758.86136428572,434640.5034928572,462621.7357321429,413038.79772857146,191714.4873,27350.551410714284,0.0020944394337018162,942.6449703075439,1020.0
2019-04-01,성북구,4,1020.0,1081.0,1737.0,118,162,478031.2696322581,444159.2294516129,436985.1096483871,85556.78146774194,463701.6523419355,489716.6548935484,443640.18812580645,194968.77727096772,32855.08862580645,0.0020944394337018162,1001.2075416603469,1087.0
2019-05-01,성북구,5,1087.0,1124.0,1874.0,118,162,472166.23813666665,437232.2305133333,426677.57276666665,97266.35194666666,456047.4919733333,485245.6712833333,433481.2473533333,213104.45081666668,27419.596200000004,0.0020944394337018162,988.923588416077,1163.0
2019-06-01,성북구,6,1163.0,1108.0,1788.0,118,162,457373.0291774194,423447.80158064514,415183.5880516129,87254.10341935484,442398.9042612903,470364.8400548387,421435.1294096775,194026.5268806452,26600.63280967742,0.0020944394337018162,957.9401082208385,1095.0
2019-07-01,성북구,7,1095.0,1220.0,2006.0,118,162,452666.0445233333,418334.5910666667,408005.62602,83852.58942,436878.2211566667,466053.6796866666,414775.2684633333,179365.62752666665,23807.37482,0.0020944394337018162,948.0816139474914,1144.0
2019-08-01,성북구,8,1144.0,1201.0,1927.0,118,162,433846.24120967736,400317.1876419355,382909.2225741936,77302.3112,415621.3382,447911.3165,390106.4739741936,161461.95240645163,21219.97168387097,0.0020944394337018162,908.6646757528582,1138.0
2019-09-01,성북구,9,1138.0,1100.0,1749.0,118,162,452765.2130516129,419142.95910322585,400972.397067742,84604.29851612904,434533.0092903226,466085.5333645161,409007.9240516129,174499.90207419355,23458.53145806452,0.0020944394337018162,948.2893164237023,1072.0
2019-10-01,성북구,10,1072.0,1070.0,1620.0,118,162,466671.1327666667,433662.3141466667,427201.23357,88760.69402000001,452771.93176666665,478103.6397733333,433313.0503733333,199776.2145433333,33345.041443333335,0.0020944394337018162,977.4144230368025,1126.0
2019-11-01,성북구,11,1126.0,1051.0,1654.0,118,162,475001.17281612905,439927.47469354834,429552.37508064514,89966.39057419355,458894.2695483871,485481.216933871,436344.60499677423,203454.49478870968,28674.43567741935,0.0020944394337018162,994.8611874007119,1079.0
2019-12-01,성북구,12,1079.0,1155.0,1847.0,118,162,477547.48334,441908.03145,432198.7070666666,86402.20840999999,461533.94953,489282.9648466666,439115.00219666667,195009.3149533333,27728.41201333333,0.0020944394337018162,1000.1942805723571,1113.0
2020-01-01,성북구,1,1113.0,1008.0,1596.0,106,147,478117.5115258065,441940.22345806455,431018.3382580645,90827.37403225809,461709.56980322575,489802.8909419355,438738.4513870968,199333.76477741936,27423.581522580647,0.0020944394337018162,1001.3881700830318,1069.0
2020-02-01,성북구,2,1069.0,979.0,1446.0,106,147,461061.4569516129,427542.521816129,410914.44121612905,88527.0292516129,443642.13299677416,473006.912332258,419255.0794741936,186893.57087096773,26902.914658064517,0.0020944394337018162,965.6652967994704,820.0
2020-03-01,성북구,3,820.0,1020.0,1626.0,106,147,466958.0321137931,433599.9663310344,420823.6665896552,87841.76476551723,450710.3635896552,476518.7189068966,427963.6276448276,178698.16827931034,22220.050448275862,0.0020944394337018162,978.0153163429272,700.0
2020-04-01,성북구,4,700.0,1087.0,1635.0,106,147,470208.67202903226,436487.6556258065,426936.2509645161,87418.84817419354,455347.1090064516,478018.8746096774,434540.92077741935,173036.95986451613,20446.685303225804,0.0020944394337018162,984.8235847661693,757.0
2020-05-01,성북구,5,757.0,1163.0,1783.0,106,147,467641.8197966667,433289.2560366666,421702.9213,91400.24130333331,451910.41041666665,476628.0937266666,429886.43726,181425.6733333333,21284.456283333337,0.0020944394337018162,979.4474682302174,862.0
2020-06-01,성북구,6,862.0,1095.0,1722.0,106,147,465573.2071225807,431647.57718064514,419592.4719580645,90901.9354903226,449888.8910451613,475175.24209677416,427930.8485419355,184452.0704064516,23540.498270967742,0.0020944394337018162,975.1148842725563,879.0
2020-07-01,성북구,7,879.0,1144.0,1780.0,106,147,465224.1417766667,430105.3705866666,418673.03716666665,91156.29304333334,448730.0595833333,475744.76119,425638.3445266666,187020.20382,23072.451123333336,0.0020944394337018162,974.3837880471352,941.0
2020-08-01,성북구,8,941.0,1138.0,1794.0,106,147,458323.4533451613,422619.5671806451,408027.0622870968,89527.1676451613,440633.1441193548,469864.0783225806,415866.7112193548,180389.4869580645,21661.757916129038,0.0020944394337018162,959.9307140765004,896.0
2020-09-01,성북구,9,896.0,1072.0,1723.0,106,147,453472.53198387095,418019.9534677419,408409.6318935484,88912.25225806452,437750.70461612905,463140.0773483871,415740.1462935484,171187.94658387097,19627.11558387097,0.0020944394337018162,949.7707530876274,781.0
2020-10-01,성북구,10,781.0,1126.0,1782.0,106,147,462184.37563,426579.6821733333,418182.24172,89682.38743333334,446747.30582,470973.9653533333,425135.40808666666,177609.58388,21856.195726666665,0.0020944394337018162,968.0171819603248,802.0
2020-11-01,성북구,11,802.0,1079.0,1693.0,106,147,455269.5021290322,421287.5053580645,407621.780967742,90732.62306129032,439026.03666451614,465123.9742354839,416285.1849870968,184485.5019935484,24060.70973548387,0.0020944394337018162,953.534398220838,791.0
2020-12-01,성북구,12,791.0,1113.0,1681.0,106,147,456169.88400666666,421696.30529333337,409806.5692333333,91136.27219,440085.9448633333,465434.13522,417568.4300666667,184116.76302666668,22296.116423333333,0.0020944394337018162,955.4201935307461,737.0
2021-01-01,성북구,1,737.0,1069.0,1611.0,92,131,458908.1638129032,426207.500783871,419631.4842129033,87553.58200967741,445418.1513741936,464856.9041612903,426532.1339580645,170712.0114483871,19211.84823548387,0.0020944394337018162,961.1553547374374,774.0
2021-02-01,성북구,2,774.0,820.0,1401.0,92,131,455691.0253096774,425835.6500483871,416196.0214838709,90076.0537064516,442329.8876935484,461815.8977645162,423624.295016129,175578.50588064516,20633.952983870968,0.0020944394337018162,954.4172529926008,691.0
2021-03-01,성북구,3,691.0,700.0,1263.0,92,131,453265.4609285714,420279.2642357143,408011.2535857143,89455.61721785714,438007.89603214286,461082.924575,416647.3051928571,180154.85644285716,23253.58195357143,0.0020944394337018162,949.3370553038299,749.0
2021-04-01,성북구,4,749.0,757.0,1356.0,92,131,462366.07258387096,426432.5940064516,414413.7624129033,87257.45941612903,445766.8841483871,471949.4347645161,422528.0203548387,183707.4354,27286.86376451613,0.0020944394337018162,968.3977352254956,794.0
2021-05-01,성북구,5,794.0,862.0,1583.0,92,131,457480.02629,422551.12873,407807.8742833333,93880.93849333332,440312.49287666666,466953.3580633334,416277.9461,190094.32129,22469.937386666665,0.0020944394337018162,958.1642071927196,926.0
2021-06-01,성북구,6,926.0,879.0,1628.0,92,131,453786.26216451614,420124.4351064516,406767.1961774193,91308.76281612903,437655.1822193549,463186.84688387095,415071.6703032258,183271.7890451613,22085.52774193548,0.0020944394337018162,950.4278419495131,941.0
2021-07-01,성북구,7,941.0,941.0,1619.0,92,131,451758.96063,417642.18791,403065.2888633333,92051.97055666668,434647.05735666666,461767.8237633333,410690.3927866667,184985.45819,21822.367746666667,0.0020944394337018162,946.1817816716183,904.0
2021-08-01,성북구,8,904.0,896.0,1645.0,92,131,441727.6066,409875.9347645161,397318.63613870967,87983.76325806451,426102.5745451613,450483.814,404227.52965483867,172481.14602258065,19905.26355483871,0.0020944394337018162,925.1717182177626,922.0
2021-09-01,성북구,9,922.0,781.0,1351.0,92,131,438681.9824129032,404747.1517225807,392806.1990645161,85560.3098,422818.9771129032,446768.0422677419,400610.7696967742,167895.35610967744,20346.6714,0.0020944394337018162,918.7928428200711,911.0
2021-10-01,성북구,10,911.0,802.0,1451.0,92,131,443241.0128233333,408558.5246433333,397338.07400666666,84799.016,427466.46255,452469.6020866667,405382.0921666667,173211.37951666667,24376.38172,0.0020944394337018162,928.3414558911218,932.0
2021-11-01,성북구,11,932.0,791.0,1371.0,92,131,444284.87214838713,410450.7076677419,395891.0741032258,85084.19664838711,427842.3674935484,453497.616467742,404822.86097741936,171338.37308387097,21879.839464516128,0.0020944394337018162,930.5277560247517,811.0
2021-12-01,성북구,12,811.0,737.0,1294.0,92,131,444685.7551033333,410811.4548366666,396148.79588,86308.66057000001,427986.0485233333,454583.01421,404606.45931,178441.46498000002,23208.38779,0.0020944394337018162,931.3673810938899,814.0
2022-01-01,성북구,1,814.0,774.0,1447.0,78,100,447866.40155161294,413596.29492580646,401118.3502064516,82859.29617096773,431648.3129612903,456725.4199580645,408942.9889290322,168931.55445806452,21230.19128064516,0.0020944394337018162,938.0290524398305,878.0
2022-02-01,성북구,2,878.0,691.0,1311.0,78,100,439940.1118193548,407693.98783870967,393034.8725516129,83286.27961290322,423890.1664225807,448053.75878387096,401420.2428935484,169109.91667419355,22348.75444193548,0.0020944394337018162,921.4279186616432,780.0
2022-03-01,성북구,3,780.0,749.0,1342.0,78,100,441241.43832142855,409202.31365,398698.0089535714,83370.23919642856,426673.5994035714,449138.28805,406278.6249,169538.5505392857,22849.88890357143,0.0020944394337018162,924.1534682037077,939.0
2022-04-01,성북구,4,939.0,794.0,1448.0,78,100,442480.3095322581,410743.4994064516,402687.2186741936,80136.91731612902,428904.6609032258,450050.15346451616,409898.7528354839,171546.0780451613,27443.7686,0.0020944394337018162,926.7482089209469,885.0
2022-05-01,성북구,5,885.0,926.0,1612.0,78,100,452584.2886766667,418241.91976,402333.7188566666,84713.51151666667,435465.8387333333,463026.8996833333,411500.00882,182788.93789333332,23852.395356666664,0.0020944394337018162,947.9103812782971,924.0
2022-06-01,성북구,6,924.0,941.0,1684.0,78,100,459101.27252903226,423488.9254290323,408482.11695483874,86641.55532903226,441667.8836419355,471200.4683129032,417261.1391935484,189226.1445806452,26153.97700322581,0.0020944394337018162,961.5598092474895,909.0
2022-07-01,성북구,7,909.0,904.0,1611.0,78,100,462802.0826133333,425156.05342,408833.87499,87306.47091999999,444262.9095733333,474973.78675666667,418308.06731666665,181955.44082,23037.721810000003,0.0020944394337018162,969.310931824691,1060.0
2022-08-01,성북구,8,1060.0,922.0,1567.0,78,100,442441.6382870968,406469.37753870967,387294.3383645161,81997.8363032258,423267.29480645165,454848.203983871,396423.21393548383,168096.6818483871,21393.687964516128,0.0020944394337018162,926.6672143401308,1091.0
2022-09-01,성북구,9,1091.0,911.0,1569.0,78,100,440963.6001483871,403162.4801870968,386537.7569516129,82395.77257741935,422073.4468064516,452225.37287741934,395627.2321548387,167562.25320967744,21556.37311935484,0.0020944394337018162,923.571552977902,1000.0
2022-10-01,성북구,10,1000.0,932.0,1601.0,78,100,454165.02215333335,417189.87557,408882.78689333337,81923.63306333333,438380.84759666666,465746.41146,416283.0031933333,185585.97166333333,31567.10624333333,0.0020944394337018162,951.2211318060004,979.0
2022-11-01,성북구,11,979.0,811.0,1503.0,78,100,453447.3487225807,418085.9557258064,403657.4187612903,80659.19615806451,436565.2364290322,464195.5388193549,412930.2792483871,176779.84362580645,25373.643232258062,0.0020944394337018162,949.7180082721119,978.0
2022-12-01,성북구,12,978.0,814.0,1613.0,78,100,456063.97901666665,420428.29567,408166.9423333333,82553.1499,439368.16761,466216.98015,415994.0316466667,183774.71647333333,25869.30846333333,0.0020944394337018162,955.1983819434643,1045.0
2023-01-01,성북구,1,1045.0,878.0,1550.0,84,143,457020.8800290322,420063.3512548388,408421.0561612903,79211.92823870968,440150.06316774193,467535.5166451613,416530.9195741936,170695.04693548387,23457.87390967742,0.0020944394337018162,957.2025531579119,946.0
2023-02-01,성북구,2,946.0,780.0,1558.0,84,143,443085.0168322581,409453.1329322581,394189.0294225807,77607.99116451613,426405.9401806452,453614.8346580645,403055.2328903226,163541.1517645161,23951.10226129032,0.0020944394337018162,928.0147317359143,887.0
2023-03-01,성북구,3,887.0,939.0,2020.0,84,143,448622.08904642856,411904.3086892857,394808.5501535715,79184.95032857142,430060.81693928567,458974.34045357147,404075.0359714286,168601.21535357143,25241.82741785714,0.0020944394337018162,939.6117941285277,973.0
2023-04-01,성북구,4,973.0,885.0,1707.0,84,143,464694.9694354839,426958.69784516125,418058.2561322581,76638.68883548387,448632.1220580645,475171.49270967743,426144.135732258,182266.16051935483,34305.82236451613,0.0020944394337018162,973.2754686285377,968.0
2023-05-01,성북구,5,968.0,924.0,1602.0,84,143,460772.3540066667,424464.50902,411707.5708433333,85427.17846333333,443856.8041333333,471783.67917,420175.0342933333,189316.87662,27276.25786333333,0.0020944394337018162,965.0597881911758,1051.0
2023-06-01,성북구,6,1051.0,909.0,1553.0,84,143,458502.8477870968,422913.77892903227,413135.6224387097,81760.89603548388,442747.812183871,469501.8162580645,420690.76236451615,185529.80031612905,27731.81887096774,0.0020944394337018162,960.306444869877,1023.0
2023-07-01,성북구,7,1023.0,1060.0,1824.0,84,143,453789.25069666666,416779.65705,402662.98491,82406.59358333334,435905.0515366666,465566.17447333335,410867.17273,178112.53748666667,24602.667843333333,0.0020944394337018162,950.434101249098,1074.0
2023-08-01,성북구,8,1074.0,1091.0,1998.0,84,143,438777.5378870968,404224.8845967742,384677.58201935486,77714.87471612904,419957.92550967744,450857.2557548388,393610.4682,162567.44506451613,22696.840322580647,0.0020944394337018162,918.9929779733283,1060.0
2023-09-01,성북구,9,1060.0,1000.0,1745.0,84,143,434535.05071290326,399297.8200870968,378945.6626806451,78220.95093548387,415167.25053225807,446594.8885548387,388052.3302741935,161327.25182580645,22315.484290322584,0.0020944394337018162,910.1073455387232,1058.0
2023-10-01,성북구,10,1058.0,979.0,1703.0,84,143,451388.1890200001,415689.9973966667,404674.0522133334,79285.55852333334,435206.5901733333,463801.6448333334,412552.35179,179709.84192,31740.725433333333,0.0020944394337018162,945.4052229907375,1033.0
2023-11-01,성북구,11,1033.0,978.0,1702.0,84,143,449880.60728709673,415036.8596709677,400398.7365129032,81732.46976129031,433068.7243709677,461595.0826935484,409532.0882870968,176832.6355870968,25681.126580645163,0.0020944394337018162,942.247684359816,956.0
2023-12-01,성북구,12,956.0,1045.0,1794.0,84,143,458453.82694,422459.0987833334,410279.02153333335,83350.90765333334,441576.3812733333,471176.0160133333,417947.95733,188343.62625666667,29465.29741,0.0020944394337018162,960.203773674644,1086.0
2024-01-01,성북구,1,1086.0,946.0,1614.0,109,167,460571.6633032258,422634.5187548387,409886.5438580645,81558.97798387097,443226.1905548387,474843.9124129032,418942.5286903226,178501.15282903227,29474.552980645163,0.0020944394337018162,964.6394536679119,1074.0
2024-02-01,성북구,2,1074.0,887.0,1497.0,109,167,437457.4372967742,405131.9483709677,384915.3937290323,76453.54278064516,419987.3616129033,451528.123183871,395529.2556580645,161904.52708387095,26374.93706451613,0.0020944394337018162,916.2281072405035,887.0
2024-03-01,성북구,3,887.0,973.0,1726.0,109,167,435483.0048551724,404079.2734724138,384822.2440586207,78140.6104724138,418365.62775172415,446100.76849310345,394401.29982068966,167279.3446275862,27905.445779310343,0.0020944394337018162,912.0927780756326,826.0
2024-04-01,성북구,4,826.0,968.0,1705.0,109,167,457935.7205096774,423453.3686096774,412524.9488193548,76427.8535451613,442513.9792935484,468289.8200709677,420923.5415967742,180537.8126870968,36586.98271612903,0.0020944394337018162,959.118631136122,916.0
2024-05-01,성북구,5,916.0,1051.0,1843.0,109,167,455962.0899833333,420443.6470600001,405578.07804,84651.87115,438510.2874066666,468057.4579133333,414077.7637866667,188107.45696,26913.87943333333,0.0020944394337018162,954.9849815341892,940.0
2024-06-01,성북구,6,940.0,1023.0,1793.0,109,167,450826.8704129032,416636.84957419353,404088.5270290322,71061.71341612903,434632.2104709677,461965.65247741935,411959.6865387097,167176.66957419354,26088.562848387097,0.0020944394337018162,944.229575165163,894.0
2024-07-01,성북구,7,894.0,1074.0,1977.0,109,167,445912.0374933333,411413.93365666666,395498.16362,70099.68867,428535.6472066667,457387.0159133333,404208.7007966667,158960.55798333333,24372.27997333333,0.0020944394337018162,933.93575528836,949.0
2024-08-01,성북구,8,949.0,1060.0,1979.0,109,167,433091.13183548383,399369.7608612903,377844.4371967742,67185.51515483871,413947.471332258,444148.3831612903,387146.34663870966,149057.77421612904,23055.05661935484,0.0020944394337018162,907.0831449027894,925.0
2024-09-01,성북구,9,925.0,1058.0,1826.0,109,167,426453.8234903226,393693.530767742,372472.2240354839,68413.15412258064,407870.7860548387,437759.0177935484,381854.53364516125,149127.15691935483,23342.14869677419,0.0020944394337018162,893.1817045710457,829.0
2024-10-01,성북구,10,829.0,1033.0,1769.0,109,167,440638.9810166667,407485.98262,395668.0186666667,76302.53135666667,425355.26665,451868.64861,403958.06654333335,174162.20401333334,32219.230256666666,0.0020944394337018162,922.8916578674928,780.0
2024-11-01,성북구,11,780.0,956.0,1616.0,109,167,447953.87761612906,414162.968516129,399186.9966709677,77004.10380322581,431263.9135,457956.2806451613,407897.9637451613,172417.10078387096,26514.417596774198,0.0020944394337018162,938.212265758858,768.0
2024-12-01,성북구,12,768.0,1086.0,1832.0,109,167,446811.6597633333,412374.4385333333,397217.6836766666,81247.13660333333,429783.6834933333,457465.7206933333,405944.51671,180212.2837,27469.566990000003,0.0020944394337018162,935.8199596460844,847.0
2025-01-01,성북구,1,847.0,1074.0,1689.0,90,205,443715.97392580647,409293.8182935484,392569.2624935484,77632.7569516129,426632.58868387097,455066.8758290322,402715.8493612904,168472.30511612905,25484.10592580645,0.0020944394337018162,929.3362331536159,919.0
2025-02-01,성북구,2,919.0,887.0,1521.0,90,205,429729.2917903226,398860.91740322585,379680.17952580645,74698.19182580645,412697.974667742,439845.5039580645,388854.1307064516,155047.7495,23906.33288709677,0.0020944394337018162,900.0419745424058,815.0
2025-03-01,성북구,3,815.0,826.0,1547.0,90,205,435223.9872071428,402916.2123035714,382368.8190214286,75703.03445357142,416982.524225,445048.0662285714,391444.4760357143,158992.36675357143,24766.25355357143,0.0020944394337018162,911.5502812995747,848.0
2025-04-01,성북구,4,848.0,916.0,1699.0,90,205,454493.867767742,420573.6598032258,409008.9980258065,72329.96509032258,438903.8492096774,464894.871383871,417077.823232258,172132.32588064516,34268.776474193546,0.0020944394337018162,951.9098790284178,873.0
2025-05-01,성북구,5,873.0,940.0,1780.0,90,205,454352.89785666665,420074.3464366667,406181.1413233334,84942.48728,437478.6894766667,465176.11624,413854.79773,188262.50166,27510.635576666667,0.0020944394337018162,951.614626087696,900.0
2025-06-01,성북구,6,900.0,894.0,1736.0,90,205,449108.6663580645,415772.5378225806,401650.8976225807,80128.0472064516,432843.38567741937,460053.78461290326,410071.9927290322,177777.63679032258,26987.652248387098,0.0020944394337018162,940.6309008375625,895.0
2025-07-01,성북구,7,895.0,949.0,1830.0,90,205,449981.8549166667,415778.20994,398949.36141666665,80820.18811,432354.17034,461224.79636333336,407675.41191,173051.36527,24620.734066666668,0.0020944394337018162,942.4597413877563,913.0
2025-08-01,성북구,8,913.0,925.0,1982.0,90,205,436268.2544387096,401764.9654322581,378402.1873,76855.99422258064,415978.1684741936,448572.54615161294,387572.0481129032,160450.91047741935,22605.626341935484,0.0020944394337018162,913.7374357686908,969.0
2025-09-01,성북구,9,969.0,829.0,1637.0,90,205,433441.2167290322,399646.2912612904,376355.48398064513,78114.76620645162,413713.6419290323,445716.2672258064,386095.0372193548,160982.0573,23172.81443870968,0.0020944394337018162,907.8163765089804,984.0
2025-10-01,성북구,10,984.0,780.0,1541.0,90,205,453321.98839666665,418276.87699,403049.6592133333,79753.98516,435720.4411833333,464102.7363866667,411078.27511,182804.64650666667,32659.166646666665,0.0020944394337018162,949.4554486620958,961.0
2025-11-01,성북구,11,961.0,768.0,1494.0,90,205,445787.0237354839,410837.5034064516,391716.7640064516,74535.47275806451,427172.6392419355,462014.3258290323,401112.5009451613,167481.9568,26725.924258064515,0.0020944394337018162,933.673921544165,923.0
2025-12-01,성북구,12,923.0,847.0,1602.0,90,205,452644.6491766666,418162.4831966666,401148.4084633334,75368.05670999999,434970.8308233333,463512.53852,410227.48517,171535.02014333333,27028.07826,0.0020944394337018162,948.0368026897348,1022.0
2018-05-01,송파구,5,1441.0,1521.0,2400.0,236,369,768960.479326923,748848.0635307692,749451.5561653846,183854.55055,768771.6139115385,794293.5277423076,768507.2023538462,427679.8978307692,112229.82241153848,0.0017830879127682022,1371.1241360842796,1525.0
2018-06-01,송파구,6,1525.0,1525.0,2428.0,236,369,765007.6878096773,746976.6004483871,745869.0781064517,176046.3642419355,766705.5318064516,798383.2209064516,766587.9966,416048.22754193546,112251.23389032258,0.0017830879127682022,1364.075961308186,1438.0
2018-07-01,송파구,7,1438.0,1623.0,2539.0,236,369,775899.59357,754160.4767966666,755041.8895933334,167748.88611333334,774615.5069200001,803255.9025733334,772817.7855966666,393086.00167333335,105415.38573666666,0.0017830879127682022,1383.4971868164278,1584.0
2018-08-01,송파구,8,1584.0,1586.0,2531.0,236,369,775260.2977,756622.5015451612,761365.9875935485,170281.16176774193,778558.9961548387,802944.8624032257,783177.1739709678,404539.6976258064,111173.88366774192,0.0017830879127682022,1382.357266077948,1524.0
2018-09-01,송파구,9,1524.0,1516.0,2480.0,236,369,770924.0175935484,755705.4495935483,759284.1152451612,181362.63785483871,777930.0014000001,806043.5561677419,785247.1992548386,424478.63324193546,115945.34037741934,0.0017830879127682022,1374.625297433757,1400.0
2018-10-01,송파구,10,1400.0,1416.0,2285.0,236,369,760785.0983233334,742189.79036,739345.8601766668,174711.67392,762130.3431566667,791977.8209833334,764013.6859166666,401657.71811,107436.12702333332,0.0017830879127682022,1356.5467130345041,1419.0
2018-11-01,송파구,11,1419.0,1341.0,2157.0,236,369,774904.3535612903,759394.9594129032,761049.7657774194,171942.56358387097,779796.4103096774,807839.5771322581,784148.2399096774,411178.8842709677,114542.93586129032,0.0017830879127682022,1381.7225863865942,1325.0
2018-12-01,송파구,12,1325.0,1627.0,2642.0,236,369,778241.54227,760123.5036166667,763241.0942800001,177278.51420333332,780220.7414633334,804439.3989400001,782991.6203366667,423583.2576966667,118730.15142,0.0017830879127682022,1387.673087235721,1504.0
2019-01-01,송파구,1,1504.0,1614.0,2558.0,202,372,783311.4189838709,768301.2996354839,771667.9996096775,176411.07423225805,789347.0278709678,814772.4906064516,797796.8803064516,415969.5647290323,117452.21934193547,0.0017830879127682022,1396.7131231234491,1285.0
2019-02-01,송파구,2,1285.0,1354.0,2184.0,202,372,788957.3868,774469.6357032257,778998.7171774195,182539.34412580644,796721.4698612904,817163.3068161291,807591.1861709678,433752.2174387096,121857.51337096776,0.0017830879127682022,1406.780380092267,1180.0
2019-03-01,송파구,3,1180.0,1398.0,2329.0,202,372,767783.2341535714,754255.8800892857,751311.4778035714,177153.9990892857,776849.9064499999,800607.6838107143,789543.2476642857,418365.7512678571,118236.95084642856,0.0017830879127682022,1369.0250044453114,1313.0
2019-04-01,송파구,4,1313.0,1441.0,2361.0,202,372,786982.8959161291,766467.0167548388,767533.7904258065,169845.93962903225,787068.1089258065,807602.6280967742,787187.4071193549,392078.3073193549,104869.8791064516,0.0017830879127682022,1403.259689263366,1421.0
2019-05-01,송파구,5,1421.0,1525.0,2405.0,202,372,782071.3977966666,762173.14449,766106.51157,184869.20792,783127.1193033333,808899.1828566666,784605.1294133333,433803.2393233333,117003.02588333334,0.0017830879127682022,1394.5020563329686,1528.0
2019-06-01,송파구,6,1528.0,1438.0,2374.0,202,372,756025.2959419354,736590.9768193548,739537.3572129033,171072.96061612904,757045.6342483871,786745.0356064516,758474.1078903226,401453.9903967742,110580.3452032258,0.0017830879127682022,1348.059566941068,1421.0
2019-07-01,송파구,7,1421.0,1584.0,2693.0,202,372,756394.3582433333,736120.96757,740069.6728766666,164219.54226,757662.2535833333,782902.56875,759437.3070500001,379416.1252233333,102627.65529666668,0.0017830879127682022,1348.717637469749,1557.0
2019-08-01,송파구,8,1557.0,1524.0,2646.0,202,372,754755.0309645161,734298.7784354838,741625.2586064517,154132.87290645164,757730.7739322581,783273.8651935484,761896.814083871,367079.63909032254,103247.73116774192,0.0017830879127682022,1345.7945728138188,1561.0
2019-09-01,송파구,9,1561.0,1400.0,2322.0,202,372,791973.1119709677,771146.621116129,779173.1678354839,164202.4281548387,795578.3940032258,821500.5683032258,800625.7888516128,389400.90051935485,108895.29717741936,0.0017830879127682022,1412.1576831928505,1480.0
2019-10-01,송파구,10,1480.0,1419.0,2286.0,202,372,784243.3994933333,762037.0971633333,766253.3126933334,170844.0521,784627.7458333333,808606.7054366667,785165.8307166666,399446.82972,109777.88850333334,0.0017830879127682022,1398.374926304807,1471.0
2019-11-01,송파구,11,1471.0,1325.0,2162.0,202,372,796014.994532258,772270.4852241935,782177.3763467742,171889.63351774195,796522.8922967741,816581.8063016129,797233.9491903225,416767.2602274194,117183.33085,0.0017830879127682022,1419.364715132716,1445.0
2019-12-01,송파구,12,1445.0,1504.0,2483.0,202,372,788442.0233566667,766933.8427333334,773362.3523133334,167886.54307,789683.12948,808660.4663600001,791420.6780600001,406546.51991333335,115866.92241666668,0.0017830879127682022,1405.8614417657768,1458.0
2020-01-01,송파구,1,1458.0,1285.0,2194.0,183,285,797439.9647193549,780008.3136387097,785341.8924,174515.22151935485,803916.0484193548,829124.6353451613,812982.5656290322,428831.5971741936,124987.16727096774,0.0017830879127682022,1421.9055622493834,1468.0
2020-02-01,송파구,2,1468.0,1180.0,1894.0,183,285,785210.3176548387,766706.8661387096,771572.2368935484,170909.8960935484,790905.8844064516,811564.8475258064,798879.6778451613,413532.01978387096,119308.3788064516,0.0017830879127682022,1400.0990263912233,1149.0
2020-03-01,송파구,3,1149.0,1313.0,2213.0,183,285,793380.5523034483,771199.0369896552,785950.349637931,167402.48993793104,794056.7185793102,803347.8477724137,795003.3513586207,381789.66,100525.34036206898,0.0017830879127682022,1414.6672730376392,1165.0
2020-04-01,송파구,4,1165.0,1421.0,2246.0,183,285,786568.2206774194,764161.3856548386,779310.4761548387,163822.67522580645,786003.069732258,794585.5655064515,785211.8583935484,358252.1875935484,89023.53432258064,0.0017830879127682022,1402.5202868574986,1137.0
2020-05-01,송파구,5,1137.0,1528.0,2485.0,183,285,780664.1517533333,756810.58234,769376.6636,169943.77668333333,778075.09797,787389.3738066667,774450.42268,374195.17739666667,94495.25180666668,0.0017830879127682022,1391.9928129228101,1200.0
2020-06-01,송파구,6,1200.0,1421.0,2334.0,183,285,772290.7003774194,747803.640867742,761096.8237774194,167416.7932903226,770238.2154161291,779439.7203870967,767364.7364580645,373552.761883871,96937.45018709678,0.0017830879127682022,1377.0622129862656,1290.0
2020-07-01,송파구,7,1290.0,1557.0,2540.0,183,285,767496.9993033333,743151.4630633333,753456.57928,166323.84696000002,763804.4220366667,774503.4604366666,758634.81384,375753.1052166667,97410.93452666668,0.0017830879127682022,1368.514622543639,1392.0
2020-08-01,송파구,8,1392.0,1561.0,2586.0,183,285,769917.4408935484,743329.8542064516,757484.516232258,161990.5535967742,767129.8993193548,776903.8818064516,763227.3411225806,373241.443183871,99100.5510064516,0.0017830879127682022,1372.830482686713,1174.0
2020-09-01,송파구,9,1174.0,1480.0,2415.0,183,285,758664.042867742,736447.9402193548,748965.3327935484,159970.33495161292,757473.3178225806,768467.7925483871,755806.302767742,355450.6077451613,91606.87013870968,0.0017830879127682022,1352.764684689328,1065.0
2020-10-01,송파구,10,1065.0,1471.0,2364.0,183,285,761983.9849466666,739337.86363,749310.1259066666,158208.41391333332,758909.1492633333,769240.4016566667,754604.3792966666,350120.68172,88526.35481666666,0.0017830879127682022,1358.6844332813491,1211.0
2020-11-01,송파구,11,1211.0,1445.0,2162.0,183,285,752660.1712580646,731080.47,737705.865383871,160720.87827741934,749909.0667999999,762135.6347516129,746057.520551613,366355.1101774194,96930.24862258064,0.0017830879127682022,1342.0592537923,1068.0
2020-12-01,송파구,12,1068.0,1458.0,2245.0,183,285,758597.3699533333,738625.89708,746907.2070933334,160605.17841999998,757123.4029166666,768255.4960233333,755059.8490666667,372266.46123666666,100392.8291,0.0017830879127682022,1352.6458010215367,961.0
2021-01-01,송파구,1,961.0,1468.0,2291.0,151,225,758351.9336129032,739858.4980935483,751869.7345322581,151819.39138387094,758585.7910129032,766125.7972774194,758913.1913806451,337267.86310967745,86511.2798548387,0.0017830879127682022,1352.2081664495618,1030.0
2021-02-01,송파구,2,1030.0,1149.0,1857.0,151,225,761001.4743,744844.851316129,755093.0053258064,156295.56217741937,762324.3776483871,770383.7201258064,764176.4423258065,349083.91751935484,90831.84017096774,0.0017830879127682022,1356.9325304231118,1001.0
2021-03-01,송파구,3,1001.0,1165.0,2042.0,151,225,751905.5879678571,735570.3424821428,742792.4436107142,159214.30895,752923.0075678572,763045.1044214285,754347.3949857142,365906.40111785714,98386.23901428572,0.0017830879127682022,1340.7137654483543,1126.0
2021-04-01,송파구,4,1126.0,1137.0,1964.0,151,225,760808.2945741935,743483.9445612903,750759.1347064517,156999.5406870968,760446.9979903225,771164.6519,759941.1827645161,367821.4987354839,99351.44134516128,0.0017830879127682022,1356.5880739890342,1170.0
2021-05-01,송파구,5,1170.0,1200.0,2070.0,151,225,751523.7981266666,733228.13737,740353.33114,165569.30911333335,750495.1736866666,760669.7507000001,749055.0994633333,384936.9655033333,102929.66760333332,0.0017830879127682022,1340.0330005973096,1294.0
2021-06-01,송파구,6,1294.0,1290.0,2208.0,151,225,747888.8181387098,731121.0310903225,737852.5135709677,161389.5525548387,748044.4751806451,758071.3397774195,748262.3950709677,371668.9179967742,100471.94152258064,0.0017830879127682022,1333.5515117176296,1437.0
2021-07-01,송파구,7,1437.0,1392.0,2456.0,151,225,755636.1665899999,737101.7753933333,745840.1836466666,166429.50779666664,755220.63422,765355.6310033334,754638.8889366667,383513.23567,103284.40562333332,0.0017830879127682022,1347.3657150971285,1277.0
2021-08-01,송파구,8,1277.0,1174.0,2349.0,151,225,748942.6074225806,732103.5055483871,741531.2340290323,158718.62296774195,749300.2348870968,758886.1353,749800.9133612902,360068.9620451613,95509.9799967742,0.0017830879127682022,1335.4305106523043,1331.0
2021-09-01,송파구,9,1331.0,1065.0,2004.0,151,225,744733.472183871,728260.2249967742,736773.5628967742,155417.4818935484,745589.1255290323,754756.3626064516,746787.0402258065,354574.9380903226,95222.61650967742,0.0017830879127682022,1327.9252524849544,1299.0
2021-10-01,송파구,10,1299.0,1211.0,2299.0,151,225,740366.1841933334,724036.0878733334,730523.5272499999,157251.21811333334,740727.4893233333,751962.68814,741233.3165033333,359396.5979466667,97393.38244666668,0.0017830879127682022,1320.137994057449,1294.0
2021-11-01,송파구,11,1294.0,1068.0,2019.0,151,225,746398.6949,731817.7150967743,736982.3149645162,154960.17348387095,748587.1761419355,762709.6228419355,751651.0498903225,365081.7186870968,101287.81478709678,0.0017830879127682022,1330.8944909821512,1286.0
2021-12-01,송파구,12,1286.0,961.0,1870.0,151,225,755751.00662,738729.5772733333,746307.18523,156688.87635333333,758084.1839666667,774533.12134,761350.63225,384357.96419,110833.5818,0.0017830879127682022,1347.5704849665235,1270.0
2022-01-01,송파구,1,1270.0,1030.0,1960.0,148,189,754470.0669709677,740890.1104193549,745970.9113193549,150645.90117419354,758884.1227709678,774851.6838322581,765063.8009064517,367199.6532516129,104801.9214548387,0.0017830879127682022,1345.2864569613484,1259.0
2022-02-01,송파구,2,1259.0,1001.0,1824.0,148,189,749126.9998903227,736401.3272193549,740364.688916129,150857.84866129034,753833.1485903226,766785.5291193548,760421.756748387,365796.0027612903,105739.84256774191,0.0017830879127682022,1335.7592986327406,1248.0
2022-03-01,송파구,3,1248.0,1126.0,2123.0,148,189,754072.8767964285,737483.7151428572,746256.6747178572,150625.13663571427,757928.9232964285,770449.1098678571,763327.3883999999,354313.95422142855,99138.26831071428,0.0017830879127682022,1344.5782319620573,1374.0
2022-04-01,송파구,4,1374.0,1170.0,2043.0,148,189,756341.2726387096,739815.6582064516,747323.7665677419,146496.6385290323,756477.3442096774,767798.4076677419,756667.8444580645,339467.9149612903,92818.55062903228,0.0017830879127682022,1348.6229811698024,1380.0
2022-05-01,송파구,5,1380.0,1294.0,2286.0,148,189,757333.33662,743474.90601,744320.5922233333,157218.09437666665,760522.96346,785443.4937766666,764988.44104,387852.8217833333,112524.42780333334,0.0017830879127682022,1350.391918463534,1440.0
2022-06-01,송파구,6,1440.0,1437.0,2679.0,148,189,767845.6970709678,751810.8153741935,753939.2596580646,156910.6063064516,769925.1477290322,792834.6511129033,772836.3786741935,389883.6506129032,115320.12555483873,0.0017830879127682022,1369.1363813183173,1368.0
2022-07-01,송파구,7,1368.0,1277.0,2420.0,148,189,776412.0231366666,757836.3586066667,762512.59009,157906.61279999997,777620.8916133333,801262.3195166667,779313.3074933332,387602.8351633333,113023.78061,0.0017830879127682022,1384.410893782896,1568.0
2022-08-01,송파구,8,1568.0,1331.0,2373.0,148,189,759002.6677258065,744124.2090225806,748550.1266870968,150215.26937096773,763773.5602225807,786625.4069612904,770452.8097193548,375867.5975129032,112998.43555483872,0.0017830879127682022,1353.3684825807056,1664.0
2022-09-01,송파구,9,1664.0,1299.0,2454.0,148,189,749799.7352451612,735574.0444,739813.4935387097,149591.1942,754229.5114,775329.0371161291,760431.1980225807,371999.1233580645,110750.46631290324,0.0017830879127682022,1336.958844912445,1565.0
2022-10-01,송파구,10,1565.0,1294.0,2293.0,148,189,746075.4514166667,730242.5745633334,731960.1828099999,149141.21647333333,748318.4913133333,773119.89018,751458.7471533333,373496.43002,112211.69983666668,0.0017830879127682022,1330.3181194341385,1448.0
2022-11-01,송파구,11,1448.0,1286.0,2388.0,148,189,751067.3018741936,738057.5295741935,739553.6454225807,147404.24291935485,757109.2095709677,785306.0603064516,765567.8803225806,377451.57255483867,116992.30411612905,0.0017830879127682022,1339.2190276473011,1438.0
2022-12-01,송파구,12,1438.0,1270.0,2492.0,148,189,749384.2542266666,734507.2658133333,741297.88572,149040.17105,751944.3218533334,769132.2319233333,755528.4165433333,377417.40500666667,113437.66623666669,0.0017830879127682022,1336.2180057303829,1578.0
2023-01-01,송파구,1,1578.0,1259.0,2270.0,164,262,755760.7063161291,745798.2764709677,745106.2131,146116.55603870968,763889.8536290323,792580.975016129,775270.6598387097,379553.813383871,118326.41477419354,0.0017830879127682022,1347.5877803774488,1429.0
2023-02-01,송파구,2,1429.0,1248.0,2493.0,164,262,747016.0445483872,735309.9281225806,735303.5931451613,135171.47646451613,754348.6642193547,776155.9928225806,764614.3317258065,355340.93106451613,112893.52883548388,0.0017830879127682022,1331.995279678142,1303.0
2023-03-01,송파구,3,1303.0,1374.0,3350.0,164,262,759488.2342785714,751086.3136892858,749879.6231428571,137583.14273214285,769357.5023642856,792540.7830392857,783174.4776785715,372112.0312892857,121794.60378928571,0.0017830879127682022,1354.2342904317852,1426.0
2023-04-01,송파구,4,1426.0,1380.0,2754.0,164,262,753469.3656419355,736315.4674096775,737957.3822,132961.97286774195,753819.5179709677,773010.1252709677,754309.731248387,348107.44035483873,107764.76847741936,0.0017830879127682022,1343.5021185172602,1506.0
2023-05-01,송파구,5,1506.0,1440.0,2691.0,164,262,753718.6173233333,738136.3107633333,738224.71682,141574.41020333333,757379.8144133333,786757.4029733334,762505.4903233333,375721.0635333333,119007.37679,0.0017830879127682022,1343.9465561775976,1685.0
2023-06-01,송파구,6,1685.0,1368.0,2543.0,164,262,742022.1595290323,728338.3340258065,729264.6566774194,139556.13878709677,745843.7538225807,771004.9311612904,751193.9858516129,364345.9978806452,114029.4533967742,0.0017830879127682022,1323.090743662376,1618.0
2023-07-01,송파구,7,1618.0,1568.0,2968.0,164,262,748750.4854700001,732035.7318933333,735213.1400499999,140512.37174333335,751283.2112566667,780194.8243000001,754829.0273533333,366521.33383,113708.77467666668,0.0017830879127682022,1335.0879403208805,1676.0
2023-08-01,송파구,8,1676.0,1664.0,3000.0,164,262,750265.5498516129,736352.3444677419,739327.0539870968,134043.25949032258,756381.136467742,780334.4549096775,764942.9577258065,357338.53087741934,114764.5388064516,0.0017830879127682022,1337.7894333068,1724.0
2023-09-01,송파구,9,1724.0,1565.0,2803.0,164,262,742759.6940258065,729325.4659967743,731691.3612903225,131247.45263548387,747693.9923516129,769834.2099451612,754602.0100096774,348416.0890870968,111200.33429032256,0.0017830879127682022,1324.4058325088238,1575.0
2023-10-01,송파구,10,1575.0,1448.0,2540.0,164,262,741064.70493,726152.9991833332,724103.4606533333,130426.82387,743622.35474,767823.2265533333,747203.0644833334,348019.83715,112250.4291,0.0017830879127682022,1321.3835179398175,1588.0
2023-11-01,송파구,11,1588.0,1438.0,2549.0,164,262,740551.3951419356,726634.3927387097,727974.6960741936,129237.58483870968,744641.8448225807,771040.6694387096,750368.474383871,346707.2470806451,112439.72865161292,0.0017830879127682022,1320.4682414612141,1478.0
2023-12-01,송파구,12,1478.0,1578.0,2813.0,164,262,754242.6314666666,739703.84763,739739.5456033333,131518.53106666668,757778.5308333334,780213.7691933333,762728.7899399999,365601.80238666665,121660.55220333333,0.0017830879127682022,1344.880919462695,1602.0
2024-01-01,송파구,1,1602.0,1429.0,2453.0,130,338,769141.6127709678,756836.9245387097,747894.164483871,128632.5366967742,776992.1103580644,806453.200032258,787982.806980645,366877.3071290322,128071.66312258063,0.0017830879127682022,1371.4471129389538,1488.0
2024-02-01,송파구,2,1488.0,1303.0,2310.0,130,338,766016.251967742,752002.3096225807,743430.2051354839,125752.59842258066,770685.0082967741,791479.6000935483,777221.2671516129,348014.45777741936,118764.57678709678,0.0017830879127682022,1365.8743198676823,1259.0
2024-03-01,송파구,3,1259.0,1426.0,2452.0,130,338,752972.2903241379,742349.0217931034,733455.9642482758,128124.7541172414,761417.9991275863,783085.3780241378,773241.991462069,352544.91644827585,118252.62716551725,0.0017830879127682022,1342.6157895263598,1217.0
2024-04-01,송파구,4,1217.0,1506.0,2565.0,130,338,754849.1638645161,738964.8582741936,736109.3364967742,125521.8214967742,756790.7079419354,780996.4958935484,759508.8696612903,341442.8020903226,112026.2001032258,0.0017830879127682022,1345.9624200500025,1212.0
2024-05-01,송파구,5,1212.0,1685.0,2920.0,130,338,747690.17108,732809.1115033333,733572.5555866666,137500.18627333333,751558.34371,779886.6847433334,756973.7853966667,369064.5969466667,117915.37385666669,0.0017830879127682022,1333.1973065483373,1257.0
2024-06-01,송파구,6,1257.0,1618.0,2713.0,130,338,740184.7365645162,726728.9274225807,727378.5738064515,137248.87148709677,744976.8624419355,772801.3976774194,751685.8386645161,359217.79582258064,114647.26297096774,0.0017830879127682022,1319.8144569837048,1242.0
2024-07-01,송파구,7,1242.0,1676.0,3005.0,130,338,743051.7130433334,727596.9767933334,729817.6769033333,140000.5618833333,746725.9745233334,773667.9988966666,751869.9406066667,361886.5522166667,114649.44996,0.0017830879127682022,1324.9265280892744,1276.0
2024-08-01,송파구,8,1276.0,1724.0,2956.0,130,338,747722.4914774194,732233.330916129,736512.8139354839,135329.5720483871,753006.109767742,777961.9534290322,760403.1753870967,359094.7450322581,116158.80517096774,0.0017830879127682022,1333.2549366583116,1196.0
2024-09-01,송파구,9,1196.0,1575.0,2615.0,130,338,747827.7486193548,734296.8472258064,731532.0732709678,137742.29283548388,753969.0834354839,781293.857748387,762566.9521870968,363928.6189516129,119392.37481612904,0.0017830879127682022,1333.442619395829,1085.0
2024-10-01,송파구,10,1085.0,1588.0,2609.0,130,338,728678.2054533333,714389.7009200001,712325.5819433334,136762.45873333333,732368.0100133333,759435.3408233334,737533.7363699999,355422.79025333334,114275.84192333333,0.0017830879127682022,1299.2973004414634,1102.0
2024-11-01,송파구,11,1102.0,1478.0,2414.0,130,338,737607.2684548387,724266.1541419355,728155.584367742,134316.00293548388,742733.5942774194,764409.5307741936,749910.4504419354,357919.9169548387,116461.04796774194,0.0017830879127682022,1315.2186047517932,1101.0
2024-12-01,송파구,12,1101.0,1602.0,2734.0,130,338,743360.1555133333,729209.46311,730898.7548266667,138969.01154,747907.4640200001,767430.6488433334,754273.6959399999,375751.46079,122628.59652666668,0.0017830879127682022,1325.4765081293156,1168.0
2025-01-01,송파구,1,1168.0,1488.0,2434.0,92,342,744465.4189032258,734971.5288612903,729510.3279935485,135507.66352580645,753941.5128645161,783221.1316838709,767208.0444193549,372232.4679064516,124636.36392258064,0.0017830879127682022,1327.4472899202583,1069.0
2025-02-01,송파구,2,1069.0,1259.0,2098.0,92,342,729770.3600290322,719433.2448419356,716954.4773677419,131498.72071612903,738144.6847999999,760406.771767742,749868.7394806452,347208.90405806457,113312.81006774194,0.0017830879127682022,1301.2447080642664,940.0
2025-03-01,송파구,3,940.0,1217.0,2311.0,92,342,743469.0612,736486.0496107143,733454.0488071429,135392.83091785715,755401.4136642858,781579.4185714285,772106.7071464285,366255.61570714286,119638.3748,0.0017830879127682022,1325.6706965428427,1082.0
2025-04-01,송파구,4,1082.0,1212.0,2381.0,92,342,736671.4225548387,722935.409448387,724363.9761193548,134931.96780967742,741324.0081806452,766900.9463935484,747837.6280548387,351661.0958451613,109421.32647096776,0.0017830879127682022,1313.5499092392897,1151.0
2025-05-01,송파구,5,1151.0,1257.0,2415.0,92,342,738394.61725,725638.4216966666,725772.68326,148384.91290999998,744605.4399966667,780573.6688499999,753300.5918366667,388717.52636666666,120075.56499,0.0017830879127682022,1316.622516871578,1197.0
2025-06-01,송파구,6,1197.0,1242.0,2570.0,92,342,728212.4307935485,718001.924448387,714947.0516580645,140817.33841612906,735907.7247741935,770277.9062225807,746681.136367742,370602.2624258064,117821.7955935484,0.0017830879127682022,1298.4667832755272,1177.0
2025-07-01,송파구,7,1177.0,1276.0,2664.0,92,342,734855.4116966667,721210.5051566666,723909.5076666666,145000.99268,739967.38707,768322.7542766667,747124.1525966667,367917.8679566666,111316.59893,0.0017830879127682022,1310.3118022286274,1235.0
2025-08-01,송파구,8,1235.0,1196.0,2894.0,92,342,740336.276651613,728640.0313580645,728423.0793903226,142247.53962258063,748259.5887193548,779337.0455064516,759352.2256,374355.84940322576,117293.49754516128,0.0017830879127682022,1320.084666281307,1272.0
2025-09-01,송파구,9,1272.0,1085.0,2369.0,92,342,736705.5639451613,724238.6953322581,723717.4637612903,142661.11567096776,743725.6889774194,775936.6005193548,753553.8640096774,368281.2040645161,114906.0173483871,0.0017830879127682022,1313.610786339699,1296.0
2025-10-01,송파구,10,1296.0,1102.0,2270.0,92,342,739920.4881999999,725678.6714066666,730017.1592366666,145806.99157666665,743286.5317766666,767831.39488,747998.99278,375800.19331,115461.96472333332,0.0017830879127682022,1319.343278918967,1201.0
2025-11-01,송파구,11,1201.0,1101.0,2264.0,92,342,721388.5714032258,707494.0386032258,708649.9475225806,137652.80382903226,726578.5756225807,752970.2667516129,733844.5815225806,357074.5927741936,113347.0129967742,0.0017830879127682022,1286.299242078213,1228.0
2025-12-01,송파구,12,1228.0,1168.0,2439.0,92,342,739413.8263600001,727707.7476833333,729457.37226,142486.41089333332,745253.2368500001,772556.5249300001,753428.4115266667,373174.0651666667,117279.52803,0.0017830879127682022,1318.4398563162024,1266.0
2018-05-01,양천구,5,1166.0,1215.0,1894.0,200,439,430586.2732692308,402928.2235576923,370078.8923307692,106682.3438153846,409515.73655,446093.34002307686,380016.9851576923,207473.32127692303,31812.843834615385,0.002927341299869644,1260.4729808979757,1233.0
2018-06-01,양천구,6,1233.0,1235.0,1847.0,200,439,422717.39184516127,395806.3953967742,361681.6671,103261.85418387096,402448.2312096774,438078.8871096774,372790.5091516129,199740.92411612903,31188.213483870968,0.002927341299869644,1237.43807932152,1265.0
2018-07-01,양천구,7,1265.0,1360.0,2081.0,200,439,428275.1999633333,402618.42807666666,373820.03036333335,96414.94806333332,409328.20274333336,441514.75929,382802.40664,190741.45394333333,30843.996326666667,0.002927341299869644,1253.707680562596,1401.0
2018-08-01,양천구,8,1401.0,1335.0,1999.0,200,439,427265.4761322581,401599.8813096774,374759.3735419355,96480.53419677418,408667.2843612903,441880.5306322581,382629.8158645161,191784.6692967742,32276.10146129032,0.002927341299869644,1250.7518742904267,1445.0
2018-09-01,양천구,9,1445.0,1284.0,1950.0,200,439,420634.4954967742,396915.09872580646,371315.27602903225,102005.6127,403881.0840935484,434461.9806387097,379121.4396032258,197576.1058,30697.437822580647,0.002927341299869644,1231.3407308175388,1292.0
2018-10-01,양천구,10,1292.0,1295.0,1944.0,200,439,421058.82205666666,396579.45689,368530.2495033333,97585.9627,403233.9408233333,433341.96754,378279.10711333336,192244.50693,31327.99574,0.002927341299869644,1232.5828794809436,1218.0
2018-11-01,양천구,11,1218.0,1081.0,1719.0,200,439,422090.475,396570.4876322581,365203.9175064516,98621.78497741936,403226.2051580645,434077.24944193545,375504.5444225806,192131.9197483871,29831.149390322586,0.002927341299869644,1235.6028797490953,1145.0
2018-12-01,양천구,12,1145.0,1304.0,1996.0,200,439,422643.99801,396229.81557333336,365658.8853133333,101205.36024333331,403024.20595,434220.1113466666,375556.49706666666,200057.9472,32682.968993333336,0.002927341299869644,1237.2232305166965,1358.0
2019-01-01,양천구,1,1358.0,1238.0,1956.0,91,351,423840.06085806456,400403.8446064516,375530.2318258064,100130.55408709678,407217.96622903226,434561.8938258064,383947.0337806452,194370.3646451613,31993.831277419355,0.002927341299869644,1240.7245146890757,1229.0
2019-02-01,양천구,2,1229.0,1060.0,1671.0,91,351,429863.30613870965,405903.0566903226,382395.7200935484,104357.4543516129,413247.05268387095,439857.3868612903,389984.2978645161,204324.31757741937,33826.35135483871,0.002927341299869644,1258.356609358353,1029.0
2019-03-01,양천구,3,1029.0,1130.0,1783.0,91,351,419322.861,396831.05055,376007.9853785714,100431.871225,404575.2690928572,430594.00711071433,383928.640425,198399.72202142855,33890.988789285715,0.002927341299869644,1227.501128984798,1145.0
2019-04-01,양천구,4,1145.0,1166.0,1791.0,91,351,424244.7723709677,399128.6521548387,370824.8179548387,96160.59614838708,405944.4508548387,434791.1634258064,380324.00072903227,184799.04892258064,28553.08995483871,0.002927341299869644,1241.90924341533,1130.0
2019-05-01,양천구,5,1130.0,1233.0,1913.0,91,351,416261.67646,390064.4261066666,360024.76656,103734.95213333333,396846.5318333333,427656.7963733334,369665.3293366667,200426.31411,30743.271403333336,0.002927341299869644,1218.5399970543335,1251.0
2019-06-01,양천구,6,1251.0,1265.0,1925.0,91,351,401481.9094290322,375481.2766774193,344729.28066451615,94966.52261290322,382153.9151741936,413252.1391064517,355094.7232516129,184368.61781290325,28884.93260967742,0.002927341299869644,1175.2745746221296,1174.0
2019-07-01,양천구,7,1174.0,1401.0,2187.0,91,351,404834.7264866667,381332.4082966667,355840.36355666665,92303.34933333332,388061.1445466667,415855.9174766667,364578.1298266666,179690.40761333334,28446.226153333333,0.002927341299869644,1185.0894144658507,1339.0
2019-08-01,양천구,8,1339.0,1445.0,2243.0,91,351,402152.0787870967,378388.4869612903,354462.3413580645,84540.41812258065,385456.81816774193,413145.1759612903,362083.4532774194,169042.7115935484,28185.87233870968,0.002927341299869644,1177.2363890618992,1317.0
2019-09-01,양천구,9,1317.0,1292.0,1956.0,91,351,416711.9093741936,393205.8700290322,369654.3918032258,89089.73311935485,400402.7630645161,427595.8495709677,377569.9582516129,178205.24723225806,29558.29026129032,0.002927341299869644,1219.8579824586132,1244.0
2019-10-01,양천구,10,1244.0,1218.0,1887.0,91,351,416223.80245666666,392023.6672233333,365636.82273,93538.88915666666,398944.4924566667,427202.0137933333,374753.45848,186219.89483666664,31717.71616333333,0.002927341299869644,1218.4291269201844,1246.0
2019-11-01,양천구,11,1246.0,1145.0,1771.0,91,351,418973.8738596774,391224.6988806452,358327.9192870968,94969.11565,397992.4763016129,430270.2639241935,368618.5196935484,186112.3596516129,30121.775901612906,0.002927341299869644,1226.4795245158082,1182.0
2019-12-01,양천구,12,1182.0,1358.0,2047.0,91,351,420572.86216,395141.86279,366074.3553333333,92445.77728333331,401802.8992066666,431522.4196833333,375524.95107666665,185468.94757,31239.21241,0.002927341299869644,1231.160309005351,1307.0
2020-01-01,양천구,1,1307.0,1229.0,1898.0,92,229,424505.5888419355,401093.6221354839,375864.6488387097,95448.29423870968,407884.926483871,434907.2755064516,384615.9991741936,194323.79762903223,33293.77071290323,0.002927341299869644,1242.6727422424801,1224.0
2020-02-01,양천구,2,1224.0,1029.0,1597.0,92,229,426249.16316451615,404227.5207580645,383419.9718419355,95764.27626451611,411598.3506548387,436273.0662,391087.2131193548,197548.64523548383,35548.622070967744,0.002927341299869644,1247.7767793663627,996.0
2020-03-01,양천구,3,996.0,1145.0,1743.0,92,229,433757.9026827586,412632.2895413793,396256.2320448276,96624.91696896552,420616.5903172414,441044.3935344828,402218.75301724137,191842.70783793103,30684.520520689657,0.002927341299869644,1269.757422668077,983.0
2020-04-01,양천구,4,983.0,1130.0,1769.0,92,229,432685.1496419355,412271.5729741936,395082.7688193548,94703.28096451612,419574.8444290323,439609.645583871,401220.41713225807,183375.58788064515,28064.617203225807,0.002927341299869644,1266.6171083871147,948.0
2020-05-01,양천구,5,948.0,1251.0,1925.0,92,229,431117.2648733333,409232.1607666666,390344.44445666665,98370.46662333333,417105.85804,438823.63368666667,397489.8884766667,191471.70698,29671.014106666666,0.002927341299869644,1262.027374550549,1068.0
2020-06-01,양천구,6,1068.0,1174.0,1828.0,92,229,424793.93427741935,403136.4442548387,382818.7693806452,96341.54283870968,410552.98141935485,433076.23244838713,390615.64742903225,189110.72642258063,30139.20207419355,0.002927341299869644,1243.5168277444009,1048.0
2020-07-01,양천구,7,1048.0,1339.0,2085.0,92,229,420866.383,397886.4316633333,375217.21062333335,95195.41910666668,405103.94589333335,430251.0382566667,383036.5339633333,187371.57138333333,29535.88188333333,0.002927341299869644,1232.0195446826554,1055.0
2020-08-01,양천구,8,1055.0,1317.0,2030.0,92,229,418845.0260354839,396117.3293838709,374425.3555548387,93422.62705806452,403633.8989,427803.6115967742,382338.3209064516,185348.27003870968,29856.62394516129,0.002927341299869644,1226.1023429586483,1065.0
2020-09-01,양천구,9,1065.0,1244.0,1926.0,92,229,411926.5079322581,392185.3625225806,375082.69868387096,90087.37576774192,399294.06116451614,419705.5114064516,381608.6357193549,178563.36133870968,28049.141493548388,0.002927341299869644,1205.8494791811795,970.0
2020-10-01,양천구,10,970.0,1246.0,1890.0,92,229,414481.09581,393414.61308,374367.39043,84000.40039666666,400628.19738,422200.26620666665,381234.13956,169991.08846666667,27736.53736,0.002927341299869644,1213.32762977984,1052.0
2020-11-01,양천구,11,1052.0,1182.0,1838.0,92,229,409912.5823387097,388752.2687258064,367508.8503354839,81972.63524516129,395827.62311290327,417791.2122193549,376108.6802064516,173048.29822258066,29779.892390322584,0.002927341299869644,1199.954031616321,963.0
2020-12-01,양천구,12,963.0,1307.0,1909.0,92,229,409087.22784,388369.42009333335,368436.05091,81538.14349666666,395443.17818,416379.82053666667,376341.50867,173134.30744666667,29704.69484333333,0.002927341299869644,1197.5379373052149,910.0
2021-01-01,양천구,1,910.0,1224.0,1804.0,53,147,412088.9621774194,393078.1153193548,377644.79232258064,77185.24355806451,400066.2171967742,418025.6786129032,383234.3742354839,159949.44812580646,27034.566335483876,0.002927341299869644,1206.3250382023793,915.0
2021-02-01,양천구,2,915.0,996.0,1570.0,53,147,413501.9142612904,395551.7121903226,381329.2058741935,80505.87763870967,402462.357683871,419083.12406451616,387006.978483871,165687.5603,28405.1728,0.002927341299869644,1210.461231192232,833.0
2021-03-01,양천구,3,833.0,983.0,1688.0,53,147,413320.99095357145,393495.92905,376853.8066892857,81805.91850714285,401089.735975,419920.10636785714,383965.9789928572,172351.15351428572,30619.493478571425,0.002927341299869644,1209.9316069214372,983.0
2021-04-01,양천구,4,983.0,948.0,1579.0,53,147,412333.5621,391287.8377193549,369839.9396741935,77390.02447741936,397941.0512677419,419777.4620032258,377791.53612580645,164069.7267451613,28611.740796774196,0.002927341299869644,1207.0410656576944,995.0
2021-05-01,양천구,5,995.0,1068.0,1797.0,53,147,407247.26800333336,386126.8980666667,363533.07464666665,80727.57777,392538.9670866666,416357.9369833333,371947.3457866667,171618.48452,29495.16430333333,0.002927341299869644,1192.1517468852392,1140.0
2021-06-01,양천구,6,1140.0,1048.0,1767.0,53,147,405802.8515451613,385517.5783290323,364587.5570096775,72979.07785806451,392085.7047032258,415145.696816129,372881.69912903226,160225.74115161292,28967.867461290323,0.002927341299869644,1187.9234469330206,1272.0
2021-07-01,양천구,7,1272.0,1055.0,1723.0,53,147,406521.35742,385490.5215733333,363281.02890333335,74263.43911666666,392004.06349333335,415427.7775066666,371679.8520166667,163483.1729,29297.16894333333,0.002927341299869644,1190.0267588546349,1303.0
2021-08-01,양천구,8,1303.0,1065.0,1872.0,53,147,403193.5477419355,383380.4912354839,365566.0503290322,70994.09838709676,390393.5582032258,411710.5631741936,372473.5728612903,155834.9407,28064.09341935484,0.002927341299869644,1180.2851241459307,1222.0
2021-09-01,양천구,9,1222.0,970.0,1602.0,53,147,399624.058667742,380174.6458483871,362077.0128064516,71601.28438064516,387056.25090645166,407930.3680129032,369461.32007741934,153711.61661612903,26910.609051612904,0.002927341299869644,1169.8360113596107,1248.0
2021-10-01,양천구,10,1248.0,1052.0,1746.0,53,147,398433.5341533333,378252.31251666666,357914.0179466667,70515.12551333333,385174.1965166667,407723.2184033334,366611.1238133333,154747.28695666665,28480.34179,0.002927341299869644,1166.350939780075,1110.0
2021-11-01,양천구,11,1110.0,963.0,1575.0,53,147,398170.96125806455,377399.5095935484,355664.2132064516,69094.04882903225,384217.9117774194,407782.1383354839,364683.64252258063,151421.10550645163,27050.36599354839,0.002927341299869644,1165.5822992995284,1083.0
2021-12-01,양천구,12,1083.0,910.0,1606.0,53,147,397764.3725133333,375142.56183,353014.07093000005,70937.64049333334,382706.76848333335,407615.87883,361626.1228666667,156282.56106666668,28835.09329,0.002927341299869644,1164.3920752750143,1121.0
2022-01-01,양천구,1,1121.0,915.0,1601.0,49,130,399655.665016129,378944.8910903226,358923.2396129032,68029.08503225807,386049.7474290322,408291.9111064517,367001.46280645166,150964.00380322582,28026.37685483871,0.002927341299869644,1169.9285339285818,1177.0
2022-02-01,양천구,2,1177.0,833.0,1497.0,49,130,401429.7983903226,381142.587583871,364162.4366516129,68627.3904548387,388940.7363000001,409650.6914967742,371456.0493967742,154149.85002580646,29597.10986451613,0.002927341299869644,1175.122027826336,1219.0
2022-03-01,양천구,3,1219.0,983.0,1631.0,49,130,402012.6377642857,383032.4829178572,367095.1327,68877.05706428572,390365.64109642856,410156.0778964286,374059.8457642857,150978.50802857144,27880.87967142857,0.002927341299869644,1176.8281975969285,1347.0
2022-04-01,양천구,4,1347.0,995.0,1782.0,49,130,398511.7860516129,379263.5260129032,359170.13231612905,65245.45752258065,385477.0505290323,406193.2941032258,367228.4207967742,140350.4436580645,24626.6278,0.002927341299869644,1166.5800097937017,1254.0
2022-05-01,양천구,5,1254.0,1140.0,1995.0,49,130,396328.71357,374398.4816133333,348832.9372933333,71124.23035666667,380456.4282166667,405737.75036666665,358235.2287433333,154403.44214,27319.405143333333,0.002927341299869644,1160.1894115576677,1285.0
2022-06-01,양천구,6,1285.0,1272.0,2138.0,49,130,398835.4586483871,375180.0835354839,346791.2053322581,71513.08801290322,381469.5486064516,409617.4615870968,357157.2745419355,154622.69793225807,28045.799148387094,0.002927341299869644,1167.527509953875,1196.0
2022-07-01,양천구,7,1196.0,1303.0,2201.0,49,130,405249.58867666667,382287.9793533333,355213.3007433333,72893.07598333334,388613.5765533334,415589.4686566666,365323.15958,156172.93500666667,27979.31983333333,0.002927341299869644,1186.3038576883919,1404.0
2022-08-01,양천구,8,1404.0,1222.0,1990.0,49,130,392691.3763903226,371074.8929322581,347565.3470419355,69163.47349354839,377397.27965483867,402239.04430967744,355985.5442483871,148462.4143548387,27493.02278064516,0.002927341299869644,1149.5416842100465,1458.0
2022-09-01,양천구,9,1458.0,1248.0,2147.0,49,130,385764.13217096776,364495.1898322581,341083.32150645164,70121.59005483871,370645.1306064516,394778.1021870968,349478.5284258065,147147.47031612904,25997.77710322581,0.002927341299869644,1129.2632761124457,1256.0
2022-10-01,양천구,10,1256.0,1110.0,1938.0,49,130,381989.77808,359127.31407,330398.80350000004,68050.32016333334,364838.2743733333,391832.87813,340826.16918666667,145249.99714333334,26532.45705,0.002927341299869644,1118.2144535016241,1301.0
2022-11-01,양천구,11,1301.0,1083.0,1944.0,49,130,382185.5565354839,359311.0182967742,330420.32620967744,65711.11372580646,365060.0361516129,391783.4334612903,341084.3076225806,141645.91928387096,25027.84056451613,0.002927341299869644,1118.7875638599867,1333.0
2022-12-01,양천구,12,1333.0,1121.0,2110.0,49,130,382863.9787166667,359722.2363733333,330259.02350333333,71552.50365666667,365274.3741,391625.7863933333,340648.92764,150221.31127333333,26049.500466666665,0.002927341299869644,1120.7735371297108,1338.0
2023-01-01,양천구,1,1338.0,1177.0,2051.0,75,157,386236.120283871,364716.7751935484,339802.9519870968,68382.74557419356,370623.3276,394767.9569548387,348765.4178548387,146987.21532258065,26400.55482580645,0.002927341299869644,1130.644946408395,1249.0
2023-02-01,양천구,2,1249.0,1219.0,2243.0,75,157,387823.64211935486,367974.0847741936,347102.49428387097,67302.12095806452,374270.0954741935,396010.064916129,355295.13015806454,148320.36006129032,28516.631825806453,0.002927341299869644,1135.2921646418517,1055.0
2023-03-01,양천구,3,1055.0,1347.0,2985.0,75,157,388755.6651785714,367419.62548928574,342360.29560357146,65448.70816428571,373180.6120535714,397142.1541321429,351375.53768571425,144731.52098214286,26583.407907142857,0.002927341299869644,1138.0205142355273,1129.0
2023-04-01,양천구,4,1129.0,1254.0,2252.0,75,157,385318.72407096776,362916.7624870968,333857.08326774195,61943.63016129032,368259.1091,393470.2661870968,344375.64813870966,136994.35806129032,24989.529032258062,0.002927341299869644,1127.9594145860194,1213.0
2023-05-01,양천구,5,1213.0,1285.0,2180.0,75,157,382168.97049,359869.22984333336,331381.8353266667,66543.85827333333,365292.65941,390719.3069866666,341665.8238933334,145383.67884333333,26853.85698,0.002927341299869644,1118.7390108440402,1289.0
2023-06-01,양천구,6,1289.0,1196.0,2041.0,75,157,380045.67270000005,357327.3857290322,327531.77796774195,67023.89573225807,362673.0605,389594.2008548387,338351.40342903225,146260.9814548387,26326.3867,0.002927341299869644,1112.5233935314513,1243.0
2023-07-01,양천구,7,1243.0,1404.0,2372.0,75,157,386333.15597666666,364481.42282,337289.54054666666,67750.36786666667,369972.6490866666,395283.74860333337,347067.93943666667,149736.28790666666,26911.336623333333,0.002927341299869644,1130.9290029994772,1441.0
2023-08-01,양천구,8,1441.0,1458.0,2588.0,75,157,385295.3543451613,363938.07653225807,339412.0087935484,64637.77627741936,369773.920167742,394306.6455483871,348043.91227419354,143503.5120548387,27250.995045161293,0.002927341299869644,1127.8910034224996,1429.0
2023-09-01,양천구,9,1429.0,1256.0,2219.0,75,157,382446.369216129,361410.0939,336759.3245290323,65466.93364516129,367094.0297387097,390537.8538774194,345600.75447741937,142391.59926774193,25911.49889354839,0.002927341299869644,1119.551051591569,1292.0
2023-10-01,양천구,10,1292.0,1301.0,2163.0,75,157,384430.9329733333,363184.18263,336628.31518,65356.31741,368663.35643,393844.1948366667,346588.74928,144764.16939,27587.44295,0.002927341299869644,1125.3605470402574,1281.0
2023-11-01,양천구,11,1281.0,1333.0,2236.0,75,157,382821.3901709677,360714.26483870967,332370.11322580645,64454.26070645161,366158.15760322585,391587.8845258064,342829.6320096774,140302.89707419355,25558.97488709677,0.002927341299869644,1120.6488659209847,1172.0
2023-12-01,양천구,12,1172.0,1338.0,2358.0,75,157,386176.29349666665,362961.2000333333,333598.1069566666,65958.95975333333,368465.9797366667,396043.7599633334,343671.5404733333,146035.41138333332,28090.04970333333,0.002927341299869644,1130.4698129833732,1281.0
2024-01-01,양천구,1,1281.0,1249.0,2180.0,27,209,390641.445383871,368686.9612806452,343810.58507419354,63367.8683516129,374871.5879516129,401479.2275838709,352793.78753870964,143127.3926451613,29793.45460967742,0.002927341299869644,1143.5408365129774,1216.0
2024-02-01,양천구,2,1216.0,1055.0,1834.0,27,209,391157.70204193547,369900.3346903226,345397.47250000003,62400.36045806452,375936.55390967743,403197.1942129032,354626.9465387097,140571.52987741935,28810.980061290324,0.002927341299869644,1145.0520959494622,1041.0
2024-03-01,양천구,3,1041.0,1129.0,1996.0,27,209,391705.2909275862,369895.44826206897,345502.5533034483,63978.78483448276,376244.70920344826,402641.5662413793,354599.8947827586,143919.59036206896,28913.392137931038,0.002927341299869644,1146.6550755097771,1022.0
2024-04-01,양천구,4,1022.0,1213.0,2108.0,27,209,391165.86065483873,368188.6136290323,338990.01868064515,62454.57799677419,373690.7011419355,402315.2880290322,349225.47783870966,137557.26387741938,26271.899574193547,0.002927341299869644,1145.0759789939636,1013.0
2024-05-01,양천구,5,1013.0,1289.0,2290.0,27,209,385658.3714966666,361850.15997,331396.84276666667,69591.21344666666,367415.90379,396404.81196666666,341876.44901333336,147116.15475666666,25905.37846666667,0.002927341299869644,1128.953678522662,1066.0
2024-06-01,양천구,6,1066.0,1243.0,2162.0,27,209,381164.9632258064,357631.307016129,326805.1815548387,70886.51617741935,363131.8965419355,391304.41507096775,337885.6031903226,146322.5055483871,24959.61648064516,0.002927341299869644,1115.7999389141971,1160.0
2024-07-01,양천구,7,1160.0,1441.0,2437.0,27,209,383422.7239166666,361538.7256233333,334879.59858999995,72716.01727,367208.2518433333,392848.0322,344507.9909533333,151221.76744,26646.746276666665,0.002927341299869644,1122.4091750297744,1293.0
2024-08-01,양천구,8,1293.0,1429.0,2555.0,27,209,384078.7817483872,362016.7259548387,336082.87852258066,70346.71490645161,367944.2920806452,393145.0780967742,345356.00653225806,149170.56248387098,27221.73618387097,0.002927341299869644,1124.329680215673,1236.0
2024-09-01,양천구,9,1236.0,1292.0,2240.0,27,209,383974.35604516126,362979.515383871,338932.36796129035,71121.46642258065,368856.3564612903,393559.7227225807,347691.1570322581,151035.14183225806,27497.86120322581,0.002927341299869644,1124.0239905418518,1030.0
2024-10-01,양천구,10,1030.0,1281.0,2156.0,27,209,380073.9103766667,359054.4157333333,333449.6072166666,70934.46647333333,364694.10175333335,389607.9105033333,343162.36967,150389.02969666666,27231.67772666667,0.002927341299869644,1112.60605484857,1044.0
2024-11-01,양천구,11,1044.0,1172.0,1937.0,27,209,381355.6385645161,358889.3592645161,329754.85513548384,68676.82598064515,364387.4296419355,390514.4477677419,340631.93716774194,145953.76806129032,25566.29700645161,0.002927341299869644,1116.3581107080686,927.0
2024-12-01,양천구,12,927.0,1281.0,2193.0,27,209,381385.66084333335,358487.75763666665,329256.2339666666,68521.23295666667,363992.24037,391407.9991033333,339641.4517333333,150087.53292666667,27726.62369666667,0.002927341299869644,1116.4459961647665,1125.0
2025-01-01,양천구,1,1125.0,1216.0,2018.0,33,209,381674.29526129033,360524.4565322581,334172.6912322581,65314.73761290322,366195.7926096774,392056.9535741935,344525.8888967742,145172.8960387097,27855.206196774197,0.002927341299869644,1117.290927617016,1074.0
2025-02-01,양천구,2,1074.0,1041.0,1716.0,33,209,382537.3003032258,363219.9695064516,342397.12735161296,65639.11897741936,369331.474016129,390688.5236,350843.3171935484,145812.91886774192,28255.22417096774,0.002927341299869644,1119.8172379182693,861.0
2025-03-01,양천구,3,861.0,1022.0,1820.0,33,209,385318.7575678571,364471.18760357145,340804.5614535714,67583.03981785713,370468.1652857143,392908.117575,349677.33607857145,146725.23528214285,25517.718342857144,0.002927341299869644,1127.959512642847,989.0
2025-04-01,양천구,4,989.0,1013.0,1878.0,33,209,382032.43552903226,360363.4710161291,333347.61901290325,66662.84759032258,365846.3026935484,390103.5864354839,343185.7167064516,143319.73031612902,24581.50466774193,0.002927341299869644,1118.3393264139231,993.0
2025-05-01,양천구,5,993.0,1066.0,1952.0,33,209,379057.8395066667,356510.75606,327366.54735,72939.78715,361828.22898666665,387647.90425,337706.77424666664,154446.45297333333,25013.349416666668,0.002927341299869644,1109.6316686272246,1089.0
2025-06-01,양천구,6,1089.0,1160.0,2096.0,33,209,374497.8023193549,352074.1384741936,323010.5398967742,67188.94091290323,357488.2993903226,384013.95413548383,333674.9952935484,143697.01391612904,25055.97171935484,0.002927341299869644,1096.2828834398654,1013.0
2025-07-01,양천구,7,1013.0,1293.0,2313.0,33,209,379906.70181,358545.84524,332350.62131,72132.66201,364034.82746,388646.0283,341814.20338,151702.55369333332,25192.555246666667,0.002927341299869644,1112.1165783056745,1178.0
2025-08-01,양천구,8,1178.0,1236.0,2395.0,33,209,379443.3279129032,357869.9130258064,332395.673416129,70362.5193451613,363577.4603741936,388417.6956612903,341365.24582903227,150860.54784193548,26090.759703225805,0.002927341299869644,1110.7601247594216,1207.0
2025-09-01,양천구,9,1207.0,1030.0,1928.0,33,209,376918.2731290323,356969.73893225804,334170.1913419355,70921.20947419354,362684.39334193553,385082.447,342756.96163548384,151171.14724193548,25410.36453548387,0.002927341299869644,1103.3684276061629,1177.0
2025-10-01,양천구,10,1177.0,1044.0,1908.0,33,209,378009.13945666666,356118.8696166667,329264.35731,72321.72471666666,361729.3224633334,386180.4522333333,338937.57865333336,154549.19062333333,25644.18199333333,0.002927341299869644,1106.561765659684,1169.0
2025-11-01,양천구,11,1169.0,927.0,1723.0,33,209,371536.7497258064,350119.9771354838,324431.20586451615,67590.8947967742,356201.3753387097,380138.3253,334731.8512064516,148061.13613225805,27023.00303548387,0.002927341299869644,1087.6148718916847,1210.0
2025-12-01,양천구,12,1210.0,1125.0,2038.0,33,209,378258.64889666665,355738.5661233333,328742.13059666666,68933.71374,361787.25904,387102.3448633333,338727.3132533334,148902.56506,25814.263903333333,0.002927341299869644,1107.2921649481034,1212.0
2018-05-01,영등포구,5,1259.0,1291.0,2203.0,327,376,499071.07974615385,494548.2290961538,469262.2317961538,101575.0963,538299.1544384615,607916.04705,593218.4590230769,386105.4269423077,102117.31151538462,0.0023409315996008677,1168.291261024696,1359.0
2018-06-01,영등포구,6,1359.0,1219.0,2189.0,327,376,492845.9888258065,486041.8953483871,464066.49047741934,97135.95647096774,529869.5043193548,592221.5192419356,579917.6709193549,364742.1093612904,95563.90272903226,0.0023409315996008677,1153.7187489788666,1271.0
2018-07-01,영등포구,7,1271.0,1379.0,2355.0,327,376,491893.7452366667,485335.0910966666,463746.9078666667,89920.94164666667,527120.73425,588170.7940066666,576438.51887,344269.91074333334,91445.24098,0.0023409315996008677,1151.489611870532,1393.0
2018-08-01,영등포구,8,1393.0,1282.0,2302.0,327,376,498222.5588322581,492169.1804,467881.39117419353,88033.28141612903,538093.4652483871,606646.747083871,593912.7342516129,355404.2713903226,96944.60567419356,0.0023409315996008677,1166.3049316044353,1496.0
2018-09-01,영등포구,9,1496.0,1312.0,2276.0,327,376,491609.5994064516,485021.4396096774,463379.663583871,95459.45886129032,531179.5706677419,597773.7319354839,584968.8313193548,363884.4004129033,95402.72866451612,0.0023409315996008677,1150.8244459176867,1254.0
2018-10-01,영등포구,10,1254.0,1255.0,2224.0,327,376,483892.8921033333,473026.5631333333,456360.12224,91280.73481,517515.10451,577989.93251,564586.2019100001,340897.98233333335,90825.97331666668,0.0023409315996008677,1132.7601619469463,1232.0
2018-11-01,영등포구,11,1232.0,1182.0,2066.0,327,376,491566.110116129,485982.5145354839,463531.7963548388,90127.17927419356,530244.8080903227,599089.4752612903,582815.5156258064,356330.7638677419,97318.28466451612,0.0023409315996008677,1150.722640463726,1210.0
2018-12-01,영등포구,12,1210.0,1399.0,2419.0,327,376,501279.49949666666,497633.94521333335,465246.5433833333,92795.13010666666,542113.2742633333,615679.4289200001,599280.55893,381729.49514,105245.19619333332,0.0023409315996008677,1173.4610206038542,1326.0
2019-01-01,영등포구,1,1326.0,1378.0,2352.0,292,511,494043.70601935487,486376.0404774193,466270.3896935484,87954.29326774193,532616.9875387097,601379.0727129031,586619.5816709677,351304.6396419355,97017.1979967742,0.0023409315996008677,1156.5225230046292,1165.0
2019-02-01,영등포구,2,1165.0,1120.0,1980.0,292,511,495337.9572225807,486648.8057806452,468620.4761548388,95029.1795032258,535128.1031419354,603436.0641032258,590834.3074580645,371493.85886451614,100693.6547903226,0.0023409315996008677,1159.552276544082,1001.0
2019-03-01,영등포구,3,1001.0,1198.0,2130.0,292,511,480660.5528392857,463268.73321785714,455418.7786285714,93211.63434285714,514923.289275,576417.13815,562891.1202964286,347417.16505357146,94396.90925357144,0.0023409315996008677,1125.1934768231065,1190.0
2019-04-01,영등포구,4,1190.0,1259.0,2165.0,292,511,486794.49452258064,476122.18349677423,462812.71078387095,86395.68726129032,522289.4012709677,584106.0706612903,571982.2707129032,331199.87531290326,88884.15090645161,0.0023409315996008677,1139.5526147396406,1230.0
2019-05-01,영등포구,5,1230.0,1359.0,2285.0,292,511,483011.1957166667,475694.5957266667,456700.5074633333,94723.12653666666,520714.5021,588213.0604200001,573499.13103,371618.2589966666,99669.06570666666,0.0023409315996008677,1130.6961710141443,1291.0
2019-06-01,영등포구,6,1291.0,1271.0,2146.0,292,511,464978.2806290322,455878.1501483871,440039.02399032254,86460.05971612904,498893.54051612905,557875.9353677419,546374.9043741935,330387.05122258066,88131.34168387097,0.0023409315996008677,1088.4823502525815,1254.0
2019-07-01,영등포구,7,1254.0,1393.0,2358.0,292,511,461638.1271766667,452252.4075,437825.04611000005,84019.08895,494780.92723,552781.3249733333,541180.84733,316834.22913666663,84188.86104999999,0.0023409315996008677,1080.663279488423,1370.0
2019-08-01,영등포구,8,1370.0,1496.0,2526.0,292,511,464758.2843354839,458408.0128258065,438271.2698064516,78665.2465483871,503127.0128387097,568507.4895193548,556843.2327580645,315299.8844935484,86499.0027,0.0023409315996008677,1087.9673539772193,1312.0
2019-09-01,영등포구,9,1312.0,1254.0,2260.0,292,511,486456.236967742,475629.5685580645,460339.11547741934,82894.14843225807,521883.2496580645,584726.4635483872,571481.0674290323,329061.4907903226,90004.6988548387,0.0023409315996008677,1138.760776940715,1281.0
2019-10-01,영등포구,10,1281.0,1232.0,2129.0,292,511,478274.5161433333,468462.86036333337,452767.75339,86495.98875666667,512487.74346333335,572902.8319333333,560386.2616966667,337252.3959666667,92183.72952,0.0023409315996008677,1119.6079281237442,1230.0
2019-11-01,영등포구,11,1230.0,1210.0,2049.0,292,511,484450.0966145161,482927.2146741935,455425.61912903225,89410.68694193549,524711.2634064516,597516.5814032258,581076.896932258,364479.0655483871,100220.15293064516,0.0023409315996008677,1134.0645395946142,1140.0
2019-12-01,영등포구,12,1140.0,1326.0,2296.0,292,511,477021.36927,474041.0724733333,451736.18687333335,86128.87559333333,515035.30609333335,582397.9325333333,568254.8176433333,347498.77668333333,98182.00178333333,0.0023409315996008677,1116.6743970090174,1237.0
2020-01-01,영등포구,1,1237.0,1165.0,2044.0,272,430,478534.1642548387,475573.1198096774,452317.725216129,90279.22193870968,517083.2096967742,585752.3504806452,571051.8733193548,361600.9899064516,101401.71246129031,0.0023409315996008677,1120.215746592744,1178.0
2020-02-01,영등포구,2,1178.0,1001.0,1808.0,272,430,475953.4193290322,466569.37692903227,450126.6606451613,89984.77207741936,512952.4161548388,577077.5257935484,564751.0117419355,350542.2027451613,96964.51640967742,0.0023409315996008677,1114.174399245414,889.0
2020-03-01,영등포구,3,889.0,1190.0,2046.0,272,430,478439.5396724138,469596.3007862069,454901.2996862069,90134.6712724138,515475.0019172414,577236.7346344828,567324.6490689656,337341.7563862069,87951.85095517241,0.0023409315996008677,1119.9942369176465,781.0
2020-04-01,영등포구,4,781.0,1230.0,2174.0,272,430,468795.1844,459198.9022129032,448252.4969516129,89868.57389032257,500914.7118870968,556295.2392612904,545882.0503741936,312260.4478935484,76534.43624516128,0.0023409315996008677,1097.4174609026759,898.0
2020-05-01,영등포구,5,898.0,1291.0,2339.0,272,430,465630.50146,456637.97246,445191.7711,94442.81227666668,496452.40562,549797.1310766666,539603.0714266667,325458.6098133334,81259.47080333334,0.0023409315996008677,1090.009154605712,977.0
2020-06-01,영등포구,6,977.0,1254.0,2146.0,272,430,462990.0461129032,454377.04856774193,441409.5402096774,90748.09942903226,493737.5900677419,547006.1592032259,536784.1516322581,320165.7003419355,82631.11499032257,0.0023409315996008677,1083.828029246358,906.0
2020-07-01,영등포구,7,906.0,1370.0,2419.0,272,430,465951.9091366667,459732.58584666665,442569.4579466666,92171.83847333332,499251.0152766667,555644.70921,545869.76388,333231.49598,86178.90727333333,0.0023409315996008677,1090.7615479923754,951.0
2020-08-01,영등포구,8,951.0,1312.0,2363.0,272,430,472308.3298935484,463592.1346483871,448074.3370032258,89627.4180419355,506433.581216129,564075.8487419354,554208.9330903225,332315.06212258065,86742.81112903226,0.0023409315996008677,1105.6414942025185,877.0
2020-09-01,영등포구,9,877.0,1281.0,2291.0,272,430,463398.9662516129,449599.7031129032,444470.01777741936,90231.9088483871,491890.0741935484,541370.4922838709,531777.6253193548,308249.09182903223,77718.63381290324,0.0023409315996008677,1084.7852833207767,826.0
2020-10-01,영등포구,10,826.0,1230.0,2282.0,272,430,462167.00535,450815.28059333336,443414.8350533333,91581.11797666666,490906.3709766667,540639.3206533333,531141.4828466667,307637.9797533333,75937.95480333334,0.0023409315996008677,1081.9013471167182,919.0
2020-11-01,영등포구,11,919.0,1140.0,2102.0,272,430,461882.1031225807,448746.6971451613,442928.2630741936,91978.17322580646,489826.0484032258,538909.2665903226,528947.5718064517,317923.2253741936,82412.71282903226,0.0023409315996008677,1081.2344104897556,912.0
2020-12-01,영등포구,12,912.0,1237.0,2153.0,272,430,463285.0612066667,454649.3722533333,444487.05902,92016.16803,494480.4103733333,547190.0365333332,538153.8992366666,325330.68025000003,85159.97245,0.0023409315996008677,1084.5186394017082,804.0
2021-01-01,영등포구,1,804.0,1178.0,2059.0,166,308,457240.6698322581,446077.1063225807,441878.3051322581,87957.02907096775,485802.84421935485,534784.5552129032,525789.8883516128,292439.75599677424,72482.28014516129,0.0023409315996008677,1070.3691326330002,849.0
2021-02-01,영등포구,2,849.0,889.0,1637.0,166,308,460801.9273483871,448005.7200516129,444941.5329225807,86038.60638387097,489512.65634193545,538832.1948193548,529707.6769548387,295314.0714354839,75264.73962258064,0.0023409315996008677,1078.7057928868226,760.0
2021-03-01,영등포구,3,760.0,781.0,1572.0,166,308,466883.0493392857,452970.3072321428,447941.925925,85996.87123214286,497549.0449571429,551781.5793607143,540481.4388142857,313351.5725214286,82766.15132142858,0.0023409315996008677,1092.941283516345,837.0
2021-04-01,영등포구,4,837.0,898.0,1747.0,166,308,473898.6018580645,468097.0282967742,452945.7471290323,89544.74780645162,509280.016532258,571803.137316129,558813.9970967742,332282.47409354843,88025.81098064515,0.0023409315996008677,1109.3642120962136,919.0
2021-05-01,영등포구,5,919.0,977.0,2049.0,166,308,471561.2997166666,465161.67165,450690.29258,98865.09023666669,505703.5726966666,565484.2104866666,553502.7548633333,350072.19440333336,90336.14199333334,0.0023409315996008677,1103.8927476556005,1036.0
2021-06-01,영등포구,6,1036.0,906.0,2042.0,166,308,468356.4024096775,457229.51905161294,448386.83838387096,96203.2734483871,498951.5647290323,554291.2595,541784.7919935484,327087.15119354834,85013.51663870968,0.0023409315996008677,1096.390302276194,1150.0
2021-07-01,영등포구,7,1150.0,951.0,2140.0,166,308,473252.34446,464960.5531566666,451596.11700333335,97475.17229666669,506660.91311,565064.7649966667,553432.9092066666,342630.11333666666,90067.42803333333,0.0023409315996008677,1107.8513677316087,1032.0
2021-08-01,영등포구,8,1032.0,877.0,2165.0,166,308,467495.72937741934,453539.03377741936,449684.593216129,95310.93998709678,496101.1990258065,545677.0558129032,536148.8565451612,313113.33941935486,78758.35508709677,0.0023409315996008677,1094.3755255780566,1078.0
2021-09-01,영등포구,9,1078.0,826.0,1924.0,166,308,465047.5931516129,449769.83441935485,447551.1477935484,94209.45165806451,492847.6557322581,542469.6677935484,531767.7433387097,308321.32367741934,77533.69349032258,0.0023409315996008677,1088.6446061269387,1127.0
2021-10-01,영등포구,10,1127.0,919.0,1959.0,166,308,466287.10418,449171.5269733333,447439.6587533333,92587.97309333332,493454.7915966667,543235.0743733334,531489.5539766666,309832.34533999994,79768.34663333333,0.0023409315996008677,1091.546216661344,1076.0
2021-11-01,영등포구,11,1076.0,912.0,1935.0,166,308,471758.1438064517,454817.8516354839,452715.3227935484,92894.5742032258,499240.1153483871,548775.8458,537714.8755225807,312618.2697225807,80847.48576451612,0.0023409315996008677,1104.3535462055731,1051.0
2021-12-01,영등포구,12,1051.0,804.0,1784.0,166,308,479551.0786666666,466980.64261333336,458475.0084933333,94364.89029,512850.5528333334,570656.9223033334,559469.8166933333,341613.68022000004,91871.93478,0.0023409315996008677,1122.5962736734814,961.0
2022-01-01,영등포구,1,961.0,849.0,1850.0,172,337,478271.80287741934,467473.1071612904,458883.45113225805,91702.06753870969,511870.1577548387,570246.5847,558907.8546096773,328404.75481612905,86578.31686129032,0.0023409315996008677,1119.6015765538282,1040.0
2022-02-01,영등포구,2,1040.0,760.0,1693.0,172,337,476411.5476225806,462799.87062903226,457570.7680096774,92813.60437096776,508979.7770354839,566567.0899322581,554575.2982225806,327069.78286451614,87376.90529677419,0.0023409315996008677,1115.2468462444526,1004.0
2022-03-01,영등포구,3,1004.0,837.0,1993.0,172,337,477575.9425107143,461518.5467642857,459799.2499714285,94021.91443571428,507565.57156428567,561155.6873250001,549551.0522571428,316462.92586428573,81797.66932142856,0.0023409315996008677,1117.9726150324984,1175.0
2022-04-01,영등포구,4,1175.0,919.0,2053.0,172,337,478383.9516419355,463129.0917419355,460768.8726903226,90949.28007419356,506837.5943064516,557575.5046096775,546672.6940129033,303644.54141612904,77147.15988064517,0.0023409315996008677,1119.8641091405402,1191.0
2022-05-01,영등포구,5,1191.0,1036.0,2249.0,172,337,480408.93113,470440.3821533333,456719.7991033333,96791.91960666668,514705.2966366667,578365.1635066667,562720.2083533333,348890.4704833333,93796.6139,0.0023409315996008677,1124.604447612694,1248.0
2022-06-01,영등포구,6,1248.0,1150.0,2511.0,172,337,488319.9082580645,476960.439632258,463274.0151967742,94475.93155806452,522174.6883193549,583472.1767677419,569571.3804225806,348321.53402580647,96132.4202451613,0.0023409315996008677,1143.1235039555,1159.0
2022-07-01,영등포구,7,1159.0,1032.0,2365.0,172,337,492618.0985966667,480431.16795,468644.88076666667,95199.52655666666,526967.1161333334,589957.1509333333,575055.74067,346746.72744,94492.55571333334,0.0023409315996008677,1153.185273540233,1259.0
2022-08-01,영등포구,8,1259.0,1078.0,2237.0,172,337,485522.2060580645,472876.39496451616,460581.7992354839,90751.88153548387,520533.22443225805,583719.9270903225,569548.6501677419,336190.3640419355,93038.81345483872,0.0023409315996008677,1136.574274469247,1252.0
2022-09-01,영등포구,9,1252.0,1127.0,2509.0,172,337,481596.9308709677,468018.9386935484,457343.0858419355,91120.03543548386,516422.6870387097,579365.8961096774,565178.7456580646,336206.3906516129,92371.23072580644,0.0023409315996008677,1127.385473746643,1173.0
2022-10-01,영등포구,10,1173.0,1076.0,2347.0,172,337,478581.84613,464257.38316,453963.7335833333,89640.38874666666,510974.97646,569572.65782,556325.3589333333,332505.73617000005,92433.90039,0.0023409315996008677,1120.3273666010373,1161.0
2022-11-01,영등포구,11,1161.0,1051.0,2541.0,172,337,484575.98433225806,467122.2744774193,461346.7157870968,90320.25922580644,515777.2601677419,579571.0225580644,559459.0463387098,332646.3961419355,94361.76665483872,0.0023409315996008677,1134.359234131078,1138.0
2022-12-01,영등포구,12,1138.0,961.0,2322.0,172,337,482410.76066333335,471995.9807666667,459707.0866233333,92482.64492333333,518725.18284666666,584162.8868033333,569565.3739066666,349366.04397,98834.50243333331,0.0023409315996008677,1129.2905936242882,1314.0
2023-01-01,영등포구,1,1314.0,1040.0,2215.0,256,453,483490.6584677419,472808.9424225806,457801.785467742,90041.06815806452,521397.2218354839,590919.843,574466.4105387097,341735.1102354839,97154.80907419356,0.0023409315996008677,1131.8185605189678,1122.0
2023-02-01,영등포구,2,1122.0,1004.0,2275.0,256,453,482323.8054064516,465810.66033548384,459427.3846096774,83997.94502258065,517168.8441935484,579636.2755548387,565951.8984903225,323626.49526129034,93148.87573225806,0.0023409315996008677,1129.0870373157024,1068.0
2023-03-01,영등포구,3,1068.0,1175.0,3123.0,256,453,491107.52467142855,479797.1052035714,466196.1707964285,85453.96011428571,528974.4665178572,596011.5140678572,581988.1851142857,339350.2704357143,99369.18874642855,0.0023409315996008677,1149.64912330511,1227.0
2023-04-01,영등포구,4,1227.0,1191.0,2688.0,256,453,486585.54609677417,475623.0773032258,461903.807216129,78007.70597741936,522212.09208387096,584907.3050451613,572089.2564806452,318897.4404354839,92399.6292483871,0.0023409315996008677,1139.0634807669833,1256.0
2023-05-01,영등포구,5,1256.0,1248.0,2568.0,256,453,487464.44651,474365.79931,464272.5244366667,79163.38140666667,523086.0229466667,587031.9702966666,572956.22995,330746.2401666667,98187.49977666668,0.0023409315996008677,1141.1209265172058,1207.0
2023-06-01,영등포구,6,1207.0,1159.0,2420.0,256,453,478355.5637774193,463989.4207741936,451946.6337548387,81580.02471935484,511742.4244709678,570678.2315677418,558484.0294580645,320611.04994193546,91735.48569354838,0.0023409315996008677,1119.797655091449,1224.0
2023-07-01,영등포구,7,1224.0,1259.0,2707.0,256,453,479948.32941,467615.2613633333,452673.7391866667,79525.77857666666,515908.29656,580208.1267466667,566252.2505733334,325083.0911933333,94204.06410333334,0.0023409315996008677,1123.5262104915155,1340.0
2023-08-01,영등포구,8,1340.0,1252.0,2804.0,256,453,484266.53691612906,470116.45679032255,459840.21689032257,76947.69032580646,521331.6498870967,587862.4657129033,573222.808048387,319326.1008290323,94002.05487419356,0.0023409315996008677,1133.6348388962467,1380.0
2023-09-01,영등포구,9,1380.0,1173.0,2583.0,256,453,483375.0863,469122.8629290323,460576.148983871,79028.52161290322,519698.6623064517,584776.0034806452,570551.6687290323,320611.35578387097,93788.1720483871,0.0023409315996008677,1131.5480139794665,1279.0
2023-10-01,영등포구,10,1279.0,1161.0,2250.0,256,453,485020.6557633334,470308.69043666666,460947.01010666665,78851.73375666667,519239.1758166666,582671.50591,567145.1039066667,320416.86428000004,95414.08339666668,0.0023409315996008677,1135.4001795355218,1258.0
2023-11-01,영등포구,11,1258.0,1138.0,2291.0,256,453,486493.7691032258,470401.73165806447,462770.34678387095,79566.26337096775,519482.4696645161,586102.925151613,565666.6504419355,319198.5067419355,95355.32333548386,0.0023409315996008677,1138.8486371026695,1230.0
2023-12-01,영등포구,12,1230.0,1314.0,2581.0,256,453,490589.95094,481891.52610666666,468434.7826966667,80834.92907,529329.68576,598427.1997966667,583565.3145066666,339456.48184,102883.07021333333,0.0023409315996008677,1148.4375186020854,1322.0
2024-01-01,영등포구,1,1322.0,1122.0,2256.0,130,409,497718.7991032258,483865.3229967742,474662.5945451613,78990.31547741935,535833.6516612903,607012.0125774193,589194.4452612904,328769.7363064516,102020.55148709676,0.0023409315996008677,1165.1256645361373,1143.0
2024-02-01,영등포구,2,1143.0,1068.0,2091.0,130,409,487329.16431935487,476280.2322354839,462363.9780290323,76008.36386129032,524211.8530064516,591009.7714741935,575847.6171741935,315682.8055806452,95190.60863870967,0.0023409315996008677,1140.8042401622615,1025.0
2024-03-01,영등포구,3,1025.0,1227.0,2263.0,130,409,489508.7754068965,475729.9772275862,466200.9352448276,79173.03925862069,526609.3101310345,593881.6773793104,578550.0587413793,322669.8545931034,96352.5700551724,0.0023409315996008677,1145.9065606319282,1005.0
2024-04-01,영등포구,4,1005.0,1256.0,2349.0,130,409,487566.62868064514,478394.60510645167,465905.4472290322,75521.15489032258,524084.5535451613,591560.5691064516,575209.648351613,313208.00468387094,93679.55023870968,0.0023409315996008677,1141.3601279893849,1042.0
2024-05-01,영등포구,5,1042.0,1207.0,2433.0,130,409,485514.5756133333,477081.61472666665,462029.8058533333,82493.48342666666,523335.3190266667,592473.1222766667,576284.3598266668,337426.16572999995,97697.27472,0.0023409315996008677,1136.5564121200568,1112.0
2024-06-01,영등포구,6,1112.0,1224.0,2385.0,130,409,479454.1770096774,469373.2837741936,457399.0623290322,84180.96291290323,514727.9829451613,578011.8543258064,564111.3112645161,324944.1976709678,91821.02402903224,0.0023409315996008677,1122.3694335225816,1102.0
2024-07-01,영등포구,7,1102.0,1340.0,2654.0,130,409,480836.8279333333,471356.48346,458966.35216,85189.91667666666,517130.76418,583609.1873,567942.27494,331745.01547999994,96389.79903666668,0.0023409315996008677,1125.606124760985,1278.0
2024-08-01,영등포구,8,1278.0,1380.0,2740.0,130,409,485955.2340193548,479166.32022258063,462373.80493548384,84387.21256774194,526723.4596677419,600006.4946290323,583798.9755967743,340291.8727064516,99209.49326774194,0.0023409315996008677,1137.5879633073423,1248.0
2024-09-01,영등포구,9,1248.0,1279.0,2494.0,130,409,484283.6648774193,474732.3294032258,461529.6418741936,85109.96106774193,521478.2116387097,589646.1191548386,573550.5771354839,335168.9322806451,98467.9029967742,0.0023409315996008677,1133.6749342820676,957.0
2024-10-01,영등포구,10,957.0,1258.0,2414.0,130,409,470473.3680233333,458889.72813,447748.2631166667,82863.74377666667,503813.48395666666,565105.1366300001,550489.64627,320242.19082666666,92807.57818666668,0.0023409315996008677,1101.3459739764694,964.0
2024-11-01,영등포구,11,964.0,1230.0,2240.0,130,409,482055.9236838709,472752.8125419355,458662.5707354839,83417.61429032258,517460.5230709677,590412.9998290322,567026.9622451613,333446.7691741936,99579.5587516129,0.0023409315996008677,1128.4599445263577,934.0
2024-12-01,영등포구,12,934.0,1322.0,2470.0,130,409,481438.75517,475194.20866,459551.2831766667,86397.99636,519622.81645,589581.0244,573080.50228,348345.82187333336,103188.00600666666,0.0023409315996008677,1127.0151952499587,1058.0
2025-01-01,영등포구,1,1058.0,1143.0,2139.0,135,350,483879.8306870968,481082.44545483874,458291.6811032258,83561.5345451613,525998.5104516129,615781.3741193549,584964.6621193548,356052.97181290324,111425.06501612904,0.0023409315996008677,1132.7295860649426,1006.0
2025-02-01,영등포구,2,1006.0,1025.0,1914.0,135,350,473358.629267742,459400.9316387097,452963.5636774193,82453.47178709679,507259.9936064516,570018.4547903226,554721.9036741935,314248.34353225806,91087.46619677418,0.0023409315996008677,1108.1001731966094,889.0
2025-03-01,영등포구,3,889.0,1005.0,2060.0,135,350,485202.234425,478646.7769607143,462207.30145,84504.808725,525634.7070392857,598186.0445642857,582240.1687107143,338143.41560714284,97255.48273214286,0.0023409315996008677,1135.8252427624304,957.0
2025-04-01,영등포구,4,957.0,1042.0,2074.0,135,350,479807.0058193549,472316.8236741935,458171.4902774193,83588.7987516129,516357.4751387097,582389.576716129,567528.1321870969,325031.44069032255,92543.64901290325,0.0023409315996008677,1123.1953816324053,965.0
2025-05-01,영등포구,5,965.0,1112.0,2185.0,135,350,482582.81696666667,476271.6190933333,459024.81615,92694.95029333331,520918.64502,588041.4278066666,574588.8042966666,357275.99419,98984.04412666666,0.0023409315996008677,1129.6933656616718,1022.0
2025-06-01,영등포구,6,1022.0,1102.0,2315.0,135,350,472859.58502258064,462680.20272258064,451768.0856290323,85577.64378709678,506102.98048387095,565500.3997774194,552643.7341064516,321734.9684483871,89991.75800645162,0.0023409315996008677,1106.9319447535122,1015.0
2025-07-01,영등포구,7,1015.0,1278.0,2577.0,135,350,476038.1119366667,466068.34998,454446.4427266667,92458.30861333334,510073.8575233333,570916.3879133334,557723.90136,333705.8102566667,89908.29819,0.0023409315996008677,1114.372658846878,1092.0
2025-08-01,영등포구,8,1092.0,1248.0,2643.0,135,350,482684.7105193549,477526.44579677423,459166.83019677416,91162.49977096774,523062.7135225807,594682.4524258064,579591.9177322581,350816.1739483871,96645.09842580646,0.0023409315996008677,1129.9318914989553,1110.0
2025-09-01,영등포구,9,1110.0,957.0,2120.0,135,350,474298.294616129,465249.1612354838,452108.4413387097,91520.34312580644,510105.6926451613,574595.7584612903,560236.0499,335731.9769709677,91515.7742516129,0.0023409315996008677,1110.2998655036986,1096.0
2025-10-01,영등포구,10,1096.0,964.0,2084.0,135,350,479011.6147,474185.75848,454344.2920333333,92350.06808666668,517045.1325933334,589363.4745066667,570292.05765,355279.44291,99861.85893,0.0023409315996008677,1121.3334254270655,1105.0
2025-11-01,영등포구,11,1105.0,934.0,1988.0,135,350,464166.14648709673,451123.158067742,443585.8680225807,89092.0396516129,495360.17459677416,552686.728883871,539031.8139290322,321322.77666451613,88502.83565806452,0.0023409315996008677,1086.58119977661,1007.0
2025-12-01,영등포구,12,1007.0,1058.0,2339.0,135,350,478113.32559,469929.1045,457143.2893966667,91222.77821333334,513516.9875966667,577628.0164866667,563082.1143966668,339773.4167933333,94511.08491333334,0.0023409315996008677,1119.2305920638892,1099.0
2018-05-01,용산구,5,770.0,856.0,1429.0,163,357,314622.80186153844,304204.3333,294760.10866153846,54167.15427307692,334492.4490653846,369577.2145653846,362309.95515000005,220393.5557423077,58197.5701423077,0.002227631102562201,700.8635390020277,845.0
2018-06-01,용산구,6,845.0,849.0,1437.0,163,357,313769.08071290323,304750.11877096776,293226.0199709678,51465.453641935484,333971.2145709677,370362.6788354839,361144.7482225807,214901.1573580645,58018.82825483871,0.002227631102562201,698.9617632184128,838.0
2018-07-01,용산구,7,838.0,836.0,1510.0,163,357,310436.8162533333,301951.4057666667,290363.79414333333,47806.98879,329871.79269,363921.1244333333,357080.75969,202453.36029333333,55157.67125,0.002227631102562201,691.5387072663121,905.0
2018-08-01,용산구,8,905.0,870.0,1574.0,163,357,305878.99227096775,297704.43243870966,284652.0422967742,47686.238441935486,325882.9477516129,361004.552,353888.48543548386,202542.85622258065,55639.64304516129,0.002227631102562201,681.3855568031908,894.0
2018-09-01,용산구,9,894.0,915.0,1556.0,163,357,302529.198016129,294550.7016612903,283709.0155612903,47817.407948387096,322797.09337741934,358068.9006516129,350141.8285548387,204526.6838451613,56076.265290322575,0.002227631102562201,673.9234509339278,805.0
2018-10-01,용산구,10,805.0,824.0,1448.0,163,357,302999.64507666667,292967.87542000005,282283.2778133333,45688.813616666666,321616.42662,355645.24382000003,347679.92079666664,197369.43351666667,55200.00174666666,0.002227631102562201,674.9714334380905,818.0
2018-11-01,용산구,11,818.0,739.0,1314.0,163,357,310317.98685806454,303207.88157096773,289504.67117096775,46808.76661290322,331537.6452838709,370319.9576,360221.1732483871,208343.6034935484,59103.85889354839,0.002227631102562201,691.2739992095129,752.0
2018-12-01,용산구,12,752.0,898.0,1534.0,163,357,305256.54698333336,296081.4670566667,277759.5126533333,48810.023446666666,324938.0865066667,367660.1807333333,352492.2418466667,212620.39964,59909.85841,0.002227631102562201,679.9989783208132,834.0
2019-01-01,용산구,1,834.0,774.0,1407.0,92,193,312593.04320967745,300217.2880774194,293610.4421935484,44441.71987419355,331884.5511354839,366316.2267129032,358892.6622419355,198529.345883871,56633.38774516129,0.002227631102562201,696.3419854984475,758.0
2019-02-01,용산구,2,758.0,668.0,1221.0,92,193,310697.8831903225,297911.54779032257,293058.1143870968,49954.83450645161,330151.2624580645,363926.4333387096,357385.9934451613,208624.6873645161,57920.1255967742,0.002227631102562201,692.1202680949999,663.0
2019-03-01,용산구,3,663.0,771.0,1413.0,92,193,304048.9311857143,290040.48129285715,287025.66429642856,48317.56502857142,322413.2287071428,356031.833575,348123.24525000004,200309.52198214288,56831.14063214285,0.002227631102562201,677.3088558100915,753.0
2019-04-01,용산구,4,753.0,770.0,1340.0,92,193,310955.13025483873,299602.6434258065,294517.82608064514,45403.25071290322,329699.51512903225,362788.1699419355,355941.65395483875,193131.69066129037,54272.04753870968,0.002227631102562201,692.6933196569591,709.0
2019-05-01,용산구,5,709.0,845.0,1490.0,92,193,308195.06505000003,296307.37866,291541.16776333336,51356.27941333333,327405.74462333333,360220.65096,354300.69604333333,211586.85027666664,56867.799653333335,0.002227631102562201,686.5449125615607,766.0
2019-06-01,용산구,6,766.0,838.0,1485.0,92,193,304112.24253870966,290668.42837741936,286802.04517096776,46827.021467741935,323025.56780645164,355998.6779580645,349504.2231935484,197267.0604645161,54700.3058967742,0.002227631102562201,677.4498901491693,777.0
2019-07-01,용산구,7,777.0,905.0,1546.0,92,193,303944.55138666666,290558.84909,286657.93985,46567.868493333335,321629.12108666665,353132.7874833334,346387.5187,191151.4705333333,52571.92771333333,0.002227631102562201,677.0763361232538,812.0
2019-08-01,용산구,8,812.0,894.0,1539.0,92,193,298099.2601612903,286337.7803709677,280883.73420322576,42320.59172903226,316860.75565161294,349147.3778612904,343126.8493548387,181649.2127451613,51089.44561612904,0.002227631102562201,664.0551835860714,828.0
2019-09-01,용산구,9,828.0,805.0,1420.0,92,193,305092.447367742,291363.30276129034,288319.50067741936,43324.32747419355,323084.0781032258,355006.2556580645,348272.36114516127,188375.44591290323,54441.49345806451,0.002227631102562201,679.6334249132034,741.0
2019-10-01,용산구,10,741.0,818.0,1380.0,92,193,304270.8120166667,289989.23945,287623.10960666667,44491.3015,321494.61584,351504.09771,345607.9411933333,192963.10155666663,55614.86539666667,0.002227631102562201,677.8031244501833,766.0
2019-11-01,용산구,11,766.0,752.0,1260.0,92,193,309577.3587967742,297293.6156193548,291572.2074903226,46546.63273064516,330014.5844483871,367295.89412580646,358626.70042741933,207508.21198225804,59083.5019483871,0.002227631102562201,689.624153104752,744.0
2019-12-01,용산구,12,744.0,834.0,1398.0,92,193,311162.90243333334,298001.25018000003,293074.37833,44964.14266333333,330273.22758,363277.7282033333,357027.68277666665,200531.15792,57999.23621666666,0.002227631102562201,693.1561594240209,861.0
2020-01-01,용산구,1,861.0,758.0,1312.0,85,177,313165.7288580645,301313.21314193547,293663.7285967742,47961.964167741935,332825.9735354839,368107.0497709677,360350.3161064516,210948.41402903225,60460.94354193548,0.002227631102562201,697.6177178607854,674.0
2020-02-01,용산구,2,674.0,663.0,1119.0,85,177,308343.7583419355,294583.0556612904,290594.7284870968,47656.802161290325,326324.197783871,358740.66168064513,351496.81301290327,202794.0178612903,57595.12979032258,0.002227631102562201,686.8761463634186,563.0
2020-03-01,용산구,3,563.0,753.0,1277.0,85,177,309262.7599724138,293627.6892344828,294568.1725931035,48608.36152413793,324875.51788275864,351360.67368275864,346733.37897931034,187275.62091034485,48129.96127586207,0.002227631102562201,688.9233429787774,483.0
2020-04-01,용산구,4,483.0,709.0,1315.0,85,177,298686.1919870968,284646.8225612903,286786.1806387097,47511.763683870966,311711.6924645161,333776.9993935484,329947.3931387097,168485.27579032257,39107.06573548387,0.002227631102562201,665.3626511763216,487.0
2020-05-01,용산구,5,487.0,766.0,1367.0,85,177,299691.65628,286387.35929999995,287559.0374766666,50332.87802,312447.08665,334516.2959233333,330304.6891666667,178570.16331333332,42578.67032666667,0.002227631102562201,667.6024547077085,605.0
2020-06-01,용산구,6,605.0,777.0,1361.0,85,177,295390.3463903225,282661.4711354839,283950.6294129032,51083.35935806452,308539.73676129035,330992.8757806452,326948.88328387093,178852.00195161288,43993.44402258065,0.002227631102562201,658.0207230157044,582.0
2020-07-01,용산구,7,582.0,812.0,1488.0,85,177,296899.20958,284971.1741933333,284195.1926633333,49818.35280666666,311538.05449666665,335599.3436233334,332032.43739,185353.27640333332,46248.4054,0.002227631102562201,661.3819135865414,680.0
2020-08-01,용산구,8,680.0,828.0,1484.0,85,177,295397.9249709677,284576.1046387096,282686.3138451613,49175.37296774193,309983.529983871,334733.9386064516,330403.37699677417,185014.6436741936,46876.60991935484,0.002227631102562201,658.037605297663,592.0
2020-09-01,용산구,9,592.0,741.0,1359.0,85,177,290235.87791290326,278746.16563225805,280017.78242903226,48049.18742258064,302716.2441387097,324316.54896129033,320188.75684516126,170412.81053225807,42250.621645161285,0.002227631102562201,646.538468718229,493.0
2020-10-01,용산구,10,493.0,766.0,1368.0,85,177,288058.9280633333,278177.6816533333,277563.77188333333,48529.79603666666,300401.41082666663,321504.56348666665,317680.88669666665,169096.47373333335,39573.592090000006,0.002227631102562201,641.689027524609,538.0
2020-11-01,용산구,11,538.0,744.0,1304.0,85,177,288135.1757677419,279415.5184870968,275850.0709516129,48334.41437096775,301192.41071290325,324765.4912451613,319472.5396451613,179783.78251612905,46154.46022903226,0.002227631102562201,641.8588792824485,508.0
2020-12-01,용산구,12,508.0,861.0,1362.0,85,177,289744.6782466667,281564.75914,277717.03211,48326.188976666665,303631.74518333335,327370.1356366667,323073.6388933333,180625.00935666668,46025.7151,0.002227631102562201,645.4442570641522,486.0
2021-01-01,용산구,1,486.0,674.0,1143.0,35,69,285145.1972580645,274556.24111935485,276290.1606774194,46740.13760645161,296956.70001612906,316761.0177870968,313492.80388064514,157361.77446774195,36588.66902580645,0.002227631102562201,635.1983101582985,482.0
2021-02-01,용산구,2,482.0,563.0,1016.0,35,69,283694.6189193548,273786.76915161294,274878.9111483871,47498.23864193548,295258.1002096774,315219.0606935484,311446.9740290323,160145.85720645162,38179.26982903226,0.002227631102562201,631.9669567342858,481.0
2021-03-01,용산구,3,481.0,483.0,894.0,35,69,285283.24685357144,275790.1162464286,274851.9940928571,47984.100085714286,298110.89596071426,321260.1538607143,316069.6047357143,172628.27555714286,43837.82666785714,0.002227631102562201,635.5058337309458,544.0
2021-04-01,용산구,4,544.0,487.0,993.0,35,69,292989.88557741937,283524.5277612903,281615.7795935484,47358.19262903226,306624.3923258065,330654.6940870968,325712.70177741937,177674.26291612902,45675.97586774194,0.002227631102562201,652.6733818483998,566.0
2021-05-01,용산구,5,566.0,605.0,1196.0,35,69,290763.45122,283385.82490666665,279011.90191333333,51782.62615,304592.25861,328964.47749666666,323952.5889733333,189385.08808,46812.48081,0.002227631102562201,647.7137074259992,595.0
2021-06-01,용산구,6,595.0,582.0,1240.0,35,69,288250.975867742,280406.83446774195,277020.49621612905,50632.68522258064,301528.512916129,325827.4047419355,320117.0648096774,181281.88346774195,45559.35732903225,0.002227631102562201,642.1168391868883,665.0
2021-07-01,용산구,7,665.0,680.0,1229.0,35,69,290540.82581,282843.5064633333,278674.19808,50978.14473000001,304334.95783,329287.07623,323646.7426266667,187616.14119333331,48253.95467333333,0.002227631102562201,647.2177801384627,563.0
2021-08-01,용산구,8,563.0,592.0,1139.0,35,69,284317.7246096774,274765.7212064516,274529.58803870965,48341.23063870968,296178.674367742,316798.50824193546,312784.00403225806,169300.30486129032,41817.98968064516,0.002227631102562201,633.3550063502319,555.0
2021-09-01,용산구,9,555.0,493.0,980.0,35,69,284200.4203032258,273978.66881935485,274853.869816129,47072.33690645161,296069.2387612903,317265.5356806452,312685.5845967742,169149.18343548386,42734.603325806456,0.002227631102562201,633.0936956287157,540.0
2021-10-01,용산구,10,540.0,538.0,989.0,35,69,281868.0573666667,272227.38943333336,271634.81370666664,46238.90820333334,293557.31424000004,315177.77625,309922.2738566667,170437.13057333333,43647.00793,0.002227631102562201,627.8980514087733,550.0
2021-11-01,용산구,11,550.0,508.0,967.0,35,69,285632.1287354839,276897.1881064516,274607.9203419355,46235.96097096774,297852.2314580645,321046.58213870967,314960.375267742,174170.43818064514,45627.2248,0.002227631102562201,636.2830138622145,510.0
2021-12-01,용산구,12,510.0,486.0,954.0,35,69,290757.5229433334,283355.1413533333,279253.74744,47123.03137333333,304492.84009666665,329219.73283,323722.2841366667,186907.3131166667,50543.17876,0.002227631102562201,647.7005014125122,462.0
2022-01-01,용산구,1,462.0,482.0,984.0,60,143,289072.6095387097,281566.7402935484,278189.3931225806,45708.31209677419,302673.8463290322,326941.9743935484,321715.5778548387,176340.32688064515,46875.81581935484,0.002227631102562201,643.9471359072485,569.0
2022-02-01,용산구,2,569.0,481.0,963.0,60,143,284078.06397741934,276390.244532258,273802.02336129034,45203.89751935484,297461.60584516125,322326.4752580645,316198.5644451613,173177.0411064516,47177.89086774194,0.002227631102562201,632.821130871754,530.0
2022-03-01,용산구,3,530.0,544.0,1103.0,60,143,284050.15910357144,274832.33069642854,274754.5877428571,46288.900792857145,296288.76175,319133.8336464286,313422.8054464286,168038.676025,43875.506982142855,0.002227631102562201,632.7589691068574,646.0
2022-04-01,용산구,4,646.0,566.0,1133.0,60,143,287237.23375161295,277435.11161612906,277981.2206225806,44925.88599032258,298552.5688870968,319296.8168290322,314394.038083871,163041.6670064516,42131.93070322581,0.002227631102562201,639.8585957190221,652.0
2022-05-01,용산구,5,652.0,595.0,1193.0,60,143,291614.29758,282116.47146666667,279492.03948,47703.725326666674,304352.5100533333,328751.96583,322186.0075033333,185455.12628,49395.864010000005,0.002227631102562201,649.6090792410372,757.0
2022-06-01,용산구,6,757.0,665.0,1288.0,60,143,301214.3306483871,292687.98192903225,286850.2683064516,47189.818506451615,316308.8966322581,345111.4419935484,337441.28899032256,195814.33472258065,54914.63106451613,0.002227631102562201,670.9944114898018,705.0
2022-07-01,용산구,7,705.0,563.0,1182.0,60,143,301928.1184366666,293619.2840633333,287744.4768566667,47296.47911,317045.44811,346577.7480433333,338209.7096766667,193907.06631,54603.21305666667,0.002227631102562201,672.5844673676024,770.0
2022-08-01,용산구,8,770.0,555.0,1072.0,60,143,293079.1690290323,284757.5012064516,279581.3897967742,44173.52956774194,308055.67040967743,336210.2771709677,329022.7723516129,183934.4526516129,53192.50840322581,0.002227631102562201,652.8722724421568,800.0
2022-09-01,용산구,9,800.0,540.0,1157.0,60,143,290716.873916129,282056.7081064516,278178.64907096775,44172.40476774194,305549.9128387097,334084.23507096776,326316.1673225806,183797.47972258064,53625.28623548387,0.002227631102562201,647.6099503752228,718.0
2022-10-01,용산구,10,718.0,550.0,1169.0,60,143,292809.06891,281921.64810666663,278831.09294,44635.89268,306276.09685000003,331950.36174,325129.93599,183627.66048,52762.49338333333,0.002227631102562201,652.2705890161947,740.0
2022-11-01,용산구,11,740.0,510.0,1200.0,60,143,296586.6509903226,286209.3066,279585.6070612904,44436.12029354839,311346.8049096774,346972.69125806453,332011.0203806452,188458.2951322581,56125.62609354839,0.002227631102562201,660.6856483508029,700.0
2022-12-01,용산구,12,700.0,462.0,1137.0,60,143,288607.38517666666,281901.66241000005,275618.5802,43880.35339333334,305309.0903766667,335040.61962666665,328691.4776633333,186677.85058666667,53700.463696666666,0.002227631102562201,642.9107876486918,807.0
2023-01-01,용산구,1,807.0,569.0,1195.0,85,352,288418.93880967743,281796.1521483871,274606.9743548387,42113.854770967744,305131.1668935484,336036.2019548387,328528.28620322584,180049.85146451613,52713.67329032258,0.002227631102562201,642.4909986604217,630.0
2023-02-01,용산구,2,630.0,530.0,1226.0,85,352,283078.419267742,275830.30839677417,269873.3644129032,40233.45260645162,299084.42050322576,328911.01461290324,321492.8222548387,172528.89170645163,51690.46141935484,0.002227631102562201,630.5942912249651,544.0
2023-03-01,용산구,3,544.0,646.0,1624.0,85,352,288991.95559642854,284898.7358214286,274074.9446357143,40124.278778571424,307581.0383607144,342317.80765,333605.7542464285,184123.50015714284,57883.86954642857,0.002227631102562201,643.7674686768787,654.0
2023-04-01,용산구,4,654.0,652.0,1407.0,85,352,289509.86186451616,283822.2198774193,275079.5970451613,38661.08572903226,306824.01789677417,339191.3030967742,331063.83632580645,177801.83232903224,54097.4073032258,0.002227631102562201,644.9211727878826,681.0
2023-05-01,용산구,5,681.0,757.0,1447.0,85,352,290839.07032666664,283224.95876666665,276713.71357333334,41674.37632333334,307349.1103266666,337870.36268333334,330463.16633333336,185415.20341,55191.553686666666,0.002227631102562201,647.8821588999579,750.0
2023-06-01,용산구,6,750.0,705.0,1351.0,85,352,288951.1557064516,282159.6249483871,274439.42,41711.72346451613,306120.8158064516,338807.3506064516,330158.3399548387,183716.97957096776,54415.700461290326,0.002227631102562201,643.676581572985,743.0
2023-07-01,용산구,7,743.0,770.0,1638.0,85,352,290216.5944333334,283400.08602,274686.6948733333,42043.799946666666,307475.88851666666,340065.7420433333,331638.9002333333,185806.8484066667,55343.65088333333,0.002227631102562201,646.4955122393735,791.0
2023-08-01,용산구,8,791.0,800.0,1774.0,85,352,287615.1137354839,281468.4724096774,272686.2033290322,39698.92311290323,304896.98506774195,337173.6854354839,329091.6049483871,178179.61750967742,54638.15235483871,0.002227631102562201,640.7003729241288,798.0
2023-09-01,용산구,9,798.0,718.0,1523.0,85,352,285844.9523419355,279653.82343225804,270990.0334903226,38456.31784516129,302598.1879451613,334605.45872580644,326052.7177935484,175967.7308,54572.2806,0.002227631102562201,636.7571063473055,728.0
2023-10-01,용산구,10,728.0,740.0,1501.0,85,352,289870.67125,280771.87647666666,274314.0282,38635.310293333336,305414.9229033334,335760.74711,327176.8752233333,177300.7396633333,55598.12492666666,0.002227631102562201,645.7249229970828,728.0
2023-11-01,용산구,11,728.0,700.0,1465.0,85,352,289126.34485806455,280323.53695806453,274198.13125806453,39610.124706451614,305321.9213483871,340458.47586451616,327995.72845161293,179336.01408064517,55002.71854193549,0.002227631102562201,644.0668383759494,680.0
2023-12-01,용산구,12,680.0,807.0,1536.0,85,352,291579.0048,282937.9480566667,277452.26259,39818.43028666666,308046.02770333336,338951.6432666667,331099.85976333334,183294.05114,57220.22619,0.002227631102562201,649.5304599466132,734.0
2024-01-01,용산구,1,734.0,630.0,1294.0,58,171,293639.2990580645,284299.2204516129,277886.0145741936,38079.0563,310026.4678548387,342242.2158935484,332968.50417419354,177924.41877096775,57272.10548064516,0.002227631102562201,654.1200355163081,623.0
2024-02-01,용산구,2,623.0,544.0,1092.0,58,171,282910.094183871,275210.1456612903,267967.5710064516,35859.586141935484,298307.95930645167,327647.7316967742,319864.9704774193,165695.86468387098,52546.40599032258,0.002227631102562201,630.2193250327927,482.0
2024-03-01,용산구,3,482.0,654.0,1300.0,58,171,282315.15122068964,275557.35467586207,267382.44928620686,37734.9901,298713.8729724138,330016.5724724138,321672.08342758624,172187.20916551724,53930.58789310345,0.002227631102562201,628.8940115837593,503.0
2024-04-01,용산구,4,503.0,681.0,1380.0,58,171,287136.9025129032,280204.2962064516,272486.59077741933,36555.58233225806,304312.63835161296,338053.89862258063,328358.6685387097,174470.09052903226,54843.13816451613,0.002227631102562201,639.6350947311138,551.0
2024-05-01,용산구,5,551.0,750.0,1535.0,58,171,283140.4659966667,274927.9204633333,268182.93855333334,39765.31442,300233.5658066667,332788.71185,324163.9055366666,183112.30045,54516.98837333333,0.002227631102562201,630.7325084481299,586.0
2024-06-01,용산구,6,586.0,743.0,1491.0,58,171,279181.52025806456,272367.55315483874,263778.48366774194,37449.14357419355,296746.157383871,330203.5592580645,321336.64939354843,174090.54675483872,52821.2622,0.002227631102562201,621.9134377874637,553.0
2024-07-01,용산구,7,553.0,791.0,1558.0,58,171,278468.12744333333,271312.0533833333,262990.77360666665,38618.833743333336,295415.90379666665,328706.6171766667,319142.7907333333,176491.53038333336,54098.98933333333,0.002227631102562201,620.3242617650241,613.0
2024-08-01,용산구,8,613.0,798.0,1620.0,58,171,273999.42901290325,269828.3693096774,258247.9741064516,36248.80092580645,292736.09916774195,327675.6518548387,318967.4374,174040.15517096774,54517.23993225807,0.002227631102562201,610.3696501534271,574.0
2024-09-01,용산구,9,574.0,728.0,1468.0,58,171,272759.7602935484,268496.43192258064,257058.22094516127,36164.8663516129,291062.61961935484,326338.52902258065,316686.6227032258,174688.2186129032,56174.82057096775,0.002227631102562201,607.6081255573188,460.0
2024-10-01,용산구,10,460.0,728.0,1408.0,58,171,269925.64188666665,264208.51096,254121.48680666665,37099.03780666667,287159.02602,320792.4978866667,311285.76381000003,174728.34466333332,54725.64913666667,0.002227631102562201,601.294755245805,532.0
2024-11-01,용산구,11,532.0,680.0,1290.0,58,171,277496.2207903226,271876.66396451613,260010.73795483875,37298.562506451606,296931.2426354839,339086.1714612903,324140.273216129,183937.7075322581,58355.47678387097,0.002227631102562201,618.1592122759902,507.0
2024-12-01,용산구,12,507.0,734.0,1425.0,58,171,276685.1636766667,272220.77100666665,260014.47362666667,38422.23100333333,296308.5606133333,334070.25092333334,323781.3162966667,189437.44774333332,59564.33371666667,0.002227631102562201,616.352476223656,559.0
2025-01-01,용산구,1,559.0,623.0,1232.0,48,125,275730.34740645165,272155.3562580645,257583.44845483868,36903.48623548387,295477.2189935484,334191.5762903226,323122.8392290323,183050.47870645163,58588.34153548387,0.002227631102562201,614.2254978028925,502.0
2025-02-01,용산구,2,502.0,482.0,1112.0,48,125,268023.8381580645,264228.6842774193,252136.7684709677,35709.327332258064,286229.0370967742,323272.34143870964,311716.31562258065,172459.96680645162,55727.65778709677,0.002227631102562201,597.0582381090021,463.0
2025-03-01,용산구,3,463.0,503.0,1207.0,48,125,272317.44103928574,271154.3414357143,255344.88111785712,36742.09930357143,293019.22175714286,332298.2607107143,322001.7147678571,181471.4476,57987.70643214286,0.002227631102562201,606.6228014292612,489.0
2025-04-01,용산구,4,489.0,551.0,1244.0,48,125,275313.58877096773,271838.0148612903,258064.5554096774,35980.100296774195,294788.9532193548,332840.3687064516,322054.4634451613,177218.95833870966,55657.027322580645,0.002227631102562201,613.2971133042272,510.0
2025-05-01,용산구,5,510.0,586.0,1424.0,48,125,273716.64133333333,269340.7277166667,256877.04818333333,40352.29518666666,293288.54024666664,329842.68663333333,320689.19875000004,189364.91081333332,56282.81387333334,0.002227631102562201,609.7397035229958,563.0
2025-06-01,용산구,6,563.0,553.0,1374.0,48,125,272387.1107548387,269377.2430806452,254926.64678387097,37054.43263225807,292121.9801,330987.9400032258,319750.79720645165,181229.33707741936,56263.492348387095,0.002227631102562201,606.7779998545336,567.0
2025-07-01,용산구,7,567.0,613.0,1499.0,48,125,273015.0634633333,269564.88046333333,255742.2363533333,39086.30927,291954.81011666666,328590.10886,318470.45542666665,182630.63297,55125.67567333333,0.002227631102562201,608.1768468389143,614.0
2025-08-01,용산구,8,614.0,574.0,1553.0,48,125,271033.85891612904,270400.565583871,253075.63962580645,37004.8341516129,291823.5157548387,331012.0440483871,320929.0353483871,183706.5605645161,57808.21177096775,0.002227631102562201,603.7634539690246,638.0
2025-09-01,용산구,9,638.0,460.0,1225.0,48,125,271248.40676774195,270045.521783871,253549.8250935484,37000.21430000001,291728.83167741937,332544.7446419355,320401.4265548387,184759.7201548387,60207.086922580645,0.002227631102562201,604.2413874362653,642.0
2025-10-01,용산구,10,642.0,532.0,1276.0,48,125,275866.72364000004,273333.01008333336,256840.56693,38526.80429666666,295696.35454666667,336372.3112066667,323457.8378133334,192345.62271,60673.75609666667,0.002227631102562201,614.5292937423952,638.0
2025-11-01,용산구,11,638.0,507.0,1180.0,48,125,267436.61702258064,263085.6188096774,250853.15224193543,37059.27843870968,286115.5625870968,323773.5263709678,312266.0863806452,178717.47949032258,57212.46127419355,0.002227631102562201,595.7501260435164,621.0
2025-12-01,용산구,12,621.0,559.0,1310.0,48,125,276116.09629333334,272103.09702,259085.6857833333,38356.176263333335,295829.40143666667,334117.1850633333,323428.02863666666,186975.71467666663,58704.96577,0.002227631102562201,615.084804021089,630.0
2018-05-01,은평구,5,1117.0,1131.0,1794.0,267,276,489418.6593038461,448739.3684230769,396053.7391192308,124476.7761076923,456518.99622692313,510418.6952153846,410459.4679,196712.32389230767,32397.38424230769,0.0024380485678775748,1193.2264614083047,1285.0
2018-06-01,은평구,6,1285.0,1179.0,1817.0,267,276,485322.8436354839,446656.4466677419,394824.54083225806,122599.60614516128,454295.0380967742,508245.4703967742,409412.2031483871,194648.33251290323,32660.363993548388,0.0024380485678775748,1183.2406638837635,1256.0
2018-07-01,은평구,7,1256.0,1229.0,1961.0,267,276,489025.1996833333,450872.75394666666,403086.92726333335,124400.99970666668,458608.168,509143.03811,416024.32364,193489.8961,31769.493863333333,0.0024380485678775748,1192.2671877439957,1295.0
2018-08-01,은평구,8,1295.0,1248.0,1960.0,267,276,486912.9667354839,448010.7146806452,402023.6547,119645.46548387095,456291.6272290323,507835.823116129,413421.7519225807,188692.05363870968,32375.03793870968,0.0024380485678775748,1187.1174612304678,1290.0
2018-09-01,은평구,9,1290.0,1219.0,1901.0,267,276,480825.7311225807,444211.3906225807,398427.5187064517,119410.34569032256,452085.5317258065,502300.4604806452,410375.201832258,187647.83476129032,31256.10853548387,0.0024380485678775748,1172.2764851620957,1212.0
2018-10-01,은평구,10,1212.0,1116.0,1777.0,267,276,484716.0889066666,447930.1570666666,402152.69364,115114.38181666666,455813.1467633333,504416.84448666667,415349.0277533333,185326.55520666667,33640.608316666665,0.0024380485678775748,1181.7613663861177,1174.0
2018-11-01,은평구,11,1174.0,1138.0,1774.0,267,276,485599.2977645161,446440.5567967742,394536.94806774193,115772.07250967744,454355.90396774194,506518.8588225807,409103.8435096775,183966.6538193549,31452.98281612903,0.0024380485678775748,1183.9146724771344,1158.0
2018-12-01,은평구,12,1158.0,1312.0,1961.0,267,276,486392.09178,445617.7073233333,392265.83972,116379.14203333334,453670.6582933333,506724.51495,407860.6514100001,187795.93029666663,33093.69603333333,0.0024380485678775748,1185.847542791207,1302.0
2019-01-01,은평구,1,1302.0,1331.0,2068.0,233,216,486350.3262419354,450462.3492870968,407292.8996870968,115031.10914838708,458532.6797935484,504026.9384741936,419587.97475161287,183586.4103516129,32729.15169354839,0.0024380485678775748,1185.745716380942,1151.0
2019-02-01,은평구,2,1151.0,1068.0,1738.0,233,216,487361.8565774193,449619.5450548387,404538.1349290323,119957.73216129032,458143.8206838709,505124.01987419353,417238.5704580645,188474.71982903223,32167.44240645161,0.0024380485678775748,1188.2118764667332,996.0
2019-03-01,은평구,3,996.0,1158.0,1809.0,233,216,477387.42478214286,443313.06521785713,404394.1850964286,116567.43254642856,451942.3943178571,494751.8835571428,416319.3516785714,187637.00524285715,33819.75767142857,0.0024380485678775748,1163.8937273128668,1177.0
2019-04-01,은평구,4,1177.0,1117.0,1803.0,233,216,485152.45998387097,447204.9613129032,401002.0093225807,110564.77258064516,455671.10066451615,502944.6829032258,414397.1976096775,176694.0234451613,30415.35389032258,0.0024380485678775748,1182.825260265959,1181.0
2019-05-01,은평구,5,1181.0,1285.0,1970.0,233,216,478609.9526433333,438690.92250333336,388693.0147733333,119322.51987666666,446967.4321533333,497813.9932466667,402667.90346,189316.6169366667,31243.591846666663,0.0024380485678775748,1166.8743096140327,1242.0
2019-06-01,은평구,6,1242.0,1256.0,1958.0,233,216,463047.83142903226,424532.9036645161,377314.9200451613,104270.12504516129,432801.6579,481953.21681935486,390457.0149870968,169892.6872548387,29976.667961290324,0.0024380485678775748,1128.9331022743688,1192.0
2019-07-01,은평구,7,1192.0,1295.0,2024.0,233,216,463774.37514666666,427550.7569266667,384564.9109166667,100088.75975333332,435768.4639166667,482369.56371,396560.18821,163158.40043333333,29207.182793333333,0.0024380485678775748,1130.7044511446477,1314.0
2019-08-01,은평구,8,1314.0,1290.0,2033.0,233,216,457189.1911225806,419771.37480322586,377043.5207741935,97840.4045,428289.5343516129,476236.4087741936,387830.01490967744,157281.88648709678,28264.974322580645,0.0024380485678775748,1114.6494526655144,1280.0
2019-09-01,은평구,9,1280.0,1212.0,1827.0,233,216,469410.3154548387,432677.685416129,389639.0231,104813.71252903224,440877.3584322581,488879.5295483871,400931.2185967742,168018.69008709677,29821.280316129032,0.0024380485678775748,1144.44514734163,1303.0
2019-10-01,은평구,10,1303.0,1174.0,1847.0,233,216,471772.0891833333,435007.51337,390822.0369633333,108886.56525,443198.73895,490347.3490966667,403196.0486233333,178482.63378666667,33442.93821,0.0024380485678775748,1150.2032663980372,1247.0
2019-11-01,은평구,11,1247.0,1158.0,1728.0,233,216,472957.8094758064,430969.048483871,377542.6512193548,109518.73076129032,439060.5179854839,493063.9894032258,391604.3099306452,177353.79136612904,31450.96845,0.0024380485678775748,1153.0941100590048,1165.0
2019-12-01,은평구,12,1165.0,1302.0,1928.0,233,216,480475.70938,440367.7216066666,390073.70773,108075.10359,448453.18823,500395.9891566666,403621.65864,175587.23399333333,31587.60833,0.0024380485678775748,1171.4231151538709,1252.0
2020-01-01,은평구,1,1252.0,1151.0,1746.0,166,166,484691.08576129033,447280.2203451613,402620.446683871,114071.70357741936,455635.1800548387,503351.5575451613,414956.91208387096,185388.03320967744,33968.94475806452,0.0024380485678775748,1181.7004075033408,1266.0
2020-02-01,은평구,2,1266.0,996.0,1513.0,166,166,486843.3477774193,450119.9991870968,407782.6272935484,114131.0594967742,459034.14351612906,504816.8135870968,420101.2575419355,185448.4115064516,34715.189380645155,0.0024380485678775748,1186.9477268294613,1019.0
2020-03-01,은평구,3,1019.0,1177.0,1784.0,166,166,493863.1118448276,456938.3790655172,416324.4986758621,113648.74982068966,466135.3070827586,510092.5061793103,427316.3804275863,176111.8166,28887.83777586207,0.0024380485678775748,1204.0622525608444,873.0
2020-04-01,은평구,4,873.0,1181.0,1747.0,166,166,491498.6043129032,456558.213716129,416790.7115419355,112000.36596774196,465299.1627741936,506433.08365483873,428619.9446225806,168870.84858064516,25063.19324516129,0.0024380485678775748,1198.2974683589005,885.0
2020-05-01,은평구,5,885.0,1242.0,1875.0,166,166,489102.9444133333,454006.63281,413796.1298,114825.33926666666,462627.18336,505224.5104833333,425561.1178933334,178453.89437333334,28254.778486666663,0.0024380485678775748,1192.4567331716323,948.0
2020-06-01,은평구,6,948.0,1192.0,1797.0,166,166,483669.19565806456,449314.76990967744,409258.6542741936,113836.89116129032,457476.69123870967,500247.2511741935,420807.1850516129,178755.86223225805,29820.514396774197,0.0024380485678775748,1179.2089898006427,952.0
2020-07-01,은평구,7,952.0,1314.0,1954.0,166,166,482271.7042066667,445465.2498000001,403639.35584333335,113561.43271333331,453829.5036133333,500608.66346,414010.42279,179308.70991333332,29595.538496666664,0.0024380485678775748,1175.8018377689411,1053.0
2020-08-01,은평구,8,1053.0,1280.0,1930.0,166,166,482577.1882,446054.30092580646,403056.180116129,111648.2369483871,453941.09029677423,501624.7714935484,413850.5532645161,176990.47398064515,29343.462441935484,0.0024380485678775748,1176.5466225813968,1130.0
2020-09-01,은평구,9,1130.0,1303.0,1888.0,166,166,481651.34710322577,448270.7315193548,411604.51296774193,110056.71662258064,456540.9149322581,497990.58007741935,421386.3098774194,171461.21831612903,27405.871993548382,0.0024380485678775748,1174.2893770213243,1006.0
2020-10-01,은평구,10,1006.0,1247.0,1828.0,166,166,485679.1496066666,451085.5502366666,411222.95355,110048.38784666666,459086.0667633333,502211.08176,421855.7508066667,171176.40322666668,27336.65955666667,0.0024380485678775748,1184.109355146532,1050.0
2020-11-01,은평구,11,1050.0,1165.0,1675.0,166,166,479696.5474838709,444399.9120806452,400928.9986290322,110762.3969935484,452064.3784451613,497624.9668032258,413379.3418032258,176296.90691935483,30272.389212903225,0.0024380485678775748,1169.5234806088683,966.0
2020-12-01,은평구,12,966.0,1252.0,1780.0,166,166,478817.64805,442124.27063,398057.35927,110814.27807333332,450177.7340633333,496614.6485033333,410081.8544933333,174315.18431333333,29316.16907,0.0024380485678775748,1167.3806811028112,867.0
2021-01-01,은평구,1,867.0,1266.0,1837.0,143,159,482503.8294193548,450209.3776,413321.2413870968,106899.25620967742,458019.84374516126,495724.46698064514,423742.2637967742,165383.70108709676,26694.098661290325,0.0024380485678775748,1176.3677703113035,906.0
2021-02-01,은평구,2,906.0,1019.0,1586.0,143,159,483941.4583483871,452221.5878096775,415563.3271548387,110118.34471612902,459995.3800290322,496383.53946451616,426470.8703677419,169253.37523225803,27336.50016451613,0.0024380485678775748,1179.87277946287,838.0
2021-03-01,은평구,3,838.0,873.0,1482.0,143,159,477725.0605107143,444855.6634107143,404172.7672392857,110491.68992142857,452148.949275,492072.2354785714,416342.3935464286,173446.5345,29526.662092857143,0.0024380485678775748,1164.7168996173748,937.0
2021-04-01,은평구,4,937.0,885.0,1484.0,143,159,476105.4064870968,440046.8763870968,395001.60683225805,109045.68574193548,447463.8210741935,492782.9085483871,407365.6014774194,171190.61453870966,28688.295506451614,0.0024380485678775748,1160.768104444637,985.0
2021-05-01,은평구,5,985.0,948.0,1510.0,143,159,470855.11593,434399.05803666665,387848.0889733333,113529.47487666667,441539.0151333333,488123.2448833333,400496.47402,177990.83185666666,29444.43121,0.0024380485678775748,1147.967641070966,1118.0
2021-06-01,은평구,6,1118.0,952.0,1591.0,143,159,470166.6925064516,436171.87192258064,394179.562116129,110796.6485032258,443423.2927225807,486930.8309096774,405982.5330451613,175115.32502903225,29630.691183870968,0.0024380485678775748,1146.2892313290904,1228.0
2021-07-01,은평구,7,1228.0,1053.0,1712.0,143,159,468972.3326566666,433479.91874,389796.66638666665,111996.91333333332,440615.40184,486376.33858,400915.69871666667,177129.55988333334,30002.136296666667,0.0024380485678775748,1143.3773240077915,1140.0
2021-08-01,은평구,8,1140.0,1130.0,1901.0,143,159,466254.46647096775,433453.7436,395391.26959032257,107087.76662580644,440749.3330548387,482030.4908741936,405042.1462903226,167606.37655161292,27920.842393548384,0.0024380485678775748,1136.7510342460657,1160.0
2021-09-01,은평구,9,1160.0,1006.0,1653.0,143,159,462063.7297064516,429920.84533870965,392297.7778032258,104060.33013225808,437366.483967742,476419.9108677419,402790.3399193548,163043.0516580645,27218.953806451613,0.0024380485678775748,1126.533814478985,1091.0
2021-10-01,은평구,10,1091.0,1050.0,1716.0,143,159,461305.52802333335,429230.75959333335,391077.3882533333,104212.18662666666,436443.58781,476614.9077833333,401636.87150666665,167921.47508333335,30180.689356666662,0.0024380485678775748,1124.6852819512962,1051.0
2021-11-01,은평구,11,1051.0,966.0,1544.0,143,159,461431.75901290326,428317.1030225807,386721.0811870968,103098.37816451614,435301.45434516127,477307.6807096774,398719.0278354839,164637.8457032258,28729.32395483871,0.0024380485678775748,1124.993039234639,1066.0
2021-12-01,은평구,12,1066.0,867.0,1403.0,143,159,461089.1512266667,425969.32620666665,381412.71501,105410.98478,432815.5447966667,478233.0089266666,393232.49579,169995.9640466667,30368.21067333333,0.0024380485678775748,1124.1577448120613,992.0
2022-01-01,은평구,1,992.0,906.0,1568.0,113,119,468515.3450870968,434475.1295387097,392542.44637419353,98208.37843548389,441560.0799258065,483836.467932258,403822.7087258064,162414.7216516129,29555.8869516129,0.0024380485678775748,1142.263166118264,1111.0
2022-02-01,은평구,2,1111.0,838.0,1441.0,113,119,469459.78749677417,436032.7642387096,395078.53570967744,98615.28851935484,443316.5894032258,483735.8239645161,406716.1120741936,162346.28814193548,30539.58413870968,0.0024380485678775748,1144.565762582621,1072.0
2022-03-01,은평구,3,1072.0,937.0,1601.0,113,119,472298.3805214286,440390.681125,402251.4769607143,98671.40812857143,447696.7277321429,486174.4375571428,413254.4138428572,161085.9584464286,29417.548378571428,0.0024380485678775748,1151.4863902411669,1167.0
2022-04-01,은평구,4,1167.0,985.0,1597.0,113,119,473064.2591709677,440779.33468387095,401108.9139322581,97092.4993,447893.9449677419,487125.2827193549,412655.5050870968,156945.43428387097,27828.1742,0.0024380485678775748,1153.3536395858437,1148.0
2022-05-01,은평구,5,1148.0,1118.0,1831.0,113,119,465372.2283333333,429163.06783666665,382379.74225,101812.0214,436289.7526033333,482456.22771666665,395574.2865766667,166530.95145666666,30004.348103333334,0.0024380485678775748,1134.600094818079,1187.0
2022-06-01,은평구,6,1187.0,1228.0,1945.0,113,119,468011.2375193549,430258.9952612904,381407.08021290327,100932.18878064516,437521.4754774194,487379.46659032255,394835.808616129,166855.1193483871,31297.60390322581,0.0024380485678775748,1141.0341273846748,1184.0
2022-07-01,은평구,7,1184.0,1140.0,1852.0,113,119,475626.08395,438633.7926333333,391378.5076333333,101742.89199,445951.39225,494584.35396,404406.82387,168599.63375333333,31462.08011,0.0024380485678775748,1159.5994928195166,1342.0
2022-08-01,은평구,8,1342.0,1160.0,1844.0,113,119,462143.4388516129,427088.5842548387,383792.82583870966,97122.34205806452,434124.0052032258,480054.5610451613,394896.79807419353,160480.4933516129,30429.037958064517,0.0024380485678775748,1126.7281492461925,1444.0
2022-09-01,은평구,9,1444.0,1091.0,1851.0,113,119,455550.5462967742,420834.61993870966,377071.1442741936,96308.95468387096,427596.5518709678,472610.43647741934,388460.959667742,156885.74918064516,28565.65007741936,0.0024380485678775748,1110.654356994697,1252.0
2022-10-01,은평구,10,1252.0,1051.0,1736.0,113,119,456728.93396,420751.74651666667,374444.15691,94803.49659,427623.7989133333,475055.83464,386876.6098566667,158227.27203,30920.047123333334,0.0024380485678775748,1113.5273233494295,1332.0
2022-11-01,은평구,11,1332.0,1066.0,1772.0,113,119,457196.0688,421143.36932258063,373234.5442,91957.1485967742,427969.2336419355,474842.8232290322,387051.664416129,152549.18497419354,28982.2821,0.0024380485678775748,1114.6662207770971,1192.0
2022-12-01,은평구,12,1192.0,992.0,1952.0,113,119,456888.4088833333,419546.74241666665,370218.59207,94325.72447666668,426289.30261,474621.25072,383450.55383333337,156612.21908666665,29638.92639333333,0.0024380485678775748,1113.9161309578747,1347.0
2023-01-01,은평구,1,1347.0,1111.0,1851.0,63,152,459627.8358516129,425374.2171290323,381856.7175548388,91815.51258387096,432175.48938387097,475547.2211258065,393742.2043129032,153744.20718064517,30067.21313870968,0.0024380485678775748,1120.594986954694,1246.0
2023-02-01,은평구,2,1246.0,1072.0,1881.0,63,152,458861.5582903226,425846.54647096776,385114.52106451616,91696.19429354838,432958.9145870968,474582.37700322585,396695.21340322576,154078.52403225808,31334.765416129037,0.0024380485678775748,1118.7267650437934,979.0
2023-03-01,은평구,3,979.0,1167.0,2483.0,63,152,459627.34717857145,423620.7484428571,377468.6263785714,93194.36378928572,430602.1875535714,476427.6052178572,389966.9640535714,155207.66227857143,30503.625003571426,0.0024380485678775748,1120.593795546085,1184.0
2023-04-01,은평구,4,1184.0,1148.0,2004.0,63,152,456739.4956096775,419843.4185935484,371221.4897967742,89574.0595032258,426600.9165064516,473943.5957064516,384406.9057612904,151054.55236451613,29745.873535483872,0.0024380485678775748,1113.5530731643,1276.0
2023-05-01,은평구,5,1276.0,1187.0,1955.0,63,152,453994.3406266667,417460.6004733333,368927.13652,94407.90610333331,424122.149,471418.6394433333,382301.08075666666,158594.76093666666,30928.40958,0.0024380485678775748,1106.8602519893686,1332.0
2023-06-01,은평구,6,1332.0,1184.0,1916.0,63,152,450014.0169741936,414229.40026774193,366925.194316129,90797.30188387095,420685.7713451613,468327.9730903226,379626.2274612903,153749.85502903227,30191.518129032254,0.0024380485678775748,1097.1560296087673,1183.0
2023-07-01,은평구,7,1183.0,1342.0,2171.0,63,152,450445.94652,414781.1112766667,368801.65671,92319.40913,421366.50489,468795.0508,380655.2866133333,154922.4589666667,29897.13179,0.0024380485678775748,1098.2090948193447,1327.0
2023-08-01,은평구,8,1327.0,1444.0,2374.0,63,152,452482.069383871,417829.0685967742,374900.7273645161,89561.20288064516,424690.91637096775,470458.00268387096,385783.3021709677,152075.1355451613,30356.87321290323,0.0024380485678775748,1103.173261251628,1332.0
2023-09-01,은평구,9,1332.0,1252.0,2124.0,63,152,449464.2935193548,414616.6475451613,370456.3243451613,89399.3000483871,421229.04480645165,467720.4045322581,381699.6966064516,151063.5221096774,29215.679587096773,0.0024380485678775748,1095.815777126969,1287.0
2023-10-01,은평구,10,1287.0,1332.0,2104.0,63,152,454281.0006100001,418810.11320666666,373054.82253,89550.94229666666,425520.1994166666,473899.6010833334,385255.07774,155327.64554,31972.24973,0.0024380485678775748,1107.5591429512024,1221.0
2023-11-01,은평구,11,1221.0,1192.0,2031.0,63,152,452948.5306483871,416818.6623677419,368666.8930225806,89576.08375806452,423498.9540870968,470906.7140935484,382269.5468967742,152205.2167451613,30256.910103225808,0.0024380485678775748,1104.3105164695519,1181.0
2023-12-01,은평구,12,1181.0,1347.0,2223.0,63,152,456963.4204,418942.00458,368670.5071866667,91036.96374333333,425672.71334666666,477075.2140466666,381865.72348,158319.52962333334,33014.33087666667,0.0024380485678775748,1114.0990126786583,1330.0
2024-01-01,은평구,1,1330.0,1246.0,2082.0,111,210,465724.8756032258,429543.56615806447,384318.6030225807,88802.79329032259,437092.4735483871,486759.8544032258,397007.11068387097,158364.71476451613,35651.02022580645,0.0024380485678775748,1135.4598659894064,1215.0
2024-02-01,은평구,2,1215.0,979.0,1683.0,111,210,458959.473883871,424366.3360354839,379169.69819032255,86383.10338387097,431357.0017870967,478887.1768064517,392713.54087741935,151028.21079354838,33389.54291935484,0.0024380485678775748,1118.9654880164169,973.0
2024-03-01,은평구,3,973.0,1184.0,2010.0,111,210,459968.49122068967,425202.1112137931,380448.0463103448,90244.36370689656,432325.6089965517,476806.31919310347,393625.5738862069,156851.92622413795,33842.8334,0.0024380485678775748,1121.4255212894113,1010.0
2024-04-01,은평구,4,1010.0,1276.0,2119.0,111,210,457990.8545096775,421946.73288064514,373916.425916129,89088.04186129032,428766.8383,474861.0641967742,387853.21561612905,153521.7301483871,31939.758512903227,0.0024380485678775748,1116.6039469383459,1053.0
2024-05-01,은평구,5,1053.0,1332.0,2227.0,111,210,453087.6341266667,415275.6128433333,364460.8138633333,94191.79347333334,422031.4722866667,471879.32912,378552.8457066667,158415.57481666666,30331.914256666667,0.0024380485678775748,1104.6496575055583,1068.0
2024-06-01,은평구,6,1068.0,1183.0,2114.0,111,210,450684.2976096774,414125.468683871,365583.7407516129,82978.43995483872,420823.6483258065,469034.8128870968,379018.7393258064,143772.84751612903,28966.251606451613,0.0024380485678775748,1098.7902063521847,1132.0
2024-07-01,은평구,7,1132.0,1327.0,2274.0,111,210,451862.77039666666,416817.02969,371632.30989333335,82934.89473,423612.8791166667,469829.01078,384063.0313166667,145938.20107333333,30530.98806333333,0.0024380485678775748,1101.6633802427866,1133.0
2024-08-01,은평구,8,1133.0,1332.0,2276.0,111,210,455592.4528064517,419209.4177580645,373381.973,81743.72578387096,426334.9641290323,473637.80687741935,385374.4800129032,144517.61297419356,30575.40582580645,0.0024380485678775748,1110.7565271006013,1171.0
2024-09-01,은평구,9,1171.0,1287.0,2149.0,111,210,451856.0633612903,417309.8546387096,374909.2299387097,83723.7664032258,424382.2273548388,469650.8251580645,385918.85695483873,147259.80417096775,30773.725367741936,0.0024380485678775748,1101.6470281647926,980.0
2024-10-01,은평구,10,980.0,1221.0,2065.0,111,210,450325.3514666667,416158.19053,373819.87357,86709.61084333334,423320.0669,468600.36397,385512.66853,153247.41986,32455.95155333333,0.0024380485678775748,1097.9150782222723,1010.0
2024-11-01,은평구,11,1010.0,1181.0,1991.0,111,210,452884.9772064517,415767.9587935484,367862.5021548387,85256.47991612904,423077.9779129032,471116.4512193549,381348.1789419355,149247.54583225807,30588.916322580644,0.0024380485678775748,1104.1555700914578,1002.0
2024-12-01,은평구,12,1002.0,1330.0,2278.0,111,210,452761.97683,415735.8149433333,366909.66739,86642.29034,422728.19217,471185.8649666666,380680.8936666667,153862.5652466667,32064.943160000003,0.0024380485678775748,1103.8556891998012,984.0
2025-01-01,은평구,1,984.0,1215.0,2001.0,92,190,453811.93938709673,419303.4622677419,375153.0836935484,84741.59525483871,426388.93006451614,471412.9506387097,387996.7170129032,150799.846983871,32390.83397419355,0.0024380485678775748,1106.415548908456,998.0
2025-02-01,은평구,2,998.0,973.0,1700.0,92,190,456381.2677096775,424103.9039967742,384643.7287483871,83740.89777741936,431324.62048387097,472074.640116129,396245.3143709677,148765.13626129032,32357.71885483871,0.0024380485678775748,1112.6796961457312,898.0
2025-03-01,은평구,3,898.0,1010.0,1879.0,92,190,459341.008525,423261.7395571429,377273.0712642857,86038.28271428573,430429.6619535714,475853.500825,389953.7767714286,148047.61376785714,29751.64199642857,0.0024380485678775748,1119.8956880018172,963.0
2025-04-01,은평구,4,963.0,1053.0,1913.0,92,190,456128.5188806452,420389.62973870966,374156.9925774193,83506.55011290322,427415.35029677424,472993.4490516129,387216.9142516129,146495.96162258065,30077.08592903226,0.0024380485678775748,1112.0634822250763,896.0
2025-05-01,은평구,5,896.0,1068.0,1989.0,92,190,452197.67330666666,414392.29636,365381.2801166667,90057.87042666666,421513.00419,470216.97642,378554.4674566667,156380.80478,31119.942996666665,0.0024380485678775748,1102.47988980289,944.0
2025-06-01,은평구,6,944.0,1132.0,2010.0,92,190,446680.9292645161,411163.37075161294,365423.7423516129,85525.20410322581,418114.32042903226,464882.3129483871,378121.0681032258,150095.2548935484,30696.826632258064,0.0024380485678775748,1089.0297998915778,989.0
2025-07-01,은평구,7,989.0,1133.0,2095.0,92,190,448765.46038,414313.55701,370667.62511666666,88495.24879666667,421151.2943433333,466404.0227166666,382491.4618933333,152886.04797666665,30584.894226666667,0.0024380485678775748,1094.1119879923795,1056.0
2025-08-01,은평구,8,1056.0,1171.0,2303.0,92,190,447634.41399032256,411831.82777741936,367239.8124580645,87135.56192580645,418873.4666935484,465663.1847548387,378608.1404903226,150602.58162903227,30583.08882903226,0.0024380485678775748,1091.3544419618233,1105.0
2025-09-01,은평구,9,1105.0,980.0,1889.0,92,190,444072.3224451613,410593.834467742,368925.0691548387,87715.19623225807,417361.87846451614,461698.9236741936,379967.2569225807,151044.87846451614,30143.43359032258,0.0024380485678775748,1082.6698897714941,1101.0
2025-10-01,은평구,10,1101.0,1010.0,1882.0,92,190,444817.34592,408321.65931,360657.8023266667,88134.31773,414943.0314733333,463588.29127,373118.99124,152583.79106999998,30592.272413333336,0.0024380485678775748,1084.4862931873597,1041.0
2025-11-01,은평구,11,1041.0,1002.0,1796.0,92,190,440860.4359032258,406342.0728967742,361508.0855096775,82945.73701935484,413163.1546225806,461515.96512258064,374386.9608354839,146791.17227741933,31100.669,0.0024380485678775748,1074.839154387743,1032.0
2025-12-01,은평구,12,1032.0,984.0,1893.0,92,190,444694.5319333334,409183.8375033333,362290.4173566667,85032.84936666668,415836.17505,462828.37589,375434.4754266667,147584.50800333332,29780.67839,0.0024380485678775748,1084.186866723052,1070.0
2018-05-01,종로구,5,902.0,965.0,1631.0,110,151,306203.8083384616,342123.8175423077,268618.82828846155,43392.72295384616,379032.1557038461,523693.8974384616,480991.8420307692,343196.2579269231,89902.41188076923,0.00293635651806606,899.1235484712923,1015.0
2018-06-01,종로구,6,1015.0,971.0,1698.0,110,151,303773.4093451613,343912.2941903226,267030.9039870968,42881.61322258064,378427.4131967742,527388.230583871,481636.91516774194,341407.1206516129,92738.2235516129,0.00293635651806606,891.9870305458137,1010.0
2018-07-01,종로구,7,1010.0,1010.0,1745.0,110,151,293428.77441333333,327129.9418033333,257891.42050333333,40064.81508666666,359478.47442,490746.4948366667,451948.0544333333,309227.59150333336,81870.20898666668,0.00293635651806606,861.6114943367269,1102.0
2018-08-01,종로구,8,1102.0,974.0,1670.0,110,151,281694.6852935484,313531.3950677419,249053.7086483871,39182.68438387097,343811.1416580645,461851.8428096774,430774.1805709677,295815.8461096774,77641.51642258064,0.00293635651806606,827.1560252662783,1036.0
2018-09-01,종로구,9,1036.0,982.0,1699.0,110,151,274517.3029451613,304753.67181612906,244165.2042709677,38876.28679032258,334826.9419806452,449744.6668451613,418288.2567129032,293768.60587096773,76619.70444193548,0.00293635651806606,806.0806718249396,915.0
2018-10-01,종로구,10,915.0,959.0,1681.0,110,151,284252.7804133333,311999.51827,253334.88841,36730.06943333334,346000.73034666665,472492.25131666666,432447.86026,295794.5843333333,81591.25751,0.00293635651806606,834.6675045450918,918.0
2018-11-01,종로구,11,918.0,911.0,1596.0,110,151,292347.0748612903,326460.3240967742,260396.6868935484,37824.99039032258,362251.8399709678,505584.0920096774,459053.56605483865,317908.8232483871,88718.6723,0.00293635651806606,858.435238806496,852.0
2018-12-01,종로구,12,852.0,1036.0,1765.0,110,151,297589.42155,330187.3892533333,262323.5008633333,38467.09774333333,366392.94653666666,506835.0344066667,462717.8815566666,327055.78396666667,90292.07442333334,0.00293635651806606,873.8286376758509,954.0
2019-01-01,종로구,1,954.0,1023.0,1759.0,84,181,288338.5201354839,314873.3088451613,254546.21399032255,37812.58864193549,349729.8822677419,474580.1432580645,435677.78926451615,297851.1271451613,82164.05987741935,0.00293635651806606,846.6646930093499,822.0
2019-02-01,종로구,2,822.0,841.0,1445.0,84,181,275072.4563806452,307743.1344967742,243901.3888870968,38843.78936451613,338030.20441612904,466578.87772903225,426171.0516483871,309801.35992580646,86022.25580322581,0.00293635651806606,807.7108002337495,745.0
2019-03-01,종로구,3,745.0,900.0,1620.0,84,181,264764.42935,291767.1079392857,236665.5412857143,36645.9516,320851.5747642857,438818.9375785714,399373.5783321429,287736.21113571426,81209.29794285714,0.00293635651806606,777.4427578739133,826.0
2019-04-01,종로구,4,826.0,902.0,1599.0,84,181,284205.2417612903,314102.9137838709,254012.2786419355,34451.560348387095,346945.36988387094,475204.43977096776,434781.5492967742,287676.99052580644,80464.39072903227,0.00293635651806606,834.5279141143051,833.0
2019-05-01,종로구,5,833.0,1015.0,1811.0,84,181,284931.0392966667,315552.93712,253930.42511,39185.522286666666,349683.17495666665,481426.8590366666,440336.16489,315806.25770666666,84031.25421666667,0.00293635651806606,836.6591144381039,942.0
2019-06-01,종로구,6,942.0,1010.0,1828.0,84,181,279190.8990354839,309013.9178419355,248359.7317967742,36017.693151612904,342521.9268903226,470848.2124258064,431185.3658967742,291101.16045806446,81070.31960967742,0.00293635651806606,819.8040161675664,904.0
2019-07-01,종로구,7,904.0,1102.0,1867.0,84,181,274125.96169,297878.5840566667,245353.4903433333,34242.36361,330377.8425,443409.29176000005,409130.47565333336,265607.8099033333,71918.88048,0.00293635651806606,804.9315543795586,953.0
2019-08-01,종로구,8,953.0,1036.0,1926.0,84,181,265078.87650645163,294926.5075870968,235234.66996129032,30495.555648387097,324134.82135161286,438370.2714967742,406813.14414193545,252748.49691612905,69905.44904838709,0.00293635651806606,778.3660868313474,948.0
2019-09-01,종로구,9,948.0,915.0,1670.0,84,181,271966.4856870968,299676.2127645161,242809.883216129,32075.32621935484,329357.8284967742,443618.3320580645,409705.7084225806,264371.4077483871,74600.75973225807,0.00293635651806606,798.5905629428264,865.0
2019-10-01,종로구,10,865.0,918.0,1658.0,84,181,279418.30425333336,305231.0970633334,249871.36231666667,33179.714256666666,338801.4743,459012.87303,421937.91239,281418.14841666666,79369.42283333333,0.00293635651806606,820.4717589612409,961.0
2019-11-01,종로구,11,961.0,852.0,1544.0,84,181,287421.0191629032,325827.4482612903,253575.2047887097,33558.344659677416,362284.8499274194,516572.96132903226,467094.2129693549,324348.93369032256,93255.5166967742,0.00293635651806606,843.9705830481806,934.0
2019-12-01,종로구,12,934.0,954.0,1767.0,84,181,286054.22361,317609.6126066667,253600.3590366667,32350.055996666662,353387.87701,490715.1279800001,447654.9917933333,304312.56611,87249.67480666666,0.00293635651806606,839.9571840175497,912.0
2020-01-01,종로구,1,912.0,822.0,1428.0,97,130,283396.9918677419,310594.9880870968,250909.8664483871,34291.64023225806,345149.87300967745,470727.1328516129,431603.90660322586,303252.80126451614,86051.59527096774,0.00293635651806606,832.1546042711582,832.0
2020-02-01,종로구,2,832.0,745.0,1299.0,97,130,262829.40341612906,289418.1998064516,235829.32412258064,33261.01487419355,319075.13143548387,435236.4142419355,397819.1506741936,282013.343267742,79743.03116774194,0.00293635651806606,771.7608318603645,629.0
2020-03-01,종로구,3,629.0,826.0,1499.0,97,130,258894.41713793104,283793.6094034483,234543.93304827588,34336.185489655174,310324.9667724137,408632.36273103446,382327.7362758621,257432.9498586207,64458.04483448276,0.00293635651806606,760.2063092538773,489.0
2020-04-01,종로구,4,489.0,833.0,1468.0,97,130,243882.5097645161,265353.3741,224847.02057419356,33391.59871612903,285991.8058548387,366184.5269967742,344944.8203612903,224081.5686612903,51507.14598709677,0.00293635651806606,716.1259971893463,575.0
2020-05-01,종로구,5,575.0,942.0,1669.0,97,130,245209.47824,272074.21874000004,224369.9600233333,34910.85788333333,290488.38319333334,378167.09042,353878.8501366667,244638.47693333332,58268.22479666666,0.00293635651806606,720.0224497216017,652.0
2020-06-01,종로구,6,652.0,904.0,1600.0,97,130,246784.0203870968,275369.4631870968,224041.55252903223,35120.434941935484,293561.87420322583,384563.6928258065,359050.869532258,250973.1755741936,61393.5806483871,0.00293635651806606,724.6458668181991,721.0
2020-07-01,종로구,7,721.0,953.0,1678.0,97,130,253677.12110666663,285128.00513,228046.45645666667,35429.73059666667,304648.96323,400021.1871033333,376009.54219,263864.94634333334,63790.67519,0.00293635651806606,744.8864680457938,744.0
2020-08-01,종로구,8,744.0,948.0,1673.0,97,130,255667.9156258065,288884.58744516125,229038.4933516129,34642.35719677419,307947.4820806452,407005.4117870968,381138.8751483871,267219.0620806452,66261.45606774194,0.00293635651806606,750.7321505082003,690.0
2020-09-01,종로구,9,690.0,865.0,1689.0,97,130,245814.9070129032,267153.2492645161,225866.26755483876,33636.17489032258,287503.1764774193,367454.835867742,345866.7537548387,232279.23081290323,55976.15282903225,0.00293635651806606,721.8002044451407,602.0
2020-10-01,종로구,10,602.0,961.0,1765.0,97,130,244506.44218333333,266557.66003666667,225172.4538433333,33730.42597333333,286807.74855,367708.74499333336,346029.57744333334,230845.89573,53300.88339,0.00293635651806606,717.958085214173,665.0
2020-11-01,종로구,11,665.0,934.0,1642.0,97,130,248566.68541290323,276902.0718741936,225260.32810967744,34485.74715161291,295850.67443225806,389207.1971258064,362048.2590612903,255907.1578516129,64190.56059032258,0.00293635651806606,729.8804068862541,631.0
2020-12-01,종로구,12,631.0,912.0,1602.0,97,130,250990.87192333332,280931.5343266667,227721.10821333333,35053.18999,300949.85688,398412.92275,370892.4358166667,261583.46781,64964.24698,0.00293635651806606,736.9986827471635,547.0
2021-01-01,종로구,1,547.0,832.0,1402.0,65,119,235111.19987741936,255716.99864193547,219379.11588387095,32825.2224,273887.8066935484,347955.43410645163,328175.0562096774,212183.6343741936,47877.04674516129,0.00293635651806606,690.3703042303925,513.0
2021-02-01,종로구,2,513.0,629.0,1249.0,65,119,230554.96872903223,252005.9686483871,215287.29232258064,33452.144661290324,268758.06197419355,343302.58132903225,322242.39252580644,215446.7455322581,49955.44779677419,0.00293635651806606,676.9915852000104,576.0
2021-03-01,종로구,3,576.0,489.0,1018.0,65,119,234832.93369642855,259628.6901285714,216409.35912142857,33656.73639285714,277923.8072035714,363817.93434642855,338251.03010000003,236856.9070428571,59339.940735714285,0.00293635651806606,689.5532155160828,595.0
2021-04-01,종로구,4,595.0,575.0,1150.0,65,119,247272.13674193548,277142.2325774193,224594.71198387092,33875.23040645161,296989.0409806452,393173.85987096775,366592.7068967742,253838.1597548387,64639.83497741936,0.00293635651806606,726.0791504583043,667.0
2021-05-01,종로구,5,667.0,652.0,1340.0,65,119,244970.02525,276899.0066266667,221850.92671,36313.120630000005,294800.91389666667,390679.1272533333,364564.1579966667,264084.08337,64260.557856666666,0.00293635651806606,719.3193303736448,716.0
2021-06-01,종로구,6,716.0,721.0,1442.0,65,119,243294.2726096774,271044.4809064516,221383.8175580645,35645.85046451613,289514.1898322581,380476.4054548387,354222.07395806455,249225.8704903226,61598.799506451614,0.00293635651806606,714.3987231855671,814.0
2021-07-01,종로구,7,814.0,744.0,1484.0,65,119,244733.3199133333,276007.75053,221432.13848666663,35828.692200000005,294342.0578733333,388653.4583033333,363794.29104,259777.95294666663,64825.40708,0.00293635651806606,718.6242791154625,672.0
2021-08-01,종로구,8,672.0,690.0,1403.0,65,119,236124.91067419355,261693.67363225803,216843.48323870968,32963.92397096774,278791.76752580644,359687.43348387093,338525.3671290322,230893.16552903227,55532.08960645161,0.00293635651806606,693.3469205359344,716.0
2021-09-01,종로구,9,716.0,602.0,1141.0,65,119,234618.85636451613,255941.1788516129,217022.02026451612,31876.105354838703,275721.6785870968,356139.155967742,333265.629716129,225007.1939580645,54953.23982903225,0.00293635651806606,688.9246081471516,742.0
2021-10-01,종로구,10,742.0,665.0,1354.0,65,119,236461.6756033333,258690.6076233333,217492.32402333332,31540.12406,279122.01448333333,364144.3999266667,338846.4889333333,231776.98819666667,58424.064483333335,0.00293635651806606,694.33578243067,703.0
2021-11-01,종로구,11,703.0,631.0,1164.0,65,119,239461.36893548383,266078.2108838709,219774.30950967743,31652.76241935484,284639.9334645161,376175.9263935484,347889.92381612904,239960.10263870968,61750.59105161291,0.00293635651806606,703.1439514987294,703.0
2021-12-01,종로구,12,703.0,547.0,1007.0,65,119,246901.44222666667,277856.7993633333,222567.39042333333,32885.12339,296732.94937,396851.6988333333,366497.0593800001,263623.78833,70326.09022,0.00293635651806606,724.9906592021833,652.0
2022-01-01,종로구,1,652.0,513.0,1089.0,69,114,240994.64258387097,267465.1869451613,220242.5696451613,30985.76781935484,285601.61814838706,373092.5336096774,348051.3839451613,237099.9395451613,60265.88092580645,0.00293635651806606,707.64618957015,637.0
2022-02-01,종로구,2,637.0,576.0,1102.0,69,114,231623.1170967742,257426.95063870968,213759.32159677416,30535.93225806452,274646.1481580645,360949.4545548387,334878.3916129033,230371.40132580645,60542.96959354839,0.00293635651806606,680.1280496218911,611.0
2022-03-01,종로구,3,611.0,595.0,1216.0,69,114,237308.66563928573,256013.47139285717,219299.55117142855,30779.473842857144,278264.3651714286,360458.928925,335602.34449642856,224453.58184642857,58202.13041785714,0.00293635651806606,696.8228471434759,742.0
2022-04-01,종로구,4,742.0,667.0,1279.0,69,114,243221.44448387096,264145.1338419355,223114.28205161288,30092.9638516129,285889.2470032258,370845.3633064516,345624.17053225805,225540.54446451613,58387.43892903226,0.00293635651806606,714.1848738436569,644.0
2022-05-01,종로구,5,644.0,716.0,1479.0,69,114,249648.1117,278240.4045933333,224417.64371,32269.96357333333,299673.6212733333,399601.1012466667,369709.33473,260087.64084,68759.32112000001,0.00293635651806606,733.0558600131789,732.0
2022-06-01,종로구,6,732.0,814.0,1656.0,69,114,260443.4025870968,293012.9584419355,231638.17845161288,32714.985967741934,316676.60057741933,428511.3510129032,395403.0777548387,277483.95272903226,78306.62437741936,0.00293635651806606,764.7546827739246,731.0
2022-07-01,종로구,7,731.0,672.0,1471.0,69,114,259686.90888666667,289442.5416033333,232504.08205666667,32410.774646666665,313369.38754666667,420305.91751,388524.8576766666,268996.31280666665,76003.56680666665,0.00293635651806606,762.5333475657907,865.0
2022-08-01,종로구,8,865.0,716.0,1401.0,69,114,250707.08271612905,276042.2801161291,225551.07612903227,30359.00768064516,299820.9742838709,394964.0104516129,368580.42244516127,246172.6400322581,69288.65973225806,0.00293635651806606,736.1653764588324,900.0
2022-09-01,종로구,9,900.0,742.0,1453.0,69,114,249494.2600967742,271194.5526903226,225528.80408387096,29827.99012580645,297450.2631290323,391636.7797903226,364588.66737741936,245075.85131612903,69215.18969677419,0.00293635651806606,732.6040968552318,805.0
2022-10-01,종로구,10,805.0,703.0,1383.0,69,114,255374.31717,279348.1711833333,229346.12459,29742.25278,308105.22022666666,413741.33226,381928.48452,258153.15321,74797.00480666666,0.00293635651806606,749.8700407687988,826.0
2022-11-01,종로구,11,826.0,703.0,1519.0,69,114,257558.76104193548,285295.2478,232286.3914419355,29626.75103548387,314778.37528064515,435171.71786774194,394885.8352354839,267130.3064225806,81981.5003032258,0.00293635651806606,756.284346770506,808.0
2022-12-01,종로구,12,808.0,652.0,1504.0,69,114,258774.02960333333,287321.6705033333,231916.42949,30804.83898,316516.61639333336,433615.84428,397356.2379033333,271170.06316666666,77995.64546666667,0.00293635651806606,759.8528085319674,819.0
2023-01-01,종로구,1,819.0,637.0,1250.0,60,388,257721.72681935484,279377.0597774194,231617.26181935484,29767.955477419357,308312.52728064515,409390.2193516129,379139.647916129,247998.0966,70303.9632548387,0.00293635651806606,756.762872393253,746.0
2023-02-01,종로구,2,746.0,611.0,1335.0,60,388,241274.67848387096,263129.1553387097,218771.5491,28553.10684838709,288015.23972580646,383102.1615838709,353452.0254870968,232351.36538387096,67906.80748064516,0.00293635651806606,708.4684748104074,618.0
2023-03-01,종로구,3,618.0,742.0,1910.0,60,388,252820.8088642857,281739.4532107143,225965.419875,29330.16081071429,308403.5667392857,421559.9177178572,386219.42775,260406.06954642857,80353.60521785714,0.00293635651806606,742.3720300113788,687.0
2023-04-01,종로구,4,687.0,644.0,1501.0,60,388,261780.37291290323,287972.8448516129,234015.29886129036,28928.608203225805,319668.0005354839,436830.3155419355,400710.6792225806,258779.74082903223,76716.88030322581,0.00293635651806606,768.6805043045672,788.0
2023-05-01,종로구,5,788.0,732.0,1538.0,60,388,260959.75299333333,284577.77986666665,234290.9087,31486.679333333333,317143.2658233333,431006.6950966667,395800.1838033333,266201.49099333334,76990.95162333334,0.00293635651806606,766.2708716548833,880.0
2023-06-01,종로구,6,880.0,731.0,1456.0,60,388,260973.78944193549,285384.3693387097,233177.75602580645,30583.791741935485,316774.9977387097,428694.57331935485,394896.68935806456,259899.6851129032,75731.10759677419,0.00293635651806606,766.3120876722268,824.0
2023-07-01,종로구,7,824.0,865.0,1698.0,60,388,257130.11679333332,279333.95574,230648.86749666664,30301.409516666667,309928.8272833333,413984.82943,383847.0219433333,252872.24978666665,71562.80045,0.00293635651806606,755.0256944371915,845.0
2023-08-01,종로구,8,845.0,900.0,1879.0,60,388,247902.9308645161,270624.3124741935,223017.89852258065,28371.25456451613,297869.28523548384,395356.8794193549,367822.1813774194,238084.15824193548,68582.57874193549,0.00293635651806606,727.9313868917017,834.0
2023-09-01,종로구,9,834.0,805.0,1661.0,60,388,246091.31137419355,268638.96330967743,221021.2100548387,28290.14684193548,295544.234067742,391933.944283871,364778.3258516129,236365.4827935484,68164.75643548387,0.00293635651806606,722.6118261930376,821.0
2023-10-01,종로구,10,821.0,826.0,1579.0,60,388,257556.40267333333,278569.30703666667,231170.2428733333,28919.21034333333,310683.87675,416698.9335633333,385062.34047,248155.35158,74404.41043333334,0.00293635651806606,756.2774217594891,760.0
2023-11-01,종로구,11,760.0,808.0,1538.0,60,388,258298.55755483868,282749.48567741935,231889.40821612903,30269.32577419355,316416.9604451613,437262.756816129,397782.7244935484,261384.1619870968,79922.2964516129,0.00293635651806606,758.4566530832119,717.0
2023-12-01,종로구,12,717.0,819.0,1686.0,60,388,263579.25916333334,287928.9736666667,236129.0402,30673.82079,321384.29482,437170.6789766667,402311.3447333333,268424.3236566667,80292.70493666666,0.00293635651806606,773.9626756712771,880.0
2024-01-01,종로구,1,880.0,746.0,1448.0,79,125,264814.11741290323,283404.2901580645,236855.1926580645,29443.404367741936,316221.35075483867,420186.5186,388191.47745161294,250129.6683741936,76780.51518387097,0.00293635651806606,777.5886597412892,765.0
2024-02-01,종로구,2,765.0,618.0,1251.0,79,125,245878.46751935483,270053.18016451615,220842.78787741932,27496.50567096774,295191.08298709674,393092.0248354839,364228.74465161294,235054.9843483871,71407.37188709677,0.00293635651806606,721.9868407525515,627.0
2024-03-01,종로구,3,627.0,687.0,1406.0,79,125,241766.25970344828,266471.0176413793,217302.6189862069,27970.72672068965,292195.9712758621,396114.0552689656,362797.5675103448,240524.1999310345,73690.20003448275,0.00293635651806606,709.9119325286722,619.0
2024-04-01,종로구,4,619.0,788.0,1469.0,79,125,258351.82442903228,281570.7863967742,231949.25472258063,27631.95871935484,313804.19177741936,427748.9239806452,391437.506067742,248995.9854483871,76604.2933,0.00293635651806606,758.6130636164472,742.0
2024-05-01,종로구,5,742.0,880.0,1756.0,79,125,258983.85299,282658.34740666667,230568.35731,30758.55510333333,316530.93411,432163.2685966667,397096.84768,264624.30161666666,75251.00083666667,0.00293635651806606,760.4689248010487,700.0
2024-06-01,종로구,6,700.0,824.0,1579.0,79,125,257672.3071580645,283122.51924193546,228031.95198387097,26680.02442903226,315466.38450322585,431103.72732580645,396378.0928129032,249818.5507548387,74804.13200322581,0.00293635651806606,756.6177586487025,725.0
2024-07-01,종로구,7,725.0,845.0,1644.0,79,125,254229.8446733333,275218.49849666667,227185.91443333332,26533.97425666667,306304.64510666666,409539.45003666665,379209.36574,239260.45911333332,71041.80843666666,0.00293635651806606,746.5094614934642,723.0
2024-08-01,종로구,8,723.0,834.0,1610.0,79,125,245490.83907741937,270197.7231483871,218888.3976096774,25125.72188064516,297758.7435451613,398602.368516129,370933.8098129032,232618.33241290323,68640.97022580645,0.00293635651806606,720.8486254504866,767.0
2024-09-01,종로구,9,767.0,821.0,1632.0,79,125,241590.6689064516,263133.3305935484,216479.4614483871,24948.66071612903,290170.3064548387,384581.50802580646,358181.79901290324,227234.29138064515,68496.70613225807,0.00293635651806606,709.3963353473986,581.0
2024-10-01,종로구,10,581.0,760.0,1456.0,79,125,247023.85076666667,267042.63157333335,221137.41672333333,26344.00662,297254.88909333333,398236.1217333333,367578.3427366667,237872.39790333333,72542.26034666666,0.00293635651806606,725.3500943164794,606.0
2024-11-01,종로구,11,606.0,717.0,1347.0,79,125,255459.70142258063,282020.6303612904,227629.1861903226,27484.88168709677,314680.6276612903,437122.10882580647,397589.9244,260638.8530580645,81400.33201935483,0.00293635651806606,750.1207593754042,607.0
2024-12-01,종로구,12,607.0,880.0,1585.0,79,125,254582.42459666668,281251.60969,226815.6149933333,28465.77574,312703.37127666664,431284.38739,394072.69663,268288.9602833333,80554.72885,0.00293635651806606,747.5447618494834,690.0
2025-01-01,종로구,1,690.0,765.0,1405.0,42,93,251805.97784193547,273871.5138870968,223734.7478129032,27341.66838064516,304011.0758290323,410173.07752903225,377098.2129903226,247767.60970967743,74391.91500967742,0.00293635651806606,739.392124324165,562.0
2025-02-01,종로구,2,562.0,627.0,1213.0,42,93,232252.09873870967,253327.68046129032,210833.47852258067,25560.197432258065,278124.11457419355,374433.80582580646,342344.9367516129,224005.92526774196,68299.14158064516,0.00293635651806606,681.9749639659323,484.0
2025-03-01,종로구,3,484.0,619.0,1366.0,42,93,240495.06585714288,269895.24620357144,214580.9618642857,26176.041135714284,294782.99157142855,405231.6857107143,370786.08757142856,247793.33874642852,75640.62324999999,0.00293635651806606,706.1792541923478,611.0
2025-04-01,종로구,4,611.0,742.0,1503.0,42,93,254167.5062096774,279905.0283258065,226070.2848806452,25583.053267741936,310431.0418129032,426452.010883871,389199.9916290322,251867.21732903228,78784.11899032257,0.00293635651806606,746.326413539382,601.0
2025-05-01,종로구,5,601.0,700.0,1541.0,42,93,257258.96407666663,283377.11134666664,227600.03109,29175.45077,315927.84847333335,432679.41712,398064.2866433334,270205.75979333336,77870.91056666666,0.00293635651806606,755.4040359974424,639.0
2025-06-01,종로구,6,639.0,725.0,1593.0,42,93,251856.24991935483,280001.63607096777,223049.8388064516,27721.744783870967,310580.6275870968,429710.95498387096,392794.7563096774,259026.3245,79233.26477419355,0.00293635651806606,739.5397410663721,637.0
2025-07-01,종로구,7,637.0,723.0,1583.0,42,93,250777.0585233333,275254.46367666667,223025.95065666668,28411.728206666667,305711.1972033333,414993.69548,382618.99137,254047.5280333333,74594.34310333333,0.00293635651806606,736.3708503764235,693.0
2025-08-01,종로구,8,693.0,767.0,1773.0,42,93,241600.07591612905,268382.6010032258,214367.7680645161,26963.87968709677,294936.9200096775,396433.1628612903,369608.5017483871,243828.4959258065,70520.07178709676,0.00293635651806606,709.4239576815804,664.0
2025-09-01,종로구,9,664.0,581.0,1407.0,42,93,235489.31342258063,258020.03786129036,210081.8747967742,26474.216112903225,284077.4452806452,379180.17237096775,352100.8298870968,233384.64571935488,68071.86496451612,0.00293635651806606,691.4805804032959,645.0
2025-10-01,종로구,10,645.0,606.0,1373.0,42,93,249956.8420133333,277280.2397333333,220580.71497666667,27339.66258,306839.39646333334,417739.25031,386474.9726933333,259620.89233,76478.80515,0.00293635651806606,733.9624022810597,660.0
2025-11-01,종로구,11,660.0,607.0,1359.0,42,93,242143.6567483871,266440.4669967742,216007.42021935488,26187.44811612903,296768.5408870968,411333.5192,373243.3786967743,248421.6613870968,77420.1909516129,0.00293635651806606,711.0201048014771,637.0
2025-12-01,종로구,12,637.0,690.0,1486.0,42,93,251660.7543133333,279074.16444,223071.62974,26696.87298333333,311088.27331333334,433151.51091,394286.7999033333,264580.5443966667,80158.92870333332,0.00293635651806606,738.9656962693775,671.0
2018-05-01,중구,5,891.0,861.0,1598.0,130,432,304952.5791769231,305935.3209038462,258162.33701538463,35511.18318461539,388279.7029692308,542810.2304923077,504937.67628461536,365279.27231153846,95985.12091153846,0.0029365493247428026,895.5082904605696,954.0
2018-06-01,중구,6,954.0,872.0,1652.0,130,432,298706.10297741933,303647.5642645161,253304.76041935483,35487.70152903226,380333.3473935484,533759.3553645161,493278.4343580645,353240.6734,94296.69594193548,0.0029365493247428026,877.1652049948948,924.0
2018-07-01,중구,7,924.0,881.0,1628.0,130,432,284393.5380233333,295561.2403366667,240306.40051,33615.15295,363235.1540533333,510844.7589333333,473613.4165066667,331861.94042666664,87714.41215,0.0029365493247428026,835.135652043636,997.0
2018-08-01,중구,8,997.0,930.0,1631.0,130,432,292982.7111,295557.8625645161,249977.79027096773,32702.234851612902,372610.5431741936,518317.01217096776,484089.5080903226,333270.50923870964,88735.9537935484,0.0029365493247428026,860.3581824420206,995.0
2018-09-01,중구,9,995.0,938.0,1691.0,130,432,290099.3665225806,289435.8607193548,249414.51881290323,32976.30175806452,367620.380383871,507481.4335935484,475189.79846774193,334102.2404451613,87553.58160967742,0.0029365493247428026,851.8910988701989,902.0
2018-10-01,중구,10,902.0,848.0,1517.0,130,432,289182.0421533333,283974.91363666666,247797.15653333333,31474.04978333333,361123.74923,498726.6832833334,461842.1391233334,314422.52639666665,84726.13011333333,0.0029365493247428026,849.1973306131156,876.0
2018-11-01,중구,11,876.0,815.0,1442.0,130,432,305257.9994967742,302551.5576645161,259954.56733548385,33900.70435806452,386479.6882483871,538125.7775451613,499140.2829580645,344092.832816129,93193.5369935484,0.0029365493247428026,896.4051722945911,789.0
2018-12-01,중구,12,789.0,961.0,1654.0,130,432,313118.54594,309977.12199333333,265201.4392466667,35221.79222,396197.8972633333,553186.0334966666,512508.98913333326,362033.26929333335,99641.12131,0.0029365493247428026,919.4880546445552,850.0
2019-01-01,중구,1,850.0,952.0,1616.0,147,351,299679.95096129033,290582.3021612904,256294.91107096776,32261.51511935484,374653.90057096776,515457.9744258064,479617.4300354839,325007.09081935487,89260.80455806451,0.0029365493247428026,880.0249576343333,739.0
2019-02-01,중구,2,739.0,771.0,1377.0,147,351,291322.7240129032,292631.55496774195,249484.66998064515,34230.426787096774,369893.75029677415,517177.9062870968,479893.1870935484,347357.75162580644,93922.03490967742,0.0029365493247428026,855.4835484823249,671.0
2019-03-01,중구,3,671.0,856.0,1546.0,147,351,273739.1177892857,271666.6456142857,235016.68656785716,32844.22433571429,342495.53276785713,474057.4688178572,438754.5137107143,313209.112725,85532.83165,0.0029365493247428026,803.8484214998175,789.0
2019-04-01,중구,4,789.0,891.0,1520.0,147,351,283870.8826290323,293794.5316483871,240319.16198064515,29244.04485483871,362191.8991483872,511620.60976774193,471841.3222774193,316074.19362903223,88236.70984193549,0.0029365493247428026,833.6008486984282,817.0
2019-05-01,중구,5,817.0,954.0,1594.0,147,351,290049.09601000004,300386.3178866666,243980.5835233333,35038.08953333333,371640.50362333335,524321.4506333333,485868.4742833333,356079.2961133334,95524.70775,0.0029365493247428026,851.743477030426,893.0
2019-06-01,중구,6,893.0,924.0,1615.0,147,351,286428.98872258066,291049.5776419355,242519.97717741932,32196.48622903226,363596.7658354839,508265.5133225807,471631.6537806452,321778.8527387097,87736.3439,0.0029365493247428026,841.1128534200581,808.0
2019-07-01,중구,7,808.0,997.0,1776.0,147,351,277402.81799666665,283560.40308,236246.75743666667,30707.58796,351435.3846233333,491504.70039666665,455080.9778666666,305276.31807,83146.05175333333,0.0029365493247428026,814.607057869862,886.0
2019-08-01,중구,8,886.0,995.0,1734.0,147,351,279912.6208,288214.4108967742,238104.5181645161,28113.135167741933,358633.9605903226,503025.5172,468843.8362870967,302546.80797419354,83364.54302258063,0.0029365493247428026,821.9772175972281,870.0
2019-09-01,중구,9,870.0,902.0,1557.0,147,351,289615.6912838709,293134.1104645161,248035.8047032258,30299.049967741936,365044.7075258064,505142.94000967743,470645.3302935484,308442.2752032258,85691.97002258064,0.0029365493247428026,850.4707626745711,832.0
2019-10-01,중구,10,832.0,876.0,1532.0,147,351,289878.77983666665,291562.1920633333,248808.66081,31183.416536666668,364542.99724,505469.7922566666,469072.9015833333,319178.25514,88397.21376,0.0029365493247428026,851.243335186631,835.0
2019-11-01,중구,11,835.0,789.0,1399.0,147,351,299588.0452612903,312006.8631274194,251759.2229967742,32845.17177903226,389021.2375451613,555970.5536080645,514227.7067629032,361604.20096451615,100470.10884032256,0.0029365493247428026,879.7550720130581,858.0
2019-12-01,중구,12,858.0,850.0,1482.0,147,351,298753.76692666666,300654.5943833333,254037.81302,32692.435056666665,381874.61430666666,536756.07148,498243.80064333335,342581.44180666667,96273.37151333332,0.0029365493247428026,877.3051725328717,888.0
2020-01-01,중구,1,888.0,739.0,1242.0,106,240,297119.6521548387,295924.5818516129,252133.53586774197,34733.79411612903,375735.00535161287,522079.8657354839,485796.49981935485,346881.7301612903,96342.6196,0.0029365493247428026,872.506513903108,763.0
2020-02-01,중구,2,763.0,671.0,1169.0,106,240,273047.0965096774,273743.9773935484,235475.9417483871,32581.289974193547,345720.10016774194,481522.730083871,447462.3053032258,320124.8793290322,87873.53101612904,0.0029365493247428026,801.8162668784761,568.0
2020-03-01,중구,3,568.0,789.0,1416.0,106,240,254656.82287931035,266907.935,221615.4289413793,32288.27948965517,322111.5059310345,442288.1955379311,416548.0621931035,295075.7828758621,75267.90474827586,0.0029365493247428026,747.8123212673863,437.0
2020-04-01,중구,4,437.0,817.0,1317.0,106,240,212754.5417,246672.94196129031,185493.51361290325,31868.167841935487,272003.3382483871,379422.8960935484,354951.6534387097,258505.29598387092,62007.600348387095,0.0029365493247428026,624.7642057650994,494.0
2020-05-01,중구,5,494.0,893.0,1520.0,106,240,211858.00175,248482.8087,183883.78503666667,33046.36922,271389.0241633333,381683.0246433333,354732.45552333334,270421.12745666667,66112.22185,0.0029365493247428026,622.131471980322,619.0
2020-06-01,중구,6,619.0,808.0,1364.0,106,240,212602.85892580645,249176.81101612904,183466.77373548388,32907.5700483871,271633.831583871,382157.7782870968,354277.19333870965,269898.0052516129,67595.45803870968,0.0029365493247428026,624.3187818169663,600.0
2020-07-01,중구,7,600.0,886.0,1545.0,106,240,219278.2327733333,262058.4161633333,187427.72492,33545.82553,285638.1845066667,406777.4195466667,378542.11693,292371.5603366667,72978.5393,0.0029365493247428026,643.921346381327,655.0
2020-08-01,중구,8,655.0,870.0,1545.0,106,240,221803.4583516129,263699.5921741936,189847.3178064516,32896.60302580645,288436.05071290326,411568.9659064516,381721.68001935486,291075.1953870968,73676.53941935484,0.0029365493247428026,651.3367958480472,631.0
2020-09-01,중구,9,631.0,832.0,1432.0,106,240,213123.97960967745,242150.24217096771,187127.5489967742,32377.969996774194,267673.21147096774,367484.9540451613,344042.1360935484,254861.02733870968,62872.09667419355,0.0029365493247428026,625.8490784092971,524.0
2020-10-01,중구,10,524.0,835.0,1487.0,106,240,213349.42734666663,243132.80806333333,187291.85102,31440.496933333336,270070.4777433333,374426.2089266666,349479.94832,257452.63733333332,62510.78675333333,0.0029365493247428026,626.5111168091175,577.0
2020-11-01,중구,11,577.0,858.0,1406.0,106,240,214549.4826580645,246714.40343870968,186784.5671451613,32289.182267741933,272496.78663870966,381737.12566774193,353623.0122322581,269129.44518064515,68439.5176516129,0.0029365493247428026,630.0351384234569,565.0
2020-12-01,중구,12,565.0,888.0,1461.0,106,240,219699.38165333332,255241.8925533333,191572.0209166667,32156.867256666665,282393.82213,399506.3536333333,370166.0388133333,282808.7932633333,72457.30365,0.0029365493247428026,645.1580708405072,530.0
2021-01-01,중구,1,530.0,763.0,1313.0,55,101,206041.0171064516,234147.8379548387,184000.98986129032,30981.407729032257,259548.40123548388,358830.2002064516,334458.73903870967,243296.7657,58438.86507419355,0.0029365493247428026,605.0496096532706,539.0
2021-02-01,중구,2,539.0,568.0,1000.0,55,101,201247.52017741936,229190.92478387096,180067.61207419354,31000.740329032255,253509.2782451613,351526.8632,326675.73952903226,241981.92347741936,58945.99044193548,0.0029365493247428026,590.9732694831644,476.0
2021-03-01,중구,3,476.0,437.0,974.0,55,101,206220.87124642852,234978.02334285717,182073.67863928573,31046.643760714283,261626.9809892857,366078.5528892857,339195.53461785713,255689.1660928572,65118.04284285714,0.0029365493247428026,605.5777602065721,547.0
2021-04-01,중구,4,547.0,494.0,1024.0,55,101,217551.0372903226,251960.0470483871,189362.32469032257,30363.024770967742,280090.7516677419,397246.077932258,367646.3518354839,274331.37736129033,71124.94425483872,0.0029365493247428026,638.8493516519931,607.0
2021-05-01,중구,5,607.0,619.0,1249.0,55,101,218435.40503,253751.87882,190077.70551000003,33291.53128333334,282017.24484666664,400761.7591466667,371031.82057,290425.2695733334,73197.27384,0.0029365493247428026,641.4463411407671,700.0
2021-06-01,중구,6,700.0,600.0,1205.0,55,101,212591.8482354839,242860.1895516129,185782.3285451613,32069.475812903227,269267.0624483871,376497.6906193548,348612.3623193548,264426.99892580643,67331.43322580645,0.0029365493247428026,624.2864483817347,694.0
2021-07-01,중구,7,694.0,655.0,1271.0,55,101,217665.78208333332,253813.34932,189398.04009333331,32355.33953333333,280867.9846133333,398574.2516633334,369351.06818,286333.2874466667,74321.49484333333,0.0029365493247428026,639.1863053964265,599.0
2021-08-01,중구,8,599.0,631.0,1346.0,55,101,211337.75938064515,240267.94957741932,186657.2021548387,31454.45123870968,267519.27843548387,371339.92672903225,346173.4051322581,257676.7623064516,64597.999548387095,0.0029365493247428026,620.6037546018904,653.0
2021-09-01,중구,9,653.0,524.0,1044.0,55,101,206024.74517419355,230520.0986,182887.9843032258,30843.93645806452,259775.89316774192,360375.9464612903,335027.5003709678,247805.94019032255,62693.25691612903,0.0029365493247428026,605.001826321586,617.0
2021-10-01,중구,10,617.0,577.0,1075.0,55,101,206825.01672,232895.87322333333,182606.58006,30050.04811333333,260732.41652666667,363338.81634,336202.7762233333,250098.13143,64411.14362333333,0.0029365493247428026,607.3518631890349,650.0
2021-11-01,중구,11,650.0,565.0,981.0,55,101,214280.16491290324,242153.83737419356,188358.69537096773,30700.1741,270799.8522451613,380052.4400258064,349927.41447741934,261062.3815548387,68613.19355483871,0.0029365493247428026,629.2442735807624,646.0
2021-12-01,중구,12,646.0,530.0,1024.0,55,101,223293.84269666663,259131.09180666663,193376.06484333333,31734.763326666667,288220.20265000005,410761.95004666667,379117.1065966667,292416.68933,78961.53511999999,0.0029365493247428026,655.713382990122,599.0
2022-01-01,중구,1,599.0,539.0,1089.0,36,93,224547.1743870968,255463.14001290323,196016.9945870968,30407.40518064516,286301.3956806452,401089.2451,372757.3054580645,276641.3990354839,73447.0143483871,0.0029365493247428026,659.3938533193335,594.0
2022-02-01,중구,2,594.0,476.0,1032.0,36,93,211167.40836451613,240380.94572258065,186473.0215451613,29963.994958064515,268153.7188483871,375463.5950483871,347934.5535354839,259825.15373548388,69277.0173032258,0.0029365493247428026,620.1035104405075,603.0
2022-03-01,중구,3,603.0,547.0,1142.0,36,93,212701.9283392857,236489.5385035714,188373.7538178572,30327.945275,266130.7413178571,366667.2925,340931.0795,250296.8391607143,65630.36085,0.0029365493247428026,624.6097040362214,691.0
2022-04-01,중구,4,691.0,607.0,1204.0,36,93,220117.00058387095,245373.97340967745,194717.04358064517,29260.58977096774,275760.8525903226,380965.2582645161,353662.2453903226,252391.10878064515,66945.32850967742,0.0029365493247428026,646.3844294289773,705.0
2022-05-01,중구,5,705.0,700.0,1282.0,36,93,226367.05145,260799.80194666664,196536.29005,32011.431446666666,290351.32194,411766.0634833333,379929.3006266666,291513.6329233333,78805.09752333333,0.0029365493247428026,664.7380120795168,812.0
2022-06-01,중구,6,812.0,694.0,1332.0,36,93,235687.48761612904,271210.98026774195,202304.04415161288,31884.71720967742,303043.8164903226,430213.1872451613,397342.6769161291,300803.0931580645,84068.44258064516,0.0029365493247428026,692.1079326094714,843.0
2022-07-01,중구,7,843.0,599.0,1219.0,36,93,238646.50940666668,270568.45649333333,206401.17422,31520.26053666667,304830.8228666667,429770.9443066667,397488.86170666665,298697.07458,83462.34283,0.0029365493247428026,700.7972460503739,888.0
2022-08-01,중구,8,888.0,653.0,1185.0,36,93,236182.1764064516,261642.16486129037,205315.05526129037,29375.88039677419,299727.0083645161,418192.7738258065,388689.7730967742,283350.61520967743,80301.87293548387,0.0029365493247428026,693.5606106426509,897.0
2022-09-01,중구,9,897.0,617.0,1246.0,36,93,231649.9439032258,254175.7420032258,201791.11965483872,28753.022180645163,293264.08299677423,407525.15841290326,379523.8777451613,277558.6935387097,78914.52120645161,0.0029365493247428026,680.2514863457258,838.0
2022-10-01,중구,10,838.0,650.0,1232.0,36,93,238209.2030733333,258746.55305,206360.57362666668,28245.61301333333,301897.54756,421939.6491,391061.22983333335,284117.47517000005,81840.66482666667,0.0029365493247428026,699.5130744325181,821.0
2022-11-01,중구,11,821.0,646.0,1264.0,36,93,249086.2823741936,262734.3547129032,217490.6631806452,28689.826203225806,313002.062567742,437226.2460032258,402484.1548354838,285610.8708580645,84089.5879967742,0.0029365493247428026,731.4541543086333,788.0
2022-12-01,중구,12,788.0,599.0,1276.0,36,93,253145.1699733333,271156.17196666665,219510.2566333333,29377.48816,323321.15386,455254.2169766667,421567.5313166667,305418.63744666666,88511.51698333333,0.0029365493247428026,743.3732779470939,878.0
2023-01-01,중구,1,878.0,594.0,1201.0,37,186,254376.9804870968,267040.25452258065,219248.52202258064,28361.914354838707,320323.4980580645,443260.4615741936,412648.6226451613,289512.3248903226,83675.13942258064,0.0029365493247428026,746.9905502794971,802.0
2023-02-01,중구,2,802.0,603.0,1225.0,37,186,234863.7450870968,247783.75739032257,205554.54787741936,27108.918390322586,294858.03139032255,406448.66732258064,378850.03221290326,265169.46082903224,76307.70240967741,0.0029365493247428026,689.6889720420799,700.0
2023-03-01,중구,3,700.0,691.0,1542.0,37,186,251941.31108214287,269905.8397357143,219413.08745,27211.394017857143,319919.55010714283,447119.1066071429,415089.08475,295057.563525,88291.82521071428,0.0029365493247428026,739.838086933083,764.0
2023-04-01,중구,4,764.0,705.0,1420.0,37,186,255930.7223806452,271920.5715677419,221793.83943225807,26659.661374193547,326649.7281483871,460428.1159354839,425656.33622903225,291307.9297096774,86623.12880967742,0.0029365493247428026,751.5531899878214,804.0
2023-05-01,중구,5,804.0,812.0,1567.0,37,186,261656.15263666667,266702.51231333334,227799.41308333332,29991.40041,328860.93665333337,456062.9831633333,422947.6342766667,297680.58242,86359.53996666666,0.0029365493247428026,768.3661983400032,817.0
2023-06-01,중구,6,817.0,843.0,1604.0,37,186,262909.6364935484,268745.94405806455,227271.75760322585,28863.213693548387,329863.31729677424,457122.3011,423598.4704064516,294760.4294,86399.23551612903,0.0029365493247428026,772.0471155135052,822.0
2023-07-01,중구,7,822.0,888.0,1779.0,37,186,259027.8687533333,267545.13675,224012.23420666668,28575.985243333333,327279.8894,455349.0174966667,422832.71834,295338.20657333336,85613.81653333333,0.0029365493247428026,760.6481130771682,895.0
2023-08-01,중구,8,895.0,897.0,1786.0,37,186,251315.49608387097,259651.30407096772,217866.3574935484,27110.22888064516,316237.27677096776,436426.7877806451,407127.7697096774,277840.8634870968,80881.98106129032,0.0029365493247428026,738.0003503224938,936.0
2023-09-01,중구,9,936.0,838.0,1667.0,37,186,242642.09596774197,253953.64866129032,210082.7697,26396.837703225807,306590.4592870968,424509.0067741936,396118.1679516129,273358.34643548384,79652.97363870968,0.0029365493247428026,712.530483068251,862.0
2023-10-01,중구,10,862.0,821.0,1586.0,37,186,248846.71609666667,257330.73181666667,215395.97033,26153.80728333333,312781.64231,432927.8198233333,402290.539,275495.22912,81979.90666000001,0.0029365493247428026,730.7506561181305,860.0
2023-11-01,중구,11,860.0,788.0,1558.0,37,186,252511.6064806452,260744.78364193547,216980.89732580644,27512.259896774194,318129.9531870968,442495.2234451613,409995.63858387095,280845.39164193545,82753.00414838709,0.0029365493247428026,741.5127875004589,784.0
2023-12-01,중구,12,784.0,878.0,1687.0,37,186,260834.95786666663,275368.78265666665,223255.8614033333,28303.44833,334237.2361133333,470343.5416266667,437000.4256566667,308540.3545,93092.88257,0.0029365493247428026,765.9547193926772,843.0
2024-01-01,중구,1,843.0,802.0,1553.0,32,114,267466.8514612903,271309.2878516129,230080.0727064516,27698.40668387097,334156.67222580645,461194.70902903227,427522.42126774194,291467.84088387096,91063.93562258066,0.0029365493247428026,785.4296020497356,829.0
2024-02-01,중구,2,829.0,700.0,1360.0,32,114,254961.37446774196,262966.58402258065,221670.43723870968,26196.28617096774,318985.21293548384,437028.7516741936,408618.586783871,274171.61192258063,83252.33423548387,0.0029365493247428026,748.7066520287445,636.0
2024-03-01,중구,3,636.0,764.0,1526.0,32,114,246569.8406586207,257067.8678413793,213343.15036896552,26070.904937931035,311716.3826655173,433863.3174758621,402921.5414896552,278745.6414448276,84318.44048275863,0.0029365493247428026,724.064499088013,634.0
2024-04-01,중구,4,634.0,804.0,1598.0,32,114,251885.8083096774,266711.4745225806,216337.3580935484,25082.394551612902,321883.5483903226,455877.0398032258,419880.3845225807,281551.610616129,87326.73487419356,0.0029365493247428026,739.6751003040782,658.0
2024-05-01,중구,5,658.0,817.0,1603.0,32,114,259923.93881666663,272863.99794666667,221979.54080666663,28824.19311,332969.0547333333,471082.2428333333,435232.2170133333,308679.62203333335,90279.70593333332,0.0029365493247428026,763.279467016572,697.0
2024-06-01,중구,6,697.0,822.0,1615.0,32,114,256046.12979677416,269217.47676451615,217534.0346,25894.37400967742,327054.37409354834,460142.87339677423,426465.9161032258,286576.04377741937,85668.47465483872,0.0029365493247428026,751.8920895577252,675.0
2024-07-01,중구,7,675.0,895.0,1776.0,32,114,249285.80898333332,261515.36696333333,212883.80609666667,25177.91656,317470.6051933333,445826.8788833333,412929.3198766667,280935.84275,84943.60452333333,0.0029365493247428026,732.0400740379707,694.0
2024-08-01,중구,8,694.0,936.0,1770.0,32,114,251103.1100129032,266110.19787741936,214501.5210096774,24127.69076451613,322897.1065129032,453952.721383871,423408.70158709673,284720.1512548387,85262.20758709678,0.0029365493247428026,737.3766681492085,659.0
2024-09-01,중구,9,659.0,862.0,1680.0,32,114,241504.4295483871,253054.27109032252,207320.89517096776,24057.876377419358,306666.6333258064,426977.7414129032,397893.7186,270867.86912580644,82275.59974838709,0.0029365493247428026,709.1896695127119,605.0
2024-10-01,중구,10,605.0,860.0,1585.0,32,114,239358.70047,250324.68137,204238.78481,24474.69875,303127.29748666665,421620.20387,392403.33331666666,270460.30599,81342.13054666667,0.0029365493247428026,702.8886302364933,628.0
2024-11-01,중구,11,628.0,784.0,1425.0,32,114,253410.22046129036,266822.3799580645,215242.3049483871,25261.564264516128,325297.1049483871,464631.5832258065,425938.7432645162,295733.0074451613,91003.17830967745,0.0029365493247428026,744.1516117785269,616.0
2024-12-01,중구,12,616.0,843.0,1618.0,32,114,254597.14625,270492.82066333335,215791.0285233333,26968.39673,328449.1299133333,468520.4085,431841.9070633333,311126.20909333334,94568.81866333334,0.0029365493247428026,747.6370779018821,643.0
2025-01-01,중구,1,643.0,829.0,1487.0,32,160,253756.36772580649,265103.46058387094,214257.45594193548,25740.73666129032,323424.2557129032,454580.2583354839,420959.2989225806,294186.1843580645,90034.22552580645,0.0029365493247428026,745.1680902944033,635.0
2025-02-01,중구,2,635.0,636.0,1242.0,32,160,236510.65169677415,240325.34901612904,205350.18287419356,24265.66778387097,295687.0369548387,406878.0793064516,378533.9762935484,258031.22597096773,77787.12896451613,0.0029365493247428026,694.5251945346423,581.0
2025-03-01,중구,3,581.0,634.0,1328.0,32,160,246973.19265714285,262939.77895714284,210601.93406428568,24450.90875,317272.08349642856,447783.5392821428,415690.53070357145,290328.6654178571,88168.64296428571,0.0029365493247428026,725.2489621269069,636.0
2025-04-01,중구,4,636.0,658.0,1408.0,32,160,247883.8689806452,262611.19231612905,211191.7365903226,23931.123251612906,317649.2142129032,450723.3505483871,415320.6975193548,282022.0448290322,87166.40583870967,0.0029365493247428026,727.923208069747,655.0
2025-05-01,중구,5,655.0,697.0,1535.0,32,160,253159.05424,267766.5358333333,214374.3675,27695.70797,326262.90345,461770.3342766667,428608.29233,309365.60989666666,90486.03427333334,0.0029365493247428026,743.4140497809985,707.0
2025-06-01,중구,6,707.0,675.0,1464.0,32,160,246823.74514193548,259026.0999032258,211176.10473225807,26016.916712903225,313729.5352322581,439440.5141387097,407397.6413741936,281249.0209967742,83917.66939354838,0.0029365493247428026,724.8101021270402,709.0
2025-07-01,중구,7,709.0,694.0,1591.0,32,160,242794.78019,255791.50072333336,206972.45824666665,25989.92454333333,309506.4666333333,433688.0643833333,402902.8276433333,282144.24501,82627.81051666666,0.0029365493247428026,712.9788478180217,772.0
2025-08-01,중구,8,772.0,659.0,1581.0,32,160,245461.95793225805,261110.8822064516,208077.4159903226,24958.133867741933,315210.19351935486,441018.2524225807,412857.7233612904,286878.5643645161,83193.39251290323,0.0029365493247428026,720.8111468160187,729.0
2025-09-01,중구,9,729.0,605.0,1456.0,32,160,235947.72036774195,247381.6840129032,201034.91209032256,24120.564451612903,299819.9088677419,417274.158932258,389240.9727580645,270992.1887741935,80684.9276935484,0.0029365493247428026,692.8721189204962,708.0
2025-10-01,중구,10,708.0,628.0,1353.0,32,160,246013.8792,266688.25999,207136.21118333333,24215.058756666665,319712.23452,455633.83281333337,422889.93197,301488.28143000003,90902.70763333332,0.0029365493247428026,722.4318908421174,680.0
2025-11-01,중구,11,680.0,616.0,1366.0,32,160,237864.5300516129,246711.32448387097,203231.32742258065,23530.89201935484,300996.07395483874,420955.6725548387,389380.2354387097,268368.159716129,81597.18789354838,0.0029365493247428026,698.500925103328,706.0
2025-12-01,중구,12,706.0,643.0,1400.0,32,160,248241.7874833333,261889.92081333333,210458.15604666667,23963.502376666664,319634.34469,453268.7680433334,419583.9247766667,291800.25880333333,89229.71752666666,0.0029365493247428026,728.9742534071287,763.0
2018-05-01,중랑구,5,1223.0,1281.0,1892.0,178,234,393584.90934230766,363324.7427153846,324119.5018115385,105805.01997307692,369455.5518461538,409886.31790384615,335674.4513423077,176823.87446923077,27156.85035,0.00289616566706869,1139.8871015135342,1403.0
2018-06-01,중랑구,6,1403.0,1271.0,1850.0,178,234,390606.68861935486,362327.3564580645,324768.98566129035,105274.51921935484,368448.86898387095,407909.1650322581,336251.3864064516,176015.54857741937,27146.684390322574,0.00289616566706869,1131.2616809067658,1296.0
2018-07-01,중랑구,7,1296.0,1318.0,1946.0,178,234,393098.9520666667,364152.35572333337,328019.71298333333,103106.00307,370364.2350533333,408985.73749333335,338535.63119,169848.08447,26107.064926666662,0.00289616566706869,1138.4796887361606,1409.0
2018-08-01,중랑구,8,1409.0,1323.0,2012.0,178,234,393952.9558225807,364412.5878129032,328800.7484483871,103676.29574516127,370896.1253451613,409881.7981483871,338616.56268064515,170927.4025967742,26979.64166451613,0.00289616566706869,1140.9530250935866,1462.0
2018-09-01,중랑구,9,1462.0,1318.0,1942.0,178,234,390862.8316064516,362298.2979870968,326622.1259096774,102943.66786774194,368904.5710709677,407442.3737516129,336959.8961516129,169485.96672903225,26217.58400322581,0.00289616566706869,1132.003513431856,1325.0
2018-10-01,중랑구,10,1325.0,1264.0,1889.0,178,234,393980.8078333333,366082.5773933333,332031.8266233333,99374.11046,372609.25353333337,409135.51897333335,342689.0775233333,168421.02710666665,28438.29222,0.00289616566706869,1141.033689130887,1273.0
2018-11-01,중랑구,11,1273.0,1210.0,1781.0,178,234,393420.4593548387,363897.7385096774,324902.62759999995,100295.07145483872,370280.7809806452,409824.5989580645,336661.68008064514,166331.67013225806,26033.535635483877,0.00289616566706869,1139.4108271058767,1214.0
2018-12-01,중랑구,12,1214.0,1425.0,2026.0,178,234,392874.2518266666,362616.48701,324489.37521666667,100392.29665,368962.73639333335,409038.35035,335486.61476333335,169898.74800666666,27993.11924666667,0.00289616566706869,1137.8289196156902,1349.0
2019-01-01,중랑구,1,1349.0,1456.0,2111.0,152,163,396695.0725258064,370000.72476451617,338378.81111935485,97766.93164193547,376486.7545290323,410531.864,348195.1093483871,165754.02103548386,28035.523358064514,0.00289616566706869,1148.8946493445644,1177.0
2019-02-01,중랑구,2,1177.0,1169.0,1733.0,152,163,397771.3994,369766.1218580645,337113.7243,104117.90164838712,376593.0743290322,411518.2064645161,346943.4192193548,172374.77057741935,27578.771348387098,0.00289616566706869,1152.0118702841473,1025.0
2019-03-01,중랑구,3,1025.0,1231.0,1893.0,152,163,390650.04115357145,365250.5085678572,338209.3817,100457.47610357143,372476.3764464286,403516.44565,347033.24585,170238.59700714285,29454.062560714287,0.00289616566706869,1131.3872370279444,1188.0
2019-04-01,중랑구,4,1188.0,1223.0,1786.0,152,163,392310.8578967742,364289.7144483871,330074.6990903226,95007.94015483872,370873.67712258064,406252.1021,340861.6240419355,159228.77756774196,26191.61187419355,0.00289616566706869,1136.197237458901,1257.0
2019-05-01,중랑구,5,1257.0,1403.0,1933.0,152,163,385158.3984733333,355728.07912666665,318749.39501333336,101601.04534666668,362081.7125533333,400151.2343333333,329774.35224,170578.56373666666,27015.59286,0.00289616566706869,1115.4825300416296,1307.0
2019-06-01,중랑구,6,1307.0,1296.0,1893.0,152,163,373134.1688645161,344974.2260548387,310219.2189580645,91571.22858064515,351306.90882903227,387166.6840387097,320748.7447806451,156645.05887419355,26112.03481935484,0.00289616566706869,1080.6583690756224,1248.0
2019-07-01,중랑구,7,1248.0,1409.0,2108.0,152,163,371075.91963666666,344597.39258,312632.00739,87382.76759333332,350758.76116,385180.58573,322314.7393233333,148141.60216666668,25071.52587,0.00289616566706869,1074.6973383276543,1242.0
2019-08-01,중랑구,8,1242.0,1462.0,2070.0,152,163,365743.0770451613,338478.02580000006,306225.4026064516,81893.05131935484,344825.5234612903,379883.7448451613,315540.9484290323,138932.32857741936,23706.267670967743,0.00289616566706869,1059.2525427062546,1269.0
2019-09-01,중랑구,9,1269.0,1325.0,1902.0,152,163,381823.8570387097,354615.21812903223,322268.95661935484,87004.24329032257,361001.8375193548,396007.4341612904,331851.0101709678,148954.4592032258,25901.86267096774,0.00289616566706869,1105.8251456232547,1274.0
2019-10-01,중랑구,10,1274.0,1273.0,1824.0,152,163,383844.0172933333,357523.5823933333,326162.85095,91198.58030666668,363873.81135,397214.02913,335915.5230066666,159895.26372333334,29442.284483333333,0.00289616566706869,1111.6758643946723,1219.0
2019-11-01,중랑구,11,1219.0,1214.0,1764.0,152,163,378774.637883871,348663.6133032258,310404.76239677414,91353.10428225806,354748.28787580645,394243.506266129,321111.3978612903,156653.81187096774,26090.96621935484,0.00289616566706869,1096.9941017956426,1190.0
2019-12-01,중랑구,12,1190.0,1349.0,1868.0,152,163,385443.5644966667,356683.4664033333,320728.0929733334,87928.36944666666,362906.6484433333,400173.52159,331354.9659666667,153758.15616666665,27264.67251333333,0.00289616566706869,1116.3084180878222,1237.0
2020-01-01,중랑구,1,1237.0,1177.0,1727.0,153,192,386963.0140258065,360146.25706451613,328404.7983419355,94685.75437096774,366534.2957,400654.9399612904,337934.0900419355,163549.7880870968,28806.42447419355,0.00289616566706869,1120.7089956469606,1146.0
2020-02-01,중랑구,2,1146.0,1025.0,1524.0,153,192,390949.480516129,364836.7152322581,336133.4759806452,94287.53388387096,371782.9584419355,404123.5102935484,344949.82752903225,163482.65022580643,29807.68061935484,0.00289616566706869,1132.2544630291525,933.0
2020-03-01,중랑구,3,933.0,1188.0,1730.0,153,192,393908.80844137934,367257.2861517241,339681.9817413793,94279.22641034484,374670.82979310345,405826.96364482754,347737.6597034483,156124.2693,24749.08972068965,0.00289616566706869,1140.82516696386,785.0
2020-04-01,중랑구,4,785.0,1257.0,1836.0,153,192,392314.34649032255,366852.9203258064,340153.3615903226,92448.78451290322,374067.1156612903,403291.1156645161,348520.99251290323,150032.04488387096,21637.328593548387,0.00289616566706869,1136.2073410037622,956.0
2020-05-01,중랑구,5,956.0,1307.0,1924.0,153,192,389787.6987066667,363376.5190266667,335464.77814,94876.26810666668,370834.13430333335,401658.42548,344299.14413666667,155657.22355999998,23102.04640666667,0.00289616566706869,1128.8897504399629,1004.0
2020-06-01,중랑구,6,1004.0,1248.0,1853.0,153,192,385300.0800290323,359774.86103870964,332188.25412903226,94642.30557096774,366766.3135354839,397455.0434129032,340819.0404580645,156804.74336774193,24468.095941935484,0.00289616566706869,1115.8928632989018,1057.0
2020-07-01,중랑구,7,1057.0,1242.0,1876.0,153,192,381391.7341833333,354274.07969,324561.36819666665,92291.52283666666,361277.28661,394851.7309333333,333117.06001333334,153699.5128133333,23747.83491,0.00289616566706869,1104.573646245558,1041.0
2020-08-01,중랑구,8,1041.0,1269.0,1924.0,153,192,379965.5520129032,353309.44466774195,323824.7954741936,91312.55733870968,360223.2460290323,393372.6785935484,332584.0176677419,152512.40181935485,24067.013241935485,0.00289616566706869,1100.4431864085727,978.0
2020-09-01,중랑구,9,978.0,1274.0,1846.0,153,192,380800.10812903225,356825.79471935483,332267.98362258065,92260.3356935484,363748.7046580645,391893.50731935486,339876.7398258064,152560.6513032258,23338.03889032258,0.00289616566706869,1102.8601991793478,817.0
2020-10-01,중랑구,10,817.0,1219.0,1763.0,153,192,386019.5710033334,360964.2731766666,334439.87526666664,92839.21014333332,367924.0639866667,397123.6530966667,342590.35414666665,154685.49219666666,23492.372866666665,0.00289616566706869,1117.9766283564384,951.0
2020-11-01,중랑구,11,951.0,1190.0,1683.0,153,192,382304.3142,356072.48785806453,326441.2450451613,93854.57808064517,363116.1379741936,394577.50776451617,336252.6912516129,158048.0399580645,25633.498448387098,0.00289616566706869,1107.216629158281,884.0
2020-12-01,중랑구,12,884.0,1237.0,1757.0,153,192,381496.73552,354778.09903,325390.38975000003,94058.34937333332,361886.23885666666,394071.6499433333,334431.54354,158065.58600333333,25155.18416,0.00289616566706869,1104.8777475118084,888.0
2021-01-01,중랑구,1,888.0,1146.0,1683.0,96,121,386038.1556451613,361986.244967742,337328.95446129027,91025.92274516128,368995.8881709677,395643.3190709677,345136.7136967742,149767.6815064516,22336.76854193548,0.00289616566706869,1118.0304525580352,843.0
2021-02-01,중랑구,2,843.0,933.0,1445.0,96,121,387036.9303548387,363615.03981290327,339308.2259806452,93824.02975806451,370358.7109806452,396209.42354193545,347009.2038451613,152499.21616129033,22857.621270967746,0.00289616566706869,1120.9230695813396,808.0
2021-03-01,중랑구,3,808.0,785.0,1391.0,96,121,384605.1180214286,359788.8710785714,332655.872975,93793.93773571428,366560.5192928572,395191.0016928571,341298.08107142855,156395.91183571427,25249.006703571427,0.00289616566706869,1113.880138192563,885.0
2021-04-01,중랑구,4,885.0,956.0,1504.0,96,121,381043.2683516129,353933.8884258065,323080.67883225804,92031.78643548388,360746.1416935484,393513.7842,332330.1643870968,153217.5168483871,24286.109322580643,0.00289616566706869,1103.5644314675828,926.0
2021-05-01,중랑구,5,926.0,1004.0,1598.0,96,121,377347.7617166667,349791.9151566667,317635.1708233334,96420.84676,356491.5739466667,390027.1689866667,327292.91105666663,160935.39701666668,25001.592703333336,0.00289616566706869,1092.861632029027,991.0
2021-06-01,중랑구,6,991.0,1057.0,1659.0,96,121,376614.6803677419,350994.76671935484,322529.49812903226,93900.7450064516,357700.30095483875,388475.8317387097,331220.1697806452,157627.71786451613,25142.333822580644,0.00289616566706869,1090.7385069951026,1048.0
2021-07-01,중랑구,7,1048.0,1041.0,1669.0,96,121,375026.7476333333,347990.57430333336,317459.8736,96822.49709333334,354616.66028333333,387886.43849333335,326042.5380233333,160410.6312466667,24927.945596666665,0.00289616566706869,1086.139590728094,972.0
2021-08-01,중랑구,8,972.0,978.0,1713.0,96,121,374820.6511870968,349317.6759,322022.66313225805,94178.9443,356128.36582580645,386502.9484580645,329959.1663258064,153895.96317096776,23262.49166451613,0.00289616566706869,1085.542701276399,988.0
2021-09-01,중랑구,9,988.0,817.0,1400.0,96,121,372476.3684129032,348056.1266193549,321352.03102580644,93512.08557419354,354625.58369677415,383025.1835741936,329634.4851225806,152366.62022580646,22920.37514516129,0.00289616566706869,1078.7532699918788,936.0
2021-10-01,중랑구,10,936.0,951.0,1585.0,96,121,373678.0944533333,349262.5591533333,322238.51406333334,92661.87030666666,355854.6836466667,384465.47536333336,330901.90853,155713.83469,25529.498333333333,0.00289616566706869,1082.2336676913949,944.0
2021-11-01,중랑구,11,944.0,884.0,1468.0,96,121,373346.98847741936,347654.2801645161,318710.6795096774,91615.62426451613,354483.1957129032,384655.2807419355,328073.8858806452,153010.31320645162,24116.87663870968,0.00289616566706869,1081.2747299317916,908.0
2021-12-01,중랑구,12,908.0,888.0,1380.0,96,121,372627.77861,346455.3748066667,316115.69850666664,93048.44801,352838.73064666666,384852.5396566667,325134.0634933333,157562.11612666666,25843.91289,0.00289616566706869,1079.1917790063546,846.0
2022-01-01,중랑구,1,846.0,843.0,1452.0,67,81,375708.6430129032,350802.16063548386,323587.27916451613,90615.53974193548,357314.2986064516,386546.4848,331562.2164483871,152850.53502258065,24864.48283870968,0.00289616566706869,1088.1144727149372,937.0
2022-02-01,중랑구,2,937.0,808.0,1343.0,67,81,377110.7261903226,352708.6704870968,326312.54736774194,89805.66707096774,359356.3129903226,387041.73555161286,334500.1345354839,151686.41992903224,25528.45930645161,0.00289616566706869,1092.1751378757538,920.0
2022-03-01,중랑구,3,920.0,885.0,1435.0,67,81,379655.9173714286,355929.55040714284,330744.68648214283,90216.68378928571,362628.03765,389338.05390357145,338789.0060642857,150860.70336071428,24551.55465714286,0.00289616566706869,1099.546433190599,1154.0
2022-04-01,중랑구,4,1154.0,926.0,1447.0,67,81,378642.7788870968,354327.9091548387,327822.14899677417,87928.67091290322,360938.9487645161,389081.2218032258,336153.58657741937,146072.64228064514,22885.61207741935,0.00289616566706869,1096.612216296291,1141.0
2022-05-01,중랑구,5,1141.0,991.0,1505.0,67,81,374934.9638633333,346727.96873666666,314023.58192,91643.41738666668,353822.5579866666,388027.8528733334,324265.1897666667,153995.46401333337,24500.29292666667,0.00289616566706869,1085.8737697246258,1141.0
2022-06-01,중랑구,6,1141.0,1048.0,1622.0,67,81,378990.7306387097,351319.85959354835,318664.9147354838,91039.75688387096,357962.3208354839,392662.0184129032,328522.54712258064,156905.95650967743,26415.997845161288,0.00289616566706869,1097.6199422131087,1066.0
2022-07-01,중랑구,7,1066.0,972.0,1583.0,67,81,382041.1341966667,354049.8496233334,321095.37222333334,91151.56167,360805.0219166667,395983.2456566666,331074.4647466667,153835.45556,25276.80538,0.00289616566706869,1106.454416268368,1290.0
2022-08-01,중랑구,8,1290.0,988.0,1594.0,67,81,371829.2278806452,345026.7262612903,314777.7528645161,86264.98252580645,351692.2674451613,385060.2311419355,323500.52282580646,145981.5014580645,24462.22489677419,0.00289616566706869,1076.8790438005847,1373.0
2022-09-01,중랑구,9,1373.0,936.0,1568.0,67,81,368278.6232645161,341509.3709290323,310928.5496935484,85935.86430967742,348141.2656774193,380960.21741290326,319948.9650548387,144057.51222903226,23657.681777419355,0.00289616566706869,1066.595904614016,1236.0
2022-10-01,중랑구,10,1236.0,944.0,1525.0,67,81,370239.39886666666,343257.00492000004,311934.29932,83622.9198,349934.98924333334,383174.37837,321508.81577,145912.61498666665,26152.69234,0.00289616566706869,1072.2746355937904,1195.0
2022-11-01,중랑구,11,1195.0,908.0,1501.0,67,81,370279.0131516129,342772.95292258065,309901.6801516129,81538.71903548387,349558.0058935484,383029.9482129032,320548.5957451613,140821.1245451613,24339.693677419356,0.00289616566706869,1072.3893651257772,1144.0
2022-12-01,중랑구,12,1144.0,846.0,1557.0,67,81,370615.19381,342575.44066333334,309003.5102866666,83902.10486,349077.9354533333,383697.4635633333,318925.7737566667,145159.25603333334,24957.211923333336,0.00289616566706869,1073.3630000065305,1218.0
2023-01-01,중랑구,1,1218.0,937.0,1503.0,94,164,373663.1780387096,347675.2914290322,318210.45535161294,81699.66800967742,354259.3115387097,385764.027467742,327093.89842580643,141622.81375483872,25110.551748387094,0.00289616566706869,1082.190467283486,1159.0
2023-02-01,중랑구,2,1159.0,920.0,1551.0,94,164,375332.5664419356,350368.3222516129,323365.1016,81853.4270967742,357228.61092903226,386711.3203741936,331883.0732387097,141741.50066451615,26105.9133516129,0.00289616566706869,1087.0252926619119,1000.0
2023-03-01,중랑구,3,1000.0,1154.0,2052.0,94,164,374963.6843571429,347858.45292857144,316045.80455,82864.50494642857,354389.6348357143,387292.0892071429,325585.9654642857,142767.09849642857,25513.371460714287,0.00289616566706869,1085.9569490327383,1164.0
2023-04-01,중랑구,4,1164.0,1141.0,1810.0,94,164,371510.49673225806,343953.52304838714,309728.9459741936,79544.57417741936,350145.61237741937,384137.17323225806,320234.7742580645,139527.2108129032,25229.73018709677,0.00289616566706869,1075.9559455916005,1164.0
2023-05-01,중랑구,5,1164.0,1141.0,1930.0,94,164,368924.1106833333,340921.84638,306279.93077000004,83412.3911,347324.68479666667,381912.56468,317085.48857,145145.8671166667,25721.12351333333,0.00289616566706869,1068.465343114919,1244.0
2023-06-01,중랑구,6,1244.0,1066.0,1762.0,94,164,367349.2963838709,340822.56328709674,309508.1803451613,81531.34090000001,347190.01852903224,380194.6546387097,318967.0295709677,144907.7866064516,26255.49164193548,0.00289616566706869,1063.9044200088072,1230.0
2023-07-01,중랑구,7,1230.0,1290.0,2015.0,94,164,366328.60522666667,338947.4837733333,305815.31512000004,82858.60066,345216.24198333337,379884.9809533333,315658.9334366667,142928.30176333335,25158.99426,0.00289616566706869,1060.9483293226317,1340.0
2023-08-01,중랑구,8,1340.0,1373.0,2152.0,94,164,368211.9696451613,341568.7414838709,310854.90600645164,80658.33629354839,348161.7836516129,380913.5004483871,320091.5232870968,138867.90902903225,24887.33742903226,0.00289616566706869,1066.4028646900547,1322.0
2023-09-01,중랑구,9,1322.0,1236.0,1959.0,94,164,363036.28548064514,336450.43009354844,304825.49775806454,80803.88611935485,342738.5849967742,376213.84179032256,314321.80432258063,136928.12504516132,23640.41345483871,0.00289616566706869,1051.4132259091919,1229.0
2023-10-01,중랑구,10,1229.0,1195.0,1865.0,94,164,366049.74937,339970.72145333333,308909.88799,79999.43266666666,346204.31342333334,379537.23144,318420.70313333336,141130.82733666667,26764.325363333333,0.00289616566706869,1060.1407165644928,1250.0
2023-11-01,중랑구,11,1250.0,1144.0,1824.0,94,164,364578.1802064516,337434.2420516129,303802.5302935484,79754.56811935484,343665.9459064516,377699.4874838709,314388.8179096774,137709.12093870968,24651.273741935485,0.00289616566706869,1055.8788084763069,1124.0
2023-12-01,중랑구,12,1124.0,1218.0,1993.0,94,164,366197.18533,338055.1939566667,303656.80712666665,80678.19149000001,344146.17806,381618.2390566667,313274.76789333334,143137.81216,27499.056226666667,0.00289616566706869,1060.567715529936,1241.0
2024-01-01,중랑구,1,1241.0,1159.0,1911.0,78,197,374104.5997419355,347052.45289354835,316451.62867096777,78699.5766064516,353912.24549032253,390587.9499064516,325642.9495451613,142758.06120645162,29565.95784516129,0.00289616566706869,1083.4688976650677,1155.0
2024-02-01,중랑구,2,1155.0,1000.0,1717.0,78,197,370994.5158225806,344800.5484870968,314055.0608225806,76538.58026774193,351246.7592838709,386192.2877580645,323599.90011935483,136113.2854903226,27446.73321935484,0.00289616566706869,1074.4615793961298,1014.0
2024-03-01,중랑구,3,1014.0,1164.0,1907.0,78,197,370358.6818896552,344387.6356103449,313643.1405724138,79344.4832,350863.5016896552,383411.4993,323570.2494344828,140486.60214137932,27943.301944827585,0.00289616566706869,1072.6200989896338,980.0
2024-04-01,중랑구,4,980.0,1164.0,1926.0,78,197,368746.8465064516,341622.0135322581,308181.6704548387,78522.44753225807,347868.37072903226,382128.01381290326,318638.5046580645,138193.3553483871,26449.4301,0.00289616566706869,1067.9519566918332,981.0
2024-05-01,중랑구,5,981.0,1244.0,2082.0,78,197,363911.9611633333,335572.57301000005,299862.66188333335,82518.58787333334,341741.21476666664,377944.6498733333,310702.16986,142672.60406333333,24755.164926666665,0.00289616566706869,1053.9493277568804,979.0
2024-06-01,중랑구,6,979.0,1230.0,2011.0,78,197,361289.7167064516,335035.14407741936,302789.7753935484,72527.12886129033,341125.6253,374197.8225193548,312895.89730322576,130469.42367096774,24606.8312516129,0.00289616566706869,1046.3548733901985,969.0
2024-07-01,중랑구,7,969.0,1340.0,2226.0,78,197,358965.62438666663,332719.55225,301126.86394333333,72530.27309666667,338962.89887,371927.6588766667,310959.08312666666,128354.38019333332,23869.988983333333,0.00289616566706869,1039.6239170065392,1000.0
2024-08-01,중랑구,8,1000.0,1322.0,2278.0,78,197,358234.4071516129,331360.29369677417,299487.5822129032,71782.15969032257,337716.9956580645,370502.0337483871,308992.6195645161,126099.99056129032,23558.233112903225,0.00289616566706869,1037.5061907552076,967.0
2024-09-01,중랑구,9,967.0,1229.0,2044.0,78,197,352044.5470870968,326122.07733548386,295239.0600677419,71828.51778709677,332296.3616967742,364421.79658387095,304648.9021419355,124750.54370967744,22636.85145483871,0.00289616566706869,1019.5793305523964,809.0
2024-10-01,중랑구,10,809.0,1250.0,2047.0,78,197,353638.08143333334,328841.3237766667,299837.8975866667,76403.84125999999,335133.78652333334,365546.1321166667,309227.7736633333,135414.07218,25552.051706666665,0.00289616566706869,1024.1944700152615,801.0
2024-11-01,중랑구,11,801.0,1124.0,1800.0,78,197,355469.1103032257,328493.4802,294958.8484774193,74410.58429032257,334763.93334516126,367523.1714354839,305776.6856064516,130686.5621,23553.5447,0.00289616566706869,1029.4974329636552,760.0
2024-12-01,중랑구,12,760.0,1241.0,2071.0,78,197,355218.98121666664,328205.47434333334,295143.40887000004,76589.42687000001,334518.9990266666,367195.05728,305539.02399,135692.31114666667,24998.34431,0.00289616566706869,1028.7730176908278,830.0
2025-01-01,중랑구,1,830.0,1155.0,1781.0,55,178,356776.92185806454,331685.632916129,302234.0603451613,74494.80967741935,338069.04741935484,368483.5031193548,311878.02317096776,132170.07513548387,24881.364496774197,0.00289616566706869,1033.2850718877753,862.0
2025-02-01,중랑구,2,862.0,1014.0,1657.0,55,178,359341.9202774193,336283.9927225806,311221.11702903226,73766.19322903226,342843.5942032258,369173.4936838709,319745.9377,130317.85525806452,24894.20533548387,0.00289616566706869,1040.7137322459962,760.0
2025-03-01,중랑구,3,760.0,980.0,1824.0,55,178,360005.5104035715,333937.8070142857,303898.83367857145,75123.867525,340456.71745714283,370789.83682142856,313088.40735,129471.59901785714,22915.87476428572,0.00289616566706869,1042.6355991863638,848.0
2025-04-01,중랑구,4,848.0,981.0,1861.0,55,178,357175.3669612904,331472.22382580646,300826.1764516129,71670.39018387097,337840.249016129,368160.32927096775,310771.0839,127312.2786064516,23636.388016129036,0.00289616566706869,1034.4390349159498,878.0
2025-05-01,중랑구,5,878.0,979.0,1869.0,55,178,353726.97238,326206.17742333334,292579.9695933333,77399.80488333333,332542.40460666665,365992.4672633333,302884.0097233333,135365.26202666666,23671.46915,0.00289616566706869,1024.4519129231107,936.0
2025-06-01,중랑구,6,936.0,969.0,1992.0,55,178,352451.8755612903,326762.2784,296449.35464193544,74142.44337419355,333132.6061741936,364237.20966451615,306085.62903225806,131970.26807096775,23953.60973870968,0.00289616566706869,1020.7590212945752,921.0
2025-07-01,중랑구,7,921.0,1000.0,2021.0,55,178,352825.44128333335,327223.83405,297127.00892,77694.94678666667,333518.47998666664,364609.7286866667,306488.7341666667,133830.13941666667,22983.40188,0.00289616566706869,1021.84092951315,993.0
2025-08-01,중랑구,8,993.0,967.0,2157.0,55,178,352227.4382032258,325666.0351290323,294889.8513290323,76803.62384193548,332115.91724193544,364492.7265806452,303959.7878967742,131564.80137096773,22562.544441935483,0.00289616566706869,1020.1090135237412,926.0
2025-09-01,중랑구,9,926.0,809.0,1763.0,55,178,349795.7781451613,324598.04960967746,295609.210283871,77533.89507096774,330988.5941612903,361583.9853645161,304658.53658387094,132212.79294193548,22699.9711,0.00289616566706869,1013.0665231495924,928.0
2025-10-01,중랑구,10,928.0,801.0,1751.0,55,178,351965.4289333334,324628.36953,291994.34287,78109.14516333333,330940.28797,364404.59795666666,301505.09064,135573.49841,23923.31514,0.00289616566706869,1019.350191271825,944.0
2025-11-01,중랑구,11,944.0,760.0,1649.0,55,178,351214.77463225805,325626.49263870966,295551.5649741936,72713.44980967742,332109.4694064516,364570.37097096775,305362.0420903226,130778.60987419356,25231.407293548385,0.00289616566706869,1017.1761720572132,908.0
2025-12-01,중랑구,12,908.0,830.0,1787.0,55,178,351780.38611333334,325443.8767866667,293469.37430333334,74495.79050999999,331663.58219333336,363742.28279,303500.0567133333,131028.72888333332,23538.61378,0.00289616566706869,1018.8142766096033,970.0
